Price,Adj Close,Close,High,Low,Open,Volume
Ticker,ADI,ADI,ADI,ADI,ADI,ADI
Date,,,,,,
2021-09-10,156.322265625,169.94000244140625,172.08999633789062,169.5500030517578,169.60000610351562,4280800
2021-09-13,158.96231079101562,172.80999755859375,173.13999938964844,170.3000030517578,171.58999633789062,7431700
2021-09-14,159.5694122314453,173.47000122070312,174.10000610351562,171.5399932861328,173.5399932861328,5335200
2021-09-15,160.13052368164062,174.0800018310547,174.4600067138672,172.0800018310547,173.94000244140625,4498500
2021-09-16,159.33026123046875,173.2100067138672,174.4600067138672,172.42999267578125,172.42999267578125,4582700
2021-09-17,157.7757110595703,171.52000427246094,173.02000427246094,170.2899932861328,171.39999389648438,13056400
2021-09-20,155.899169921875,169.47999572753906,170.75999450683594,167.02999877929688,170.10000610351562,10189700
2021-09-21,156.90179443359375,170.57000732421875,171.63999938964844,168.24000549316406,170.82000732421875,4011300
2021-09-22,159.9189453125,173.85000610351562,174.25999450683594,171.22999572753906,172.0,3484500
2021-09-23,163.02810668945312,177.22999572753906,177.7899932861328,174.14999389648438,174.5,3391900
2021-09-24,164.2239532470703,178.52999877929688,178.83999633789062,175.83999633789062,176.5500030517578,2393300
2021-09-27,162.73374938964844,176.91000366210938,178.1300048828125,175.60000610351562,177.27000427246094,4497200
2021-09-28,157.5640869140625,171.2899932861328,174.8800048828125,171.17999267578125,172.27999877929688,5494000
2021-09-29,155.31045532226562,168.83999633789062,171.8300018310547,168.1199951171875,170.5399932861328,3498400
2021-09-30,154.05941772460938,167.47999572753906,171.25999450683594,167.36000061035156,170.36000061035156,4820600
2021-10-01,153.95819091796875,167.3699951171875,168.8800048828125,164.75999450683594,167.8300018310547,3549200
2021-10-04,151.097412109375,164.25999450683594,167.6999969482422,163.64999389648438,166.74000549316406,5377500
2021-10-05,152.11846923828125,165.3699951171875,166.72999572753906,163.9600067138672,165.24000549316406,2899100
2021-10-06,152.74400329589844,166.0500030517578,166.27000427246094,163.13999938964844,163.77999877929688,2754000
2021-10-07,153.59947204589844,166.97999572753906,169.2899932861328,166.74000549316406,167.42999267578125,2174100
2021-10-08,155.1080322265625,168.6199951171875,168.9499969482422,166.67999267578125,168.47999572753906,3145900
2021-10-11,154.4457244873047,167.89999389648438,171.5399932861328,167.8000030517578,168.1199951171875,1964800
2021-10-12,150.87664794921875,164.02000427246094,169.57000732421875,163.82000732421875,168.50999450683594,3018000
2021-10-13,151.1802215576172,164.35000610351562,166.7100067138672,163.57000732421875,165.9600067138672,3416600
2021-10-14,154.72171020507812,168.1999969482422,168.60000610351562,166.1300048828125,166.52000427246094,5043100
2021-10-15,158.25399780273438,172.0399932861328,172.10000610351562,169.72000122070312,170.02999877929688,2887000
2021-10-18,159.44061279296875,173.3300018310547,173.66000366210938,169.72000122070312,170.3800048828125,2541500
2021-10-19,162.47621154785156,176.6300048828125,176.75,172.5500030517578,173.74000549316406,3336700
2021-10-20,162.74293518066406,176.9199981689453,177.86000061035156,175.9199981689453,176.91000366210938,3025800
2021-10-21,164.48147583007812,178.80999755859375,179.0500030517578,176.13999938964844,176.66000366210938,2744000
2021-10-22,164.1227264404297,178.4199981689453,180.77000427246094,177.67999267578125,179.24000549316406,3074300
2021-10-25,166.05450439453125,180.52000427246094,181.10000610351562,178.4199981689453,178.5800018310547,2498200
2021-10-26,165.46572875976562,179.8800048828125,182.38999938964844,179.63999938964844,181.97000122070312,2209200
2021-10-27,156.80062866210938,170.4600067138672,175.0,170.0,174.11000061035156,6263900
2021-10-28,158.64036560058594,172.4600067138672,174.35000610351562,171.52999877929688,172.25999450683594,2781100
2021-10-29,159.58779907226562,173.49000549316406,173.86000061035156,170.58999633789062,171.39999389648438,3137400
2021-11-01,160.96762084960938,174.99000549316406,175.25,172.91000366210938,173.17999267578125,2180700
2021-11-02,163.6811981201172,177.94000244140625,178.25,174.6999969482422,174.99000549316406,2405800
2021-11-03,164.47232055664062,178.8000030517578,179.27000427246094,175.8699951171875,177.4199981689453,1997700
2021-11-04,166.24766540527344,180.72999572753906,180.9600067138672,176.25,179.0,5252700
2021-11-05,169.4211883544922,184.17999267578125,186.10000610351562,182.1999969482422,183.75,3415700
2021-11-08,169.6787567138672,184.4600067138672,185.94000244140625,183.36000061035156,183.47000122070312,2582300
2021-11-09,170.1754608154297,185.0,185.88999938964844,182.82000732421875,184.32000732421875,2508500
2021-11-10,166.36720275878906,180.86000061035156,185.5,180.0399932861328,183.0,2735500
2021-11-11,168.42774963378906,183.10000610351562,183.3699951171875,180.42999267578125,183.22999572753906,1703300
2021-11-12,169.98231506347656,184.7899932861328,185.6999969482422,181.5500030517578,183.57000732421875,1847600
2021-11-15,170.23068237304688,185.05999755859375,185.72000122070312,183.74000549316406,185.72000122070312,1337200
2021-11-16,172.6315460205078,187.6699981689453,187.85000610351562,184.5,184.5800018310547,2126300
2021-11-17,172.052001953125,187.0399932861328,188.10000610351562,185.5399932861328,188.02999877929688,2242300
2021-11-18,173.01783752441406,188.08999633789062,188.69000244140625,185.99000549316406,188.10000610351562,2091800
2021-11-19,173.67098999023438,188.8000030517578,190.0,187.72000122070312,188.08999633789062,3299800
2021-11-22,170.6354217529297,185.5,191.9499969482422,185.36000061035156,190.0,5228600
2021-11-23,167.82980346679688,182.4499969482422,188.0,180.22999572753906,186.25,4976400
2021-11-24,167.8482208251953,182.47000122070312,182.50999450683594,179.6699981689453,181.4499969482422,2914800
2021-11-26,163.73641967773438,178.0,180.41000366210938,176.77999877929688,179.0,2539100
2021-11-29,168.51974487304688,183.1999969482422,183.69000244140625,178.4499969482422,180.5399932861328,4374800
2021-11-30,165.8061065673828,180.25,184.25999450683594,178.91000366210938,182.61000061035156,4561800
2021-12-01,166.34881591796875,180.83999633789062,188.1999969482422,180.64999389648438,182.27999877929688,4831300
2021-12-02,166.79205322265625,180.6300048828125,182.52999877929688,178.0,180.0,3795600
2021-12-03,166.93980407714844,180.7899932861328,183.9499969482422,178.7100067138672,182.97000122070312,2958600
2021-12-06,167.18910217285156,181.05999755859375,182.6699981689453,176.19000244140625,182.32000732421875,3938200
2021-12-07,172.3416290283203,186.63999938964844,187.69000244140625,183.58999633789062,183.6699981689453,4850000
2021-12-08,171.9907684326172,186.25999450683594,186.52000427246094,184.3300018310547,185.75999450683594,3167800
2021-12-09,169.60838317871094,183.67999267578125,187.66000366210938,183.47999572753906,184.92999267578125,3457800
2021-12-10,169.37754821777344,183.42999267578125,186.5,181.1300048828125,186.41000366210938,2570800
2021-12-13,164.7975311279297,178.47000122070312,184.66000366210938,178.22000122070312,183.4499969482422,4457700
2021-12-14,162.7753143310547,176.27999877929688,178.24000549316406,173.58999633789062,176.9499969482422,3770900
2021-12-15,165.77633666992188,179.52999877929688,179.67999267578125,174.13999938964844,177.61000061035156,3598700
2021-12-16,159.37725830078125,172.60000610351562,180.8000030517578,172.16000366210938,180.14999389648438,4817300
2021-12-17,157.07797241210938,170.11000061035156,172.4199981689453,169.0399932861328,171.1199951171875,7659800
2021-12-20,155.42514038085938,168.32000732421875,169.1199951171875,166.35000610351562,166.83999633789062,4087400
2021-12-21,158.89706420898438,172.0800018310547,172.33999633789062,168.92999267578125,170.1199951171875,3018100
2021-12-22,159.09097290039062,172.2899932861328,172.6199951171875,170.97999572753906,171.64999389648438,2025500
2021-12-23,159.43263244628906,172.66000366210938,174.44000244140625,172.57000732421875,172.8000030517578,2026200
2021-12-27,162.02737426757812,175.47000122070312,175.52999877929688,173.00999450683594,173.00999450683594,2134900
2021-12-28,161.0208740234375,174.3800048828125,176.7899932861328,174.02999877929688,176.4199981689453,1634800
2021-12-29,162.07351684570312,175.52000427246094,176.5500030517578,174.52999877929688,174.52999877929688,1685500
2021-12-30,161.3902130126953,174.77999877929688,176.9600067138672,174.47000122070312,176.0,1638600
2021-12-31,162.30438232421875,175.77000427246094,176.66000366210938,174.5800018310547,174.75,1917200
2022-01-03,163.57862854003906,177.14999389648438,177.60000610351562,174.75,175.1699981689453,2667500
2022-01-04,162.1012420654297,175.5500030517578,179.52000427246094,174.1199951171875,177.67999267578125,3889300
2022-01-05,159.5988311767578,172.83999633789062,177.17999267578125,172.72999572753906,175.32000732421875,3655200
2022-01-06,160.106689453125,173.38999938964844,174.9600067138672,172.0399932861328,173.10000610351562,3584400
2022-01-07,155.90528869628906,168.83999633789062,173.75999450683594,166.0,173.10000610351562,6747500
2022-01-10,157.3457794189453,170.39999389648438,170.72999572753906,165.3800048828125,168.11000061035156,6017100
2022-01-11,160.3283233642578,173.6300048828125,174.02999877929688,168.4600067138672,168.77000427246094,3789300
2022-01-12,160.43914794921875,173.75,175.38999938964844,171.97000122070312,175.38999938964844,1993400
2022-01-13,156.7732391357422,169.77999877929688,176.27000427246094,169.24000549316406,175.61000061035156,3954000
2022-01-14,158.82321166992188,172.0,172.1199951171875,168.08999633789062,168.41000366210938,2869600
2022-01-18,153.7445526123047,166.5,170.1199951171875,166.1699981689453,168.69000244140625,4160300
2022-01-19,150.56805419921875,163.05999755859375,168.7899932861328,162.97000122070312,167.10000610351562,3736600
2022-01-20,146.4774932861328,158.6300048828125,164.75999450683594,158.60000610351562,163.82000732421875,4021300
2022-01-21,147.29930114746094,159.52000427246094,162.67999267578125,156.9600067138672,158.82000732421875,5547500
2022-01-24,149.0721893310547,161.44000244140625,161.72000122070312,151.47000122070312,159.00999450683594,6665200
2022-01-25,143.83656311035156,155.77000427246094,159.58999633789062,155.4199981689453,157.38999938964844,4064200
2022-01-26,147.53016662597656,159.77000427246094,165.10000610351562,157.33999633789062,159.0,5850000
2022-01-27,142.74697875976562,154.58999633789062,163.75,154.0399932861328,162.60000610351562,4691100
2022-01-28,146.4774932861328,158.6300048828125,158.7100067138672,151.17999267578125,154.1199951171875,3839700
2022-01-31,151.4084014892578,163.97000122070312,164.22999572753906,157.2100067138672,158.32000732421875,4504800
2022-02-01,152.70111083984375,165.3699951171875,165.5,161.0500030517578,164.10000610351562,3038000
2022-02-02,155.96995544433594,168.91000366210938,169.42999267578125,164.89999389648438,165.42999267578125,2824500
2022-02-03,149.60777282714844,162.02000427246094,167.6199951171875,161.57000732421875,165.63999938964844,4452100
2022-02-04,148.6935577392578,161.02999877929688,162.3800048828125,156.77000427246094,160.14999389648438,5174400
2022-02-07,148.4997100830078,160.82000732421875,163.25,160.3000030517578,161.0800018310547,2443300
2022-02-08,150.6326904296875,163.1300048828125,163.67999267578125,160.39999389648438,160.92999267578125,3173200
2022-02-09,155.32357788085938,168.2100067138672,168.33999633789062,163.47999572753906,165.3800048828125,3207900
2022-02-10,149.2845458984375,161.6699981689453,168.3300018310547,161.02999877929688,163.82000732421875,3462600
2022-02-11,142.1098175048828,153.89999389648438,163.27999877929688,153.0800018310547,161.9600067138672,5455500
2022-02-14,142.18373107910156,153.97999572753906,157.08999633789062,151.52000427246094,154.9199981689453,4501500
2022-02-15,149.6262664794922,162.0399932861328,162.33999633789062,157.10000610351562,157.27000427246094,4909600
2022-02-16,155.443603515625,168.33999633789062,168.88999938964844,161.57000732421875,161.88999938964844,5825200
2022-02-17,148.13955688476562,160.42999267578125,166.27000427246094,160.3300018310547,166.1300048828125,4702700
2022-02-18,148.07492065429688,160.36000061035156,162.6999969482422,158.57000732421875,161.11000061035156,3921600
2022-02-22,148.5550994873047,160.8800048828125,162.8800048828125,158.2899932861328,158.89999389648438,4269500
2022-02-23,144.5014190673828,156.49000549316406,163.5,156.1699981689453,162.07000732421875,5087000
2022-02-24,148.26864624023438,159.7899932861328,160.0,152.02999877929688,154.3300018310547,4152200
2022-02-25,150.43067932128906,162.1199951171875,162.17999267578125,157.6699981689453,159.8800048828125,2741600
2022-02-28,148.7326202392578,160.2899932861328,161.3300018310547,157.24000549316406,161.3300018310547,3606900
2022-03-01,145.63343811035156,156.9499969482422,160.75,155.5500030517578,159.52999877929688,3761800
2022-03-02,148.29652404785156,159.82000732421875,161.52999877929688,157.11000061035156,157.47000122070312,2578700
2022-03-03,147.7954559326172,159.27999877929688,161.6999969482422,156.97000122070312,161.4600067138672,2656100
2022-03-04,145.54063415527344,156.85000610351562,159.27000427246094,155.75,157.67999267578125,2778600
2022-03-07,135.73277282714844,146.27999877929688,157.33999633789062,146.2100067138672,157.02000427246094,5701300
2022-03-08,137.81126403808594,148.52000427246094,152.77999877929688,143.85000610351562,146.02000427246094,4745200
2022-03-09,142.54354858398438,153.6199951171875,155.05999755859375,151.3000030517578,153.08999633789062,3046300
2022-03-10,139.7041778564453,150.55999755859375,151.7899932861328,147.85000610351562,150.85000610351562,4035700
2022-03-11,136.95762634277344,147.60000610351562,153.77999877929688,147.2899932861328,153.1999969482422,3964300
2022-03-14,135.129638671875,145.6300048828125,148.83999633789062,143.80999755859375,147.52000427246094,3910500
2022-03-15,140.0382537841797,150.9199981689453,151.4600067138672,146.41000366210938,147.32000732421875,3309900
2022-03-16,147.13665771484375,158.57000732421875,158.75,152.52999877929688,153.08999633789062,4376200
2022-03-17,148.44497680664062,159.97999572753906,160.0500030517578,155.75999450683594,156.8699951171875,4272400
2022-03-18,151.66476440429688,163.4499969482422,163.94000244140625,157.08999633789062,158.55999755859375,9901900
2022-03-21,152.3792266845703,164.22000122070312,164.74000549316406,161.47000122070312,161.8000030517578,3258900
2022-03-22,152.88958740234375,164.77000427246094,166.49000549316406,163.4199981689453,163.7899932861328,2568300
2022-03-23,147.66554260253906,159.13999938964844,164.30999755859375,158.7899932861328,163.3800048828125,3409900
2022-03-24,153.06590270996094,164.9600067138672,165.05999755859375,159.86000061035156,160.82000732421875,3152200
2022-03-25,153.68759155273438,165.6300048828125,165.9199981689453,162.86000061035156,165.05999755859375,2236300
2022-03-28,155.20005798339844,167.25999450683594,167.4499969482422,163.35000610351562,164.17999267578125,2745200
2022-03-29,157.9095001220703,170.17999267578125,171.55999755859375,167.72999572753906,169.0500030517578,3127700
2022-03-30,154.47630310058594,166.47999572753906,170.0,165.77999877929688,168.77999877929688,2689100
2022-03-31,153.27003479003906,165.17999267578125,167.94000244140625,165.0800018310547,166.9600067138672,3881500
2022-04-01,153.43704223632812,165.36000061035156,167.13999938964844,162.85000610351562,166.5,2941000
2022-04-04,152.63905334472656,164.5,165.9499969482422,161.72000122070312,165.1699981689453,4159600
2022-04-05,148.44497680664062,159.97999572753906,163.50999450683594,155.8699951171875,162.50999450683594,7223600
2022-04-06,148.72332763671875,160.27999877929688,164.27999877929688,157.27000427246094,157.4199981689453,6036000
2022-04-07,149.62339782714844,161.25,162.91000366210938,159.13999938964844,159.27000427246094,3161800
2022-04-08,147.29437255859375,158.74000549316406,161.00999450683594,158.39999389648438,160.4600067138672,3025000
2022-04-11,143.7219696044922,154.88999938964844,158.08999633789062,154.69000244140625,157.6699981689453,3693700
2022-04-12,144.28797912597656,155.5,159.55999755859375,154.99000549316406,157.3300018310547,2580000
2022-04-13,146.71905517578125,158.1199951171875,158.9600067138672,155.2100067138672,156.72000122070312,2335200
2022-04-14,145.2158966064453,156.5,159.86000061035156,156.2899932861328,158.3699951171875,5228700
2022-04-18,148.7790069580078,160.33999633789062,161.25,156.1699981689453,156.27999877929688,2728500
2022-04-19,150.61627197265625,162.32000732421875,162.8000030517578,158.61000061035156,160.33999633789062,2674700
2022-04-20,149.74404907226562,161.3800048828125,165.55999755859375,160.5399932861328,164.4600067138672,2582400
2022-04-21,147.26654052734375,158.7100067138672,164.67999267578125,157.97000122070312,162.5,3555000
2022-04-22,144.05599975585938,155.25,159.6300048828125,155.1699981689453,157.97999572753906,2640400
2022-04-25,147.46141052246094,158.9199981689453,159.14999389648438,153.75999450683594,154.19000244140625,4487500
2022-04-26,141.79196166992188,152.80999755859375,157.32000732421875,152.74000549316406,156.92999267578125,3661200
2022-04-27,140.780517578125,151.72000122070312,155.72999572753906,149.67999267578125,150.0,3077300
2022-04-28,148.88107299804688,160.4499969482422,162.27000427246094,153.72999572753906,154.1300048828125,4156000
2022-04-29,143.24876403808594,154.3800048828125,159.72000122070312,154.24000549316406,158.0399932861328,4835800
2022-05-02,146.7469024658203,158.14999389648438,158.5399932861328,152.7899932861328,155.33999633789062,2865900
2022-05-03,147.4149932861328,158.8699951171875,159.7100067138672,156.50999450683594,157.8800048828125,2441900
2022-05-04,152.88958740234375,164.77000427246094,164.9199981689453,154.25999450683594,158.67999267578125,3940400
2022-05-05,146.83042907714844,158.24000549316406,163.3699951171875,156.50999450683594,162.02000427246094,3961500
2022-05-06,144.87255859375,156.1300048828125,158.77000427246094,154.35000610351562,156.5500030517578,2710400
2022-05-09,141.27232360839844,152.25,156.02999877929688,151.77999877929688,154.1999969482422,4123100
2022-05-10,144.02821350097656,155.22000122070312,158.50999450683594,152.64999389648438,155.94000244140625,3157800
2022-05-11,141.0310516357422,151.99000549316406,157.30999755859375,151.75,153.42999267578125,3861700
2022-05-12,141.8661651611328,152.88999938964844,153.67999267578125,149.97000122070312,151.0399932861328,3117700
2022-05-13,147.29437255859375,158.74000549316406,159.6999969482422,153.8800048828125,155.0399932861328,4783200
2022-05-16,146.08811950683594,157.44000244140625,159.17999267578125,155.5800018310547,157.22999572753906,2328400
2022-05-17,152.02664184570312,163.83999633789062,164.3800048828125,160.6199951171875,160.99000549316406,4952200
2022-05-18,148.3892822265625,159.9199981689453,166.3300018310547,159.24000549316406,166.3300018310547,5684400
2022-05-19,149.33575439453125,160.94000244140625,164.1699981689453,159.0800018310547,160.85000610351562,3812600
2022-05-20,150.72763061523438,162.44000244140625,165.16000366210938,156.72000122070312,163.60000610351562,3977400
2022-05-23,149.9017333984375,161.5500030517578,163.5,159.8800048828125,161.6199951171875,2291100
2022-05-24,150.18014526367188,161.85000610351562,163.25,158.80999755859375,159.8800048828125,3172000
2022-05-25,150.61627197265625,162.32000732421875,163.24000549316406,159.33999633789062,160.47000122070312,2500300
2022-05-26,152.1751251220703,164.0,165.88999938964844,161.41000366210938,162.36000061035156,3820100
2022-05-27,156.19296264648438,167.5500030517578,168.16000366210938,164.1699981689453,165.49000549316406,4942300
2022-05-31,156.9853515625,168.39999389648438,169.58999633789062,163.58999633789062,166.89999389648438,5102500
2022-06-01,153.6013946533203,164.77000427246094,169.30999755859375,163.32000732421875,169.17999267578125,3283600
2022-06-02,157.7684326171875,169.24000549316406,169.41000366210938,163.67999267578125,164.50999450683594,2637700
2022-06-03,154.03955078125,165.24000549316406,166.97999572753906,164.80999755859375,166.58999633789062,2539100
2022-06-06,154.0675048828125,165.27000427246094,168.8300018310547,164.55999755859375,167.35000610351562,2273800
2022-06-07,155.63365173339844,166.9499969482422,167.33999633789062,162.83999633789062,163.74000549316406,2108000
2022-06-08,153.8251495361328,165.00999450683594,167.9600067138672,163.92999267578125,165.86000061035156,2928800
2022-06-09,150.65557861328125,161.61000061035156,167.02999877929688,161.50999450683594,163.99000549316406,3144800
2022-06-10,146.2834930419922,156.9199981689453,160.17999267578125,156.80999755859375,158.35000610351562,3369800
2022-06-13,137.7537384033203,147.77000427246094,154.42999267578125,147.3300018310547,153.22999572753906,5861600
2022-06-14,137.19439697265625,147.1699981689453,150.13999938964844,146.0500030517578,149.2100067138672,2765000
2022-06-15,139.90716552734375,150.0800018310547,152.47000122070312,146.72999572753906,149.1699981689453,3263200
2022-06-16,133.73585510253906,143.4600067138672,146.36000061035156,141.69000244140625,146.36000061035156,4722800
2022-06-17,134.8265838623047,144.6300048828125,145.5,141.7899932861328,144.02000427246094,6723900
2022-06-21,138.29440307617188,148.35000610351562,150.2899932861328,147.2899932861328,147.3300018310547,3085600
2022-06-22,137.64181518554688,147.64999389648438,148.97999572753906,145.86000061035156,146.9499969482422,3720400
2022-06-23,135.6748809814453,145.5399932861328,149.2100067138672,143.94000244140625,149.02000427246094,2946000
2022-06-24,139.5435791015625,149.69000244140625,150.0500030517578,147.1999969482422,147.58999633789062,5108900
2022-06-27,140.38255310058594,150.58999633789062,152.3300018310547,149.5399932861328,151.10000610351562,2048300
2022-06-28,138.42489624023438,148.49000549316406,153.16000366210938,148.3699951171875,151.41000366210938,2786500
2022-06-29,137.28762817382812,147.27000427246094,147.50999450683594,144.75,146.91000366210938,2586600
2022-06-30,136.18760681152344,146.08999633789062,149.22000122070312,143.3000030517578,145.4499969482422,4158000
2022-07-01,133.22314453125,142.91000366210938,145.10000610351562,140.52000427246094,143.94000244140625,3175000
2022-07-05,133.37229919433594,143.07000732421875,143.1699981689453,138.5,139.89999389648438,3792500
2022-07-06,134.89183044433594,144.6999969482422,145.91000366210938,142.02999877929688,143.63999938964844,2708600
2022-07-07,138.49945068359375,148.57000732421875,149.67999267578125,147.24000549316406,147.7100067138672,2742600
2022-07-08,139.7766571044922,149.94000244140625,150.5399932861328,145.72000122070312,147.39999389648438,1997900
2022-07-11,137.5579376220703,147.55999755859375,149.25999450683594,146.25999450683594,148.17999267578125,2684900
2022-07-12,138.01470947265625,148.0500030517578,150.17999267578125,147.39999389648438,148.4600067138672,2305800
2022-07-13,139.07745361328125,149.19000244140625,149.97000122070312,145.19000244140625,145.49000549316406,2306900
2022-07-14,142.91818237304688,153.30999755859375,154.16000366210938,147.22000122070312,148.75,3794000
2022-07-15,147.2623291015625,157.97000122070312,158.27999877929688,153.3300018310547,153.83999633789062,3736600
2022-07-18,144.72669982910156,155.25,159.38999938964844,154.3699951171875,158.83999633789062,2930000
2022-07-19,150.50643920898438,161.4499969482422,162.0,156.8300018310547,156.92999267578125,3582000
2022-07-20,152.06324768066406,163.1199951171875,163.72000122070312,158.75999450683594,159.64999389648438,3126000
2022-07-21,153.99293518066406,165.19000244140625,165.24000549316406,162.27999877929688,164.3800048828125,2990800
2022-07-22,152.2030792236328,163.27000427246094,165.66000366210938,162.30999755859375,165.66000366210938,2944900
2022-07-25,151.9886474609375,163.0399932861328,163.14999389648438,160.27000427246094,162.9499969482422,3085800
2022-07-26,150.8140869140625,161.77999877929688,164.27000427246094,161.25999450683594,163.5500030517578,3151300
2022-07-27,156.92010498046875,168.3300018310547,169.6300048828125,163.25999450683594,163.25999450683594,4672500
2022-07-28,158.1692657470703,169.6699981689453,170.9499969482422,167.3000030517578,168.7100067138672,3880200
2022-07-29,160.3040771484375,171.9600067138672,172.72000122070312,167.7100067138672,168.39999389648438,4744400
2022-08-01,159.8379669189453,171.4600067138672,172.3699951171875,169.44000244140625,170.7100067138672,2277100
2022-08-02,159.19468688964844,170.77000427246094,172.52999877929688,169.61000061035156,170.27999877929688,2179600
2022-08-03,164.40579223632812,176.36000061035156,176.97999572753906,171.0,171.0,2766400
2022-08-04,164.96514892578125,176.9600067138672,177.9499969482422,175.13999938964844,176.3699951171875,2395100
2022-08-05,165.23545837402344,177.25,177.52000427246094,174.10000610351562,174.75,2495300
2022-08-08,163.93966674804688,175.86000061035156,177.75,173.77999877929688,176.22000122070312,2308600
2022-08-09,158.82180786132812,170.3699951171875,173.88999938964844,169.0399932861328,173.41000366210938,3717700
2022-08-10,163.21258544921875,175.0800018310547,175.3000030517578,171.22000122070312,173.72000122070312,3213500
2022-08-11,162.718505859375,174.5500030517578,178.27999877929688,174.22999572753906,176.16000366210938,2709900
2022-08-12,167.10922241210938,179.25999450683594,179.75999450683594,175.22999572753906,175.22999572753906,3198300
2022-08-15,167.69650268554688,179.88999938964844,180.00999450683594,177.42999267578125,178.41000366210938,2798500
2022-08-16,166.90411376953125,179.0399932861328,179.72999572753906,176.80999755859375,179.32000732421875,3138200
2022-08-17,158.5980987548828,170.1300048828125,174.02000427246094,167.10000610351562,174.0,6158600
2022-08-18,158.5980987548828,170.1300048828125,172.47999572753906,165.94000244140625,167.72999572753906,4513300
2022-08-19,156.61244201660156,168.0,168.89999389648438,167.02000427246094,168.42999267578125,3396500
2022-08-22,152.73446655273438,163.83999633789062,166.27999877929688,162.92999267578125,165.16000366210938,3731100
2022-08-23,153.2657928466797,164.41000366210938,166.2899932861328,163.47999572753906,163.47999572753906,2128300
2022-08-24,152.5573272705078,163.64999389648438,164.85000610351562,162.24000549316406,163.80999755859375,3253100
2022-08-25,155.74549865722656,167.07000732421875,167.25,164.17999267578125,164.2899932861328,2981700
2022-08-26,147.91488647460938,158.6699981689453,167.47999572753906,158.50999450683594,166.83999633789062,4238300
2022-08-29,145.36705017089844,155.19000244140625,157.85000610351562,154.1699981689453,156.82000732421875,3353300
2022-08-30,143.062744140625,152.72999572753906,156.25999450683594,151.52000427246094,156.1300048828125,3670100
2022-08-31,141.93870544433594,151.52999877929688,153.4600067138672,150.33999633789062,153.4600067138672,3535300
2022-09-01,141.15188598632812,150.69000244140625,151.0399932861328,146.5399932861328,148.99000549316406,3783900
2022-09-02,139.2222900390625,148.6300048828125,153.25,147.85000610351562,151.66000366210938,2787500
2022-09-06,138.8475799560547,148.22999572753906,150.07000732421875,146.52999877929688,148.61000061035156,2480300
2022-09-07,141.16122436523438,150.6999969482422,151.80999755859375,148.22000122070312,149.5800018310547,2496600
2022-09-08,142.500732421875,152.1300048828125,152.83999633789062,148.85000610351562,149.5800018310547,2457600
2022-09-09,144.4209747314453,154.17999267578125,155.1999969482422,152.49000549316406,152.49000549316406,2620300
2022-09-12,145.79791259765625,155.64999389648438,155.85000610351562,153.69000244140625,155.44000244140625,3866800
2022-09-13,138.8663330078125,148.25,152.1999969482422,147.8000030517578,151.0,4202100
2022-09-14,140.73974609375,150.25,151.2899932861328,147.99000549316406,149.52000427246094,2272900
2022-09-15,138.5103759765625,147.8699951171875,150.75999450683594,146.99000549316406,149.6999969482422,3142400
2022-09-16,139.8592529296875,149.30999755859375,149.47999572753906,145.1699981689453,146.72999572753906,4592400
2022-09-19,140.1402587890625,149.61000061035156,150.38999938964844,147.8699951171875,148.07000732421875,2398200
2022-09-20,140.29946899414062,149.77999877929688,150.50999450683594,148.25999450683594,148.6999969482422,2574300
2022-09-21,139.0443115234375,148.44000244140625,154.0,148.33999633789062,149.9600067138672,3315600
2022-09-22,136.1405029296875,145.33999633789062,148.3300018310547,144.1999969482422,147.99000549316406,3355700
2022-09-23,132.93699645996094,141.9199981689453,144.3800048828125,140.08999633789062,143.80999755859375,4839300
2022-09-26,131.90664672851562,140.82000732421875,143.74000549316406,140.6199951171875,142.6699981689453,4502400
2022-09-27,132.83396911621094,141.80999755859375,143.92999267578125,139.8699951171875,142.69000244140625,2964300
2022-09-28,135.4286346435547,144.5800018310547,145.35000610351562,139.9199981689453,140.85000610351562,3307000
2022-09-29,133.0025634765625,141.99000549316406,142.89999389648438,139.9199981689453,142.89999389648438,3453500
2022-09-30,130.52029418945312,139.33999633789062,142.6300048828125,139.24000549316406,140.86000061035156,3525900
2022-10-03,135.9438018798828,145.1300048828125,146.61000061035156,139.85000610351562,141.27999877929688,4708300
2022-10-04,141.3017578125,150.85000610351562,151.75,148.00999450683594,148.25,4181800
2022-10-05,142.2759246826172,151.88999938964844,152.9600067138672,148.83999633789062,149.10000610351562,3052000
2022-10-06,141.4141387939453,150.97000122070312,153.6199951171875,150.72000122070312,151.3300018310547,2286500
2022-10-07,135.7470703125,144.9199981689453,148.6300048828125,144.1300048828125,147.6699981689453,4351100
2022-10-10,131.98155212402344,140.89999389648438,145.47999572753906,138.91000366210938,145.13999938964844,3828700
2022-10-11,130.01446533203125,138.8000030517578,141.07000732421875,136.9600067138672,139.66000366210938,4735300
2022-10-12,129.81777954101562,138.58999633789062,140.33999633789062,138.39999389648438,139.02999877929688,2541100
2022-10-13,133.71444702148438,142.75,143.94000244140625,133.47999572753906,134.6999969482422,5040500
2022-10-14,128.07546997070312,136.72999572753906,144.9499969482422,136.5,144.6199951171875,4970400
2022-10-17,130.31423950195312,139.1199951171875,141.27999877929688,137.75,140.0500030517578,5039800
2022-10-18,132.1688995361328,141.10000610351562,145.2100067138672,139.33999633789062,144.63999938964844,3280300
2022-10-19,132.3843231201172,141.3300018310547,142.97000122070312,139.25999450683594,140.75999450683594,2465400
2022-10-20,133.08685302734375,142.0800018310547,146.75,141.25,142.44000244140625,3341100
2022-10-21,137.3114013671875,146.58999633789062,147.4199981689453,140.9499969482422,141.92999267578125,3612400
2022-10-24,135.3817596435547,144.52999877929688,146.8800048828125,142.3800048828125,144.97999572753906,3334500
2022-10-25,137.10531616210938,146.3699951171875,147.50999450683594,144.41000366210938,145.05999755859375,3644800
2022-10-26,132.43115234375,141.3800048828125,145.64999389648438,140.5399932861328,142.77000427246094,6726400
2022-10-27,131.77549743652344,140.67999267578125,143.35000610351562,140.0399932861328,142.49000549316406,4666400
2022-10-28,135.70960998535156,144.8800048828125,145.99000549316406,141.14999389648438,141.5,3482000
2022-10-31,133.5926513671875,142.6199951171875,143.8800048828125,140.60000610351562,143.80999755859375,3078300
2022-11-01,135.541015625,144.6999969482422,145.91000366210938,143.32000732421875,145.11000061035156,2322800
2022-11-02,132.30006408691406,141.24000549316406,147.80999755859375,141.02000427246094,145.44000244140625,3327700
2022-11-03,129.28382873535156,138.02000427246094,141.00999450683594,137.7899932861328,139.39999389648438,3706400
2022-11-04,135.15696716308594,144.2899932861328,145.39999389648438,141.11000061035156,142.32000732421875,5004300
2022-11-07,139.5032501220703,148.92999267578125,149.19000244140625,143.8800048828125,145.80999755859375,3981600
2022-11-08,141.47972106933594,151.0399932861328,155.60000610351562,150.02999877929688,151.13999938964844,4968300
2022-11-09,138.8475799560547,148.22999572753906,150.83999633789062,147.58999633789062,149.13999938964844,3696300
2022-11-10,150.21914672851562,160.3699951171875,160.75999450683594,154.5,155.91000366210938,5617300
2022-11-11,153.6756134033203,164.05999755859375,164.88999938964844,159.30999755859375,159.39999389648438,3211500
2022-11-14,151.05282592773438,161.25999450683594,166.80999755859375,160.85000610351562,163.1199951171875,4269700
2022-11-15,154.71531677246094,165.1699981689453,167.86000061035156,162.55999755859375,167.4600067138672,4158100
2022-11-16,151.0622100830078,161.27000427246094,162.11000061035156,160.22999572753906,161.88999938964844,3859000
2022-11-17,151.24957275390625,161.47000122070312,161.69000244140625,158.08999633789062,158.4499969482422,2835400
2022-11-18,151.60549926757812,161.85000610351562,163.8800048828125,160.97000122070312,163.55999755859375,4016500
2022-11-21,149.16070556640625,159.24000549316406,162.00999450683594,159.14999389648438,161.16000366210938,6276300
2022-11-22,157.7689971923828,168.42999267578125,168.85000610351562,162.7100067138672,165.17999267578125,5739900
2022-11-23,158.49026489257812,169.1999969482422,173.3000030517578,167.6999969482422,169.35000610351562,3851800
2022-11-25,156.51380920410156,167.08999633789062,169.5,166.97999572753906,169.0399932861328,1698600
2022-11-28,153.62879943847656,164.00999450683594,167.3000030517578,162.5399932861328,164.88999938964844,3910900
2022-11-29,153.516357421875,163.88999938964844,165.00999450683594,162.41000366210938,164.75999450683594,2685800
2022-11-30,161.02874755859375,171.91000366210938,172.19000244140625,162.6999969482422,164.55999755859375,5396300
2022-12-01,160.62596130371094,171.47999572753906,173.2100067138672,169.75999450683594,173.2100067138672,3222200
2022-12-02,158.6595001220703,168.6300048828125,168.7899932861328,165.24000549316406,167.1999969482422,3055200
2022-12-05,157.91624450683594,167.83999633789062,168.89999389648438,166.77999877929688,167.86000061035156,2615800
2022-12-06,156.6648406982422,166.50999450683594,168.4499969482422,165.3000030517578,167.75,3572100
2022-12-07,156.19444274902344,166.00999450683594,168.47999572753906,165.00999450683594,166.2899932861328,1881600
2022-12-08,159.61920166015625,169.64999389648438,169.8000030517578,165.9199981689453,167.07000732421875,2836300
2022-12-09,158.70655822753906,168.67999267578125,170.36000061035156,167.89999389648438,168.47000122070312,2514900
2022-12-12,162.07492065429688,172.25999450683594,172.33999633789062,167.74000549316406,169.1699981689453,2966800
2022-12-13,165.1139373779297,175.49000549316406,179.9499969482422,173.67999267578125,178.00999450683594,4778100
2022-12-14,161.52920532226562,171.67999267578125,176.85000610351562,170.11000061035156,175.8699951171875,3202500
2022-12-15,156.26971435546875,166.08999633789062,169.77000427246094,165.49000549316406,169.22000122070312,3985000
2022-12-16,156.95657348632812,166.82000732421875,167.25,164.07000732421875,165.27999877929688,7411900
2022-12-19,155.3759002685547,165.13999938964844,167.49000549316406,163.75,167.44000244140625,2621800
2022-12-20,154.61378479003906,164.3300018310547,165.80999755859375,163.55999755859375,163.72000122070312,2102300
2022-12-21,157.5116424560547,167.41000366210938,167.83999633789062,165.22000122070312,165.3800048828125,2181400
2022-12-22,154.0680694580078,163.75,164.8300018310547,161.05999755859375,164.8300018310547,2972000
2022-12-23,154.1527557373047,163.83999633789062,164.1199951171875,161.25,162.6999969482422,1498300
2022-12-27,152.60968017578125,162.1999969482422,163.6999969482422,161.14999389648438,163.57000732421875,1932000
2022-12-28,150.80325317382812,160.27999877929688,163.57000732421875,160.05999755859375,161.5,1499900
2022-12-29,154.28448486328125,163.97999572753906,164.77999877929688,161.5,162.5800018310547,2148900
2022-12-30,154.33151245117188,164.02999877929688,164.16000366210938,160.75999450683594,162.36000061035156,1619400
2023-01-03,152.8449249267578,162.4499969482422,166.1999969482422,161.44000244140625,165.57000732421875,4475700
2023-01-04,156.10035705566406,165.91000366210938,167.58999633789062,163.75999450683594,165.3800048828125,3477900
2023-01-05,150.24810791015625,159.69000244140625,165.6300048828125,159.5800018310547,164.47000122070312,4750300
2023-01-06,155.7334442138672,165.52000427246094,166.75,159.92999267578125,161.75999450683594,3483400
2023-01-09,157.22000122070312,167.10000610351562,169.91000366210938,165.67999267578125,167.38999938964844,3734100
2023-01-10,159.21463012695312,169.22000122070312,169.75,166.5,166.5,2351900
2023-01-11,159.75094604492188,169.7899932861328,170.1300048828125,167.30999755859375,167.72000122070312,3068900
2023-01-12,158.69715881347656,168.6699981689453,170.63999938964844,167.16000366210938,170.02000427246094,2478100
2023-01-13,158.98883056640625,168.97999572753906,169.42999267578125,166.4199981689453,167.5,1891200
2023-01-17,157.04124450683594,166.91000366210938,169.1699981689453,166.0500030517578,167.91000366210938,3320200
2023-01-18,156.18502807617188,166.0,169.3800048828125,165.89999389648438,168.52999877929688,2627700
2023-01-19,153.4847412109375,163.1300048828125,165.63999938964844,162.10000610351562,165.55999755859375,3082500
2023-01-20,155.40411376953125,165.1699981689453,165.24000549316406,161.0399932861328,163.82000732421875,3841900
2023-01-23,159.62863159179688,169.66000366210938,170.25,165.6199951171875,166.5399932861328,3521900
2023-01-24,158.87594604492188,168.86000061035156,170.02999877929688,167.36000061035156,167.91000366210938,2407100
2023-01-25,158.4901580810547,168.4499969482422,168.72999572753906,164.2100067138672,166.6199951171875,2739800
2023-01-26,160.644775390625,170.74000549316406,170.9499969482422,166.86000061035156,169.94000244140625,3539900
2023-01-27,160.72947692871094,170.8300018310547,172.02999877929688,168.39999389648438,169.07000732421875,2453400
2023-01-30,158.94178771972656,168.92999267578125,171.14999389648438,168.33999633789062,169.10000610351562,3135600
2023-01-31,161.33163452148438,171.47000122070312,171.52000427246094,168.89999389648438,168.92999267578125,2549400
2023-02-01,166.1488800048828,176.58999633789062,178.50999450683594,171.22999572753906,171.3300018310547,4200300
2023-02-02,168.69863891601562,179.3000030517578,180.0500030517578,176.19000244140625,177.86000061035156,4206200
2023-02-03,168.2470245361328,178.82000732421875,181.33999633789062,176.22000122070312,176.92999267578125,4005700
2023-02-06,167.05213928222656,177.5500030517578,179.32000732421875,176.3699951171875,176.99000549316406,2916600
2023-02-07,170.31695556640625,181.02000427246094,181.86000061035156,177.00999450683594,178.38999938964844,3531600
2023-02-08,167.2497100830078,177.75999450683594,179.8699951171875,177.39999389648438,178.64999389648438,3520600
2023-02-09,167.96478271484375,178.52000427246094,182.22999572753906,177.32000732421875,180.75,2983300
2023-02-10,167.9083251953125,178.4600067138672,179.02000427246094,176.07000732421875,177.13999938964844,4003300
2023-02-13,169.7806854248047,180.4499969482422,181.6300048828125,178.9499969482422,179.3800048828125,3975500
2023-02-14,171.7470703125,182.5399932861328,183.1300048828125,178.52999877929688,179.07000732421875,3784200
2023-02-15,184.58059692382812,196.17999267578125,196.41000366210938,191.10000610351562,194.33999633789062,7456000
2023-02-16,182.36953735351562,193.8300018310547,196.3000030517578,192.9600067138672,194.55999755859375,4481700
2023-02-17,181.31581115722656,192.7100067138672,194.39999389648438,191.36000061035156,193.08999633789062,3774900
2023-02-21,174.97427368164062,185.97000122070312,191.17999267578125,185.47999572753906,190.6300048828125,5117800
2023-02-22,172.89495849609375,183.75999450683594,186.67999267578125,182.83999633789062,186.67999267578125,3512600
2023-02-23,174.67318725585938,185.64999389648438,187.47000122070312,183.13999938964844,186.97999572753906,4501800
2023-02-24,172.9244842529297,182.94000244140625,183.8699951171875,181.61000061035156,183.27999877929688,3177900
2023-02-27,173.14187622070312,183.1699981689453,185.89999389648438,182.94000244140625,185.5800018310547,2769500
2023-02-28,173.42544555664062,183.47000122070312,185.52999877929688,182.5399932861328,183.0,2644400
2023-03-01,173.08518981933594,183.11000061035156,185.52999877929688,182.6999969482422,183.86000061035156,2600300
2023-03-02,174.484130859375,184.58999633789062,185.30999755859375,179.22000122070312,181.1300048828125,2906400
2023-03-03,176.0532684326172,186.25,186.8000030517578,182.94000244140625,185.30999755859375,3112400
2023-03-06,175.36322021484375,185.52000427246094,188.55999755859375,185.08999633789062,187.32000732421875,2664100
2023-03-07,174.8149871826172,184.94000244140625,186.94000244140625,183.50999450683594,186.02999877929688,2415100
2023-03-08,176.35572814941406,186.57000732421875,187.4499969482422,185.1999969482422,186.3699951171875,3182000
2023-03-09,173.51052856445312,183.55999755859375,188.7899932861328,183.3800048828125,187.1199951171875,3627300
2023-03-10,171.80911254882812,181.75999450683594,185.5800018310547,181.3300018310547,184.72999572753906,3166800
2023-03-13,172.5558319091797,182.5500030517578,184.3000030517578,179.0800018310547,179.80999755859375,3310200
2023-03-14,176.3651885986328,186.5800018310547,188.02999877929688,183.99000549316406,184.9600067138672,4147400
2023-03-15,172.91505432128906,182.92999267578125,185.50999450683594,180.33999633789062,184.22999572753906,3972700
2023-03-16,176.4124755859375,186.6300048828125,187.30999755859375,180.1999969482422,181.32000732421875,3753500
2023-03-17,175.67514038085938,185.85000610351562,188.8000030517578,184.47000122070312,187.38999938964844,6216500
2023-03-20,176.8189239501953,187.05999755859375,187.52000427246094,185.1199951171875,186.10000610351562,3033500
2023-03-21,178.08555603027344,188.39999389648438,189.9199981689453,186.0,188.8800048828125,3232700
2023-03-22,176.39353942871094,186.61000061035156,191.5,186.35000610351562,188.86000061035156,3481000
2023-03-23,179.0780792236328,189.4499969482422,192.5399932861328,187.05999755859375,188.97000122070312,2658300
2023-03-24,177.4144287109375,187.69000244140625,189.4199981689453,185.66000366210938,189.10000610351562,3401800
2023-03-27,174.65428161621094,184.77000427246094,188.36000061035156,184.47999572753906,188.25,3616900
2023-03-28,173.54833984375,183.60000610351562,184.0,180.8800048828125,183.72000122070312,3319900
2023-03-29,178.81338500976562,189.1699981689453,190.3000030517578,186.0399932861328,186.0399932861328,3577800
2023-03-30,183.57745361328125,194.2100067138672,195.1300048828125,190.88999938964844,191.25,4367100
2023-03-31,186.4227294921875,197.22000122070312,197.55999755859375,193.25,193.52000427246094,3873000
2023-04-03,185.53416442871094,196.27999877929688,197.75,194.25999450683594,196.47000122070312,3120700
2023-04-04,184.43763732910156,195.1199951171875,198.25,193.7899932861328,197.55999755859375,3633600
2023-04-05,179.94773864746094,190.3699951171875,194.50999450683594,189.0500030517578,194.36000061035156,3368300
2023-04-06,176.9228973388672,187.1699981689453,189.8000030517578,186.82000732421875,188.74000549316406,3010100
2023-04-10,180.49595642089844,190.9499969482422,191.2100067138672,185.00999450683594,185.6300048828125,2573500
2023-04-11,179.04029846191406,189.41000366210938,192.32000732421875,189.07000732421875,192.22000122070312,2336400
2023-04-12,177.03631591796875,187.2899932861328,190.8000030517578,187.02000427246094,190.8000030517578,2085400
2023-04-13,178.7472686767578,189.10000610351562,190.10000610351562,186.16000366210938,187.3000030517578,2020200
2023-04-14,178.1895294189453,188.50999450683594,191.0800018310547,187.0399932861328,188.1300048828125,1988100
2023-04-17,179.1915283203125,189.57000732421875,189.9499969482422,187.39999389648438,187.66000366210938,2095000
2023-04-18,179.2009735107422,189.5800018310547,191.9600067138672,188.44000244140625,190.9199981689453,1745500
2023-04-19,178.22735595703125,188.5500030517578,189.02999877929688,187.55999755859375,187.88999938964844,1556000
2023-04-20,176.74330139160156,186.97999572753906,189.22000122070312,183.10000610351562,185.57000732421875,2807800
2023-04-21,176.13833618164062,186.33999633789062,187.1999969482422,184.63999938964844,186.25,1975300
2023-04-24,176.7244110107422,186.9600067138672,187.38999938964844,185.7100067138672,186.33999633789062,1782000
2023-04-25,171.22303771972656,181.13999938964844,186.13999938964844,181.07000732421875,186.1300048828125,3474800
2023-04-26,170.76930236816406,180.66000366210938,182.47999572753906,179.64999389648438,181.22999572753906,3603100
2023-04-27,167.89573669433594,177.6199951171875,178.94000244140625,171.24000549316406,178.52999877929688,4621700
2023-04-28,170.03201293945312,179.8800048828125,180.16000366210938,176.27000427246094,177.63999938964844,3167800
2023-05-01,172.54637145996094,182.5399932861328,182.92999267578125,180.66000366210938,180.75,2572800
2023-05-02,173.6050567626953,183.66000366210938,186.58999633789062,182.1199951171875,184.44000244140625,2710800
2023-05-03,172.40457153320312,182.38999938964844,185.17999267578125,182.02999877929688,183.4199981689453,1788500
2023-05-04,171.40260314941406,181.3300018310547,182.97000122070312,180.47999572753906,182.0,2308200
2023-05-05,173.34979248046875,183.38999938964844,184.4499969482422,179.57000732421875,180.63999938964844,3672100
2023-05-08,174.41799926757812,184.52000427246094,184.57000732421875,181.72999572753906,183.7899932861328,1936900
2023-05-09,169.78622436523438,179.6199951171875,182.72000122070312,178.02999877929688,182.52999877929688,3353300
2023-05-10,171.49713134765625,181.42999267578125,182.2899932861328,179.55999755859375,181.67999267578125,3364700
2023-05-11,170.70310974121094,180.58999633789062,181.08999633789062,178.74000549316406,180.39999389648438,2252600
2023-05-12,170.68423461914062,180.57000732421875,182.5500030517578,178.8699951171875,181.44000244140625,1376800
2023-05-15,174.2761993408203,184.3699951171875,184.72000122070312,180.27999877929688,180.67999267578125,2435800
2023-05-16,172.78268432617188,182.7899932861328,185.25999450683594,182.58999633789062,183.6300048828125,2178800
2023-05-17,177.669677734375,187.9600067138672,188.60000610351562,183.14999389648438,184.0,3002200
2023-05-18,181.73423767089844,192.25999450683594,193.0399932861328,188.3699951171875,188.9499969482422,2959000
2023-05-19,180.0989532470703,190.52999877929688,192.64999389648438,189.75999450683594,192.25999450683594,3598300
2023-05-22,180.8362274169922,191.30999755859375,193.13999938964844,189.4600067138672,189.91000366210938,2494400
2023-05-23,177.63185119628906,187.9199981689453,190.36000061035156,187.39999389648438,189.7899932861328,3864700
2023-05-24,163.71771240234375,173.1999969482422,176.6300048828125,169.74000549316406,171.5,10367100
2023-05-25,162.95205688476562,172.38999938964844,173.94000244140625,161.92999267578125,166.50999450683594,9915900
2023-05-26,166.86538696289062,176.52999877929688,177.74000549316406,171.49000549316406,172.47999572753906,6794800
2023-05-30,167.7161102294922,177.42999267578125,178.83999633789062,174.80999755859375,178.1199951171875,5233100
2023-05-31,167.9619140625,177.69000244140625,180.0,175.24000549316406,175.39999389648438,7035300
2023-06-01,170.53298950195312,180.41000366210938,182.1999969482422,176.6999969482422,179.22000122070312,4361700
2023-06-02,170.77044677734375,179.8000030517578,182.0,178.9199981689453,181.30999755859375,3697400
2023-06-05,166.1925048828125,174.97999572753906,179.33999633789062,173.66000366210938,179.1699981689453,3311400
2023-06-06,169.03231811523438,177.97000122070312,178.72000122070312,173.41000366210938,173.61000061035156,3487400
2023-06-07,171.31182861328125,180.3699951171875,183.36000061035156,178.27000427246094,178.27000427246094,4060900
2023-06-08,172.55604553222656,181.67999267578125,182.5399932861328,180.0500030517578,181.44000244140625,2995000
2023-06-09,173.29685974121094,182.4600067138672,185.88999938964844,181.0800018310547,183.27000427246094,3164500
2023-06-12,178.23568725585938,187.66000366210938,187.9600067138672,184.7100067138672,185.0,3845700
2023-06-13,182.7091827392578,192.3699951171875,192.5399932861328,189.4199981689453,190.33999633789062,3827900
2023-06-14,182.25328063964844,191.88999938964844,193.97000122070312,189.86000061035156,192.6199951171875,4061300
2023-06-15,180.13528442382812,189.66000366210938,191.88999938964844,189.4499969482422,190.77999877929688,3414400
2023-06-16,178.9005584716797,188.36000061035156,191.77999877929688,187.75,190.49000549316406,6889200
2023-06-20,178.53965759277344,187.97999572753906,189.0,185.39999389648438,187.0,2663500
2023-06-21,176.12718200683594,185.44000244140625,188.25999450683594,185.33999633789062,186.02000427246094,2941300
2023-06-22,176.7635498046875,186.11000061035156,186.3699951171875,183.22999572753906,183.8800048828125,2973200
2023-06-23,176.60208129882812,185.94000244140625,187.08999633789062,183.52000427246094,184.10000610351562,5021500
2023-06-26,176.98199462890625,186.33999633789062,191.6300048828125,186.24000549316406,187.85000610351562,3365800
2023-06-27,182.7186737060547,192.3800048828125,192.61000061035156,185.00999450683594,186.8000030517578,3631900
2023-06-28,180.3632354736328,189.89999389648438,191.16000366210938,188.57000732421875,190.02000427246094,3836400
2023-06-29,179.96432495117188,189.47999572753906,190.66000366210938,187.60000610351562,189.8000030517578,2623200
2023-06-30,185.02667236328125,194.80999755859375,195.36000061035156,190.8000030517578,190.97999572753906,3376000
2023-07-03,184.5707550048828,194.3300018310547,196.5500030517578,192.27000427246094,193.97999572753906,1367600
2023-07-05,180.4581756591797,190.0,193.35000610351562,189.8699951171875,192.42999267578125,2693700
2023-07-06,176.8395233154297,186.19000244140625,187.9600067138672,184.57000732421875,186.89999389648438,4203800
2023-07-07,176.00375366210938,185.30999755859375,188.66000366210938,185.17999267578125,186.38999938964844,3038000
2023-07-10,181.45547485351562,191.0500030517578,191.08999633789062,185.77000427246094,185.91000366210938,3367200
2023-07-11,181.36050415039062,190.9499969482422,192.07000732421875,187.60000610351562,191.66000366210938,2039700
2023-07-12,185.58700561523438,195.39999389648438,196.0500030517578,192.5800018310547,193.41000366210938,3117600
2023-07-13,188.31288146972656,198.27000427246094,199.44000244140625,195.91000366210938,196.67999267578125,3364400
2023-07-14,182.3292694091797,191.97000122070312,197.38999938964844,191.49000549316406,197.3800048828125,2922100
2023-07-17,186.49879455566406,196.36000061035156,197.5399932861328,190.5800018310547,190.5800018310547,3249100
2023-07-18,186.63177490234375,196.5,196.80999755859375,193.82000732421875,194.9199981689453,3022900
2023-07-19,185.95742797851562,195.7899932861328,197.39999389648438,195.30999755859375,197.1699981689453,2040800
2023-07-20,180.12579345703125,189.64999389648438,193.9499969482422,188.75999450683594,191.8800048828125,3991000
2023-07-21,182.31979370117188,191.9600067138672,193.64999389648438,190.72000122070312,191.64999389648438,8748400
2023-07-24,182.7091827392578,192.3699951171875,193.61000061035156,190.64999389648438,191.44000244140625,2663500
2023-07-25,185.83395385742188,195.66000366210938,196.9499969482422,193.0,193.0,2958700
2023-07-26,181.90185546875,191.52000427246094,192.82000732421875,189.89999389648438,191.92999267578125,2793200
2023-07-27,185.6344757080078,195.4499969482422,198.10000610351562,193.69000244140625,195.5,3474600
2023-07-28,188.45533752441406,198.4199981689453,199.02000427246094,196.19000244140625,198.2899932861328,2883900
2023-07-31,189.50961303710938,199.52999877929688,200.10000610351562,198.42999267578125,198.74000549316406,2091300
2023-08-01,189.4620819091797,199.47999572753906,200.07000732421875,196.82000732421875,197.63999938964844,1900300
2023-08-02,182.79464721679688,192.4600067138672,198.16000366210938,191.8699951171875,198.08999633789062,3739700
2023-08-03,181.87335205078125,191.49000549316406,193.24000549316406,188.94000244140625,190.67999267578125,3040100
2023-08-04,178.8910675048828,188.35000610351562,190.25999450683594,184.74000549316406,189.0,3632900
2023-08-07,180.55316162109375,190.10000610351562,191.3699951171875,188.8699951171875,190.6999969482422,2035200
2023-08-08,177.23841857910156,186.61000061035156,187.36000061035156,183.75,187.0,2939500
2023-08-09,175.52882385253906,184.80999755859375,187.5,184.38999938964844,186.41000366210938,2341900
2023-08-10,175.433837890625,184.7100067138672,188.9499969482422,184.13999938964844,187.0500030517578,2268000
2023-08-11,174.00918579101562,183.2100067138672,184.4499969482422,182.02000427246094,183.0,2859400
2023-08-14,176.0797119140625,185.38999938964844,185.6199951171875,182.5500030517578,183.3800048828125,2057000
2023-08-15,172.21412658691406,181.32000732421875,184.10000610351562,181.0399932861328,182.9600067138672,1959500
2023-08-16,168.2725067138672,177.1699981689453,180.63999938964844,175.77000427246094,180.38999938964844,4869000
2023-08-17,166.67691040039062,175.49000549316406,178.27000427246094,174.6300048828125,177.74000549316406,2804100
2023-08-18,166.92381286621094,175.75,176.5,173.4199981689453,173.89999389648438,2834600
2023-08-21,168.3200225830078,177.22000122070312,177.66000366210938,174.22000122070312,176.1199951171875,3345900
2023-08-22,167.78814697265625,176.66000366210938,179.3800048828125,175.36000061035156,178.99000549316406,4234700
2023-08-23,168.56692504882812,177.47999572753906,178.7899932861328,168.5399932861328,168.61000061035156,7413500
2023-08-24,164.96731567382812,173.69000244140625,178.25,172.9499969482422,176.77000427246094,6811300
2023-08-25,169.21279907226562,178.16000366210938,179.0,173.3800048828125,173.3800048828125,4538700
2023-08-28,171.27383422851562,180.3300018310547,181.1199951171875,179.24000549316406,180.08999633789062,2851700
2023-08-29,173.39181518554688,182.55999755859375,183.44000244140625,178.11000061035156,178.72000122070312,3574800
2023-08-30,172.45156860351562,181.57000732421875,182.89999389648438,180.39999389648438,181.67999267578125,3080900
2023-08-31,172.65101623535156,181.77999877929688,183.9600067138672,180.82000732421875,181.57000732421875,3362800
2023-09-01,174.0919647216797,182.42999267578125,182.63999938964844,180.66000366210938,182.60000610351562,1879000
2023-09-05,173.24269104003906,181.5399932861328,183.42999267578125,180.2100067138672,181.4199981689453,2488000
2023-09-06,173.8533935546875,182.17999267578125,182.47000122070312,178.75,181.5399932861328,3382500
2023-09-07,170.3034210205078,178.4600067138672,181.41000366210938,177.64999389648438,179.94000244140625,5562200
2023-09-08,169.35870361328125,177.47000122070312,178.8699951171875,176.7100067138672,178.39999389648438,3182200
2023-09-11,169.5304412841797,177.64999389648438,179.91000366210938,175.2899932861328,179.5399932861328,2768100
2023-09-12,167.04928588867188,175.0500030517578,179.00999450683594,175.02000427246094,176.5,2862900
2023-09-13,168.11813354492188,176.1699981689453,177.6199951171875,175.3000030517578,175.91000366210938,2269400
2023-09-14,171.45814514160156,179.6699981689453,180.11000061035156,175.22000122070312,178.25,4135400
2023-09-15,169.99807739257812,178.13999938964844,179.5800018310547,177.2100067138672,179.41000366210938,6062500
2023-09-18,171.505859375,179.72000122070312,180.36000061035156,177.39999389648438,178.10000610351562,2733700
2023-09-19,170.5802001953125,178.75,179.02000427246094,176.16000366210938,178.1999969482422,2852700
2023-09-20,168.03219604492188,176.0800018310547,179.0800018310547,175.92999267578125,179.02000427246094,2606500
2023-09-21,165.89459228515625,173.83999633789062,176.66000366210938,173.39999389648438,175.39999389648438,3780800
2023-09-22,167.45962524414062,175.47999572753906,176.8800048828125,174.25999450683594,174.99000549316406,2839700
2023-09-25,167.4119110107422,175.42999267578125,175.5800018310547,173.05999755859375,174.5,2300400
2023-09-26,164.46315002441406,172.33999633789062,173.82000732421875,171.4199981689453,173.36000061035156,3492500
2023-09-27,164.9116973876953,172.80999755859375,174.0,170.64999389648438,172.99000549316406,2558400
2023-09-28,168.34716796875,176.41000366210938,177.6199951171875,172.25999450683594,172.80999755859375,2781800
2023-09-29,167.0874786376953,175.08999633789062,178.61000061035156,174.1300048828125,177.9600067138672,2703800
2023-10-02,167.4119110107422,175.42999267578125,176.89999389648438,173.69000244140625,175.0,1727200
2023-10-03,163.67108154296875,171.50999450683594,176.39999389648438,170.49000549316406,173.77999877929688,3226100
2023-10-04,165.8468780517578,173.7899932861328,174.3300018310547,171.72000122070312,172.58999633789062,3601000
2023-10-05,164.234130859375,172.10000610351562,174.6300048828125,169.88999938964844,174.22000122070312,2874600
2023-10-06,166.01864624023438,173.97000122070312,175.2899932861328,170.1300048828125,170.7100067138672,3259900
2023-10-09,165.39837646484375,173.32000732421875,173.89999389648438,171.42999267578125,172.85000610351562,2571900
2023-10-10,167.92726135253906,175.97000122070312,177.57000732421875,173.47000122070312,173.64999389648438,2924500
2023-10-11,166.9252471923828,174.9199981689453,177.10000610351562,173.24000549316406,176.3699951171875,2466900
2023-10-12,165.66558837890625,173.60000610351562,176.17999267578125,172.22000122070312,175.88999938964844,3569000
2023-10-13,163.251220703125,171.07000732421875,174.25999450683594,170.02999877929688,173.97999572753906,2699900
2023-10-16,164.8544158935547,172.75,173.75,171.5,171.72999572753906,3258900
2023-10-17,164.72079467773438,172.61000061035156,174.07000732421875,168.72999572753906,169.49000549316406,2283600
2023-10-18,163.44204711914062,171.27000427246094,172.9600067138672,169.72000122070312,170.6999969482422,3827200
2023-10-19,161.00860595703125,168.72000122070312,173.02999877929688,168.22999572753906,172.92999267578125,3692800
2023-10-20,158.90916442871094,166.52000427246094,169.74000549316406,166.00999450683594,169.02000427246094,3399600
2023-10-23,156.3802947998047,163.8699951171875,167.30999755859375,163.64999389648438,165.5500030517578,2757500
2023-10-24,157.39183044433594,164.92999267578125,165.32000732421875,162.85000610351562,164.6199951171875,3206300
2023-10-25,152.4867401123047,159.7899932861328,162.49000549316406,159.0,162.00999450683594,5142300
2023-10-26,153.50782775878906,160.86000061035156,163.92999267578125,160.67999267578125,160.8699951171875,3528300
2023-10-27,153.23110961914062,160.57000732421875,162.49000549316406,159.8000030517578,161.47999572753906,2168900
2023-10-30,148.75546264648438,155.8800048828125,158.02000427246094,154.99000549316406,157.6199951171875,4421400
2023-10-31,150.13917541503906,157.3300018310547,157.63999938964844,155.16000366210938,156.5,3151800
2023-11-01,151.96189880371094,159.24000549316406,159.47999572753906,155.47000122070312,157.4600067138672,4324600
2023-11-02,156.82879638671875,164.33999633789062,165.27000427246094,161.63999938964844,161.97999572753906,4105900
2023-11-03,160.2451934814453,167.9199981689453,169.4600067138672,165.94000244140625,165.94000244140625,3536600
2023-11-06,159.9111785888672,167.57000732421875,168.9199981689453,165.58999633789062,167.44000244140625,2132900
2023-11-07,160.42648315429688,168.11000061035156,169.1199951171875,166.94000244140625,167.57000732421875,2537400
2023-11-08,161.18991088867188,168.91000366210938,170.5,167.5,168.5,3452000
2023-11-09,159.49130249023438,167.1300048828125,170.6199951171875,166.77999877929688,169.47999572753906,4211500
2023-11-10,164.444091796875,172.32000732421875,172.99000549316406,167.83999633789062,169.27999877929688,3671000
2023-11-13,162.8599853515625,170.66000366210938,171.6199951171875,170.10000610351562,170.75,3243700
2023-11-14,169.46365356445312,177.5800018310547,178.3000030517578,175.0,175.1999969482422,3448600
2023-11-15,172.5174102783203,180.77999877929688,182.80999755859375,179.02000427246094,179.02000427246094,3293200
2023-11-16,171.620361328125,179.83999633789062,181.66000366210938,178.66000366210938,181.3300018310547,3286900
2023-11-17,174.6836700439453,183.0500030517578,183.57000732421875,181.1199951171875,182.9199981689453,3279000
2023-11-20,175.41847229003906,183.82000732421875,184.6999969482422,182.08999633789062,182.08999633789062,3811100
2023-11-21,172.9659423828125,181.25,184.52999877929688,179.44000244140625,183.05999755859375,4965900
2023-11-22,174.32102966308594,182.6699981689453,184.2100067138672,181.44000244140625,182.16000366210938,2926300
2023-11-24,174.6836700439453,183.0500030517578,183.38999938964844,182.2100067138672,182.8000030517578,1127100
2023-11-27,175.3707275390625,183.77000427246094,184.3800048828125,181.42999267578125,182.66000366210938,3520200
2023-11-28,174.82676696777344,183.1999969482422,184.5500030517578,182.33999633789062,183.25999450683594,2797900
2023-11-29,174.35922241210938,182.7100067138672,186.92999267578125,182.52999877929688,185.2899932861328,2986600
2023-11-30,174.9985809326172,183.3800048828125,183.5,180.75999450683594,183.17999267578125,4356200
2023-12-01,175.52589416503906,183.07000732421875,183.8800048828125,181.16000366210938,182.77000427246094,2332900
2023-12-04,175.70806884765625,183.25999450683594,183.4499969482422,180.17999267578125,181.66000366210938,3316000
2023-12-05,173.18643188476562,180.6300048828125,182.50999450683594,179.6300048828125,182.22000122070312,2620000
2023-12-06,173.12890625,180.57000732421875,183.0,180.1699981689453,183.0,2763400
2023-12-07,176.78192138671875,184.3800048828125,185.72000122070312,180.3699951171875,182.33999633789062,3717600
2023-12-08,177.2613067626953,184.8800048828125,186.3000030517578,183.80999755859375,184.25,2404200
2023-12-11,182.29498291015625,190.1300048828125,191.11000061035156,185.55999755859375,185.64999389648438,3499500
2023-12-12,183.10035705566406,190.97000122070312,191.0500030517578,189.1199951171875,190.22000122070312,2841100
2023-12-13,184.34678649902344,192.27000427246094,193.08999633789062,189.66000366210938,191.41000366210938,3701800
2023-12-14,191.9212188720703,200.1699981689453,200.25999450683594,193.19000244140625,193.19000244140625,5610000
2023-12-15,192.6019744873047,200.8800048828125,202.77000427246094,200.02000427246094,201.94000244140625,7057400
2023-12-18,188.48873901367188,196.58999633789062,201.19000244140625,196.16000366210938,200.8800048828125,3421000
2023-12-19,189.6776580810547,197.8300018310547,198.10000610351562,196.69000244140625,197.6999969482422,1981800
2023-12-20,184.27008056640625,192.19000244140625,197.44000244140625,192.05999755859375,196.25999450683594,3629500
2023-12-21,188.19155883789062,196.27999877929688,197.6999969482422,194.77000427246094,195.1199951171875,2636800
2023-12-22,188.9777374267578,197.10000610351562,199.4600067138672,195.72999572753906,197.6199951171875,1754600
2023-12-26,190.67481994628906,198.8699951171875,199.8300018310547,197.5399932861328,197.89999389648438,1606900
2023-12-27,191.13502502441406,199.35000610351562,199.44000244140625,198.0800018310547,198.8699951171875,1646100
2023-12-28,191.98834228515625,200.24000549316406,201.47000122070312,199.7100067138672,200.86000061035156,2215500
2023-12-29,190.37757873535156,198.55999755859375,200.6999969482422,198.08999633789062,199.8699951171875,1542400
2024-01-02,185.60281372070312,193.5800018310547,197.07000732421875,191.50999450683594,197.07000732421875,3279200
2024-01-03,181.17318725585938,188.9600067138672,191.10000610351562,188.66000366210938,190.77000427246094,3297400
2024-01-04,178.4022674560547,186.07000732421875,186.88999938964844,181.80999755859375,181.89999389648438,3923500
2024-01-05,178.8624725341797,186.5500030517578,187.8000030517578,184.97999572753906,186.00999450683594,2492200
2024-01-08,181.19235229492188,188.97999572753906,189.4600067138672,187.00999450683594,187.17999267578125,2587200
2024-01-09,181.940185546875,189.75999450683594,190.32000732421875,185.88999938964844,186.5,3151700
2024-01-10,180.60751342773438,188.3699951171875,189.6199951171875,186.35000610351562,189.6199951171875,3080400
2024-01-11,181.17318725585938,188.9600067138672,189.75999450683594,185.72999572753906,188.3800048828125,2918700
2024-01-12,180.59791564941406,188.36000061035156,190.30999755859375,187.4199981689453,189.69000244140625,1597100
2024-01-16,180.0513916015625,187.7899932861328,189.3699951171875,185.4499969482422,187.85000610351562,2373300
2024-01-17,177.7886199951172,185.42999267578125,185.6999969482422,182.8800048828125,184.67999267578125,2925900
2024-01-18,182.14157104492188,189.97000122070312,190.72000122070312,187.7100067138672,190.36000061035156,3585500
2024-01-19,186.7437744140625,194.77000427246094,195.5800018310547,191.0399932861328,191.36000061035156,4408400
2024-01-22,189.17909240722656,197.30999755859375,197.85000610351562,195.47000122070312,196.0,2861800
2024-01-23,193.07179260253906,201.3699951171875,201.57000732421875,196.88999938964844,197.13999938964844,3801100
2024-01-24,190.12831115722656,198.3000030517578,202.44000244140625,197.86000061035156,200.86000061035156,4255300
2024-01-25,189.1695098876953,197.3000030517578,202.0500030517578,196.9600067138672,202.0,2957300
2024-01-26,185.93838500976562,193.92999267578125,196.47000122070312,193.47000122070312,195.32000732421875,2379100
2024-01-29,189.07362365722656,197.1999969482422,197.32000732421875,192.9199981689453,193.94000244140625,2766500
2024-01-30,186.71498107910156,194.74000549316406,196.55999755859375,193.35000610351562,195.8300018310547,2479800
2024-01-31,184.43309020996094,192.36000061035156,196.08999633789062,191.6199951171875,193.50999450683594,4125600
2024-02-01,184.09750366210938,192.00999450683594,192.6300048828125,188.74000549316406,192.11000061035156,2628000
2024-02-02,184.18380737304688,192.10000610351562,192.8800048828125,189.74000549316406,190.3300018310547,2948400
2024-02-05,184.6248321533203,192.55999755859375,193.99000549316406,190.4199981689453,192.7899932861328,3193700
2024-02-06,181.89230346679688,189.7100067138672,193.2100067138672,189.02000427246094,193.2100067138672,3991700
2024-02-07,184.05914306640625,191.97000122070312,192.82000732421875,188.8800048828125,191.8300018310547,3500400
2024-02-08,186.06301879882812,194.05999755859375,195.1699981689453,191.91000366210938,192.97000122070312,2594500
2024-02-09,186.9834442138672,195.02000427246094,195.52999877929688,193.4499969482422,195.52999877929688,3183900
2024-02-12,186.05343627929688,194.0500030517578,195.67999267578125,192.61000061035156,194.67999267578125,6264900
2024-02-13,177.0791473388672,184.69000244140625,188.9499969482422,183.00999450683594,188.16000366210938,6800200
2024-02-14,178.6419677734375,186.32000732421875,187.0800018310547,184.75,185.91000366210938,3780800
2024-02-15,179.81170654296875,187.5399932861328,189.3300018310547,186.69000244140625,187.77999877929688,2811200
2024-02-16,180.48287963867188,188.24000549316406,190.52000427246094,186.05999755859375,187.58999633789062,4353300
2024-02-20,181.5950469970703,189.39999389648438,189.50999450683594,186.02000427246094,187.25,4600500
2024-02-21,185.73699951171875,193.72000122070312,194.2899932861328,190.1699981689453,190.25999450683594,5555900
2024-02-22,184.0016326904297,191.91000366210938,197.33999633789062,189.0399932861328,197.13999938964844,5780400
2024-02-23,182.2758026123047,190.11000061035156,193.05999755859375,189.8699951171875,193.05999755859375,3720400
2024-02-26,181.2211151123047,189.00999450683594,191.49000549316406,188.8800048828125,191.27999877929688,2827100
2024-02-27,181.27865600585938,189.07000732421875,190.3699951171875,187.99000549316406,189.8000030517578,1886100
2024-02-28,180.0226287841797,187.75999450683594,188.64999389648438,186.22000122070312,187.1999969482422,1774800
2024-02-29,183.91534423828125,191.82000732421875,192.2899932861328,188.75999450683594,190.1300048828125,3119300
2024-03-01,188.07647705078125,196.16000366210938,197.22000122070312,191.6199951171875,192.5500030517578,2934700
2024-03-04,187.51776123046875,194.66000366210938,196.22999572753906,193.6999969482422,195.8300018310547,3150700
2024-03-05,182.8360595703125,189.8000030517578,195.0500030517578,188.88999938964844,193.2899932861328,3328500
2024-03-06,184.66635131835938,191.6999969482422,194.0,190.38999938964844,191.3699951171875,3905300
2024-03-07,190.9663848876953,198.24000549316406,199.38999938964844,193.67999267578125,193.67999267578125,4275300
2024-03-08,188.75079345703125,195.94000244140625,199.6699981689453,195.5800018310547,199.0,3752600
2024-03-11,190.93751525878906,198.2100067138672,198.49000549316406,194.60000610351562,194.60000610351562,3110900
2024-03-12,191.89117431640625,199.1999969482422,199.60000610351562,196.52999877929688,199.3000030517578,3864600
2024-03-13,191.3131866455078,198.60000610351562,199.8300018310547,197.4199981689453,198.4499969482422,3647400
2024-03-14,187.29617309570312,194.42999267578125,199.89999389648438,193.5399932861328,199.05999755859375,4361800
2024-03-15,188.03793334960938,195.1999969482422,195.9199981689453,188.75,188.75,10198200
2024-03-18,184.20399475097656,191.22000122070312,198.2899932861328,191.1199951171875,197.2100067138672,2846500
2024-03-19,183.54893493652344,190.5399932861328,191.0800018310547,188.10000610351562,190.3300018310547,2226700
2024-03-20,187.1902618408203,194.32000732421875,194.75,189.9499969482422,190.4600067138672,2594300
2024-03-21,187.98976135253906,195.14999389648438,198.6699981689453,194.3000030517578,196.6300048828125,3109000
2024-03-22,186.40994262695312,193.50999450683594,195.6199951171875,192.5500030517578,195.2899932861328,2104300
2024-03-25,183.6356201171875,190.6300048828125,192.11000061035156,190.42999267578125,190.80999755859375,1768700
2024-03-26,182.02688598632812,188.9600067138672,191.92999267578125,188.75999450683594,190.6300048828125,2711500
2024-03-27,186.23655700683594,193.3300018310547,193.39999389648438,189.3800048828125,190.67999267578125,2410300
2024-03-28,190.53289794921875,197.7899932861328,198.57000732421875,193.92999267578125,194.0399932861328,3119700
2024-04-01,189.40585327148438,196.6199951171875,199.69000244140625,196.17999267578125,197.39999389648438,2032300
2024-04-02,187.7296905517578,194.8800048828125,195.5800018310547,192.74000549316406,195.22000122070312,2495800
2024-04-03,188.1920928955078,195.36000061035156,196.6699981689453,192.64999389648438,193.0,1928300
2024-04-04,184.90719604492188,191.9499969482422,198.6999969482422,191.3300018310547,198.35000610351562,2931000
2024-04-05,187.61410522460938,194.75999450683594,195.66000366210938,191.1699981689453,192.6300048828125,2087400
2024-04-08,189.47328186035156,196.69000244140625,196.97999572753906,194.02999877929688,194.6300048828125,2456700
2024-04-09,196.63067626953125,204.1199951171875,204.1999969482422,197.9199981689453,198.50999450683594,4598000
2024-04-10,189.1265106201172,196.3300018310547,200.75,195.39999389648438,200.3800048828125,4517700
2024-04-11,191.3517303466797,198.63999938964844,199.08999633789062,194.24000549316406,197.9600067138672,3427100
2024-04-12,185.21546936035156,192.27000427246094,196.66000366210938,192.0800018310547,195.02999877929688,3337200
2024-04-15,183.30807495117188,190.2899932861328,195.8800048828125,189.22999572753906,194.9499969482422,2561500
2024-04-16,184.21359252929688,191.22999572753906,194.0399932861328,190.47000122070312,192.75,2268000
2024-04-17,182.47967529296875,189.42999267578125,192.8300018310547,189.1999969482422,192.4199981689453,2763200
2024-04-18,180.69752502441406,187.5800018310547,190.1999969482422,186.60000610351562,188.32000732421875,2748900
2024-04-19,176.6323699951172,183.36000061035156,187.92999267578125,182.57000732421875,187.08999633789062,4121300
2024-04-22,179.47413635253906,186.30999755859375,188.30999755859375,183.19000244140625,184.44000244140625,3557800
2024-04-23,182.96128845214844,189.92999267578125,190.86000061035156,186.42999267578125,187.0,4177800
2024-04-24,189.29025268554688,196.5,201.67999267578125,195.02999877929688,200.02999877929688,6527500
2024-04-25,190.67742919921875,197.94000244140625,199.10000610351562,195.10000610351562,197.86000061035156,3301500
2024-04-26,194.55955505371094,201.97000122070312,202.60000610351562,196.97000122070312,197.05999755859375,3136300
2024-04-29,196.41873168945312,203.89999389648438,203.97999572753906,200.63999938964844,200.80999755859375,2289200
2024-04-30,193.2494354248047,200.61000061035156,204.1999969482422,200.5,203.6300048828125,2668400
2024-05-01,186.77598571777344,193.88999938964844,199.52000427246094,193.85000610351562,197.05999755859375,3554600
2024-05-02,189.28062438964844,196.49000549316406,197.32000732421875,191.58999633789062,196.10000610351562,2728100
2024-05-03,192.30540466308594,199.6300048828125,201.8300018310547,199.0399932861328,199.0399932861328,2372800
2024-05-06,195.86001586914062,203.32000732421875,203.42999267578125,200.0,200.1699981689453,2168900
2024-05-07,196.10086059570312,203.57000732421875,205.77000427246094,203.52999877929688,204.5,3276700
2024-05-08,197.34352111816406,204.86000061035156,205.0,201.80999755859375,202.38999938964844,2464300
2024-05-09,197.2760772705078,204.7899932861328,205.4600067138672,203.6999969482422,204.47999572753906,2941800
2024-05-10,199.58802795410156,207.19000244140625,207.75999450683594,205.24000549316406,205.9499969482422,2617000
2024-05-13,200.734375,208.3800048828125,209.75,208.0500030517578,208.8300018310547,2314800
2024-05-14,204.1637725830078,211.94000244140625,212.4199981689453,206.7100067138672,209.0,2683400
2024-05-15,207.83395385742188,215.75,215.89999389648438,212.7100067138672,214.42999267578125,3802700
2024-05-16,206.26376342773438,214.1199951171875,216.0,213.66000366210938,216.0,2820000
2024-05-17,206.22523498535156,214.0800018310547,215.6300048828125,212.97000122070312,214.50999450683594,2373800
2024-05-20,209.50047302246094,217.47999572753906,218.6999969482422,213.94000244140625,214.9600067138672,2647900
2024-05-21,208.6912841796875,216.63999938964844,217.0800018310547,214.5500030517578,215.1999969482422,3428800
2024-05-22,231.34832763671875,240.16000366210938,240.3699951171875,224.75,227.7899932861328,9445800
2024-05-23,225.95379638671875,234.55999755859375,241.8800048828125,232.0,240.8800048828125,5578400
2024-05-24,223.97900390625,232.50999450683594,238.32000732421875,232.1999969482422,236.3300018310547,4544300
2024-05-28,224.8748779296875,233.44000244140625,234.2899932861328,230.44000244140625,230.44000244140625,2673800
2024-05-29,219.7789764404297,228.14999389648438,231.6300048828125,227.8300018310547,229.74000549316406,3002100
2024-05-30,221.56112670898438,230.0,230.69000244140625,228.00999450683594,228.67999267578125,2884600
2024-05-31,225.88636779785156,234.49000549316406,234.72999572753906,227.64999389648438,230.10000610351562,6460100
2024-06-03,223.6900177001953,232.2100067138672,236.2899932861328,228.50999450683594,235.08999633789062,3087800
2024-06-04,223.0517120361328,230.6300048828125,232.17999267578125,228.9499969482422,231.86000061035156,2616000
2024-06-05,227.93576049804688,235.67999267578125,235.97000122070312,231.22000122070312,232.0,4016700
2024-06-06,229.60891723632812,237.41000366210938,238.3800048828125,233.2899932861328,234.52000427246094,2757000
2024-06-07,227.05564880371094,234.77000427246094,237.61000061035156,233.27000427246094,236.0500030517578,2208200
2024-06-10,227.6359405517578,235.3699951171875,235.97999572753906,231.19000244140625,232.2899932861328,2765600
2024-06-11,228.53538513183594,236.3000030517578,236.50999450683594,233.1300048828125,233.64999389648438,3098600
2024-06-12,230.60508728027344,238.44000244140625,240.5800018310547,236.44000244140625,239.02999877929688,2515000
2024-06-13,226.33998107910156,234.02999877929688,236.25,232.49000549316406,232.5500030517578,2673800
2024-06-14,223.59329223632812,231.19000244140625,232.57000732421875,229.4499969482422,230.10000610351562,2252400
2024-06-17,224.7538604736328,232.38999938964844,232.5,227.94000244140625,230.5399932861328,2415000
2024-06-18,227.6456298828125,235.3800048828125,236.42999267578125,231.27999877929688,231.74000549316406,2457400
2024-06-20,221.968505859375,229.50999450683594,232.6699981689453,228.80999755859375,232.42999267578125,4562300
2024-06-21,223.45790100097656,231.0500030517578,231.8800048828125,229.07000732421875,231.5399932861328,7167000
2024-06-24,220.95301818847656,228.4600067138672,231.94000244140625,228.10000610351562,231.0500030517578,2413600
2024-06-25,222.77122497558594,230.33999633789062,231.0800018310547,225.83999633789062,231.0800018310547,2001300
2024-06-26,220.35336303710938,227.83999633789062,229.99000549316406,226.57000732421875,229.32000732421875,2510600
2024-06-27,219.2314910888672,226.67999267578125,228.44000244140625,225.97999572753906,227.0,2159000
2024-06-28,220.75955200195312,228.25999450683594,232.07000732421875,226.86000061035156,228.14999389648438,3634000
2024-07-01,217.78077697753906,225.17999267578125,226.9499969482422,223.9199981689453,226.6999969482422,2307800
2024-07-02,220.740234375,228.24000549316406,228.3699951171875,224.55999755859375,224.55999755859375,2417900
2024-07-03,222.46176147460938,230.02000427246094,230.99000549316406,227.0399932861328,228.6699981689453,1425700
2024-07-05,223.30316162109375,230.88999938964844,231.50999450683594,228.3699951171875,231.4199981689453,2251800
2024-07-08,225.67266845703125,233.33999633789062,233.75,231.6699981689453,232.17999267578125,1729500
2024-07-09,224.38636779785156,232.00999450683594,234.25999450683594,230.91000366210938,233.75999450683594,1315500
2024-07-10,230.4987030029297,238.3300018310547,239.08999633789062,233.10000610351562,234.4600067138672,4037600
2024-07-11,226.0595245361328,233.74000549316406,239.1999969482422,233.6699981689453,238.75999450683594,3103700
2024-07-12,230.72116088867188,238.55999755859375,242.16000366210938,236.14999389648438,238.35000610351562,3105700
2024-07-15,229.9087371826172,237.72000122070312,239.77000427246094,236.10000610351562,237.13999938964844,2057200
2024-07-16,235.3343963623047,243.3300018310547,243.8300018310547,237.64999389648438,239.00999450683594,1964600
2024-07-17,227.86805725097656,235.61000061035156,244.13999938964844,235.41000366210938,240.47999572753906,4448200
2024-07-18,231.13699340820312,238.99000549316406,241.10000610351562,236.2899932861328,236.47999572753906,3688500
2024-07-19,223.622314453125,231.22000122070312,240.3000030517578,230.74000549316406,240.3000030517578,2894900
2024-07-22,232.15248107910156,240.0399932861328,240.25999450683594,233.32000732421875,237.1199951171875,2827300
2024-07-23,222.7519073486328,230.32000732421875,236.9199981689453,229.02999877929688,234.10000610351562,3876200
2024-07-24,217.23916625976562,224.6199951171875,230.9600067138672,223.74000549316406,230.6300048828125,4589600
2024-07-25,213.66075134277344,220.9199981689453,227.61000061035156,217.25,221.50999450683594,5114600
2024-07-26,218.98968505859375,226.42999267578125,227.25,222.97000122070312,225.3000030517578,4296200
2024-07-29,219.92784118652344,227.39999389648438,230.27000427246094,225.3300018310547,228.74000549316406,2672200
2024-07-30,217.2005157470703,224.5800018310547,230.17999267578125,222.89999389648438,228.85000610351562,3955600
2024-07-31,223.77706909179688,231.3800048828125,232.16000366210938,226.94000244140625,229.75999450683594,4308100
2024-08-01,211.7264862060547,218.9199981689453,231.1999969482422,216.77000427246094,228.0800018310547,5404600
2024-08-02,201.1266326904297,207.9600067138672,213.07000732421875,206.7100067138672,212.47999572753906,6796700
2024-08-05,193.9697723388672,200.55999755859375,209.08999633789062,198.72999572753906,206.02999877929688,4879700
2024-08-06,198.1478271484375,204.8800048828125,208.6999969482422,201.17999267578125,201.36000061035156,4671100
2024-08-07,194.69512939453125,201.30999755859375,211.4199981689453,200.86000061035156,210.47000122070312,4178200
2024-08-08,206.61996459960938,213.63999938964844,214.13999938964844,204.27000427246094,206.19000244140625,4510100
2024-08-09,204.3665313720703,211.30999755859375,213.72999572753906,209.16000366210938,209.9499969482422,2482100
2024-08-12,205.1112518310547,212.0800018310547,213.39999389648438,210.0,212.14999389648438,1712100
2024-08-13,210.84637451171875,218.00999450683594,218.60000610351562,213.1999969482422,213.25,4011000
2024-08-14,208.24476623535156,215.32000732421875,218.11000061035156,212.8000030517578,216.9199981689453,2409500
2024-08-15,216.3203887939453,223.6699981689453,224.24000549316406,219.4199981689453,220.4499969482422,5197400
2024-08-16,215.85618591308594,223.19000244140625,223.8000030517578,221.4199981689453,223.0500030517578,2573600
2024-08-19,218.5254669189453,225.9499969482422,226.0800018310547,221.49000549316406,222.42999267578125,2803100
2024-08-20,216.1463165283203,223.49000549316406,226.02000427246094,221.38999938964844,223.9600067138672,3994200
2024-08-21,220.02455139160156,227.5,236.86000061035156,224.80999755859375,229.52000427246094,5595100
2024-08-22,214.61825561523438,221.91000366210938,228.25999450683594,221.25999450683594,225.67999267578125,3708100
2024-08-23,220.88528442382812,228.38999938964844,229.2100067138672,224.75999450683594,225.85000610351562,3208000
2024-08-26,218.19668579101562,225.61000061035156,228.19000244140625,223.7899932861328,227.83999633789062,2532300
2024-08-27,224.2219696044922,231.83999633789062,232.35000610351562,224.30999755859375,225.11000061035156,3707500
2024-08-28,219.70538330078125,227.1699981689453,233.25,225.13999938964844,231.0800018310547,3211800
2024-08-29,223.30316162109375,230.88999938964844,235.11000061035156,229.47999572753906,229.49000549316406,2711500
2024-08-30,227.1233673095703,234.83999633789062,236.13999938964844,231.82000732421875,234.94000244140625,2770900
2024-09-03,212.35528564453125,218.7100067138672,230.02000427246094,217.64999389648438,228.69000244140625,4868600
2024-09-04,215.3555145263672,221.8000030517578,223.97999572753906,218.1199951171875,220.00999450683594,2736400
2024-09-05,212.6951141357422,219.05999755859375,221.6199951171875,217.72000122070312,219.47999572753906,2730000
2024-09-06,207.43260192871094,213.63999938964844,219.41000366210938,212.6999969482422,218.57000732421875,3437000
2024-09-09,212.2096710205078,218.55999755859375,219.30999755859375,216.0500030517578,217.00999450683594,2450800
2024-09-10,212.36500549316406,218.72000122070312,219.02999877929688,214.1199951171875,217.5,2048900
2024-09-11,218.530517578125,225.07000732421875,225.72000122070312,214.7100067138672,219.88999938964844,3431800
2024-09-12,215.0933837890625,221.52999877929688,223.4499969482422,218.92999267578125,223.44000244140625,2157800
2024-09-13,218.87034606933594,225.4199981689453,226.5500030517578,223.00999450683594,223.83999633789062,2032300
2024-09-16,216.7925262451172,223.27999877929688,224.4600067138672,220.69000244140625,222.38999938964844,2124000
2024-09-17,218.80238342285156,225.35000610351562,229.0399932861328,222.64999389648438,227.44000244140625,2524500
2024-09-18,216.17111206054688,222.63999938964844,228.8699951171875,221.9600067138672,228.8699951171875,2527300
2024-09-19,226.66702270507812,233.4499969482422,235.75999450683594,227.8699951171875,230.0,7157700
2024-09-20,220.1907958984375,226.77999877929688,232.47999572753906,224.35000610351562,231.97000122070312,5009500
2024-09-23,219.44320678710938,226.00999450683594,226.83999633789062,224.1999969482422,224.77999877929688,1357900
2024-09-24,220.724853515625,227.3300018310547,230.8000030517578,226.82000732421875,228.63999938964844,1984800
2024-09-25,220.05490112304688,226.63999938964844,227.5800018310547,224.10000610351562,224.10000610351562,2042600
2024-09-26,225.705810546875,232.4600067138672,233.97999572753906,224.80999755859375,232.6199951171875,3883000
2024-09-27,225.3076934814453,232.0500030517578,235.25999450683594,231.08999633789062,234.7100067138672,2277800
2024-09-30,223.48231506347656,230.1699981689453,230.55999755859375,226.66000366210938,228.89999389648438,2711400
2024-10-01,217.17117309570312,223.6699981689453,229.44000244140625,222.39999389648438,228.92999267578125,3124400
2024-10-02,221.1132049560547,227.72999572753906,229.97000122070312,223.5399932861328,224.97999572753906,1858000
2024-10-03,219.97718811035156,226.55999755859375,228.83999633789062,224.4600067138672,224.6300048828125,2087700
2024-10-04,221.5987091064453,228.22999572753906,232.36000061035156,226.11000061035156,231.89999389648438,1895200
2024-10-07,219.92868041992188,226.50999450683594,227.30999755859375,224.08999633789062,225.64999389648438,1564700
2024-10-08,222.73468017578125,229.39999389648438,230.50999450683594,224.30999755859375,226.74000549316406,2447400
2024-10-09,226.46315002441406,233.24000549316406,233.5800018310547,229.2899932861328,230.39999389648438,2410700
2024-10-10,223.99691772460938,230.6999969482422,231.8300018310547,228.6699981689453,229.6999969482422,1793700
2024-10-11,226.0941619873047,232.86000061035156,234.0,229.32000732421875,229.32000732421875,1428900
2024-10-14,229.56044006347656,236.42999267578125,237.02999877929688,232.6999969482422,233.8000030517578,1770300
2024-10-15,219.3072509765625,225.8699951171875,236.75999450683594,224.0800018310547,236.00999450683594,4112200
2024-10-16,220.8802032470703,227.49000549316406,230.33999633789062,225.9600067138672,228.85000610351562,1585700
2024-10-17,220.73455810546875,227.33999633789062,233.55999755859375,227.1699981689453,232.52000427246094,3637700
2024-10-18,221.69580078125,228.3300018310547,229.77999877929688,226.97000122070312,229.1699981689453,1763100
2024-10-21,219.11306762695312,225.6699981689453,226.41000366210938,222.41000366210938,226.3000030517578,2212200
2024-10-22,218.09356689453125,224.6199951171875,225.61000061035156,222.7100067138672,224.44000244140625,1833700
2024-10-23,220.2587890625,226.85000610351562,229.50999450683594,224.00999450683594,228.0800018310547,2492000
2024-10-24,223.00657653808594,229.67999267578125,230.33999633789062,227.4199981689453,228.74000549316406,2376100
2024-10-25,223.48231506347656,230.1699981689453,235.1999969482422,230.0399932861328,231.83999633789062,1733500
2024-10-28,223.45321655273438,230.13999938964844,231.9499969482422,228.60000610351562,229.1300048828125,3403700
2024-10-29,228.39532470703125,235.22999572753906,235.86000061035156,229.00999450683594,229.6999969482422,2055900
2024-10-30,223.4337615966797,230.1199951171875,232.99000549316406,229.8800048828125,230.77999877929688,2084400
2024-10-31,216.62744140625,223.11000061035156,230.1999969482422,220.8300018310547,230.16000366210938,4258100
2024-11-01,218.9285888671875,225.47999572753906,226.60000610351562,223.0,223.8699951171875,2922800
2024-11-04,217.6760711669922,224.19000244140625,226.77999877929688,223.44000244140625,225.0,1599600
2024-11-05,211.27757263183594,217.60000610351562,219.30999755859375,215.32000732421875,219.30999755859375,3753400
2024-11-06,219.6762237548828,226.25,228.08999633789062,221.94000244140625,223.67999267578125,3615300
2024-11-07,221.15203857421875,227.77000427246094,230.27000427246094,225.72000122070312,229.6300048828125,2500600
2024-11-08,219.2393035888672,225.8000030517578,228.1199951171875,224.75999450683594,226.55999755859375,3426900
2024-11-11,214.06414794921875,220.47000122070312,225.00999450683594,218.4199981689453,223.85000610351562,3271700
2024-11-12,213.1708984375,219.5500030517578,220.85000610351562,215.89999389648438,220.49000549316406,2593900
2024-11-13,206.65586853027344,212.83999633789062,217.67999267578125,212.44000244140625,216.77000427246094,4609800
2024-11-14,206.07330322265625,212.24000549316406,215.0399932861328,211.4600067138672,213.44000244140625,3214100
2024-11-15,200.3544464111328,206.35000610351562,210.3800048828125,205.39999389648438,208.77000427246094,3881000
2024-11-18,203.5585174560547,209.64999389648438,209.88999938964844,206.11000061035156,206.52000427246094,3774000
2024-11-19,204.3158721923828,210.42999267578125,210.82000732421875,206.8000030517578,207.6999969482422,2958600
2024-11-20,204.8790283203125,211.00999450683594,211.16000366210938,207.25,207.25,3072400
2024-11-21,207.7433319091797,213.9600067138672,215.00999450683594,210.0500030517578,212.2899932861328,2540600
2024-11-22,208.35501098632812,214.58999633789062,214.75,211.5399932861328,211.5399932861328,2695200
2024-11-25,217.0837860107422,223.5800018310547,225.0,216.0,217.74000549316406,7303600
2024-11-26,212.6854248046875,219.0500030517578,233.5500030517578,216.00999450683594,232.14999389648438,6568700
2024-11-27,210.8600311279297,217.1699981689453,219.39999389648438,213.89999389648438,219.32000732421875,2943400
2024-11-29,211.71446228027344,218.0500030517578,221.6999969482422,217.5,219.19000244140625,1992600
2024-12-02,216.6371612548828,223.1199951171875,224.7899932861328,217.00999450683594,218.1300048828125,3240200
2024-12-03,215.1030731201172,221.5399932861328,223.3300018310547,219.9499969482422,221.5800018310547,2340500
2024-12-04,211.9572296142578,218.3000030517578,223.2100067138672,217.86000061035156,223.11000061035156,2635200
2024-12-05,208.31617736816406,214.5500030517578,219.38999938964844,213.86000061035156,217.22999572753906,2474800
2024-12-06,211.86013793945312,218.1999969482422,218.58999633789062,213.72999572753906,214.72999572753906,3189400
2024-12-09,213.57618713378906,219.0399932861328,223.5500030517578,215.16000366210938,215.97000122070312,2467200
2024-12-10,210.2317657470703,215.61000061035156,219.6699981689453,214.5,219.0399932861328,2679400
2024-12-11,211.7041015625,217.1199951171875,219.0399932861328,215.55999755859375,216.02999877929688,3839200
2024-12-12,212.28912353515625,217.72000122070312,218.72999572753906,214.63999938964844,215.14999389648438,2995000
2024-12-13,211.20681762695312,216.61000061035156,217.97000122070312,213.75,215.41000366210938,3067300
2024-12-16,210.91432189941406,216.30999755859375,217.7899932861328,213.66000366210938,214.9199981689453,3409800
2024-12-17,208.48641967773438,213.82000732421875,217.92999267578125,212.36000061035156,215.88999938964844,3240500
2024-12-18,202.5873260498047,207.77000427246094,218.9499969482422,207.25999450683594,215.16000366210938,4077400
2024-12-19,202.59707641601562,207.77999877929688,210.61000061035156,207.22999572753906,209.60000610351562,3941900
2024-12-20,206.497314453125,211.77999877929688,213.36000061035156,205.8300018310547,206.27999877929688,6604100
2024-12-23,209.5297393798828,214.88999938964844,215.5800018310547,211.5500030517578,211.92999267578125,2478500
2024-12-24,212.64991760253906,218.08999633789062,218.2100067138672,213.6699981689453,215.94000244140625,1063500
2024-12-26,212.62066650390625,218.05999755859375,219.07000732421875,215.38999938964844,215.38999938964844,1189000
2024-12-27,211.57737731933594,216.99000549316406,218.25,215.24000549316406,217.42999267578125,1926700
2024-12-30,207.2578582763672,212.55999755859375,214.6300048828125,211.02999877929688,214.25,2578300
2024-12-31,207.16036987304688,212.4600067138672,214.5500030517578,211.07000732421875,214.0,1608800
2025-01-02,206.0780487060547,211.35000610351562,217.25,209.75,215.49000549316406,2378700
2025-01-03,209.9977569580078,215.3699951171875,216.11000061035156,210.39999389648438,212.75999450683594,2547200
2025-01-06,212.56216430664062,218.0,221.52999877929688,214.77999877929688,215.3300018310547,2490700
2025-01-07,210.48529052734375,215.8699951171875,220.27999877929688,214.3000030517578,219.7899932861328,3573100
2025-01-08,214.94129943847656,220.44000244140625,221.16000366210938,212.6300048828125,215.39999389648438,3096400
2025-01-10,207.07260131835938,212.3699951171875,219.3699951171875,211.7899932861328,217.5399932861328,4108500
2025-01-13,207.6381378173828,212.9499969482422,213.3699951171875,208.08999633789062,209.33999633789062,3960600
2025-01-14,209.29571533203125,214.64999389648438,214.8300018310547,211.5399932861328,213.16000366210938,1634600
2025-01-15,212.7766876220703,218.22000122070312,219.58999633789062,215.6999969482422,217.5,3302500
2025-01-16,209.656494140625,215.02000427246094,218.3000030517578,212.7100067138672,218.3000030517578,3116000
2025-01-17,213.69320678710938,219.16000366210938,220.63999938964844,217.83999633789062,220.55999755859375,2871100
2025-01-21,215.9261016845703,221.4499969482422,223.64999389648438,219.16000366210938,219.22999572753906,4090900
2025-01-22,218.49049377441406,224.0800018310547,226.22000122070312,221.10000610351562,221.4499969482422,2883300
2025-01-23,222.65399169921875,228.35000610351562,228.42999267578125,221.52999877929688,221.8800048828125,2608000
2025-01-24,211.94786071777344,217.3699951171875,226.0399932861328,217.1300048828125,224.6199951171875,3929200
2025-01-27,210.04652404785156,215.4199981689453,220.82000732421875,213.63999938964844,217.39999389648438,7088000
2025-01-28,204.29368591308594,209.52000427246094,213.91000366210938,207.89999389648438,212.80999755859375,3748600
2025-01-29,204.67396545410156,209.91000366210938,211.8699951171875,209.00999450683594,209.5399932861328,2258500
2025-01-30,207.10183715820312,212.39999389648438,213.07000732421875,209.10000610351562,210.22999572753906,2976400
2025-01-31,206.6045684814453,211.88999938964844,217.6199951171875,210.69000244140625,211.7100067138672,3486400
2025-02-03,200.12046813964844,205.24000549316406,209.64999389648438,202.77000427246094,209.2899932861328,4483500
2025-02-04,200.87123107910156,206.00999450683594,208.35000610351562,204.07000732421875,204.60000610351562,4651500
2025-02-05,204.56671142578125,209.8000030517578,210.5500030517578,204.16000366210938,205.42999267578125,4515700
2025-02-06,202.64584350585938,207.8300018310547,210.50999450683594,205.75,208.72999572753906,2715100
2025-02-07,200.09120178222656,205.2100067138672,209.5500030517578,203.74000549316406,207.67999267578125,3194700
2025-02-10,199.74993896484375,204.86000061035156,207.2100067138672,202.97000122070312,206.5800018310547,2820500
2025-02-11,198.3848419189453,203.4600067138672,206.6199951171875,202.63999938964844,202.92999267578125,2335700
2025-02-12,200.01318359375,205.1300048828125,205.39999389648438,200.8000030517578,201.00999450683594,2411500
2025-02-13,204.1181640625,209.33999633789062,209.64999389648438,204.99000549316406,204.99000549316406,3134900
2025-02-14,209.2567138671875,214.61000061035156,215.14999389648438,210.6300048828125,211.24000549316406,3938600
2025-02-18,214.72679138183594,220.22000122070312,220.50999450683594,215.77000427246094,217.27000427246094,7400200
2025-02-19,235.63198852539062,241.66000366210938,242.50999450683594,224.10000610351562,230.02000427246094,9789600
2025-02-20,237.73809814453125,243.82000732421875,247.10000610351562,242.5500030517578,243.5399932861328,5889800
2025-02-21,232.95059204101562,238.91000366210938,246.0800018310547,237.75999450683594,244.92999267578125,6176500
2025-02-24,231.0784912109375,236.99000549316406,240.63999938964844,236.17999267578125,240.27999877929688,4778300
2025-02-25,229.43063354492188,235.3000030517578,238.3300018310547,234.3800048828125,238.3300018310547,4136800
2025-02-26,227.8997802734375,233.72999572753906,236.3800048828125,231.8300018310547,235.0399932861328,2908200
2025-02-27,218.2662353515625,223.85000610351562,234.22999572753906,223.5,234.22999572753906,4480000
2025-02-28,224.32131958007812,230.05999755859375,230.1199951171875,223.0500030517578,225.99000549316406,4631200
2025-03-03,222.82949829101562,228.52999877929688,233.8300018310547,225.6699981689453,231.83999633789062,5000100
2025-03-04,221.49765014648438,226.17999267578125,231.44000244140625,223.89999389648438,230.4600067138672,4742400
2025-03-05,224.7195281982422,229.47000122070312,229.86000061035156,222.6999969482422,227.17999267578125,3927300
2025-03-06,218.15823364257812,222.77000427246094,228.8699951171875,222.0500030517578,225.67999267578125,4818700
2025-03-07,221.18426513671875,225.86000061035156,226.66000366210938,219.74000549316406,223.58999633789062,4062900
2025-03-10,211.78298950195312,216.25999450683594,221.14999389648438,213.14999389648438,220.22000122070312,4946600
2025-03-11,204.75164794921875,209.0800018310547,217.38999938964844,206.47999572753906,217.3300018310547,4225500
2025-03-12,202.3425750732422,206.6199951171875,212.99000549316406,205.6199951171875,209.0800018310547,3917700
2025-03-13,199.58094787597656,203.8000030517578,208.16000366210938,202.58999633789062,206.0,2625200
2025-03-14,204.428466796875,208.75,209.85000610351562,206.22999572753906,207.36000061035156,2614100
2025-03-17,207.29783630371094,211.67999267578125,213.3699951171875,207.3699951171875,207.75,2514500
2025-03-18,204.8300018310547,209.16000366210938,210.75,207.69000244140625,210.5800018310547,2657000
2025-03-19,205.6232147216797,209.97000122070312,213.02999877929688,208.08999633789062,209.19000244140625,2571900
2025-03-20,201.63746643066406,205.89999389648438,208.1699981689453,204.80999755859375,208.1699981689453,2775400
2025-03-21,200.1685333251953,204.39999389648438,205.27000427246094,201.27999877929688,203.05999755859375,5070200
2025-03-24,207.94415283203125,212.33999633789062,214.0800018310547,209.74000549316406,210.0,3458300
2025-03-25,209.1584930419922,213.5800018310547,214.6300048828125,210.97999572753906,210.97999572753906,2549800
2025-03-26,206.17164611816406,210.52999877929688,214.89999389648438,209.69000244140625,213.14999389648438,2453300
2025-03-27,204.61453247070312,208.94000244140625,211.0,205.8800048828125,208.67999267578125,2884800
2025-03-28,197.3873291015625,201.55999755859375,208.05999755859375,200.77000427246094,207.82000732421875,3521400
2025-03-31,197.4950408935547,201.6699981689453,202.52000427246094,196.8000030517578,200.22999572753906,3803700
2025-04-01,195.0565948486328,199.17999267578125,200.83999633789062,195.1199951171875,200.25999450683594,3383000
2025-04-02,195.45811462402344,199.58999633789062,202.3000030517578,195.75999450683594,195.75999450683594,2437500
2025-04-03,177.13546752929688,180.8800048828125,193.1999969482422,180.39999389648438,191.82000732421875,6970800
2025-04-04,161.19248962402344,164.60000610351562,176.41000366210938,164.13999938964844,174.61000061035156,9633900
2025-04-07,167.7929229736328,171.33999633789062,183.30999755859375,158.64999389648438,163.1999969482422,10236500
2025-04-08,162.651611328125,166.08999633789062,179.24000549316406,161.8300018310547,175.3800048828125,7640300
2025-04-09,192.55938720703125,196.6300048828125,198.4600067138672,164.5800018310547,166.0500030517578,10941600
2025-04-10,174.66761779785156,178.36000061035156,189.6300048828125,170.92999267578125,189.6300048828125,8547900
2025-04-11,175.45103454589844,179.16000366210938,180.97999572753906,167.1999969482422,172.1300048828125,6528800
2025-04-14,174.9026336669922,178.60000610351562,185.0,175.5800018310547,183.25999450683594,3912100
2025-04-15,175.8231658935547,179.5399932861328,182.47000122070312,178.07000732421875,178.60000610351562,3035900
2025-04-16,172.2879180908203,175.92999267578125,177.36000061035156,170.38999938964844,173.6699981689453,4392800
2025-04-17,172.6208953857422,176.27000427246094,178.33999633789062,173.5800018310547,177.88999938964844,3341200
2025-04-21,171.3673858642578,174.99000549316406,175.47000122070312,171.0,172.64999389648438,3650100
2025-04-22,174.8047332763672,178.5,179.19000244140625,175.2100067138672,176.77999877929688,3735000
2025-04-23,179.3192596435547,183.11000061035156,187.83999633789062,182.47999572753906,185.99000549316406,4323300
2025-04-24,191.18838500976562,195.22999572753906,197.52000427246094,191.0500030517578,192.72999572753906,5606700
2025-04-25,190.56163024902344,194.58999633789062,196.3699951171875,191.69000244140625,192.9499969482422,3206800
2025-04-28,189.7096405029297,193.72000122070312,196.3699951171875,189.9499969482422,193.36000061035156,3401400
2025-04-29,188.68136596679688,192.6699981689453,194.82000732421875,190.36000061035156,191.5,3939800
2025-04-30,190.88478088378906,194.9199981689453,195.33999633789062,186.72999572753906,187.5500030517578,4415400
2025-05-01,189.72923278808594,193.74000549316406,197.1699981689453,193.44000244140625,196.83999633789062,3439500
2025-05-02,194.47882080078125,198.58999633789062,199.7100067138672,197.14999389648438,197.86000061035156,3795900
2025-05-05,193.62681579589844,197.72000122070312,199.72000122070312,195.58999633789062,196.16000366210938,2022700
2025-05-06,191.5507049560547,195.60000610351562,197.39999389648438,194.25999450683594,194.88999938964844,2535500
2025-05-07,195.7225341796875,199.86000061035156,200.72000122070312,195.69000244140625,196.6300048828125,2965700
2025-05-08,198.58204650878906,202.77999877929688,206.0399932861328,200.9600067138672,202.25999450683594,3422400
2025-05-09,203.21412658691406,207.50999450683594,210.13999938964844,206.2899932861328,207.24000549316406,3537500
2025-05-12,218.53036499023438,223.14999389648438,225.49000549316406,219.10000610351562,222.8699951171875,6358100
2025-05-13,221.9873046875,226.67999267578125,227.07000732421875,220.25,221.97000122070312,4373500
2025-05-14,222.12440490722656,226.82000732421875,228.33999633789062,224.00999450683594,227.63999938964844,4648400
2025-05-15,222.41818237304688,227.1199951171875,228.8000030517578,224.00999450683594,224.42999267578125,3044800
2025-05-16,222.4084014892578,227.11000061035156,227.8000030517578,225.52999877929688,227.16000366210938,3617900
2025-05-19,219.89158630371094,224.5399932861328,226.80999755859375,223.07000732421875,223.63999938964844,3974200
2025-05-20,219.84263610839844,224.49000549316406,224.60000610351562,221.92999267578125,222.32000732421875,2619200
2025-05-21,217.61961364746094,222.22000122070312,227.38999938964844,221.3300018310547,222.60000610351562,5091100
2025-05-22,207.5426483154297,211.92999267578125,224.39999389648438,211.3699951171875,221.4600067138672,8968300
2025-05-23,206.1128692626953,210.47000122070312,211.0399932861328,206.0,208.97999572753906,4848100
2025-05-27,212.3999786376953,216.88999938964844,217.8699951171875,212.72999572753906,215.14999389648438,5542200
2025-05-28,211.15625,215.6199951171875,218.19000244140625,215.4600067138672,217.61000061035156,3853900
2025-05-29,211.2835693359375,215.75,218.5,214.0,218.05999755859375,3800200
2025-05-30,209.5502166748047,213.97999572753906,215.83999633789062,210.8000030517578,215.27999877929688,10923400
2025-06-02,210.98977661132812,215.4499969482422,216.1999969482422,212.22000122070312,212.39999389648438,2233700
2025-06-03,213.90809631347656,218.42999267578125,218.88999938964844,213.0500030517578,214.02999877929688,3515800
2025-06-04,214.95086669921875,218.5,221.19000244140625,217.3300018310547,219.8300018310547,4199200
2025-06-05,214.4983367919922,218.0399932861328,222.58999633789062,217.02000427246094,219.8000030517578,3496200
2025-06-06,218.6497802734375,222.25999450683594,225.35000610351562,220.6300048828125,220.67999267578125,3246000
2025-06-09,223.9620819091797,227.66000366210938,229.17999267578125,223.41000366210938,223.82000732421875,4110600
2025-06-10,229.54981994628906,233.33999633789062,234.75999450683594,228.00999450683594,228.27000427246094,4164800
2025-06-11,228.7628173828125,232.5399932861328,236.1199951171875,230.27000427246094,234.08999633789062,3311800
2025-06-12,228.34962463378906,232.1199951171875,233.74000549316406,230.85000610351562,231.52999877929688,2144000
2025-06-13,221.3748016357422,225.02999877929688,228.94000244140625,224.3800048828125,227.55999755859375,3349600
2025-06-16,228.03482055664062,231.8000030517578,231.9199981689453,227.5,228.1300048828125,3344900
2025-06-17,223.7456512451172,227.44000244140625,231.69000244140625,227.30999755859375,229.1999969482422,2726500
2025-06-18,225.9197540283203,229.64999389648438,233.0800018310547,228.83999633789062,230.4199981689453,2551500
2025-06-20,224.64088439941406,228.35000610351562,232.02000427246094,225.57000732421875,231.75,5316100
2025-06-23,227.22813415527344,230.97999572753906,231.30999755859375,226.6999969482422,228.19000244140625,3573500
2025-06-24,231.16317749023438,234.97999572753906,235.61000061035156,233.2100067138672,233.91000366210938,3636100
2025-06-25,230.86805725097656,234.67999267578125,236.4499969482422,231.6199951171875,235.60000610351562,3548600
2025-06-26,233.44549560546875,237.3000030517578,238.22000122070312,235.10000610351562,236.02999877929688,3057800
2025-06-27,233.11102294921875,236.9600067138672,239.07000732421875,234.94000244140625,237.0,3617800
2025-06-30,234.15379333496094,238.02000427246094,238.6699981689453,235.66000366210938,237.5399932861328,3258700
2025-07-01,236.73123168945312,240.63999938964844,241.80999755859375,235.82000732421875,236.5399932861328,3500600
2025-07-02,241.16798400878906,245.14999389648438,245.44000244140625,240.02999877929688,240.47000122070312,3538300
2025-07-03,241.68936157226562,245.67999267578125,246.5500030517578,244.17999267578125,245.83999633789062,1837400
2025-07-07,237.88223266601562,241.80999755859375,245.30999755859375,240.36000061035156,244.80999755859375,2783400
2025-07-08,241.16798400878906,245.14999389648438,247.72999572753906,242.66000366210938,243.60000610351562,3964200
2025-07-09,238.7774658203125,242.72000122070312,246.9199981689453,241.0,245.58999633789062,3339000
2025-07-10,241.1483154296875,245.1300048828125,245.74000549316406,242.22000122070312,244.77999877929688,2428200
2025-07-11,240.7056121826172,244.67999267578125,245.77999877929688,242.00999450683594,243.36000061035156,2037700
2025-07-14,239.50543212890625,243.4600067138672,244.1300048828125,241.42999267578125,243.1300048828125,2045400
2025-07-15,236.51483154296875,240.4199981689453,245.75999450683594,240.27000427246094,244.99000549316406,3001700
2025-07-16,236.7017364501953,240.61000061035156,241.00999450683594,236.27999877929688,239.75,2842100
2025-07-17,237.05589294433594,240.97000122070312,241.88999938964844,239.0800018310547,239.94000244140625,2830800
2025-07-18,237.92160034179688,241.85000610351562,243.60000610351562,240.8300018310547,243.0399932861328,2761600
2025-07-21,236.57383728027344,240.47999572753906,245.72000122070312,240.35000610351562,243.3300018310547,2997800
2025-07-22,231.67471313476562,235.5,241.39999389648438,234.0,238.7899932861328,6027500
2025-07-23,224.37525939941406,228.0800018310547,232.5,222.0,230.77000427246094,7845200
2025-07-24,222.69302368164062,226.3699951171875,228.47000122070312,223.75999450683594,228.47000122070312,4771000
2025-07-25,224.11947631835938,227.82000732421875,228.64999389648438,225.17999267578125,226.63999938964844,2695600
2025-07-28,227.0215606689453,230.77000427246094,231.0399932861328,228.86000061035156,228.91000366210938,3136200
2025-07-29,227.00189208984375,230.75,232.63999938964844,229.13999938964844,231.97999572753906,2174200
2025-07-30,227.3560333251953,231.11000061035156,232.1999969482422,229.10000610351562,231.8300018310547,2324100
2025-07-31,220.98130798339844,224.6300048828125,229.77999877929688,222.3699951171875,228.27999877929688,5339800
2025-08-01,218.1087188720703,221.7100067138672,223.16000366210938,218.85000610351562,222.36000061035156,3740500
2025-08-04,218.78749084472656,222.39999389648438,223.52999877929688,220.60000610351562,221.4199981689453,2848100
2025-08-05,217.09544372558594,220.67999267578125,225.0800018310547,219.38999938964844,222.97999572753906,3099000
2025-08-06,217.10528564453125,220.69000244140625,221.1699981689453,218.3699951171875,220.67999267578125,2547300
2025-08-07,219.49581909179688,223.1199951171875,225.63999938964844,222.19000244140625,223.10000610351562,2522000
2025-08-08,220.3123321533203,223.9499969482422,224.94000244140625,221.14999389648438,223.05999755859375,3078200
2025-08-11,220.43040466308594,224.07000732421875,228.32000732421875,223.44000244140625,225.0,3479200
2025-08-12,228.2709197998047,232.0399932861328,234.2899932861328,225.42999267578125,226.47999572753906,4979300
2025-08-13,233.77012634277344,237.6300048828125,238.27000427246094,232.1199951171875,232.97000122070312,3804700
2025-08-14,232.3732147216797,236.2100067138672,236.8699951171875,232.97000122070312,234.86000061035156,2182100
2025-08-15,227.86761474609375,231.6300048828125,237.2100067138672,231.0399932861328,237.2100067138672,3826400
2025-08-18,227.7888946533203,231.5500030517578,234.0399932861328,230.5,230.5,2260100
2025-08-19,226.69692993164062,230.44000244140625,234.22000122070312,229.80999755859375,231.63999938964844,4569000
2025-08-20,240.89251708984375,244.8699951171875,245.39999389648438,228.11000061035156,239.69000244140625,8529000
2025-08-21,242.93875122070312,246.9499969482422,250.17999267578125,243.49000549316406,244.0,5991800
2025-08-22,248.10345458984375,252.1999969482422,257.2099914550781,248.22000122070312,249.17999267578125,4990800
2025-08-25,250.3562774658203,254.49000549316406,255.27000427246094,251.25999450683594,252.63999938964844,3419100
2025-08-26,251.47776794433594,255.6300048828125,257.7200012207031,253.69000244140625,254.0,5735100
2025-08-27,251.34986877441406,255.5,256.25,252.8699951171875,254.58999633789062,3347400
2025-08-28,250.1201629638672,254.25,258.1300048828125,254.1699981689453,256.8800048828125,4038100
2025-08-29,247.22793579101562,251.30999755859375,254.25,250.52000427246094,253.05999755859375,3599000
2025-09-02,245.2526397705078,248.32000732421875,248.52000427246094,243.8300018310547,246.5,3115700
2025-09-03,241.52920532226562,244.5500030517578,248.8699951171875,241.92999267578125,248.32000732421875,3024500
2025-09-04,243.06993103027344,246.11000061035156,246.32000732421875,239.5800018310547,243.00999450683594,3574700
2025-09-05,244.01808166503906,247.07000732421875,249.72999572753906,245.3800048828125,246.22000122070312,2166100
2025-09-08,245.9044647216797,248.97999572753906,249.42999267578125,246.63999938964844,248.0500030517578,2417900
2025-09-09,245.11436462402344,248.17999267578125,249.32000732421875,246.52000427246094,248.11000061035156,2154600
2025-09-10,244.15634155273438,247.2100067138672,249.0500030517578,245.8699951171875,248.3000030517578,2474500
2025-09-11,245.1736297607422,248.24000549316406,250.0,246.49000549316406,247.75999450683594,2244700
2025-09-12,242.18106079101562,245.2100067138672,248.22999572753906,244.97999572753906,247.6199951171875,2110000
2025-09-15,241.88475036621094,244.91000366210938,246.97000122070312,238.77999877929688,239.4199981689453,2333100
2025-09-16,241.0847625732422,244.10000610351562,247.32000732421875,242.22000122070312,242.9499969482422,2913800
2025-09-17,243.27734375,246.32000732421875,250.1999969482422,244.11000061035156,244.11000061035156,2617600
2025-09-18,245.97360229492188,249.0500030517578,252.0,248.27999877929688,251.08999633789062,3129900
2025-09-19,242.299560546875,245.3300018310547,249.9499969482422,243.5800018310547,249.9499969482422,5182600
2025-09-22,244.2847137451172,247.33999633789062,249.0399932861328,245.5800018310547,245.61000061035156,2167300
2025-09-23,243.73165893554688,246.77999877929688,250.36000061035156,246.3300018310547,248.3699951171875,2085700
2025-09-24,245.53904724121094,248.61000061035156,249.82000732421875,246.6999969482422,247.0500030517578,2479000
2025-09-25,244.47239685058594,247.52999877929688,248.3300018310547,243.52000427246094,247.57000732421875,2410900
2025-09-26,244.50201416015625,247.55999755859375,249.41000366210938,245.75999450683594,248.7100067138672,2648500
2025-09-29,241.7662353515625,244.7899932861328,249.5,243.85000610351562,249.3300018310547,3296300
2025-09-30,242.6649932861328,245.6999969482422,247.1999969482422,243.07000732421875,245.80999755859375,2507800
2025-10-01,236.3242950439453,239.27999877929688,245.58999633789062,236.22000122070312,243.7100067138672,4916300
2025-10-02,238.6847686767578,241.6699981689453,243.97000122070312,240.44000244140625,242.1300048828125,2774100
2025-10-03,239.0008087158203,241.99000549316406,246.1999969482422,241.58999633789062,242.0500030517578,2118500
2025-10-06,239.5045166015625,242.5,245.00999450683594,238.9199981689453,245.00999450683594,4021200
2025-10-07,230.86260986328125,233.75,243.38999938964844,233.02999877929688,243.38999938964844,3397800
2025-10-08,234.990966796875,237.92999267578125,239.36000061035156,233.8000030517578,233.8000030517578,4017900
2025-10-09,234.94158935546875,237.8800048828125,238.38999938964844,235.10000610351562,236.83999633789062,3069200
2025-10-10,222.53672790527344,225.32000732421875,239.0399932861328,224.7100067138672,237.74000549316406,4425100
2025-10-13,231.771240234375,234.6699981689453,235.82000732421875,226.9600067138672,228.32000732421875,4609900
2025-10-14,232.49220275878906,235.39999389648438,238.77999877929688,229.1300048828125,231.14999389648438,3431200
2025-10-15,235.20823669433594,238.14999389648438,238.8000030517578,234.9600067138672,238.19000244140625,2773700
2025-10-16,238.62550354003906,241.61000061035156,244.22999572753906,238.52000427246094,240.3300018310547,2898700
2025-10-17,239.86993408203125,242.8699951171875,243.5399932861328,238.58999633789062,241.77000427246094,2401200
2025-10-20,243.17855834960938,246.22000122070312,246.83999633789062,242.8699951171875,242.8699951171875,2759700
2025-10-21,243.3267059326172,246.3699951171875,248.8300018310547,245.61000061035156,247.83999633789062,2361300
2025-10-22,237.3909454345703,240.36000061035156,241.63999938964844,236.91000366210938,240.5399932861328,5270800
2025-10-23,240.28477478027344,243.2899932861328,244.9499969482422,237.25999450683594,237.3000030517578,2774900
2025-10-24,235.06997680664062,238.00999450683594,245.50999450683594,236.6300048828125,245.4499969482422,3489000
2025-10-27,240.00820922851562,243.00999450683594,244.11000061035156,238.35000610351562,239.6999969482422,3506200
2025-10-28,236.39341735839844,239.35000610351562,243.67999267578125,238.83999633789062,241.50999450683594,2421000
2025-10-29,232.1366424560547,235.0399932861328,241.91000366210938,234.52000427246094,239.75999450683594,3438500
2025-10-30,230.02310180664062,232.89999389648438,236.6300048828125,232.82000732421875,235.0399932861328,2940400
2025-10-31,231.2379150390625,234.1300048828125,235.6300048828125,231.5399932861328,232.89999389648438,2698100
2025-11-03,230.72433471679688,233.61000061035156,237.0,232.61000061035156,234.9499969482422,2266900
2025-11-04,226.54660034179688,229.3800048828125,233.77999877929688,228.75999450683594,233.00999450683594,3956600
2025-11-05,233.08480834960938,236.0,238.47999572753906,230.08999633789062,230.08999633789062,2971900
2025-11-06,230.00335693359375,232.8800048828125,237.0399932861328,231.1999969482422,235.19000244140625,3126800
2025-11-07,225.65769958496094,228.47999572753906,230.80999755859375,223.47000122070312,229.39999389648438,4583600
2025-11-10,229.13421630859375,232.0,233.22999572753906,228.3300018310547,231.86000061035156,3264100
2025-11-11,230.52679443359375,233.41000366210938,235.0,231.44000244140625,231.50999450683594,3159900
2025-11-12,238.45762634277344,241.44000244140625,242.0,235.83999633789062,236.9199981689453,4677300
2025-11-13,234.5959014892578,237.52999877929688,241.32000732421875,235.44000244140625,239.63999938964844,4897200
2025-11-14,231.988525390625,234.88999938964844,237.0500030517578,230.42999267578125,234.19000244140625,3319600
2025-11-17,227.09967041015625,229.94000244140625,234.22000122070312,227.77999877929688,233.02999877929688,3885000
2025-11-18,227.28732299804688,230.1300048828125,232.35000610351562,227.72000122070312,229.85000610351562,3953400
2025-11-19,229.33175659179688,232.1999969482422,234.39999389648438,229.3300018310547,229.5399932861328,2790300
2025-11-20,222.418212890625,225.1999969482422,235.27999877929688,224.25,234.2899932861328,4316600
2025-11-21,229.4502716064453,232.32000732421875,234.52999877929688,225.0,225.6300048828125,4467200
2025-11-24,236.4427947998047,239.39999389648438,240.75999450683594,233.25,233.64999389648438,8219900
2025-11-25,248.9069366455078,252.02000427246094,252.47999572753906,229.2899932861328,230.60000610351562,7515100
2025-11-26,254.73406982421875,257.9200134277344,260.739990234375,252.9199981689453,255.22000122070312,5253100
2025-11-28,262.0623779296875,265.3399963378906,265.75,258.0400085449219,259.3599853515625,2589700
2025-12-01,263.2179260253906,266.510009765625,268.4700012207031,262.0,262.95001220703125,7333500
2025-12-02,269.5981140136719,272.9700012207031,274.1300048828125,266.0400085449219,268.19000244140625,5266400
2025-12-03,274.80303955078125,278.239990234375,278.7799987792969,271.5799865722656,274.489990234375,4203100
2025-12-04,273.8351745605469,277.260009765625,279.54998779296875,275.5400085449219,277.3599853515625,3253800
2025-12-05,277.8153991699219,281.2900085449219,283.239990234375,279.1400146484375,280.1199951171875,3834100
2025-12-08,276.6557312011719,279.1300048828125,282.5400085449219,276.9700012207031,281.7799987792969,3190800
2025-12-09,273.7913513183594,276.239990234375,279.7900085449219,275.25,277.5799865722656,2584600
2025-12-10,279.0740966796875,281.57000732421875,282.3999938964844,274.260009765625,275.6499938964844,5176700
2025-12-11,280.87799072265625,283.3900146484375,283.80999755859375,278.489990234375,281.57000732421875,2840000
2025-12-12,276.84405517578125,279.32000732421875,284.2300109863281,278.07000732421875,282.4200134277344,4182300
2025-12-15,277.9541015625,280.44000244140625,282.7200012207031,278.8999938964844,281.6300048828125,3594500
2025-12-16,275.93218994140625,278.3999938964844,282.0,277.7200012207031,280.9599914550781,3625300
2025-12-17,268.637451171875,271.0400085449219,280.42999267578125,270.1400146484375,279.3800048828125,4006000
2025-12-18,272.4830322265625,274.9200134277344,277.1000061035156,272.79998779296875,275.69000244140625,4104700
2025-12-19,272.0072937011719,274.44000244140625,278.4100036621094,274.0,275.0899963378906,9419900
2025-12-22,273.37506103515625,275.82000732421875,278.4100036621094,275.3999938964844,277.44000244140625,3369600
2025-12-23,274.2770080566406,276.7300109863281,277.4700012207031,274.5799865722656,275.6300048828125,1763400
2025-12-24,275.0996398925781,277.55999755859375,279.1700134277344,276.8599853515625,277.1600036621094,887700
2025-12-26,274.3860168457031,276.8399963378906,278.0,275.94000244140625,277.7300109863281,1746400
2025-12-29,273.186767578125,275.6300048828125,277.8699951171875,274.1499938964844,275.6400146484375,1747900
2025-12-30,272.3839111328125,274.82000732421875,277.1000061035156,274.5899963378906,276.70001220703125,1287400
2025-12-31,268.7960510253906,271.20001220703125,275.79998779296875,271.1000061035156,274.82000732421875,1790900
2026-01-02,271.3135070800781,273.739990234375,276.0,270.4599914550781,275.07000732421875,3608900
2026-01-05,274.83203125,277.2900085449219,281.8299865722656,273.7699890136719,275.2200012207031,3006700
2026-01-06,290.34332275390625,292.94000244140625,294.1499938964844,279.5899963378906,279.739990234375,6428000
2026-01-07,290.2937927246094,292.8900146484375,293.0799865722656,286.75,288.8900146484375,3570200
2026-01-08,296.5081787109375,299.1600036621094,299.5299987792969,289.510009765625,290.3800048828125,3775500
2026-01-09,298.262451171875,300.92999267578125,303.20001220703125,297.1199951171875,299.7699890136719,3088100
2026-01-12,291.255126953125,293.8599853515625,298.3500061035156,292.45001220703125,297.5,3308200
2026-01-13,293.58428955078125,296.2099914550781,302.4800109863281,294.6600036621094,295.17999267578125,2759600
2026-01-14,295.3485412597656,297.989990234375,298.8599853515625,293.2799987792969,294.5899963378906,3597400
2026-01-15,299.422119140625,302.1000061035156,305.6099853515625,298.6400146484375,301.80999755859375,4087000
2026-01-16,297.5885009765625,300.25,309.17999267578125,299.69000244140625,307.5299987792969,4261100
2026-01-20,293.0491027832031,295.6700134277344,302.0299987792969,293.82000732421875,296.989990234375,4321000
2026-01-21,302.26666259765625,304.9700012207031,308.1499938964844,298.3999938964844,298.9599914550781,3753900
2026-01-22,305.7851867675781,308.5199890136719,313.19000244140625,306.8699951171875,309.4700012207031,2793700
2026-01-23,302.89111328125,305.6000061035156,313.5400085449219,303.1600036621094,310.489990234375,2907000
2026-01-26,301.315185546875,304.010009765625,306.69000244140625,303.760009765625,305.1499938964844,2757700
2026-01-27,301.1367492675781,303.8299865722656,306.989990234375,300.760009765625,305.239990234375,3552700
2026-01-28,314.814453125,317.6300048828125,318.1700134277344,308.5,313.0,3888300
2026-01-29,315.875,318.70001220703125,319.260009765625,308.92999267578125,316.07000732421875,3131800
2026-01-30,308.124267578125,310.8800048828125,317.32000732421875,309.2699890136719,314.9599914550781,4405600
2026-02-02,314.05126953125,316.8599853515625,318.32000732421875,306.9200134277344,306.9200134277344,3773000
2026-02-03,308.5306701660156,311.2900085449219,321.2300109863281,308.9599914550781,316.8599853515625,5546000
2026-02-04,317.5995788574219,320.44000244140625,323.0899963378906,311.7300109863281,315.75,6275300
2026-02-05,319.2646179199219,322.1199951171875,327.30999755859375,313.3999938964844,316.3399963378906,5935700
2026-02-06,317.6094970703125,320.45001220703125,327.75,316.0,322.9599914550781,6775000
2026-02-09,320.1071472167969,322.9700012207031,323.8900146484375,317.8900146484375,319.3299865722656,3163100
2026-02-10,322.2777099609375,325.1600036621094,326.3800048828125,319.75,320.739990234375,2642000
2026-02-11,334.01275634765625,337.0,337.8399963378906,327.4200134277344,329.8800048828125,3908900
2026-02-12,328.4227294921875,331.3599853515625,343.9599914550781,330.8299865722656,339.3699951171875,4483000
2026-02-13,334.11187744140625,337.1000061035156,337.9599914550781,328.45001220703125,329.7300109863281,3443200
2026-02-17,334.51824951171875,337.510009765625,340.4599914550781,330.3299865722656,335.6000061035156,4547600
2026-02-18,343.2996826171875,346.3699951171875,355.3599853515625,340.0,352.2099914550781,8474700
2026-02-19,342.2391662597656,345.29998779296875,353.2799987792969,339.6600036621094,344.9700012207031,5101200
2026-02-20,351.8829345703125,355.0299987792969,355.45001220703125,345.010009765625,345.29998779296875,5341300
2026-02-23,352.0018615722656,355.1499938964844,358.0,349.5799865722656,352.5299987792969,4132900
2026-02-24,352.9335021972656,356.0899963378906,362.489990234375,355.6400146484375,359.0,4541300
2026-02-25,357.60174560546875,360.79998779296875,363.20001220703125,358.6000061035156,361.0199890136719,3425000
2026-02-26,351.2089538574219,354.3500061035156,361.67999267578125,351.0,360.7799987792969,4662700
2026-02-27,352.6361999511719,355.7900085449219,356.0299987792969,346.57000732421875,351.2900085449219,6109500
2026-03-02,349.28619384765625,352.4100036621094,356.04998779296875,348.0,348.7799987792969,3326000
2026-03-03,337.037109375,338.989990234375,342.5899963378906,335.0799865722656,339.1499938964844,5312400
2026-03-04,339.5426025390625,341.510009765625,346.3900146484375,339.2900085449219,344.0400085449219,3202500
2026-03-05,327.8205261230469,329.7200012207031,339.95001220703125,325.3299865722656,336.75,5368400
2026-03-06,313.99066162109375,315.80999755859375,323.3299865722656,314.30999755859375,319.4800109863281,4536700
2026-03-09,317.8681945800781,319.7099914550781,319.8999938964844,307.2200012207031,310.239990234375,5945400
2026-03-10,316.973388671875,318.80999755859375,323.94000244140625,317.0799865722656,318.7200012207031,4351500
2026-03-11,317.3810119628906,319.2200012207031,321.5299987792969,316.3500061035156,319.2900085449219,2575600
2026-03-12,305.4998474121094,307.2699890136719,314.3699951171875,304.260009765625,313.8999938964844,4826800
2026-03-13,304.3067932128906,306.07000732421875,311.25,303.510009765625,309.8800048828125,2792700
2026-03-16,309.12884521484375,310.9200134277344,313.8599853515625,309.1099853515625,311.6700134277344,3254900
2026-03-17,311.8530578613281,313.6600036621094,315.2900085449219,310.7200012207031,312.20001220703125,2699700
2026-03-18,306.812255859375,308.5899963378906,316.9100036621094,307.8800048828125,313.3299865722656,3555200
2026-03-19,308.651611328125,310.44000244140625,313.5899963378906,300.9100036621094,303.3699951171875,3289100
2026-03-20,307.64739990234375,309.42999267578125,312.25,305.95001220703125,311.1499938964844,7029300
2026-03-23,310.39154052734375,312.19000244140625,317.5299987792969,311.7099914550781,315.4800109863281,3495300
2026-03-24,319.9759826660156,321.8299865722656,324.7900085449219,311.1000061035156,311.25,3404200
2026-03-25,320.1748352050781,322.0299987792969,328.17999267578125,320.6199951171875,325.0,2460900
2026-03-26,311.61444091796875,313.4200134277344,321.1199951171875,312.3900146484375,319.1000061035156,3923800
2026-03-27,305.6689147949219,307.44000244140625,313.19000244140625,306.17999267578125,310.8699951171875,3282100
2026-03-30,301.3538818359375,303.1000061035156,314.0299987792969,300.55999755859375,314.0299987792969,3914600
2026-03-31,316.3072814941406,318.1400146484375,319.32000732421875,306.5,309.3699951171875,4285900
2026-04-01,318.7331848144531,320.5799865722656,325.75,317.2099914550781,318.20001220703125,3145000
2026-04-02,316.506103515625,318.3399963378906,321.7099914550781,309.7900085449219,310.2699890136719,2386700
2026-04-06,325.47412109375,327.3599853515625,327.4599914550781,318.75,320.0,2353700
2026-04-07,325.52386474609375,327.4100036621094,327.510009765625,321.0,323.7900085449219,2344400
2026-04-08,344.2155456542969,346.2099914550781,349.0,341.9800109863281,345.80999755859375,4522200
2026-04-09,349.3358459472656,351.3599853515625,352.7799987792969,345.489990234375,346.0,2927400
2026-04-10,348.1228942871094,350.1400146484375,354.2900085449219,349.010009765625,353.0,2505100
2026-04-13,347.99365234375,350.010009765625,350.0799865722656,344.0,348.69000244140625,2485100
2026-04-14,346.591796875,348.6000061035156,352.6700134277344,347.04998779296875,352.42999267578125,2320400
2026-04-15,345.9355773925781,347.94000244140625,349.04998779296875,341.32000732421875,347.0,2440900
2026-04-16,351.7618103027344,353.79998779296875,355.8500061035156,346.44000244140625,346.9700012207031,2198800
2026-04-17,369.3101501464844,371.45001220703125,372.45001220703125,357.82000732421875,359.6700134277344,5248200
2026-04-20,378.8548278808594,381.04998779296875,385.4599914550781,369.70001220703125,373.0199890136719,4003700
2026-04-21,373.1081237792969,375.2699890136719,383.6000061035156,373.3399963378906,383.0,3296900
2026-04-22,379.22271728515625,381.4200134277344,383.6000061035156,378.25,380.80999755859375,2517700
2026-04-23,401.5533447265625,403.8800048828125,408.3699951171875,395.79998779296875,397.8999938964844,4449600
2026-04-24,397.2681579589844,399.57000732421875,406.29998779296875,398.260009765625,404.07000732421875,4512300
2026-04-27,390.3283386230469,392.5899963378906,399.5199890136719,386.739990234375,398.2900085449219,2763800
2026-04-28,381.0521240234375,383.260009765625,393.1000061035156,382.45001220703125,389.79998779296875,3846500
2026-04-29,387.0672607421875,389.30999755859375,394.95001220703125,386.5299987792969,392.0,3097800
2026-04-30,399.9426574707031,402.260009765625,402.6700134277344,391.17999267578125,393.3900146484375,3746100
2026-05-01,395.39898681640625,397.69000244140625,399.04998779296875,393.4100036621094,397.05999755859375,1986900
2026-05-04,394.7328186035156,397.0199890136719,402.260009765625,391.8800048828125,402.260009765625,1914100
2026-05-05,402.43817138671875,404.7699890136719,405.6600036621094,393.19000244140625,396.75,3343100
2026-05-06,413.2356262207031,415.6300048828125,416.0,404.3999938964844,404.7099914550781,3893600
2026-05-07,406.1665954589844,408.5199890136719,413.9599914550781,405.9100036621094,413.9100036621094,3938200
2026-05-08,414.1204833984375,416.5199890136719,418.75,413.5199890136719,418.0,3754400
2026-05-11,420.2947082519531,422.7300109863281,422.8800048828125,411.4800109863281,412.2099914550781,3796800
2026-05-12,417.2324523925781,419.6499938964844,420.9100036621094,406.7699890136719,417.8500061035156,4848600
2026-05-13,429.8990783691406,432.3900146484375,435.7200012207031,426.0,427.8399963378906,3486300
2026-05-14,424.3313293457031,426.7900085449219,433.9100036621094,424.07000732421875,430.9700012207031,2811400
2026-05-15,415.08489990234375,417.489990234375,422.17999267578125,414.54998779296875,415.17999267578125,3709600
2026-05-18,416.1686096191406,418.5799865722656,428.67999267578125,414.07000732421875,426.8999938964844,4228500
2026-05-19,411.9232177734375,414.30999755859375,423.4200134277344,407.19000244140625,409.1600036621094,6190400
2026-05-20,395.75689697265625,398.04998779296875,406.1400146484375,383.8500061035156,390.0,10353000
2026-05-21,381.9966125488281,384.2099914550781,397.0,381.2200012207031,396.6400146484375,5303500
2026-05-22,394.78253173828125,397.07000732421875,400.7300109863281,387.010009765625,389.1400146484375,6107800
2026-05-26,417.5207824707031,419.94000244140625,422.94000244140625,406.25,406.25,6628900
2026-05-27,414.47845458984375,416.8800048828125,433.5,407.7799987792969,433.5,4095400
2026-05-28,416.5961608886719,419.010009765625,420.95001220703125,407.260009765625,417.1400146484375,5055600
2026-05-29,411.46588134765625,413.8500061035156,423.45001220703125,408.1700134277344,423.45001220703125,5507900
2026-06-01,400.37017822265625,402.69000244140625,409.989990234375,399.9100036621094,404.25,4335600
2026-06-02,421.91455078125,423.20001220703125,423.9700012207031,409.0,409.5,4954100
2026-06-03,436.340576171875,437.6700134277344,439.70001220703125,418.2200012207031,424.8999938964844,5700700
2026-06-04,427.4576416015625,428.760009765625,432.2699890136719,420.5899963378906,427.7799987792969,3376700
2026-06-05,400.1707763671875,401.3900146484375,419.6400146484375,401.260009765625,419.489990234375,7242600
2026-06-08,402.6632080078125,403.8900146484375,415.0,401.5899963378906,414.95001220703125,5140200
2026-06-09,403.3909606933594,404.6199951171875,414.5899963378906,383.32000732421875,411.95001220703125,5415600
2026-06-10,391.4772644042969,392.6700134277344,411.0,392.4100036621094,399.55999755859375,3868600
2026-06-11,410.8781433105469,412.1300048828125,413.04998779296875,397.010009765625,401.94000244140625,4846300
2026-06-12,416.5209655761719,417.7900085449219,422.2300109863281,406.3999938964844,411.95001220703125,2997500
2026-06-15,426.2812194824219,427.5799865722656,433.0,424.8999938964844,429.1700134277344,4530800
2026-06-16,414.73638916015625,416.0,438.6499938964844,415.70001220703125,426.5899963378906,4350900
2026-06-17,413.19110107421875,414.45001220703125,428.0899963378906,414.05999755859375,421.6400146484375,3603500
2026-06-18,433.14031982421875,434.4599914550781,438.55999755859375,426.2300109863281,426.2300109863281,11869000
2026-06-22,444.1268615722656,445.4800109863281,445.9100036621094,436.3900146484375,437.75,4289100
2026-06-23,406.02294921875,407.260009765625,426.8599853515625,403.2099914550781,426.8599853515625,7559600
2026-06-24,411.905029296875,413.1600036621094,414.4599914550781,404.0,407.2200012207031,4648300
2026-06-25,416.6605224609375,417.92999267578125,431.8699951171875,412.3500061035156,424.25,6440800
2026-06-26,385.7347717285156,386.9100036621094,406.0799865722656,382.82000732421875,405.42999267578125,12478800
2026-06-29,390.5899658203125,391.7799987792969,398.05999755859375,385.010009765625,388.1600036621094,5169300
2026-06-30,395.9635925292969,397.1700134277344,401.82000732421875,391.7799987792969,392.9200134277344,6480700
2026-07-01,387.7984924316406,388.9800109863281,397.5799865722656,387.8399963378906,390.8900146484375,5750900
2026-07-02,376.0143737792969,377.1600036621094,396.0,372.6400146484375,390.80999755859375,6144100
2026-07-06,387.64892578125,388.8299865722656,395.92999267578125,385.9599914550781,387.9100036621094,4447300
2026-07-07,377.8786926269531,379.0299987792969,381.6600036621094,371.0899963378906,376.3299865722656,4813800
2026-07-08,384.2293395996094,385.3999938964844,389.7799987792969,374.25,374.25,2609500
2026-07-09,392.4443359375,393.6400146484375,399.3500061035156,388.3299865722656,395.6000061035156,3106100
2026-07-10,394.4482116699219,395.6499938964844,398.3399963378906,385.92999267578125,387.5,2325800
2026-07-13,384.8374938964844,386.010009765625,390.5899963378906,382.95001220703125,389.8299865722656,3483500
2026-07-14,391.5570068359375,392.75,400.4700012207031,392.0,398.2799987792969,3139500
2026-07-15,389.7724304199219,390.9599914550781,400.69000244140625,383.2799987792969,397.3500061035156,3099900
2026-07-16,379.3741455078125,380.5299987792969,386.07000732421875,377.6499938964844,380.010009765625,4096300
2026-07-17,374.2198181152344,375.3599853515625,379.7799987792969,366.7200012207031,369.5,3674800
2026-07-20,371.3286437988281,372.4599914550781,382.1000061035156,372.0299987792969,382.1000061035156,2942700
2026-07-21,381.647216796875,382.80999755859375,388.0,377.69000244140625,387.9100036621094,4224500
2026-07-22,385.5553283691406,386.7300109863281,387.6199951171875,376.0,376.8299865722656,3176100
2026-07-23,379.0451354980469,380.20001220703125,382.9700012207031,373.3900146484375,376.1499938964844,3904100
2026-07-24,370.73046875,371.8599853515625,379.5799865722656,366.8399963378906,374.6400146484375,4080600
2026-07-27,370.7604064941406,371.8900146484375,376.79998779296875,361.6700134277344,372.7799987792969,5193300
2026-07-28,364.7187805175781,365.8299865722656,373.2799987792969,363.1499938964844,366.44000244140625,5046600
2026-07-29,352.296630859375,353.3699951171875,368.94000244140625,352.7300109863281,361.7099914550781,5473900
2026-07-30,365.5562438964844,366.6700134277344,368.4200134277344,361.2099914550781,364.8500061035156,6365800
2026-07-31,366.29400634765625,367.4100036621094,376.7300109863281,362.8599853515625,374.1600036621094,3515300
2026-08-03,360.7807922363281,361.8800048828125,365.7300109863281,353.1099853515625,363.0,3743100
2026-08-04,379.1348876953125,380.2900085449219,382.4800109863281,368.9100036621094,372.3900146484375,5082700
2026-08-05,376.5427551269531,377.69000244140625,384.1300048828125,374.6400146484375,379.489990234375,2853300
2026-08-06,376.1639099121094,377.30999755859375,384.3999938964844,373.0,375.25,3581300
2026-08-07,388.7455749511719,389.92999267578125,392.20001220703125,385.0,386.7300109863281,2837500
2026-08-10,382.7637939453125,383.92999267578125,394.0400085449219,383.8299865722656,392.8399963378906,2800400
2026-08-11,384.129638671875,385.29998779296875,394.1600036621094,384.7099914550781,389.9800109863281,2360900
2026-08-12,383.26226806640625,384.42999267578125,396.260009765625,383.6099853515625,396.2200012207031,2764300
2026-08-13,380.01220703125,381.1700134277344,389.70001220703125,380.510009765625,387.44000244140625,2864300
2026-08-14,388.2072448730469,389.3900146484375,389.45001220703125,380.1199951171875,381.9800109863281,2115600
2026-08-17,389.0945129394531,390.2799987792969,396.95001220703125,389.75,391.5400085449219,3122800
2026-08-18,375.4859924316406,376.6300048828125,385.8999938964844,370.2300109863281,381.3599853515625,5779100
2026-08-19,372.126220703125,373.260009765625,383.3999938964844,369.7300109863281,378.54998779296875,6308300
2026-08-20,369.1153869628906,370.239990234375,384.95001220703125,369.6400146484375,376.9200134277344,3498600
2026-08-21,371.95672607421875,373.0899963378906,378.6400146484375,371.4599914550781,374.7200012207031,5456800
2026-08-24,370.0425720214844,371.1700134277344,373.0,362.3500061035156,372.7200012207031,4755000
2026-08-25,372.5249938964844,373.6600036621094,377.4800109863281,367.2900085449219,376.239990234375,3739900
2026-08-26,370.670654296875,371.79998779296875,377.489990234375,370.739990234375,374.8699951171875,2178700
2026-08-27,373.38238525390625,374.5199890136719,376.8800048828125,368.0299987792969,374.5,3894100
2026-08-28,360.68109130859375,361.7799987792969,374.1400146484375,359.5400085449219,374.1400146484375,3350500
2026-08-31,361.0400085449219,362.1400146484375,366.7200012207031,361.92999267578125,364.8800048828125,2754200
2026-09-01,354.5199890136719,354.5199890136719,356.44000244140625,348.6600036621094,356.3299865722656,3571600
2026-09-02,355.7099914550781,355.7099914550781,360.7699890136719,352.0299987792969,355.6400146484375,3338400
2026-09-03,356.5,356.5,357.2699890136719,348.0,350.4200134277344,3778100
2026-09-04,362.25,362.25,364.989990234375,358.989990234375,359.8399963378906,3559800
2026-09-08,363.20001220703125,363.20001220703125,366.3599853515625,360.3900146484375,364.8900146484375,3138000
2026-09-09,365.07000732421875,365.07000732421875,366.9700012207031,359.3699951171875,359.3699951171875,2358700
2026-09-10,362.239990234375,362.239990234375,363.3099060058594,356.12200927734375,356.12200927734375,820746
