Price,Adj Close,Close,High,Low,Open,Volume
Ticker,ADP,ADP,ADP,ADP,ADP,ADP
Date,,,,,,
2021-09-10,180.775146484375,200.8300018310547,204.42999267578125,200.64999389648438,204.39999389648438,1843800
2021-09-13,180.0280303955078,200.0,204.25999450683594,199.10000610351562,202.49000549316406,1894800
2021-09-14,179.79396057128906,199.74000549316406,201.47999572753906,199.2100067138672,201.38999938964844,1906300
2021-09-15,180.49607849121094,200.52000427246094,200.88999938964844,198.94000244140625,199.32000732421875,1661800
2021-09-16,178.58778381347656,198.39999389648438,201.52999877929688,198.1999969482422,200.67999267578125,1430600
2021-09-17,178.830810546875,198.6699981689453,199.77999877929688,197.4199981689453,198.3699951171875,3083600
2021-09-20,178.9568634033203,198.80999755859375,199.52999877929688,196.10000610351562,196.8800048828125,1915900
2021-09-21,177.37258911132812,197.0500030517578,199.38999938964844,196.35000610351562,199.25,985600
2021-09-22,178.5067596435547,198.30999755859375,199.0,196.7899932861328,198.13999938964844,968500
2021-09-23,181.27920532226562,201.38999938964844,202.4600067138672,198.52000427246094,198.85000610351562,1041200
2021-09-24,182.0263214111328,202.22000122070312,202.88999938964844,200.72000122070312,200.9499969482422,884100
2021-09-27,181.5762939453125,201.72000122070312,203.1699981689453,201.1300048828125,201.38999938964844,1357500
2021-09-28,177.57965087890625,197.27999877929688,200.50999450683594,196.77999877929688,199.7899932861328,1245900
2021-09-29,179.64996337890625,199.5800018310547,200.6999969482422,197.8800048828125,198.00999450683594,1001500
2021-09-30,179.95602416992188,199.9199981689453,204.33999633789062,199.7100067138672,200.47000122070312,1739700
2021-10-01,181.82830810546875,202.0,203.22000122070312,197.00999450683594,200.50999450683594,1379000
2021-10-04,180.00103759765625,199.97000122070312,202.6699981689453,199.2100067138672,200.38999938964844,1453500
2021-10-05,183.41258239746094,203.75999450683594,204.7100067138672,199.3300018310547,200.07000732421875,1039000
2021-10-06,184.51974487304688,204.99000549316406,205.2100067138672,202.13999938964844,202.3300018310547,1486100
2021-10-07,186.8420867919922,207.57000732421875,208.80999755859375,206.02999877929688,206.52000427246094,1439600
2021-10-08,185.57289123535156,206.16000366210938,208.22000122070312,205.94000244140625,207.9199981689453,1002500
2021-10-11,183.4035186767578,203.75,205.75999450683594,203.6300048828125,205.55999755859375,816900
2021-10-12,183.4845428466797,203.83999633789062,204.63999938964844,203.00999450683594,204.07000732421875,1132600
2021-10-13,184.69976806640625,205.19000244140625,205.75999450683594,202.25,205.1699981689453,1129800
2021-10-14,187.69723510742188,208.52000427246094,208.9499969482422,206.2100067138672,206.36000061035156,1361900
2021-10-15,191.71185302734375,212.97999572753906,213.0500030517578,209.13999938964844,210.0,1747200
2021-10-18,191.34278869628906,212.57000732421875,213.64999389648438,210.5,211.57000732421875,1310700
2021-10-19,192.6119842529297,213.97999572753906,214.0800018310547,211.72999572753906,213.25,834300
2021-10-20,191.77484130859375,213.0500030517578,215.30999755859375,212.5,214.99000549316406,1048700
2021-10-21,193.26907348632812,214.7100067138672,215.0,212.07000732421875,213.0800018310547,939700
2021-10-22,196.00550842285156,217.75,218.75999450683594,215.1699981689453,215.5,1361400
2021-10-25,196.29354858398438,218.07000732421875,219.25999450683594,217.30999755859375,217.83999633789062,863300
2021-10-26,196.9506378173828,218.8000030517578,220.13999938964844,217.82000732421875,218.14999389648438,1819500
2021-10-27,199.78607177734375,221.9499969482422,224.75999450683594,220.5399932861328,223.16000366210938,2043500
2021-10-28,200.67727661132812,222.94000244140625,223.7899932861328,221.14999389648438,222.3800048828125,1428700
2021-10-29,202.07247924804688,224.49000549316406,225.0,222.08999633789062,222.08999633789062,1609700
2021-11-01,199.9571075439453,222.13999938964844,224.6199951171875,221.05999755859375,224.11000061035156,1173000
2021-11-02,202.68455505371094,225.1699981689453,225.24000549316406,222.1199951171875,223.24000549316406,1249000
2021-11-03,203.20663452148438,225.75,226.08999633789062,222.16000366210938,222.3300018310547,1079300
2021-11-04,203.6027069091797,226.19000244140625,227.30999755859375,225.07000732421875,225.6699981689453,1190400
2021-11-05,206.67218017578125,229.60000610351562,230.1199951171875,227.77999877929688,229.25999450683594,1394700
2021-11-08,204.7729034423828,227.49000549316406,230.1999969482422,226.6999969482422,230.1999969482422,1366200
2021-11-09,206.31210327148438,229.1999969482422,229.50999450683594,225.69000244140625,228.0399932861328,1093100
2021-11-10,206.7081756591797,229.63999938964844,231.6999969482422,228.3699951171875,229.9499969482422,1081000
2021-11-11,205.7270050048828,228.5500030517578,229.72999572753906,227.67999267578125,228.83999633789062,709700
2021-11-12,207.86936950683594,230.92999267578125,231.8699951171875,228.67999267578125,229.60000610351562,1207600
2021-11-15,209.7866668701172,233.05999755859375,233.24000549316406,229.77000427246094,231.8000030517578,1028800
2021-11-16,211.75794982910156,235.25,237.05999755859375,234.0,234.02999877929688,1454500
2021-11-17,213.2252197265625,236.8800048828125,237.14999389648438,233.60000610351562,234.1199951171875,1080300
2021-11-18,214.18829345703125,237.9499969482422,238.25,235.02000427246094,236.9600067138672,1151000
2021-11-19,214.15234375,237.91000366210938,239.25999450683594,236.92999267578125,239.0800018310547,1301700
2021-11-22,213.1711883544922,236.82000732421875,241.17999267578125,235.92999267578125,237.47999572753906,1080600
2021-11-23,212.55908203125,236.13999938964844,236.52999877929688,234.08999633789062,235.6199951171875,1456800
2021-11-24,210.96583557128906,234.3699951171875,235.8000030517578,232.47000122070312,234.9600067138672,1511100
2021-11-26,206.69017028808594,229.6199951171875,234.3000030517578,229.07000732421875,233.74000549316406,1366700
2021-11-29,212.34303283691406,235.89999389648438,237.17999267578125,230.11000061035156,231.11000061035156,2094300
2021-11-30,207.8332977294922,230.88999938964844,236.5500030517578,229.3300018310547,236.50999450683594,4374200
2021-12-01,204.2147979736328,226.8699951171875,232.22999572753906,224.5500030517578,229.91000366210938,2391600
2021-12-02,209.21954345703125,232.42999267578125,234.10000610351562,228.38999938964844,228.38999938964844,2121700
2021-12-03,206.9331817626953,229.88999938964844,233.14999389648438,227.75999450683594,232.1999969482422,1561700
2021-12-06,209.0125274658203,232.1999969482422,233.32000732421875,230.67999267578125,232.3800048828125,2289600
2021-12-07,211.64996337890625,235.1300048828125,236.13999938964844,233.24000549316406,234.9499969482422,1753400
2021-12-08,210.9028778076172,234.3000030517578,235.64999389648438,232.1999969482422,233.27000427246094,1045700
2021-12-09,210.43267822265625,232.74000549316406,233.91000366210938,231.58999633789062,233.25999450683594,1326200
2021-12-10,214.0402374267578,236.72999572753906,236.86000061035156,233.4499969482422,234.0399932861328,1276100
2021-12-13,212.494140625,235.02000427246094,237.2899932861328,234.7899932861328,236.33999633789062,1638900
2021-12-14,207.7021026611328,229.72000122070312,234.6999969482422,227.67999267578125,233.85000610351562,1501300
2021-12-15,211.49954223632812,233.9199981689453,234.05999755859375,229.39999389648438,229.4499969482422,1536400
2021-12-16,209.62799072265625,231.85000610351562,234.5500030517578,231.0399932861328,233.9199981689453,1597200
2021-12-17,207.4218292236328,229.41000366210938,232.85000610351562,228.72999572753906,230.14999389648438,2452100
2021-12-20,207.37664794921875,229.36000061035156,229.6199951171875,225.14999389648438,226.47999572753906,1137800
2021-12-21,209.7183837890625,231.9499969482422,232.17999267578125,229.25999450683594,231.22999572753906,1105400
2021-12-22,214.8449249267578,237.6199951171875,237.75999450683594,231.66000366210938,231.8300018310547,1340600
2021-12-23,218.8050994873047,242.0,243.75999450683594,237.8699951171875,237.9199981689453,1532500
2021-12-27,222.6839599609375,246.2899932861328,246.7100067138672,242.50999450683594,243.10000610351562,1020700
2021-12-28,222.48504638671875,246.07000732421875,246.91000366210938,245.42999267578125,246.27000427246094,924400
2021-12-29,224.23910522460938,248.00999450683594,248.9600067138672,244.6999969482422,247.5399932861328,936800
2021-12-30,222.02391052246094,245.55999755859375,248.3300018310547,245.36000061035156,248.25,753300
2021-12-31,222.9461212158203,246.5800018310547,247.75,244.58999633789062,245.4499969482422,884200
2022-01-03,220.6224822998047,244.00999450683594,247.47000122070312,241.42999267578125,245.05999755859375,1397000
2022-01-04,221.65321350097656,245.14999389648438,247.0399932861328,243.17999267578125,243.17999267578125,2124400
2022-01-05,219.76353454589844,243.05999755859375,246.49000549316406,242.8300018310547,244.5800018310547,2181200
2022-01-06,218.25360107421875,241.38999938964844,244.69000244140625,240.6300048828125,242.4600067138672,1946500
2022-01-07,215.947998046875,238.83999633789062,241.24000549316406,238.72999572753906,240.77999877929688,1462000
2022-01-10,210.56826782226562,232.88999938964844,237.9199981689453,231.92999267578125,236.33999633789062,1929300
2022-01-11,212.72923278808594,235.27999877929688,235.4199981689453,230.10000610351562,233.66000366210938,1293000
2022-01-12,212.14154052734375,234.6300048828125,236.1300048828125,233.2100067138672,235.1300048828125,1202500
2022-01-13,209.7003173828125,231.92999267578125,236.0500030517578,231.30999755859375,234.86000061035156,1110600
2022-01-14,206.82508850097656,228.75,231.33999633789062,226.92999267578125,229.94000244140625,1562900
2022-01-18,204.7364959716797,226.44000244140625,227.82000732421875,222.75999450683594,226.0,1939500
2022-01-19,203.28077697753906,224.8300018310547,229.4499969482422,224.72999572753906,227.63999938964844,1613900
2022-01-20,199.1940460205078,220.30999755859375,228.3800048828125,219.72999572753906,226.60000610351562,2051800
2022-01-21,196.3188018798828,217.1300048828125,221.72999572753906,216.8300018310547,220.57000732421875,2164400
2022-01-24,197.32247924804688,218.24000549316406,219.3699951171875,211.02999877929688,215.8800048828125,2981600
2022-01-25,196.09278869628906,216.8800048828125,218.69000244140625,212.74000549316406,213.08999633789062,2487300
2022-01-26,178.53414916992188,197.4600067138672,208.27000427246094,196.5399932861328,205.49000549316406,5686900
2022-01-27,177.5937957763672,196.4199981689453,200.5800018310547,194.55999755859375,198.25,3526600
2022-01-28,180.170654296875,199.27000427246094,199.2899932861328,192.69000244140625,196.94000244140625,2261800
2022-01-31,186.40933227539062,206.1699981689453,207.36000061035156,198.08999633789062,199.33999633789062,3113300
2022-02-01,185.85775756835938,205.55999755859375,207.25999450683594,202.5800018310547,206.47999572753906,2122700
2022-02-02,187.97349548339844,207.89999389648438,208.32000732421875,205.22000122070312,205.55999755859375,2149900
2022-02-03,185.468994140625,205.1300048828125,207.64999389648438,203.86000061035156,204.3300018310547,1938000
2022-02-04,186.48165893554688,206.25,207.3300018310547,201.22999572753906,203.88999938964844,2016400
2022-02-07,186.2375030517578,205.97999572753906,207.97999572753906,205.24000549316406,206.88999938964844,1581900
2022-02-08,188.4346466064453,208.41000366210938,208.89999389648438,204.0,204.7100067138672,1503800
2022-02-09,190.92103576660156,211.16000366210938,211.38999938964844,209.27000427246094,210.47000122070312,2078700
2022-02-10,185.8396759033203,205.5399932861328,208.30999755859375,204.17999267578125,207.25,2270600
2022-02-11,184.25743103027344,203.7899932861328,207.39999389648438,203.69000244140625,206.39999389648438,2678700
2022-02-14,182.62091064453125,201.97999572753906,204.6999969482422,199.69000244140625,204.3800048828125,1899600
2022-02-15,184.46542358398438,204.02000427246094,204.80999755859375,202.5500030517578,204.47999572753906,1412000
2022-02-16,184.664306640625,204.24000549316406,205.22999572753906,201.33999633789062,203.41000366210938,1833900
2022-02-17,181.24659729003906,200.4600067138672,203.72999572753906,199.99000549316406,202.91000366210938,1600700
2022-02-18,181.23753356933594,200.4499969482422,202.0800018310547,199.1999969482422,200.0500030517578,2744400
2022-02-22,180.74026489257812,199.89999389648438,202.4499969482422,198.4499969482422,200.4499969482422,1690200
2022-02-23,177.47625732421875,196.2899932861328,202.0800018310547,195.8800048828125,200.99000549316406,1646700
2022-02-24,181.0295867919922,200.22000122070312,200.7100067138672,192.25999450683594,193.5,1965400
2022-02-25,184.7727813720703,204.36000061035156,204.5399932861328,199.82000732421875,201.02999877929688,1336400
2022-02-28,184.8451385498047,204.44000244140625,204.8699951171875,201.19000244140625,203.42999267578125,2234600
2022-03-01,182.9192657470703,202.30999755859375,204.5500030517578,201.14999389648438,203.5399932861328,1503200
2022-03-02,186.51780700683594,206.2899932861328,207.3300018310547,202.22000122070312,202.9499969482422,1674600
2022-03-03,185.08018493652344,204.6999969482422,209.61000061035156,203.97000122070312,208.86000061035156,2192200
2022-03-04,188.47979736328125,208.4600067138672,208.61000061035156,202.6199951171875,203.57000732421875,1492300
2022-03-07,188.41653442382812,208.38999938964844,211.8000030517578,206.47000122070312,207.72000122070312,2535500
2022-03-08,185.6950225830078,205.3800048828125,213.05999755859375,204.94000244140625,207.83999633789062,2326300
2022-03-09,189.6009521484375,209.6999969482422,211.13999938964844,206.07000732421875,210.3300018310547,1791600
2022-03-10,190.30064392089844,209.42999267578125,210.1199951171875,205.00999450683594,206.50999450683594,2399300
2022-03-11,188.33795166015625,207.27000427246094,212.35000610351562,206.6999969482422,210.6300048828125,1664800
2022-03-14,188.0925750732422,207.0,209.72000122070312,206.2100067138672,207.57000732421875,2064100
2022-03-15,192.9176025390625,212.30999755859375,212.8800048828125,208.6199951171875,210.0,2220200
2022-03-16,193.05386352539062,212.4600067138672,214.55999755859375,207.86000061035156,212.99000549316406,2086300
2022-03-17,194.38050842285156,213.9199981689453,214.0,211.35000610351562,211.72000122070312,1453700
2022-03-18,195.0801544189453,214.69000244140625,217.47000122070312,212.22999572753906,213.9199981689453,6168400
2022-03-21,193.1174774169922,212.52999877929688,215.27999877929688,210.36000061035156,214.25,2064500
2022-03-22,195.55270385742188,215.2100067138672,215.5500030517578,211.3699951171875,212.66000366210938,1893900
2022-03-23,193.15383911132812,212.57000732421875,215.7899932861328,212.47000122070312,215.77999877929688,1120200
2022-03-24,197.13377380371094,216.9499969482422,217.08999633789062,212.7100067138672,213.83999633789062,1153300
2022-03-25,199.03286743164062,219.0399932861328,219.07000732421875,216.52999877929688,217.7100067138672,1249800
2022-03-28,200.49578857421875,220.64999389648438,220.6699981689453,218.1199951171875,219.08999633789062,1202800
2022-03-29,204.40304565429688,224.9499969482422,225.44000244140625,222.0,222.86000061035156,1560800
2022-03-30,206.95635986328125,227.75999450683594,228.52000427246094,222.63999938964844,223.67999267578125,1628800
2022-03-31,206.7564697265625,227.5399932861328,232.07000732421875,227.52999877929688,229.17999267578125,3306800
2022-04-01,212.17208862304688,233.5,233.89999389648438,227.08999633789062,228.27000427246094,1934800
2022-04-04,213.69862365722656,235.17999267578125,236.1300048828125,233.3699951171875,233.75999450683594,1962700
2022-04-05,216.2610626220703,238.0,240.6300048828125,234.5500030517578,234.92999267578125,2519300
2022-04-06,216.0702362060547,237.7899932861328,239.0500030517578,235.3800048828125,235.69000244140625,2308600
2022-04-07,216.71539306640625,238.5,239.55999755859375,236.5500030517578,236.5800018310547,2141700
2022-04-08,215.99754333496094,237.7100067138672,239.67999267578125,236.77000427246094,238.3800048828125,1469300
2022-04-11,209.86410522460938,230.9600067138672,238.72000122070312,230.5800018310547,237.72999572753906,2087400
2022-04-12,209.9549560546875,231.05999755859375,234.92999267578125,230.60000610351562,234.25999450683594,1703600
2022-04-13,212.39015197753906,233.74000549316406,234.1699981689453,231.77999877929688,231.85000610351562,1566200
2022-04-14,208.2648468017578,229.1999969482422,234.6699981689453,228.6199951171875,233.74000549316406,2213600
2022-04-18,206.44757080078125,227.1999969482422,229.77999877929688,225.3000030517578,228.0,2253000
2022-04-19,208.6283416748047,229.60000610351562,230.4600067138672,225.38999938964844,227.1999969482422,2263300
2022-04-20,211.37246704101562,232.6199951171875,233.1199951171875,231.08999633789062,231.77000427246094,1545700
2022-04-21,209.15533447265625,230.17999267578125,235.25,229.57000732421875,233.3699951171875,1343100
2022-04-22,203.10366821289062,223.52000427246094,232.1999969482422,223.3000030517578,230.58999633789062,1622300
2022-04-25,206.32029724121094,227.05999755859375,227.41000366210938,221.7100067138672,223.1699981689453,1810300
2022-04-26,201.97694396972656,222.27999877929688,227.22000122070312,222.1699981689453,224.63999938964844,2175600
2022-04-27,207.17445373535156,228.0,232.77999877929688,223.47999572753906,225.0,2292300
2022-04-28,208.7010040283203,229.67999267578125,231.69000244140625,227.5800018310547,229.22000122070312,2248200
2022-04-29,198.2514190673828,218.17999267578125,229.16000366210938,217.47999572753906,228.67999267578125,2621400
2022-05-02,199.28729248046875,219.32000732421875,222.0399932861328,215.1300048828125,219.7899932861328,2283200
2022-05-03,201.3044891357422,221.5399932861328,222.9499969482422,219.1300048828125,219.97000122070312,1957300
2022-05-04,207.9740447998047,228.8800048828125,229.4199981689453,220.30999755859375,221.82000732421875,1631500
2022-05-05,198.59664916992188,218.55999755859375,228.2899932861328,216.14999389648438,228.2899932861328,2103500
2022-05-06,197.1246795654297,216.94000244140625,218.1999969482422,213.91000366210938,217.1699981689453,1581600
2022-05-09,190.62777709960938,209.7899932861328,215.22999572753906,209.13999938964844,214.0399932861328,2602600
2022-05-10,192.94483947753906,212.33999633789062,214.8699951171875,209.35000610351562,212.6699981689453,2527400
2022-05-11,189.4828338623047,208.52999877929688,214.02999877929688,207.77000427246094,210.63999938964844,2111100
2022-05-12,188.52874755859375,207.47999572753906,208.8699951171875,204.32000732421875,207.33999633789062,1912600
2022-05-13,189.71910095214844,208.7899932861328,209.97999572753906,206.8699951171875,209.27000427246094,2390800
2022-05-16,189.5464630126953,208.60000610351562,209.9199981689453,205.75999450683594,208.6199951171875,1941200
2022-05-17,195.32554626464844,214.9600067138672,215.5800018310547,210.86000061035156,211.8000030517578,1836500
2022-05-18,189.4556121826172,208.5,213.5800018310547,207.8000030517578,213.47999572753906,1628800
2022-05-19,187.95631408691406,206.85000610351562,209.5500030517578,205.5399932861328,208.0800018310547,1617900
2022-05-20,189.58277893066406,208.63999938964844,209.8699951171875,203.6300048828125,208.86000061035156,2651300
2022-05-23,193.50819396972656,212.9600067138672,213.08999633789062,209.72999572753906,211.2899932861328,1488200
2022-05-24,193.29922485351562,212.72999572753906,213.60000610351562,209.77999877929688,212.00999450683594,1863700
2022-05-25,194.36233520507812,213.89999389648438,214.6999969482422,211.33999633789062,212.17999267578125,1339500
2022-05-26,198.34228515625,218.27999877929688,219.91000366210938,214.57000732421875,215.0,1348300
2022-05-27,204.13951110839844,224.66000366210938,224.7100067138672,219.63999938964844,220.0,1464600
2022-05-31,202.57664489746094,222.94000244140625,225.22999572753906,221.32000732421875,224.16000366210938,3007200
2022-06-01,199.28729248046875,219.32000732421875,224.6999969482422,218.92999267578125,224.02999877929688,1398700
2022-06-02,203.27633666992188,223.7100067138672,223.8699951171875,217.57000732421875,219.6300048828125,1412200
2022-06-03,200.52308654785156,220.67999267578125,222.88999938964844,219.5,222.6699981689453,1445000
2022-06-06,199.45993041992188,219.50999450683594,224.22000122070312,219.10000610351562,222.49000549316406,1408700
2022-06-07,201.97694396972656,222.27999877929688,222.74000549316406,217.82000732421875,217.82000732421875,1081000
2022-06-08,199.89605712890625,219.99000549316406,221.80999755859375,218.5800018310547,220.8800048828125,1030700
2022-06-09,196.92893981933594,215.6999969482422,221.00999450683594,215.55999755859375,218.47999572753906,1080400
2022-06-10,193.2039794921875,211.6199951171875,214.22000122070312,210.4600067138672,212.9499969482422,1839000
2022-06-13,186.94094848632812,204.75999450683594,208.94000244140625,204.10000610351562,206.8800048828125,1796100
2022-06-14,186.36581420898438,204.1300048828125,205.52000427246094,201.99000549316406,205.52000427246094,1780400
2022-06-15,189.12295532226562,207.14999389648438,210.13999938964844,203.66000366210938,205.97999572753906,1784500
2022-06-16,182.54042053222656,199.94000244140625,205.17999267578125,198.5500030517578,203.5800018310547,1796000
2022-06-17,182.85081481933594,200.27999877929688,201.47999572753906,196.61000061035156,199.44000244140625,3328300
2022-06-21,188.83995056152344,206.83999633789062,207.42999267578125,202.91000366210938,203.42999267578125,1769300
2022-06-22,189.35121154785156,207.39999389648438,209.77999877929688,203.97999572753906,204.50999450683594,1505600
2022-06-23,192.2544708251953,210.5800018310547,211.1699981689453,208.19000244140625,209.50999450683594,1357600
2022-06-24,199.75,218.7899932861328,218.85000610351562,211.97000122070312,212.08999633789062,1912000
2022-06-27,199.311767578125,218.30999755859375,220.5,215.97999572753906,218.27000427246094,1619000
2022-06-28,195.43165588378906,214.05999755859375,220.39999389648438,213.91000366210938,218.72000122070312,1412800
2022-06-29,193.72439575195312,212.19000244140625,215.72999572753906,210.1699981689453,214.1199951171875,1534700
2022-06-30,191.76145935058594,210.0399932861328,213.0500030517578,209.17999267578125,210.3300018310547,2227000
2022-07-01,194.673828125,213.22999572753906,213.52000427246094,209.10000610351562,209.94000244140625,1552900
2022-07-05,193.9890899658203,212.47999572753906,212.50999450683594,205.61000061035156,210.63999938964844,1455600
2022-07-06,198.35317993164062,217.25999450683594,218.85000610351562,213.3800048828125,213.97000122070312,1351300
2022-07-07,197.67755126953125,216.52000427246094,218.32000732421875,215.74000549316406,217.35000610351562,1710100
2022-07-08,198.36228942871094,217.27000427246094,217.85000610351562,214.7100067138672,215.10000610351562,1153300
2022-07-11,196.18939208984375,214.88999938964844,217.42999267578125,214.25,216.88999938964844,1136700
2022-07-12,193.81565856933594,212.2899932861328,217.25999450683594,211.3000030517578,215.75999450683594,1262500
2022-07-13,192.7018585205078,211.07000732421875,213.0500030517578,208.10000610351562,209.07000732421875,1079100
2022-07-14,192.8205108642578,211.1999969482422,211.7899932861328,206.8699951171875,208.61000061035156,954200
2022-07-15,195.4955291748047,214.1300048828125,215.02999877929688,212.97999572753906,213.33999633789062,1139500
2022-07-18,192.9209442138672,211.30999755859375,215.61000061035156,210.5,214.27999877929688,1237000
2022-07-19,199.89605712890625,218.9499969482422,219.38999938964844,213.22000122070312,214.25,1702600
2022-07-20,197.24847412109375,216.0500030517578,219.05999755859375,214.64999389648438,218.4600067138672,2229600
2022-07-21,199.11093139648438,218.08999633789062,218.3800048828125,214.72000122070312,215.74000549316406,2369000
2022-07-22,201.1651153564453,220.33999633789062,222.3699951171875,218.77000427246094,219.11000061035156,1647800
2022-07-25,199.37571716308594,218.3800048828125,221.22000122070312,216.85000610351562,221.0,872700
2022-07-26,198.94659423828125,217.91000366210938,220.0,216.36000061035156,218.14999389648438,1559500
2022-07-27,213.67291259765625,234.0399932861328,234.69000244140625,218.58999633789062,219.94000244140625,2880100
2022-07-28,218.63946533203125,239.47999572753906,240.27000427246094,233.02999877929688,235.0,1834700
2022-07-29,220.1367645263672,241.1199951171875,242.0399932861328,237.80999755859375,239.75999450683594,1815600
2022-08-01,220.31936645507812,241.32000732421875,242.50999450683594,239.55999755859375,240.11000061035156,1214400
2022-08-02,219.68028259277344,240.6199951171875,242.58999633789062,238.6999969482422,241.75999450683594,1127300
2022-08-03,223.05828857421875,244.32000732421875,245.57000732421875,240.05999755859375,241.22999572753906,1247800
2022-08-04,222.7570343017578,243.99000549316406,244.99000549316406,242.2899932861328,244.69000244140625,1195400
2022-08-05,225.68763732910156,247.1999969482422,247.44000244140625,241.0800018310547,241.0800018310547,1168800
2022-08-08,226.97494506835938,248.61000061035156,251.3800048828125,247.27000427246094,249.6199951171875,1094000
2022-08-09,228.0614013671875,249.8000030517578,251.57000732421875,247.36000061035156,248.74000549316406,1070400
2022-08-10,230.49903869628906,252.47000122070312,255.0,251.00999450683594,254.9499969482422,1608900
2022-08-11,228.4539794921875,250.22999572753906,253.3000030517578,249.97999572753906,252.64999389648438,1577400
2022-08-12,234.43397521972656,256.7799987792969,257.1600036621094,251.0,251.8000030517578,1258400
2022-08-15,237.10899353027344,259.7099914550781,259.9200134277344,255.0399932861328,255.47000122070312,1069000
2022-08-16,237.41026306152344,260.0400085449219,260.6499938964844,257.7200012207031,258.2300109863281,1100900
2022-08-17,238.00369262695312,260.69000244140625,261.5400085449219,257.92999267578125,258.4599914550781,1186600
2022-08-18,238.23196411132812,260.94000244140625,261.5899963378906,259.54998779296875,260.3699951171875,1048900
2022-08-19,237.2094268798828,259.82000732421875,260.3500061035156,258.70001220703125,259.29998779296875,2210100
2022-08-22,234.06878662109375,256.3800048828125,259.0,255.4499969482422,259.0,1373400
2022-08-23,233.5118865966797,255.77000427246094,257.07000732421875,255.0,256.1499938964844,1052500
2022-08-24,233.84967041015625,256.1400146484375,257.3399963378906,255.25,256.19000244140625,864300
2022-08-25,235.73951721191406,258.2099914550781,258.3599853515625,255.75,256.67999267578125,942600
2022-08-26,228.68218994140625,250.47999572753906,258.7799987792969,250.1999969482422,258.5,1718800
2022-08-29,227.22145080566406,248.8800048828125,250.9199981689453,247.52999877929688,248.9600067138672,1177900
2022-08-30,224.21775817871094,245.58999633789062,248.89999389648438,244.1300048828125,248.77999877929688,1254400
2022-08-31,223.14044189453125,244.41000366210938,248.35000610351562,243.55999755859375,248.1699981689453,2088300
2022-09-01,224.55555725097656,245.9600067138672,246.10000610351562,242.1300048828125,243.08999633789062,1298200
2022-09-02,217.7264862060547,238.47999572753906,247.0,237.08999633789062,245.27999877929688,2449100
2022-09-06,217.41612243652344,238.13999938964844,240.42999267578125,236.72999572753906,238.38999938964844,2179500
2022-09-07,220.6845703125,241.72000122070312,242.3000030517578,236.75999450683594,237.07000732421875,2055800
2022-09-08,221.83987426757812,241.94000244140625,242.07000732421875,235.77999877929688,236.69000244140625,1702700
2022-09-09,224.00379943847656,244.3000030517578,245.0800018310547,241.11000061035156,243.1699981689453,2076100
2022-09-12,223.68287658691406,243.9499969482422,245.75,243.30999755859375,245.0800018310547,1651200
2022-09-13,215.53146362304688,235.05999755859375,241.10000610351562,234.22000122070312,239.94000244140625,2602600
2022-09-14,214.99966430664062,234.47999572753906,236.7100067138672,232.63999938964844,236.0,2532200
2022-09-15,211.5428924560547,230.7100067138672,234.75999450683594,229.58999633789062,233.5500030517578,2096500
2022-09-16,214.22943115234375,233.63999938964844,234.27999877929688,228.24000549316406,229.9199981689453,2719700
2022-09-19,216.13662719726562,235.72000122070312,235.82000732421875,230.80999755859375,230.82000732421875,1471700
2022-09-20,214.13772583007812,233.5399932861328,234.69000244140625,231.6300048828125,234.47000122070312,1746600
2022-09-21,211.2769317626953,230.4199981689453,237.08999633789062,230.33999633789062,235.61000061035156,1430500
2022-09-22,211.32276916503906,230.47000122070312,232.49000549316406,228.85000610351562,229.85000610351562,1628300
2022-09-23,211.14857482910156,230.27999877929688,230.8800048828125,227.69000244140625,230.24000549316406,1952500
2022-09-26,209.64480590820312,228.63999938964844,232.39999389648438,227.82000732421875,229.97000122070312,1686600
2022-09-27,208.70956420898438,227.6199951171875,231.9499969482422,225.52999877929688,230.41000366210938,1872700
2022-09-28,212.67982482910156,231.9499969482422,233.33999633789062,227.1300048828125,229.22999572753906,2337900
2022-09-29,208.82875061035156,227.75,230.8300018310547,225.3300018310547,230.80999755859375,2020500
2022-09-30,207.39834594726562,226.19000244140625,229.69000244140625,225.94000244140625,227.77000427246094,2875300
2022-10-03,212.95492553710938,232.25,233.47000122070312,227.69000244140625,228.35000610351562,1784200
2022-10-04,216.9618682861328,236.6199951171875,237.9600067138672,234.41000366210938,234.97000122070312,1941000
2022-10-05,219.18997192382812,239.0500030517578,241.1300048828125,234.0500030517578,235.42999267578125,1659100
2022-10-06,215.37557983398438,234.88999938964844,240.97000122070312,234.60000610351562,239.3800048828125,1497700
2022-10-07,208.25108337402344,227.1199951171875,232.72000122070312,225.91000366210938,231.9499969482422,2068400
2022-10-10,209.690673828125,228.69000244140625,230.3000030517578,226.1699981689453,227.86000061035156,1081300
2022-10-11,207.47174072265625,226.27000427246094,228.69000244140625,225.11000061035156,228.17999267578125,1449600
2022-10-12,205.49114990234375,224.11000061035156,227.4199981689453,224.02000427246094,227.25999450683594,1215200
2022-10-13,210.80015563964844,229.89999389648438,231.30999755859375,218.8000030517578,219.5800018310547,1919300
2022-10-14,207.1416473388672,225.91000366210938,233.2100067138672,225.4199981689453,232.60000610351562,2166300
2022-10-17,213.71595764160156,233.0800018310547,233.55999755859375,229.8800048828125,230.3300018310547,2123100
2022-10-18,215.4947509765625,235.02000427246094,239.25999450683594,232.77000427246094,236.75,1619100
2022-10-19,213.86264038085938,233.24000549316406,234.19000244140625,230.22000122070312,231.24000549316406,1631000
2022-10-20,210.4150390625,229.47999572753906,234.6999969482422,228.8800048828125,233.60000610351562,1314300
2022-10-21,213.40419006347656,232.74000549316406,233.1699981689453,227.4199981689453,228.94000244140625,2112100
2022-10-24,217.22776794433594,236.91000366210938,238.3800048828125,233.4499969482422,235.3000030517578,1731700
2022-10-25,218.00714111328125,237.75999450683594,238.39999389648438,235.32000732421875,235.32000732421875,2216200
2022-10-26,215.6048126220703,235.13999938964844,246.3000030517578,233.8800048828125,246.02999877929688,2942400
2022-10-27,215.4489288330078,234.97000122070312,238.25999450683594,233.7100067138672,235.3300018310547,1806100
2022-10-28,222.48171997070312,242.63999938964844,243.22000122070312,235.57000732421875,236.0500030517578,1589200
2022-10-31,221.61981201171875,241.6999969482422,242.38999938964844,239.4600067138672,240.58999633789062,1711400
2022-11-01,223.3986358642578,243.63999938964844,244.30999755859375,240.8800048828125,242.33999633789062,1522600
2022-11-02,217.71371459960938,237.44000244140625,247.75,237.33999633789062,243.63999938964844,1592400
2022-11-03,216.48504638671875,236.10000610351562,239.86000061035156,233.38999938964844,234.52999877929688,1987000
2022-11-04,217.1819610595703,236.86000061035156,239.5800018310547,232.0800018310547,238.82000732421875,1468600
2022-11-07,220.43698120117188,240.41000366210938,241.22999572753906,236.32000732421875,238.52000427246094,1250400
2022-11-08,224.68231201171875,245.0399932861328,248.4499969482422,240.1199951171875,240.94000244140625,1724200
2022-11-09,220.4094696044922,240.3800048828125,245.60000610351562,240.00999450683594,243.64999389648438,1242900
2022-11-10,233.704833984375,254.8800048828125,255.6699981689453,247.5800018310547,251.17999267578125,2672800
2022-11-11,228.5242462158203,249.22999572753906,255.9600067138672,247.42999267578125,254.2100067138672,2126800
2022-11-14,229.30361938476562,250.0800018310547,252.75999450683594,248.36000061035156,248.99000549316406,1556600
2022-11-15,232.27442932128906,253.32000732421875,254.94000244140625,248.89999389648438,250.69000244140625,1517300
2022-11-16,232.5495147705078,253.6199951171875,256.7200012207031,253.0500030517578,254.64999389648438,1430800
2022-11-17,232.48532104492188,253.5500030517578,255.0,249.75,250.94000244140625,1116700
2022-11-18,234.75009155273438,256.0199890136719,257.82000732421875,253.82000732421875,256.3999938964844,1806600
2022-11-21,236.19886779785156,257.6000061035156,260.42999267578125,256.1499938964844,257.8999938964844,1243600
2022-11-22,240.20579528808594,261.9700012207031,262.5400085449219,258.05999755859375,259.8299865722656,1267400
2022-11-23,240.76513671875,262.5799865722656,264.0,260.239990234375,261.9599914550781,1386300
2022-11-25,242.0212860107422,263.95001220703125,264.94000244140625,261.9599914550781,263.6000061035156,594700
2022-11-28,236.86813354492188,258.3299865722656,264.3500061035156,257.6000061035156,263.489990234375,1465700
2022-11-29,235.70372009277344,257.05999755859375,258.7099914550781,255.42999267578125,257.1499938964844,1131700
2022-11-30,242.19552612304688,264.1400146484375,264.95001220703125,254.63999938964844,257.0799865722656,4155500
2022-12-01,245.68898010253906,267.95001220703125,269.3999938964844,263.9100036621094,267.05999755859375,1449900
2022-12-02,247.4770050048828,269.8999938964844,270.8800048828125,263.1099853515625,263.1099853515625,1807000
2022-12-05,242.4247589111328,264.3900146484375,267.0,263.4599914550781,266.54998779296875,1256000
2022-12-06,237.05160522460938,258.5299987792969,264.6700134277344,257.04998779296875,264.2799987792969,1371300
2022-12-07,237.6842803955078,259.2200012207031,259.80999755859375,257.3299865722656,259.2300109863281,1265500
2022-12-08,239.6006622314453,260.04998779296875,261.0199890136719,258.20001220703125,258.3699951171875,1197200
2022-12-09,236.97482299804688,257.20001220703125,260.3800048828125,256.95001220703125,260.1700134277344,1991400
2022-12-12,243.6362762451172,264.42999267578125,264.9800109863281,256.8699951171875,258.6600036621094,1277600
2022-12-13,241.58164978027344,262.20001220703125,274.9200134277344,261.1000061035156,273.8900146484375,2086100
2022-12-14,239.62835693359375,260.0799865722656,265.4599914550781,258.67999267578125,262.489990234375,1863100
2022-12-15,229.22613525390625,248.7899932861328,257.70001220703125,248.0800018310547,256.9599914550781,1843200
2022-12-16,227.62298583984375,247.0500030517578,247.9199981689453,244.44000244140625,246.25,4051700
2022-12-19,225.78945922851562,245.05999755859375,247.10000610351562,243.66000366210938,245.30999755859375,1810400
2022-12-20,224.7299041748047,243.91000366210938,245.30999755859375,241.63999938964844,244.8800048828125,1445900
2022-12-21,227.61376953125,247.0399932861328,247.55999755859375,244.1300048828125,245.9199981689453,1341300
2022-12-22,220.35340881347656,239.16000366210938,244.7100067138672,236.74000549316406,244.47999572753906,2369700
2022-12-23,221.99343872070312,240.94000244140625,241.64999389648438,236.58999633789062,237.9199981689453,1049600
2022-12-27,222.0763702392578,241.02999877929688,242.19000244140625,239.33999633789062,241.3699951171875,926700
2022-12-28,219.1464385986328,237.85000610351562,242.74000549316406,237.72000122070312,241.35000610351562,1045300
2022-12-29,221.6986083984375,240.6199951171875,241.8300018310547,238.17999267578125,238.17999267578125,975200
2022-12-30,220.07701110839844,238.86000061035156,240.1999969482422,236.0500030517578,239.6999969482422,1042600
2023-01-03,218.97134399414062,237.66000366210938,241.50999450683594,235.27000427246094,240.7899932861328,1749800
2023-01-04,220.0032958984375,238.77999877929688,241.3699951171875,236.9199981689453,240.1699981689453,1368100
2023-01-05,215.25823974609375,233.6300048828125,238.05999755859375,232.17999267578125,237.5,1575000
2023-01-06,221.2747802734375,240.16000366210938,242.50999450683594,235.0500030517578,235.97999572753906,1771700
2023-01-09,220.67587280273438,239.50999450683594,243.52000427246094,239.27000427246094,241.1199951171875,1963500
2023-01-10,221.84600830078125,240.77999877929688,241.00999450683594,237.4600067138672,239.00999450683594,969400
2023-01-11,225.7802276611328,245.0500030517578,245.22000122070312,241.47999572753906,241.9600067138672,1364100
2023-01-12,225.05235290527344,244.25999450683594,245.92999267578125,242.5800018310547,244.36000061035156,1170000
2023-01-13,226.06585693359375,245.36000061035156,246.6699981689453,242.67999267578125,243.8000030517578,1712800
2023-01-17,218.1605682373047,236.77999877929688,244.35000610351562,236.13999938964844,243.7899932861328,2972800
2023-01-18,215.82949829101562,234.25,237.89999389648438,234.2100067138672,237.69000244140625,2095700
2023-01-19,214.97264099121094,233.32000732421875,234.92999267578125,232.1999969482422,232.8000030517578,1646100
2023-01-20,218.51988220214844,237.1699981689453,237.7100067138672,232.25999450683594,232.5,1715600
2023-01-23,222.01187133789062,240.9600067138672,241.86000061035156,235.44000244140625,236.47999572753906,1654700
2023-01-24,220.34417724609375,239.14999389648438,241.02000427246094,238.13999938964844,241.02000427246094,1425400
2023-01-25,210.0802001953125,228.00999450683594,234.25,223.66000366210938,234.25,3694900
2023-01-26,207.70309448242188,225.42999267578125,228.85000610351562,225.1199951171875,226.80999755859375,3021300
2023-01-27,203.4371795654297,220.8000030517578,225.8800048828125,220.2100067138672,224.5,4945200
2023-01-30,204.8652801513672,222.35000610351562,223.3000030517578,218.49000549316406,220.0500030517578,3594000
2023-01-31,208.05320739746094,225.80999755859375,226.52999877929688,222.99000549316406,223.72999572753906,2788700
2023-02-01,208.9008331298828,226.72999572753906,228.10000610351562,221.50999450683594,225.7100067138672,1981800
2023-02-02,210.983154296875,228.99000549316406,229.14999389648438,224.57000732421875,226.86000061035156,2953500
2023-02-03,207.592529296875,225.30999755859375,227.8699951171875,220.80999755859375,226.3300018310547,2328900
2023-02-06,205.89720153808594,223.47000122070312,226.02999877929688,222.8000030517578,223.6300048828125,1375800
2023-02-07,208.93771362304688,226.77000427246094,227.57000732421875,221.8800048828125,223.0500030517578,1995700
2023-02-08,206.36709594726562,223.97999572753906,226.9600067138672,222.99000549316406,224.85000610351562,1643600
2023-02-09,206.3026123046875,223.91000366210938,228.33999633789062,223.7899932861328,225.94000244140625,2699100
2023-02-10,208.0624237060547,225.82000732421875,226.74000549316406,223.02999877929688,223.02999877929688,2278200
2023-02-13,209.48129272460938,227.36000061035156,227.83999633789062,225.7100067138672,226.66000366210938,1720600
2023-02-14,206.92909240722656,224.58999633789062,227.36000061035156,223.1199951171875,226.8300018310547,1581400
2023-02-15,209.93276977539062,227.85000610351562,227.89999389648438,223.61000061035156,224.36000061035156,1732400
2023-02-16,209.59182739257812,227.47999572753906,228.82000732421875,225.02000427246094,226.0,1992900
2023-02-17,210.71592712402344,228.6999969482422,228.94000244140625,226.08999633789062,226.66000366210938,1659500
2023-02-21,207.01205444335938,224.67999267578125,228.33999633789062,223.66000366210938,226.69000244140625,1896900
2023-02-22,205.39967346191406,222.92999267578125,226.47999572753906,221.99000549316406,225.8000030517578,1690700
2023-02-23,205.26145935058594,222.77999877929688,224.0399932861328,220.36000061035156,223.91000366210938,1435700
2023-02-24,204.15582275390625,221.5800018310547,222.02999877929688,219.69000244140625,219.69000244140625,1812800
2023-02-27,204.17422485351562,221.60000610351562,224.24000549316406,221.1699981689453,223.0,1254200
2023-02-28,202.5342254638672,219.82000732421875,222.27000427246094,219.39999389648438,220.91000366210938,2052400
2023-03-01,202.29469299316406,219.55999755859375,220.8800048828125,217.82000732421875,220.14999389648438,1387800
2023-03-02,205.04954528808594,222.5500030517578,223.25,219.35000610351562,219.82000732421875,2053100
2023-03-03,207.07655334472656,224.75,225.1300048828125,222.75,223.1199951171875,2013000
2023-03-06,207.7860107421875,225.52000427246094,226.42999267578125,224.41000366210938,224.77000427246094,2480600
2023-03-07,203.87942504882812,221.27999877929688,225.5800018310547,220.44000244140625,224.39999389648438,1923300
2023-03-08,204.51516723632812,221.97000122070312,222.66000366210938,220.24000549316406,221.83999633789062,1294000
2023-03-09,202.9028778076172,218.97999572753906,222.3800048828125,218.80999755859375,221.74000549316406,1772600
2023-03-10,197.88082885742188,213.55999755859375,218.94000244140625,213.3300018310547,217.9499969482422,1652700
2023-03-13,197.87156677246094,213.5500030517578,217.50999450683594,212.27000427246094,212.82000732421875,2236200
2023-03-14,197.9086151123047,213.58999633789062,216.55999755859375,210.7100067138672,215.05999755859375,2478600
2023-03-15,197.59361267089844,213.25,213.30999755859375,210.0399932861328,212.07000732421875,2538000
2023-03-16,199.95635986328125,215.8000030517578,216.50999450683594,211.80999755859375,213.0399932861328,2193600
2023-03-17,197.5657958984375,213.22000122070312,217.02999877929688,212.5800018310547,216.3000030517578,8927500
2023-03-20,200.02122497558594,215.8699951171875,216.33999633789062,212.5800018310547,213.91000366210938,2400300
2023-03-21,202.08750915527344,218.10000610351562,218.55999755859375,215.17999267578125,216.52000427246094,2230500
2023-03-22,197.60287475585938,213.25999450683594,219.16000366210938,213.13999938964844,218.5399932861328,1723100
2023-03-23,197.9364471435547,213.6199951171875,216.91000366210938,212.13999938964844,213.6999969482422,1893900
2023-03-24,198.4089813232422,214.1300048828125,214.49000549316406,211.41000366210938,213.9199981689453,1720500
2023-03-27,198.62208557128906,214.36000061035156,216.30999755859375,214.10000610351562,214.9499969482422,1627100
2023-03-28,198.4275360107422,214.14999389648438,215.9199981689453,212.85000610351562,214.5800018310547,1130100
2023-03-29,203.75535583496094,219.89999389648438,220.75,215.0,216.11000061035156,1724400
2023-03-30,203.37545776367188,219.49000549316406,221.8000030517578,218.74000549316406,220.57000732421875,1408600
2023-03-31,206.28492736816406,222.6300048828125,222.77000427246094,219.80999755859375,220.9199981689453,1782800
2023-04-03,200.8922119140625,216.80999755859375,219.0500030517578,215.13999938964844,218.5399932861328,2592000
2023-04-04,198.3255615234375,214.0399932861328,216.97000122070312,212.19000244140625,216.16000366210938,2384900
2023-04-05,197.5194549560547,213.1699981689453,214.55999755859375,211.32000732421875,213.41000366210938,2223900
2023-04-06,200.24362182617188,216.11000061035156,216.3699951171875,212.5800018310547,213.17999267578125,1966600
2023-04-10,198.49234008789062,214.22000122070312,214.75999450683594,213.02000427246094,214.11000061035156,1181400
2023-04-11,199.40968322753906,215.2100067138672,215.4600067138672,213.2899932861328,214.33999633789062,1370800
2023-04-12,199.7803497314453,215.61000061035156,217.1999969482422,214.88999938964844,215.8000030517578,1654700
2023-04-13,201.29991149902344,217.25,217.63999938964844,214.47999572753906,215.8699951171875,1293900
2023-04-14,199.8637237548828,215.6999969482422,218.0,213.7899932861328,216.22000122070312,1224100
2023-04-17,202.1431121826172,218.16000366210938,218.22999572753906,215.72999572753906,216.22999572753906,1648300
2023-04-18,201.36480712890625,217.32000732421875,219.47000122070312,216.6199951171875,218.67999267578125,932100
2023-04-19,201.10531616210938,217.0399932861328,218.1199951171875,216.6699981689453,216.92999267578125,863000
2023-04-20,199.7895965576172,215.6199951171875,216.57000732421875,214.36000061035156,215.74000549316406,1117800
2023-04-21,199.40968322753906,215.2100067138672,215.97999572753906,213.80999755859375,215.97999572753906,1093000
2023-04-24,199.65060424804688,215.47000122070312,216.7899932861328,214.7899932861328,215.8800048828125,1332200
2023-04-25,196.14813232421875,211.69000244140625,214.8800048828125,211.63999938964844,214.8800048828125,2161700
2023-04-26,195.35125732421875,210.8300018310547,212.66000366210938,201.4600067138672,203.1300048828125,3217600
2023-04-27,200.28997802734375,216.16000366210938,216.9600067138672,211.39999389648438,211.99000549316406,2180900
2023-04-28,203.8480224609375,220.0,220.05999755859375,215.8000030517578,216.49000549316406,2427800
2023-05-01,204.88580322265625,221.1199951171875,222.5500030517578,218.85000610351562,219.22999572753906,1699700
2023-05-02,200.6420135498047,216.5399932861328,221.52999877929688,214.74000549316406,220.74000549316406,1775500
2023-05-03,200.12315368652344,215.97999572753906,219.61000061035156,215.9600067138672,218.0500030517578,1604900
2023-05-04,198.11245727539062,213.80999755859375,216.6699981689453,213.11000061035156,216.5399932861328,1241500
2023-05-05,199.6598663330078,215.47999572753906,217.5500030517578,213.94000244140625,215.14999389648438,1455100
2023-05-08,198.53871154785156,214.27000427246094,216.49000549316406,213.55999755859375,216.3699951171875,1001600
2023-05-09,197.9734649658203,213.66000366210938,214.25999450683594,212.14999389648438,213.92999267578125,1204400
2023-05-10,199.22438049316406,215.00999450683594,215.97999572753906,212.05999755859375,215.0399932861328,1007900
2023-05-11,194.4061737060547,209.80999755859375,214.52000427246094,209.13999938964844,213.75999450683594,1935100
2023-05-12,197.1210479736328,212.74000549316406,212.9499969482422,210.75,210.75999450683594,1257000
2023-05-15,198.64988708496094,214.38999938964844,214.57000732421875,212.0,212.24000549316406,893400
2023-05-16,196.75038146972656,212.33999633789062,213.8699951171875,211.88999938964844,213.50999450683594,1706800
2023-05-17,198.25146484375,213.9600067138672,214.99000549316406,212.3699951171875,213.74000549316406,1257300
2023-05-18,199.61354064941406,215.42999267578125,215.7899932861328,213.00999450683594,213.3000030517578,1598100
2023-05-19,200.30844116210938,216.17999267578125,217.5399932861328,215.25999450683594,216.63999938964844,1504200
2023-05-22,200.63278198242188,216.52999877929688,217.39999389648438,215.2100067138672,216.86000061035156,1521600
2023-05-23,199.72471618652344,215.5500030517578,216.5,215.0399932861328,216.0,1942900
2023-05-24,198.28854370117188,214.0,215.99000549316406,213.91000366210938,215.72999572753906,1434100
2023-05-25,194.9528045654297,210.39999389648438,212.10000610351562,208.80999755859375,211.80999755859375,2066000
2023-05-26,196.880126953125,212.47999572753906,212.9600067138672,209.9199981689453,211.41000366210938,2143600
2023-05-30,194.69337463378906,210.1199951171875,213.0,207.72000122070312,212.66000366210938,1916600
2023-05-31,193.64633178710938,208.99000549316406,210.50999450683594,206.1699981689453,210.4499969482422,7408400
2023-06-01,196.2593231201172,211.80999755859375,212.1699981689453,208.66000366210938,210.38999938964844,1963200
2023-06-02,200.62353515625,216.52000427246094,216.94000244140625,211.41000366210938,212.6999969482422,1449200
2023-06-05,200.36407470703125,216.24000549316406,217.27000427246094,215.61000061035156,217.0500030517578,1205400
2023-06-06,200.827392578125,216.74000549316406,217.9600067138672,215.22999572753906,217.1999969482422,1252600
2023-06-07,200.57717895507812,216.47000122070312,216.6300048828125,214.72000122070312,216.25,1652500
2023-06-08,200.5492401123047,215.19000244140625,215.6999969482422,213.47999572753906,215.38999938964844,1338700
2023-06-09,200.5771942138672,215.22000122070312,215.67999267578125,213.47999572753906,214.3300018310547,1295900
2023-06-12,203.50355529785156,218.36000061035156,218.60000610351562,214.47999572753906,215.22999572753906,1348200
2023-06-13,205.4886474609375,220.49000549316406,220.61000061035156,218.5399932861328,218.92999267578125,1345100
2023-06-14,201.38800048828125,216.08999633789062,222.14999389648438,215.3000030517578,221.5,2116800
2023-06-15,205.9359893798828,220.97000122070312,221.55999755859375,215.60000610351562,216.30999755859375,1911100
2023-06-16,206.26217651367188,221.32000732421875,222.74000549316406,220.74000549316406,222.2899932861328,3337400
2023-06-20,205.2929229736328,220.27999877929688,222.27999877929688,219.89999389648438,221.47000122070312,1779400
2023-06-21,205.55386352539062,220.55999755859375,221.80999755859375,218.3300018310547,219.42999267578125,1602700
2023-06-22,205.4047393798828,220.39999389648438,222.27000427246094,218.8300018310547,220.14999389648438,1279700
2023-06-23,199.28175354003906,213.8300018310547,218.86000061035156,213.2100067138672,218.4499969482422,2189700
2023-06-26,200.87539672851562,215.5399932861328,216.3000030517578,212.82000732421875,212.9199981689453,1169600
2023-06-27,200.940673828125,215.61000061035156,216.36000061035156,214.0500030517578,215.7100067138672,1313300
2023-06-28,200.940673828125,215.61000061035156,216.47999572753906,213.72999572753906,215.14999389648438,1725600
2023-06-29,201.73284912109375,216.4600067138672,219.47999572753906,214.2899932861328,216.10000610351562,1539700
2023-06-30,204.83628845214844,219.7899932861328,220.5500030517578,217.47000122070312,217.52000427246094,1781800
2023-07-03,203.848388671875,218.72999572753906,219.22999572753906,216.25,218.22000122070312,848300
2023-07-05,204.7523956298828,219.6999969482422,220.1999969482422,217.22000122070312,218.11000061035156,1113000
2023-07-06,206.56971740722656,221.64999389648438,222.16000366210938,218.08999633789062,218.08999633789062,1889300
2023-07-07,203.85772705078125,218.74000549316406,221.35000610351562,218.52000427246094,219.82000732421875,1678400
2023-07-10,209.00213623046875,224.25999450683594,225.72999572753906,219.2100067138672,219.24000549316406,1788300
2023-07-11,210.9779052734375,226.3800048828125,226.63999938964844,223.6199951171875,224.83999633789062,1278200
2023-07-12,209.68247985839844,224.99000549316406,228.97000122070312,224.3699951171875,228.8800048828125,1368800
2023-07-13,211.70481872558594,227.16000366210938,227.61000061035156,224.61000061035156,225.24000549316406,1192100
2023-07-14,213.85765075683594,229.47000122070312,229.7100067138672,226.6199951171875,227.1999969482422,1185500
2023-07-17,217.81854248046875,233.72000122070312,234.44000244140625,228.25999450683594,228.25999450683594,1700800
2023-07-18,219.8502197265625,235.89999389648438,237.08999633789062,233.0,233.38999938964844,1718400
2023-07-19,221.18287658691406,237.3300018310547,238.52999877929688,235.11000061035156,235.17999267578125,1818800
2023-07-20,220.94992065429688,237.0800018310547,238.3300018310547,235.2899932861328,236.47999572753906,1453900
2023-07-21,221.5184326171875,237.69000244140625,239.82000732421875,237.52999877929688,238.69000244140625,4661000
2023-07-24,223.2052764892578,239.5,239.61000061035156,236.97999572753906,237.3800048828125,1564600
2023-07-25,224.1186065673828,240.47999572753906,241.07000732421875,238.13999938964844,238.61000061035156,1936500
2023-07-26,236.20616149902344,253.4499969482422,256.1499938964844,244.0,244.0,3397900
2023-07-27,233.81103515625,250.8800048828125,256.8399963378906,249.63999938964844,254.75,2677400
2023-07-28,233.559326171875,250.61000061035156,254.99000549316406,249.55999755859375,254.07000732421875,1788600
2023-07-31,230.4373016357422,247.25999450683594,250.60000610351562,245.83999633789062,250.60000610351562,2052000
2023-08-01,231.42518615722656,248.32000732421875,248.77000427246094,245.02000427246094,247.25999450683594,1305500
2023-08-02,230.53048706054688,247.36000061035156,248.32000732421875,245.0500030517578,245.0500030517578,1809100
2023-08-03,231.126953125,248.0,248.80999755859375,246.11000061035156,247.9499969482422,1129000
2023-08-04,229.03936767578125,245.75999450683594,249.25999450683594,245.3699951171875,249.07000732421875,1237800
2023-08-07,233.755126953125,250.82000732421875,251.02000427246094,246.3800048828125,246.88999938964844,1266800
2023-08-08,231.44381713867188,248.33999633789062,250.6999969482422,247.25999450683594,249.49000549316406,1068600
2023-08-09,233.27980041503906,250.30999755859375,251.3000030517578,248.30999755859375,248.8000030517578,1145000
2023-08-10,233.5127716064453,250.55999755859375,254.1300048828125,249.77999877929688,251.6699981689453,1153700
2023-08-11,235.6190185546875,252.82000732421875,253.3699951171875,250.0800018310547,250.25999450683594,926400
2023-08-14,234.81752014160156,251.9600067138672,254.30999755859375,250.99000549316406,253.14999389648438,1113200
2023-08-15,233.8948974609375,250.97000122070312,252.22999572753906,250.1199951171875,250.77000427246094,1092800
2023-08-16,233.8296356201172,250.89999389648438,252.97999572753906,250.35000610351562,250.9199981689453,1275300
2023-08-17,233.25184631347656,250.27999877929688,252.83999633789062,249.44000244140625,252.42999267578125,1394500
2023-08-18,233.96945190429688,251.0500030517578,251.75999450683594,248.6300048828125,249.16000366210938,2044300
2023-08-21,234.02537536621094,251.11000061035156,252.33999633789062,249.91000366210938,250.3699951171875,1205300
2023-08-22,232.55288696289062,249.52999877929688,252.02999877929688,248.91000366210938,250.8800048828125,926100
2023-08-23,233.84828186035156,250.9199981689453,251.52000427246094,249.86000061035156,250.1300048828125,1027800
2023-08-24,232.8044891357422,249.8000030517578,253.6300048828125,249.67999267578125,251.8699951171875,1132600
2023-08-25,235.83338928222656,253.0500030517578,254.14999389648438,250.6300048828125,251.3699951171875,1039500
2023-08-28,237.0822296142578,254.38999938964844,255.77999877929688,253.33999633789062,254.89999389648438,813600
2023-08-29,237.044921875,254.35000610351562,255.60000610351562,252.94000244140625,253.8800048828125,1139600
2023-08-30,237.58543395996094,254.92999267578125,256.19000244140625,253.63999938964844,254.77999877929688,1587500
2023-08-31,237.2872314453125,254.61000061035156,256.42999267578125,254.0,255.85000610351562,2400100
2023-09-01,238.34967041015625,255.75,256.760009765625,254.0500030517578,254.7899932861328,1491300
2023-09-05,235.64697265625,252.85000610351562,255.57000732421875,250.32000732421875,254.8800048828125,1616500
2023-09-06,233.96945190429688,251.0500030517578,252.6699981689453,249.89999389648438,252.5800018310547,1311000
2023-09-07,234.26914978027344,250.1199951171875,251.58999633789062,249.80999755859375,250.80999755859375,1021600
2023-09-08,233.5666961669922,249.3699951171875,251.38999938964844,248.86000061035156,251.27999877929688,1191000
2023-09-11,232.47084045410156,248.1999969482422,249.88999938964844,246.88999938964844,249.27999877929688,1297200
2023-09-12,232.30223083496094,248.02000427246094,248.67999267578125,246.89999389648438,247.0500030517578,1303300
2023-09-13,232.1055450439453,247.80999755859375,249.1300048828125,246.9499969482422,247.44000244140625,1364400
2023-09-14,232.55514526367188,248.2899932861328,248.74000549316406,246.35000610351562,248.42999267578125,1350200
2023-09-15,229.76397705078125,245.30999755859375,248.91000366210938,244.69000244140625,248.44000244140625,2898800
2023-09-18,231.60916137695312,247.27999877929688,248.13999938964844,245.6999969482422,246.16000366210938,1218500
2023-09-19,230.26039123535156,245.83999633789062,247.0500030517578,243.97000122070312,246.44000244140625,1030700
2023-09-20,228.41522216796875,243.8699951171875,247.2100067138672,243.8000030517578,247.2100067138672,1364700
2023-09-21,223.59161376953125,238.72000122070312,243.08999633789062,238.6199951171875,242.6300048828125,1260100
2023-09-22,224.1816864013672,239.35000610351562,240.92999267578125,237.6199951171875,237.6199951171875,1026200
2023-09-25,224.80921936035156,240.02000427246094,240.52999877929688,238.0399932861328,239.86000061035156,1077200
2023-09-26,222.20541381835938,237.24000549316406,239.30999755859375,236.1300048828125,238.7899932861328,1557700
2023-09-27,227.25381469726562,242.6300048828125,243.60000610351562,236.8300018310547,238.0,2256300
2023-09-28,227.89076232910156,243.30999755859375,244.39999389648438,241.86000061035156,242.2899932861328,1391000
2023-09-29,225.33375549316406,240.5800018310547,244.0,239.6300048828125,244.0,1337000
2023-10-02,224.20040893554688,239.3699951171875,240.9499969482422,238.0500030517578,240.5800018310547,1206400
2023-10-03,225.1838836669922,240.4199981689453,240.55999755859375,238.27999877929688,238.91000366210938,1216600
2023-10-04,228.5182342529297,243.97999572753906,244.35000610351562,239.8800048828125,241.2899932861328,1388600
2023-10-05,227.93756103515625,243.36000061035156,244.9199981689453,241.10000610351562,244.50999450683594,935300
2023-10-06,230.76617431640625,246.3800048828125,247.64999389648438,240.27999877929688,242.14999389648438,1574900
2023-10-09,234.32534790039062,250.17999267578125,250.4199981689453,245.3000030517578,245.77999877929688,1022800
2023-10-10,233.36062622070312,249.14999389648438,251.3000030517578,247.69000244140625,250.17999267578125,1648900
2023-10-11,233.65101623535156,249.4600067138672,249.9199981689453,247.4199981689453,249.66000366210938,1134400
2023-10-12,231.9556884765625,247.64999389648438,250.82000732421875,246.3000030517578,250.61000061035156,1400800
2023-10-13,231.815185546875,247.5,249.5399932861328,245.33999633789062,248.5,1443800
2023-10-16,233.4636688232422,249.25999450683594,250.11000061035156,247.6699981689453,248.91000366210938,1037900
2023-10-17,233.5292205810547,249.3300018310547,250.41000366210938,248.0500030517578,250.39999389648438,1054600
2023-10-18,232.5270233154297,248.25999450683594,250.33999633789062,247.85000610351562,249.57000732421875,1074800
2023-10-19,230.48516845703125,246.0800018310547,249.5,245.63999938964844,248.0800018310547,1156800
2023-10-20,226.36402893066406,241.67999267578125,246.60000610351562,241.4499969482422,246.3000030517578,1562200
2023-10-23,225.87696838378906,241.16000366210938,243.6300048828125,240.82000732421875,241.67999267578125,1162400
2023-10-24,225.21197509765625,240.4499969482422,242.5800018310547,237.9199981689453,241.00999450683594,1562100
2023-10-25,204.4937744140625,218.3300018310547,230.05999755859375,217.0,229.64999389648438,4914400
2023-10-26,204.97146606445312,218.83999633789062,222.4600067138672,217.1199951171875,218.3000030517578,2603800
2023-10-27,201.22494506835938,214.83999633789062,218.5800018310547,213.89999389648438,218.3300018310547,2070000
2023-10-30,202.38638305664062,216.0800018310547,217.11000061035156,213.25999450683594,215.67999267578125,1704200
2023-10-31,204.39076232910156,218.22000122070312,218.9499969482422,215.25,216.6699981689453,2557200
2023-11-01,197.0382537841797,210.3699951171875,215.0,205.52999877929688,215.0,3416600
2023-11-02,204.70919799804688,218.55999755859375,218.75,211.52000427246094,211.6300048828125,2262700
2023-11-03,205.41168212890625,219.30999755859375,222.32000732421875,216.4199981689453,221.02999877929688,2455300
2023-11-06,206.56373596191406,220.5399932861328,220.9600067138672,218.6300048828125,219.42999267578125,1127100
2023-11-07,208.16539001464844,222.25,223.41000366210938,219.2100067138672,221.02000427246094,1668400
2023-11-08,211.19065856933594,225.47999572753906,226.47000122070312,223.27999877929688,224.05999755859375,1389200
2023-11-09,212.16476440429688,226.52000427246094,227.11000061035156,225.3800048828125,226.42999267578125,1513200
2023-11-10,214.00991821289062,228.49000549316406,229.19000244140625,226.33999633789062,228.1199951171875,1429600
2023-11-13,212.0055389404297,226.35000610351562,227.52999877929688,226.08999633789062,227.4499969482422,1229200
2023-11-14,215.81759643554688,230.4199981689453,231.22000122070312,228.77999877929688,229.63999938964844,1297600
2023-11-15,215.85507202148438,230.4600067138672,232.47999572753906,230.1300048828125,230.44000244140625,1553600
2023-11-16,215.3399200439453,229.91000366210938,233.3000030517578,227.25,231.7100067138672,1588400
2023-11-17,214.85289001464844,229.38999938964844,230.9600067138672,228.0,230.9600067138672,1664600
2023-11-20,217.0258331298828,231.7100067138672,232.44000244140625,228.44000244140625,228.63999938964844,1403700
2023-11-21,216.5575714111328,231.2100067138672,232.14999389648438,230.07000732421875,231.80999755859375,1715600
2023-11-22,216.5013427734375,231.14999389648438,233.75,229.8000030517578,232.6999969482422,1439200
2023-11-24,216.04238891601562,230.66000366210938,231.97999572753906,229.10000610351562,231.52000427246094,659800
2023-11-27,214.63746643066406,229.16000366210938,230.3699951171875,228.19000244140625,230.1999969482422,1551600
2023-11-28,214.47825622558594,228.99000549316406,230.2899932861328,228.44000244140625,229.41000366210938,1162300
2023-11-29,214.63746643066406,229.16000366210938,231.05999755859375,228.83999633789062,229.83999633789062,1291200
2023-11-30,215.34930419921875,229.9199981689453,230.0,227.47999572753906,229.5,4351800
2023-12-01,218.17791748046875,232.94000244140625,233.30999755859375,229.22999572753906,229.63999938964844,1647700
2023-12-04,217.84072875976562,232.5800018310547,233.2899932861328,231.1699981689453,231.39999389648438,2795100
2023-12-05,216.88534545898438,231.55999755859375,232.88999938964844,229.86000061035156,232.52999877929688,1665900
2023-12-06,217.6252899169922,232.35000610351562,232.99000549316406,230.22999572753906,232.19000244140625,1676900
2023-12-07,216.72068786621094,229.99000549316406,232.72000122070312,229.39999389648438,231.5,1758400
2023-12-08,216.04222106933594,229.27000427246094,232.58999633789062,228.27000427246094,229.19000244140625,1772400
2023-12-11,219.83029174804688,233.2899932861328,235.25999450683594,230.86000061035156,231.32000732421875,1981500
2023-12-12,223.0247039794922,236.67999267578125,236.69000244140625,233.16000366210938,235.0,1905100
2023-12-13,225.4181365966797,239.22000122070312,239.25999450683594,235.57000732421875,237.27000427246094,1579800
2023-12-14,222.3556671142578,235.97000122070312,240.22000122070312,235.2899932861328,240.19000244140625,2361000
2023-12-15,220.6312255859375,234.13999938964844,237.17999267578125,233.69000244140625,235.88999938964844,5260500
2023-12-18,221.30029296875,234.85000610351562,236.47999572753906,233.99000549316406,236.33999633789062,1492600
2023-12-19,220.21661376953125,233.6999969482422,235.85000610351562,233.39999389648438,234.9600067138672,1394000
2023-12-20,218.8314208984375,232.22999572753906,235.4600067138672,232.00999450683594,233.50999450683594,1654400
2023-12-21,215.7783966064453,228.99000549316406,232.0,227.1199951171875,232.0,1744800
2023-12-22,217.64413452148438,230.97000122070312,231.6300048828125,228.5,228.99000549316406,1231900
2023-12-26,219.12355041503906,232.5399932861328,233.02000427246094,230.3800048828125,231.58999633789062,1028900
2023-12-27,218.24720764160156,231.61000061035156,232.75,230.9600067138672,231.88999938964844,925600
2023-12-28,219.07644653320312,232.49000549316406,233.3699951171875,231.3800048828125,232.1199951171875,1141000
2023-12-29,219.52874755859375,232.97000122070312,233.44000244140625,231.86000061035156,232.42999267578125,1020200
2024-01-02,219.9528045654297,233.4199981689453,233.85000610351562,231.88999938964844,233.3800048828125,1955400
2024-01-03,219.0952606201172,232.50999450683594,234.22000122070312,231.6699981689453,233.6300048828125,1831500
2024-01-04,220.17893981933594,233.66000366210938,235.35000610351562,233.41000366210938,233.99000549316406,2145400
2024-01-05,221.6395263671875,235.2100067138672,235.42999267578125,232.4499969482422,232.63999938964844,1765400
2024-01-08,223.10006713867188,236.75999450683594,237.16000366210938,234.94000244140625,235.5500030517578,1678500
2024-01-09,221.64892578125,235.22000122070312,236.99000549316406,234.72999572753906,235.0,1135000
2024-01-10,221.7148895263672,235.2899932861328,236.1199951171875,234.44000244140625,234.9600067138672,1218000
2024-01-11,221.76199340820312,235.33999633789062,235.8000030517578,232.35000610351562,235.35000610351562,1545200
2024-01-12,222.33682250976562,235.9499969482422,237.39999389648438,234.05999755859375,236.64999389648438,932200
2024-01-16,221.70547485351562,235.27999877929688,235.88999938964844,233.2899932861328,235.1300048828125,1288800
2024-01-17,221.8091278076172,235.38999938964844,237.25999450683594,234.4499969482422,236.13999938964844,1409300
2024-01-18,222.45933532714844,236.0800018310547,236.67999267578125,234.16000366210938,235.05999755859375,1182700
2024-01-19,224.4947052001953,238.24000549316406,239.22000122070312,234.63999938964844,236.6999969482422,1822100
2024-01-22,225.58775329589844,239.39999389648438,240.25999450683594,237.9199981689453,238.0800018310547,1761200
2024-01-23,226.4923858642578,240.36000061035156,240.5,238.42999267578125,239.39999389648438,1245100
2024-01-24,224.68316650390625,238.44000244140625,241.58999633789062,238.17999267578125,241.41000366210938,1744500
2024-01-25,223.06240844726562,236.72000122070312,240.75,236.25999450683594,239.24000549316406,1993300
2024-01-26,222.47816467285156,236.10000610351562,237.75999450683594,235.5,237.75999450683594,1677900
2024-01-29,223.99530029296875,237.7100067138672,237.7100067138672,234.3800048828125,234.44000244140625,2165100
2024-01-30,224.82449340820312,238.58999633789062,238.83999633789062,235.11000061035156,235.92999267578125,2024100
2024-01-31,231.59970092773438,245.77999877929688,251.22000122070312,244.0,246.41000366210938,4436100
2024-02-01,232.82467651367188,247.0800018310547,247.25,241.97000122070312,245.0,2008000
2024-02-02,234.45484924316406,248.80999755859375,249.8300018310547,246.72999572753906,247.5800018310547,2223000
2024-02-05,233.95542907714844,248.27999877929688,248.83999633789062,246.08999633789062,248.58999633789062,1733200
2024-02-06,236.3394775390625,250.80999755859375,251.8000030517578,248.52000427246094,249.39999389648438,1690500
2024-02-07,235.8306121826172,250.27000427246094,252.3699951171875,249.6999969482422,251.8300018310547,1460700
2024-02-08,236.59390258789062,251.0800018310547,251.19000244140625,248.39999389648438,249.99000549316406,1330900
2024-02-09,235.5667724609375,249.99000549316406,251.0,248.8699951171875,250.88999938964844,1243300
2024-02-12,235.6421661376953,250.07000732421875,250.77999877929688,249.39999389648438,249.75,1260500
2024-02-13,235.18984985351562,249.58999633789062,250.5,247.8699951171875,250.4499969482422,1827900
2024-02-14,236.4242706298828,250.89999389648438,251.25999450683594,249.05999755859375,250.10000610351562,1131500
2024-02-15,237.5079345703125,252.0500030517578,252.82000732421875,251.1300048828125,251.60000610351562,1387600
2024-02-16,238.37484741210938,252.97000122070312,254.36000061035156,250.63999938964844,251.75,2099100
2024-02-20,238.34657287597656,252.94000244140625,254.52000427246094,252.5399932861328,253.39999389648438,1439300
2024-02-21,239.27003479003906,253.9199981689453,254.02000427246094,251.52999877929688,253.55999755859375,1146400
2024-02-22,240.06155395507812,254.75999450683594,255.75,253.50999450683594,254.07000732421875,1692900
2024-02-23,241.10752868652344,255.8699951171875,256.2099914550781,254.9600067138672,255.24000549316406,1306600
2024-02-26,238.92137145996094,253.5500030517578,256.57000732421875,253.47999572753906,256.57000732421875,1141300
2024-02-27,236.8106231689453,251.30999755859375,253.3000030517578,250.2100067138672,253.14999389648438,1241800
2024-02-28,237.0461883544922,251.55999755859375,251.91000366210938,250.14999389648438,250.55999755859375,1508100
2024-02-29,236.6409912109375,251.1300048828125,253.80999755859375,250.16000366210938,253.6999969482422,2796700
2024-03-01,235.2841033935547,249.69000244140625,250.17999267578125,248.3300018310547,249.42999267578125,2091000
2024-03-04,231.99545288085938,246.1999969482422,249.4199981689453,243.8000030517578,247.00999450683594,3661500
2024-03-05,229.92237854003906,244.0,246.66000366210938,242.5800018310547,246.35000610351562,2433300
2024-03-06,229.6962127685547,243.75999450683594,246.27999877929688,243.0800018310547,244.9600067138672,2163700
2024-03-07,231.48745727539062,244.25,245.97000122070312,243.25,243.75999450683594,2445400
2024-03-08,229.734130859375,242.39999389648438,244.30999755859375,241.47999572753906,243.89999389648438,1815900
2024-03-11,231.33580017089844,244.08999633789062,244.52999877929688,241.6999969482422,243.22999572753906,1477100
2024-03-12,231.88551330566406,244.6699981689453,245.66000366210938,242.61000061035156,244.08999633789062,1978800
2024-03-13,231.44955444335938,244.2100067138672,245.25999450683594,243.07000732421875,244.6699981689453,1559000
2024-03-14,230.53970336914062,243.25,244.99000549316406,242.22999572753906,244.7100067138672,1867500
2024-03-15,229.4403076171875,242.08999633789062,243.8300018310547,238.8300018310547,242.97999572753906,11912100
2024-03-18,229.21287536621094,241.85000610351562,244.27999877929688,241.67999267578125,243.61000061035156,2001900
2024-03-19,231.37371826171875,244.1300048828125,244.32000732421875,241.2899932861328,242.57000732421875,1864200
2024-03-20,234.77613830566406,247.72000122070312,247.8699951171875,244.1199951171875,245.00999450683594,2105100
2024-03-21,235.9418487548828,248.9499969482422,250.52999877929688,247.4199981689453,248.47000122070312,1858000
2024-03-22,234.67189025878906,247.61000061035156,251.22999572753906,246.9600067138672,251.22999572753906,1612600
2024-03-25,231.44007873535156,244.1999969482422,247.75,244.0500030517578,247.4199981689453,1069600
2024-03-26,232.2646026611328,245.07000732421875,245.25,243.39999389648438,243.55999755859375,1072900
2024-03-27,235.35426330566406,248.3300018310547,249.42999267578125,246.8800048828125,246.9499969482422,1149200
2024-03-28,236.6905975341797,249.74000549316406,251.05999755859375,249.02999877929688,249.6300048828125,1302000
2024-04-01,232.49208068847656,245.30999755859375,250.61000061035156,245.02000427246094,250.3800048828125,1535500
2024-04-02,234.71929931640625,247.66000366210938,248.72999572753906,239.72000122070312,240.11000061035156,2297400
2024-04-03,232.32147216796875,245.1300048828125,248.41000366210938,244.74000549316406,247.82000732421875,2370100
2024-04-04,228.87167358398438,241.49000549316406,247.6199951171875,241.39999389648438,247.57000732421875,1690600
2024-04-05,232.05612182617188,244.85000610351562,245.9199981689453,241.27000427246094,241.9499969482422,1420100
2024-04-08,233.7525634765625,246.63999938964844,247.0,244.27000427246094,244.3699951171875,905600
2024-04-09,236.9464569091797,250.00999450683594,250.10000610351562,246.58999633789062,248.3000030517578,1158700
2024-04-10,232.94699096679688,245.7899932861328,248.7899932861328,244.3300018310547,248.33999633789062,1263200
2024-04-11,231.64854431152344,244.4199981689453,246.77000427246094,242.97000122070312,246.52999877929688,1099200
2024-04-12,231.1083526611328,243.85000610351562,244.1999969482422,242.19000244140625,242.92999267578125,1226400
2024-04-15,231.32635498046875,244.0800018310547,247.32000732421875,243.1199951171875,247.0800018310547,1383600
2024-04-16,231.44955444335938,244.2100067138672,245.52999877929688,243.42999267578125,245.00999450683594,1457700
2024-04-17,230.2079620361328,242.89999389648438,245.0800018310547,242.02999877929688,245.0800018310547,1126100
2024-04-18,229.34555053710938,241.99000549316406,245.0,241.6699981689453,244.5,1454200
2024-04-19,230.59658813476562,243.30999755859375,244.27999877929688,242.4499969482422,243.80999755859375,1638700
2024-04-22,233.43978881835938,246.30999755859375,247.5800018310547,243.9199981689453,245.10000610351562,1329000
2024-04-23,233.94210815429688,246.83999633789062,248.08999633789062,245.92999267578125,246.75999450683594,1661800
2024-04-24,233.72412109375,246.61000061035156,246.86000061035156,244.32000732421875,244.63999938964844,1455800
2024-04-25,233.46826171875,246.33999633789062,250.3000030517578,244.41000366210938,249.57000732421875,1224500
2024-04-26,230.36912536621094,243.07000732421875,246.7100067138672,242.9600067138672,244.10000610351562,1555500
2024-04-29,231.203125,243.9499969482422,244.9499969482422,243.17999267578125,244.0500030517578,1153500
2024-04-30,229.25076293945312,241.88999938964844,244.49000549316406,241.80999755859375,244.19000244140625,1944900
2024-05-01,234.40652465820312,247.3300018310547,253.72000122070312,244.52000427246094,249.69000244140625,2782400
2024-05-02,229.3834686279297,242.02999877929688,246.9600067138672,241.02999877929688,246.00999450683594,1781100
2024-05-03,229.25076293945312,241.88999938964844,243.6699981689453,239.32000732421875,243.02000427246094,1491500
2024-05-06,230.05636596679688,242.74000549316406,243.6999969482422,241.10000610351562,242.27999877929688,1108800
2024-05-07,232.31199645996094,245.1199951171875,245.22999572753906,242.10000610351562,243.05999755859375,1202500
2024-05-08,230.2459259033203,242.94000244140625,245.0500030517578,241.17999267578125,245.0500030517578,1133500
2024-05-09,232.3404083251953,245.14999389648438,245.44000244140625,242.7899932861328,243.83999633789062,1020200
2024-05-10,233.96107482910156,246.86000061035156,247.2100067138672,245.05999755859375,245.47999572753906,757900
2024-05-13,234.8519744873047,247.8000030517578,249.82000732421875,246.77000427246094,247.5,950000
2024-05-14,232.67214965820312,245.5,249.4199981689453,244.5,249.0800018310547,1279000
2024-05-15,233.73362731933594,246.6199951171875,248.25,246.0,246.4600067138672,1053800
2024-05-16,236.99388122558594,250.05999755859375,250.27000427246094,246.02999877929688,246.36000061035156,1032000
2024-05-17,239.14527893066406,252.3300018310547,252.38999938964844,249.24000549316406,250.05999755859375,1291500
2024-05-20,238.62400817871094,251.77999877929688,252.66000366210938,250.58999633789062,252.44000244140625,772900
2024-05-21,238.96517944335938,252.13999938964844,253.0,251.10000610351562,253.0,917400
2024-05-22,240.74697875976562,254.02000427246094,254.63999938964844,251.7100067138672,252.3000030517578,1272800
2024-05-23,238.34915161132812,251.49000549316406,254.36000061035156,251.05999755859375,254.36000061035156,1096100
2024-05-24,235.89447021484375,248.89999389648438,252.99000549316406,248.33999633789062,251.60000610351562,973900
2024-05-28,230.58709716796875,243.3000030517578,248.4600067138672,241.91000366210938,248.3000030517578,1483500
2024-05-29,227.54481506347656,240.08999633789062,242.72999572753906,239.6199951171875,241.42999267578125,1565600
2024-05-30,228.3219757080078,240.91000366210938,241.7899932861328,239.52000427246094,240.6699981689453,1562200
2024-05-31,232.12245178222656,244.9199981689453,245.02000427246094,240.52000427246094,241.52000427246094,2721000
2024-06-03,231.26947021484375,244.02000427246094,245.52999877929688,242.0500030517578,244.1699981689453,1113300
2024-06-04,232.833251953125,245.6699981689453,247.4600067138672,243.92999267578125,244.52000427246094,911700
2024-06-05,232.9375,245.77999877929688,246.91000366210938,243.36000061035156,245.13999938964844,1298300
2024-06-06,235.01309204101562,247.97000122070312,249.5399932861328,246.22999572753906,246.30999755859375,1614300
2024-06-07,239.13577270507812,252.32000732421875,253.10000610351562,247.94000244140625,248.88999938964844,1650200
2024-06-10,233.97056579589844,246.8699951171875,252.19000244140625,243.69000244140625,251.27999877929688,2339700
2024-06-11,233.69570922851562,246.5800018310547,247.92999267578125,243.72000122070312,246.80999755859375,1478200
2024-06-12,233.26922607421875,246.1300048828125,246.91000366210938,244.0399932861328,245.9600067138672,1764500
2024-06-13,231.5064239501953,244.27000427246094,246.0399932861328,242.6199951171875,244.27000427246094,1368700
2024-06-14,231.2681121826172,242.6199951171875,243.64999389648438,240.92999267578125,242.97999572753906,1106900
2024-06-17,233.49862670898438,244.9600067138672,245.9600067138672,240.0399932861328,240.82000732421875,1347800
2024-06-18,232.97434997558594,244.41000366210938,245.5500030517578,243.50999450683594,245.13999938964844,1004800
2024-06-20,234.54713439941406,246.05999755859375,246.91000366210938,243.91000366210938,244.75999450683594,1954200
2024-06-21,236.36778259277344,247.97000122070312,248.58999633789062,246.47999572753906,246.9199981689453,3022800
2024-06-24,237.54022216796875,249.1999969482422,250.75,247.1699981689453,248.25999450683594,1303100
2024-06-25,236.7776641845703,248.39999389648438,250.3800048828125,246.44000244140625,250.3800048828125,1408300
2024-06-26,226.8833465576172,238.02000427246094,247.67999267578125,237.2100067138672,246.61000061035156,3146300
2024-06-27,226.19705200195312,237.3000030517578,239.2899932861328,236.24000549316406,237.8699951171875,2066800
2024-06-28,227.52198791503906,238.69000244140625,241.13999938964844,237.47000122070312,238.25999450683594,2595000
2024-07-01,224.64329528808594,235.6699981689453,241.41000366210938,235.0800018310547,239.3000030517578,2124700
2024-07-02,225.55836486816406,236.6300048828125,236.8800048828125,234.0,236.60000610351562,1278100
2024-07-03,225.82525634765625,236.91000366210938,237.57000732421875,234.72999572753906,235.9499969482422,815700
2024-07-05,224.53846740722656,235.55999755859375,236.52000427246094,233.75,235.74000549316406,1847300
2024-07-08,222.51763916015625,233.44000244140625,236.42999267578125,233.02000427246094,235.47999572753906,1448800
2024-07-09,223.72824096679688,234.7100067138672,235.0,232.89999389648438,233.1199951171875,1458700
2024-07-10,223.19439697265625,234.14999389648438,234.41000366210938,231.27000427246094,233.85000610351562,1687000
2024-07-11,224.6051483154297,235.6300048828125,238.22000122070312,233.13999938964844,233.88999938964844,1882300
2024-07-12,226.8833465576172,238.02000427246094,239.47000122070312,235.99000549316406,236.27999877929688,1312700
2024-07-15,231.2871551513672,242.63999938964844,242.75999450683594,238.19000244140625,238.19000244140625,1268300
2024-07-16,234.31837463378906,245.82000732421875,246.57000732421875,242.75999450683594,243.08999633789062,1252800
2024-07-17,237.587890625,249.25,250.02999877929688,246.7899932861328,246.7899932861328,1896800
2024-07-18,235.82443237304688,247.39999389648438,251.77999877929688,247.11000061035156,248.2100067138672,1225800
2024-07-19,235.41456604003906,246.97000122070312,248.8699951171875,244.64999389648438,248.22999572753906,1424500
2024-07-22,236.38685607910156,247.99000549316406,249.1699981689453,245.92999267578125,249.1699981689453,1421300
2024-07-23,236.73001098632812,248.35000610351562,248.85000610351562,246.00999450683594,246.9199981689453,765400
2024-07-24,235.5384979248047,247.10000610351562,249.66000366210938,245.8000030517578,249.66000366210938,1853200
2024-07-25,237.90245056152344,249.5800018310547,254.35000610351562,247.97999572753906,249.05999755859375,1476200
2024-07-26,240.84786987304688,252.6699981689453,253.4600067138672,249.49000549316406,249.57000732421875,1449500
2024-07-29,243.26904296875,255.2100067138672,256.1300048828125,252.6300048828125,254.5,2120000
2024-07-30,245.68064880371094,257.739990234375,258.75,255.97000122070312,256.1400146484375,1762400
2024-07-31,250.3323211669922,262.6199951171875,269.489990234375,259.0,260.1099853515625,3046500
2024-08-01,249.07406616210938,261.29998779296875,263.79998779296875,258.7900085449219,260.3800048828125,2282000
2024-08-02,251.19020080566406,263.5199890136719,263.95001220703125,259.4700012207031,262.0,2310600
2024-08-05,246.0619659423828,258.1400146484375,268.4800109863281,256.6199951171875,267.45001220703125,2295700
2024-08-06,247.3297119140625,259.4700012207031,262.989990234375,256.4700012207031,257.739990234375,1847500
2024-08-07,246.79591369628906,258.9100036621094,265.2099914550781,258.6600036621094,259.3299865722656,2011700
2024-08-08,250.494384765625,262.7900085449219,263.3699951171875,258.510009765625,258.510009765625,1968000
2024-08-09,249.9128875732422,262.17999267578125,262.510009765625,259.92999267578125,261.57000732421875,1462300
2024-08-12,246.99609375,259.1199951171875,261.739990234375,258.6300048828125,260.9800109863281,1257100
2024-08-13,249.65553283691406,261.9100036621094,262.0199890136719,259.0799865722656,259.7699890136719,1104500
2024-08-14,250.52296447753906,262.82000732421875,263.3900146484375,260.3599853515625,260.9100036621094,1047600
2024-08-15,251.32369995117188,263.6600036621094,264.6700134277344,261.8599853515625,263.5,1169500
2024-08-16,251.7335205078125,264.0899963378906,264.5299987792969,262.2099914550781,263.69000244140625,1013200
2024-08-19,252.267333984375,264.6499938964844,265.8800048828125,262.8800048828125,264.6300048828125,998100
2024-08-20,252.1624755859375,264.5400085449219,265.0,263.4200134277344,263.8699951171875,913300
2024-08-21,255.317626953125,267.8500061035156,268.1099853515625,264.7300109863281,265.7900085449219,1305100
2024-08-22,256.7760314941406,269.3800048828125,269.5799865722656,267.25,268.92999267578125,1137600
2024-08-23,256.9857482910156,269.6000061035156,270.989990234375,268.20001220703125,270.6000061035156,1206700
2024-08-26,258.65386962890625,271.3500061035156,271.8699951171875,270.1099853515625,270.54998779296875,792600
2024-08-27,261.8280029296875,274.67999267578125,275.1000061035156,270.75,271.2799987792969,1260000
2024-08-28,259.921630859375,272.67999267578125,276.7699890136719,271.80999755859375,275.7900085449219,1369500
2024-08-29,260.56982421875,273.3599853515625,275.2699890136719,271.67999267578125,274.5400085449219,850400
2024-08-30,263.0005187988281,275.9100036621094,276.739990234375,272.29998779296875,273.8699951171875,1548100
2024-09-03,262.6573486328125,275.54998779296875,278.0199890136719,273.0,273.0,1589900
2024-09-04,262.3427734375,275.2200012207031,278.25,273.67999267578125,276.0,1374400
2024-09-05,257.529052734375,270.1700134277344,274.94000244140625,269.0199890136719,274.79998779296875,1856300
2024-09-06,256.9476318359375,269.55999755859375,271.489990234375,267.7900085449219,271.0400085449219,2814500
2024-09-09,262.6954650878906,275.5899963378906,276.1300048828125,269.70001220703125,269.70001220703125,1784400
2024-09-10,266.19378662109375,279.260009765625,279.5799865722656,275.4700012207031,277.04998779296875,1354300
2024-09-11,264.4970397949219,277.4800109863281,277.8500061035156,270.7099914550781,277.30999755859375,1556000
2024-09-12,265.37396240234375,278.3999938964844,279.010009765625,273.8999938964844,277.5799865722656,1499000
2024-09-13,265.862548828125,277.510009765625,278.67999267578125,275.8299865722656,276.7799987792969,1183100
2024-09-16,266.9068298339844,278.6000061035156,279.7799987792969,276.9700012207031,279.0299987792969,1699400
2024-09-17,267.682861328125,279.4100036621094,281.5400085449219,278.07000732421875,278.07000732421875,2163300
2024-09-18,264.3297424316406,275.9100036621094,281.1400146484375,275.42999267578125,279.45001220703125,1521100
2024-09-19,266.0350341796875,277.69000244140625,279.7099914550781,276.510009765625,279.42999267578125,1559300
2024-09-20,264.8087158203125,276.4100036621094,278.010009765625,274.29998779296875,276.7799987792969,3271500
2024-09-23,265.9296569824219,277.5799865722656,277.8399963378906,275.2699890136719,276.8800048828125,1435000
2024-09-24,265.0291748046875,276.6400146484375,277.9599914550781,275.0,277.4599914550781,1436900
2024-09-25,263.6974792480469,275.25,276.989990234375,274.9599914550781,276.3599853515625,1076300
2024-09-26,262.9118347167969,274.42999267578125,276.760009765625,273.6300048828125,275.9200134277344,1333800
2024-09-27,261.4269104003906,272.8800048828125,276.2099914550781,272.7099914550781,274.79998779296875,1581300
2024-09-30,265.1153259277344,276.7300109863281,277.0400085449219,272.17999267578125,273.510009765625,1987800
2024-10-01,268.3247375488281,280.0799865722656,281.17999267578125,273.45001220703125,278.17999267578125,1909900
2024-10-02,271.6490783691406,283.54998779296875,283.760009765625,278.67999267578125,280.0799865722656,1297900
2024-10-03,272.6741943359375,284.6199951171875,285.6700134277344,282.1099853515625,282.7900085449219,1489500
2024-10-04,273.1914978027344,285.1600036621094,286.29998779296875,282.6700134277344,285.70001220703125,1076700
2024-10-07,270.2790832519531,282.1199951171875,284.9200134277344,281.2699890136719,283.55999755859375,1443300
2024-10-08,273.44061279296875,285.4200134277344,286.1099853515625,281.989990234375,283.04998779296875,1176000
2024-10-09,275.6919860839844,287.7699890136719,288.29998779296875,284.5899963378906,285.8299865722656,1253300
2024-10-10,274.8680419921875,286.9100036621094,287.5899963378906,285.7200012207031,287.5,864500
2024-10-11,276.2572326660156,288.3599853515625,288.5,286.6600036621094,286.94000244140625,952200
2024-10-14,278.7864074707031,291.0,291.7699890136719,288.42999267578125,288.989990234375,969700
2024-10-15,277.86669921875,290.0400085449219,294.17999267578125,289.8900146484375,291.70001220703125,1532000
2024-10-16,278.4989929199219,290.70001220703125,291.1600036621094,287.7900085449219,289.1099853515625,1242100
2024-10-17,279.70611572265625,291.9599914550781,292.8299865722656,289.989990234375,292.0400085449219,2299200
2024-10-18,280.022216796875,292.2900085449219,292.760009765625,290.239990234375,292.57000732421875,2738200
2024-10-21,278.7001953125,290.9100036621094,291.989990234375,289.17999267578125,291.7300109863281,1044300
2024-10-22,279.11212158203125,291.3399963378906,291.7799987792969,288.4200134277344,290.1499938964844,983100
2024-10-23,277.86669921875,290.0400085449219,292.44000244140625,289.3599853515625,289.7200012207031,1183700
2024-10-24,277.2823181152344,289.42999267578125,291.239990234375,288.760009765625,290.0400085449219,1261700
2024-10-25,275.8739929199219,287.9599914550781,290.8500061035156,287.6000061035156,290.3699951171875,1691500
2024-10-28,274.4177551269531,286.44000244140625,289.19000244140625,286.0400085449219,288.510009765625,1591800
2024-10-29,275.86444091796875,287.95001220703125,289.6600036621094,284.3900146484375,285.44000244140625,2583000
2024-10-30,280.4916687011719,292.7799987792969,292.8699951171875,285.6000061035156,286.20001220703125,2012600
2024-10-31,277.1002502441406,289.239990234375,292.5400085449219,288.94000244140625,291.510009765625,2215700
2024-11-01,276.0847473144531,288.17999267578125,289.3699951171875,285.989990234375,288.010009765625,2037000
2024-11-04,277.6942138671875,289.8599853515625,292.25,288.9800109863281,290.0,1184300
2024-11-05,278.9588317871094,291.17999267578125,291.7099914550781,288.44000244140625,289.5799865722656,897600
2024-11-06,292.3712463378906,305.17999267578125,306.7099914550781,296.739990234375,299.5899963378906,2869300
2024-11-07,292.0551452636719,304.8500061035156,306.19000244140625,303.04998779296875,305.0,1299400
2024-11-08,291.9401550292969,304.7300109863281,306.9200134277344,304.1300048828125,305.6600036621094,1552200
2024-11-11,293.9040832519531,306.7799987792969,308.5400085449219,305.1300048828125,305.7799987792969,1340200
2024-11-12,294.9866943359375,307.9100036621094,309.2099914550781,306.8299865722656,307.3599853515625,1711200
2024-11-13,294.5938720703125,307.5,309.3699951171875,306.6700134277344,306.70001220703125,1637800
2024-11-14,289.3150939941406,301.989990234375,307.7200012207031,301.3999938964844,307.1099853515625,1505800
2024-11-15,285.1476745605469,297.6400146484375,301.95001220703125,297.07000732421875,301.92999267578125,1457700
2024-11-18,285.3872375488281,297.8900146484375,299.8399963378906,296.95001220703125,297.6400146484375,1075900
2024-11-19,285.0518798828125,297.5400085449219,299.0899963378906,295.05999755859375,296.3800048828125,1741700
2024-11-20,286.057861328125,298.5899963378906,300.6199951171875,295.1499938964844,296.4800109863281,2159300
2024-11-21,291.7868347167969,304.57000732421875,304.9599914550781,298.80999755859375,300.0,1810600
2024-11-22,292.34246826171875,305.1499938964844,308.0199890136719,304.30999755859375,305.3399963378906,1312000
2024-11-25,291.8826599121094,304.6700134277344,305.9599914550781,301.6700134277344,305.30999755859375,3078700
2024-11-26,295.04412841796875,307.9700012207031,308.30999755859375,304.760009765625,305.6000061035156,1048400
2024-11-27,294.0382385253906,306.9200134277344,309.6300048828125,306.7300109863281,309.6199951171875,1515400
2024-11-29,294.04779052734375,306.92999267578125,307.92999267578125,306.25,306.7300109863281,805000
2024-12-02,293.1855773925781,306.0299987792969,307.6700134277344,304.54998779296875,307.6700134277344,1279300
2024-12-03,290.82879638671875,303.57000732421875,307.7300109863281,302.1199951171875,306.2200012207031,2059800
2024-12-04,290.7521667480469,303.489990234375,305.6000061035156,302.2099914550781,304.94000244140625,1374300
2024-12-05,289.13311767578125,301.79998779296875,303.260009765625,300.0199890136719,303.20001220703125,3169100
2024-12-06,291.77728271484375,304.55999755859375,305.6099853515625,301.4599914550781,301.4599914550781,2621900
2024-12-09,285.0710754394531,297.55999755859375,304.75,295.6199951171875,303.94000244140625,2266200
2024-12-10,289.5450744628906,302.2300109863281,302.7699890136719,295.7200012207031,297.0,1672500
2024-12-11,288.1271667480469,300.75,304.54998779296875,300.55999755859375,302.7699890136719,1952200
2024-12-12,286.2111511230469,298.75,302.0,297.4800109863281,300.94000244140625,1172600
2024-12-13,285.77777099609375,296.760009765625,298.17999267578125,295.69000244140625,296.4100036621094,1880600
2024-12-16,285.825927734375,296.80999755859375,298.4599914550781,295.94000244140625,298.0,2579900
2024-12-17,284.6318054199219,295.57000732421875,298.010009765625,294.92999267578125,296.010009765625,2625300
2024-12-18,277.8234558105469,288.5,295.8399963378906,288.3900146484375,294.8699951171875,2262400
2024-12-19,280.5486755371094,291.3299865722656,293.9700012207031,287.6300048828125,287.6300048828125,1787100
2024-12-20,283.13916015625,294.0199890136719,295.1499938964844,289.95001220703125,290.1099853515625,4165800
2024-12-23,283.26434326171875,294.1499938964844,295.0,290.8999938964844,293.8699951171875,1388800
2024-12-24,285.4888610839844,296.4599914550781,297.07000732421875,293.0199890136719,293.20001220703125,956000
2024-12-26,286.23040771484375,297.2300109863281,298.32000732421875,295.3999938964844,296.3299865722656,1403700
2024-12-27,285.21923828125,296.17999267578125,298.2900085449219,295.1099853515625,295.9599914550781,1332000
2024-12-30,282.1280517578125,292.9700012207031,294.5,290.79998779296875,292.57000732421875,1161800
2024-12-31,281.89691162109375,292.7300109863281,294.2099914550781,291.57000732421875,294.010009765625,980600
2025-01-02,278.93084716796875,289.6499938964844,295.1499938964844,288.54998779296875,293.8299865722656,1025300
2025-01-03,280.8953857421875,291.69000244140625,292.54998779296875,289.7900085449219,290.7300109863281,1044200
2025-01-06,276.504150390625,287.1300048828125,290.32000732421875,285.8599853515625,289.1499938964844,1529100
2025-01-07,277.7271728515625,288.3999938964844,290.0,287.25,287.25,1451800
2025-01-08,281.0880432128906,291.8900146484375,292.04998779296875,288.510009765625,288.510009765625,1513000
2025-01-10,276.2344970703125,286.8500061035156,292.8500061035156,286.70001220703125,290.19000244140625,2292500
2025-01-13,279.4605712890625,290.20001220703125,290.4800109863281,285.4800109863281,285.69000244140625,1809400
2025-01-14,280.8953857421875,291.69000244140625,291.8699951171875,287.4700012207031,290.29998779296875,2321600
2025-01-15,282.51324462890625,293.3699951171875,295.2099914550781,292.3599853515625,294.0199890136719,1764400
2025-01-16,285.2674255371094,296.2300109863281,297.6099853515625,291.80999755859375,291.8399963378906,1667500
2025-01-17,285.21923828125,296.17999267578125,301.0899963378906,295.9599914550781,301.0899963378906,2408400
2025-01-21,287.1163330078125,298.1499938964844,299.1000061035156,296.44000244140625,296.44000244140625,1652300
2025-01-22,285.3925476074219,296.3599853515625,298.67999267578125,296.2200012207031,297.7300109863281,1627800
2025-01-23,284.853271484375,295.79998779296875,297.17999267578125,293.67999267578125,296.239990234375,1102000
2025-01-24,286.1051940917969,297.1000061035156,298.29998779296875,293.239990234375,293.7200012207031,1206000
2025-01-27,289.0423278808594,300.1499938964844,301.0799865722656,294.70001220703125,294.70001220703125,1635900
2025-01-28,287.2703857421875,298.30999755859375,302.54998779296875,295.6700134277344,299.9599914550781,2469600
2025-01-29,289.4467468261719,300.57000732421875,311.6700134277344,300.4200134277344,304.1400146484375,2764100
2025-01-30,292.0372314453125,303.260009765625,307.8399963378906,301.0400085449219,303.5199890136719,1367100
2025-01-31,291.7964782714844,303.010009765625,305.1000061035156,301.17999267578125,301.7900085449219,2237700
2025-02-03,295.94696044921875,307.32000732421875,307.94000244140625,302.7099914550781,303.29998779296875,2169100
2025-02-04,293.3950500488281,304.6700134277344,305.6300048828125,303.0,304.1400146484375,1256700
2025-02-05,296.7462158203125,308.1499938964844,308.20001220703125,303.9200134277344,305.6300048828125,1633600
2025-02-06,297.5359191894531,308.9700012207031,310.260009765625,307.510009765625,309.0,1740400
2025-02-07,294.64691162109375,305.9700012207031,310.3699951171875,305.82000732421875,310.32000732421875,1387900
2025-02-10,295.5714111328125,306.92999267578125,308.3599853515625,306.4800109863281,308.239990234375,902800
2025-02-11,294.4639892578125,305.7799987792969,307.55999755859375,304.3699951171875,307.55999755859375,1151000
2025-02-12,295.3017578125,306.6499938964844,306.75,302.80999755859375,304.1400146484375,1559000
2025-02-13,298.7396240234375,310.2200012207031,310.5799865722656,305.0,306.0,1197800
2025-02-14,296.7462158203125,308.1499938964844,311.5899963378906,308.1300048828125,310.0,1100900
2025-02-18,298.4796142578125,309.95001220703125,311.4700012207031,307.7699890136719,310.2799987792969,1313200
2025-02-19,301.62860107421875,313.2200012207031,313.7200012207031,309.5,310.70001220703125,1407700
2025-02-20,300.4248962402344,311.9700012207031,312.8900146484375,309.760009765625,311.9700012207031,1304500
2025-02-21,299.25970458984375,310.760009765625,312.3599853515625,307.32000732421875,311.7799987792969,1600300
2025-02-24,300.6463623046875,312.20001220703125,314.05999755859375,310.1199951171875,310.6199951171875,1311900
2025-02-25,301.7730712890625,313.3699951171875,314.70001220703125,310.44000244140625,312.989990234375,1880000
2025-02-26,299.85675048828125,311.3800048828125,315.2900085449219,311.0400085449219,312.739990234375,1442900
2025-02-27,299.7796936035156,311.29998779296875,314.1199951171875,310.239990234375,311.9800109863281,1489900
2025-02-28,303.51605224609375,315.17999267578125,316.4599914550781,311.1300048828125,314.69000244140625,3289100
2025-03-03,306.84808349609375,318.6400146484375,320.5,315.70001220703125,316.010009765625,1515400
2025-03-04,301.8404846191406,313.44000244140625,322.8399963378906,308.0,322.8399963378906,2388400
2025-03-05,298.94189453125,310.42999267578125,313.8999938964844,309.3900146484375,311.3800048828125,3471000
2025-03-06,291.2668151855469,302.4599914550781,309.4599914550781,299.239990234375,308.5,2975100
2025-03-07,295.10919189453125,306.45001220703125,307.2900085449219,302.4599914550781,302.4599914550781,2293500
2025-03-10,291.7772521972656,302.989990234375,309.3399963378906,301.5799865722656,306.20001220703125,2991400
2025-03-11,281.61767578125,292.44000244140625,304.4800109863281,292.0299987792969,304.1099853515625,2923400
2025-03-12,283.2932434082031,294.17999267578125,294.7799987792969,290.1000061035156,292.7799987792969,1959700
2025-03-13,279.7975769042969,290.54998779296875,294.19000244140625,289.45001220703125,294.1300048828125,2062500
2025-03-14,282.45989990234375,291.760009765625,292.55999755859375,289.20001220703125,289.20001220703125,1429200
2025-03-17,287.1262512207031,296.5799865722656,297.8999938964844,291.2200012207031,292.0799865722656,1818300
2025-03-18,286.4969787597656,295.92999267578125,296.4800109863281,293.0,295.8500061035156,1181000
2025-03-19,289.2658386230469,298.7900085449219,300.2699890136719,295.92999267578125,295.92999267578125,1291700
2025-03-20,288.02667236328125,297.510009765625,299.80999755859375,294.8999938964844,295.1400146484375,1602400
2025-03-21,285.90643310546875,295.32000732421875,295.6600036621094,292.7300109863281,295.1600036621094,3951100
2025-03-24,289.3626403808594,298.8900146484375,300.2300109863281,296.7300109863281,297.5299987792969,1709100
2025-03-25,289.8370361328125,299.3800048828125,300.0299987792969,297.510009765625,299.010009765625,1474800
2025-03-26,292.7704772949219,302.4100036621094,307.1400146484375,298.8699951171875,300.4200134277344,1851300
2025-03-27,295.69415283203125,305.42999267578125,306.25,301.2799987792969,303.0299987792969,1373800
2025-03-28,291.24078369140625,300.8299865722656,308.8900146484375,300.6499938964844,306.29998779296875,1785400
2025-03-31,295.791015625,305.5299987792969,306.3299865722656,300.8999938964844,301.25,2492500
2025-04-01,296.768798828125,306.5400085449219,307.3800048828125,303.5899963378906,305.3800048828125,1199200
2025-04-02,297.43682861328125,307.2300109863281,307.9700012207031,303.75,304.92999267578125,1089300
2025-04-03,295.6554870605469,305.3900146484375,309.5,303.4800109863281,304.69000244140625,1998800
2025-04-04,277.0093688964844,286.1300048828125,306.0,285.8999938964844,305.5799865722656,3769200
2025-04-07,272.25592041015625,281.2200012207031,288.5299987792969,272.6199951171875,284.0899963378906,3541600
2025-04-08,267.93804931640625,276.760009765625,286.42999267578125,273.5400085449219,282.79998779296875,3130200
2025-04-09,285.2965393066406,294.69000244140625,295.69000244140625,273.80999755859375,275.1600036621094,3469500
2025-04-10,282.8955993652344,292.2099914550781,297.4700012207031,285.1400146484375,293.1400146484375,3284700
2025-04-11,289.9919738769531,299.5400085449219,301.3900146484375,290.29998779296875,292.2099914550781,2188000
2025-04-14,291.947509765625,301.55999755859375,304.30999755859375,298.7200012207031,299.6499938964844,1806200
2025-04-15,288.5591125488281,298.05999755859375,303.2699890136719,297.79998779296875,301.55999755859375,1763300
2025-04-16,284.7640686035156,294.1400146484375,299.20001220703125,292.260009765625,297.9599914550781,1406500
2025-04-17,283.9314880371094,293.2799987792969,296.1000061035156,292.9599914550781,295.8800048828125,1667100
2025-04-21,275.7701721191406,284.8500061035156,293.239990234375,280.3399963378906,290.7699890136719,2315500
2025-04-22,283.5539245605469,292.8900146484375,295.510009765625,286.760009765625,288.32000732421875,1725200
2025-04-23,284.1831970214844,293.5400085449219,297.6000061035156,291.7300109863281,294.3500061035156,1636100
2025-04-24,285.1610107421875,294.54998779296875,294.8599853515625,288.9599914550781,293.0400085449219,1686300
2025-04-25,282.45989990234375,291.760009765625,294.20001220703125,288.75,293.0899963378906,1482000
2025-04-28,284.21221923828125,293.57000732421875,294.2099914550781,290.3999938964844,291.6499938964844,1669200
2025-04-29,286.3420715332031,295.7699890136719,296.0199890136719,292.3699951171875,292.3999938964844,1618300
2025-04-30,291.01812744140625,300.6000061035156,301.3599853515625,288.3399963378906,290.739990234375,3342000
2025-05-01,289.1690368652344,298.69000244140625,300.32000732421875,293.7300109863281,299.2099914550781,1667400
2025-05-02,293.8934631347656,303.57000732421875,305.05999755859375,300.0799865722656,301.0199890136719,1720800
2025-05-05,294.2710266113281,303.9599914550781,305.75,301.45001220703125,303.29998779296875,1232800
2025-05-06,293.6611022949219,303.3299865722656,304.19000244140625,300.92999267578125,303.2300109863281,1006800
2025-05-07,295.4521179199219,305.17999267578125,306.20001220703125,302.3800048828125,303.4100036621094,2013000
2025-05-08,297.3012390136719,307.0899963378906,309.6700134277344,305.19000244140625,306.8999938964844,1164200
2025-05-09,297.9111633300781,307.7200012207031,308.7099914550781,305.82000732421875,307.0899963378906,851700
2025-05-12,299.5182800292969,309.3800048828125,312.1400146484375,305.2099914550781,311.82000732421875,1683000
2025-05-13,298.3662109375,308.19000244140625,310.8599853515625,308.17999267578125,310.0799865722656,1215300
2025-05-14,299.5473327636719,309.4100036621094,309.9800109863281,305.510009765625,306.6600036621094,1163100
2025-05-15,305.7820129394531,315.8500061035156,315.95001220703125,309.9599914550781,309.9599914550781,1696900
2025-05-16,309.1898193359375,319.3699951171875,319.5,314.3900146484375,316.44000244140625,1489000
2025-05-19,312.6653747558594,322.9599914550781,323.1700134277344,317.3699951171875,318.7200012207031,1530400
2025-05-20,312.5104675292969,322.79998779296875,323.1400146484375,320.8299865722656,321.3599853515625,1015000
2025-05-21,312.3459167480469,322.6300048828125,323.6600036621094,320.30999755859375,320.30999755859375,1892300
2025-05-22,311.3971252441406,321.6499938964844,323.2099914550781,320.1499938964844,322.6000061035156,1273700
2025-05-23,310.85498046875,321.0899963378906,321.8299865722656,317.6499938964844,319.07000732421875,962400
2025-05-27,315.3277282714844,325.7099914550781,326.0,321.82000732421875,322.8800048828125,1745100
2025-05-28,313.8078308105469,324.1400146484375,327.989990234375,323.7099914550781,327.32000732421875,1158700
2025-05-29,313.7884521484375,324.1199951171875,325.07000732421875,321.2699890136719,324.20001220703125,921700
2025-05-30,315.1534729003906,325.5299987792969,326.6000061035156,323.3699951171875,325.17999267578125,2925000
2025-06-02,315.4148254394531,325.79998779296875,325.9100036621094,321.07000732421875,322.79998779296875,1502400
2025-06-03,316.1216125488281,326.5299987792969,326.79998779296875,322.9800109863281,324.4599914550781,2155900
2025-06-04,315.8117980957031,326.2099914550781,327.55999755859375,323.9599914550781,325.7200012207031,1229900
2025-06-05,315.8312072753906,326.2300109863281,327.79998779296875,324.67999267578125,327.17999267578125,1817400
2025-06-06,316.3926696777344,326.80999755859375,329.92999267578125,326.1300048828125,328.8500061035156,1183300
2025-06-09,308.41534423828125,318.57000732421875,325.8399963378906,317.79998779296875,325.7200012207031,1462900
2025-06-10,304.494384765625,314.5199890136719,319.7200012207031,312.67999267578125,318.5299987792969,1422000
2025-06-11,302.4129638671875,312.3699951171875,314.3800048828125,310.92999267578125,314.3800048828125,1323600
2025-06-12,299.87646484375,309.75,314.25,305.2799987792969,312.9599914550781,1798900
2025-06-13,298.5240478515625,306.82000732421875,310.8500061035156,305.739990234375,307.07000732421875,2021600
2025-06-16,299.5846252441406,307.9100036621094,309.69000244140625,306.6300048828125,307.79998779296875,1622300
2025-06-17,299.30242919921875,307.6199951171875,309.29998779296875,306.8500061035156,308.7699890136719,2356900
2025-06-18,298.47540283203125,306.7699890136719,308.80999755859375,306.0799865722656,307.6199951171875,1466700
2025-06-20,297.9792175292969,306.260009765625,308.510009765625,304.0,308.510009765625,3659000
2025-06-23,301.8515625,310.239990234375,310.44000244140625,305.760009765625,307.260009765625,1707000
2025-06-24,302.9802551269531,311.3999938964844,311.989990234375,308.1499938964844,311.25,1309200
2025-06-25,290.1274108886719,298.19000244140625,311.20001220703125,297.2200012207031,311.0199890136719,2354900
2025-06-26,294.7878723144531,302.9800109863281,303.8999938964844,296.75,299.239990234375,2304100
2025-06-27,295.2452087402344,303.45001220703125,306.4700012207031,300.8999938964844,302.94000244140625,1931100
2025-06-30,300.06134033203125,308.3999938964844,308.8800048828125,302.6099853515625,303.3699951171875,2414600
2025-07-01,301.7445983886719,310.1300048828125,311.989990234375,307.29998779296875,308.17999267578125,1496600
2025-07-02,296.8019104003906,305.04998779296875,308.75,300.7900085449219,308.0799865722656,1327800
2025-07-03,300.8397216796875,309.20001220703125,309.3999938964844,305.2799987792969,307.0,1393200
2025-07-07,300.06134033203125,308.3999938964844,310.80999755859375,306.8999938964844,309.17999267578125,1660400
2025-07-08,298.6018981933594,306.8999938964844,309.2099914550781,305.3999938964844,307.7699890136719,1919200
2025-07-09,300.0710754394531,308.4100036621094,308.6600036621094,305.260009765625,308.2099914550781,1359600
2025-07-10,297.55108642578125,305.82000732421875,308.4700012207031,305.32000732421875,307.3500061035156,1421500
2025-07-11,294.466796875,302.6499938964844,305.8599853515625,301.8399963378906,305.42999267578125,1097300
2025-07-14,295.1575927734375,303.3599853515625,303.8399963378906,301.1000061035156,302.19000244140625,1128400
2025-07-15,290.1176452636719,298.17999267578125,303.2099914550781,298.04998779296875,302.07000732421875,965400
2025-07-16,292.1511535644531,300.2699890136719,300.70001220703125,296.4599914550781,298.6600036621094,1525500
2025-07-17,293.9511413574219,302.1199951171875,303.3699951171875,299.8800048828125,299.8800048828125,1313800
2025-07-18,293.63006591796875,301.7900085449219,304.2699890136719,300.3900146484375,304.2699890136719,1653900
2025-07-21,292.76409912109375,300.8999938964844,303.29998779296875,300.75,301.69000244140625,949700
2025-07-22,294.7878723144531,302.9800109863281,306.3299865722656,301.4800109863281,301.6000061035156,1026700
2025-07-23,296.0041198730469,304.2300109863281,304.510009765625,301.5,302.3800048828125,1135600
2025-07-24,297.959716796875,306.239990234375,307.1000061035156,303.25,303.9200134277344,1148000
2025-07-25,300.28515625,308.6300048828125,308.82000732421875,306.1700134277344,307.1600036621094,967200
2025-07-28,298.5921936035156,306.8900146484375,309.19000244140625,306.30999755859375,308.6000061035156,1184800
2025-07-29,300.29486083984375,308.6400146484375,309.69000244140625,305.5,307.9700012207031,2670900
2025-07-30,302.5326843261719,310.94000244140625,315.9800109863281,298.69000244140625,299.30999755859375,2558200
2025-07-31,301.131591796875,309.5,315.260009765625,308.80999755859375,309.32000732421875,2030400
2025-08-01,292.31658935546875,300.44000244140625,308.2699890136719,299.55999755859375,308.0,1791600
2025-08-04,294.08734130859375,302.260009765625,303.0899963378906,300.3699951171875,300.54998779296875,1560100
2025-08-05,291.3436279296875,299.44000244140625,302.8900146484375,299.2900085449219,302.17999267578125,1774900
2025-08-06,293.4841003417969,301.6400146484375,302.4599914550781,298.6600036621094,300.5799865722656,1879400
2025-08-07,295.2840881347656,303.489990234375,305.7699890136719,301.5799865722656,303.67999267578125,1519900
2025-08-08,297.5413513183594,305.80999755859375,306.8299865722656,303.6199951171875,304.1300048828125,879400
2025-08-11,295.50787353515625,303.7200012207031,306.94000244140625,302.5,304.760009765625,1265700
2025-08-12,291.52850341796875,299.6300048828125,304.20001220703125,299.010009765625,303.5199890136719,1280000
2025-08-13,296.70465087890625,304.95001220703125,305.1099853515625,299.7300109863281,299.8699951171875,2351700
2025-08-14,293.52301025390625,301.67999267578125,304.9599914550781,301.42999267578125,304.95001220703125,1074400
2025-08-15,293.63006591796875,301.7900085449219,304.0299987792969,300.05999755859375,301.30999755859375,1362800
2025-08-18,294.466796875,302.6499938964844,303.1600036621094,301.1000061035156,302.0199890136719,1156700
2025-08-19,297.45379638671875,305.7200012207031,306.7300109863281,302.25,302.5799865722656,1227200
2025-08-20,300.67431640625,309.0299987792969,310.0799865722656,305.6700134277344,306.8399963378906,1440600
2025-08-21,296.6948547363281,304.94000244140625,308.989990234375,304.0400085449219,308.5299987792969,1458700
2025-08-22,299.6235046386719,307.95001220703125,308.8999938964844,303.3699951171875,306.45001220703125,1150900
2025-08-25,295.6246337890625,303.8399963378906,307.79998779296875,303.2799987792969,306.7099914550781,1138000
2025-08-26,295.2452087402344,303.45001220703125,304.6700134277344,302.1199951171875,303.1300048828125,2503400
2025-08-27,294.8949279785156,303.0899963378906,304.3299865722656,301.9599914550781,302.5299987792969,1109600
2025-08-28,295.8775939941406,304.1000061035156,304.45001220703125,301.75,303.0400085449219,1488200
2025-08-29,295.82891845703125,304.04998779296875,305.30999755859375,302.6499938964844,302.6499938964844,1106900
2025-09-02,291.6646728515625,299.7699890136719,302.45001220703125,298.29998779296875,301.6400146484375,1648300
2025-09-03,290.7792663574219,298.8599853515625,300.07000732421875,294.5899963378906,296.57000732421875,1447900
2025-09-04,293.0462951660156,301.19000244140625,301.5799865722656,296.7099914550781,298.9200134277344,1735400
2025-09-05,287.9674072265625,295.9700012207031,302.67999267578125,293.95001220703125,301.19000244140625,1892500
2025-09-08,290.36090087890625,298.42999267578125,298.5899963378906,293.510009765625,296.5799865722656,1716600
2025-09-09,289.2030944824219,297.239990234375,298.8999938964844,296.2200012207031,298.42999267578125,1349900
2025-09-10,284.4842224121094,292.3900146484375,297.8399963378906,290.3800048828125,297.8399963378906,1762100
2025-09-11,289.9717102050781,298.0299987792969,299.2200012207031,291.9599914550781,291.9599914550781,1984800
2025-09-12,287.0474548339844,293.5,296.8599853515625,292.19000244140625,294.9599914550781,1100100
2025-09-15,284.47528076171875,290.8699951171875,294.92999267578125,290.20001220703125,293.57000732421875,1290500
2025-09-16,282.34320068359375,288.69000244140625,291.9100036621094,282.2699890136719,290.25,2609100
2025-09-17,282.4018859863281,288.75,291.32000732421875,287.739990234375,289.1300048828125,2275800
2025-09-18,284.55352783203125,290.95001220703125,292.29998779296875,287.44000244140625,288.05999755859375,2184400
2025-09-19,285.5804138183594,292.0,293.510009765625,290.70001220703125,293.510009765625,4039600
2025-09-22,287.2039489746094,293.6600036621094,294.4599914550781,288.5400085449219,289.4599914550781,2179600
2025-09-23,282.8517761230469,289.2099914550781,293.489990234375,287.30999755859375,292.2099914550781,1926200
2025-09-24,285.0914306640625,291.5,292.8699951171875,287.94000244140625,288.6000061035156,3456600
2025-09-25,282.5388488769531,288.8900146484375,293.2900085449219,287.6600036621094,291.8999938964844,1862800
2025-09-26,285.13055419921875,291.5400085449219,292.7099914550781,288.54998779296875,289.55999755859375,1703900
2025-09-29,286.2259216308594,292.6600036621094,294.3500061035156,291.3900146484375,292.5,2155200
2025-09-30,287.0474548339844,293.5,293.9100036621094,285.0299987792969,288.489990234375,3156400
2025-10-01,285.198974609375,291.6099853515625,293.6400146484375,289.57000732421875,292.4800109863281,2201000
2025-10-02,283.4972229003906,289.8699951171875,290.82000732421875,286.4200134277344,289.2200012207031,2073800
2025-10-03,284.90557861328125,291.30999755859375,292.3800048828125,287.8599853515625,289.9800109863281,1227700
2025-10-06,284.16229248046875,290.54998779296875,291.95001220703125,288.489990234375,291.5,1703700
2025-10-07,286.499755859375,292.94000244140625,293.510009765625,290.45001220703125,291.67999267578125,1150200
2025-10-08,284.30902099609375,290.70001220703125,292.79998779296875,289.82000732421875,292.55999755859375,1410100
2025-10-09,279.6047668457031,285.8900146484375,291.3399963378906,285.3999938964844,290.44000244140625,1340800
2025-10-10,278.9201354980469,285.19000244140625,287.79998779296875,284.6499938964844,286.8500061035156,2717700
2025-10-13,278.0986022949219,284.3500061035156,286.8299865722656,282.8900146484375,285.2099914550781,2041600
2025-10-14,279.6341247558594,285.9200134277344,286.79998779296875,283.6199951171875,283.6600036621094,1299500
2025-10-15,277.9617004394531,284.2099914550781,287.69000244140625,283.010009765625,286.70001220703125,1568300
2025-10-16,274.000732421875,280.1600036621094,284.4800109863281,279.4200134277344,284.260009765625,1494300
2025-10-17,275.0863037109375,281.2699890136719,282.8999938964844,280.0,280.9800109863281,1301100
2025-10-20,276.8076171875,283.0299987792969,283.739990234375,281.17999267578125,281.6099853515625,1395700
2025-10-21,277.73675537109375,283.9800109863281,285.4100036621094,282.2900085449219,283.4599914550781,1748200
2025-10-22,277.7074279785156,283.95001220703125,287.3999938964844,282.92999267578125,283.6099853515625,1233700
2025-10-23,275.3601379394531,281.54998779296875,284.2300109863281,280.6600036621094,282.70001220703125,1338200
2025-10-24,274.7635803222656,280.94000244140625,282.8599853515625,280.67999267578125,282.25,1263200
2025-10-27,274.3625793457031,280.5299987792969,282.8900146484375,280.0899963378906,280.9700012207031,1979800
2025-10-28,273.4823913574219,279.6300048828125,282.92999267578125,279.30999755859375,280.0,2351300
2025-10-29,255.4771270751953,261.2200012207031,272.80999755859375,260.239990234375,271.1600036621094,3346300
2025-10-30,255.78033447265625,261.5299987792969,265.9200134277344,260.2200012207031,262.2200012207031,2792400
2025-10-31,254.57736206054688,260.29998779296875,262.0799865722656,258.19000244140625,260.6300048828125,2557700
2025-11-03,251.5161895751953,257.1700134277344,260.67999267578125,255.16000366210938,260.29998779296875,2365600
2025-11-04,253.52110290527344,259.2200012207031,262.25,256.8699951171875,259.6099853515625,2555000
2025-11-05,253.8634033203125,259.57000732421875,260.7699890136719,256.0400085449219,256.4700012207031,2213000
2025-11-06,246.81190490722656,252.36000061035156,258.6600036621094,249.67999267578125,257.6000061035156,3338300
2025-11-07,248.5723419189453,254.16000366210938,255.3800048828125,251.6199951171875,253.75999450683594,2442100
2025-11-10,248.4745330810547,254.05999755859375,255.77000427246094,251.17999267578125,253.3000030517578,1735600
2025-11-11,249.5894775390625,255.1999969482422,256.1000061035156,253.27000427246094,254.61000061035156,1413500
2025-11-12,248.95376586914062,254.5500030517578,256.3299865722656,253.49000549316406,255.2100067138672,1772100
2025-11-13,249.012451171875,254.61000061035156,255.0399932861328,250.64999389648438,252.85000610351562,1980600
2025-11-14,247.52586364746094,253.08999633789062,255.72000122070312,251.22000122070312,254.61000061035156,1720000
2025-11-17,245.38400268554688,250.89999389648438,253.55999755859375,250.35000610351562,252.80999755859375,1761300
2025-11-18,244.2006072998047,249.69000244140625,251.4600067138672,247.2100067138672,251.02000427246094,2031600
2025-11-19,244.90478515625,250.41000366210938,251.35000610351562,247.17999267578125,250.25999450683594,2170500
2025-11-20,243.58445739746094,249.05999755859375,251.92999267578125,247.77000427246094,251.80999755859375,2034400
2025-11-21,247.55519104003906,253.1199951171875,254.4600067138672,249.05999755859375,249.77999877929688,2003200
2025-11-24,244.60159301757812,250.10000610351562,252.7899932861328,248.3300018310547,252.6199951171875,3502300
2025-11-25,250.67507934570312,256.30999755859375,260.0,250.66000366210938,251.0,2670000
2025-11-26,248.7386016845703,254.3300018310547,257.3999938964844,254.05999755859375,256.9800109863281,1711800
2025-11-28,249.68728637695312,255.3000030517578,256.3599853515625,253.6999969482422,255.2899932861328,975300
2025-12-01,250.21539306640625,255.83999633789062,257.8999938964844,253.1999969482422,254.0,2860800
2025-12-02,251.5259246826172,257.17999267578125,258.1099853515625,254.4600067138672,256.6499938964844,3423000
2025-12-03,254.4990997314453,260.2200012207031,260.5400085449219,256.5,256.5,2367000
2025-12-04,253.6971435546875,259.3999938964844,262.29998779296875,258.3500061035156,261.4599914550781,2594200
2025-12-05,255.8781280517578,261.6300048828125,262.760009765625,259.3399963378906,259.3999938964844,2756600
2025-12-08,253.00274658203125,258.69000244140625,261.1199951171875,257.5799865722656,260.8599853515625,2584200
2025-12-09,252.55287170410156,258.2300109863281,260.989990234375,257.989990234375,259.0899963378906,1717100
2025-12-10,253.6384735107422,259.3399963378906,260.04998779296875,256.8299865722656,257.3599853515625,2449800
2025-12-11,258.8708801269531,264.69000244140625,264.989990234375,259.3500061035156,259.5899963378906,1634400
2025-12-12,261.93212890625,266.1000061035156,266.3500061035156,263.739990234375,264.04998779296875,2079100
2025-12-15,260.8001403808594,264.95001220703125,267.8500061035156,264.57000732421875,266.3299865722656,2958000
2025-12-16,258.0636901855469,262.1700134277344,263.79998779296875,259.57000732421875,261.7799987792969,3359200
2025-12-17,261.31201171875,265.4700012207031,266.4200134277344,261.0,261.2799987792969,2511200
2025-12-18,256.8824768066406,260.9700012207031,265.25,260.760009765625,263.1300048828125,3508700
2025-12-19,253.89993286132812,257.94000244140625,261.0,257.0400085449219,260.32000732421875,7868400
2025-12-22,255.67172241210938,259.739990234375,261.489990234375,257.6199951171875,257.94000244140625,2075700
2025-12-23,252.98451232910156,257.010009765625,260.3699951171875,256.5899963378906,260.2699890136719,1875900
2025-12-24,254.0574188232422,258.1000061035156,259.0,255.3000030517578,256.5199890136719,622100
2025-12-26,254.78582763671875,258.8399963378906,259.04998779296875,257.3999938964844,257.8699951171875,1230500
2025-12-29,255.5437469482422,259.6099853515625,260.8299865722656,258.4100036621094,259.1499938964844,1703200
2025-12-30,255.4650421142578,259.5299987792969,260.6600036621094,258.55999755859375,258.6199951171875,1004100
2025-12-31,253.2010498046875,257.2300109863281,259.5,257.0899963378906,258.9800109863281,1760300
2026-01-02,248.919189453125,252.8800048828125,257.6700134277344,251.64999389648438,257.0299987792969,2026200
2026-01-05,253.28964233398438,257.32000732421875,259.1400146484375,251.9600067138672,252.69000244140625,2102600
2026-01-06,257.0301208496094,261.1199951171875,262.1000061035156,255.47000122070312,255.77000427246094,2063900
2026-01-07,257.1679382324219,261.260009765625,262.4800109863281,259.29998779296875,261.95001220703125,1479000
2026-01-08,261.5088806152344,265.6700134277344,267.0299987792969,259.6000061035156,260.25,1988700
2026-01-09,261.8533630371094,266.0199890136719,268.0799865722656,264.6600036621094,265.54998779296875,1687600
2026-01-12,258.6838073730469,262.79998779296875,266.0299987792969,261.9700012207031,264.79998779296875,1495100
2026-01-13,253.04356384277344,257.07000732421875,263.2200012207031,256.7200012207031,262.2900085449219,1802800
2026-01-14,254.45115661621094,258.5,259.0400085449219,256.19000244140625,256.6400146484375,1894800
2026-01-15,256.1245422363281,260.20001220703125,263.5799865722656,259.1300048828125,261.1400146484375,2054000
2026-01-16,256.36077880859375,260.44000244140625,261.0899963378906,257.57000732421875,260.0199890136719,2880300
2026-01-20,251.1044158935547,255.10000610351562,259.8999938964844,254.19000244140625,258.4599914550781,2214500
2026-01-21,252.9647979736328,256.989990234375,259.2900085449219,254.5,255.42999267578125,2540600
2026-01-22,255.7898406982422,259.8599853515625,260.05999755859375,256.5299987792969,257.20001220703125,2002100
2026-01-23,253.83102416992188,257.8699951171875,260.6499938964844,256.8800048828125,258.1300048828125,2114200
2026-01-26,254.1263427734375,258.1700134277344,260.239990234375,256.2200012207031,258.42999267578125,2043400
2026-01-27,250.5236358642578,254.50999450683594,257.4599914550781,253.44000244140625,256.7799987792969,3482100
2026-01-28,246.76348876953125,250.69000244140625,255.72999572753906,248.3000030517578,249.64999389648438,4089100
2026-01-29,242.11741638183594,245.97000122070312,252.42999267578125,244.44000244140625,249.38999938964844,3533800
2026-01-30,242.9541015625,246.82000732421875,247.0,243.67999267578125,245.07000732421875,3568400
2026-02-02,243.68251037597656,247.55999755859375,250.0,244.63999938964844,246.60000610351562,2024500
2026-02-03,231.39797973632812,235.0800018310547,244.2899932861328,234.80999755859375,244.14999389648438,4377400
2026-02-04,230.99440002441406,234.6699981689453,237.88999938964844,230.77999877929688,235.5,4159100
2026-02-05,230.32505798339844,233.99000549316406,238.8800048828125,232.41000366210938,236.5800018310547,2797800
2026-02-06,227.7362518310547,231.36000061035156,235.69000244140625,230.27999877929688,234.17999267578125,3223400
2026-02-09,223.07049560546875,226.6199951171875,231.36000061035156,224.92999267578125,231.36000061035156,3376600
2026-02-10,221.99755859375,225.52999877929688,227.1199951171875,223.44000244140625,224.00999450683594,4475900
2026-02-11,214.16224670410156,217.57000732421875,226.0800018310547,216.64999389648438,225.52999877929688,4597500
2026-02-12,206.67144775390625,209.9600067138672,217.0500030517578,208.6199951171875,216.5800018310547,7879700
2026-02-13,208.78775024414062,212.11000061035156,213.36000061035156,209.0500030517578,210.6699981689453,3840500
2026-02-17,209.74256896972656,213.0800018310547,214.85000610351562,210.22000122070312,212.42999267578125,4965200
2026-02-18,213.80787658691406,217.2100067138672,217.8300018310547,211.6199951171875,212.83999633789062,3363200
2026-02-19,212.58729553222656,215.97000122070312,218.85000610351562,213.89999389648438,217.2100067138672,3597800
2026-02-20,211.1107940673828,214.47000122070312,216.17999267578125,212.75999450683594,215.36000061035156,2511700
2026-02-23,202.5076904296875,205.72999572753906,214.1999969482422,205.3300018310547,213.25,4292900
2026-02-24,202.4584503173828,205.67999267578125,207.77999877929688,203.25999450683594,205.72999572753906,5808000
2026-02-25,210.8942413330078,214.25,214.33999633789062,205.25,206.11000061035156,5074300
2026-02-26,214.9398651123047,218.36000061035156,221.72999572753906,214.77999877929688,214.77999877929688,3911000
2026-02-27,211.0025177001953,214.36000061035156,215.8000030517578,208.9199981689453,214.91000366210938,4998700
2026-03-02,211.6029510498047,214.97000122070312,216.25,210.72000122070312,212.58999633789062,4419400
2026-03-03,212.88259887695312,216.27000427246094,217.5500030517578,213.5,214.6199951171875,3547500
2026-03-04,213.7586669921875,217.16000366210938,218.36000061035156,214.6199951171875,216.83999633789062,4230300
2026-03-05,219.21188354492188,222.6999969482422,223.4499969482422,217.25,217.49000549316406,4813900
2026-03-06,222.6964569091797,226.24000549316406,226.5,219.2899932861328,220.85000610351562,3798800
2026-03-09,219.5465545654297,223.0399932861328,225.49000549316406,220.3800048828125,224.57000732421875,4331900
2026-03-10,213.96536254882812,217.3699951171875,222.41000366210938,212.5,221.9600067138672,3204900
2026-03-11,209.663818359375,213.0,219.8000030517578,211.4199981689453,217.8800048828125,2604700
2026-03-12,204.20074462890625,207.4499969482422,216.0,207.27999877929688,212.6999969482422,4174200
2026-03-13,206.94989013671875,208.52000427246094,209.14999389648438,205.52999877929688,205.75999450683594,3135300
2026-03-16,207.5354461669922,209.11000061035156,210.9499969482422,207.58999633789062,208.4499969482422,3394800
2026-03-17,208.15077209472656,209.72999572753906,213.4199981689453,208.8800048828125,210.19000244140625,2702800
2026-03-18,206.71170043945312,208.27999877929688,211.05999755859375,207.36000061035156,207.36000061035156,3243700
2026-03-19,209.0737762451172,210.66000366210938,214.3000030517578,209.0,210.74000549316406,3286700
2026-03-20,207.1186065673828,208.69000244140625,212.7899932861328,208.55999755859375,211.27000427246094,19083800
2026-03-23,208.1309356689453,209.7100067138672,211.72999572753906,208.00999450683594,209.5800018310547,3822600
2026-03-24,203.3472137451172,204.88999938964844,210.2899932861328,204.02999877929688,209.3300018310547,3099800
2026-03-25,200.58815002441406,202.11000061035156,209.49000549316406,198.58999633789062,206.25999450683594,2854700
2026-03-26,202.97007751464844,204.50999450683594,208.19000244140625,201.9199981689453,202.02999877929688,3123600
2026-03-27,199.73463439941406,201.25,204.58999633789062,199.19000244140625,203.47999572753906,3569400
2026-03-30,203.9228515625,205.47000122070312,206.66000366210938,202.5,203.19000244140625,3647200
2026-03-31,201.65008544921875,203.17999267578125,208.1699981689453,202.35000610351562,206.91000366210938,3444800
2026-04-01,199.764404296875,201.27999877929688,204.44000244140625,197.0800018310547,203.35000610351562,3077700
2026-04-02,202.47384643554688,204.00999450683594,204.3000030517578,199.16000366210938,201.25,2868100
2026-04-06,202.80136108398438,204.33999633789062,205.35000610351562,202.02000427246094,203.49000549316406,1675400
2026-04-07,202.0768585205078,203.61000061035156,205.44000244140625,202.8300018310547,203.88999938964844,2259600
2026-04-08,199.26817321777344,200.77999877929688,206.5399932861328,199.3800048828125,204.50999450683594,2835200
2026-04-09,194.54400634765625,196.02000427246094,199.82000732421875,194.5399932861328,199.77999877929688,2996300
2026-04-10,187.36843872070312,188.7899932861328,196.0500030517578,188.16000366210938,195.99000549316406,3202600
2026-04-13,193.90882873535156,195.3800048828125,195.47000122070312,188.25999450683594,188.25999450683594,3142300
2026-04-14,193.611083984375,195.0800018310547,197.69000244140625,194.13999938964844,195.69000244140625,2409100
2026-04-15,195.43722534179688,196.9199981689453,198.8800048828125,194.52999877929688,196.05999755859375,3781200
2026-04-16,198.881103515625,200.38999938964844,201.39999389648438,197.85000610351562,197.85000610351562,2725200
2026-04-17,198.96051025390625,200.47000122070312,202.13999938964844,198.3300018310547,201.64999389648438,2894700
2026-04-20,200.8660430908203,202.38999938964844,203.38999938964844,200.4600067138672,200.47000122070312,2062000
2026-04-21,201.34242248535156,202.8699951171875,206.10000610351562,201.82000732421875,202.24000549316406,3041200
2026-04-22,200.1713104248047,201.69000244140625,203.9499969482422,200.6199951171875,203.17999267578125,2038400
2026-04-23,197.0351104736328,198.52999877929688,200.89999389648438,195.11000061035156,200.11000061035156,4208000
2026-04-24,195.0501708984375,196.52999877929688,197.6300048828125,194.89999389648438,196.9600067138672,3414900
2026-04-27,195.74488830566406,197.22999572753906,199.4499969482422,195.6999969482422,195.85000610351562,2638600
2026-04-28,197.6702880859375,199.1699981689453,201.52000427246094,197.60000610351562,199.69000244140625,3644100
2026-04-29,213.44064331054688,215.05999755859375,215.1699981689453,205.05999755859375,207.77999877929688,4441600
2026-04-30,210.34413146972656,211.94000244140625,215.05999755859375,210.3000030517578,212.64999389648438,4253600
2026-05-01,212.5970458984375,214.2100067138672,216.5500030517578,209.1199951171875,215.02000427246094,2621700
2026-05-04,209.7288055419922,211.32000732421875,216.10000610351562,210.6300048828125,213.1199951171875,2986700
2026-05-05,209.0142364501953,210.60000610351562,211.22999572753906,206.74000549316406,210.02999877929688,2113900
2026-05-06,205.6398162841797,207.1999969482422,209.2100067138672,205.6999969482422,208.41000366210938,2237600
2026-05-07,212.47793579101562,214.08999633789062,215.08999633789062,206.0500030517578,206.0500030517578,3462500
2026-05-08,211.39614868164062,213.0,213.55999755859375,208.6199951171875,212.69000244140625,2804100
2026-05-11,210.076171875,211.6699981689453,213.1300048828125,209.97999572753906,211.25999450683594,2260100
2026-05-12,212.20005798339844,213.80999755859375,215.80999755859375,211.1300048828125,213.77999877929688,4018000
2026-05-13,207.05906677246094,208.6300048828125,212.47999572753906,204.55999755859375,211.47000122070312,3251500
2026-05-14,206.80101013183594,208.3699951171875,211.24000549316406,207.07000732421875,208.6300048828125,2818300
2026-05-15,212.86500549316406,214.47999572753906,214.9199981689453,210.10000610351562,210.10000610351562,2921800
2026-05-18,221.2613067626953,222.94000244140625,223.30999755859375,215.1300048828125,215.3000030517578,3256700
2026-05-19,218.78013610839844,220.44000244140625,227.42999267578125,220.3300018310547,222.94000244140625,3575800
2026-05-20,219.02825927734375,220.69000244140625,221.02000427246094,215.33999633789062,218.22000122070312,2846700
2026-05-21,218.4228515625,220.0800018310547,220.58999633789062,216.6199951171875,219.02999877929688,2248900
2026-05-22,223.61346435546875,225.30999755859375,226.4600067138672,220.17999267578125,220.32000732421875,2282600
2026-05-26,216.70587158203125,218.35000610351562,223.47999572753906,218.27999877929688,221.83999633789062,2374400
2026-05-27,216.01113891601562,217.64999389648438,221.3699951171875,216.72000122070312,218.6300048828125,2061600
2026-05-28,218.20449829101562,219.86000061035156,221.10000610351562,215.60000610351562,215.60000610351562,1784700
2026-05-29,220.16958618164062,221.83999633789062,224.16000366210938,218.00999450683594,218.08999633789062,3377700
2026-06-01,231.97999572753906,233.74000549316406,234.72999572753906,223.9499969482422,223.9600067138672,3970100
2026-06-02,229.4392547607422,231.17999267578125,231.88999938964844,225.2100067138672,229.5,3550500
2026-06-03,226.03509521484375,227.75,229.92999267578125,225.0,228.8699951171875,2728900
2026-06-04,229.5682830810547,231.30999755859375,237.11000061035156,230.07000732421875,234.36000061035156,2319000
2026-06-05,230.20346069335938,231.9499969482422,234.85000610351562,231.17999267578125,233.0800018310547,2980400
2026-06-08,227.35507202148438,229.0800018310547,231.61000061035156,228.77000427246094,231.07000732421875,1620100
2026-06-09,229.42933654785156,231.1699981689453,231.58999633789062,225.3800048828125,226.61000061035156,2088900
2026-06-10,229.35986328125,231.10000610351562,233.1999969482422,228.4199981689453,230.80999755859375,2155100
2026-06-11,224.07000732421875,225.77000427246094,230.8699951171875,225.58999633789062,228.60000610351562,2747600
2026-06-12,226.2100067138672,226.2100067138672,227.1999969482422,221.83999633789062,224.17999267578125,2189800
2026-06-15,223.22000122070312,223.22000122070312,226.5399932861328,222.3300018310547,224.36000061035156,2314700
2026-06-16,222.0,222.0,225.7899932861328,220.22000122070312,224.69000244140625,2615400
2026-06-17,218.75999450683594,218.75999450683594,224.0399932861328,216.7899932861328,220.16000366210938,2743800
2026-06-18,218.41000366210938,218.41000366210938,220.02999877929688,215.3000030517578,218.33999633789062,6501700
2026-06-22,214.60000610351562,214.60000610351562,218.32000732421875,213.8000030517578,216.0399932861328,2998900
2026-06-23,220.5,220.5,220.92999267578125,217.88999938964844,220.7899932861328,2550800
2026-06-24,219.86000061035156,219.86000061035156,223.38999938964844,218.41000366210938,221.3000030517578,2695200
2026-06-25,216.30999755859375,216.30999755859375,225.2899932861328,216.0399932861328,219.47999572753906,2286300
2026-06-26,223.5500030517578,223.5500030517578,224.22000122070312,217.64999389648438,218.22000122070312,8663700
2026-06-29,224.97000122070312,224.97000122070312,226.6999969482422,223.02999877929688,226.5500030517578,2023900
2026-06-30,223.9499969482422,223.9499969482422,225.8699951171875,222.10000610351562,223.25999450683594,3583800
2026-07-01,235.72999572753906,235.72999572753906,236.8300018310547,228.27999877929688,228.92999267578125,2988400
2026-07-02,242.27000427246094,242.27000427246094,243.02999877929688,236.0,236.33999633789062,2492600
2026-07-06,239.49000549316406,239.49000549316406,243.3800048828125,237.4199981689453,243.3800048828125,1998200
2026-07-07,245.60000610351562,245.60000610351562,248.4199981689453,244.0399932861328,244.0399932861328,1735700
2026-07-08,241.3699951171875,241.3699951171875,245.19000244140625,240.75999450683594,245.19000244140625,1688700
2026-07-09,241.27999877929688,241.27999877929688,241.50999450683594,235.19000244140625,237.4199981689453,2272500
2026-07-10,241.9199981689453,241.9199981689453,244.3000030517578,240.2100067138672,243.58999633789062,1243000
2026-07-13,251.0500030517578,251.0500030517578,251.63999938964844,243.77999877929688,244.3300018310547,2573400
2026-07-14,246.44000244140625,246.44000244140625,247.80999755859375,243.2899932861328,244.9600067138672,2191100
2026-07-15,247.47000122070312,247.47000122070312,251.05999755859375,245.47000122070312,246.74000549316406,1872800
2026-07-16,256.55999755859375,256.55999755859375,257.3599853515625,251.92999267578125,252.22999572753906,2661700
2026-07-17,255.27000427246094,255.27000427246094,261.30999755859375,251.4499969482422,257.9800109863281,2675800
2026-07-20,255.24000549316406,255.24000549316406,256.010009765625,251.00999450683594,254.30999755859375,2776100
2026-07-21,246.22000122070312,246.22000122070312,253.35000610351562,246.02000427246094,250.72999572753906,2842500
2026-07-22,243.1199951171875,243.1199951171875,249.25,241.64999389648438,249.25,2011300
2026-07-23,242.8800048828125,242.8800048828125,244.8000030517578,240.39999389648438,242.99000549316406,2009400
2026-07-24,250.08999633789062,250.08999633789062,250.83999633789062,243.57000732421875,244.55999755859375,1763700
2026-07-27,254.97999572753906,254.97999572753906,257.739990234375,251.17999267578125,251.17999267578125,1723800
2026-07-28,264.1700134277344,264.1700134277344,268.1700134277344,258.17999267578125,259.3699951171875,3686100
2026-07-29,273.3699951171875,273.3699951171875,280.5899963378906,261.5,264.8800048828125,4623600
2026-07-30,263.8699951171875,263.8699951171875,267.4700012207031,256.8999938964844,265.44000244140625,2895200
2026-07-31,266.4599914550781,266.4599914550781,266.92999267578125,258.989990234375,260.1400146484375,2494600
2026-08-03,269.7799987792969,269.7799987792969,275.55999755859375,268.2900085449219,270.79998779296875,3103700
2026-08-04,270.6199951171875,270.6199951171875,270.79998779296875,263.3599853515625,264.4100036621094,2586300
2026-08-05,270.0899963378906,270.0899963378906,274.9700012207031,266.7300109863281,274.9700012207031,1931800
2026-08-06,273.510009765625,273.510009765625,273.80999755859375,269.20001220703125,271.1600036621094,2747900
2026-08-07,271.32000732421875,271.32000732421875,275.2799987792969,270.1400146484375,272.7799987792969,2119300
2026-08-10,273.67999267578125,273.67999267578125,273.7200012207031,268.010009765625,268.92999267578125,1703300
2026-08-11,271.0899963378906,271.0899963378906,273.1400146484375,269.489990234375,270.6700134277344,2105700
2026-08-12,269.3299865722656,269.3299865722656,271.0299987792969,265.8999938964844,269.20001220703125,2159900
2026-08-13,276.2300109863281,276.2300109863281,276.8800048828125,268.7300109863281,271.010009765625,1911800
2026-08-14,272.9599914550781,272.9599914550781,277.3299865722656,271.42999267578125,276.8699951171875,1457400
2026-08-17,266.05999755859375,266.05999755859375,269.94000244140625,265.82000732421875,269.5400085449219,2289400
2026-08-18,269.30999755859375,269.30999755859375,274.6300048828125,269.1400146484375,270.9100036621094,3344200
2026-08-19,277.2200012207031,277.2200012207031,278.9599914550781,269.9100036621094,269.9800109863281,2355000
2026-08-20,279.2099914550781,279.2099914550781,281.6700134277344,276.92999267578125,277.5,1685000
2026-08-21,280.80999755859375,280.80999755859375,282.1700134277344,277.0,279.70001220703125,2609500
2026-08-24,283.010009765625,283.010009765625,285.5899963378906,280.8999938964844,280.8999938964844,2449100
2026-08-25,282.7799987792969,282.7799987792969,283.4100036621094,279.30999755859375,280.07000732421875,2248300
2026-08-26,281.3900146484375,281.3900146484375,284.010009765625,280.8699951171875,280.8900146484375,1221900
2026-08-27,284.67999267578125,284.67999267578125,286.1700134277344,279.1700134277344,279.79998779296875,1766400
2026-08-28,287.4800109863281,287.4800109863281,287.8599853515625,285.0,285.0,1761300
2026-08-31,286.1600036621094,286.1600036621094,287.32000732421875,284.92999267578125,285.5899963378906,1569200
2026-09-01,283.489990234375,283.489990234375,288.0,282.92999267578125,286.6700134277344,1782000
2026-09-02,281.1600036621094,281.1600036621094,283.0,278.0799865722656,283.0,1829200
2026-09-03,283.5299987792969,283.5299987792969,287.6300048828125,281.3999938964844,282.9100036621094,2346500
2026-09-04,277.6199951171875,277.6199951171875,280.6700134277344,276.45001220703125,280.4700012207031,2209200
2026-09-08,267.9599914550781,267.9599914550781,274.55999755859375,267.54998779296875,274.29998779296875,1814100
2026-09-09,265.2200012207031,265.2200012207031,268.29998779296875,264.8599853515625,267.4200134277344,1757300
2026-09-10,266.70001220703125,266.70001220703125,268.7300109863281,265.1449890136719,265.8299865722656,433490
