Price,Adj Close,Close,High,Low,Open,Volume
Ticker,AMT,AMT,AMT,AMT,AMT,AMT
Date,,,,,,
2021-09-10,251.3626251220703,293.8800048828125,297.1499938964844,290.05999755859375,296.489990234375,1488700
2021-09-13,251.9869842529297,294.6099853515625,298.4200134277344,293.17999267578125,296.510009765625,1270100
2021-09-14,253.51805114746094,296.3999938964844,297.7900085449219,294.80999755859375,295.2900085449219,1109700
2021-09-15,254.25364685058594,297.260009765625,297.8299865722656,294.25,296.6199951171875,1044200
2021-09-16,254.1510009765625,297.1400146484375,298.0,292.8399963378906,296.7900085449219,906500
2021-09-17,251.25146484375,293.75,297.54998779296875,293.57000732421875,293.8399963378906,2994000
2021-09-20,249.06182861328125,291.19000244140625,294.1499938964844,287.6099853515625,291.5400085449219,2374700
2021-09-21,249.64344787597656,291.8699951171875,294.2200012207031,290.6700134277344,292.25,1161500
2021-09-22,251.08035278320312,293.54998779296875,294.9200134277344,290.19000244140625,292.1000061035156,1172900
2021-09-23,246.33331298828125,288.0,293.5,285.42999267578125,293.5,1634100
2021-09-24,241.3553009033203,282.17999267578125,288.42999267578125,281.3599853515625,287.8900146484375,2318700
2021-09-27,235.5377960205078,274.1000061035156,281.8500061035156,273.6700134277344,280.9100036621094,1776700
2021-09-28,230.94049072265625,268.75,271.989990234375,266.7699890136719,270.79998779296875,2317600
2021-09-29,232.0232391357422,270.010009765625,271.3900146484375,268.19000244140625,269.8999938964844,1448500
2021-09-30,228.0703887939453,265.4100036621094,272.3699951171875,265.2699890136719,271.3699951171875,2090800
2021-10-01,229.10153198242188,266.6099853515625,269.0199890136719,265.0899963378906,267.010009765625,1784600
2021-10-04,227.9156951904297,265.2300109863281,267.3800048828125,262.1499938964844,265.9100036621094,1387600
2021-10-05,227.33132934570312,264.54998779296875,266.9200134277344,262.30999755859375,265.3999938964844,1649200
2021-10-06,230.26162719726562,267.9599914550781,268.45001220703125,261.1099853515625,263.3800048828125,1421100
2021-10-07,228.67184448242188,266.1099853515625,271.7799987792969,265.6099853515625,269.20001220703125,1185000
2021-10-08,225.2088165283203,262.0799865722656,266.1400146484375,261.4100036621094,266.0799865722656,1064300
2021-10-11,224.79638671875,261.6000061035156,263.4700012207031,260.5199890136719,261.9200134277344,1074800
2021-10-12,227.33132934570312,264.54998779296875,265.8900146484375,261.57000732421875,262.7699890136719,1352700
2021-10-13,227.0133819580078,264.17999267578125,264.3900146484375,259.32000732421875,263.29998779296875,1646600
2021-10-14,230.18429565429688,267.8699951171875,268.3900146484375,265.07000732421875,265.45001220703125,1370000
2021-10-15,231.4388427734375,269.3299865722656,271.3800048828125,267.0799865722656,269.7900085449219,3091300
2021-10-18,230.29598999023438,268.0,270.25,266.92999267578125,268.44000244140625,1354300
2021-10-19,234.50660705566406,272.8999938964844,277.4599914550781,269.0400085449219,269.7200012207031,1816900
2021-10-20,237.20486450195312,276.0400085449219,276.8800048828125,274.1000061035156,274.1000061035156,1109700
2021-10-21,239.78282165527344,279.0400085449219,279.3800048828125,273.2799987792969,275.7900085449219,1269100
2021-10-22,244.43173217773438,284.45001220703125,285.30999755859375,279.0,279.7799987792969,1496300
2021-10-25,244.54344177246094,284.5799865722656,285.67999267578125,280.6199951171875,284.5,1194700
2021-10-26,246.57142639160156,286.94000244140625,289.55999755859375,285.3999938964844,286.0,1742300
2021-10-27,245.26522827148438,285.4200134277344,291.1700134277344,285.30999755859375,288.2200012207031,1280300
2021-10-28,245.77224731445312,286.010009765625,289.989990234375,282.8500061035156,285.5,1391600
2021-10-29,242.30059814453125,281.9700012207031,284.92999267578125,279.6400146484375,284.2300109863281,2532000
2021-11-01,242.41233825683594,282.1000061035156,283.1600036621094,276.4100036621094,282.8599853515625,1520500
2021-11-02,242.8849334716797,282.6499938964844,285.2900085449219,279.510009765625,282.80999755859375,1532500
2021-11-03,241.12335205078125,280.6000061035156,285.4200134277344,276.4599914550781,283.7200012207031,1133500
2021-11-04,239.7054901123047,278.95001220703125,283.45001220703125,277.6400146484375,281.79998779296875,1381000
2021-11-05,238.7430419921875,277.8299865722656,281.44000244140625,276.70001220703125,280.94000244140625,1214000
2021-11-08,239.5421600341797,278.760009765625,279.2200012207031,273.42999267578125,278.25,1014100
2021-11-09,240.5390167236328,279.9200134277344,281.6099853515625,278.79998779296875,279.8900146484375,823300
2021-11-10,237.06739807128906,275.8800048828125,281.4800109863281,275.55999755859375,278.6300048828125,925300
2021-11-11,234.14576721191406,272.4800109863281,276.70001220703125,270.3699951171875,276.1300048828125,1221800
2021-11-12,233.81918334960938,272.1000061035156,275.2200012207031,271.6000061035156,274.489990234375,991200
2021-11-15,223.85118103027344,260.5,268.5400085449219,259.1400146484375,267.3299865722656,3467600
2021-11-16,222.59654235839844,259.0400085449219,262.3299865722656,258.6300048828125,262.1300048828125,2783200
2021-11-17,221.29896545410156,257.5299987792969,260.3999938964844,254.6999969482422,259.1000061035156,3451600
2021-11-18,222.52781677246094,258.9599914550781,259.7699890136719,253.39999389648438,257.6000061035156,2436700
2021-11-19,224.26358032226562,260.9800109863281,264.2900085449219,259.6099853515625,260.8999938964844,2036700
2021-11-22,221.38491821289062,257.6300048828125,261.05999755859375,256.6300048828125,260.0,1835200
2021-11-23,225.14010620117188,262.0,262.2099914550781,256.75,258.260009765625,2070900
2021-11-24,228.13050842285156,265.4800109863281,266.010009765625,260.5,262.8800048828125,1320800
2021-11-26,225.8876953125,262.8699951171875,267.5,262.2699890136719,266.5799865722656,1161800
2021-11-29,229.3850860595703,266.94000244140625,269.30999755859375,261.489990234375,264.1300048828125,1842900
2021-11-30,225.5525665283203,262.4800109863281,268.1499938964844,262.3599853515625,264.1600036621094,2759500
2021-12-01,222.51922607421875,258.95001220703125,267.5400085449219,258.510009765625,263.9800109863281,2629100
2021-12-02,228.7835693359375,266.239990234375,267.739990234375,259.2699890136719,259.7300109863281,1902600
2021-12-03,229.40232849121094,266.9599914550781,269.2300109863281,263.4599914550781,265.7200012207031,1804000
2021-12-06,231.6451416015625,269.57000732421875,272.8999938964844,267.3399963378906,268.5299987792969,1864800
2021-12-07,237.86654663085938,276.80999755859375,277.32000732421875,271.25,271.25,2133000
2021-12-08,237.04161071777344,275.8500061035156,277.9200134277344,273.5400085449219,276.3900146484375,1327600
2021-12-09,232.9254608154297,271.05999755859375,276.989990234375,270.92999267578125,275.8800048828125,1116100
2021-12-10,234.22303771972656,272.57000732421875,274.17999267578125,269.45001220703125,270.9100036621094,1352400
2021-12-13,237.18763732910156,276.0199890136719,277.3299865722656,270.3500061035156,272.0,1836400
2021-12-14,234.94482421875,273.4100036621094,278.1000061035156,271.010009765625,274.4700012207031,2225100
2021-12-15,235.7526397705078,274.3500061035156,276.19000244140625,271.1199951171875,274.1600036621094,1932500
2021-12-16,240.1522979736328,279.4700012207031,279.6700134277344,274.7099914550781,274.79998779296875,1791500
2021-12-17,239.62811279296875,278.8599853515625,283.75,277.82000732421875,279.25,3248700
2021-12-20,239.2843780517578,278.4599914550781,279.5400085449219,275.010009765625,275.8500061035156,1551000
2021-12-21,238.76022338867188,277.8500061035156,282.0400085449219,276.5799865722656,280.29998779296875,1381900
2021-12-22,241.68190002441406,281.25,281.3399963378906,277.7099914550781,278.95001220703125,914200
2021-12-23,240.7146759033203,278.739990234375,280.4599914550781,276.4599914550781,280.0,1016000
2021-12-27,246.777099609375,285.760009765625,285.9100036621094,278.4599914550781,280.05999755859375,1235300
2021-12-28,249.13455200195312,288.489990234375,288.94000244140625,284.7200012207031,285.760009765625,1065600
2021-12-29,249.4713592529297,288.8800048828125,289.5,286.79998779296875,286.79998779296875,1430600
2021-12-30,251.42308044433594,291.1400146484375,291.989990234375,287.4100036621094,289.6099853515625,1370200
2021-12-31,252.59751892089844,292.5,294.3999938964844,289.94000244140625,291.3999938964844,1274100
2022-01-03,247.31248474121094,286.3800048828125,292.54998779296875,280.2799987792969,292.3699951171875,1597900
2022-01-04,244.19491577148438,282.7699890136719,288.25,282.4599914550781,287.19000244140625,1813300
2022-01-05,228.4777069091797,264.57000732421875,279.44000244140625,262.2300109863281,278.9700012207031,4486100
2022-01-06,228.7541046142578,264.8900146484375,265.3800048828125,256.7699890136719,263.9100036621094,2473100
2022-01-07,230.21348571777344,266.5799865722656,269.239990234375,261.0,264.0299987792969,2244300
2022-01-10,228.33950805664062,264.4100036621094,267.3500061035156,258.6099853515625,267.3500061035156,2113500
2022-01-11,224.95431518554688,260.489990234375,261.6099853515625,256.1000061035156,259.4100036621094,1884300
2022-01-12,224.00439453125,259.3900146484375,264.5,258.8500061035156,259.8800048828125,1876900
2022-01-13,220.59323120117188,255.44000244140625,260.2300109863281,255.05999755859375,260.0,1728000
2022-01-14,216.43077087402344,250.6199951171875,254.1999969482422,246.08999633789062,253.63999938964844,2549900
2022-01-18,216.09396362304688,250.22999572753906,250.97000122070312,247.77999877929688,248.6300048828125,2523600
2022-01-19,215.03175354003906,249.0,253.25999450683594,248.0800018310547,251.2100067138672,2200000
2022-01-20,212.3892364501953,245.94000244140625,252.86000061035156,245.5399932861328,249.88999938964844,2120900
2022-01-21,211.3701629638672,244.75999450683594,250.77999877929688,243.75999450683594,249.72999572753906,3504900
2022-01-24,214.51361083984375,248.39999389648438,249.3300018310547,239.0,241.30999755859375,2708800
2022-01-25,216.35301208496094,250.52999877929688,252.39999389648438,245.38999938964844,245.7899932861328,2065700
2022-01-26,209.5048370361328,242.60000610351562,254.3699951171875,240.39999389648438,250.6300048828125,2325000
2022-01-27,204.17654418945312,236.42999267578125,245.0500030517578,235.22000122070312,241.5500030517578,2722300
2022-01-28,213.10597229003906,246.77000427246094,246.85000610351562,233.6699981689453,237.57000732421875,2106700
2022-01-31,217.19068908691406,251.5,251.67999267578125,244.97999572753906,245.91000366210938,2665000
2022-02-01,216.0248565673828,250.14999389648438,252.4499969482422,247.58999633789062,251.07000732421875,1665800
2022-02-02,217.91610717773438,252.33999633789062,254.47000122070312,251.5500030517578,251.8800048828125,1446000
2022-02-03,216.49984741210938,250.6999969482422,252.69000244140625,249.86000061035156,250.89999389648438,1367300
2022-02-04,212.81236267089844,246.42999267578125,250.0,245.0500030517578,248.16000366210938,1275900
2022-02-07,212.66554260253906,246.25999450683594,248.36000061035156,244.5,245.77000427246094,1171600
2022-02-08,211.8538055419922,245.32000732421875,247.3300018310547,243.07000732421875,245.58999633789062,1303800
2022-02-09,215.8003387451172,249.88999938964844,250.4600067138672,246.72999572753906,248.14999389648438,1824700
2022-02-10,209.4271240234375,242.50999450683594,249.4600067138672,241.17999267578125,246.6300048828125,1453100
2022-02-11,204.58241271972656,236.89999389648438,244.9499969482422,235.49000549316406,242.9600067138672,2379600
2022-02-14,202.3284912109375,234.2899932861328,238.55999755859375,232.75,237.89999389648438,1810100
2022-02-15,201.55126953125,233.38999938964844,237.14999389648438,232.27999877929688,237.05999755859375,1696300
2022-02-16,200.6358642578125,232.3300018310547,233.75,229.75,233.39999389648438,1275700
2022-02-17,197.47515869140625,228.6699981689453,232.50999450683594,227.75999450683594,232.00999450683594,1721100
2022-02-18,197.27651977539062,228.44000244140625,231.3000030517578,226.7100067138672,228.82000732421875,2705400
2022-02-22,197.2161102294922,228.3699951171875,230.89999389648438,224.52999877929688,228.24000549316406,2521600
2022-02-23,196.421630859375,227.4499969482422,231.4499969482422,226.72999572753906,229.88999938964844,1934000
2022-02-24,200.13499450683594,231.75,232.6199951171875,220.0,221.80999755859375,2699700
2022-02-25,201.78443908691406,233.66000366210938,234.4499969482422,226.7899932861328,231.6999969482422,2309500
2022-02-28,195.92071533203125,226.8699951171875,231.39999389648438,223.39999389648438,231.14999389648438,3690400
2022-03-01,197.37155151367188,228.5500030517578,230.9199981689453,226.67999267578125,228.0,2467300
2022-03-02,199.4873046875,231.0,232.77000427246094,227.74000549316406,228.30999755859375,2160300
2022-03-03,203.14886474609375,235.24000549316406,236.8000030517578,231.52000427246094,233.47999572753906,2702600
2022-03-04,205.774169921875,238.27999877929688,239.22999572753906,233.97000122070312,233.97000122070312,2396600
2022-03-07,200.36817932128906,232.02000427246094,237.8699951171875,231.02999877929688,237.1199951171875,1499200
2022-03-08,196.87062072753906,227.97000122070312,236.64999389648438,227.50999450683594,232.52000427246094,2058000
2022-03-09,201.3094024658203,233.11000061035156,236.47000122070312,231.25,231.64999389648438,1481200
2022-03-10,201.04176330566406,232.8000030517578,233.47999572753906,227.10000610351562,230.92999267578125,1300300
2022-03-11,202.80345153808594,234.83999633789062,238.02999877929688,234.67999267578125,235.30999755859375,1889000
2022-03-14,202.88121032714844,234.92999267578125,237.16000366210938,232.4499969482422,235.97000122070312,1652400
2022-03-15,203.98658752441406,236.2100067138672,238.36000061035156,234.0800018310547,236.6300048828125,1422300
2022-03-16,206.94003295898438,239.6300048828125,240.4199981689453,235.6699981689453,237.82000732421875,1902000
2022-03-17,211.69834899902344,245.13999938964844,245.24000549316406,238.49000549316406,238.49000549316406,1876100
2022-03-18,209.4444122314453,242.52999877929688,248.4600067138672,241.8000030517578,247.1699981689453,3668100
2022-03-21,208.67578125,241.63999938964844,245.0,240.02999877929688,241.80999755859375,1601400
2022-03-22,206.9745330810547,239.6699981689453,243.2899932861328,239.11000061035156,242.22999572753906,1909800
2022-03-23,202.07806396484375,234.0,240.22000122070312,233.7100067138672,239.07000732421875,1968600
2022-03-24,203.36476135253906,235.49000549316406,235.55999755859375,230.6699981689453,233.60000610351562,2081200
2022-03-25,207.8554229736328,240.69000244140625,241.3300018310547,236.5399932861328,237.4199981689453,1530200
2022-03-28,211.60333251953125,245.02999877929688,245.19000244140625,241.0,241.75,1382800
2022-03-29,216.3703155517578,250.5500030517578,251.22999572753906,247.27000427246094,247.63999938964844,1917500
2022-03-30,216.6466827392578,250.8699951171875,250.9199981689453,247.3699951171875,249.14999389648438,1385400
2022-03-31,216.94894409179688,251.22000122070312,254.07000732421875,250.6999969482422,251.91000366210938,3315600
2022-04-01,221.89723205566406,256.95001220703125,257.3900146484375,250.10000610351562,251.22000122070312,1636200
2022-04-04,222.6571807861328,257.8299865722656,259.3699951171875,256.1300048828125,256.9800109863281,1989800
2022-04-05,227.05284118652344,262.9200134277344,265.3599853515625,257.0400085449219,257.54998779296875,1956200
2022-04-06,231.9752655029297,268.6199951171875,269.1400146484375,260.510009765625,261.19000244140625,2749700
2022-04-07,229.4795379638672,265.7300109863281,267.8500061035156,264.0199890136719,265.9599914550781,1752400
2022-04-08,230.06675720214844,266.4100036621094,268.489990234375,264.0299987792969,266.1600036621094,1559100
2022-04-11,227.3896484375,263.30999755859375,267.739990234375,262.5899963378906,266.5899963378906,2158500
2022-04-12,223.28305053710938,257.17999267578125,260.1499938964844,255.6300048828125,258.8800048828125,1518100
2022-04-13,223.2656707763672,257.1600036621094,258.2300109863281,254.94000244140625,258.07000732421875,1317800
2022-04-14,221.8591766357422,255.5399932861328,258.3500061035156,255.0,257.94000244140625,2312200
2022-04-18,220.44403076171875,253.91000366210938,257.3800048828125,252.14999389648438,254.13999938964844,1072500
2022-04-19,224.6634521484375,258.7699890136719,259.54998779296875,254.77999877929688,254.85000610351562,1308500
2022-04-20,232.3209686279297,267.5899963378906,267.95001220703125,259.1400146484375,259.75,1807500
2022-04-21,231.59164428710938,266.75,271.5299987792969,266.1600036621094,268.8900146484375,1712400
2022-04-22,227.3809356689453,261.8999938964844,267.1300048828125,261.8500061035156,267.1300048828125,1664500
2022-04-25,225.3145751953125,259.5199890136719,263.0,255.11000061035156,262.1000061035156,1656800
2022-04-26,221.23411560058594,254.82000732421875,261.2099914550781,254.44000244140625,258.8299865722656,1883300
2022-04-27,219.52374267578125,252.85000610351562,258.0,251.5500030517578,256.010009765625,2049600
2022-04-28,218.9420623779297,252.17999267578125,253.86000061035156,245.2100067138672,252.6199951171875,2417400
2022-04-29,209.25296020507812,241.02000427246094,251.30999755859375,240.67999267578125,250.30999755859375,2151900
2022-05-02,205.71942138671875,236.9499969482422,245.27999877929688,232.72999572753906,241.3800048828125,2127600
2022-05-03,209.2443084716797,241.00999450683594,243.0,235.32000732421875,236.9499969482422,1367100
2022-05-04,213.26400756835938,245.63999938964844,246.0399932861328,238.6699981689453,240.6300048828125,1098500
2022-05-05,209.65231323242188,241.47999572753906,246.47000122070312,239.6999969482422,244.97999572753906,1375900
2022-05-06,211.90098571777344,244.07000732421875,245.1199951171875,238.8000030517578,239.25,1843000
2022-05-09,200.63172912597656,231.08999633789062,242.1300048828125,229.9600067138672,242.1300048828125,2423300
2022-05-10,195.1273956298828,224.75,234.13999938964844,222.3300018310547,232.6300048828125,2411700
2022-05-11,195.10134887695312,224.72000122070312,229.3800048828125,223.92999267578125,226.4499969482422,2104200
2022-05-12,195.77853393554688,225.5,226.57000732421875,222.02000427246094,224.6699981689453,2193700
2022-05-13,201.9948272705078,232.66000366210938,232.88999938964844,226.19000244140625,227.17999267578125,2229500
2022-05-16,199.8763885498047,230.22000122070312,234.88999938964844,230.02999877929688,232.61000061035156,1203100
2022-05-17,202.2900390625,233.0,233.6300048828125,229.39999389648438,233.1999969482422,1728500
2022-05-18,200.23240661621094,230.6300048828125,233.3000030517578,229.50999450683594,232.57000732421875,1623800
2022-05-19,202.507080078125,233.25,236.19000244140625,229.2100067138672,230.0,1825900
2022-05-20,212.0832977294922,244.27999877929688,245.1699981689453,234.30999755859375,235.4499969482422,2853900
2022-05-23,216.54583740234375,249.4199981689453,249.72000122070312,243.5399932861328,245.58999633789062,1697400
2022-05-24,224.44644165039062,258.5199890136719,259.30999755859375,248.69000244140625,249.49000549316406,2174400
2022-05-25,225.9831085205078,260.2900085449219,261.19000244140625,252.5800018310547,256.7900085449219,2392900
2022-05-26,221.1212158203125,254.69000244140625,262.2699890136719,253.9600067138672,260.7200012207031,1487200
2022-05-27,226.5648193359375,260.9599914550781,262.55999755859375,254.8300018310547,256.5199890136719,1786300
2022-05-31,222.37142944335938,256.1300048828125,259.0400085449219,255.22999572753906,257.760009765625,2829600
2022-06-01,219.27197265625,252.55999755859375,256.1300048828125,250.85000610351562,256.1300048828125,1418000
2022-06-02,227.78030395507812,262.3599853515625,263.19000244140625,245.67999267578125,246.05999755859375,2781800
2022-06-03,231.57435607910156,266.7300109863281,269.5,260.75,261.82000732421875,7332200
2022-06-06,232.12127685546875,267.3599853515625,271.0899963378906,266.1700134277344,269.7900085449219,4197100
2022-06-07,231.07077026367188,266.1499938964844,266.989990234375,259.1600036621094,266.17999267578125,2135100
2022-06-08,229.60350036621094,264.4599914550781,269.0400085449219,263.32000732421875,265.6400146484375,1550400
2022-06-09,225.90499877929688,260.20001220703125,267.7300109863281,260.0199890136719,261.1700134277344,2050700
2022-06-10,217.92625427246094,251.00999450683594,257.8399963378906,250.11000061035156,257.010009765625,2188200
2022-06-13,208.3934783935547,240.02999877929688,247.14999389648438,238.97000122070312,245.0,2272900
2022-06-14,203.58364868164062,234.49000549316406,240.47999572753906,232.66000366210938,239.17999267578125,2584900
2022-06-15,209.58290100097656,241.39999389648438,244.5,235.00999450683594,235.39999389648438,2076700
2022-06-16,204.52603149414062,234.17999267578125,236.99000549316406,232.30999755859375,234.77999877929688,1668500
2022-06-17,206.26409912109375,236.1699981689453,238.27000427246094,232.1199951171875,233.6999969482422,4291800
2022-06-21,215.59170532226562,246.85000610351562,248.5399932861328,241.88999938964844,242.0,2502000
2022-06-22,220.09828186035156,252.00999450683594,258.82000732421875,242.25,242.32000732421875,3130200
2022-06-23,225.6005096435547,258.30999755859375,259.79998779296875,252.72999572753906,253.05999755859375,2553100
2022-06-24,228.517578125,261.6499938964844,262.1300048828125,256.5799865722656,260.760009765625,3131500
2022-06-27,226.49131774902344,259.3299865722656,264.0899963378906,258.1400146484375,262.2300109863281,2018900
2022-06-28,220.90176391601562,252.92999267578125,260.4800109863281,252.1199951171875,260.0,1601700
2022-06-29,221.10269165039062,253.16000366210938,253.92999267578125,247.14999389648438,250.02999877929688,1863700
2022-06-30,223.2249298095703,255.58999633789062,257.7099914550781,250.2100067138672,251.61000061035156,1938100
2022-07-01,225.67909240722656,258.3999938964844,259.0400085449219,252.44000244140625,254.52999877929688,1363200
2022-07-05,223.53060913085938,255.94000244140625,256.05999755859375,249.6300048828125,255.49000549316406,1321600
2022-07-06,225.53062438964844,258.2300109863281,260.5799865722656,256.70001220703125,257.9599914550781,1170900
2022-07-07,224.6136016845703,257.17999267578125,260.5799865722656,255.4199981689453,258.5,1089600
2022-07-08,222.71836853027344,255.00999450683594,257.8800048828125,253.72000122070312,255.32000732421875,936000
2022-07-11,225.32102966308594,257.989990234375,258.4599914550781,252.49000549316406,255.0,1299500
2022-07-12,223.13758850097656,255.49000549316406,258.739990234375,253.14999389648438,256.95001220703125,1650900
2022-07-13,223.51312255859375,255.9199981689453,258.2099914550781,251.1699981689453,252.41000366210938,1188500
2022-07-14,224.02847290039062,256.510009765625,257.8500061035156,251.42999267578125,251.75,1579200
2022-07-15,224.631103515625,257.20001220703125,260.7900085449219,255.3300018310547,259.8800048828125,1181100
2022-07-18,217.6877899169922,249.25,257.7900085449219,248.5800018310547,256.9100036621094,1608200
2022-07-19,224.5961151123047,257.1600036621094,257.2699890136719,251.5,251.61000061035156,1506300
2022-07-20,218.11570739746094,249.74000549316406,257.92999267578125,249.42999267578125,256.0,1573500
2022-07-21,223.05899047851562,255.39999389648438,255.99000549316406,248.19000244140625,250.1699981689453,1290300
2022-07-22,226.72714233398438,259.6000061035156,260.3599853515625,255.75999450683594,256.54998779296875,1587500
2022-07-25,224.75332641601562,257.3399963378906,259.6600036621094,255.89999389648438,259.3500061035156,1593300
2022-07-26,226.18565368652344,258.9800109863281,263.07000732421875,257.82000732421875,258.55999755859375,1579700
2022-07-27,225.57431030273438,258.2799987792969,261.239990234375,255.3800048828125,259.5199890136719,1505400
2022-07-28,234.8494873046875,268.8999938964844,269.55999755859375,260.05999755859375,261.4599914550781,2589500
2022-07-29,236.53512573242188,270.8299865722656,273.95001220703125,267.510009765625,270.3500061035156,1821200
2022-08-01,234.60496520996094,268.6199951171875,271.760009765625,266.260009765625,270.2799987792969,1323100
2022-08-02,232.8669891357422,266.6300048828125,271.17999267578125,266.0299987792969,269.1000061035156,1681000
2022-08-03,234.7883758544922,268.8299865722656,269.92999267578125,264.8699951171875,267.8399963378906,1370200
2022-08-04,236.9193572998047,271.2699890136719,271.7200012207031,268.0,269.1499938964844,1257800
2022-08-05,237.72291564941406,272.19000244140625,272.42999267578125,267.0400085449219,268.3699951171875,1156400
2022-08-08,238.43031311035156,273.0,276.8800048828125,271.3299865722656,274.75,968900
2022-08-09,241.20762634277344,276.17999267578125,277.32000732421875,270.3500061035156,273.8299865722656,1459800
2022-08-10,242.61378479003906,277.7900085449219,279.9700012207031,275.07000732421875,279.9700012207031,1350800
2022-08-11,239.26004028320312,273.95001220703125,278.9200134277344,273.2699890136719,278.9200134277344,1260400
2022-08-12,242.5526123046875,277.7200012207031,277.8999938964844,274.6400146484375,275.67999267578125,1110000
2022-08-15,245.8714599609375,281.5199890136719,282.4700012207031,278.1300048828125,278.3900146484375,1329100
2022-08-16,243.19020080566406,278.45001220703125,280.0799865722656,275.8900146484375,278.8500061035156,1183500
2022-08-17,242.3255157470703,277.4599914550781,278.9800109863281,275.44000244140625,276.8500061035156,1059000
2022-08-18,240.60499572753906,275.489990234375,279.20001220703125,272.9200134277344,277.5199890136719,1139000
2022-08-19,239.6617889404297,274.4100036621094,277.5899963378906,273.3900146484375,274.989990234375,2110700
2022-08-22,235.59190368652344,269.75,274.1499938964844,268.92999267578125,272.32000732421875,946800
2022-08-23,231.6442413330078,265.2300109863281,268.8999938964844,263.32000732421875,268.32000732421875,971000
2022-08-24,230.98919677734375,264.4800109863281,266.7099914550781,264.1000061035156,266.2900085449219,1372900
2022-08-25,234.2730712890625,268.239990234375,268.4599914550781,262.30999755859375,265.75,1367400
2022-08-26,228.1157684326172,261.19000244140625,268.30999755859375,261.07000732421875,267.8699951171875,1227300
2022-08-29,226.8319549560547,259.7200012207031,262.6400146484375,258.19000244140625,259.79998779296875,1577900
2022-08-30,221.31222534179688,253.39999389648438,260.67999267578125,252.6999969482422,259.8999938964844,1211100
2022-08-31,221.87994384765625,254.0500030517578,256.2099914550781,252.97000122070312,253.86000061035156,2005100
2022-09-01,225.015380859375,257.6400146484375,257.75,251.6199951171875,252.94000244140625,1590500
2022-09-02,219.0851593017578,250.85000610351562,260.9800109863281,250.47999572753906,259.5400085449219,1387400
2022-09-06,221.9934539794922,254.17999267578125,256.4700012207031,251.0,252.11000061035156,1163700
2022-09-07,226.63983154296875,259.5,260.04998779296875,253.64999389648438,254.92999267578125,1095800
2022-09-08,228.53506469726562,261.6700134277344,262.0,257.260009765625,259.6600036621094,1518700
2022-09-09,228.4651641845703,261.5899963378906,263.2099914550781,259.6700134277344,262.489990234375,880000
2022-09-12,231.52195739746094,265.0899963378906,265.55999755859375,261.9599914550781,262.05999755859375,946100
2022-09-13,222.386474609375,254.6300048828125,262.2099914550781,253.9600067138672,260.54998779296875,1711400
2022-09-14,219.93234252929688,251.82000732421875,255.08999633789062,249.77999877929688,251.42999267578125,2087000
2022-09-15,214.02835083007812,245.05999755859375,251.99000549316406,244.58999633789062,251.58999633789062,1561400
2022-09-16,214.7532196044922,245.88999938964844,247.64999389648438,243.97000122070312,244.42999267578125,3287400
2022-09-19,216.15936279296875,247.5,247.77999877929688,241.5800018310547,244.39999389648438,1249300
2022-09-20,207.7749786376953,237.89999389648438,245.85000610351562,237.3300018310547,245.35000610351562,2093000
2022-09-21,204.49986267089844,234.14999389648438,242.44000244140625,234.0500030517578,239.97000122070312,1942400
2022-09-22,203.30332946777344,232.77999877929688,236.4600067138672,232.2100067138672,232.7100067138672,1446000
2022-09-23,199.8360595703125,228.80999755859375,231.8800048828125,225.6300048828125,230.91000366210938,1907000
2022-09-26,193.33816528320312,221.3699951171875,229.13999938964844,218.1300048828125,229.13999938964844,2146900
2022-09-27,192.66566467285156,220.60000610351562,226.5,219.47000122070312,223.8800048828125,1900800
2022-09-28,193.0674285888672,221.05999755859375,223.92999267578125,219.80999755859375,223.58999633789062,1988800
2022-09-29,186.6568603515625,213.72000122070312,220.1699981689453,211.3800048828125,218.33999633789062,2096500
2022-09-30,187.51275634765625,214.6999969482422,217.32000732421875,212.02999877929688,215.86000061035156,2501700
2022-10-03,189.67002868652344,217.1699981689453,219.1999969482422,212.35000610351562,216.88999938964844,2102200
2022-10-04,192.21153259277344,220.0800018310547,224.33999633789062,217.97000122070312,218.9499969482422,2032800
2022-10-05,187.023681640625,214.13999938964844,217.5399932861328,211.3800048828125,217.13999938964844,1518700
2022-10-06,177.35548400878906,203.07000732421875,214.16000366210938,202.77999877929688,213.6199951171875,2908700
2022-10-07,171.22369384765625,194.6300048828125,201.02999877929688,193.41000366210938,199.1199951171875,3165300
2022-10-10,166.781005859375,189.5800018310547,198.1699981689453,188.9600067138672,196.0,1992300
2022-10-11,166.50830078125,189.27000427246094,191.97999572753906,185.27000427246094,189.44000244140625,2463100
2022-10-12,161.68728637695312,183.7899932861328,189.35000610351562,182.3000030517578,188.5800018310547,2572500
2022-10-13,167.01853942871094,189.85000610351562,191.44000244140625,178.1699981689453,179.8699951171875,3518100
2022-10-14,163.43798828125,185.77999877929688,192.6699981689453,185.05999755859375,191.61000061035156,2466400
2022-10-17,169.34104919433594,192.49000549316406,195.89999389648438,188.8300018310547,189.75999450683594,3040900
2022-10-18,173.50221252441406,197.22000122070312,197.94000244140625,194.22000122070312,194.52000427246094,3253400
2022-10-19,168.02145385742188,190.99000549316406,196.19000244140625,190.50999450683594,195.00999450683594,1824700
2022-10-20,165.39102172851562,188.0,191.16000366210938,185.3699951171875,191.14999389648438,2515600
2022-10-21,165.00392150878906,187.55999755859375,188.97000122070312,183.1300048828125,188.97000122070312,2078000
2022-10-24,163.1036834716797,185.39999389648438,191.42999267578125,184.17999267578125,189.9199981689453,1856400
2022-10-25,172.01547241210938,195.52999877929688,196.0500030517578,185.9199981689453,185.9600067138672,2495200
2022-10-26,173.23831176757812,196.9199981689453,199.30999755859375,194.2100067138672,195.32000732421875,2512300
2022-10-27,174.78663635253906,198.67999267578125,203.9499969482422,196.17999267578125,198.8699951171875,3414500
2022-10-28,180.0914764404297,204.7100067138672,208.3699951171875,197.3000030517578,197.3000030517578,2613600
2022-10-31,182.27322387695312,207.19000244140625,209.8800048828125,200.6999969482422,201.64999389648438,2513500
2022-11-01,182.88018798828125,207.8800048828125,213.32000732421875,206.58999633789062,209.41000366210938,1907000
2022-11-02,180.5137176513672,205.19000244140625,212.00999450683594,202.35000610351562,206.72999572753906,2655500
2022-11-03,177.11795043945312,201.3300018310547,204.55999755859375,201.0800018310547,203.2100067138672,1703800
2022-11-04,179.39646911621094,203.9199981689453,204.3800048828125,199.13999938964844,202.91000366210938,1788100
2022-11-07,177.72499084472656,202.02000427246094,205.99000549316406,201.6999969482422,204.63999938964844,1828800
2022-11-08,178.60472106933594,203.02000427246094,205.49000549316406,201.10000610351562,202.02000427246094,2071800
2022-11-09,176.86282348632812,201.0399932861328,206.72999572753906,200.39999389648438,204.00999450683594,1530300
2022-11-10,194.3344268798828,220.89999389648438,221.5800018310547,209.63999938964844,213.11000061035156,2781200
2022-11-11,196.41062927246094,223.25999450683594,225.44000244140625,221.02000427246094,222.80999755859375,1915700
2022-11-14,189.47830200195312,215.3800048828125,222.1699981689453,215.22999572753906,221.77999877929688,1628000
2022-11-15,193.17318725585938,219.5800018310547,219.82000732421875,215.07000732421875,215.39999389648438,2152200
2022-11-16,192.79489135742188,219.14999389648438,223.05999755859375,218.1300048828125,220.08999633789062,2400800
2022-11-17,190.32281494140625,216.33999633789062,219.58999633789062,214.38999938964844,217.72000122070312,2144600
2022-11-18,189.9621124267578,215.92999267578125,220.2100067138672,214.6300048828125,217.6300048828125,2360400
2022-11-21,193.46351623535156,219.91000366210938,220.24000549316406,215.58999633789062,215.58999633789062,1682400
2022-11-22,191.89759826660156,218.1300048828125,221.1999969482422,215.47000122070312,220.72999572753906,1562400
2022-11-23,192.0031280517578,218.25,220.4199981689453,216.25999450683594,218.1999969482422,1210500
2022-11-25,193.61306762695312,220.0800018310547,221.24000549316406,218.3800048828125,219.63999938964844,566500
2022-11-28,188.17626953125,213.89999389648438,220.3699951171875,213.0399932861328,218.7100067138672,1367200
2022-11-29,191.0970001220703,217.22000122070312,217.27000427246094,213.32000732421875,214.80999755859375,1848100
2022-11-30,194.642333984375,221.25,221.33999633789062,214.6699981689453,215.8800048828125,3889200
2022-12-01,194.68634033203125,221.3000030517578,225.97000122070312,219.88999938964844,224.4199981689453,1708700
2022-12-02,192.98846435546875,219.3699951171875,220.91000366210938,216.27000427246094,218.27000427246094,1354400
2022-12-05,189.6806182861328,215.61000061035156,218.49000549316406,214.5800018310547,215.9499969482422,1454200
2022-12-06,186.9622344970703,212.52000427246094,216.85000610351562,211.75999450683594,216.27000427246094,1672200
2022-12-07,185.7217559814453,211.11000061035156,215.60000610351562,209.4600067138672,211.92999267578125,1624800
2022-12-08,186.72470092773438,212.25,213.8300018310547,209.22000122070312,210.38999938964844,2465300
2022-12-09,188.12351989746094,213.83999633789062,216.38999938964844,211.27000427246094,211.97000122070312,1646800
2022-12-12,189.90936279296875,215.8699951171875,215.92999267578125,211.97000122070312,214.8800048828125,1847700
2022-12-13,196.5250244140625,223.38999938964844,227.97000122070312,220.91000366210938,222.9600067138672,2179100
2022-12-14,193.4107208251953,219.85000610351562,226.97000122070312,219.74000549316406,222.72000122070312,1902800
2022-12-15,191.97677612304688,218.22000122070312,221.38999938964844,216.5399932861328,217.32000732421875,1693100
2022-12-16,187.7803955078125,213.4499969482422,215.14999389648438,208.0800018310547,215.08999633789062,3724100
2022-12-19,184.4109649658203,209.6199951171875,213.14999389648438,207.75999450683594,213.14999389648438,1401700
2022-12-20,183.59280395507812,208.69000244140625,210.42999267578125,205.75999450683594,207.9600067138672,1307500
2022-12-21,185.27313232421875,210.60000610351562,213.38999938964844,209.49000549316406,209.7899932861328,1410200
2022-12-22,185.27313232421875,210.60000610351562,211.10000610351562,206.39999389648438,209.36000061035156,2212200
2022-12-23,186.90066528320312,212.4499969482422,212.58999633789062,209.00999450683594,209.41000366210938,1146700
2022-12-27,186.9095001220703,210.89999389648438,211.67999267578125,208.63999938964844,211.0,1550000
2022-12-28,186.20053100585938,210.10000610351562,214.25,209.99000549316406,211.35000610351562,1411700
2022-12-29,191.19895935058594,215.74000549316406,216.6999969482422,210.1300048828125,211.85000610351562,1323900
2022-12-30,187.76031494140625,211.86000061035156,215.1999969482422,209.17999267578125,214.3300018310547,1450400
2023-01-03,190.25064086914062,214.6699981689453,215.25,210.97000122070312,214.0,1812400
2023-01-04,194.0880889892578,219.0,222.5399932861328,215.50999450683594,217.41000366210938,1796000
2023-01-05,187.99961853027344,212.1300048828125,217.80999755859375,211.5,217.07000732421875,1495000
2023-01-06,193.64498901367188,218.5,219.33999633789062,210.92999267578125,213.39999389648438,1980200
2023-01-09,194.35398864746094,219.3000030517578,223.4600067138672,219.13999938964844,220.85000610351562,1727200
2023-01-10,196.70254516601562,221.9499969482422,222.9499969482422,219.75,221.08999633789062,1691300
2023-01-11,202.17071533203125,228.1199951171875,228.80999755859375,223.7100067138672,223.7100067138672,1893900
2023-01-12,205.79542541503906,232.2100067138672,232.8000030517578,225.55999755859375,229.3000030517578,2364700
2023-01-13,206.32720947265625,232.80999755859375,234.8699951171875,229.25,229.25,2007100
2023-01-17,204.7674102783203,231.0500030517578,235.57000732421875,230.9600067138672,234.22999572753906,2204500
2023-01-18,199.57398986816406,225.19000244140625,232.50999450683594,224.24000549316406,231.25999450683594,2213000
2023-01-19,197.9432830810547,223.35000610351562,227.11000061035156,222.97000122070312,224.07000732421875,1864300
2023-01-20,196.2239532470703,221.41000366210938,221.75999450683594,214.4600067138672,221.36000061035156,2990400
2023-01-23,191.13685607910156,215.6699981689453,219.99000549316406,215.10000610351562,218.88999938964844,2723600
2023-01-24,190.69378662109375,215.1699981689453,216.55999755859375,212.63999938964844,214.92999267578125,1991900
2023-01-25,193.78680419921875,218.66000366210938,219.39999389648438,212.7899932861328,213.91000366210938,1985100
2023-01-26,195.88720703125,221.02999877929688,221.5,218.5,219.83999633789062,1126100
2023-01-27,195.67449951171875,220.7899932861328,221.92999267578125,219.42999267578125,220.7100067138672,1360200
2023-01-30,193.2550048828125,218.05999755859375,222.5800018310547,217.85000610351562,219.99000549316406,1422200
2023-01-31,197.9787139892578,223.38999938964844,223.4199981689453,218.0500030517578,218.0500030517578,1548500
2023-02-01,201.30215454101562,227.13999938964844,228.97000122070312,221.07000732421875,221.88999938964844,2601500
2023-02-02,201.5237579345703,227.38999938964844,235.49000549316406,225.5399932861328,230.2100067138672,2195800
2023-02-03,196.80003356933594,222.05999755859375,225.3800048828125,218.0399932861328,224.41000366210938,2485700
2023-02-06,195.47952270507812,220.57000732421875,221.52999877929688,216.52000427246094,218.8800048828125,1797800
2023-02-07,194.50465393066406,219.47000122070312,220.2100067138672,215.8000030517578,218.92999267578125,1834400
2023-02-08,193.61842346191406,218.47000122070312,219.99000549316406,216.8699951171875,218.8800048828125,1936100
2023-02-09,190.7115020751953,215.19000244140625,220.49000549316406,214.6199951171875,219.42999267578125,1220000
2023-02-10,192.0674591064453,216.72000122070312,217.1999969482422,212.35000610351562,213.14999389648438,1929800
2023-02-13,192.54603576660156,217.25999450683594,219.00999450683594,215.38999938964844,217.55999755859375,1352800
2023-02-14,190.67604064941406,215.14999389648438,217.52000427246094,213.14999389648438,216.9199981689453,1017300
2023-02-15,191.96112060546875,216.60000610351562,216.6300048828125,213.00999450683594,213.50999450683594,1381500
2023-02-16,187.8843994140625,212.0,214.75999450683594,210.36000061035156,213.8300018310547,1719700
2023-02-17,186.34231567382812,210.25999450683594,211.97000122070312,208.49000549316406,210.9600067138672,1793500
2023-02-21,181.37045288085938,204.64999389648438,208.66000366210938,203.2899932861328,208.66000366210938,1888300
2023-02-22,176.61129760742188,199.27999877929688,205.11000061035156,198.58999633789062,205.0800018310547,3564500
2023-02-23,178.98643493652344,201.9600067138672,203.9600067138672,200.0,201.25,3234000
2023-02-24,173.4651336669922,195.72999572753906,200.27999877929688,194.0800018310547,198.7899932861328,2727000
2023-02-27,172.88906860351562,195.0800018310547,199.86000061035156,192.9600067138672,198.57000732421875,2348100
2023-02-28,175.4857635498047,198.00999450683594,199.60000610351562,194.33999633789062,195.10000610351562,2741400
2023-03-01,172.720703125,194.88999938964844,198.80999755859375,192.86000061035156,196.52000427246094,3261000
2023-03-02,175.06039428710938,197.52999877929688,198.17999267578125,193.32000732421875,193.32000732421875,1884900
2023-03-03,179.4650421142578,202.5,202.5800018310547,199.08999633789062,199.25999450683594,2044800
2023-03-06,175.9821014404297,198.57000732421875,204.16000366210938,198.13999938964844,203.8800048828125,1788900
2023-03-07,170.48733520507812,192.3699951171875,198.25999450683594,192.0399932861328,198.1199951171875,1907000
2023-03-08,173.5006103515625,195.77000427246094,197.22999572753906,191.3699951171875,192.1300048828125,1603000
2023-03-09,169.45042419433594,191.1999969482422,197.77000427246094,190.75,195.58999633789062,1463600
2023-03-10,169.51246643066406,191.27000427246094,194.5399932861328,190.3800048828125,191.16000366210938,2357800
2023-03-13,173.99688720703125,196.3300018310547,200.99000549316406,189.5500030517578,190.89999389648438,2325200
2023-03-14,177.0987548828125,199.8300018310547,200.00999450683594,195.32000732421875,199.07000732421875,2461600
2023-03-15,179.30552673339844,202.32000732421875,203.2100067138672,197.74000549316406,197.89999389648438,3117500
2023-03-16,181.72496032714844,205.0500030517578,206.14999389648438,201.41000366210938,201.99000549316406,2622400
2023-03-17,178.44583129882812,201.35000610351562,207.64999389648438,200.8699951171875,205.41000366210938,3456900
2023-03-20,178.97760009765625,201.9499969482422,203.67999267578125,199.7899932861328,200.94000244140625,2000700
2023-03-21,175.6453094482422,198.19000244140625,202.33999633789062,194.6300048828125,201.5399932861328,2578100
2023-03-22,170.26577758789062,192.1199951171875,197.69000244140625,191.9199981689453,196.0500030517578,1943400
2023-03-23,169.82264709472656,191.6199951171875,195.3000030517578,190.3699951171875,192.3000030517578,2053200
2023-03-24,176.91262817382812,199.6199951171875,199.67999267578125,189.3699951171875,190.88999938964844,1897500
2023-03-27,171.1786346435547,193.14999389648438,201.33999633789062,192.75999450683594,200.19000244140625,2389800
2023-03-28,170.93048095703125,192.8699951171875,194.25,190.9600067138672,191.99000549316406,1480200
2023-03-29,175.91119384765625,198.49000549316406,198.57000732421875,195.0800018310547,195.36000061035156,1784100
2023-03-30,178.295166015625,201.17999267578125,202.74000549316406,200.02000427246094,201.66000366210938,1477800
2023-03-31,181.09571838378906,204.33999633789062,204.49000549316406,201.00999450683594,201.13999938964844,2558000
2023-04-03,178.22430419921875,201.10000610351562,204.9499969482422,199.1199951171875,203.19000244140625,2876200
2023-04-04,180.3069610595703,203.4499969482422,204.11000061035156,200.80999755859375,201.25999450683594,3431500
2023-04-05,181.40594482421875,204.69000244140625,207.75999450683594,203.44000244140625,203.50999450683594,2060200
2023-04-06,183.17843627929688,206.69000244140625,207.00999450683594,203.52999877929688,205.3699951171875,1273300
2023-04-10,184.6495819091797,208.35000610351562,208.72999572753906,203.77000427246094,205.1300048828125,1728800
2023-04-11,186.44866943359375,210.3800048828125,212.50999450683594,207.3000030517578,208.32000732421875,2115100
2023-04-12,187.22857666015625,211.25999450683594,213.47999572753906,210.42999267578125,212.0,2306200
2023-04-13,188.2196044921875,210.80999755859375,211.9499969482422,208.80999755859375,210.1199951171875,1686100
2023-04-14,184.7196807861328,206.88999938964844,210.77000427246094,205.30999755859375,210.49000549316406,1174800
2023-04-17,186.45176696777344,208.8300018310547,211.94000244140625,207.0800018310547,207.77000427246094,1857900
2023-04-18,185.87142944335938,208.17999267578125,208.86000061035156,206.1699981689453,208.4499969482422,2116100
2023-04-19,185.81785583496094,208.1199951171875,210.63999938964844,206.77999877929688,207.1300048828125,1186700
2023-04-20,183.55897521972656,205.58999633789062,207.80999755859375,204.7100067138672,207.80999755859375,1472300
2023-04-21,182.2643585205078,204.13999938964844,206.58999633789062,202.8300018310547,206.58999633789062,2177300
2023-04-24,182.08580017089844,203.94000244140625,205.00999450683594,201.75,204.2899932861328,1356700
2023-04-25,180.1215362548828,201.74000549316406,205.1199951171875,201.58999633789062,203.3800048828125,1339900
2023-04-26,178.87158203125,200.33999633789062,206.47000122070312,200.0800018310547,202.5500030517578,1789300
2023-04-27,183.60366821289062,205.63999938964844,205.9600067138672,200.33999633789062,200.33999633789062,1744600
2023-04-28,182.48757934570312,204.38999938964844,206.61000061035156,203.32000732421875,205.66000366210938,2082300
2023-05-01,178.12158203125,199.5,203.99000549316406,199.36000061035156,203.2899932861328,2135800
2023-05-02,175.1127166748047,196.1300048828125,201.74000549316406,195.67999267578125,199.6699981689453,2133800
2023-05-03,171.39852905273438,191.97000122070312,197.4499969482422,191.60000610351562,196.4499969482422,1491300
2023-05-04,173.56809997558594,194.39999389648438,196.4199981689453,191.27000427246094,191.27000427246094,1984300
2023-05-05,175.66627502441406,196.75,197.63999938964844,193.63999938964844,194.94000244140625,1210800
2023-05-08,172.50564575195312,193.2100067138672,196.44000244140625,192.5500030517578,195.50999450683594,1311400
2023-05-09,172.78240966796875,193.52000427246094,194.94000244140625,190.85000610351562,192.30999755859375,1511500
2023-05-10,175.3180694580078,196.36000061035156,198.16000366210938,194.82000732421875,195.49000549316406,1628700
2023-05-11,174.71986389160156,195.69000244140625,195.97999572753906,192.7899932861328,195.64999389648438,1714500
2023-05-12,178.82691955566406,200.2899932861328,200.41000366210938,195.63999938964844,195.88999938964844,2130700
2023-05-15,174.5145263671875,195.4600067138672,202.39999389648438,194.3000030517578,200.77000427246094,2134800
2023-05-16,170.56814575195312,191.0399932861328,196.14999389648438,190.97000122070312,195.22999572753906,1395300
2023-05-17,173.8895263671875,194.75999450683594,194.8699951171875,190.7899932861328,192.0,1181100
2023-05-18,170.5592498779297,191.02999877929688,194.25999450683594,187.57000732421875,193.74000549316406,2387500
2023-05-19,170.29135131835938,190.72999572753906,192.8800048828125,189.5800018310547,191.4199981689453,1250600
2023-05-22,172.73777770996094,193.47000122070312,195.02999877929688,190.27999877929688,191.0,1754000
2023-05-23,167.9878692626953,188.14999389648438,193.91000366210938,187.64999389648438,192.52000427246094,1755500
2023-05-24,163.7379608154297,183.38999938964844,188.1300048828125,183.1699981689453,187.75,2011400
2023-05-25,162.9968719482422,182.55999755859375,184.64999389648438,181.64999389648438,184.5800018310547,2597900
2023-05-26,162.6575927734375,182.17999267578125,183.0,180.16000366210938,182.0,2692100
2023-05-30,162.4968719482422,182.0,188.35000610351562,181.30999755859375,184.27000427246094,2483400
2023-05-31,164.6754150390625,184.44000244140625,185.63999938964844,178.52999877929688,182.25999450683594,7074800
2023-06-01,166.97000122070312,187.00999450683594,188.82000732421875,184.14999389648438,184.19000244140625,2618200
2023-06-02,170.66636657714844,191.14999389648438,192.07000732421875,189.07000732421875,190.27999877929688,2188200
2023-06-05,168.42532348632812,188.63999938964844,193.7100067138672,188.3699951171875,191.9199981689453,1383100
2023-06-06,168.84498596191406,189.11000061035156,189.7899932861328,186.27000427246094,189.7899932861328,1390400
2023-06-07,170.46994018554688,190.92999267578125,193.69000244140625,189.02999877929688,190.0,1823100
2023-06-08,169.65745544433594,190.02000427246094,191.1199951171875,187.66000366210938,190.2100067138672,1184500
2023-06-09,167.22891235351562,187.3000030517578,189.97999572753906,184.82000732421875,189.97999572753906,1825300
2023-06-12,168.3539276123047,188.55999755859375,188.7100067138672,185.88999938964844,187.5,1533300
2023-06-13,170.55029296875,191.02000427246094,191.25,186.94000244140625,188.22999572753906,1946300
2023-06-14,172.3359832763672,193.02000427246094,193.77000427246094,190.2899932861328,192.25,2510000
2023-06-15,174.87445068359375,194.27000427246094,194.9499969482422,189.2899932861328,191.5500030517578,2432500
2023-06-16,173.63221740722656,192.88999938964844,194.44000244140625,191.5500030517578,192.2899932861328,3283300
2023-06-20,171.07577514648438,190.0500030517578,193.2100067138672,189.9499969482422,191.58999633789062,2139400
2023-06-21,170.4365997314453,189.33999633789062,190.07000732421875,185.99000549316406,188.8699951171875,2127600
2023-06-22,167.81715393066406,186.42999267578125,189.6199951171875,186.3000030517578,189.6199951171875,2431400
2023-06-23,167.45709228515625,186.02999877929688,189.24000549316406,185.24000549316406,186.00999450683594,4173300
2023-06-26,169.3474578857422,188.1300048828125,188.8300018310547,184.82000732421875,185.64999389648438,2308800
2023-06-27,168.97837829589844,187.72000122070312,189.4199981689453,187.17999267578125,188.97000122070312,1776300
2023-06-28,172.48001098632812,191.61000061035156,191.75,185.92999267578125,187.74000549316406,2600300
2023-06-29,173.48817443847656,192.72999572753906,193.02000427246094,188.67999267578125,189.80999755859375,2674200
2023-06-30,174.57737731933594,193.94000244140625,195.3000030517578,191.19000244140625,194.27000427246094,3243100
2023-07-03,175.56753540039062,195.0399932861328,196.32000732421875,192.66000366210938,193.39999389648438,971000
2023-07-05,178.5561065673828,198.36000061035156,199.32000732421875,194.82000732421875,195.0,2178900
2023-07-06,176.44070434570312,196.00999450683594,197.44000244140625,193.77000427246094,196.0,1605600
2023-07-07,176.0266571044922,195.5500030517578,197.11000061035156,191.88999938964844,194.88999938964844,1830200
2023-07-10,174.226318359375,193.5500030517578,195.6300048828125,192.9499969482422,194.35000610351562,1615700
2023-07-11,175.1715087890625,194.60000610351562,195.02000427246094,192.6699981689453,193.63999938964844,1484200
2023-07-12,175.91860961914062,195.42999267578125,198.3300018310547,194.58999633789062,197.25999450683594,1649200
2023-07-13,177.18783569335938,196.83999633789062,196.9499969482422,192.8000030517578,195.0800018310547,1750000
2023-07-14,174.6043701171875,193.97000122070312,196.66000366210938,193.61000061035156,196.10000610351562,1712200
2023-07-17,167.6641387939453,186.25999450683594,193.2100067138672,184.89999389648438,192.92999267578125,4359800
2023-07-18,167.24105834960938,185.7899932861328,188.94000244140625,182.16000366210938,186.0,3090300
2023-07-19,170.22959899902344,189.11000061035156,193.61000061035156,188.6199951171875,189.3300018310547,3380800
2023-07-20,166.21490478515625,184.64999389648438,184.86000061035156,179.2100067138672,182.82000732421875,4164000
2023-07-21,166.43093872070312,184.88999938964844,186.0399932861328,181.61000061035156,184.9199981689453,4474200
2023-07-24,171.77786254882812,190.8300018310547,191.32000732421875,184.02999877929688,185.9199981689453,3420600
2023-07-25,168.14122009277344,186.7899932861328,191.49000549316406,186.66000366210938,191.0,2353600
2023-07-26,171.01275634765625,189.97999572753906,190.24000549316406,186.85000610351562,187.0399932861328,3158600
2023-07-27,173.93826293945312,193.22999572753906,200.80999755859375,193.19000244140625,194.4199981689453,2969600
2023-07-28,170.10360717773438,188.97000122070312,196.17999267578125,188.94000244140625,194.92999267578125,1714400
2023-07-31,171.30979919433594,190.30999755859375,191.69000244140625,189.0,189.33999633789062,1812500
2023-08-01,172.14697265625,191.24000549316406,192.35000610351562,189.66000366210938,190.75,2243700
2023-08-02,171.5888671875,190.6199951171875,191.94000244140625,188.1300048828125,190.1699981689453,2236400
2023-08-03,167.20506286621094,185.75,190.3000030517578,183.67999267578125,189.33999633789062,2493000
2023-08-04,166.32290649414062,184.77000427246094,187.8000030517578,183.35000610351562,184.1699981689453,1687500
2023-08-07,165.19769287109375,183.52000427246094,186.00999450683594,182.24000549316406,185.0,1559600
2023-08-08,166.17889404296875,184.61000061035156,184.88999938964844,179.85000610351562,182.1999969482422,2047300
2023-08-09,168.42027282714844,187.10000610351562,187.1999969482422,183.47000122070312,183.92999267578125,1475800
2023-08-10,168.2762908935547,186.94000244140625,189.3300018310547,186.5,187.1699981689453,1618300
2023-08-11,168.4292755126953,187.11000061035156,187.89999389648438,185.82000732421875,185.8300018310547,1073100
2023-08-14,168.4652862548828,187.14999389648438,187.38999938964844,184.94000244140625,185.8699951171875,1342000
2023-08-15,167.1150360107422,185.64999389648438,187.14999389648438,184.19000244140625,185.33999633789062,1487800
2023-08-16,160.2198028564453,177.99000549316406,186.1699981689453,177.39999389648438,185.75,2200300
2023-08-17,158.70751953125,176.30999755859375,179.66000366210938,175.9199981689453,177.64999389648438,2370100
2023-08-18,158.8335723876953,176.4499969482422,177.8800048828125,174.3000030517578,174.69000244140625,1511300
2023-08-21,157.54635620117188,175.02000427246094,175.8800048828125,172.5500030517578,175.22000122070312,1998500
2023-08-22,158.1854248046875,175.72999572753906,176.3800048828125,173.2100067138672,175.16000366210938,1658400
2023-08-23,160.08477783203125,177.83999633789062,178.49000549316406,176.72999572753906,177.4600067138672,1655700
2023-08-24,159.46365356445312,177.14999389648438,179.52999877929688,176.27999877929688,178.39999389648438,1055700
2023-08-25,159.80572509765625,177.52999877929688,178.5500030517578,175.6699981689453,177.08999633789062,1174700
2023-08-28,160.38182067871094,178.1699981689453,179.0500030517578,176.8000030517578,178.14999389648438,1381900
2023-08-29,163.37936401367188,181.5,181.64999389648438,177.77999877929688,178.67999267578125,1572900
2023-08-30,164.08151245117188,182.27999877929688,184.19000244140625,181.80999755859375,182.5,1858300
2023-08-31,163.21734619140625,181.32000732421875,183.52000427246094,180.72999572753906,183.0800018310547,1567100
2023-09-01,162.74024963378906,180.7899932861328,182.49000549316406,179.2899932861328,182.49000549316406,1654100
2023-09-05,162.40716552734375,180.4199981689453,182.44000244140625,179.5,180.55999755859375,1715200
2023-09-06,160.23777770996094,178.00999450683594,180.19000244140625,176.13999938964844,180.19000244140625,2313300
2023-09-07,164.3245391845703,182.5500030517578,183.52999877929688,177.33999633789062,177.6199951171875,2404500
2023-09-08,162.83026123046875,180.88999938964844,183.3000030517578,178.86000061035156,182.88999938964844,1645800
2023-09-11,162.2811737060547,180.27999877929688,181.0399932861328,177.5500030517578,180.75999450683594,1393100
2023-09-12,161.3000030517578,179.19000244140625,179.6199951171875,175.39999389648438,179.35000610351562,1341500
2023-09-13,159.28366088867188,176.9499969482422,178.92999267578125,176.3699951171875,178.47999572753906,1639000
2023-09-14,163.0012969970703,181.0800018310547,182.22000122070312,178.6300048828125,178.6300048828125,1444600
2023-09-15,162.15516662597656,180.13999938964844,182.42999267578125,179.24000549316406,180.97000122070312,3514500
2023-09-18,161.60604858398438,179.52999877929688,181.63999938964844,178.6999969482422,179.91000366210938,1499100
2023-09-19,159.65272521972656,177.36000061035156,179.99000549316406,177.07000732421875,178.47000122070312,1612600
2023-09-20,159.69772338867188,177.41000366210938,179.7100067138672,177.0399932861328,178.99000549316406,1885600
2023-09-21,152.4154052734375,169.32000732421875,176.75999450683594,169.14999389648438,176.75999450683594,2499200
2023-09-22,149.6158905029297,166.2100067138672,169.77000427246094,165.91000366210938,169.0399932861328,3732500
2023-09-25,149.17481994628906,165.72000122070312,165.91000366210938,163.0800018310547,165.0500030517578,2681100
2023-09-26,146.64537048339844,162.91000366210938,164.88999938964844,162.64999389648438,163.33999633789062,2702800
2023-09-27,143.74684143066406,159.69000244140625,163.4499969482422,158.1699981689453,162.91000366210938,3178700
2023-09-28,146.11427307128906,162.32000732421875,163.3000030517578,158.85000610351562,160.39999389648438,2694000
2023-09-29,148.0316162109375,164.4499969482422,165.99000549316406,163.7100067138672,165.61000061035156,2529300
2023-10-02,145.56520080566406,161.7100067138672,164.0,160.61000061035156,163.6300048828125,2061100
2023-10-03,142.31558227539062,158.10000610351562,161.97000122070312,157.72000122070312,161.0,1783300
2023-10-04,141.93751525878906,157.67999267578125,159.4499969482422,155.6300048828125,158.47000122070312,2217100
2023-10-05,142.8647003173828,158.7100067138672,159.2899932861328,155.61000061035156,156.97000122070312,1486000
2023-10-06,143.63885498046875,159.57000732421875,160.4600067138672,154.5800018310547,156.8000030517578,1878700
2023-10-09,145.84423828125,162.02000427246094,162.72000122070312,158.75999450683594,158.75999450683594,1952100
2023-10-10,144.17120361328125,158.55999755859375,160.75,158.2899932861328,159.88999938964844,2793900
2023-10-11,150.59051513671875,165.6199951171875,165.8000030517578,158.8300018310547,159.69000244140625,2782300
2023-10-12,149.3357391357422,164.24000549316406,166.52000427246094,162.57000732421875,165.8699951171875,1765100
2023-10-13,151.80894470214844,166.9600067138672,168.5500030517578,165.47000122070312,166.1699981689453,1969200
2023-10-16,153.82742309570312,169.17999267578125,170.32000732421875,164.52000427246094,166.38999938964844,2062200
2023-10-17,151.76348876953125,166.91000366210938,169.9199981689453,165.77000427246094,167.32000732421875,1732500
2023-10-18,148.0082550048828,162.77999877929688,167.5500030517578,162.6999969482422,167.00999450683594,1728500
2023-10-19,144.96226501464844,159.42999267578125,162.5399932861328,158.00999450683594,158.47000122070312,2672200
2023-10-20,145.56234741210938,160.08999633789062,162.22000122070312,159.72000122070312,160.77000427246094,2560800
2023-10-23,144.83493041992188,159.2899932861328,161.25,157.25,158.50999450683594,2187700
2023-10-24,148.4174041748047,163.22999572753906,163.6999969482422,159.91000366210938,159.91000366210938,2404500
2023-10-25,147.23536682128906,161.92999267578125,163.3000030517578,160.49000549316406,162.22000122070312,2448200
2023-10-26,159.17384338378906,175.05999755859375,177.22000122070312,162.5500030517578,163.0,5013500
2023-10-27,156.38246154785156,171.99000549316406,176.02999877929688,170.1999969482422,175.5,2829500
2023-10-30,156.97348022460938,172.63999938964844,173.97000122070312,169.6999969482422,171.9199981689453,2568600
2023-10-31,162.01983642578125,178.19000244140625,178.66000366210938,174.0,174.07000732421875,2930700
2023-11-01,162.19259643554688,178.3800048828125,179.27000427246094,177.0,178.47999572753906,1781300
2023-11-02,167.43898010253906,184.14999389648438,186.5399932861328,180.6199951171875,181.32000732421875,2908000
2023-11-03,173.27639770507812,190.57000732421875,193.1999969482422,185.86000061035156,186.07000732421875,3417100
2023-11-06,169.75758361816406,186.6999969482422,190.75999450683594,185.27000427246094,189.94000244140625,1943800
2023-11-07,168.62098693847656,185.4499969482422,187.6300048828125,185.1699981689453,187.52000427246094,1544400
2023-11-08,167.68447875976562,184.4199981689453,185.69000244140625,183.17999267578125,185.69000244140625,1447300
2023-11-09,165.33860778808594,181.83999633789062,185.27000427246094,180.91000366210938,184.60000610351562,1949300
2023-11-10,167.1116485595703,183.7899932861328,184.5399932861328,179.32000732421875,183.5399932861328,1738700
2023-11-13,166.95704650878906,183.6199951171875,185.27999877929688,181.02999877929688,182.24000549316406,1425200
2023-11-14,176.5769805908203,194.1999969482422,195.97999572753906,190.88999938964844,192.9600067138672,2910400
2023-11-15,178.10455322265625,195.8800048828125,198.75,192.72000122070312,193.11000061035156,3803000
2023-11-16,181.0414276123047,199.11000061035156,199.85000610351562,195.14999389648438,196.8000030517578,3260600
2023-11-17,179.79571533203125,197.74000549316406,200.50999450683594,197.0500030517578,200.1199951171875,2593500
2023-11-20,181.52330017089844,199.63999938964844,199.8000030517578,195.33999633789062,197.4499969482422,1945500
2023-11-21,179.61387634277344,197.5399932861328,199.57000732421875,196.82000732421875,199.55999755859375,1989300
2023-11-22,180.75045776367188,198.7899932861328,200.5800018310547,197.8300018310547,200.17999267578125,1393300
2023-11-24,181.2323760986328,199.32000732421875,199.3300018310547,196.39999389648438,197.99000549316406,614100
2023-11-27,182.95082092285156,201.2100067138672,202.83999633789062,199.02000427246094,200.47999572753906,2525200
2023-11-28,184.7784423828125,203.22000122070312,203.52000427246094,200.52999877929688,200.77999877929688,2105200
2023-11-29,187.46981811523438,206.17999267578125,208.82000732421875,203.99000549316406,205.0,2933400
2023-11-30,189.8339080810547,208.77999877929688,208.9600067138672,204.27999877929688,205.5399932861328,2943300
2023-12-01,191.3705291748047,210.47000122070312,210.83999633789062,206.1300048828125,208.39999389648438,2093300
2023-12-04,189.78842163085938,208.72999572753906,209.83999633789062,207.69000244140625,209.2100067138672,2668500
2023-12-05,191.31597900390625,210.41000366210938,211.05999755859375,207.41000366210938,208.9199981689453,1738000
2023-12-06,191.6342010498047,210.75999450683594,213.30999755859375,210.6199951171875,211.7899932861328,2037700
2023-12-07,191.5978240966797,210.72000122070312,212.0500030517578,210.25,211.60000610351562,1964500
2023-12-08,187.71533203125,206.4499969482422,210.2899932861328,204.0500030517578,209.8000030517578,2364300
2023-12-11,186.94244384765625,205.60000610351562,207.99000549316406,204.11000061035156,205.89999389648438,2468600
2023-12-12,186.4423828125,205.0500030517578,205.97999572753906,203.5800018310547,205.85000610351562,1712900
2023-12-13,191.88877868652344,211.0399932861328,212.42999267578125,203.66000366210938,204.97999572753906,2244500
2023-12-14,192.916259765625,212.1699981689453,218.47999572753906,211.24000549316406,215.4600067138672,2975000
2023-12-15,192.89805603027344,212.14999389648438,212.7899932861328,208.3300018310547,210.1300048828125,3722400
2023-12-18,191.570556640625,210.69000244140625,214.0399932861328,209.91000366210938,212.0399932861328,1804900
2023-12-19,191.85244750976562,211.0,213.22999572753906,210.64999389648438,211.4499969482422,1776900
2023-12-20,191.95245361328125,211.11000061035156,214.50999450683594,209.27000427246094,211.50999450683594,2991200
2023-12-21,194.83477783203125,214.27999877929688,214.33999633789062,211.5399932861328,212.99000549316406,1685500
2023-12-22,195.66220092773438,215.19000244140625,217.11000061035156,213.66000366210938,214.9600067138672,1106400
2023-12-26,196.6168975830078,216.24000549316406,216.99000549316406,214.44000244140625,215.27999877929688,1053100
2023-12-27,198.6147918701172,216.72000122070312,217.11000061035156,214.00999450683594,214.00999450683594,1860500
2023-12-28,199.01803588867188,217.16000366210938,218.32000732421875,215.5800018310547,216.7100067138672,1125400
2023-12-29,197.844970703125,215.8800048828125,216.8000030517578,215.0,215.97999572753906,1584400
2024-01-02,200.5301971435547,218.80999755859375,219.10000610351562,214.41000366210938,214.41000366210938,1566300
2024-01-03,196.75436401367188,214.69000244140625,218.99000549316406,214.61000061035156,217.49000549316406,1533500
2024-01-04,197.46009826660156,215.4600067138672,217.6699981689453,212.67999267578125,213.63999938964844,2033000
2024-01-05,196.37864685058594,214.27999877929688,216.25,213.0399932861328,213.6999969482422,1884000
2024-01-08,198.0282440185547,216.0800018310547,216.22000122070312,212.52000427246094,213.4199981689453,1703200
2024-01-09,194.16078186035156,211.86000061035156,214.4199981689453,210.27000427246094,214.35000610351562,1578800
2024-01-10,191.5122528076172,208.97000122070312,212.08999633789062,208.3699951171875,211.61000061035156,2088900
2024-01-11,190.30250549316406,207.64999389648438,208.74000549316406,206.08999633789062,208.2899932861328,2271600
2024-01-12,191.93380737304688,209.42999267578125,211.82000732421875,208.4600067138672,209.6699981689453,1763400
2024-01-16,190.6691131591797,208.0500030517578,210.83999633789062,207.5500030517578,208.97000122070312,2400000
2024-01-17,187.8280792236328,204.9499969482422,210.38999938964844,202.72000122070312,205.39999389648438,2629300
2024-01-18,186.87496948242188,203.91000366210938,206.7899932861328,202.5399932861328,205.25,2881000
2024-01-19,186.8383026123047,203.8699951171875,205.13999938964844,202.77999877929688,204.66000366210938,1986400
2024-01-22,186.97576904296875,204.02000427246094,206.69000244140625,201.9499969482422,204.10000610351562,2185500
2024-01-23,185.36280822753906,202.25999450683594,205.2899932861328,201.3800048828125,204.75999450683594,2108900
2024-01-24,180.32225036621094,196.75999450683594,203.39999389648438,195.9600067138672,203.10000610351562,3308500
2024-01-25,183.4840850830078,200.2100067138672,201.63999938964844,198.0,199.38999938964844,2510500
2024-01-26,180.80801391601562,197.2899932861328,199.8300018310547,197.0800018310547,199.1999969482422,1831100
2024-01-29,182.47598266601562,199.11000061035156,199.3000030517578,195.75999450683594,197.0800018310547,2466000
2024-01-30,179.2225341796875,195.55999755859375,199.0,195.36000061035156,198.5,2428100
2024-01-31,179.3050079345703,195.64999389648438,200.8699951171875,194.75,196.89999389648438,2454100
2024-02-01,181.81610107421875,198.38999938964844,198.42999267578125,193.3699951171875,195.33999633789062,2700800
2024-02-02,177.34378051757812,193.50999450683594,195.5500030517578,189.3300018310547,195.0,2914000
2024-02-05,173.64129638671875,189.47000122070312,191.69000244140625,187.82000732421875,191.0500030517578,2489100
2024-02-06,175.6575164794922,191.6699981689453,192.57000732421875,189.14999389648438,189.47000122070312,1777000
2024-02-07,177.4446258544922,193.6199951171875,193.86000061035156,190.5500030517578,192.2899932861328,2254800
2024-02-08,177.4629364013672,193.63999938964844,194.25,191.6300048828125,192.6300048828125,2001100
2024-02-09,178.19610595703125,194.44000244140625,194.50999450683594,191.63999938964844,193.39999389648438,1903900
2024-02-12,175.7491455078125,191.77000427246094,195.41000366210938,191.44000244140625,194.99000549316406,1589700
2024-02-13,172.6790313720703,188.4199981689453,188.6999969482422,184.0500030517578,188.1699981689453,3512500
2024-02-14,172.7432098388672,188.49000549316406,190.02999877929688,186.83999633789062,188.85000610351562,1818100
2024-02-15,173.6321563720703,189.4600067138672,190.72999572753906,187.74000549316406,189.97000122070312,2411900
2024-02-16,171.49681091308594,187.1300048828125,187.61000061035156,185.02000427246094,186.77999877929688,2127500
2024-02-20,172.66070556640625,188.39999389648438,188.7100067138672,185.77000427246094,187.08999633789062,2241000
2024-02-21,172.49574279785156,188.22000122070312,189.66000366210938,186.6300048828125,189.22000122070312,1863200
2024-02-22,172.3032989501953,188.00999450683594,189.00999450683594,185.61000061035156,189.00999450683594,2149700
2024-02-23,174.06288146972656,189.92999267578125,191.27000427246094,187.4499969482422,188.1199951171875,1458600
2024-02-26,172.03750610351562,187.72000122070312,191.3800048828125,186.72000122070312,189.1999969482422,3310700
2024-02-27,171.08438110351562,186.67999267578125,190.61000061035156,181.16000366210938,189.19000244140625,4672100
2024-02-28,177.57289123535156,193.75999450683594,195.8300018310547,186.5,186.5,4059100
2024-02-29,182.24685668945312,198.86000061035156,200.8000030517578,195.13999938964844,195.1999969482422,4676900
2024-03-01,184.90455627441406,201.75999450683594,202.0500030517578,196.14999389648438,198.89999389648438,3473500
2024-03-04,188.92782592773438,206.14999389648438,206.52000427246094,198.99000549316406,201.42999267578125,2851800
2024-03-05,188.25880432128906,205.4199981689453,209.61000061035156,204.63999938964844,205.94000244140625,2469900
2024-03-06,188.79949951171875,206.00999450683594,207.22999572753906,204.99000549316406,206.4600067138672,1865400
2024-03-07,187.62644958496094,204.72999572753906,207.92999267578125,203.8000030517578,207.6300048828125,2085800
2024-03-08,189.99093627929688,207.30999755859375,209.16000366210938,205.88999938964844,206.60000610351562,2156000
2024-03-11,189.4777069091797,206.75,208.32000732421875,204.86000061035156,205.92999267578125,2006300
2024-03-12,187.1223907470703,204.17999267578125,206.24000549316406,201.5800018310547,205.7100067138672,1746100
2024-03-13,185.44528198242188,202.35000610351562,205.0500030517578,201.2899932861328,204.3000030517578,1690400
2024-03-14,182.54928588867188,199.19000244140625,202.5500030517578,196.2100067138672,201.02000427246094,2010400
2024-03-15,180.85385131835938,197.33999633789062,198.75,195.1300048828125,195.5800018310547,3346800
2024-03-18,179.54330444335938,195.91000366210938,197.8300018310547,195.50999450683594,196.60000610351562,1833500
2024-03-19,180.20314025878906,196.6300048828125,196.8800048828125,194.6999969482422,196.1699981689453,1463500
2024-03-20,178.37025451660156,194.6300048828125,196.72000122070312,193.80999755859375,195.4199981689453,2154800
2024-03-21,177.73789978027344,193.94000244140625,196.5500030517578,193.66000366210938,195.86000061035156,2658000
2024-03-22,176.68394470214844,192.7899932861328,194.74000549316406,191.5500030517578,194.74000549316406,2581900
2024-03-25,179.2225341796875,195.55999755859375,196.22000122070312,193.52999877929688,193.69000244140625,2144800
2024-03-26,177.88450622558594,194.10000610351562,195.47000122070312,193.89999389648438,195.25999450683594,1823400
2024-03-27,180.8905029296875,197.3800048828125,197.75,194.02000427246094,195.64999389648438,2494200
2024-03-28,181.08294677734375,197.58999633789062,198.3699951171875,196.00999450683594,198.3699951171875,2170500
2024-04-01,176.8855438232422,193.00999450683594,196.5800018310547,192.19000244140625,196.5500030517578,2195800
2024-04-02,176.12489318847656,192.17999267578125,193.8300018310547,191.33999633789062,191.8300018310547,2321300
2024-04-03,176.2440643310547,192.30999755859375,193.25,190.17999267578125,191.3699951171875,2270400
2024-04-04,174.4019775390625,190.3000030517578,194.8000030517578,190.08999633789062,194.08999633789062,2265400
2024-04-05,174.2828369140625,190.1699981689453,192.24000549316406,188.77999877929688,189.25,2538800
2024-04-08,172.486572265625,188.2100067138672,190.49000549316406,186.63999938964844,190.10000610351562,2296800
2024-04-09,176.70230102539062,192.80999755859375,192.99000549316406,188.83999633789062,189.3699951171875,1962900
2024-04-10,166.7587127685547,181.9600067138672,187.49000549316406,180.5399932861328,187.19000244140625,4136500
2024-04-11,165.18670654296875,178.63999938964844,182.27999877929688,178.3300018310547,182.00999450683594,3688600
2024-04-12,165.70455932617188,179.1999969482422,179.67999267578125,177.1300048828125,178.77999877929688,3839000
2024-04-15,164.70590209960938,178.1199951171875,180.27999877929688,176.02000427246094,179.1999969482422,2562800
2024-04-16,159.24099731445312,172.2100067138672,177.9499969482422,171.75999450683594,177.9499969482422,3848700
2024-04-17,159.06527709960938,172.02000427246094,173.36000061035156,171.0800018310547,172.9600067138672,2732800
2024-04-18,158.1221160888672,171.0,174.05999755859375,170.6699981689453,173.72999572753906,2276200
2024-04-19,158.3994903564453,171.3000030517578,173.00999450683594,170.69000244140625,171.8000030517578,2867400
2024-04-22,159.32418823242188,172.3000030517578,172.94000244140625,171.00999450683594,171.6300048828125,2603800
2024-04-23,161.06260681152344,174.17999267578125,176.07000732421875,171.42999267578125,172.49000549316406,2659000
2024-04-24,160.29513549804688,173.35000610351562,175.44000244140625,172.36000061035156,172.6699981689453,3029300
2024-04-25,159.87901306152344,172.89999389648438,173.22000122070312,171.27999877929688,171.75,1862300
2024-04-26,158.76014709472656,171.69000244140625,174.94000244140625,171.3300018310547,172.72000122070312,1701400
2024-04-29,161.8116455078125,174.99000549316406,175.55999755859375,173.1999969482422,173.25999450683594,2104800
2024-04-30,158.63992309570312,171.55999755859375,176.9199981689453,170.4600067138672,175.52999877929688,3710600
2024-05-01,163.52227783203125,176.83999633789062,178.80999755859375,171.5,173.27999877929688,3877100
2024-05-02,166.11141967773438,179.63999938964844,179.6999969482422,175.3699951171875,178.00999450683594,3278100
2024-05-03,168.0532989501953,181.74000549316406,184.88999938964844,181.1699981689453,183.5,3130300
2024-05-06,165.23297119140625,178.69000244140625,182.6999969482422,177.52000427246094,182.27999877929688,2297900
2024-05-07,167.62789916992188,181.27999877929688,181.4499969482422,179.22999572753906,179.97999572753906,2594800
2024-05-08,167.6741485595703,181.3300018310547,181.52000427246094,178.50999450683594,179.9499969482422,2014400
2024-05-09,172.33460998535156,186.3699951171875,187.75,181.9600067138672,182.63999938964844,2588000
2024-05-10,170.59619140625,184.49000549316406,186.7100067138672,182.5,186.47000122070312,3158100
2024-05-13,171.0677490234375,185.0,186.22999572753906,183.0500030517578,185.36000061035156,1842700
2024-05-14,172.88015747070312,186.9600067138672,187.61000061035156,185.39999389648438,186.36000061035156,2008300
2024-05-15,177.55909729003906,192.02000427246094,194.25999450683594,191.14999389648438,191.14999389648438,2815200
2024-05-16,180.2592010498047,194.94000244140625,196.2100067138672,191.50999450683594,191.64999389648438,2616900
2024-05-17,179.86155700683594,194.50999450683594,195.55999755859375,193.19000244140625,195.55999755859375,2157300
2024-05-20,177.3186798095703,191.75999450683594,195.08999633789062,191.66000366210938,194.0,1733500
2024-05-21,179.51016235351562,194.1300048828125,194.3300018310547,190.27999877929688,191.5,1527300
2024-05-22,176.93031311035156,191.33999633789062,194.24000549316406,190.22000122070312,193.58999633789062,1681100
2024-05-23,172.5472412109375,186.60000610351562,191.57000732421875,186.50999450683594,189.77999877929688,1768800
2024-05-24,171.92770385742188,185.92999267578125,188.50999450683594,185.5399932861328,187.14999389648438,1257900
2024-05-28,171.0955047607422,185.02999877929688,187.7100067138672,184.8699951171875,186.55999755859375,1828300
2024-05-29,171.36366271972656,185.32000732421875,186.47999572753906,183.0399932861328,183.35000610351562,1977700
2024-05-30,176.4124755859375,190.77999877929688,191.02000427246094,185.33999633789062,186.39999389648438,2850400
2024-05-31,180.99896240234375,195.74000549316406,197.19000244140625,191.1699981689453,191.8800048828125,7331900
2024-06-03,182.1363067626953,196.97000122070312,197.8300018310547,194.99000549316406,196.0,2333200
2024-06-04,185.3172607421875,200.41000366210938,201.5800018310547,197.0,198.0,3236300
2024-06-05,183.2644500732422,198.19000244140625,200.88999938964844,197.6999969482422,200.25999450683594,1737100
2024-06-06,184.46653747558594,199.49000549316406,200.02999877929688,196.75999450683594,198.0,1865800
2024-06-07,179.63038635253906,194.25999450683594,196.47999572753906,191.75,195.8699951171875,2143300
2024-06-10,180.0557403564453,194.72000122070312,196.07000732421875,192.6999969482422,193.86000061035156,2874700
2024-06-11,178.7149658203125,193.27000427246094,196.33999633789062,193.13999938964844,194.72000122070312,2781800
2024-06-12,179.22352600097656,193.82000732421875,198.83999633789062,193.64999389648438,197.9499969482422,3331500
2024-06-13,181.9606170654297,196.77999877929688,197.5,193.99000549316406,194.02000427246094,1531300
2024-06-14,183.70413208007812,197.02999877929688,197.75,194.92999267578125,194.92999267578125,1933200
2024-06-17,179.275390625,192.27999877929688,194.97999572753906,192.19000244140625,194.86000061035156,1779700
2024-06-18,179.7415771484375,192.77999877929688,195.97999572753906,192.55999755859375,192.5800018310547,2407800
2024-06-20,181.03758239746094,194.1699981689453,194.64999389648438,191.52000427246094,191.83999633789062,2236300
2024-06-21,181.6715850830078,194.85000610351562,196.3699951171875,192.91000366210938,194.10000610351562,2828400
2024-06-24,183.10745239257812,196.38999938964844,198.7100067138672,193.72000122070312,194.6999969482422,1792200
2024-06-25,179.64834594726562,192.67999267578125,197.42999267578125,192.19000244140625,196.35000610351562,1345100
2024-06-26,179.6390380859375,192.6699981689453,193.25999450683594,190.3800048828125,191.35000610351562,1828500
2024-06-27,182.10980224609375,195.32000732421875,195.41000366210938,192.1699981689453,193.25,1599300
2024-06-28,181.23338317871094,194.3800048828125,197.8800048828125,193.7899932861328,196.17999267578125,2393900
2024-07-01,180.89773559570312,194.02000427246094,195.91000366210938,191.6199951171875,194.39999389648438,1691700
2024-07-02,179.2660675048828,192.27000427246094,195.24000549316406,191.5500030517578,194.35000610351562,1913600
2024-07-03,181.61563110351562,194.7899932861328,195.0800018310547,192.47000122070312,193.07000732421875,1182600
2024-07-05,182.40814208984375,195.63999938964844,196.36000061035156,193.47000122070312,194.97999572753906,1018500
2024-07-08,182.90228271484375,196.1699981689453,197.38999938964844,194.50999450683594,195.1300048828125,1508800
2024-07-09,182.70651245117188,195.9600067138672,196.22999572753906,192.74000549316406,195.5500030517578,1577100
2024-07-10,183.46173095703125,196.77000427246094,197.49000549316406,193.8000030517578,197.38999938964844,1576900
2024-07-11,193.18630981445312,207.1999969482422,207.38999938964844,200.0,201.08999633789062,2256000
2024-07-12,196.3656768798828,210.61000061035156,212.19000244140625,207.5,209.05999755859375,2238600
2024-07-15,194.7153778076172,208.83999633789062,211.2100067138672,206.92999267578125,210.0,1585400
2024-07-16,195.936767578125,210.14999389648438,211.2100067138672,207.10000610351562,210.44000244140625,1329400
2024-07-17,198.7059326171875,213.1199951171875,213.17999267578125,209.61000061035156,210.3000030517578,1759700
2024-07-18,196.40296936035156,210.64999389648438,214.4600067138672,209.67999267578125,210.80999755859375,1736300
2024-07-19,195.9274444580078,210.13999938964844,211.8699951171875,209.32000732421875,211.8699951171875,1404100
2024-07-22,195.20953369140625,209.3699951171875,212.42999267578125,208.22999572753906,209.97000122070312,1476200
2024-07-23,195.34942626953125,209.52000427246094,212.19000244140625,208.97000122070312,209.55999755859375,1123600
2024-07-24,195.22817993164062,209.38999938964844,212.80999755859375,208.57000732421875,210.25,1922800
2024-07-25,195.72238159179688,209.9199981689453,215.86000061035156,209.1199951171875,210.5399932861328,1926600
2024-07-26,199.2653350830078,213.72000122070312,214.1199951171875,210.05999755859375,210.80999755859375,1548200
2024-07-29,200.3935089111328,214.92999267578125,215.58999633789062,211.0,213.72000122070312,1607800
2024-07-30,207.9643096923828,223.0500030517578,223.4600067138672,217.61000061035156,220.0,2447700
2024-07-31,205.4935302734375,220.39999389648438,222.3300018310547,218.0,221.5,2924200
2024-08-01,212.51426696777344,227.92999267578125,229.22000122070312,222.00999450683594,222.8000030517578,3047000
2024-08-02,218.7704315185547,234.63999938964844,236.0,228.7899932861328,230.0,4750500
2024-08-05,210.89195251464844,226.19000244140625,236.1300048828125,226.00999450683594,231.8800048828125,4329600
2024-08-06,212.72869873046875,228.16000366210938,230.64999389648438,224.30999755859375,225.02000427246094,2823200
2024-08-07,210.6868133544922,225.97000122070312,229.77000427246094,225.0500030517578,226.35000610351562,3315700
2024-08-08,208.4864501953125,223.61000061035156,225.5500030517578,221.5,223.86000061035156,2942100
2024-08-09,207.53541564941406,222.58999633789062,225.39999389648438,222.33999633789062,224.83999633789062,2071500
2024-08-12,210.28590393066406,225.5399932861328,225.66000366210938,219.7899932861328,221.5800018310547,1455700
2024-08-13,207.6007080078125,222.66000366210938,226.16000366210938,222.02999877929688,225.86000061035156,5449800
2024-08-14,208.0855255126953,223.17999267578125,225.22000122070312,222.8000030517578,223.22000122070312,2313700
2024-08-15,203.31179809570312,218.05999755859375,221.4499969482422,217.5,221.27000427246094,1858400
2024-08-16,204.9807586669922,219.85000610351562,220.44000244140625,217.0,217.89999389648438,1986200
2024-08-19,204.8035888671875,219.66000366210938,220.89999389648438,219.0399932861328,219.4199981689453,1261900
2024-08-20,205.47488403320312,220.3800048828125,220.97999572753906,218.3000030517578,219.66000366210938,1631000
2024-08-21,204.6450958251953,219.49000549316406,220.0,217.02000427246094,218.3699951171875,2262500
2024-08-22,205.21383666992188,220.10000610351562,220.6199951171875,218.4499969482422,219.00999450683594,1926500
2024-08-23,211.6471710205078,227.0,227.67999267578125,220.55999755859375,220.97000122070312,1804000
2024-08-26,210.0714569091797,225.30999755859375,228.38999938964844,225.02000427246094,227.72999572753906,1142400
2024-08-27,210.8639678955078,226.16000366210938,226.2899932861328,222.19000244140625,222.19000244140625,921500
2024-08-28,210.01553344726562,225.25,227.64999389648438,224.17999267578125,226.4499969482422,1105500
2024-08-29,208.4025421142578,223.52000427246094,226.25,221.25,224.24000549316406,2003200
2024-08-30,208.90603637695312,224.05999755859375,225.67999267578125,221.42999267578125,223.8800048828125,1796800
2024-09-03,214.7892303466797,230.3699951171875,231.69000244140625,222.80999755859375,222.85000610351562,2660100
2024-09-04,216.79385375976562,232.52000427246094,236.1300048828125,230.25999450683594,231.42999267578125,2261800
2024-09-05,217.8380889892578,233.63999938964844,235.42999267578125,232.1300048828125,234.38999938964844,1990800
2024-09-06,220.1876220703125,236.16000366210938,236.44000244140625,232.52999877929688,234.0,2750000
2024-09-09,222.39735412597656,238.52999877929688,239.22000122070312,235.0399932861328,235.39999389648438,1984000
2024-09-10,226.40650939941406,242.8300018310547,243.55999755859375,239.14999389648438,239.35000610351562,2016800
2024-09-11,222.80758666992188,238.97000122070312,241.16000366210938,236.8000030517578,240.2100067138672,2216500
2024-09-12,221.10134887695312,237.13999938964844,239.5,233.94000244140625,239.0,2003800
2024-09-13,222.369384765625,238.5,238.77999877929688,235.36000061035156,237.77000427246094,1983400
2024-09-16,224.06629943847656,240.32000732421875,241.97000122070312,238.9199981689453,238.9199981689453,2255500
2024-09-17,223.25511169433594,239.4499969482422,241.4600067138672,239.16000366210938,240.17999267578125,1526000
2024-09-18,219.99185180664062,235.9499969482422,240.27999877929688,235.36000061035156,238.86000061035156,1828100
2024-09-19,216.5980224609375,232.30999755859375,234.55999755859375,227.6999969482422,234.0,3434300
2024-09-20,219.1620330810547,235.05999755859375,235.33999633789062,230.74000549316406,231.66000366210938,3683000
2024-09-23,220.29019165039062,236.27000427246094,236.88999938964844,233.19000244140625,236.02999877929688,1762000
2024-09-24,220.47666931152344,236.47000122070312,237.02000427246094,233.74000549316406,234.24000549316406,1616100
2024-09-25,219.69351196289062,235.6300048828125,238.33999633789062,235.16000366210938,236.5800018310547,1447200
2024-09-26,216.09454345703125,231.77000427246094,234.02000427246094,230.25999450683594,233.1199951171875,2312500
2024-09-27,214.74261474609375,230.32000732421875,233.5,229.9199981689453,233.11000061035156,3051000
2024-09-30,216.8311004638672,232.55999755859375,232.77999877929688,228.75,230.1300048828125,2256400
2024-10-01,216.37425231933594,232.07000732421875,234.47000122070312,231.10000610351562,233.49000549316406,2279900
2024-10-02,216.19712829589844,231.8800048828125,233.0500030517578,229.52000427246094,230.99000549316406,2229500
2024-10-03,213.77294921875,229.27999877929688,231.7100067138672,227.7100067138672,231.60000610351562,1590900
2024-10-04,208.5330352783203,223.66000366210938,226.0,221.50999450683594,225.8699951171875,1942500
2024-10-07,208.2626495361328,223.3699951171875,223.5399932861328,221.3800048828125,222.27999877929688,1658000
2024-10-08,209.11111450195312,224.27999877929688,225.6199951171875,223.19000244140625,223.52999877929688,1630900
2024-10-09,207.3455352783203,220.77999877929688,222.69000244140625,219.41000366210938,222.0,1574000
2024-10-10,204.64077758789062,217.89999389648438,221.52000427246094,216.50999450683594,219.5800018310547,1924300
2024-10-11,205.9274139404297,219.27000427246094,219.67999267578125,217.58999633789062,219.05999755859375,1613900
2024-10-14,208.20953369140625,221.6999969482422,221.99000549316406,217.00999450683594,217.7100067138672,1501800
2024-10-15,215.4691619873047,229.42999267578125,229.72999572753906,223.3699951171875,224.0,2310100
2024-10-16,213.67539978027344,227.52000427246094,231.0500030517578,226.80999755859375,228.25999450683594,1518100
2024-10-17,210.51983642578125,224.16000366210938,227.52000427246094,223.2899932861328,226.1999969482422,2021700
2024-10-18,212.52964782714844,226.3000030517578,227.05999755859375,224.19000244140625,225.8699951171875,1441900
2024-10-21,207.9935302734375,221.47000122070312,228.0,220.27999877929688,225.08999633789062,1295700
2024-10-22,207.98416137695312,221.4600067138672,222.47999572753906,219.25,219.60000610351562,1971500
2024-10-23,212.50146484375,226.27000427246094,226.75999450683594,221.5,221.5,2712800
2024-10-24,212.18214416503906,225.92999267578125,228.8000030517578,225.8000030517578,226.0,1618300
2024-10-25,209.2425994873047,222.8000030517578,227.91000366210938,221.88999938964844,225.66000366210938,2054200
2024-10-28,208.69789123535156,222.22000122070312,225.63999938964844,221.83999633789062,225.3300018310547,1935000
2024-10-29,199.9544219970703,212.91000366210938,220.0,211.5500030517578,215.16000366210938,3591100
2024-10-30,200.48973083496094,213.47999572753906,217.10000610351562,212.42999267578125,213.58999633789062,2437800
2024-10-31,200.5460662841797,213.5399932861328,216.2899932861328,209.6999969482422,211.27999877929688,1961500
2024-11-01,198.40481567382812,211.25999450683594,218.9199981689453,210.9199981689453,217.75999450683594,1989000
2024-11-04,199.2030792236328,212.11000061035156,214.44000244140625,209.66000366210938,213.0500030517578,2333800
2024-11-05,200.8372344970703,213.85000610351562,213.94000244140625,209.5,210.92999267578125,1302400
2024-11-06,185.45394897460938,197.47000122070312,203.14999389648438,194.4199981689453,200.8000030517578,8133500
2024-11-07,185.82958984375,197.8699951171875,200.9199981689453,196.0399932861328,199.4600067138672,4924500
2024-11-08,189.5204620361328,201.8000030517578,203.22000122070312,198.1699981689453,199.1999969482422,3981600
2024-11-11,184.1485137939453,196.0800018310547,202.16000366210938,195.85000610351562,199.7100067138672,2699000
2024-11-12,181.93211364746094,193.72000122070312,195.99000549316406,191.74000549316406,195.11000061035156,2953300
2024-11-13,183.28448486328125,195.16000366210938,197.7899932861328,195.02000427246094,196.1999969482422,2354800
2024-11-14,182.91824340820312,194.77000427246094,196.80999755859375,193.5,194.91000366210938,2282800
2024-11-15,184.4960174560547,196.4499969482422,196.72999572753906,193.75,195.0,2587300
2024-11-18,186.74057006835938,198.83999633789062,199.11000061035156,194.1300048828125,194.64999389648438,2374200
2024-11-19,188.91000366210938,201.14999389648438,201.77000427246094,198.22999572753906,199.25,2514400
2024-11-20,188.65643310546875,200.8800048828125,201.5500030517578,198.9199981689453,200.0,2243400
2024-11-21,190.468994140625,202.80999755859375,203.50999450683594,198.7100067138672,200.32000732421875,1961700
2024-11-22,191.87774658203125,204.30999755859375,205.19000244140625,202.8000030517578,203.10000610351562,2016000
2024-11-25,194.9205780029297,207.5500030517578,208.0399932861328,204.6999969482422,205.47000122070312,3605900
2024-11-26,195.3431854248047,208.0,208.8300018310547,205.3699951171875,206.57000732421875,1791400
2024-11-27,196.5640869140625,209.3000030517578,209.6699981689453,207.8300018310547,208.0,1669400
2024-11-29,196.28233337402344,209.0,209.77000427246094,207.52999877929688,209.3000030517578,1610200
2024-12-02,194.7139434814453,207.3300018310547,208.50999450683594,205.7100067138672,207.5399932861328,2374800
2024-12-03,195.1459503173828,207.7899932861328,209.3699951171875,206.52999877929688,208.42999267578125,2551200
2024-12-04,194.8736114501953,207.5,207.94000244140625,204.67999267578125,206.52999877929688,2529200
2024-12-05,196.4326171875,209.16000366210938,209.30999755859375,205.3000030517578,205.3000030517578,2291100
2024-12-06,194.49795532226562,207.10000610351562,210.66000366210938,205.02000427246094,209.5800018310547,2677900
2024-12-09,196.3199005126953,209.0399932861328,210.0500030517578,206.10000610351562,206.69000244140625,2854200
2024-12-10,187.38858032226562,199.52999877929688,208.0399932861328,198.8000030517578,207.33999633789062,2653300
2024-12-11,187.4449462890625,199.58999633789062,200.58999633789062,198.0800018310547,199.52000427246094,2356800
2024-12-12,185.81082153320312,197.85000610351562,200.58999633789062,197.3800048828125,199.55999755859375,1922600
2024-12-13,185.16281127929688,197.16000366210938,198.5800018310547,196.1199951171875,197.17999267578125,1995500
2024-12-16,181.94151306152344,193.72999572753906,198.74000549316406,193.57000732421875,196.50999450683594,2218800
2024-12-17,181.50013732910156,193.25999450683594,196.75,190.41000366210938,191.1999969482422,2637400
2024-12-18,173.60189819335938,184.85000610351562,192.89999389648438,184.5399932861328,191.77000427246094,4186100
2024-12-19,168.48348999023438,179.39999389648438,184.5,179.0399932861328,183.44000244140625,4709800
2024-12-20,172.55001831054688,183.72999572753906,186.50999450683594,181.8300018310547,182.0800018310547,5750200
2024-12-23,173.16046142578125,184.3800048828125,184.61000061035156,181.0399932861328,182.63999938964844,2594100
2024-12-24,173.47039794921875,184.7100067138672,184.75,182.5399932861328,182.6199951171875,788400
2024-12-26,172.78480529785156,183.97999572753906,184.39999389648438,182.58999633789062,184.39999389648438,1464600
2024-12-27,172.32054138183594,181.8699951171875,184.3300018310547,181.50999450683594,182.0,1640900
2024-12-30,172.36790466308594,181.9199981689453,182.22999572753906,179.85000610351562,181.8699951171875,1887000
2024-12-31,173.7796630859375,183.41000366210938,184.0500030517578,181.19000244140625,182.9499969482422,2115500
2025-01-02,171.52462768554688,181.02999877929688,184.69000244140625,180.57000732421875,184.08999633789062,3142800
2025-01-03,172.9742889404297,182.55999755859375,183.72999572753906,180.11000061035156,181.25,1817300
2025-01-06,170.79505920410156,180.25999450683594,183.47999572753906,179.8699951171875,181.57000732421875,2262400
2025-01-07,167.8673095703125,177.1699981689453,180.9600067138672,176.89999389648438,180.1300048828125,2096000
2025-01-08,169.78126525878906,179.19000244140625,179.32000732421875,174.77999877929688,176.5500030517578,2048300
2025-01-10,164.3521270751953,173.4600067138672,176.52000427246094,172.50999450683594,173.55999755859375,3539200
2025-01-13,167.64939880371094,176.94000244140625,177.1999969482422,173.77999877929688,174.66000366210938,2409800
2025-01-14,169.41172790527344,178.8000030517578,180.3000030517578,176.25999450683594,176.8800048828125,2124300
2025-01-15,170.85189819335938,180.32000732421875,185.3000030517578,180.07000732421875,184.0500030517578,2230700
2025-01-16,180.0899658203125,190.07000732421875,190.52999877929688,180.41000366210938,181.0,3544800
2025-01-17,180.3931884765625,190.38999938964844,191.75,189.42999267578125,190.75999450683594,2882500
2025-01-21,179.9573211669922,189.92999267578125,193.77000427246094,189.3300018310547,191.30999755859375,2460800
2025-01-22,175.5609588623047,185.2899932861328,188.97000122070312,183.64999389648438,188.4600067138672,2753700
2025-01-23,176.6031951904297,186.38999938964844,186.6199951171875,183.36000061035156,185.7899932861328,1684000
2025-01-24,175.3619842529297,185.0800018310547,186.9499969482422,184.88999938964844,186.0,1218200
2025-01-27,181.95652770996094,192.0399932861328,192.85000610351562,187.97000122070312,190.0,2862400
2025-01-28,177.11483764648438,186.92999267578125,191.30999755859375,186.1699981689453,190.22000122070312,1997200
2025-01-29,173.98812866210938,183.6300048828125,187.7899932861328,183.1199951171875,186.83999633789062,1735100
2025-01-30,176.06314086914062,185.82000732421875,187.30999755859375,184.0500030517578,186.22999572753906,1457000
2025-01-31,175.2388153076172,184.9499969482422,187.6300048828125,184.33999633789062,185.27999877929688,1570200
2025-02-03,175.6367645263672,185.3699951171875,186.5,182.14999389648438,184.82000732421875,1832100
2025-02-04,174.4618682861328,184.1300048828125,184.8300018310547,182.13999938964844,183.77000427246094,1450200
2025-02-05,177.61703491210938,187.4600067138672,188.22000122070312,184.82000732421875,186.80999755859375,1869700
2025-02-06,179.78677368164062,189.75,189.8699951171875,186.72000122070312,188.30999755859375,1407000
2025-02-07,178.924560546875,188.83999633789062,189.77999877929688,186.69000244140625,189.77999877929688,1588200
2025-02-10,179.90994262695312,189.8800048828125,190.08999633789062,187.22999572753906,189.57000732421875,1957900
2025-02-11,183.26406860351562,193.4199981689453,193.5,189.0,189.17999267578125,1825700
2025-02-12,179.56884765625,189.52000427246094,190.50999450683594,187.07000732421875,189.39999389648438,1766400
2025-02-13,180.01416015625,189.99000549316406,190.75,189.13999938964844,189.91000366210938,1855000
2025-02-14,179.43621826171875,189.3800048828125,193.5500030517578,189.11000061035156,190.64999389648438,1776000
2025-02-18,179.59727478027344,189.5500030517578,190.64999389648438,188.17999267578125,188.55999755859375,2301200
2025-02-19,178.65927124023438,188.55999755859375,190.83999633789062,188.35000610351562,189.39999389648438,2470000
2025-02-20,182.27870178222656,192.3800048828125,192.97000122070312,187.02000427246094,188.52000427246094,2848500
2025-02-21,181.49227905273438,191.5500030517578,193.0,190.52999877929688,192.30999755859375,3304300
2025-02-24,181.91864013671875,192.0,193.6300048828125,189.4499969482422,190.6999969482422,2393200
2025-02-25,193.05166625976562,203.75,206.27000427246094,195.02000427246094,197.50999450683594,5179700
2025-02-26,190.19024658203125,200.72999572753906,205.39999389648438,199.58999633789062,204.58999633789062,2512100
2025-02-27,193.26011657714844,203.97000122070312,204.1699981689453,199.3300018310547,200.0500030517578,2553100
2025-02-28,194.823486328125,205.6199951171875,206.33999633789062,202.61000061035156,205.0,3466800
2025-03-03,198.60398864746094,209.61000061035156,210.2899932861328,204.99000549316406,205.0,2229700
2025-03-04,196.24473571777344,207.1199951171875,215.14999389648438,206.94000244140625,211.75,4031300
2025-03-05,197.73228454589844,208.69000244140625,209.57000732421875,202.7100067138672,204.39999389648438,1969800
2025-03-06,196.06471252441406,206.92999267578125,209.02000427246094,204.27999877929688,208.3699951171875,2416200
2025-03-07,201.1432647705078,212.2899932861328,212.99000549316406,206.88999938964844,208.0,3599400
2025-03-10,201.88232421875,213.07000732421875,217.32000732421875,212.30999755859375,213.49000549316406,4156600
2025-03-11,198.7650604248047,209.77999877929688,214.60000610351562,209.22000122070312,213.11000061035156,2698100
2025-03-12,195.83731079101562,206.69000244140625,208.8300018310547,205.19000244140625,208.00999450683594,2519800
2025-03-13,196.860595703125,207.77000427246094,209.0,205.00999450683594,206.94000244140625,2691100
2025-03-14,199.8546600341797,210.92999267578125,211.22999572753906,205.97999572753906,207.77000427246094,3789000
2025-03-17,201.5222625732422,212.69000244140625,216.3300018310547,211.35000610351562,212.1999969482422,3097600
2025-03-18,203.58779907226562,214.8699951171875,216.2899932861328,211.3699951171875,212.69000244140625,3996500
2025-03-19,202.53607177734375,213.75999450683594,215.6199951171875,211.63999938964844,214.25999450683594,2244200
2025-03-20,203.01931762695312,214.27000427246094,215.1300048828125,212.66000366210938,214.89999389648438,1839300
2025-03-21,204.8763885498047,216.22999572753906,219.61000061035156,212.63999938964844,213.86000061035156,6326100
2025-03-24,201.62648010253906,212.8000030517578,217.00999450683594,212.41000366210938,213.91000366210938,2879900
2025-03-25,198.499755859375,209.5,212.5800018310547,208.1999969482422,212.02000427246094,2646600
2025-03-26,198.99246215820312,210.02000427246094,211.5500030517578,207.64999389648438,209.5,1607400
2025-03-27,202.80137634277344,214.0399932861328,215.0500030517578,209.66000366210938,211.07000732421875,2458400
2025-03-28,204.24156188964844,215.55999755859375,215.82000732421875,213.36000061035156,215.63999938964844,1907500
2025-03-31,206.1744384765625,217.60000610351562,219.3699951171875,215.72000122070312,216.5500030517578,3281300
2025-04-01,207.91783142089844,219.44000244140625,220.6999969482422,217.60000610351562,220.0800018310547,2124800
2025-04-02,206.45870971679688,217.89999389648438,220.47999572753906,216.2899932861328,219.8800048828125,2794100
2025-04-03,216.20840454101562,228.19000244140625,231.02999877929688,220.0,225.0,5852900
2025-04-04,208.6094970703125,220.1699981689453,233.8000030517578,220.02999877929688,233.14999389648438,9877200
2025-04-07,202.18551635742188,213.38999938964844,221.91000366210938,211.63999938964844,217.35000610351562,5082200
2025-04-08,193.91390991210938,204.66000366210938,216.69000244140625,202.00999450683594,215.08999633789062,5455000
2025-04-09,196.5858154296875,207.47999572753906,211.94000244140625,197.5,202.11000061035156,5646900
2025-04-10,197.3817138671875,208.32000732421875,213.1699981689453,203.5,207.75,3565200
2025-04-11,203.68663024902344,213.22000122070312,213.75,205.14999389648438,206.52000427246094,2555400
2025-04-14,208.05227661132812,217.7899932861328,218.8300018310547,211.16000366210938,213.0,2080600
2025-04-15,208.262451171875,218.00999450683594,220.82000732421875,216.02000427246094,219.27999877929688,3854900
2025-04-16,208.25291442871094,218.0,220.5399932861328,216.50999450683594,220.3000030517578,3376800
2025-04-17,212.70457458496094,222.66000366210938,224.36000061035156,218.25999450683594,218.94000244140625,2599000
2025-04-21,208.24334716796875,217.99000549316406,223.5500030517578,215.1300048828125,221.3300018310547,2781000
2025-04-22,211.09011840820312,220.97000122070312,222.22000122070312,217.8300018310547,219.77999877929688,2747400
2025-04-23,203.0943603515625,212.60000610351562,219.9199981689453,209.3699951171875,219.77000427246094,7046000
2025-04-24,201.4799041748047,210.91000366210938,215.27999877929688,210.75999450683594,214.3300018310547,2885500
2025-04-25,201.3939208984375,210.82000732421875,211.7899932861328,208.4499969482422,211.47999572753906,2464500
2025-04-28,201.85247802734375,211.3000030517578,213.60000610351562,209.36000061035156,210.4499969482422,3390200
2025-04-29,211.4340057373047,221.3300018310547,221.77000427246094,210.36000061035156,211.63999938964844,3174900
2025-04-30,215.33160400390625,225.41000366210938,226.08999633789062,220.58999633789062,221.36000061035156,3491100
2025-05-01,214.0133056640625,224.02999877929688,225.83999633789062,223.07000732421875,224.8699951171875,2253000
2025-05-02,213.60252380371094,223.60000610351562,225.97999572753906,221.19000244140625,225.52999877929688,2732600
2025-05-05,213.8604736328125,223.8699951171875,226.02000427246094,222.4499969482422,225.10000610351562,1832900
2025-05-06,213.80311584472656,223.80999755859375,225.6199951171875,222.36000061035156,224.30999755859375,1637100
2025-05-07,209.67630004882812,219.49000549316406,224.9600067138672,219.27000427246094,222.5800018310547,3571500
2025-05-08,208.13827514648438,217.8800048828125,219.89999389648438,217.5500030517578,218.94000244140625,3007500
2025-05-09,210.1348419189453,219.97000122070312,220.58999633789062,216.5800018310547,217.07000732421875,2499800
2025-05-12,198.62359619140625,207.9199981689453,217.44000244140625,206.9199981689453,217.44000244140625,4450800
2025-05-13,194.8406524658203,203.9600067138672,208.5,201.72000122070312,208.5,4525300
2025-05-14,195.3565216064453,204.5,205.19000244140625,201.00999450683594,202.89999389648438,4060300
2025-05-15,202.21546936035156,211.67999267578125,211.77000427246094,205.0,206.24000549316406,3115600
2025-05-16,203.8394775390625,213.3800048828125,213.4600067138672,211.39999389648438,212.9600067138672,2812700
2025-05-19,205.51121520996094,215.1300048828125,215.5,211.9499969482422,213.63999938964844,1733400
2025-05-20,205.76914978027344,215.39999389648438,215.86000061035156,213.4199981689453,213.50999450683594,1755900
2025-05-21,204.17379760742188,213.72999572753906,216.55999755859375,213.4600067138672,215.63999938964844,2231500
2025-05-22,200.8685302734375,210.27000427246094,215.66000366210938,209.07000732421875,214.42999267578125,1969800
2025-05-23,202.38742065429688,211.86000061035156,213.52999877929688,210.55999755859375,213.1199951171875,1573200
2025-05-27,204.14515686035156,213.6999969482422,214.99000549316406,211.02000427246094,211.02000427246094,1867000
2025-05-28,202.9606170654297,212.4600067138672,213.10000610351562,210.72999572753906,213.0,1787600
2025-05-29,204.1547088623047,213.7100067138672,214.10000610351562,210.64999389648438,211.66000366210938,1790600
2025-05-30,205.0526885986328,214.64999389648438,215.3699951171875,212.32000732421875,213.1199951171875,5861500
2025-06-02,204.53680419921875,214.11000061035156,214.44000244140625,210.89999389648438,213.3800048828125,2142600
2025-06-03,203.84902954101562,213.38999938964844,214.3800048828125,211.72999572753906,213.14999389648438,2035500
2025-06-04,204.77566528320312,214.36000061035156,216.47000122070312,212.19000244140625,213.25,1579000
2025-06-05,206.552490234375,216.22000122070312,217.19000244140625,214.07000732421875,215.1300048828125,2526800
2025-06-06,203.03700256347656,212.5399932861328,216.1300048828125,212.08999633789062,215.32000732421875,2516300
2025-06-09,203.31407165527344,212.8300018310547,213.92999267578125,210.3800048828125,212.11000061035156,1777800
2025-06-10,205.01446533203125,214.61000061035156,215.39999389648438,212.72999572753906,213.94000244140625,1625000
2025-06-11,204.77566528320312,214.36000061035156,215.7100067138672,212.94000244140625,214.61000061035156,1577900
2025-06-12,207.96630859375,217.6999969482422,217.77000427246094,214.5500030517578,215.77999877929688,1738000
2025-06-13,206.8109588623047,214.8000030517578,217.36000061035156,214.07000732421875,215.5,2455600
2025-06-16,206.9842529296875,214.97999572753906,217.32000732421875,213.0,213.0,2424500
2025-06-17,207.1383056640625,215.13999938964844,215.75999450683594,212.77999877929688,215.1199951171875,1659500
2025-06-18,207.4656524658203,215.47999572753906,216.66000366210938,213.58999633789062,215.61000061035156,1665700
2025-06-20,209.39126586914062,217.47999572753906,218.85000610351562,214.3000030517578,215.13999938964844,4018600
2025-06-23,213.38693237304688,221.6300048828125,222.61000061035156,217.5500030517578,218.64999389648438,2618000
2025-06-24,215.58212280273438,223.91000366210938,225.02999877929688,219.0,220.8699951171875,2219000
2025-06-25,212.0293731689453,220.22000122070312,222.8300018310547,219.50999450683594,221.74000549316406,1727300
2025-06-26,209.42979431152344,217.52000427246094,221.5800018310547,215.82000732421875,220.7899932861328,2040100
2025-06-27,209.6801300048828,217.77999877929688,219.8800048828125,215.8699951171875,216.3000030517578,2086300
2025-06-30,212.79962158203125,221.02000427246094,221.1300048828125,215.25999450683594,217.38999938964844,2071800
2025-07-01,216.1212921142578,224.47000122070312,225.25999450683594,220.6199951171875,220.89999389648438,2567600
2025-07-02,214.5422821044922,222.8300018310547,224.9600067138672,222.5399932861328,222.82000732421875,1937900
2025-07-03,213.50244140625,221.75,223.16000366210938,217.89999389648438,222.47999572753906,1369100
2025-07-07,211.83680725097656,220.02000427246094,222.97999572753906,218.0500030517578,222.3000030517578,1894900
2025-07-08,212.49151611328125,220.6999969482422,221.16000366210938,217.6300048828125,218.02000427246094,2022600
2025-07-09,213.57948303222656,221.8300018310547,222.0,217.3699951171875,219.7100067138672,1712900
2025-07-10,212.78997802734375,221.00999450683594,223.67999267578125,220.1999969482422,220.49000549316406,1459200
2025-07-11,211.0858154296875,219.24000549316406,221.41000366210938,217.50999450683594,220.0800018310547,1358500
2025-07-14,213.53135681152344,221.77999877929688,222.3000030517578,218.8699951171875,218.9499969482422,1475900
2025-07-15,210.77772521972656,218.9199981689453,221.3000030517578,217.97999572753906,221.25,1754200
2025-07-16,215.05258178710938,223.36000061035156,223.44000244140625,219.10000610351562,219.66000366210938,2426500
2025-07-17,214.74447631835938,223.0399932861328,224.27999877929688,221.8300018310547,222.80999755859375,1522400
2025-07-18,216.41014099121094,224.77000427246094,225.77000427246094,223.1699981689453,223.4199981689453,1253800
2025-07-21,218.07579040527344,226.5,227.75,225.36000061035156,226.0,1458800
2025-07-22,223.70822143554688,232.35000610351562,232.5500030517578,227.9600067138672,229.58999633789062,2274400
2025-07-23,221.61892700195312,230.17999267578125,232.47000122070312,229.58999633789062,230.94000244140625,1839700
2025-07-24,222.63949584960938,231.24000549316406,234.3300018310547,228.47999572753906,230.72000122070312,2034700
2025-07-25,221.32044982910156,229.8699951171875,231.5500030517578,228.25,230.6199951171875,1031300
2025-07-28,215.8709716796875,224.2100067138672,229.07000732421875,223.35000610351562,227.72000122070312,2176300
2025-07-29,206.7243194580078,214.7100067138672,219.0,211.8000030517578,219.0,3704000
2025-07-30,200.97634887695312,208.74000549316406,215.0800018310547,207.66000366210938,211.55999755859375,3693300
2025-07-31,200.6393585205078,208.38999938964844,209.60000610351562,205.7100067138672,207.22000122070312,2774000
2025-08-01,204.2113800048828,212.10000610351562,217.38999938964844,211.1300048828125,211.41000366210938,3232200
2025-08-04,205.0586395263672,212.97999572753906,214.33999633789062,211.0,211.36000061035156,2804500
2025-08-05,202.2376251220703,210.0500030517578,212.7899932861328,207.77999877929688,212.25999450683594,1854800
2025-08-06,201.13038635253906,208.89999389648438,211.5800018310547,208.5,210.5,1634100
2025-08-07,202.19911193847656,210.00999450683594,211.07000732421875,208.0,208.9199981689453,2025800
2025-08-08,198.8292694091797,206.50999450683594,210.88999938964844,205.80999755859375,210.3300018310547,1727500
2025-08-11,198.415283203125,206.0800018310547,207.8800048828125,204.85000610351562,205.92999267578125,2339200
2025-08-12,197.00958251953125,204.6199951171875,206.77999877929688,203.22000122070312,206.14999389648438,1757100
2025-08-13,196.55703735351562,204.14999389648438,205.30999755859375,202.9499969482422,204.8800048828125,2717800
2025-08-14,195.89273071289062,203.4600067138672,204.19000244140625,200.7899932861328,203.1999969482422,2636900
2025-08-15,198.45379638671875,206.1199951171875,208.2100067138672,203.19000244140625,204.19000244140625,2640400
2025-08-18,195.5749969482422,203.1300048828125,207.02000427246094,202.66000366210938,206.60000610351562,3227700
2025-08-19,198.9640655517578,206.64999389648438,206.8300018310547,203.22999572753906,203.5399932861328,1669400
2025-08-20,201.70806884765625,209.5,211.13999938964844,207.67999267578125,208.49000549316406,2217500
2025-08-21,201.9295196533203,209.72999572753906,211.0,208.3699951171875,208.3699951171875,1483300
2025-08-22,203.9995574951172,211.8800048828125,214.7899932861328,210.25,210.89999389648438,2343000
2025-08-25,203.267822265625,211.1199951171875,211.9199981689453,209.91000366210938,211.0,1238900
2025-08-26,199.7343292236328,207.4499969482422,209.10000610351562,204.5500030517578,209.10000610351562,3538700
2025-08-27,195.7097930908203,203.27000427246094,208.02999877929688,203.2100067138672,207.75,3083500
2025-08-28,195.02618408203125,202.55999755859375,204.44000244140625,201.7100067138672,203.25999450683594,2978200
2025-08-29,196.26821899414062,203.85000610351562,203.86000061035156,201.67999267578125,203.0,2618100
2025-09-02,193.033203125,200.49000549316406,205.22000122070312,198.75,202.60000610351562,2601200
2025-09-03,188.96051025390625,196.25999450683594,202.8000030517578,195.1999969482422,201.49000549316406,3630500
2025-09-04,187.8340301513672,195.08999633789062,198.19000244140625,193.0500030517578,197.9199981689453,3523700
2025-09-05,190.94390869140625,198.32000732421875,199.39999389648438,196.27999877929688,197.07000732421875,4126100
2025-09-08,186.43795776367188,193.63999938964844,195.47000122070312,189.00999450683594,194.3800048828125,5376600
2025-09-09,187.36224365234375,194.60000610351562,194.77999877929688,192.0,193.92999267578125,3383900
2025-09-10,186.55348205566406,193.75999450683594,195.75,193.32000732421875,194.00999450683594,2539100
2025-09-11,189.23971557617188,196.5500030517578,197.08999633789062,193.07000732421875,194.32000732421875,2277400
2025-09-12,187.82440185546875,195.0800018310547,196.5500030517578,194.58999633789062,195.75,3096400
2025-09-15,185.34034729003906,192.5,196.72999572753906,188.5500030517578,196.05999755859375,3883400
2025-09-16,187.48741149902344,194.72999572753906,195.14999389648438,191.47999572753906,192.0,3253800
2025-09-17,189.88479614257812,197.22000122070312,199.1300048828125,194.42999267578125,194.9600067138672,3041900
2025-09-18,185.85064697265625,193.02999877929688,196.4600067138672,192.22999572753906,195.22999572753906,2368700
2025-09-19,186.12022399902344,193.30999755859375,194.63999938964844,192.08999633789062,193.5500030517578,5329500
2025-09-22,186.0239715576172,193.2100067138672,196.5399932861328,191.9499969482422,194.2899932861328,3471300
2025-09-23,187.0541534423828,194.27999877929688,194.75,192.72000122070312,193.4199981689453,2774700
2025-09-24,185.75436401367188,192.92999267578125,195.55999755859375,192.5500030517578,193.74000549316406,2963500
2025-09-25,186.50535583496094,193.7100067138672,197.41000366210938,193.13999938964844,194.42999267578125,3022700
2025-09-26,187.0445098876953,194.27000427246094,195.4499969482422,193.3800048828125,194.3300018310547,2608300
2025-09-29,187.31410217285156,194.5500030517578,195.5,192.30999755859375,194.55999755859375,3314300
2025-09-30,186.79933166503906,192.32000732421875,193.8000030517578,191.1300048828125,192.88999938964844,3426900
2025-10-01,187.77061462402344,193.32000732421875,194.5,192.11000061035156,192.27999877929688,2960500
2025-10-02,185.6823272705078,191.1699981689453,193.2100067138672,188.8800048828125,190.9499969482422,2822300
2025-10-03,184.74989318847656,190.2100067138672,192.41000366210938,189.4600067138672,191.0,2863100
2025-10-06,180.2430877685547,185.57000732421875,189.4499969482422,185.3300018310547,189.4499969482422,2968100
2025-10-07,181.60289001464844,186.97000122070312,186.99000549316406,183.9499969482422,186.25999450683594,2741700
2025-10-08,180.26251220703125,185.58999633789062,188.88999938964844,183.77000427246094,186.7100067138672,3329700
2025-10-09,180.00027465820312,185.32000732421875,186.50999450683594,183.99000549316406,186.3000030517578,2211000
2025-10-10,181.32122802734375,186.67999267578125,187.99000549316406,184.00999450683594,186.77000427246094,3154400
2025-10-13,177.9411163330078,183.1999969482422,186.07000732421875,182.5,184.36000061035156,3242800
2025-10-14,181.15609741210938,186.50999450683594,186.52000427246094,183.1300048828125,183.80999755859375,4174900
2025-10-15,184.57505798339844,190.02999877929688,190.19000244140625,185.75999450683594,185.9199981689453,3353900
2025-10-16,185.97372436523438,191.47000122070312,194.0800018310547,190.24000549316406,190.57000732421875,3394700
2025-10-17,185.7988739013672,191.2899932861328,192.50999450683594,188.16000366210938,192.0800018310547,1981400
2025-10-20,187.53750610351562,193.0800018310547,193.1199951171875,190.6199951171875,191.9499969482422,1782100
2025-10-21,186.84786987304688,192.3699951171875,194.39999389648438,190.85000610351562,192.14999389648438,1749500
2025-10-22,185.70176696777344,191.19000244140625,193.42999267578125,190.8699951171875,192.02999877929688,1535700
2025-10-23,184.83731079101562,190.3000030517578,192.22000122070312,187.47000122070312,191.27000427246094,2279900
2025-10-24,186.0222930908203,191.52000427246094,192.72999572753906,189.97000122070312,191.30999755859375,1721800
2025-10-27,184.28366088867188,189.72999572753906,191.08999633789062,188.74000549316406,190.0,2979100
2025-10-28,177.4748992919922,182.72000122070312,186.33999633789062,177.49000549316406,185.94000244140625,6047500
2025-10-29,173.93939208984375,179.0800018310547,183.9199981689453,178.75,182.6699981689453,4501500
2025-10-30,174.29876708984375,179.4499969482422,182.5800018310547,178.47000122070312,180.25,2954900
2025-10-31,173.84225463867188,178.97999572753906,180.05999755859375,176.88999938964844,177.1300048828125,2604700
2025-11-03,171.56942749023438,176.63999938964844,178.02000427246094,175.0,177.75,3481700
2025-11-04,175.17294311523438,180.35000610351562,180.77000427246094,177.44000244140625,178.64999389648438,2663800
2025-11-05,174.2793426513672,179.42999267578125,182.02999877929688,178.72000122070312,180.60000610351562,2330500
2025-11-06,172.97779846191406,178.08999633789062,182.11000061035156,177.85000610351562,178.8800048828125,1960500
2025-11-07,172.84181213378906,177.9499969482422,178.47999572753906,175.3800048828125,177.75,4255800
2025-11-10,174.56101989746094,179.72000122070312,180.97000122070312,176.0,176.24000549316406,2911100
2025-11-11,179.48545837402344,184.7899932861328,184.9600067138672,180.80999755859375,181.47999572753906,2429500
2025-11-12,178.08682250976562,183.35000610351562,185.3800048828125,181.92999267578125,184.0,2947600
2025-11-13,175.9305419921875,181.1300048828125,184.24000549316406,180.85000610351562,183.02000427246094,3072000
2025-11-14,178.31991577148438,183.58999633789062,184.39999389648438,179.61000061035156,182.85000610351562,3807200
2025-11-17,175.28948974609375,180.47000122070312,184.6999969482422,179.9600067138672,183.69000244140625,3253600
2025-11-18,176.3385009765625,181.5500030517578,182.36000061035156,178.94000244140625,180.0,3436500
2025-11-19,175.31863403320312,180.5,182.36000061035156,178.9199981689453,181.5399932861328,2673200
2025-11-20,173.9782257080078,179.1199951171875,180.66000366210938,178.00999450683594,180.5,3094500
2025-11-21,174.4055938720703,179.55999755859375,181.99000549316406,179.00999450683594,180.3699951171875,2609900
2025-11-24,174.4153289794922,179.57000732421875,180.36000061035156,176.5800018310547,179.5800018310547,6032500
2025-11-25,174.599853515625,179.75999450683594,182.0,179.47000122070312,180.22999572753906,2005100
2025-11-26,176.03738403320312,181.24000549316406,182.3000030517578,178.5,180.02000427246094,1941700
2025-11-28,176.06651306152344,181.27000427246094,182.0500030517578,180.02000427246094,180.41000366210938,1088800
2025-12-01,171.21005249023438,176.27000427246094,179.10000610351562,174.91000366210938,178.5,3329600
2025-12-02,170.76324462890625,175.80999755859375,177.72999572753906,175.1999969482422,177.05999755859375,2467200
2025-12-03,171.1226348876953,176.17999267578125,176.77000427246094,174.35000610351562,176.02999877929688,2693000
2025-12-04,173.69654846191406,178.8300018310547,179.11000061035156,175.39999389648438,175.57000732421875,2804200
2025-12-05,173.7257080078125,178.86000061035156,180.3699951171875,178.10000610351562,178.82000732421875,2998000
2025-12-08,177.9411163330078,183.1999969482422,183.30999755859375,176.89999389648438,178.5399932861328,5804200
2025-12-09,174.39590454101562,179.5500030517578,184.61000061035156,179.35000610351562,183.1999969482422,3161100
2025-12-10,175.0854949951172,180.25999450683594,182.6300048828125,179.5500030517578,179.80999755859375,2500900
2025-12-11,176.493896484375,181.7100067138672,183.2100067138672,180.74000549316406,181.66000366210938,4370000
2025-12-12,175.5128631591797,180.6999969482422,183.16000366210938,180.32000732421875,182.1699981689453,5329400
2025-12-15,175.0854949951172,180.25999450683594,181.94000244140625,177.91000366210938,181.74000549316406,5020800
2025-12-16,173.98794555664062,179.1300048828125,180.97999572753906,178.6999969482422,180.27000427246094,3198300
2025-12-17,173.36631774902344,178.49000549316406,180.77000427246094,177.8000030517578,178.5399932861328,4084700
2025-12-18,169.28688049316406,174.2899932861328,179.36000061035156,174.19000244140625,178.60000610351562,3950800
2025-12-19,167.46084594726562,172.41000366210938,174.83999633789062,171.9499969482422,174.2100067138672,6033000
2025-12-22,167.577392578125,172.52999877929688,173.3699951171875,170.77000427246094,171.6300048828125,4154500
2025-12-23,169.5005645751953,174.50999450683594,174.5800018310547,172.1300048828125,172.9499969482422,3358100
2025-12-24,169.78225708007812,174.8000030517578,175.17999267578125,174.2899932861328,174.72000122070312,1040000
2025-12-26,171.34603881835938,176.41000366210938,176.6999969482422,174.5,174.5,1463200
2025-12-29,172.44447326660156,175.8300018310547,176.50999450683594,174.8800048828125,175.07000732421875,2177300
2025-12-30,173.3173370361328,176.72000122070312,176.85000610351562,175.0,175.6699981689453,1718900
2025-12-31,172.18946838378906,175.57000732421875,176.75999450683594,175.39999389648438,175.9199981689453,1680100
2026-01-02,171.43431091308594,174.8000030517578,175.80999755859375,173.1699981689453,175.25999450683594,1786500
2026-01-05,172.8563690185547,176.25,176.27000427246094,171.0399932861328,174.25999450683594,3433400
2026-01-06,172.43466186523438,175.82000732421875,177.8000030517578,174.77000427246094,175.3800048828125,2362300
2026-01-07,166.17750549316406,169.44000244140625,177.0,169.39999389648438,176.99000549316406,2756800
2026-01-08,167.0503692626953,170.3300018310547,171.32000732421875,168.33999633789062,168.57000732421875,2714700
2026-01-09,165.26541137695312,168.50999450683594,170.07000732421875,166.8800048828125,169.44000244140625,2359900
2026-01-12,168.22726440429688,171.52999877929688,172.8800048828125,169.39999389648438,169.39999389648438,2732700
2026-01-13,170.6104736328125,173.9600067138672,174.1199951171875,169.7100067138672,171.39999389648438,2870300
2026-01-14,174.06268310546875,177.47999572753906,180.61000061035156,174.25999450683594,174.47999572753906,3604700
2026-01-15,178.0543212890625,181.5500030517578,181.80999755859375,176.3699951171875,177.4499969482422,3868300
2026-01-16,180.0354461669922,183.57000732421875,184.1699981689453,178.64999389648438,179.67999267578125,4130800
2026-01-20,174.32749938964844,177.75,183.9600067138672,177.6300048828125,182.89999389648438,5038500
2026-01-21,174.73941040039062,178.1699981689453,179.67999267578125,176.69000244140625,178.99000549316406,2755700
2026-01-22,173.5428924560547,176.9499969482422,181.0800018310547,176.52000427246094,177.2899932861328,3741500
2026-01-23,175.30824279785156,178.75,179.6999969482422,175.14999389648438,176.3800048828125,2869700
2026-01-26,176.00457763671875,179.4600067138672,182.63999938964844,178.99000549316406,179.82000732421875,4304100
2026-01-27,176.6028289794922,180.07000732421875,181.36000061035156,177.0800018310547,178.58999633789062,2867000
2026-01-28,174.0921173095703,177.50999450683594,180.8800048828125,176.22999572753906,180.07000732421875,3437700
2026-01-29,177.84835815429688,181.33999633789062,181.88999938964844,176.80999755859375,177.50999450683594,3496100
2026-01-30,175.82803344726562,179.27999877929688,181.2100067138672,175.3000030517578,181.2100067138672,3504300
2026-02-02,170.35546875,173.6999969482422,179.82000732421875,173.58999633789062,178.97999572753906,2968500
2026-02-03,169.79644775390625,173.1300048828125,174.22999572753906,171.44000244140625,173.0399932861328,3147200
2026-02-04,173.15060424804688,176.5500030517578,177.9199981689453,172.3800048828125,174.1300048828125,4518900
2026-02-05,168.1880340576172,171.49000549316406,173.72000122070312,169.3000030517578,172.5800018310547,4730000
2026-02-06,167.97225952148438,171.27000427246094,173.60000610351562,168.67999267578125,172.77000427246094,3481800
2026-02-09,170.3652801513672,173.7100067138672,174.25999450683594,169.32000732421875,171.0500030517578,2507800
2026-02-10,175.07284545898438,178.50999450683594,179.6699981689453,173.58999633789062,174.35000610351562,2680700
2026-02-11,177.0049285888672,180.47999572753906,180.5399932861328,175.60000610351562,177.50999450683594,2089100
2026-02-12,184.56646728515625,188.19000244140625,190.33999633789062,181.85000610351562,182.47000122070312,4537000
2026-02-13,188.40118408203125,192.10000610351562,192.2100067138672,188.10000610351562,188.6699981689453,3413100
2026-02-17,189.37213134765625,193.08999633789062,193.6199951171875,189.92999267578125,192.5,3166000
2026-02-18,183.02670288085938,186.6199951171875,192.17999267578125,185.6300048828125,192.07000732421875,2636100
2026-02-19,181.23193359375,184.7899932861328,188.3800048828125,184.39999389648438,186.5800018310547,2257500
2026-02-20,183.7034149169922,187.30999755859375,187.4199981689453,183.41000366210938,186.0,2484100
2026-02-23,186.39065551757812,190.0500030517578,191.49000549316406,186.67999267578125,187.5,2966400
2026-02-24,186.52796936035156,190.19000244140625,195.4499969482422,187.02999877929688,188.14999389648438,3535100
2026-02-25,178.96641540527344,182.47999572753906,191.64999389648438,182.2899932861328,191.60000610351562,3406300
2026-02-26,181.44769287109375,185.00999450683594,187.38999938964844,181.17999267578125,183.1699981689453,2918200
2026-02-27,188.1658172607422,191.86000061035156,191.97000122070312,184.67999267578125,186.16000366210938,4964400
2026-03-02,186.5377655029297,190.1999969482422,192.24000549316406,188.5399932861328,190.02000427246094,3390200
2026-03-03,186.58680725097656,190.25,191.17999267578125,186.25,187.52999877929688,2361100
2026-03-04,187.126220703125,190.8000030517578,190.99000549316406,187.22000122070312,188.50999450683594,2457200
2026-03-05,184.02706909179688,187.63999938964844,189.02999877929688,185.02999877929688,189.0,3430400
2026-03-06,184.95877075195312,188.58999633789062,190.14999389648438,185.86000061035156,187.88999938964844,2747300
2026-03-09,183.0463104248047,186.63999938964844,189.52999877929688,185.3000030517578,188.22999572753906,2800900
2026-03-10,182.53631591796875,186.1199951171875,187.99000549316406,184.52999877929688,186.5,3288700
2026-03-11,179.3292999267578,182.85000610351562,185.61000061035156,182.49000549316406,185.61000061035156,1587900
2026-03-12,176.39686584472656,179.86000061035156,184.17999267578125,179.60000610351562,181.05999755859375,3070400
2026-03-13,180.85926818847656,184.41000366210938,184.5399932861328,181.00999450683594,182.10000610351562,3194200
2026-03-16,181.1534881591797,184.7100067138672,186.2100067138672,184.14999389648438,185.72999572753906,2267300
2026-03-17,181.50656127929688,185.07000732421875,187.83999633789062,184.13999938964844,185.60000610351562,2728900
2026-03-18,177.2108917236328,180.69000244140625,184.1999969482422,180.1999969482422,183.13999938964844,3654800
2026-03-19,179.24102783203125,182.75999450683594,183.07000732421875,178.35000610351562,180.2899932861328,3615200
2026-03-20,173.38597106933594,176.7899932861328,185.72000122070312,175.60000610351562,184.02000427246094,6368000
2026-03-23,173.1015625,176.5,179.6300048828125,173.14999389648438,179.1999969482422,4363100
2026-03-24,167.0797882080078,170.36000061035156,176.3800048828125,170.10000610351562,175.49000549316406,4558300
2026-03-25,164.04928588867188,167.27000427246094,171.99000549316406,165.0800018310547,169.47999572753906,4107600
2026-03-26,165.66751098632812,168.9199981689453,169.07000732421875,165.75,167.2899932861328,2890300
2026-03-27,166.25596618652344,169.52000427246094,171.66000366210938,167.97000122070312,168.7899932861328,2468500
2026-03-30,167.0797882080078,170.36000061035156,173.02999877929688,169.77999877929688,171.5399932861328,3106500
2026-03-31,169.25704956054688,172.5800018310547,173.11000061035156,170.47999572753906,172.6300048828125,4425800
2026-04-01,167.72708129882812,171.02000427246094,173.91000366210938,169.7899932861328,172.6699981689453,2311000
2026-04-02,170.3848876953125,173.72999572753906,176.47000122070312,170.33999633789062,171.49000549316406,4241600
2026-04-06,172.7484893798828,176.13999938964844,177.22999572753906,171.72000122070312,172.74000549316406,2898900
2026-04-07,170.7281494140625,174.0800018310547,176.3800048828125,172.88999938964844,175.82000732421875,3617100
2026-04-08,172.7877197265625,176.17999267578125,177.1999969482422,173.72999572753906,175.0,3465200
2026-04-09,176.46551513671875,179.92999267578125,182.36000061035156,175.24000549316406,175.24000549316406,3273800
2026-04-10,175.8378448486328,179.2899932861328,181.5800018310547,178.30999755859375,180.5500030517578,3179700
2026-04-13,177.45606994628906,180.94000244140625,181.2100067138672,178.47999572753906,179.47999572753906,2597700
2026-04-14,174.74197387695312,176.41000366210938,178.83999633789062,173.0,178.44000244140625,2887200
2026-04-15,175.31649780273438,176.99000549316406,178.6999969482422,176.22000122070312,177.77000427246094,2129100
2026-04-16,176.91127014160156,178.60000610351562,178.63999938964844,176.5800018310547,177.1699981689453,1915900
2026-04-17,180.63571166992188,182.36000061035156,183.07000732421875,177.41000366210938,178.2899932861328,4708600
2026-04-20,179.9423370361328,181.66000366210938,183.42999267578125,180.5,181.3699951171875,2778700
2026-04-21,173.10757446289062,174.75999450683594,181.8800048828125,174.30999755859375,181.74000549316406,3564000
2026-04-22,174.64291381835938,176.30999755859375,178.19000244140625,174.82000732421875,176.92999267578125,2269500
2026-04-23,177.3173828125,179.00999450683594,179.2100067138672,176.3800048828125,177.5500030517578,2433900
2026-04-24,176.52496337890625,178.2100067138672,179.6199951171875,176.25999450683594,178.88999938964844,3065000
2026-04-27,173.64247131347656,175.3000030517578,178.89999389648438,174.6999969482422,178.63999938964844,3046500
2026-04-28,176.71315002441406,178.39999389648438,180.17999267578125,174.2899932861328,176.5,4484600
2026-04-29,176.50514221191406,178.19000244140625,179.22000122070312,176.58999633789062,177.5399932861328,2775000
2026-04-30,180.98240661621094,182.7100067138672,182.97999572753906,177.07000732421875,177.99000549316406,3006400
2026-05-01,179.89280700683594,181.61000061035156,184.11000061035156,180.8699951171875,183.77000427246094,1943200
2026-05-04,179.16970825195312,180.8800048828125,182.6300048828125,179.22999572753906,180.6699981689453,1625500
2026-05-05,176.43580627441406,178.1199951171875,180.67999267578125,176.7100067138672,180.0,2244200
2026-05-06,178.45652770996094,180.16000366210938,181.25,178.41000366210938,179.14999389648438,2116000
2026-05-07,178.07020568847656,179.77000427246094,180.97000122070312,178.42999267578125,179.5,2589500
2026-05-08,174.86083984375,176.52999877929688,179.8300018310547,176.11000061035156,179.8300018310547,3510200
2026-05-11,175.79196166992188,177.47000122070312,178.99000549316406,176.14999389648438,177.0500030517578,2456400
2026-05-12,177.1291961669922,178.82000732421875,180.50999450683594,174.52999877929688,174.58999633789062,3384000
2026-05-13,172.22598266601562,173.8699951171875,176.80999755859375,171.00999450683594,176.77000427246094,3271000
2026-05-14,168.8878631591797,170.5,175.3000030517578,170.19000244140625,174.6300048828125,2922200
2026-05-15,169.01663208007812,170.6300048828125,172.35000610351562,167.3699951171875,170.17999267578125,4632900
2026-05-18,175.60374450683594,177.27999877929688,177.77999877929688,170.6300048828125,170.88999938964844,3242300
2026-05-19,181.26966857910156,183.0,184.1199951171875,177.6999969482422,178.80999755859375,4659700
2026-05-20,182.280029296875,184.02000427246094,184.02000427246094,180.66000366210938,181.9600067138672,2812700
2026-05-21,182.0422821044922,183.77999877929688,184.83999633789062,181.99000549316406,183.1999969482422,2929200
2026-05-22,182.11163330078125,183.85000610351562,185.05999755859375,181.6199951171875,185.02000427246094,2069900
2026-05-26,183.2012176513672,184.9499969482422,186.99000549316406,182.97000122070312,183.7899932861328,2795400
2026-05-27,183.23094177246094,184.97999572753906,188.58999633789062,184.7100067138672,185.27999877929688,2741200
2026-05-28,184.91485595703125,186.67999267578125,188.3000030517578,184.00999450683594,185.55999755859375,2411200
2026-05-29,185.19223022460938,186.9600067138672,187.60000610351562,185.0,186.92999267578125,4326800
2026-06-01,185.7568359375,187.52999877929688,187.89999389648438,184.00999450683594,184.82000732421875,2479200
2026-06-02,183.77574157714844,185.52999877929688,187.3699951171875,183.07000732421875,187.32000732421875,2610600
2026-06-03,180.51686096191406,182.24000549316406,188.58999633789062,181.47000122070312,184.22000122070312,5585700
2026-06-04,192.07650756835938,193.91000366210938,194.97000122070312,185.0500030517578,187.1999969482422,4071300
2026-06-05,192.28451538085938,194.1199951171875,196.0800018310547,193.02000427246094,193.97999572753906,3060800
2026-06-08,187.31199645996094,189.10000610351562,193.47999572753906,188.8800048828125,193.0,2800200
2026-06-09,189.025634765625,190.8300018310547,193.92999267578125,188.72999572753906,189.16000366210938,2665700
2026-06-10,190.67984008789062,192.5,192.94000244140625,188.58999633789062,192.2899932861328,2179000
2026-06-11,187.52000427246094,189.30999755859375,192.94000244140625,188.0500030517578,192.10000610351562,3337500
2026-06-12,187.17999267578125,187.17999267578125,190.13999938964844,186.7899932861328,187.72999572753906,2985700
2026-06-15,185.75999450683594,185.75999450683594,188.02000427246094,183.69000244140625,186.1199951171875,3906300
2026-06-16,184.47000122070312,184.47000122070312,187.36000061035156,183.47000122070312,186.49000549316406,2682000
2026-06-17,181.08999633789062,181.08999633789062,183.85000610351562,180.7899932861328,182.63999938964844,2007900
2026-06-18,176.0500030517578,176.0500030517578,181.89999389648438,175.0,181.63999938964844,4453100
2026-06-22,176.42999267578125,176.42999267578125,178.42999267578125,173.99000549316406,175.72999572753906,3031800
2026-06-23,179.3800048828125,179.3800048828125,179.75,175.99000549316406,178.49000549316406,3507900
2026-06-24,174.4600067138672,174.4600067138672,180.47000122070312,173.33999633789062,179.89999389648438,4636500
2026-06-25,168.72000122070312,168.72000122070312,175.2899932861328,167.24000549316406,175.22999572753906,3382100
2026-06-26,175.58999633789062,175.58999633789062,176.61000061035156,171.13999938964844,172.3699951171875,7260600
2026-06-29,168.6699981689453,168.6699981689453,175.82000732421875,167.63999938964844,174.94000244140625,3600300
2026-06-30,163.57000732421875,163.57000732421875,168.60000610351562,162.39999389648438,167.69000244140625,5368900
2026-07-01,166.0800018310547,166.0800018310547,168.14999389648438,162.27000427246094,163.52999877929688,4626500
2026-07-02,166.02999877929688,166.02999877929688,169.6999969482422,165.44000244140625,167.16000366210938,3857600
2026-07-06,162.11000061035156,162.11000061035156,165.7899932861328,160.05999755859375,165.0,3989400
2026-07-07,165.25,165.25,166.4199981689453,163.92999267578125,164.22999572753906,2737000
2026-07-08,165.0399932861328,165.0399932861328,166.72999572753906,163.83999633789062,165.60000610351562,3625700
2026-07-09,165.0,165.0,166.07000732421875,163.66000366210938,164.0800018310547,3132600
2026-07-10,168.58999633789062,168.58999633789062,168.92999267578125,166.17999267578125,166.5,2458200
2026-07-13,169.5,169.5,170.89999389648438,168.97000122070312,170.0,2135300
2026-07-14,168.8300018310547,168.8300018310547,169.38999938964844,166.6999969482422,169.0,2200500
2026-07-15,168.6300048828125,168.6300048828125,171.3000030517578,167.77999877929688,168.1999969482422,2072300
2026-07-16,168.9199981689453,168.9199981689453,170.10000610351562,167.55999755859375,169.77999877929688,2375400
2026-07-17,170.05999755859375,170.05999755859375,172.67999267578125,168.89999389648438,171.94000244140625,2849600
2026-07-20,167.05999755859375,167.05999755859375,169.77000427246094,166.36000061035156,168.22999572753906,2570600
2026-07-21,163.38999938964844,163.38999938964844,166.61000061035156,163.07000732421875,165.30999755859375,2758700
2026-07-22,166.05999755859375,166.05999755859375,166.82000732421875,163.47000122070312,163.74000549316406,2702300
2026-07-23,164.64999389648438,164.64999389648438,168.22999572753906,163.58999633789062,166.17999267578125,3619800
2026-07-24,166.6699981689453,166.6699981689453,169.49000549316406,166.4199981689453,166.52999877929688,3343500
2026-07-27,166.74000549316406,166.74000549316406,168.22999572753906,165.5500030517578,166.4199981689453,3520800
2026-07-28,171.5,171.5,178.60000610351562,169.16000366210938,169.5399932861328,4395600
2026-07-29,179.25999450683594,179.25999450683594,180.3699951171875,172.58999633789062,174.9600067138672,5367700
2026-07-30,174.4600067138672,174.4600067138672,179.86000061035156,172.82000732421875,177.3000030517578,3697400
2026-07-31,173.36000061035156,173.36000061035156,174.1699981689453,170.9600067138672,172.69000244140625,4302400
2026-08-03,173.0,173.0,175.16000366210938,171.7899932861328,174.6699981689453,2505900
2026-08-04,175.25,175.25,175.5500030517578,169.02999877929688,170.5,2990800
2026-08-05,168.07000732421875,168.07000732421875,173.91000366210938,162.5,173.91000366210938,5294200
2026-08-06,171.1999969482422,171.1999969482422,172.3800048828125,167.38999938964844,169.69000244140625,2896000
2026-08-07,172.5399932861328,172.5399932861328,173.77000427246094,170.50999450683594,170.50999450683594,1560500
2026-08-10,169.11000061035156,169.11000061035156,171.6199951171875,168.72000122070312,171.25999450683594,1801100
2026-08-11,169.5500030517578,169.5500030517578,171.6199951171875,168.5,168.5,1584100
2026-08-12,170.42999267578125,170.42999267578125,172.38999938964844,168.92999267578125,169.22000122070312,1797300
2026-08-13,174.19000244140625,174.19000244140625,175.0,171.25,171.35000610351562,1357000
2026-08-14,175.5800018310547,175.5800018310547,176.58999633789062,173.77000427246094,174.25999450683594,1853100
2026-08-17,172.22999572753906,172.22999572753906,175.22000122070312,170.14999389648438,174.9199981689453,2678300
2026-08-18,172.3300018310547,172.3300018310547,175.3300018310547,172.25,174.86000061035156,1869100
2026-08-19,174.49000549316406,174.49000549316406,175.75999450683594,172.6199951171875,173.0,1435300
2026-08-20,175.72000122070312,175.72000122070312,177.91000366210938,174.9600067138672,177.0399932861328,1904200
2026-08-21,175.8000030517578,175.8000030517578,178.02000427246094,174.4199981689453,175.9600067138672,1746100
2026-08-24,178.38999938964844,178.38999938964844,178.86000061035156,175.89999389648438,176.4600067138672,1596500
2026-08-25,178.57000732421875,178.57000732421875,179.0,177.05999755859375,177.85000610351562,1401200
2026-08-26,175.72999572753906,175.72999572753906,180.97999572753906,175.35000610351562,180.0,2002200
2026-08-27,174.16000366210938,174.16000366210938,176.11000061035156,173.5,174.19000244140625,2204900
2026-08-28,176.22999572753906,176.22999572753906,177.32000732421875,174.22000122070312,174.5399932861328,1597100
2026-08-31,175.6999969482422,175.6999969482422,176.8699951171875,173.38999938964844,175.89999389648438,2858100
2026-09-01,176.02000427246094,176.02000427246094,178.24000549316406,174.6199951171875,175.89999389648438,2389200
2026-09-02,172.9199981689453,172.9199981689453,176.38999938964844,171.72999572753906,175.89999389648438,2579000
2026-09-03,177.75,177.75,179.0500030517578,174.88999938964844,174.92999267578125,1963000
2026-09-04,175.85000610351562,175.85000610351562,179.38999938964844,175.35000610351562,176.38999938964844,1931600
2026-09-08,175.72999572753906,175.72999572753906,179.19000244140625,174.22999572753906,178.33999633789062,2137600
2026-09-09,175.42999267578125,175.42999267578125,176.4499969482422,174.60000610351562,175.47999572753906,2048700
2026-09-10,172.59080505371094,172.59080505371094,176.84500122070312,172.56500244140625,176.17999267578125,669528
