Price,Adj Close,Close,High,Low,Open,Volume
Ticker,BMY,BMY,BMY,BMY,BMY,BMY
Date,,,,,,
2021-09-10,51.43938064575195,63.130001068115234,63.869998931884766,62.959999084472656,63.720001220703125,10017200
2021-09-13,51.20308303833008,62.84000015258789,63.5099983215332,62.560001373291016,63.470001220703125,9031500
2021-09-14,50.60826873779297,62.11000061035156,63.09000015258789,61.970001220703125,63.060001373291016,8009700
2021-09-15,50.51864242553711,62.0,62.470001220703125,61.810001373291016,61.97999954223633,7981400
2021-09-16,49.89122009277344,61.22999954223633,62.04999923706055,60.65999984741211,61.86000061035156,13621900
2021-09-17,49.9564208984375,61.310001373291016,61.41999816894531,60.36000061035156,60.5099983215332,20447900
2021-09-20,49.29641342163086,60.5,61.380001068115234,60.15999984741211,60.63999938964844,15426800
2021-09-21,49.15789794921875,60.33000183105469,61.130001068115234,60.310001373291016,60.540000915527344,10157700
2021-09-22,49.011226654052734,60.150001525878906,60.65999984741211,60.04999923706055,60.5,9661300
2021-09-23,49.40233612060547,60.630001068115234,61.34000015258789,60.220001220703125,60.400001525878906,9393700
2021-09-24,49.076419830322266,60.22999954223633,61.099998474121094,60.16999816894531,60.5,9541700
2021-09-27,48.758628845214844,59.84000015258789,60.720001220703125,59.790000915527344,60.11000061035156,8231800
2021-09-28,48.758628845214844,59.84000015258789,60.22999954223633,59.380001068115234,59.880001068115234,10812500
2021-09-29,49.39419174194336,60.619998931884766,60.939998626708984,59.900001525878906,59.900001525878906,9043300
2021-09-30,48.605587005615234,59.16999816894531,60.56999969482422,59.150001525878906,60.18000030517578,11995500
2021-10-01,48.884891510009766,59.5099983215332,59.7599983215332,58.650001525878906,59.369998931884766,11188000
2021-10-04,48.4084358215332,58.93000030517578,60.029998779296875,58.849998474121094,59.400001525878906,12532800
2021-10-05,48.589168548583984,59.150001525878906,59.68000030517578,58.83000183105469,58.86000061035156,11406200
2021-10-06,48.62202453613281,59.189998626708984,59.22999954223633,58.599998474121094,59.11000061035156,9283400
2021-10-07,48.474159240722656,59.0099983215332,59.349998474121094,58.369998931884766,58.75,13798200
2021-10-08,47.03661346435547,57.2599983215332,58.9900016784668,56.810001373291016,58.869998931884766,27249600
2021-10-11,47.16804122924805,57.41999816894531,57.77000045776367,57.0099983215332,57.31999969482422,10741400
2021-10-12,46.87232208251953,57.060001373291016,58.84000015258789,56.81999969482422,57.52000045776367,11736300
2021-10-13,46.88053512573242,57.06999969482422,57.38999938964844,56.65999984741211,57.060001373291016,9876200
2021-10-14,47.39805603027344,57.70000076293945,58.16999816894531,57.0099983215332,57.06999969482422,9027700
2021-10-15,47.940223693847656,58.36000061035156,58.689998626708984,57.90999984741211,58.11000061035156,9445300
2021-10-18,46.77375030517578,56.939998626708984,58.150001525878906,56.91999816894531,58.0099983215332,13320600
2021-10-19,47.30768585205078,57.59000015258789,57.63999938964844,57.02000045776367,57.18000030517578,9390200
2021-10-20,47.701995849609375,58.06999969482422,58.599998474121094,57.900001525878906,57.90999984741211,9010300
2021-10-21,47.48841857910156,57.810001373291016,58.099998474121094,57.369998931884766,58.09000015258789,7159000
2021-10-22,47.31590270996094,57.599998474121094,59.0,57.43000030517578,57.810001373291016,6884500
2021-10-25,47.48841857910156,57.810001373291016,58.15999984741211,57.52000045776367,57.720001220703125,9716100
2021-10-26,47.84164810180664,58.2400016784668,58.349998474121094,57.619998931884766,57.900001525878906,9984600
2021-10-27,46.404083251953125,56.4900016784668,58.41999816894531,56.11000061035156,58.349998474121094,18773700
2021-10-28,46.92982864379883,57.130001068115234,57.75,56.349998474121094,56.529998779296875,16380800
2021-10-29,47.97307586669922,58.400001525878906,58.56999969482422,57.13999938964844,57.25,17067000
2021-11-01,48.20308303833008,58.68000030517578,59.220001220703125,58.290000915527344,58.29999923706055,13216600
2021-11-02,48.16200637817383,58.630001068115234,59.630001068115234,58.290000915527344,58.779998779296875,13462700
2021-11-03,48.76166534423828,59.36000061035156,59.470001220703125,58.40999984741211,58.54999923706055,12305800
2021-11-04,48.67130661010742,59.25,59.689998626708984,58.61000061035156,59.439998626708984,9831000
2021-11-05,48.835601806640625,59.45000076293945,59.86000061035156,58.77000045776367,59.08000183105469,10625200
2021-11-08,48.80275344848633,59.40999984741211,60.20000076293945,59.060001373291016,59.79999923706055,10294200
2021-11-09,48.843807220458984,59.459999084472656,59.650001525878906,59.20000076293945,59.40999984741211,9128800
2021-11-10,48.786312103271484,59.38999938964844,59.95000076293945,59.29999923706055,59.29999923706055,11005200
2021-11-11,48.62202453613281,59.189998626708984,59.689998626708984,59.13999938964844,59.400001525878906,8148700
2021-11-12,48.81917190551758,59.43000030517578,59.70000076293945,58.7599983215332,58.81999969482422,9278300
2021-11-15,48.97524642944336,59.619998931884766,60.060001373291016,59.4900016784668,59.79999923706055,10543300
2021-11-16,48.548091888427734,59.099998474121094,59.939998626708984,58.849998474121094,59.5,9320300
2021-11-17,48.827392578125,59.439998626708984,59.75,58.349998474121094,59.0,12324500
2021-11-18,48.49879837036133,59.040000915527344,59.70000076293945,58.7400016784668,59.45000076293945,9815900
2021-11-19,47.50483703613281,57.83000183105469,59.41999816894531,57.79999923706055,59.130001068115234,13880200
2021-11-22,46.855892181396484,57.040000915527344,58.31999969482422,57.02000045776367,57.810001373291016,14185500
2021-11-23,47.19268035888672,57.45000076293945,57.959999084472656,57.20000076293945,57.290000915527344,14464200
2021-11-24,46.666954040527344,56.810001373291016,57.720001220703125,56.560001373291016,57.41999816894531,17685200
2021-11-26,46.43694305419922,56.529998779296875,56.72999954223633,55.81999969482422,56.310001373291016,15832300
2021-11-29,44.884395599365234,54.63999938964844,56.29999923706055,54.599998474121094,55.84000015258789,22025000
2021-11-30,44.054725646972656,53.630001068115234,54.349998474121094,53.220001220703125,54.15999984741211,25407200
2021-12-01,45.13905334472656,54.95000076293945,55.959999084472656,53.90999984741211,53.939998626708984,20198400
2021-12-02,45.51692199707031,55.40999984741211,55.880001068115234,54.66999816894531,54.9900016784668,17193700
2021-12-03,46.264442443847656,56.31999969482422,56.689998626708984,55.7599983215332,55.7599983215332,18445600
2021-12-06,46.683380126953125,56.83000183105469,57.540000915527344,56.45000076293945,56.52000045776367,18988000
2021-12-07,46.92982864379883,57.130001068115234,57.7599983215332,56.939998626708984,57.04999923706055,13037800
2021-12-08,47.31590270996094,57.599998474121094,57.880001068115234,57.150001525878906,57.38999938964844,11391700
2021-12-09,47.26662826538086,57.540000915527344,57.79999923706055,56.90999984741211,57.2400016784668,13622700
2021-12-10,46.297298431396484,56.36000061035156,57.79999923706055,56.11000061035156,57.61000061035156,14467200
2021-12-13,48.50701141357422,59.04999923706055,59.369998931884766,57.11000061035156,57.2599983215332,18908400
2021-12-14,48.884891510009766,59.5099983215332,60.43000030517578,58.599998474121094,58.79999923706055,21215300
2021-12-15,49.78849411010742,60.61000061035156,60.880001068115234,59.599998474121094,59.619998931884766,18498200
2021-12-16,51.0699577331543,62.16999816894531,62.66999816894531,60.790000915527344,61.0,17947200
2021-12-17,50.56888198852539,61.560001373291016,62.56999969482422,61.36000061035156,62.29999923706055,24453700
2021-12-20,50.700313568115234,61.720001220703125,62.040000915527344,60.880001068115234,61.439998626708984,10894300
2021-12-21,50.478519439697266,61.45000076293945,62.2400016784668,61.25,62.0,8669700
2021-12-22,51.012454986572266,62.099998474121094,62.279998779296875,60.93000030517578,61.36000061035156,15119700
2021-12-23,50.97138977050781,62.04999923706055,62.560001373291016,61.849998474121094,62.40999984741211,8077000
2021-12-27,51.16853713989258,62.290000915527344,62.349998474121094,61.77000045776367,62.09000015258789,9542600
2021-12-28,51.21782302856445,62.349998474121094,62.63999938964844,62.11000061035156,62.31999969482422,6002200
2021-12-29,51.16853713989258,62.290000915527344,62.4900016784668,62.029998779296875,62.189998626708984,4875400
2021-12-30,51.35746765136719,62.52000045776367,63.16999816894531,62.36000061035156,62.5,6248000
2021-12-31,51.21782302856445,62.349998474121094,62.9900016784668,62.349998474121094,62.61000061035156,6446200
2022-01-03,50.83174514770508,61.880001068115234,62.2400016784668,61.34000015258789,62.06999969482422,12359400
2022-01-04,51.03710174560547,62.130001068115234,62.310001373291016,61.06999969482422,61.5,11415200
2022-01-05,51.06174850463867,62.15999984741211,63.27000045776367,62.119998931884766,62.439998626708984,11074100
2022-01-06,50.94573211669922,61.47999954223633,61.790000915527344,60.86000061035156,61.720001220703125,8048900
2022-01-07,52.064414978027344,62.83000183105469,63.0099983215332,61.209999084472656,61.4900016784668,16670000
2022-01-10,53.94547653198242,65.0999984741211,65.31999969482422,62.7599983215332,62.79999923706055,27534100
2022-01-11,54.26036071777344,65.4800033569336,65.8499984741211,64.30999755859375,64.70999908447266,12999500
2022-01-12,53.71343994140625,64.81999969482422,65.36000061035156,64.37999725341797,64.86000061035156,10148200
2022-01-13,53.5311393737793,64.5999984741211,64.95999908447266,63.86000061035156,64.6500015258789,8201800
2022-01-14,53.804595947265625,64.93000030517578,64.98999786376953,64.25,64.27999877929688,10302000
2022-01-18,53.771453857421875,64.88999938964844,65.02999877929688,63.810001373291016,64.68000030517578,13301400
2022-01-19,53.630584716796875,64.72000122070312,65.33000183105469,64.41999816894531,64.86000061035156,12569200
2022-01-20,53.51457595825195,64.58000183105469,65.3499984741211,64.12999725341797,64.5199966430664,8523100
2022-01-21,52.652767181396484,63.540000915527344,64.91999816894531,63.290000915527344,64.73999786376953,13273200
2022-01-24,51.882110595703125,62.61000061035156,63.41999816894531,61.189998626708984,63.18000030517578,17667200
2022-01-25,51.75782012939453,62.459999084472656,62.810001373291016,61.45000076293945,62.2400016784668,16752800
2022-01-26,51.57550811767578,62.2400016784668,63.40999984741211,61.86000061035156,62.15999984741211,13664200
2022-01-27,52.917938232421875,63.86000061035156,64.5199966430664,62.349998474121094,62.5099983215332,16567900
2022-01-28,53.78802490234375,64.91000366210938,64.91999816894531,63.2400016784668,63.68000030517578,10848400
2022-01-31,53.771453857421875,64.88999938964844,65.0,64.38999938964844,64.58000183105469,12036600
2022-02-01,54.02004623413086,65.19000244140625,65.26000213623047,64.68000030517578,65.01000213623047,12055500
2022-02-02,53.696876525878906,64.80000305175781,64.9800033569336,64.02999877929688,64.8499984741211,12312300
2022-02-03,53.09196090698242,64.06999969482422,65.08000183105469,63.599998474121094,64.80000305175781,13946700
2022-02-04,53.85431671142578,64.98999786376953,65.44999694824219,62.900001525878906,63.150001525878906,13193700
2022-02-07,54.84870529174805,66.19000244140625,66.44999694824219,65.0,65.37999725341797,17538000
2022-02-08,54.60011291503906,65.88999938964844,66.29000091552734,65.5999984741211,66.25,13613900
2022-02-09,55.635929107666016,67.13999938964844,67.2699966430664,65.62000274658203,65.73999786376953,17159900
2022-02-10,55.11387634277344,66.51000213623047,67.0999984741211,66.16999816894531,66.87000274658203,21184400
2022-02-11,55.42047882080078,66.87999725341797,67.36000061035156,66.38999938964844,66.41999816894531,15613400
2022-02-14,55.36247253417969,66.80999755859375,67.0199966430664,65.81999969482422,66.87000274658203,14939400
2022-02-15,56.157981872558594,67.7699966430664,68.05999755859375,66.7300033569336,66.7300033569336,24972100
2022-02-16,56.017112731933594,67.5999984741211,68.38999938964844,67.44999694824219,67.7699966430664,14253300
2022-02-17,55.84307861328125,67.38999938964844,67.77999877929688,66.79000091552734,67.5,13456500
2022-02-18,55.975685119628906,67.55000305175781,67.91999816894531,67.18000030517578,67.37999725341797,12278900
2022-02-22,55.892818450927734,67.44999694824219,68.2699966430664,67.05000305175781,67.66999816894531,15771200
2022-02-23,56.290565490722656,67.93000030517578,68.29000091552734,67.45999908447266,67.9000015258789,15957700
2022-02-24,55.602783203125,67.0999984741211,67.16999816894531,66.19000244140625,66.48999786376953,18055400
2022-02-25,57.011505126953125,68.80000305175781,69.31999969482422,67.62999725341797,67.69000244140625,15719800
2022-02-28,56.90377426147461,68.66999816894531,68.69999694824219,67.29000091552734,67.69000244140625,22480200
2022-03-01,56.87062454223633,68.62999725341797,69.01000213623047,68.0199966430664,68.12000274658203,12418300
2022-03-02,57.05292892456055,68.8499984741211,69.25,68.51000213623047,68.76000213623047,13004700
2022-03-03,57.26839065551758,69.11000061035156,69.6500015258789,68.61000061035156,68.8499984741211,15730900
2022-03-04,57.475547790527344,69.36000061035156,69.54000091552734,68.23999786376953,68.26000213623047,13076200
2022-03-07,56.986629486083984,68.7699966430664,69.2300033569336,68.16999816894531,69.20999908447266,15714900
2022-03-08,56.133113861083984,67.73999786376953,68.41000366210938,67.33000183105469,67.93000030517578,19223500
2022-03-09,56.456295013427734,68.12999725341797,68.62000274658203,67.95999908447266,68.37999725341797,12430800
2022-03-10,56.69661331176758,68.41999816894531,68.7300033569336,67.70999908447266,67.7699966430664,12817400
2022-03-11,57.06949996948242,68.87000274658203,69.48999786376953,67.94000244140625,68.08999633789062,14023800
2022-03-14,57.376102447509766,69.23999786376953,69.94000244140625,68.75,68.93000030517578,17475600
2022-03-15,57.7987060546875,69.75,70.19000244140625,69.27999877929688,69.66999816894531,15977200
2022-03-16,57.72412109375,69.66000366210938,70.1500015258789,69.0199966430664,69.93000030517578,15734300
2022-03-17,58.436771392822266,70.5199966430664,70.70999908447266,69.27999877929688,69.69000244140625,17191500
2022-03-18,58.851112365722656,71.0199966430664,71.0199966430664,69.91999816894531,70.38999938964844,33020100
2022-03-21,58.87596893310547,71.05000305175781,72.05999755859375,70.5999984741211,71.4800033569336,18289000
2022-03-22,58.685367584228516,70.81999969482422,71.4000015258789,70.2699966430664,71.20999908447266,14242400
2022-03-23,59.14942169189453,71.37999725341797,71.51000213623047,70.63999938964844,70.98999786376953,13438700
2022-03-24,60.002933502197266,72.41000366210938,72.5999984741211,71.48999786376953,71.62000274658203,12981700
2022-03-25,60.7238655090332,73.27999877929688,73.45999908447266,72.44999694824219,72.5,12153100
2022-03-28,60.5830078125,73.11000061035156,73.73999786376953,72.70999908447266,73.19999694824219,10629100
2022-03-29,60.682437896728516,73.2300033569336,73.33999633789062,72.66000366210938,72.95999908447266,14833300
2022-03-30,61.08848190307617,73.72000122070312,74.06999969482422,73.22000122070312,73.5199966430664,12146600
2022-03-31,60.9632568359375,73.02999877929688,73.61000061035156,72.9800033569336,73.45999908447266,17143100
2022-04-01,61.62272644042969,73.81999969482422,73.93000030517578,73.0,73.19000244140625,12528600
2022-04-04,61.59769058227539,73.79000091552734,74.88999938964844,73.54000091552734,74.0,13542100
2022-04-05,62.131927490234375,74.43000030517578,74.98999786376953,73.55999755859375,73.76000213623047,12224900
2022-04-06,62.89156723022461,75.33999633789062,75.4800033569336,73.97000122070312,74.18000030517578,15420100
2022-04-07,64.49434661865234,77.26000213623047,77.27999877929688,75.30000305175781,75.37999725341797,20655600
2022-04-08,64.9200668334961,77.7699966430664,78.05999755859375,76.76000213623047,76.81999969482422,22333100
2022-04-11,63.85991287231445,76.5,78.12999725341797,76.47000122070312,77.69999694824219,15560700
2022-04-12,63.901649475097656,76.55000305175781,77.0199966430664,75.56999969482422,76.22000122070312,12596400
2022-04-13,64.16879272460938,76.87000274658203,77.13999938964844,76.44999694824219,76.7300033569336,9961000
2022-04-14,64.70301818847656,77.51000213623047,78.12000274658203,76.79000091552734,77.04000091552734,16730400
2022-04-18,64.06859588623047,76.75,77.2300033569336,76.36000061035156,77.1500015258789,13841900
2022-04-19,63.77644729614258,76.4000015258789,76.88999938964844,75.9800033569336,76.87999725341797,12875700
2022-04-20,64.51103973388672,77.27999877929688,77.69000244140625,76.04000091552734,76.20999908447266,9721100
2022-04-21,64.7447738647461,77.55999755859375,78.16999816894531,76.61000061035156,77.27999877929688,11110200
2022-04-22,63.233829498291016,75.75,77.29000091552734,75.68000030517578,76.91000366210938,15110700
2022-04-25,63.484275817871094,76.05000305175781,76.23999786376953,74.70999908447266,75.73999786376953,14944800
2022-04-26,63.10027313232422,75.58999633789062,76.94000244140625,75.55999755859375,75.9800033569336,11525600
2022-04-27,63.28392028808594,75.80999755859375,76.30000305175781,75.08999633789062,75.80000305175781,12603600
2022-04-28,64.44424438476562,77.19999694824219,77.75,76.22000122070312,76.7699966430664,21438800
2022-04-29,62.8331413269043,75.2699966430664,76.01000213623047,73.3499984741211,73.77999877929688,26446500
2022-05-02,62.674556732177734,75.08000183105469,75.97000122070312,74.33000183105469,75.37000274658203,20533700
2022-05-03,62.64950180053711,75.05000305175781,75.98999786376953,74.20999908447266,75.77999877929688,14951500
2022-05-04,63.7012939453125,76.30999755859375,76.63999938964844,74.80000305175781,75.01000213623047,17112500
2022-05-05,63.651222229003906,76.25,77.02999877929688,75.52999877929688,76.38999938964844,14788100
2022-05-06,64.00182342529297,76.66999816894531,76.8499984741211,75.76000213623047,76.12000274658203,15177800
2022-05-09,63.66790771484375,76.2699966430664,77.25,74.86000061035156,75.69000244140625,19130700
2022-05-10,63.68459701538086,76.29000091552734,77.0,75.62999725341797,76.81999969482422,15343400
2022-05-11,63.5677490234375,76.1500015258789,77.33000183105469,76.06999969482422,76.26000213623047,13678100
2022-05-12,63.69296646118164,76.30000305175781,76.33999633789062,74.86000061035156,76.08000183105469,16224500
2022-05-13,63.27556228637695,75.80000305175781,76.58999633789062,75.5199966430664,76.44000244140625,13773100
2022-05-16,64.20217895507812,76.91000366210938,77.25,76.08000183105469,76.29000091552734,13441100
2022-05-17,65.29572296142578,78.22000122070312,78.43000030517578,76.80000305175781,76.94000244140625,14509400
2022-05-18,64.29399108886719,77.0199966430664,78.47000122070312,76.83999633789062,78.2699966430664,15026200
2022-05-19,63.40913009643555,75.95999908447266,76.79000091552734,75.69000244140625,76.08999633789062,14858600
2022-05-20,63.60115432739258,76.19000244140625,77.1500015258789,75.33999633789062,76.5,17329700
2022-05-23,64.0268783569336,76.69999694824219,77.4800033569336,76.45999908447266,76.51000213623047,13539200
2022-05-24,64.38581085205078,77.12999725341797,77.72000122070312,76.41000366210938,76.69999694824219,13242500
2022-05-25,64.47765350341797,77.23999786376953,77.87000274658203,76.66000366210938,77.12999725341797,12508400
2022-05-26,64.76981353759766,77.58999633789062,78.61000061035156,77.31999969482422,78.11000061035156,12028800
2022-05-27,63.55939483642578,76.13999938964844,77.44999694824219,75.47000122070312,77.30999755859375,16315700
2022-05-31,62.9834098815918,75.44999694824219,75.9800033569336,73.66999816894531,75.08000183105469,28617100
2022-06-01,62.574371337890625,74.95999908447266,75.51000213623047,74.33999633789062,75.33999633789062,12280200
2022-06-02,62.66619873046875,75.06999969482422,75.5999984741211,73.62000274658203,75.5,12805100
2022-06-03,62.74966049194336,75.16999816894531,75.31999969482422,74.30000305175781,74.3499984741211,12188400
2022-06-06,62.81645202636719,75.25,75.62999725341797,74.69000244140625,75.44999694824219,11551100
2022-06-07,63.9350471496582,76.58999633789062,76.72000122070312,75.18000030517578,75.2699966430664,13994500
2022-06-08,63.59278106689453,76.18000030517578,76.81999969482422,75.91999816894531,76.5199966430664,7617300
2022-06-09,63.42584228515625,75.9800033569336,76.9800033569336,75.81999969482422,76.08999633789062,11760600
2022-06-10,62.68287658691406,75.08999633789062,75.72000122070312,74.87999725341797,75.4000015258789,10964700
2022-06-13,61.42239761352539,73.58000183105469,74.33000183105469,73.30000305175781,73.86000061035156,13636300
2022-06-14,60.82969665527344,72.87000274658203,73.79000091552734,72.38999938964844,73.54000091552734,14104200
2022-06-15,60.95490646362305,73.0199966430664,73.5999984741211,72.45999908447266,73.16000366210938,14264600
2022-06-16,60.62101364135742,72.62000274658203,72.80999755859375,71.70999908447266,72.47000122070312,14035300
2022-06-17,61.58098602294922,73.7699966430664,74.37000274658203,72.66999816894531,72.70999908447266,34761500
2022-06-21,63.834869384765625,76.47000122070312,77.02999877929688,74.5199966430664,75.0,15534300
2022-06-22,63.901649475097656,76.55000305175781,77.41999816894531,76.19999694824219,76.47000122070312,11129800
2022-06-23,64.85330200195312,77.69000244140625,77.76000213623047,76.55999755859375,76.55999755859375,12241200
2022-06-24,65.91346740722656,78.95999908447266,79.0,78.12000274658203,78.62000274658203,12372300
2022-06-27,66.7649154663086,79.9800033569336,80.58999633789062,79.0999984741211,79.2300033569336,10586900
2022-06-28,65.69639587402344,78.69999694824219,80.4000015258789,78.48999786376953,79.83999633789062,8869700
2022-06-29,65.3458023071289,78.27999877929688,79.16999816894531,77.98999786376953,78.69999694824219,8723600
2022-06-30,64.72378540039062,77.0,77.6500015258789,76.29000091552734,77.02999877929688,14219700
2022-07-01,64.58928680419922,76.83999633789062,76.9800033569336,75.7699966430664,76.9800033569336,10882700
2022-07-05,63.84959030151367,75.95999908447266,76.63999938964844,74.62999725341797,76.37000274658203,12588500
2022-07-06,64.0681381225586,76.22000122070312,77.0999984741211,75.97000122070312,76.25,8618900
2022-07-07,63.16032791137695,75.13999938964844,76.2300033569336,75.01000213623047,75.87999725341797,14455400
2022-07-08,63.36206817626953,75.37999725341797,76.04000091552734,74.66999816894531,74.77999877929688,6589800
2022-07-11,63.51337432861328,75.55999755859375,75.98999786376953,75.25,75.5,6990200
2022-07-12,63.051063537597656,75.01000213623047,75.95999908447266,74.86000061035156,75.43000030517578,9285700
2022-07-13,62.6475944519043,74.52999877929688,75.22000122070312,74.41000366210938,74.63999938964844,8562100
2022-07-14,62.210487365722656,74.01000213623047,74.12999725341797,73.23999786376953,73.63999938964844,9675600
2022-07-15,63.589027404785156,75.6500015258789,75.66999816894531,74.29000091552734,74.81999969482422,10933900
2022-07-18,61.98353576660156,73.73999786376953,75.80000305175781,73.48999786376953,75.80000305175781,8996000
2022-07-19,61.47919464111328,73.13999938964844,74.29000091552734,72.91999816894531,74.12000274658203,11398900
2022-07-20,61.21022415161133,72.81999969482422,73.69999694824219,72.37999725341797,73.27999877929688,12149900
2022-07-21,61.395137786865234,73.04000091552734,73.33000183105469,72.47000122070312,72.70999908447266,7238800
2022-07-22,61.31949234008789,72.94999694824219,73.61000061035156,72.4800033569336,73.25,6514300
2022-07-25,61.227012634277344,72.83999633789062,73.26000213623047,72.4800033569336,72.79000091552734,6259000
2022-07-26,61.89107131958008,73.62999725341797,74.2300033569336,72.95999908447266,73.47000122070312,8957300
2022-07-27,62.88294219970703,74.80999755859375,74.9800033569336,72.26000213623047,72.38999938964844,9760100
2022-07-28,62.79047775268555,74.69999694824219,75.16000366210938,73.22000122070312,74.93000030517578,9262700
2022-07-29,62.01716232299805,73.77999877929688,74.6500015258789,73.16999816894531,74.44999694824219,13459500
2022-08-01,61.882667541503906,73.62000274658203,74.26000213623047,73.30000305175781,73.76000213623047,6782900
2022-08-02,61.596858978271484,73.27999877929688,74.7300033569336,73.23999786376953,74.18000030517578,7039700
2022-08-03,61.35310745239258,72.98999786376953,73.51000213623047,72.5999984741211,73.30000305175781,8672100
2022-08-04,60.621826171875,72.12000274658203,72.94999694824219,71.97000122070312,72.79000091552734,8601800
2022-08-05,60.621826171875,72.12000274658203,72.36000061035156,71.70999908447266,71.9800033569336,8972700
2022-08-08,62.03396987915039,73.80000305175781,73.83000183105469,71.9000015258789,72.06999969482422,9842100
2022-08-09,63.0090217590332,74.95999908447266,75.5199966430664,74.05999755859375,74.0999984741211,8978600
2022-08-10,62.92497634887695,74.86000061035156,75.31999969482422,73.94999694824219,75.19999694824219,8319100
2022-08-11,62.5887565612793,74.45999908447266,75.5199966430664,74.27999877929688,74.38999938964844,6143000
2022-08-12,63.52177429199219,75.56999969482422,75.72000122070312,74.56999969482422,74.58000183105469,6163900
2022-08-15,62.6475944519043,74.52999877929688,75.5,73.79000091552734,75.44999694824219,11125600
2022-08-16,62.31136703491211,74.12999725341797,75.0999984741211,73.8499984741211,74.36000061035156,9026800
2022-08-17,62.67280197143555,74.55999755859375,74.9800033569336,73.80999755859375,73.91000366210938,5347200
2022-08-18,62.32817077636719,74.1500015258789,74.97000122070312,73.62000274658203,74.7699966430664,5303300
2022-08-19,63.320030212402344,75.33000183105469,75.70999908447266,74.16000366210938,74.16000366210938,7938300
2022-08-22,62.664405822753906,74.55000305175781,75.86000061035156,74.3499984741211,75.33000183105469,5813600
2022-08-23,61.16816329956055,72.7699966430664,74.48999786376953,72.5999984741211,74.30999755859375,9200200
2022-08-24,60.873985290527344,72.41999816894531,73.12999725341797,72.36000061035156,73.01000213623047,6142700
2022-08-25,60.10066223144531,71.5,72.66000366210938,71.02999877929688,72.66000366210938,11036900
2022-08-26,59.8400764465332,71.19000244140625,72.04000091552734,71.12999725341797,71.91999816894531,7373200
2022-08-29,56.10795211791992,66.75,69.91000366210938,66.4000015258789,69.9000015258789,18479000
2022-08-30,56.48621368408203,67.19999694824219,67.25,65.94999694824219,66.75,10260400
2022-08-31,56.66272735595703,67.41000366210938,67.62999725341797,66.83000183105469,67.33000183105469,13940100
2022-09-01,58.074867248535156,69.08999633789062,69.0999984741211,67.20999908447266,67.38999938964844,9633300
2022-09-02,57.671409606933594,68.61000061035156,69.77999877929688,68.33999633789062,69.37000274658203,8657700
2022-09-06,57.70504379272461,68.6500015258789,69.06999969482422,68.12000274658203,68.94000244140625,8428900
2022-09-07,57.79750442504883,68.76000213623047,69.4800033569336,68.13999938964844,68.66999816894531,7183000
2022-09-08,58.31865310668945,69.37999725341797,69.58000183105469,68.18000030517578,68.94999694824219,9147900
2022-09-09,58.97429656982422,70.16000366210938,70.55000305175781,69.22000122070312,69.27999877929688,6557400
2022-09-12,60.823543548583984,72.36000061035156,75.98999786376953,72.25,75.61000061035156,23830100
2022-09-13,59.7139892578125,71.04000091552734,72.0999984741211,70.7699966430664,71.55999755859375,9884700
2022-09-14,59.2348747253418,70.47000122070312,71.2300033569336,70.02999877929688,70.54000091552734,15528900
2022-09-15,60.336021423339844,71.77999877929688,72.13999938964844,70.55999755859375,70.63999938964844,9499400
2022-09-16,60.117462158203125,71.5199966430664,72.25,70.9000015258789,71.75,16364800
2022-09-19,58.99952697753906,70.19000244140625,71.54000091552734,69.52999877929688,71.05000305175781,9922000
2022-09-20,58.61284637451172,69.7300033569336,70.05999755859375,69.23999786376953,69.80000305175781,7454700
2022-09-21,58.38589859008789,69.45999908447266,70.37000274658203,69.44000244140625,69.73999786376953,11857000
2022-09-22,59.92415237426758,71.29000091552734,71.87999725341797,69.19999694824219,69.19999694824219,10009800
2022-09-23,59.43659973144531,70.70999908447266,71.37000274658203,70.12999725341797,71.02999877929688,8190100
2022-09-26,58.96589279174805,70.1500015258789,70.8499984741211,69.69000244140625,70.13999938964844,10244000
2022-09-27,59.14240646362305,70.36000061035156,71.5,70.19000244140625,70.73999786376953,12013200
2022-09-28,60.571380615234375,72.05999755859375,72.08000183105469,71.0199966430664,71.06999969482422,12412700
2022-09-29,60.277183532714844,71.70999908447266,72.61000061035156,71.16000366210938,72.13999938964844,9587800
2022-09-30,59.75603103637695,71.08999633789062,72.11000061035156,70.9800033569336,71.77999877929688,11347100
2022-10-03,59.285308837890625,70.52999877929688,71.51000213623047,69.38999938964844,71.36000061035156,12068200
2022-10-04,59.856895446777344,71.20999908447266,71.91000366210938,70.0999984741211,70.62999725341797,10510700
2022-10-05,60.05862808227539,71.44999694824219,71.80000305175781,70.66999816894531,70.94000244140625,6787400
2022-10-06,59.49116134643555,70.23999786376953,70.83000183105469,69.9000015258789,70.79000091552734,7545500
2022-10-07,59.03380584716797,69.69999694824219,70.45999908447266,69.26000213623047,70.33999633789062,7934600
2022-10-10,58.000492095947266,68.4800033569336,69.41000366210938,68.33000183105469,69.18000030517578,8879400
2022-10-11,58.991451263427734,69.6500015258789,70.36000061035156,68.3499984741211,68.55999755859375,8941400
2022-10-12,58.678070068359375,69.27999877929688,70.48999786376953,69.25,69.69000244140625,6683900
2022-10-13,59.940059661865234,70.7699966430664,71.02999877929688,68.51000213623047,68.55999755859375,9592400
2022-10-14,59.81300735473633,70.62000274658203,71.73999786376953,70.4800033569336,70.91999816894531,9992400
2022-10-17,60.45671081542969,71.37999725341797,71.61000061035156,70.6500015258789,70.75,6618100
2022-10-18,60.76161575317383,71.73999786376953,72.47000122070312,71.51000213623047,72.08999633789062,7938100
2022-10-19,60.2534294128418,71.13999938964844,71.7300033569336,70.70999908447266,71.52999877929688,6481800
2022-10-20,59.584320068359375,70.3499984741211,71.19999694824219,70.02999877929688,71.05000305175781,9193100
2022-10-21,61.159690856933594,72.20999908447266,72.5199966430664,69.94000244140625,70.3499984741211,8217400
2022-10-24,61.82032775878906,72.98999786376953,73.55999755859375,72.55000305175781,72.66000366210938,7382500
2022-10-25,61.633975982666016,72.7699966430664,73.20999908447266,72.25,72.63999938964844,7874700
2022-10-26,63.056884765625,74.44999694824219,75.20999908447266,72.4800033569336,73.08999633789062,10417400
2022-10-27,63.18394470214844,74.5999984741211,75.27999877929688,73.87000274658203,74.27999877929688,9298600
2022-10-28,65.07270050048828,76.83000183105469,76.98999786376953,75.08000183105469,75.25,10301400
2022-10-31,65.61476135253906,77.47000122070312,78.66000366210938,76.36000061035156,76.58999633789062,12380800
2022-11-01,65.80955505371094,77.69999694824219,77.79000091552734,76.62999725341797,77.0,8870700
2022-11-02,65.5978012084961,77.44999694824219,78.91000366210938,77.2300033569336,77.66000366210938,8570700
2022-11-03,66.4701919555664,78.4800033569336,78.69000244140625,77.16000366210938,77.25,9062500
2022-11-04,66.72428894042969,78.77999877929688,79.27999877929688,77.91000366210938,78.80999755859375,8188000
2022-11-07,67.07154083251953,79.19000244140625,79.68000030517578,78.41999816894531,78.70999908447266,7683400
2022-11-08,67.74066162109375,79.9800033569336,80.44000244140625,78.86000061035156,79.19000244140625,8514600
2022-11-09,67.57125854492188,79.77999877929688,81.16999816894531,79.58999633789062,79.58999633789062,9586300
2022-11-10,67.23245239257812,79.37999725341797,80.76000213623047,78.62999725341797,80.75,9884500
2022-11-11,64.33582305908203,75.95999908447266,78.45999908447266,74.55000305175781,78.0999984741211,18317600
2022-11-14,64.70003509521484,76.38999938964844,77.83999633789062,76.16000366210938,76.58999633789062,14169500
2022-11-15,64.60686492919922,76.27999877929688,76.7699966430664,75.2699966430664,76.41000366210938,11212300
2022-11-16,64.49676513671875,76.1500015258789,77.75,76.0199966430664,76.55999755859375,10132600
2022-11-17,65.3521957397461,77.16000366210938,77.56999969482422,75.63999938964844,75.63999938964844,7457700
2022-11-18,65.5978012084961,77.44999694824219,78.13999938964844,76.9800033569336,77.52999877929688,9229700
2022-11-21,66.87674713134766,78.95999908447266,79.06999969482422,77.62000274658203,77.6500015258789,8972400
2022-11-22,66.79204559326172,78.86000061035156,79.55999755859375,78.77999877929688,79.01000213623047,7075000
2022-11-23,67.0291976928711,79.13999938964844,79.22000122070312,78.52999877929688,78.5999984741211,5700200
2022-11-25,67.11388397216797,79.23999786376953,79.77999877929688,79.13999938964844,79.30999755859375,4735000
2022-11-28,67.0291976928711,79.13999938964844,79.69999694824219,78.81999969482422,79.27999877929688,6270000
2022-11-29,66.93602752685547,79.02999877929688,79.11000061035156,78.30000305175781,78.80999755859375,6439700
2022-11-30,67.9947280883789,80.27999877929688,80.30000305175781,78.63999938964844,79.75,19261800
2022-12-01,68.50289916992188,80.87999725341797,81.44000244140625,80.05000305175781,80.4800033569336,10308500
2022-12-02,68.71466827392578,81.12999725341797,81.16000366210938,80.37000274658203,80.37000274658203,6366700
2022-12-05,68.35047149658203,80.69999694824219,81.41999816894531,80.4000015258789,80.93000030517578,6791300
2022-12-06,67.68983459472656,79.91999816894531,81.23999786376953,79.47000122070312,80.69999694824219,7728800
2022-12-07,67.69829559326172,79.93000030517578,80.2300033569336,78.6500015258789,78.76000213623047,7799000
2022-12-08,67.65593719482422,79.87999725341797,80.08000183105469,79.47000122070312,79.9800033569336,6810100
2022-12-09,66.76663208007812,78.83000183105469,80.66999816894531,78.7300033569336,80.12999725341797,8857100
2022-12-12,66.81745147705078,78.88999938964844,79.13999938964844,78.29000091552734,78.94000244140625,7055200
2022-12-13,65.51312255859375,77.3499984741211,79.36000061035156,77.2699966430664,79.36000061035156,15614400
2022-12-14,65.33525085449219,77.13999938964844,77.9000015258789,76.7699966430664,77.80999755859375,9197900
2022-12-15,63.52273178100586,75.0,77.20999908447266,74.70999908447266,76.91999816894531,10646000
2022-12-16,62.243812561035156,73.48999786376953,74.94000244140625,73.37000274658203,74.4800033569336,27045600
2022-12-19,61.96432113647461,73.16000366210938,74.2300033569336,72.6500015258789,73.66000366210938,8157500
2022-12-20,61.532371520996094,72.6500015258789,73.66000366210938,72.44000244140625,73.31999969482422,9231600
2022-12-21,62.108306884765625,73.33000183105469,73.55000305175781,72.30999755859375,72.75,8469700
2022-12-22,62.53178787231445,73.83000183105469,73.86000061035156,72.83999633789062,73.08999633789062,7600600
2022-12-23,61.73562240600586,72.88999938964844,73.88999938964844,72.51000213623047,73.75,7029800
2022-12-27,61.49848937988281,72.61000061035156,73.29000091552734,72.12000274658203,73.18000030517578,5971700
2022-12-28,60.97335433959961,71.98999786376953,72.95999908447266,71.91999816894531,72.87000274658203,5192000
2022-12-29,61.06652069091797,72.0999984741211,72.63999938964844,71.86000061035156,72.30000305175781,4288300
2022-12-30,60.939483642578125,71.94999694824219,72.27999877929688,70.87000274658203,72.12999725341797,7029200
2023-01-03,61.20204544067383,72.26000213623047,72.97000122070312,71.68000030517578,71.76000213623047,7792300
2023-01-04,61.5069580078125,72.62000274658203,73.26000213623047,71.7300033569336,72.25,9948700
2023-01-05,61.395965576171875,71.91999816894531,72.37999725341797,71.52999877929688,71.73999786376953,8112000
2023-01-06,62.31795120239258,73.0,73.4000015258789,72.0999984741211,72.3499984741211,7311100
2023-01-09,60.619136810302734,71.01000213623047,73.16000366210938,70.75,73.12000274658203,13005100
2023-01-10,61.16548538208008,71.6500015258789,71.69999694824219,70.79000091552734,71.27999877929688,6673400
2023-01-11,61.413055419921875,71.94000244140625,71.9800033569336,71.0199966430664,71.51000213623047,7268700
2023-01-12,61.12281799316406,71.5999984741211,71.94000244140625,71.05999755859375,71.68000030517578,6779600
2023-01-13,61.89963912963867,72.51000213623047,72.5199966430664,71.43000030517578,71.62999725341797,9117300
2023-01-17,61.72890090942383,72.30999755859375,73.48999786376953,72.01000213623047,73.11000061035156,8964900
2023-01-18,61.583770751953125,72.13999938964844,72.66999816894531,72.08000183105469,72.33999633789062,8371100
2023-01-19,62.958194732666016,73.75,73.87000274658203,72.16000366210938,72.3499984741211,9387500
2023-01-20,63.299652099609375,74.1500015258789,74.1500015258789,73.3499984741211,73.9000015258789,10518200
2023-01-23,62.53990173339844,73.26000213623047,74.19999694824219,72.8499984741211,74.08999633789062,7426500
2023-01-24,61.754512786865234,72.33999633789062,75.0,72.12000274658203,73.0,7300200
2023-01-25,62.46305847167969,73.16999816894531,73.23999786376953,72.01000213623047,72.55999755859375,6638200
2023-01-26,62.30940628051758,72.98999786376953,73.19999694824219,71.9800033569336,73.11000061035156,6528300
2023-01-27,61.84842300415039,72.44999694824219,73.44999694824219,72.33999633789062,72.98999786376953,5426600
2023-01-30,61.4898796081543,72.02999877929688,72.91000366210938,71.87999725341797,72.58999633789062,8900400
2023-01-31,62.019161224365234,72.6500015258789,72.66000366210938,71.6500015258789,72.11000061035156,9375200
2023-02-01,60.80694580078125,71.2300033569336,72.94000244140625,70.80999755859375,72.94000244140625,10727700
2023-02-02,62.121585845947266,72.7699966430664,72.87999725341797,69.80000305175781,70.31999969482422,13015300
2023-02-03,63.55574417114258,74.44999694824219,74.47000122070312,72.61000061035156,73.20999908447266,10211900
2023-02-06,63.62405776977539,74.52999877929688,75.18000030517578,74.2300033569336,74.44999694824219,7112700
2023-02-07,63.61550521850586,74.5199966430664,74.69000244140625,73.9800033569336,74.55000305175781,8726300
2023-02-08,62.87282180786133,73.6500015258789,74.41999816894531,72.94000244140625,74.30999755859375,10149800
2023-02-09,61.028892517089844,71.48999786376953,73.83999633789062,71.43000030517578,73.48999786376953,12828800
2023-02-10,61.6349983215332,72.19999694824219,72.36000061035156,71.23999786376953,71.70999908447266,8621500
2023-02-13,62.46305847167969,73.16999816894531,73.44000244140625,71.9800033569336,72.22000122070312,8628000
2023-02-14,61.677677154541016,72.25,73.47000122070312,72.19999694824219,73.30999755859375,5606100
2023-02-15,61.01182556152344,71.47000122070312,72.47000122070312,71.33999633789062,72.30000305175781,5890500
2023-02-16,60.48253631591797,70.8499984741211,71.22000122070312,70.18000030517578,70.80000305175781,5593700
2023-02-17,60.70450210571289,71.11000061035156,71.73999786376953,70.5199966430664,70.62000274658203,11131800
2023-02-21,60.79840850830078,71.22000122070312,71.66999816894531,70.81999969482422,71.2699966430664,6189600
2023-02-22,60.87523651123047,71.30999755859375,71.70999908447266,70.58000183105469,71.30000305175781,5718900
2023-02-23,60.95206832885742,71.4000015258789,71.9800033569336,70.88999938964844,71.37999725341797,5459800
2023-02-24,59.91057586669922,70.18000030517578,71.22000122070312,69.81999969482422,71.11000061035156,6403400
2023-02-27,59.74838638305664,69.98999786376953,70.41000366210938,69.7300033569336,70.29000091552734,4990700
2023-02-28,58.86910629272461,68.95999908447266,69.94000244140625,68.81999969482422,69.80000305175781,8697900
2023-03-01,59.2105827331543,69.36000061035156,69.79000091552734,68.61000061035156,68.69999694824219,5883400
2023-03-02,59.06546401977539,69.19000244140625,69.72000122070312,68.98999786376953,69.2300033569336,6068900
2023-03-03,59.159358978271484,69.30000305175781,69.41999816894531,68.80999755859375,69.36000061035156,6540100
2023-03-06,58.817893981933594,68.9000015258789,69.66000366210938,68.7300033569336,69.37000274658203,7000100
2023-03-07,58.0495719909668,68.0,69.20999908447266,67.44000244140625,69.18000030517578,8135800
2023-03-08,57.44348907470703,67.29000091552734,68.05000305175781,66.94000244140625,67.91000366210938,5962900
2023-03-09,56.77762222290039,66.51000213623047,67.72000122070312,66.33000183105469,67.5999984741211,7553600
2023-03-10,56.09468078613281,65.70999908447266,67.41000366210938,65.43000030517578,66.31999969482422,10282400
2023-03-13,56.34224319458008,66.0,67.08999633789062,65.27999877929688,65.41000366210938,9598000
2023-03-14,56.74346923828125,66.47000122070312,66.55999755859375,65.76000213623047,66.30000305175781,9408400
2023-03-15,57.60567855834961,67.4800033569336,67.72000122070312,66.05999755859375,66.12000274658203,10701900
2023-03-16,57.281288146972656,67.0999984741211,67.61000061035156,65.86000061035156,67.02999877929688,10541100
2023-03-17,56.7946891784668,66.52999877929688,67.33000183105469,66.20999908447266,67.33000183105469,21616900
2023-03-20,57.400794982910156,67.23999786376953,67.37999725341797,66.23999786376953,66.7300033569336,9731700
2023-03-21,57.631282806396484,67.51000213623047,67.80999755859375,66.87000274658203,67.4800033569336,8039600
2023-03-22,57.400794982910156,67.23999786376953,68.0,67.22000122070312,67.48999786376953,6657600
2023-03-23,57.17884063720703,66.9800033569336,67.9000015258789,66.63999938964844,67.58999633789062,6723600
2023-03-24,57.77641677856445,67.68000030517578,67.77999877929688,66.69000244140625,67.19999694824219,6274900
2023-03-27,58.109344482421875,68.06999969482422,68.81999969482422,68.01000213623047,68.08999633789062,6711300
2023-03-28,58.22032165527344,68.19999694824219,68.58999633789062,67.95999908447266,68.08000183105469,4715100
2023-03-29,58.203250885009766,68.18000030517578,68.45999908447266,67.86000061035156,68.22000122070312,5369900
2023-03-30,58.22032165527344,68.19999694824219,68.52999877929688,67.98999786376953,68.37999725341797,4400100
2023-03-31,59.16789245605469,69.30999755859375,69.37999725341797,68.37000274658203,68.66000366210938,8953200
2023-04-03,59.49229049682617,69.69000244140625,70.01000213623047,68.66999816894531,69.02999877929688,7333900
2023-04-04,58.8264274597168,68.91000366210938,69.77999877929688,68.62999725341797,69.77999877929688,8626700
2023-04-05,59.6032600402832,69.81999969482422,70.20999908447266,69.04000091552734,69.45999908447266,7739000
2023-04-06,60.885711669921875,70.73999786376953,71.06999969482422,69.5999984741211,69.69000244140625,9669500
2023-04-10,60.489784240722656,70.27999877929688,70.83999633789062,69.98999786376953,70.76000213623047,5646400
2023-04-11,60.27461624145508,70.02999877929688,70.5,69.97000122070312,70.47000122070312,4762500
2023-04-12,60.42953109741211,70.20999908447266,70.66999816894531,69.80000305175781,70.05000305175781,5364300
2023-04-13,60.8426628112793,70.69000244140625,70.81999969482422,69.93000030517578,70.44000244140625,5981600
2023-04-14,60.636104583740234,70.44999694824219,70.79000091552734,69.94999694824219,70.5999984741211,6260300
2023-04-17,60.76519775390625,70.5999984741211,70.77999877929688,70.22000122070312,70.5999984741211,4435100
2023-04-18,60.44676208496094,70.2300033569336,70.75,69.87999725341797,70.55000305175781,5722900
2023-04-19,60.128292083740234,69.86000061035156,70.41999816894531,69.55000305175781,70.2699966430664,8179200
2023-04-20,59.844261169433594,69.52999877929688,69.80999755859375,68.8499984741211,69.69999694824219,5977700
2023-04-21,60.670536041259766,70.48999786376953,70.55000305175781,69.94999694824219,70.08000183105469,6543600
2023-04-24,60.71357727050781,70.54000091552734,70.62000274658203,70.05999755859375,70.33999633789062,5384500
2023-04-25,60.455352783203125,70.23999786376953,70.94000244140625,70.0999984741211,70.68000030517578,5337300
2023-04-26,58.54460525512695,68.0199966430664,69.73999786376953,67.63999938964844,69.5999984741211,10206200
2023-04-27,58.19172286987305,67.61000061035156,68.0199966430664,66.5,68.0199966430664,10521800
2023-04-28,57.46874237060547,66.7699966430664,67.22000122070312,66.0199966430664,67.13999938964844,10695000
2023-05-01,58.87168502807617,68.4000015258789,68.73999786376953,67.26000213623047,67.27999877929688,10034000
2023-05-02,58.61345672607422,68.0999984741211,68.98999786376953,67.4000015258789,68.25,7793400
2023-05-03,57.35684585571289,66.63999938964844,68.73999786376953,66.31999969482422,68.33000183105469,12717700
2023-05-04,57.51176452636719,66.81999969482422,67.23999786376953,66.4000015258789,66.44999694824219,8801900
2023-05-05,58.647891998291016,68.13999938964844,68.44000244140625,67.12000274658203,67.13999938964844,8562000
2023-05-08,58.88029098510742,68.41000366210938,68.7699966430664,67.86000061035156,68.08000183105469,6142300
2023-05-09,58.52738952636719,68.0,68.37000274658203,67.83000183105469,68.0,6408500
2023-05-10,58.94915008544922,68.48999786376953,68.94000244140625,67.55999755859375,68.16999816894531,8841700
2023-05-11,59.45695877075195,69.08000183105469,69.0999984741211,67.95999908447266,68.56999969482422,8416100
2023-05-12,58.57904052734375,68.05999755859375,68.77999877929688,67.61000061035156,68.61000061035156,11964000
2023-05-15,58.673709869384766,68.16999816894531,68.45999908447266,67.7699966430664,68.19999694824219,5908000
2023-05-16,57.68391799926758,67.0199966430664,68.13999938964844,66.93000030517578,68.05999755859375,7870500
2023-05-17,57.262168884277344,66.52999877929688,67.3499984741211,66.06999969482422,67.05999755859375,9338400
2023-05-18,56.547794342041016,65.69999694824219,66.3499984741211,65.18000030517578,66.30999755859375,10080500
2023-05-19,56.66828918457031,65.83999633789062,66.3499984741211,65.66000366210938,65.7699966430664,9196200
2023-05-22,56.64246368408203,65.80999755859375,66.30000305175781,65.13999938964844,65.83999633789062,7356000
2023-05-23,57.262168884277344,66.52999877929688,67.16000366210938,65.86000061035156,66.08000183105469,10162500
2023-05-24,56.34982681274414,65.47000122070312,66.69000244140625,65.25,66.5999984741211,7285400
2023-05-25,55.56659698486328,64.55999755859375,65.1500015258789,63.97999954223633,64.94000244140625,7811800
2023-05-26,54.9296875,63.81999969482422,64.97000122070312,63.70000076293945,64.51000213623047,8459000
2023-05-30,54.83500671386719,63.709999084472656,64.08999633789062,63.06999969482422,63.369998931884766,8443200
2023-05-31,55.46331787109375,64.44000244140625,64.5999984741211,63.150001525878906,63.689998626708984,14934100
2023-06-01,55.669883728027344,64.68000030517578,64.7300033569336,63.779998779296875,64.45999908447266,8697200
2023-06-02,56.51337432861328,65.66000366210938,65.79000091552734,64.48999786376953,64.91999816894531,6768800
2023-06-05,56.788795471191406,65.9800033569336,66.45999908447266,65.69000244140625,65.9000015258789,6914400
2023-06-06,56.358436584472656,65.4800033569336,66.37999725341797,65.12000274658203,66.2699966430664,5618600
2023-06-07,56.0830192565918,65.16000366210938,65.33000183105469,64.75,65.16000366210938,6643800
2023-06-08,56.21212387084961,65.30999755859375,65.61000061035156,65.06999969482422,65.33999633789062,4995400
2023-06-09,55.77317428588867,64.80000305175781,65.45999908447266,64.5999984741211,65.37000274658203,7068500
2023-06-12,55.73874282836914,64.76000213623047,64.9800033569336,64.19999694824219,64.79000091552734,7141900
2023-06-13,55.73874282836914,64.76000213623047,64.80000305175781,63.959999084472656,64.19000244140625,7968100
2023-06-14,55.222320556640625,64.16000366210938,65.0,64.05000305175781,64.95999908447266,6379300
2023-06-15,55.66127395629883,64.66999816894531,64.94000244140625,63.869998931884766,64.23999786376953,8525200
2023-06-16,56.94371795654297,66.16000366210938,66.23999786376953,64.61000061035156,64.87999725341797,19394400
2023-06-20,56.831817626953125,66.02999877929688,66.37000274658203,65.25,65.83000183105469,10798800
2023-06-21,56.37565612792969,65.5,66.37999725341797,65.44000244140625,65.91000366210938,8493800
2023-06-22,56.20351028442383,65.30000305175781,65.8499984741211,65.12000274658203,65.75,5784000
2023-06-23,55.979732513427734,65.04000091552734,65.41999816894531,64.88999938964844,65.37999725341797,11133300
2023-06-26,55.764556884765625,64.79000091552734,65.0999984741211,64.01000213623047,65.04000091552734,7916000
2023-06-27,55.730133056640625,64.75,65.05000305175781,64.22000122070312,64.75,6531700
2023-06-28,55.16206741333008,64.08999633789062,64.69999694824219,62.880001068115234,64.69999694824219,9466000
2023-06-29,55.08460998535156,64.0,64.44000244140625,63.630001068115234,63.77000045776367,7023100
2023-06-30,55.04157257080078,63.95000076293945,64.41000366210938,63.939998626708984,64.27999877929688,8397600
2023-07-03,55.454708099365234,64.43000030517578,64.91000366210938,63.439998626708984,63.939998626708984,4832500
2023-07-05,55.712921142578125,64.7300033569336,65.0,63.91999816894531,64.30999755859375,8803300
2023-07-06,55.087711334228516,63.439998626708984,63.90999984741211,63.29999923706055,63.65999984741211,6638700
2023-07-07,54.4017219543457,62.650001525878906,63.45000076293945,62.630001068115234,63.2400016784668,8665600
2023-07-10,54.254093170166016,62.47999954223633,62.959999084472656,62.29999923706055,62.630001068115234,7493100
2023-07-11,54.523284912109375,62.790000915527344,62.91999816894531,62.119998931884766,62.31999969482422,9340100
2023-07-12,54.0804328918457,62.279998779296875,63.27000045776367,62.119998931884766,62.880001068115234,7340300
2023-07-13,54.0804328918457,62.279998779296875,62.75,62.209999084472656,62.400001525878906,9029500
2023-07-14,53.785194396972656,61.939998626708984,62.34000015258789,61.56999969482422,62.02000045776367,9234500
2023-07-17,53.70703887939453,61.849998474121094,62.02000045776367,61.40999984741211,61.9900016784668,7486400
2023-07-18,53.83729553222656,62.0,62.7599983215332,61.79999923706055,61.939998626708984,6451100
2023-07-19,53.88939666748047,62.060001373291016,62.86000061035156,62.0,62.119998931884766,8695100
2023-07-20,55.374267578125,63.77000045776367,64.04000091552734,62.369998931884766,62.45000076293945,9257500
2023-07-21,56.16445541381836,64.68000030517578,64.79000091552734,63.7599983215332,63.88999938964844,9898100
2023-07-24,56.20787048339844,64.7300033569336,65.37999725341797,64.69999694824219,64.69999694824219,6886700
2023-07-25,55.374267578125,63.77000045776367,64.6500015258789,63.75,64.5,6966700
2023-07-26,55.06165313720703,63.40999984741211,63.88999938964844,62.93000030517578,63.13999938964844,11032200
2023-07-27,52.7344970703125,60.72999954223633,62.529998779296875,60.380001068115234,61.0,22625400
2023-07-28,53.32497024536133,61.40999984741211,61.5,60.04999923706055,60.79999923706055,11593100
2023-07-31,54.00227737426758,62.189998626708984,62.31999969482422,61.11000061035156,61.349998474121094,11700600
2023-08-01,53.42917251586914,61.529998779296875,62.56999969482422,61.18000030517578,62.31999969482422,9227600
2023-08-02,53.620208740234375,61.75,62.33000183105469,61.02000045776367,61.16999816894531,11937800
2023-08-03,53.16866683959961,61.22999954223633,61.470001220703125,60.45000076293945,61.459999084472656,6878800
2023-08-04,52.52610397338867,60.4900016784668,61.45000076293945,60.369998931884766,61.08000183105469,7624800
2023-08-07,52.50873565673828,60.470001220703125,60.7599983215332,60.099998474121094,60.5099983215332,9774000
2023-08-08,52.23954772949219,60.15999984741211,60.81999969482422,59.709999084472656,60.689998626708984,12497800
2023-08-09,52.63899230957031,60.619998931884766,60.95000076293945,59.75,59.79999923706055,7705300
2023-08-10,53.22077560424805,61.290000915527344,61.95000076293945,60.95000076293945,61.09000015258789,23791600
2023-08-11,53.16866683959961,61.22999954223633,61.72999954223633,61.06999969482422,61.529998779296875,16836200
2023-08-14,53.507320404052734,61.619998931884766,61.88999938964844,61.209999084472656,61.349998474121094,19536700
2023-08-15,53.620208740234375,61.75,62.150001525878906,61.20000076293945,61.529998779296875,14442300
2023-08-16,52.908164978027344,60.93000030517578,61.619998931884766,60.88999938964844,61.34000015258789,9611100
2023-08-17,53.967552185058594,62.150001525878906,62.720001220703125,61.0,61.02000045776367,17886200
2023-08-18,53.88939666748047,62.060001373291016,62.58000183105469,61.869998931884766,62.220001220703125,8200700
2023-08-21,53.75914764404297,61.90999984741211,62.4900016784668,61.900001525878906,62.130001068115234,9898000
2023-08-22,53.71572494506836,61.86000061035156,62.130001068115234,61.599998474121094,61.810001373291016,8716700
2023-08-23,53.45522689819336,61.560001373291016,62.400001525878906,61.40999984741211,62.2599983215332,7859500
2023-08-24,53.21207809448242,61.279998779296875,62.0099983215332,61.22999954223633,61.36000061035156,8277500
2023-08-25,53.90676498413086,62.08000183105469,62.29999923706055,61.25,61.41999816894531,7953400
2023-08-28,53.524688720703125,61.63999938964844,62.40999984741211,61.380001068115234,62.060001373291016,6848900
2023-08-29,54.575382232666016,62.849998474121094,63.40999984741211,61.97999954223633,61.97999954223633,11979000
2023-08-30,54.167266845703125,62.380001068115234,63.029998779296875,62.20000076293945,62.93000030517578,9052800
2023-08-31,53.53337860107422,61.650001525878906,62.529998779296875,61.650001525878906,62.45000076293945,11464700
2023-09-01,53.85466003417969,62.02000045776367,62.400001525878906,61.83000183105469,61.83000183105469,6838800
2023-09-05,52.65634536743164,60.63999938964844,62.0,60.59000015258789,61.88999938964844,10887700
2023-09-06,51.81405258178711,59.66999816894531,60.400001525878906,59.45000076293945,60.29999923706055,12247200
2023-09-07,52.07455825805664,59.970001220703125,60.5,59.86000061035156,59.869998931884766,9697600
2023-09-08,52.812644958496094,60.81999969482422,60.88999938964844,60.0099983215332,60.15999984741211,9526700
2023-09-11,52.80397415161133,60.810001373291016,61.43000030517578,60.68000030517578,60.75,14363500
2023-09-12,52.30900955200195,60.2400016784668,61.02000045776367,59.84000015258789,61.0099983215332,9949000
2023-09-13,51.796688079833984,59.650001525878906,60.58000183105469,59.650001525878906,60.25,19392200
2023-09-14,51.65776062011719,59.4900016784668,60.54999923706055,59.279998779296875,60.13999938964844,18147800
2023-09-15,51.2583122253418,59.029998779296875,59.83000183105469,58.86000061035156,59.439998626708984,22379200
2023-09-18,50.86756134033203,58.58000183105469,59.150001525878906,58.33000183105469,59.040000915527344,16914900
2023-09-19,50.910987854003906,58.630001068115234,58.91999816894531,58.34000015258789,58.560001373291016,10455600
2023-09-20,51.04123306274414,58.779998779296875,59.310001373291016,58.709999084472656,58.79999923706055,8699600
2023-09-21,51.301734924316406,59.08000183105469,59.459999084472656,58.529998779296875,58.560001373291016,9597300
2023-09-22,51.14543533325195,58.900001525878906,59.459999084472656,58.77000045776367,59.33000183105469,8190700
2023-09-25,51.37120056152344,59.15999984741211,59.279998779296875,58.54999923706055,58.84000015258789,7006000
2023-09-26,50.83283233642578,58.540000915527344,59.25,58.52000045776367,58.869998931884766,9380600
2023-09-27,50.268409729003906,57.88999938964844,58.75,57.61000061035156,58.58000183105469,11365900
2023-09-28,50.4854850769043,58.13999938964844,58.41999816894531,57.810001373291016,58.0099983215332,8265100
2023-09-29,50.398651123046875,58.040000915527344,58.459999084472656,57.869998931884766,58.18000030517578,10902500
2023-10-02,50.233665466308594,57.849998474121094,58.060001373291016,57.150001525878906,58.0099983215332,8865300
2023-10-03,49.68661880493164,57.220001220703125,58.04999923706055,57.119998931884766,57.65999984741211,10991900
2023-10-04,49.26112365722656,56.72999954223633,57.34000015258789,56.310001373291016,57.099998474121094,11684400
2023-10-05,49.48918533325195,56.41999816894531,56.61000061035156,55.83000183105469,56.040000915527344,8015400
2023-10-06,49.699703216552734,56.65999984741211,56.880001068115234,56.16999816894531,56.25,8901000
2023-10-09,49.65584182739258,56.61000061035156,57.130001068115234,55.70000076293945,56.099998474121094,8481500
2023-10-10,49.46287155151367,56.38999938964844,56.77000045776367,56.22999954223633,56.709999084472656,13217400
2023-10-11,49.69093704223633,56.650001525878906,56.88999938964844,56.34000015258789,56.47999954223633,8470700
2023-10-12,49.348838806152344,56.2599983215332,56.66999816894531,55.79999923706055,56.630001068115234,10728800
2023-10-13,49.53304672241211,56.470001220703125,56.66999816894531,55.900001525878906,56.369998931884766,12824800
2023-10-16,50.147056579589844,57.16999816894531,57.4900016784668,56.689998626708984,56.790000915527344,12328400
2023-10-17,50.32248306274414,57.369998931884766,57.650001525878906,56.97999954223633,57.150001525878906,13223400
2023-10-18,49.866363525390625,56.849998474121094,57.59000015258789,56.77000045776367,57.400001525878906,11816100
2023-10-19,49.54181671142578,56.47999954223633,56.959999084472656,55.720001220703125,56.63999938964844,13169000
2023-10-20,49.52427291870117,56.459999084472656,57.09000015258789,56.2400016784668,56.2400016784668,11638300
2023-10-23,49.12077713012695,56.0,56.720001220703125,55.97999954223633,56.349998474121094,10028300
2023-10-24,49.226036071777344,56.119998931884766,56.68000030517578,55.880001068115234,56.13999938964844,9442800
2023-10-25,49.65584182739258,56.61000061035156,56.77000045776367,55.959999084472656,56.02000045776367,11766100
2023-10-26,46.46299743652344,52.970001220703125,55.290000915527344,52.91999816894531,53.959999084472656,25054000
2023-10-27,44.75254440307617,51.02000045776367,52.220001220703125,49.4900016784668,52.04999923706055,17895400
2023-10-30,44.95428466796875,51.25,51.900001525878906,50.2599983215332,51.72999954223633,29683000
2023-10-31,45.19989776611328,51.529998779296875,51.65999984741211,50.66999816894531,51.380001068115234,14670400
2023-11-01,44.98060989379883,51.279998779296875,51.90999984741211,51.16999816894531,51.86000061035156,11280800
2023-11-02,44.84902572631836,51.130001068115234,51.369998931884766,50.689998626708984,50.81999969482422,13436100
2023-11-03,46.3314208984375,52.81999969482422,53.13999938964844,51.38999938964844,51.38999938964844,14479300
2023-11-06,46.305110931396484,52.790000915527344,53.54999923706055,52.63999938964844,53.13999938964844,17627100
2023-11-07,45.86653137207031,52.290000915527344,53.04999923706055,52.130001068115234,52.810001373291016,20836100
2023-11-08,45.980560302734375,52.41999816894531,52.58000183105469,51.84000015258789,52.52000045776367,11252800
2023-11-09,44.217472076416016,50.40999984741211,52.56999969482422,50.369998931884766,52.54999923706055,12175400
2023-11-10,44.392906188964844,50.61000061035156,50.70000076293945,49.58000183105469,50.61000061035156,12697600
2023-11-13,43.989418029785156,50.150001525878906,50.66999816894531,50.060001373291016,50.45000076293945,12047100
2023-11-14,44.313961029052734,50.52000045776367,51.18000030517578,50.2599983215332,50.45000076293945,12025300
2023-11-15,45.23497772216797,51.56999969482422,51.630001068115234,50.150001525878906,50.27000045776367,13407600
2023-11-16,44.59465789794922,50.84000015258789,51.7400016784668,50.25,51.459999084472656,14458500
2023-11-17,44.59465789794922,50.84000015258789,51.220001220703125,50.599998474121094,51.189998626708984,10229500
2023-11-20,42.89297103881836,48.900001525878906,50.16999816894531,48.41999816894531,48.779998779296875,27943500
2023-11-21,42.524559020996094,48.47999954223633,49.040000915527344,48.45000076293945,48.83000183105469,14669600
2023-11-22,43.34909439086914,49.41999816894531,49.5,48.560001373291016,48.75,14734800
2023-11-24,43.64732360839844,49.7599983215332,49.90999984741211,49.470001220703125,49.75,5085700
2023-11-27,42.99822998046875,49.02000045776367,49.720001220703125,48.81999969482422,49.61000061035156,17681600
2023-11-28,42.91051483154297,48.91999816894531,49.31999969482422,48.81999969482422,49.04999923706055,11372800
2023-11-29,42.735076904296875,48.720001220703125,49.349998474121094,48.66999816894531,49.060001373291016,12653100
2023-11-30,43.314002990722656,49.380001068115234,49.400001525878906,48.25,48.779998779296875,17044300
2023-12-01,43.945552825927734,50.099998474121094,50.18000030517578,48.93000030517578,49.400001525878906,12806400
2023-12-04,43.84029769897461,49.97999954223633,50.7599983215332,49.77000045776367,49.959999084472656,14238600
2023-12-05,44.05958938598633,50.22999954223633,50.400001525878906,49.560001373291016,49.79999923706055,12659500
2023-12-06,43.752586364746094,49.880001068115234,50.43000030517578,49.779998779296875,50.31999969482422,13839800
2023-12-07,43.99818801879883,50.15999984741211,51.0,49.9900016784668,50.29999923706055,14710600
2023-12-08,44.129756927490234,50.310001373291016,50.540000915527344,50.09000015258789,50.2599983215332,10123100
2023-12-11,44.813941955566406,51.09000015258789,51.13999938964844,50.27000045776367,50.52000045776367,18432900
2023-12-12,44.30519104003906,50.5099983215332,50.939998626708984,49.79999923706055,50.79999923706055,14215500
2023-12-13,45.489349365234375,51.86000061035156,51.86000061035156,49.939998626708984,50.06999969482422,15557000
2023-12-14,45.14725875854492,51.470001220703125,52.540000915527344,51.0,52.459999084472656,20212600
2023-12-15,44.63851547241211,50.88999938964844,51.45000076293945,50.689998626708984,51.15999984741211,44147600
2023-12-18,45.033226013183594,51.34000015258789,51.4900016784668,50.93000030517578,51.150001525878906,14361100
2023-12-19,45.70863723754883,52.11000061035156,52.18000030517578,51.459999084472656,51.61000061035156,14293000
2023-12-20,44.69990921020508,50.959999084472656,52.2400016784668,50.93000030517578,52.029998779296875,14179800
2023-12-21,44.96305847167969,51.2599983215332,51.7400016784668,50.849998474121094,51.34000015258789,14232900
2023-12-22,45.86653137207031,52.290000915527344,53.47999954223633,50.86000061035156,50.86000061035156,19998100
2023-12-26,45.12971115112305,51.45000076293945,52.77000045776367,51.04999923706055,52.40999984741211,12237700
2023-12-27,44.9192008972168,51.209999084472656,51.5,50.7400016784668,51.40999984741211,13219000
2023-12-28,44.927974700927734,51.220001220703125,51.45000076293945,51.0,51.04999923706055,10652900
2023-12-29,45.006919860839844,51.310001373291016,51.4900016784668,50.9900016784668,51.130001068115234,11305800
2024-01-02,46.27878952026367,52.7599983215332,53.45000076293945,51.400001525878906,51.45000076293945,17757500
2024-01-03,45.875301361083984,52.29999923706055,52.900001525878906,51.470001220703125,52.70000076293945,15662600
2024-01-04,46.17699432373047,52.040000915527344,52.189998626708984,51.459999084472656,51.90999984741211,16930500
2024-01-05,46.34558868408203,52.22999954223633,52.56999969482422,51.650001525878906,51.90999984741211,12272200
2024-01-08,45.955162048339844,51.790000915527344,51.900001525878906,51.290000915527344,51.88999938964844,18745900
2024-01-09,45.502628326416016,51.279998779296875,52.099998474121094,51.22999954223633,52.04999923706055,13385100
2024-01-10,44.95247268676758,50.65999984741211,51.25,50.41999816894531,51.20000076293945,18095300
2024-01-11,44.562042236328125,50.220001220703125,50.7400016784668,50.0099983215332,50.650001525878906,16567900
2024-01-12,44.641902923583984,50.310001373291016,50.709999084472656,50.06999969482422,50.38999938964844,11461700
2024-01-16,44.36682891845703,50.0,50.59000015258789,49.81999969482422,50.29999923706055,13824700
2024-01-17,44.349082946777344,49.97999954223633,50.06999969482422,48.95000076293945,49.54999923706055,16425400
2024-01-18,44.446685791015625,50.09000015258789,50.16999816894531,48.630001068115234,49.619998931884766,18463800
2024-01-19,44.464439392089844,50.11000061035156,50.209999084472656,49.43000030517578,50.11000061035156,23285800
2024-01-22,43.98527526855469,49.56999969482422,50.31999969482422,49.5,50.2599983215332,13818600
2024-01-23,44.473304748535156,50.119998931884766,50.41999816894531,49.4900016784668,49.68000030517578,12555700
2024-01-24,44.579795837402344,50.2400016784668,50.619998931884766,50.06999969482422,50.20000076293945,11838300
2024-01-25,44.02076721191406,49.61000061035156,50.34000015258789,49.439998626708984,50.2599983215332,17639600
2024-01-26,44.100624084472656,49.70000076293945,50.20000076293945,49.650001525878906,49.959999084472656,10855500
2024-01-29,44.25147247314453,49.869998931884766,49.880001068115234,49.45000076293945,49.619998931884766,11746600
2024-01-30,43.82555389404297,49.38999938964844,50.18000030517578,49.25,50.04999923706055,11605600
2024-01-31,43.3641357421875,48.869998931884766,50.02000045776367,48.84000015258789,49.709999084472656,18997600
2024-02-01,43.186668395996094,48.66999816894531,48.849998474121094,48.130001068115234,48.849998474121094,20416300
2024-02-02,43.222164154052734,48.709999084472656,50.0099983215332,48.08000183105469,49.27000045776367,27991600
2024-02-05,42.574405670166016,47.97999954223633,48.560001373291016,47.68000030517578,48.52000045776367,15535600
2024-02-06,43.7101936340332,49.2599983215332,49.97999954223633,47.58000183105469,47.95000076293945,22693800
2024-02-07,43.16005325317383,48.63999938964844,49.36000061035156,48.02000045776367,49.189998626708984,17973100
2024-02-08,43.222164154052734,48.709999084472656,48.77000045776367,48.11000061035156,48.439998626708984,13577900
2024-02-09,44.19823455810547,49.810001373291016,49.83000183105469,48.4900016784668,48.70000076293945,15413400
2024-02-12,44.144996643066406,49.75,50.04999923706055,49.209999084472656,49.81999969482422,14973600
2024-02-13,43.222164154052734,48.709999084472656,49.900001525878906,48.310001373291016,49.65999984741211,15828100
2024-02-14,43.38188552856445,48.88999938964844,49.040000915527344,48.45000076293945,48.81999969482422,10866900
2024-02-15,43.86992645263672,49.439998626708984,50.279998779296875,48.83000183105469,49.0099983215332,13425800
2024-02-16,44.24259948730469,49.86000061035156,49.869998931884766,48.93000030517578,49.310001373291016,13176500
2024-02-20,44.24259948730469,49.86000061035156,50.45000076293945,49.66999816894531,49.88999938964844,13778800
2024-02-21,45.17430114746094,50.90999984741211,50.93000030517578,49.540000915527344,49.93000030517578,12283500
2024-02-22,45.54698944091797,51.33000183105469,51.40999984741211,50.33000183105469,50.58000183105469,12862900
2024-02-23,45.839813232421875,51.65999984741211,51.91999816894531,50.72999954223633,51.400001525878906,11052500
2024-02-26,44.828243255615234,50.52000045776367,51.68000030517578,50.470001220703125,51.560001373291016,9690400
2024-02-27,44.81937026977539,50.5099983215332,50.720001220703125,50.150001525878906,50.56999969482422,8145100
2024-02-28,45.18317794799805,50.91999816894531,50.970001220703125,50.369998931884766,50.5099983215332,7974500
2024-02-29,45.03233337402344,50.75,51.16999816894531,50.279998779296875,50.959999084472656,14655700
2024-03-01,45.15656280517578,50.88999938964844,51.08000183105469,50.439998626708984,50.939998626708984,10892300
2024-03-04,45.18317794799805,50.91999816894531,52.20000076293945,50.720001220703125,51.279998779296875,19033400
2024-03-05,45.98178482055664,51.81999969482422,52.11000061035156,50.9900016784668,51.0099983215332,15110700
2024-03-06,47.366031646728516,53.380001068115234,53.810001373291016,52.25,52.34000015258789,21692300
2024-03-07,47.27729034423828,53.279998779296875,53.75,52.97999954223633,53.56999969482422,17233100
2024-03-08,47.72983932495117,53.790000915527344,54.2599983215332,53.33000183105469,53.47999954223633,17479600
2024-03-11,48.23561477661133,54.36000061035156,54.560001373291016,53.7400016784668,53.900001525878906,15646400
2024-03-12,48.2711067199707,54.400001525878906,54.599998474121094,53.81999969482422,54.33000183105469,14269100
2024-03-13,46.71826934814453,52.650001525878906,55.040000915527344,52.599998474121094,54.33000183105469,26855200
2024-03-14,46.57630157470703,52.4900016784668,52.68000030517578,51.810001373291016,52.56999969482422,14430200
2024-03-15,46.443199157714844,52.34000015258789,53.20000076293945,51.95000076293945,52.31999969482422,123585300
2024-03-18,45.77769088745117,51.59000015258789,52.70000076293945,51.529998779296875,52.58000183105469,19738700
2024-03-19,45.96403503417969,51.79999923706055,51.93000030517578,51.38999938964844,51.7599983215332,14593200
2024-03-20,46.03502655029297,51.880001068115234,52.15999984741211,51.27000045776367,51.630001068115234,10436300
2024-03-21,45.77769088745117,51.59000015258789,52.650001525878906,51.560001373291016,51.90999984741211,12625100
2024-03-22,46.07938766479492,51.93000030517578,52.45000076293945,51.52000045776367,51.650001525878906,11727500
2024-03-25,46.363338470458984,52.25,52.7400016784668,51.90999984741211,52.08000183105469,12348100
2024-03-26,46.62953567504883,52.54999923706055,52.650001525878906,52.040000915527344,52.38999938964844,9952000
2024-03-27,47.25067901611328,53.25,53.689998626708984,52.849998474121094,53.0,13077600
2024-03-28,48.12026596069336,54.22999954223633,54.47999954223633,53.38999938964844,53.38999938964844,14348200
2024-04-01,47.01996994018555,52.9900016784668,54.22999954223633,52.959999084472656,54.16999816894531,9520400
2024-04-02,46.79813003540039,52.7400016784668,53.349998474121094,52.529998779296875,53.099998474121094,10234300
2024-04-03,46.30122375488281,52.18000030517578,52.869998931884766,52.099998474121094,52.75,10434600
2024-04-04,46.139644622802734,51.400001525878906,52.09000015258789,51.20000076293945,51.939998626708984,10993700
2024-04-05,46.06782531738281,51.31999969482422,51.45000076293945,50.77000045776367,51.189998626708984,9095500
2024-04-08,45.87034606933594,51.099998474121094,51.29999923706055,50.86000061035156,51.279998779296875,12258500
2024-04-09,46.319175720214844,51.599998474121094,51.68000030517578,51.06999969482422,51.130001068115234,9487300
2024-04-10,45.14324188232422,50.290000915527344,51.290000915527344,50.279998779296875,51.040000915527344,11492800
2024-04-11,44.092979431152344,49.119998931884766,50.58000183105469,49.11000061035156,50.459999084472656,11781000
2024-04-12,43.338951110839844,48.279998779296875,49.09000015258789,48.2599983215332,49.040000915527344,12459200
2024-04-15,43.54541015625,48.5099983215332,49.099998474121094,48.119998931884766,48.36000061035156,11943600
2024-04-16,43.32099914550781,48.2599983215332,48.599998474121094,48.2400016784668,48.45000076293945,11931300
2024-04-17,42.94397735595703,47.84000015258789,48.54999923706055,47.70000076293945,48.439998626708984,11763100
2024-04-18,43.35690689086914,48.29999923706055,48.40999984741211,47.619998931884766,47.93000030517578,10917600
2024-04-19,43.92242431640625,48.93000030517578,49.04999923706055,48.119998931884766,48.209999084472656,10303900
2024-04-22,44.11093521118164,49.13999938964844,49.560001373291016,48.869998931884766,49.0,7929500
2024-04-23,43.97628402709961,48.9900016784668,49.470001220703125,48.959999084472656,49.15999984741211,9153300
2024-04-24,43.859588623046875,48.86000061035156,49.04999923706055,48.54999923706055,49.0,16057100
2024-04-25,40.125328063964844,44.70000076293945,47.5,44.369998931884766,47.38999938964844,45069000
2024-04-26,40.25997543334961,44.849998474121094,45.369998931884766,44.34000015258789,44.68000030517578,21281900
2024-04-29,40.07147216796875,44.63999938964844,45.380001068115234,44.529998779296875,45.09000015258789,16416300
2024-04-30,39.44310760498047,43.939998626708984,44.7599983215332,43.93000030517578,44.400001525878906,17716000
2024-05-01,39.685482025146484,44.209999084472656,44.470001220703125,43.72999954223633,43.970001220703125,13246100
2024-05-02,39.2276725769043,43.70000076293945,44.41999816894531,43.33000183105469,44.36000061035156,15962600
2024-05-03,39.48799133300781,43.9900016784668,44.33000183105469,43.689998626708984,43.900001525878906,12104500
2024-05-06,39.407203674316406,43.900001525878906,44.619998931884766,43.779998779296875,44.15999984741211,9127700
2024-05-07,39.53288269042969,44.040000915527344,44.2599983215332,43.84000015258789,43.97999954223633,11026900
2024-05-08,39.200740814208984,43.66999816894531,44.220001220703125,43.560001373291016,44.0,11928300
2024-05-09,40.16123580932617,44.7400016784668,44.810001373291016,43.5,43.560001373291016,10776300
2024-05-10,40.34076690673828,44.939998626708984,44.970001220703125,44.29999923706055,44.75,8699600
2024-05-13,40.448490142822266,45.060001373291016,45.31999969482422,44.83000183105469,44.880001068115234,12642400
2024-05-14,40.13431167602539,44.709999084472656,45.720001220703125,44.529998779296875,45.380001068115234,14536500
2024-05-15,39.99068069458008,44.54999923706055,45.16999816894531,44.47999954223633,45.0,14179400
2024-05-16,39.59571075439453,44.11000061035156,44.529998779296875,43.68000030517578,44.470001220703125,15765700
2024-05-17,39.523902893066406,44.029998779296875,44.29999923706055,43.72999954223633,44.29999923706055,15788000
2024-05-20,38.92247009277344,43.36000061035156,44.04999923706055,43.310001373291016,44.0,10376900
2024-05-21,37.944026947021484,42.27000045776367,43.43000030517578,42.25,43.13999938964844,17576800
2024-05-22,38.006858825683594,42.34000015258789,42.9900016784668,41.90999984741211,42.220001220703125,16786000
2024-05-23,37.288734436035156,41.540000915527344,42.27000045776367,41.459999084472656,41.91999816894531,12438000
2024-05-24,37.01943588256836,41.2400016784668,41.68000030517578,41.06999969482422,41.40999984741211,17425600
2024-05-28,36.346195220947266,40.4900016784668,41.33000183105469,40.380001068115234,41.220001220703125,14674500
2024-05-29,36.13075256347656,40.25,40.70000076293945,39.939998626708984,40.279998779296875,16492500
2024-05-30,36.13075256347656,40.25,40.599998474121094,39.90999984741211,40.13999938964844,16111400
2024-05-31,36.8847770690918,41.09000015258789,41.15999984741211,40.130001068115234,40.25,29396300
2024-06-03,37.49519729614258,41.77000045776367,42.38999938964844,41.130001068115234,41.15999984741211,13678700
2024-06-04,37.47724151611328,41.75,42.08000183105469,41.38999938964844,41.75,12230000
2024-06-05,37.01943588256836,41.2400016784668,41.68000030517578,40.91999816894531,41.68000030517578,12401200
2024-06-06,36.69627380371094,40.880001068115234,41.290000915527344,40.70000076293945,40.86000061035156,10282800
2024-06-07,37.23487091064453,41.47999954223633,41.58000183105469,40.77000045776367,40.849998474121094,13665500
2024-06-10,38.21332550048828,42.56999969482422,42.720001220703125,41.36000061035156,41.400001525878906,13459200
2024-06-11,38.61726379394531,43.02000045776367,43.04999923706055,41.880001068115234,42.529998779296875,12637100
2024-06-12,38.0696907043457,42.40999984741211,43.189998626708984,42.220001220703125,43.09000015258789,9433200
2024-06-13,37.23487091064453,41.47999954223633,42.63999938964844,41.06999969482422,42.459999084472656,17023700
2024-06-14,36.98352813720703,41.20000076293945,41.86000061035156,40.75,41.40999984741211,14271100
2024-06-17,36.77706527709961,40.970001220703125,41.34000015258789,40.439998626708984,41.06999969482422,18782500
2024-06-18,36.633445739746094,40.810001373291016,41.2400016784668,40.09000015258789,41.02000045776367,18747200
2024-06-20,36.839900970458984,41.040000915527344,41.189998626708984,39.630001068115234,40.54999923706055,18639600
2024-06-21,37.638816833496094,41.93000030517578,41.95000076293945,41.06999969482422,41.2599983215332,35828400
2024-06-24,37.90811538696289,42.22999954223633,42.349998474121094,41.810001373291016,42.0,14845100
2024-06-25,37.87221145629883,42.189998626708984,42.369998931884766,41.58000183105469,42.02000045776367,16082600
2024-06-26,38.15048599243164,42.5,43.040000915527344,41.709999084472656,42.11000061035156,19824600
2024-06-27,37.26179885864258,41.5099983215332,42.5,41.47999954223633,42.43000030517578,17435000
2024-06-28,37.27975082397461,41.529998779296875,42.47999954223633,41.40999984741211,41.709999084472656,20542700
2024-07-01,37.07328796386719,41.29999923706055,42.27000045776367,41.13999938964844,41.650001525878906,18268400
2024-07-02,36.310279846191406,40.45000076293945,41.349998474121094,40.40999984741211,41.2599983215332,18280200
2024-07-03,35.9601936340332,40.060001373291016,40.65999984741211,40.029998779296875,40.41999816894531,9131500
2024-07-05,36.1424560546875,39.65999984741211,39.75,39.349998474121094,39.7400016784668,12824400
2024-07-08,36.44319152832031,39.9900016784668,40.11000061035156,39.5,39.63999938964844,13372700
2024-07-09,37.23603057861328,40.86000061035156,40.900001525878906,39.709999084472656,39.810001373291016,16368900
2024-07-10,37.47296905517578,41.119998931884766,41.16999816894531,40.439998626708984,40.869998931884766,9672700
2024-07-11,37.135780334472656,40.75,41.65999984741211,40.689998626708984,41.25,17883000
2024-07-12,36.87150192260742,40.459999084472656,41.13999938964844,40.349998474121094,41.06999969482422,16677500
2024-07-15,36.5890007019043,40.150001525878906,40.650001525878906,39.91999816894531,40.630001068115234,17858100
2024-07-16,37.545867919921875,41.20000076293945,41.27000045776367,40.09000015258789,40.150001525878906,13739600
2024-07-17,39.32292556762695,43.150001525878906,43.52000045776367,41.20000076293945,41.20000076293945,18639200
2024-07-18,38.63032531738281,42.38999938964844,44.2400016784668,42.369998931884766,42.439998626708984,19434500
2024-07-19,38.858154296875,42.63999938964844,42.83000183105469,41.61000061035156,42.630001068115234,12839900
2024-07-22,38.885494232177734,42.66999816894531,42.97999954223633,42.369998931884766,42.43000030517578,10115500
2024-07-23,39.16799545288086,42.97999954223633,43.08000183105469,41.900001525878906,42.439998626708984,17688600
2024-07-24,40.69899368286133,44.65999984741211,44.779998779296875,43.25,43.25,20392800
2024-07-25,41.254886627197266,45.27000045776367,45.970001220703125,44.4900016784668,44.790000915527344,22050100
2024-07-26,45.975467681884766,50.45000076293945,50.61000061035156,47.72999954223633,48.27000045776367,36636400
2024-07-29,44.635841369628906,48.97999954223633,51.189998626708984,48.970001220703125,49.91999816894531,22280200
2024-07-30,44.69963073730469,49.04999923706055,49.310001373291016,47.849998474121094,49.060001373291016,19296500
2024-07-31,43.34178924560547,47.560001373291016,49.11000061035156,47.369998931884766,48.75,17727600
2024-08-01,43.89768600463867,48.16999816894531,48.5099983215332,47.220001220703125,47.79999923706055,12064400
2024-08-02,44.44447708129883,48.77000045776367,49.540000915527344,48.310001373291016,49.119998931884766,15601500
2024-08-05,43.36912155151367,47.59000015258789,48.7400016784668,47.209999084472656,47.880001068115234,17895000
2024-08-06,43.11396026611328,47.310001373291016,48.06999969482422,47.119998931884766,47.88999938964844,15663000
2024-08-07,42.37580108642578,46.5,48.4900016784668,46.400001525878906,47.43000030517578,16891900
2024-08-08,42.694759368896484,46.849998474121094,47.150001525878906,46.220001220703125,46.56999969482422,15216900
2024-08-09,42.576290130615234,46.720001220703125,47.68000030517578,46.5,46.84000015258789,14083500
2024-08-12,42.886131286621094,47.060001373291016,47.470001220703125,46.47999954223633,46.77000045776367,11942000
2024-08-13,44.70874786376953,49.060001373291016,49.15999984741211,47.47999954223633,47.47999954223633,19858200
2024-08-14,44.116397857666016,48.40999984741211,49.290000915527344,48.11000061035156,49.060001373291016,10667200
2024-08-15,44.75431823730469,49.11000061035156,49.529998779296875,48.470001220703125,49.29999923706055,13140600
2024-08-16,44.982139587402344,49.36000061035156,50.04999923706055,49.0099983215332,49.11000061035156,14161800
2024-08-19,44.927459716796875,49.29999923706055,49.9900016784668,49.20000076293945,49.380001068115234,9067400
2024-08-20,44.635841369628906,48.97999954223633,49.61000061035156,48.93000030517578,49.27000045776367,8780200
2024-08-21,44.143733978271484,48.439998626708984,49.16999816894531,48.15999984741211,48.779998779296875,7780500
2024-08-22,43.39646530151367,47.619998931884766,48.61000061035156,46.88999938964844,48.56999969482422,9946800
2024-08-23,43.84300994873047,48.11000061035156,48.2400016784668,47.380001068115234,47.66999816894531,8328400
2024-08-26,43.961483001708984,48.2400016784668,48.4900016784668,47.97999954223633,48.16999816894531,4949600
2024-08-27,43.85211944580078,48.119998931884766,48.790000915527344,47.810001373291016,48.36000061035156,6918500
2024-08-28,44.70874786376953,49.060001373291016,49.91999816894531,48.029998779296875,48.119998931884766,8399700
2024-08-29,45.31021499633789,49.720001220703125,49.77000045776367,48.7599983215332,49.27000045776367,7536000
2024-08-30,45.519813537597656,49.95000076293945,50.2400016784668,49.68000030517578,49.720001220703125,9594800
2024-09-03,46.03925323486328,50.52000045776367,50.7400016784668,49.650001525878906,49.709999084472656,10942500
2024-09-04,45.52892303466797,49.959999084472656,50.75,49.54999923706055,50.720001220703125,7036200
2024-09-05,45.383113861083984,49.79999923706055,50.2400016784668,49.22999954223633,50.08000183105469,9947800
2024-09-06,44.38067626953125,48.70000076293945,50.029998779296875,48.529998779296875,49.790000915527344,11146400
2024-09-09,44.198421478271484,48.5,49.130001068115234,47.54999923706055,48.720001220703125,9433300
2024-09-10,44.909236907958984,49.279998779296875,49.31999969482422,47.970001220703125,48.5,8624500
2024-09-11,44.280433654785156,48.59000015258789,49.189998626708984,48.25,49.11000061035156,8425400
2024-09-12,43.961483001708984,48.2400016784668,48.56999969482422,47.7599983215332,48.380001068115234,5575300
2024-09-13,44.772544860839844,49.130001068115234,49.150001525878906,48.20000076293945,48.25,9412800
2024-09-16,45.55626678466797,49.9900016784668,50.25,49.2599983215332,49.5,11823400
2024-09-17,45.100608825683594,49.4900016784668,50.40999984741211,48.849998474121094,50.09000015258789,7549200
2024-09-18,45.32844161987305,49.7400016784668,50.18000030517578,48.779998779296875,49.40999984741211,7771500
2024-09-19,44.672298431396484,49.02000045776367,50.040000915527344,48.95000076293945,49.88999938964844,8841400
2024-09-20,45.02770233154297,49.40999984741211,49.529998779296875,49.0,49.290000915527344,27106500
2024-09-23,45.57448959350586,50.0099983215332,50.22999954223633,49.47999954223633,49.560001373291016,12226500
2024-09-24,46.4220085144043,50.939998626708984,51.09000015258789,49.810001373291016,50.0099983215332,16463200
2024-09-25,45.519813537597656,49.95000076293945,51.369998931884766,49.11000061035156,51.25,15321900
2024-09-26,45.67473220825195,50.119998931884766,50.54999923706055,49.720001220703125,49.81999969482422,8622900
2024-09-27,46.39466857910156,50.90999984741211,52.15999984741211,50.709999084472656,51.540000915527344,23035300
2024-09-30,47.15105056762695,51.7400016784668,51.939998626708984,51.040000915527344,51.5099983215332,14085200
2024-10-01,48.20817184448242,52.900001525878906,52.970001220703125,51.61000061035156,51.95000076293945,17436200
2024-10-02,48.99188995361328,53.7599983215332,54.540000915527344,52.40999984741211,52.83000183105469,22198300
2024-10-03,49.39286804199219,54.20000076293945,54.290000915527344,53.40999984741211,53.849998474121094,15398400
2024-10-04,49.724609375,53.959999084472656,54.0099983215332,53.29999923706055,53.400001525878906,12826500
2024-10-07,49.245426177978516,53.439998626708984,54.41999816894531,53.40999984741211,54.0,11150600
2024-10-08,48.360782623291016,52.47999954223633,53.83000183105469,52.459999084472656,53.5,9900300
2024-10-09,48.65565872192383,52.79999923706055,53.150001525878906,51.5099983215332,52.25,10408200
2024-10-10,48.28706359863281,52.400001525878906,53.41999816894531,52.33000183105469,53.029998779296875,6799500
2024-10-11,48.102760314941406,52.20000076293945,52.65999984741211,52.0,52.58000183105469,6041700
2024-10-14,48.535858154296875,52.66999816894531,52.709999084472656,51.939998626708984,52.13999938964844,6890800
2024-10-15,48.618797302246094,52.7599983215332,53.38999938964844,51.310001373291016,51.310001373291016,10579100
2024-10-16,49.18092346191406,53.369998931884766,53.58000183105469,52.5099983215332,52.630001068115234,7624300
2024-10-17,49.00583267211914,53.18000030517578,53.58000183105469,52.83000183105469,53.189998626708984,7948500
2024-10-18,49.04269790649414,53.220001220703125,53.33000183105469,52.34000015258789,53.2599983215332,7184500
2024-10-21,48.02903366088867,52.119998931884766,53.29999923706055,52.099998474121094,53.279998779296875,5353100
2024-10-22,48.618797302246094,52.7599983215332,53.060001373291016,52.029998779296875,52.029998779296875,7122800
2024-10-23,48.89525604248047,53.060001373291016,53.11000061035156,52.540000915527344,52.79999923706055,5833000
2024-10-24,48.76624298095703,52.91999816894531,53.400001525878906,52.41999816894531,52.900001525878906,7103100
2024-10-25,47.844730377197266,51.91999816894531,52.900001525878906,51.81999969482422,52.68000030517578,7127400
2024-10-28,48.50822448730469,52.63999938964844,52.7599983215332,51.810001373291016,51.95000076293945,8528500
2024-10-29,48.379207611083984,52.5,52.7400016784668,52.13999938964844,52.34000015258789,8371500
2024-10-30,48.52665710449219,52.65999984741211,53.150001525878906,52.290000915527344,52.5,9654100
2024-10-31,51.39254379272461,55.77000045776367,56.20000076293945,53.560001373291016,53.79999923706055,18744000
2024-11-01,50.056358337402344,54.31999969482422,55.900001525878906,54.20000076293945,55.880001068115234,12894800
2024-11-04,51.09766387939453,55.45000076293945,55.77000045776367,54.31999969482422,54.33000183105469,10808200
2024-11-05,51.55841827392578,55.95000076293945,56.279998779296875,54.720001220703125,55.13999938964844,9278000
2024-11-06,50.94100570678711,55.279998779296875,56.79999923706055,55.13999938964844,56.34000015258789,11776000
2024-11-07,50.415740966796875,54.709999084472656,55.52000045776367,54.4900016784668,55.189998626708984,12042200
2024-11-08,49.89048767089844,54.13999938964844,54.790000915527344,53.970001220703125,54.70000076293945,9218600
2024-11-11,55.12465286254883,59.81999969482422,61.08000183105469,59.529998779296875,60.720001220703125,27898400
2024-11-12,54.38744354248047,59.02000045776367,60.619998931884766,58.810001373291016,59.81999969482422,15141300
2024-11-13,53.82532501220703,58.40999984741211,59.4900016784668,57.84000015258789,59.209999084472656,11215000
2024-11-14,53.908267974853516,58.5,59.72999954223633,58.2599983215332,58.90999984741211,11494200
2024-11-15,51.807220458984375,56.220001220703125,58.36000061035156,55.81999969482422,58.15999984741211,21259200
2024-11-18,52.34170150756836,56.79999923706055,56.84000015258789,55.84000015258789,56.18000030517578,10679100
2024-11-19,53.65945816040039,58.22999954223633,58.650001525878906,56.099998474121094,56.5,13129900
2024-11-20,53.33692932128906,57.880001068115234,58.83000183105469,57.66999816894531,58.61000061035156,11239700
2024-11-21,53.65945816040039,58.22999954223633,58.47999954223633,57.470001220703125,58.15999984741211,7441000
2024-11-22,54.24922180175781,58.869998931884766,58.91999816894531,57.619998931884766,58.349998474121094,7412500
2024-11-25,54.166282653808594,58.779998779296875,60.68000030517578,58.630001068115234,59.97999954223633,14119700
2024-11-26,54.129432678222656,58.7400016784668,59.08000183105469,58.060001373291016,58.84000015258789,7432800
2024-11-27,54.617828369140625,59.27000045776367,59.5099983215332,58.779998779296875,58.81999969482422,7064900
2024-11-29,54.57175064086914,59.220001220703125,59.540000915527344,58.959999084472656,59.33000183105469,4581600
2024-12-02,55.23523712158203,59.939998626708984,60.06999969482422,58.91999816894531,59.400001525878906,9032100
2024-12-03,54.08334732055664,58.689998626708984,60.09000015258789,58.630001068115234,59.880001068115234,8763400
2024-12-04,53.78846740722656,58.369998931884766,58.790000915527344,57.59000015258789,58.56999969482422,9533700
2024-12-05,54.22157669067383,58.84000015258789,59.22999954223633,58.22999954223633,58.29999923706055,8116500
2024-12-06,54.71919250488281,59.380001068115234,59.529998779296875,58.689998626708984,58.84000015258789,7276800
2024-12-09,54.101776123046875,58.709999084472656,59.7599983215332,58.70000076293945,59.25,8653500
2024-12-10,53.55808639526367,58.119998931884766,58.849998474121094,57.810001373291016,58.779998779296875,6896500
2024-12-11,52.20347595214844,56.650001525878906,58.04999923706055,56.619998931884766,58.0,10578700
2024-12-12,51.86251449584961,56.279998779296875,57.31999969482422,55.939998626708984,57.029998779296875,12121400
2024-12-13,51.401756286621094,55.779998779296875,56.380001068115234,55.040000915527344,56.380001068115234,9406100
2024-12-16,51.48468780517578,55.869998931884766,56.970001220703125,55.68000030517578,56.77000045776367,16470500
2024-12-17,53.12498092651367,57.650001525878906,57.77000045776367,56.04999923706055,56.09000015258789,14984500
2024-12-18,52.37855911254883,56.84000015258789,58.54999923706055,56.77000045776367,57.349998474121094,14111900
2024-12-19,51.880943298339844,56.29999923706055,57.189998626708984,56.11000061035156,56.849998474121094,11487900
2024-12-20,52.830101013183594,57.33000183105469,57.33000183105469,56.08000183105469,56.220001220703125,48212100
2024-12-23,53.06047821044922,57.58000183105469,57.65999984741211,56.79999923706055,57.25,9431500
2024-12-24,53.22634506225586,57.7599983215332,57.77000045776367,57.0099983215332,57.40999984741211,3668200
2024-12-26,53.447505950927734,58.0,58.06999969482422,57.5099983215332,57.65999984741211,4688800
2024-12-27,53.15262985229492,57.68000030517578,58.380001068115234,57.52000045776367,57.650001525878906,6607700
2024-12-30,51.65978240966797,56.060001373291016,57.599998474121094,56.04999923706055,57.529998779296875,6593700
2024-12-31,52.12053680419922,56.560001373291016,56.959999084472656,55.93000030517578,56.06999969482422,7345200
2025-01-02,52.332481384277344,56.790000915527344,57.380001068115234,56.52000045776367,56.93000030517578,9092000
2025-01-03,52.70515441894531,56.56999969482422,56.79999923706055,56.310001373291016,56.34000015258789,9533500
2025-01-06,52.807640075683594,56.68000030517578,57.029998779296875,55.939998626708984,56.310001373291016,9459600
2025-01-07,53.23621368408203,57.13999938964844,57.66999816894531,56.52000045776367,56.68000030517578,10814600
2025-01-08,52.92876052856445,56.810001373291016,57.04999923706055,56.04999923706055,56.97999954223633,11995900
2025-01-10,52.01571273803711,55.83000183105469,56.52000045776367,55.630001068115234,56.36000061035156,9681300
2025-01-13,51.57782745361328,55.36000061035156,55.790000915527344,54.810001373291016,55.68000030517578,7120700
2025-01-14,51.93186569213867,55.7400016784668,55.97999954223633,55.459999084472656,55.5,7409900
2025-01-15,52.090248107910156,55.90999984741211,56.7400016784668,55.65999984741211,56.130001068115234,8458400
2025-01-16,52.52813720703125,56.380001068115234,56.41999816894531,55.08000183105469,55.84000015258789,9061000
2025-01-17,52.44428634643555,56.290000915527344,56.619998931884766,55.54999923706055,56.0,10911600
2025-01-21,53.14305114746094,57.040000915527344,57.68000030517578,56.54999923706055,56.630001068115234,9113200
2025-01-22,53.18962860107422,57.09000015258789,57.38999938964844,55.95000076293945,56.4900016784668,8439800
2025-01-23,55.09957504272461,59.13999938964844,59.25,57.02000045776367,57.13999938964844,14504300
2025-01-24,55.593360900878906,59.66999816894531,60.0,59.099998474121094,59.11000061035156,12677500
2025-01-27,56.45982360839844,60.599998474121094,61.099998474121094,59.869998931884766,60.61000061035156,10882600
2025-01-28,54.74553680419922,58.7599983215332,60.59000015258789,58.7400016784668,60.279998779296875,9232600
2025-01-29,55.015724182128906,59.04999923706055,59.7400016784668,58.810001373291016,59.08000183105469,6780900
2025-01-30,55.09957504272461,59.13999938964844,59.349998474121094,58.58000183105469,59.290000915527344,8128600
2025-01-31,54.92255783081055,58.95000076293945,60.22999954223633,58.66999816894531,59.18000030517578,11342000
2025-02-03,55.85423278808594,59.95000076293945,60.310001373291016,58.54999923706055,58.790000915527344,13978200
2025-02-04,55.08094024658203,59.119998931884766,59.849998474121094,58.72999954223633,58.869998931884766,11718500
2025-02-05,55.63063049316406,59.709999084472656,60.36000061035156,59.22999954223633,59.63999938964844,12600800
2025-02-06,53.49708557128906,57.41999816894531,59.380001068115234,56.90999984741211,57.369998931884766,25072300
2025-02-07,52.966026306152344,56.849998474121094,57.709999084472656,56.189998626708984,57.459999084472656,14340200
2025-02-10,51.7362060546875,55.529998779296875,56.869998931884766,54.599998474121094,56.79999923706055,16656800
2025-02-11,52.118194580078125,55.939998626708984,56.310001373291016,55.099998474121094,55.400001525878906,8724200
2025-02-12,52.3138542175293,56.150001525878906,56.540000915527344,55.45000076293945,55.66999816894531,8502900
2025-02-13,52.146148681640625,55.970001220703125,56.2599983215332,55.630001068115234,56.25,8917200
2025-02-14,50.21756362915039,53.900001525878906,56.029998779296875,53.65999984741211,56.029998779296875,13227200
2025-02-18,50.711360931396484,54.43000030517578,54.59000015258789,53.540000915527344,53.720001220703125,10918500
2025-02-19,51.223785400390625,54.97999954223633,54.97999954223633,54.119998931884766,54.40999984741211,10770900
2025-02-20,51.97844314575195,55.790000915527344,55.81999969482422,54.79999923706055,55.02000045776367,8953500
2025-02-21,52.01571273803711,55.83000183105469,56.060001373291016,54.849998474121094,55.43000030517578,11105500
2025-02-24,53.9256591796875,57.880001068115234,58.0,55.95000076293945,55.970001220703125,13215800
2025-02-25,54.23311233520508,58.209999084472656,59.939998626708984,58.16999816894531,58.29999923706055,15344100
2025-02-26,53.459815979003906,57.380001068115234,58.41999816894531,57.220001220703125,58.15999984741211,7273100
2025-02-27,54.78280258178711,58.79999923706055,58.81999969482422,56.959999084472656,57.34000015258789,9812100
2025-02-28,55.54677963256836,59.619998931884766,59.7400016784668,57.91999816894531,58.970001220703125,20219700
2025-03-03,55.779693603515625,59.869998931884766,59.91999816894531,59.0099983215332,59.75,11214100
2025-03-04,55.37907409667969,59.439998626708984,60.689998626708984,59.290000915527344,59.959999084472656,16502200
2025-03-05,55.733116149902344,59.81999969482422,60.2599983215332,59.380001068115234,59.43000030517578,9707000
2025-03-06,56.068519592285156,60.18000030517578,60.70000076293945,59.029998779296875,59.939998626708984,10682400
2025-03-07,56.91634750366211,61.09000015258789,63.11000061035156,60.27000045776367,60.45000076293945,18538200
2025-03-10,58.79834747314453,63.11000061035156,63.15999984741211,60.720001220703125,60.95000076293945,20295700
2025-03-11,57.307655334472656,61.5099983215332,63.33000183105469,61.22999954223633,62.79999923706055,14637900
2025-03-12,55.72380065917969,59.810001373291016,60.81999969482422,59.52000045776367,60.720001220703125,10812400
2025-03-13,56.16168975830078,60.279998779296875,60.7599983215332,59.790000915527344,59.9900016784668,8990400
2025-03-14,54.978450775146484,59.0099983215332,59.9900016784668,58.720001220703125,59.84000015258789,11905700
2025-03-17,55.89150619506836,59.9900016784668,60.130001068115234,58.36000061035156,59.15999984741211,9666800
2025-03-18,55.80765151977539,59.900001525878906,60.2599983215332,59.540000915527344,59.880001068115234,9967900
2025-03-19,55.9753532409668,60.08000183105469,60.54999923706055,59.459999084472656,59.86000061035156,8304200
2025-03-20,56.29212951660156,60.41999816894531,61.06999969482422,59.779998779296875,59.86000061035156,12197400
2025-03-21,56.89772033691406,61.06999969482422,61.34000015258789,59.84000015258789,60.22999954223633,25865100
2025-03-24,56.879085540771484,61.04999923706055,61.25,59.970001220703125,60.790000915527344,11976800
2025-03-25,55.14616012573242,59.189998626708984,61.4900016784668,59.18000030517578,61.209999084472656,10969100
2025-03-26,55.16478729248047,59.209999084472656,59.689998626708984,58.529998779296875,59.31999969482422,11579500
2025-03-27,54.8759765625,58.900001525878906,59.560001373291016,58.77000045776367,59.18000030517578,8751200
2025-03-28,55.91945266723633,60.02000045776367,60.11000061035156,58.22999954223633,59.400001525878906,10791600
2025-03-31,56.823184967041016,60.9900016784668,61.63999938964844,59.369998931884766,59.79999923706055,11615900
2025-04-01,55.481563568115234,59.54999923706055,61.099998474121094,59.2400016784668,60.77000045776367,9623800
2025-04-02,55.52814865112305,59.599998474121094,60.2400016784668,59.15999984741211,59.810001373291016,8310000
2025-04-03,53.869754791259766,57.81999969482422,60.79999923706055,57.65999984741211,60.599998474121094,13246900
2025-04-04,52.08037567138672,55.29999923706055,57.16999816894531,54.720001220703125,56.81999969482422,14657900
2025-04-07,51.976783752441406,55.189998626708984,55.29999923706055,52.689998626708984,53.900001525878906,16820500
2025-04-08,49.98020935058594,53.06999969482422,55.77000045776367,52.15999984741211,55.16999816894531,16335100
2025-04-09,50.611202239990234,53.7400016784668,54.04999923706055,49.91999816894531,51.20000076293945,24323900
2025-04-10,47.52216720581055,50.459999084472656,53.41999816894531,48.81999969482422,53.33000183105469,23973300
2025-04-11,47.75761032104492,50.709999084472656,51.0099983215332,49.290000915527344,50.470001220703125,13411300
2025-04-14,48.35093307495117,51.34000015258789,51.599998474121094,50.54999923706055,51.529998779296875,14310300
2025-04-15,47.08894729614258,50.0,51.5,49.66999816894531,51.220001220703125,15684400
2025-04-16,46.48621368408203,49.36000061035156,50.400001525878906,48.84000015258789,50.099998474121094,14991000
2025-04-17,46.36377716064453,49.22999954223633,50.09000015258789,49.060001373291016,49.18000030517578,14244100
2025-04-21,46.090660095214844,48.939998626708984,49.66999816894531,48.15999984741211,49.349998474121094,10338700
2025-04-22,46.919429779052734,49.81999969482422,50.060001373291016,48.880001068115234,49.310001373291016,13376000
2025-04-23,45.70452880859375,48.529998779296875,49.33000183105469,47.540000915527344,47.630001068115234,24036600
2025-04-24,45.85521697998047,48.689998626708984,48.84000015258789,46.93000030517578,47.939998626708984,20579300
2025-04-25,45.111209869384766,47.900001525878906,48.95000076293945,46.959999084472656,48.869998931884766,16298800
2025-04-28,45.638607025146484,48.459999084472656,48.86000061035156,47.91999816894531,48.310001373291016,18574700
2025-04-29,46.35436248779297,49.220001220703125,49.47999954223633,48.150001525878906,48.33000183105469,19932800
2025-04-30,47.277305603027344,50.20000076293945,50.349998474121094,49.150001525878906,50.189998626708984,15951600
2025-05-01,46.721656799316406,49.61000061035156,50.18000030517578,48.689998626708984,49.56999969482422,17163100
2025-05-02,47.625762939453125,50.56999969482422,50.650001525878906,49.68000030517578,50.11000061035156,14167200
2025-05-05,47.14545822143555,50.060001373291016,50.599998474121094,49.34000015258789,50.470001220703125,12394600
2025-05-06,44.80042266845703,47.56999969482422,49.79999923706055,47.400001525878906,49.7400016784668,18517500
2025-05-07,44.84750747680664,47.619998931884766,48.189998626708984,47.279998779296875,47.779998779296875,15921800
2025-05-08,44.15059280395508,46.880001068115234,47.400001525878906,46.52000045776367,47.0,23404000
2025-05-09,43.745635986328125,46.45000076293945,47.119998931884766,46.31999969482422,46.900001525878906,14915400
2025-05-12,45.37491226196289,48.18000030517578,48.41999816894531,45.5,46.20000076293945,25598900
2025-05-13,43.87748336791992,46.59000015258789,47.630001068115234,46.5099983215332,47.29999923706055,16888200
2025-05-14,41.55128860473633,44.119998931884766,46.86000061035156,44.0,46.709999084472656,21973700
2025-05-15,43.14289474487305,45.810001373291016,45.849998474121094,44.41999816894531,44.70000076293945,27844400
2025-05-16,44.02816390991211,46.75,46.79999923706055,45.79999923706055,45.9900016784668,12116100
2025-05-19,44.47080612182617,47.220001220703125,47.27000045776367,46.38999938964844,46.599998474121094,10079100
2025-05-20,45.08295440673828,47.869998931884766,48.2599983215332,47.470001220703125,47.4900016784668,12595000
2025-05-21,44.26361083984375,47.0,47.880001068115234,46.93000030517578,47.70000076293945,11963200
2025-05-22,44.29186248779297,47.029998779296875,47.27000045776367,46.470001220703125,46.900001525878906,11036200
2025-05-23,44.122344970703125,46.849998474121094,47.15999984741211,46.4900016784668,46.93000030517578,8401400
2025-05-27,44.16001510620117,46.88999938964844,47.36000061035156,46.790000915527344,47.22999954223633,12954500
2025-05-28,44.23535919189453,46.970001220703125,47.20000076293945,46.099998474121094,46.900001525878906,12427700
2025-05-29,45.06412124633789,47.849998474121094,47.849998474121094,46.88999938964844,47.0,10490600
2025-05-30,45.469085693359375,48.279998779296875,48.349998474121094,47.29999923706055,47.869998931884766,20759300
2025-06-02,45.949398040771484,48.790000915527344,48.869998931884766,47.81999969482422,48.5,13505600
2025-06-03,45.2901496887207,48.09000015258789,48.93000030517578,47.650001525878906,48.4900016784668,12432700
2025-06-04,45.158302307128906,47.95000076293945,48.849998474121094,47.95000076293945,48.16999816894531,11203100
2025-06-05,45.05470657348633,47.84000015258789,48.599998474121094,47.72999954223633,48.04999923706055,12786000
2025-06-06,45.59152603149414,48.40999984741211,48.68000030517578,48.09000015258789,48.099998474121094,9319900
2025-06-09,46.14717102050781,49.0,49.369998931884766,48.54999923706055,48.560001373291016,9863500
2025-06-10,47.06069564819336,49.970001220703125,50.630001068115234,49.119998931884766,49.209999084472656,11365600
2025-06-11,47.2396354675293,50.15999984741211,50.7599983215332,49.86000061035156,50.04999923706055,11024600
2025-06-12,47.738773345947266,50.689998626708984,50.7400016784668,49.95000076293945,50.15999984741211,9620400
2025-06-13,46.8535041809082,49.75,50.459999084472656,49.650001525878906,50.2400016784668,9499400
2025-06-16,45.82696533203125,48.65999984741211,49.439998626708984,48.25,49.33000183105469,14974400
2025-06-17,44.48021697998047,47.22999954223633,48.560001373291016,47.15999984741211,48.400001525878906,12453800
2025-06-18,44.1129264831543,46.84000015258789,47.369998931884766,46.38999938964844,47.310001373291016,15864200
2025-06-20,44.13176345825195,46.86000061035156,47.400001525878906,46.720001220703125,46.91999816894531,47287200
2025-06-23,44.18826675415039,46.91999816894531,47.18000030517578,46.31999969482422,46.88999938964844,9508300
2025-06-24,44.29186248779297,47.029998779296875,47.400001525878906,46.709999084472656,47.08000183105469,14585000
2025-06-25,43.962242126464844,46.68000030517578,47.0,46.470001220703125,47.0,9013100
2025-06-26,43.933990478515625,46.650001525878906,47.06999969482422,46.470001220703125,46.900001525878906,7325600
2025-06-27,43.651451110839844,46.349998474121094,46.95000076293945,46.18000030517578,46.83000183105469,21865000
2025-06-30,43.594947814941406,46.290000915527344,46.72999954223633,46.16999816894531,46.40999984741211,17511800
2025-07-01,44.74391555786133,47.5099983215332,48.2599983215332,46.16999816894531,46.2599983215332,21112400
2025-07-02,44.85693359375,47.630001068115234,48.220001220703125,47.36000061035156,47.59000015258789,12299100
2025-07-03,44.77104949951172,46.91999816894531,47.27000045776367,46.70000076293945,47.209999084472656,7024100
2025-07-07,44.360748291015625,46.4900016784668,46.91999816894531,46.33000183105469,46.86000061035156,10687100
2025-07-08,44.88555908203125,47.040000915527344,47.81999969482422,46.47999954223633,46.650001525878906,9837200
2025-07-09,45.4771614074707,47.65999984741211,47.779998779296875,47.099998474121094,47.20000076293945,11949000
2025-07-10,46.29777526855469,48.52000045776367,48.61000061035156,46.97999954223633,47.45000076293945,14727300
2025-07-11,44.713802337646484,46.86000061035156,47.79999923706055,46.720001220703125,47.75,13716400
2025-07-14,45.17181396484375,47.34000015258789,47.970001220703125,46.880001068115234,46.880001068115234,10867500
2025-07-15,44.303497314453125,46.43000030517578,47.4900016784668,46.18000030517578,47.150001525878906,14878700
2025-07-16,45.00960159301758,47.16999816894531,47.41999816894531,46.650001525878906,46.77000045776367,13250500
2025-07-17,45.85883712768555,48.060001373291016,48.36000061035156,46.810001373291016,46.810001373291016,16472000
2025-07-18,45.19090270996094,47.36000061035156,48.2400016784668,47.2599983215332,48.13999938964844,10717000
2025-07-21,44.55158996582031,46.689998626708984,47.38999938964844,46.56999969482422,47.38999938964844,9999300
2025-07-22,45.8206787109375,48.02000045776367,48.13999938964844,46.849998474121094,46.90999984741211,9605500
2025-07-23,46.73670959472656,48.97999954223633,49.119998931884766,48.36000061035156,48.86000061035156,10834300
2025-07-24,46.69853591918945,48.939998626708984,49.279998779296875,48.709999084472656,49.02000045776367,6860600
2025-07-25,46.21189498901367,48.43000030517578,49.2400016784668,47.290000915527344,49.08000183105469,11922000
2025-07-28,45.33403015136719,47.5099983215332,48.459999084472656,47.34000015258789,48.439998626708984,7445600
2025-07-29,44.713802337646484,46.86000061035156,47.18000030517578,46.369998931884766,47.16999816894531,11423400
2025-07-30,43.874107360839844,45.97999954223633,47.2599983215332,45.810001373291016,47.0,14148800
2025-07-31,41.32639694213867,43.310001373291016,45.5099983215332,42.959999084472656,44.16999816894531,44531300
2025-08-01,42.204254150390625,44.22999954223633,44.459999084472656,43.56999969482422,43.61000061035156,18629500
2025-08-04,43.3206672668457,45.400001525878906,45.5099983215332,43.880001068115234,44.06999969482422,14662800
2025-08-05,43.750057220458984,45.849998474121094,45.900001525878906,45.04999923706055,45.619998931884766,11936900
2025-08-06,42.767234802246094,44.81999969482422,45.90999984741211,44.7400016784668,45.709999084472656,11324200
2025-08-07,43.28250503540039,45.36000061035156,45.95000076293945,44.75,44.97999954223633,11841800
2025-08-08,43.845481872558594,45.95000076293945,46.09000015258789,45.290000915527344,45.41999816894531,9988000
2025-08-11,43.82639694213867,45.93000030517578,46.369998931884766,45.70000076293945,46.040000915527344,8664200
2025-08-12,44.417999267578125,46.54999923706055,46.79999923706055,45.9900016784668,46.09000015258789,10290800
2025-08-13,45.6584587097168,47.849998474121094,47.869998931884766,46.349998474121094,46.7400016784668,10114400
2025-08-14,45.62029266357422,47.810001373291016,47.97999954223633,47.0099983215332,47.43000030517578,9410200
2025-08-15,46.221435546875,48.439998626708984,48.630001068115234,47.93000030517578,48.29999923706055,11208000
2025-08-18,45.98288345336914,48.189998626708984,48.709999084472656,48.08000183105469,48.38999938964844,7866300
2025-08-19,46.12601852416992,48.34000015258789,48.849998474121094,48.16999816894531,48.400001525878906,9083800
2025-08-20,46.0496826171875,48.2599983215332,49.58000183105469,48.2400016784668,48.5,9803200
2025-08-21,46.21189498901367,48.43000030517578,48.91999816894531,48.06999969482422,48.2599983215332,8782200
2025-08-22,45.725250244140625,47.91999816894531,49.11000061035156,47.720001220703125,48.84000015258789,11609100
2025-08-25,44.98097610473633,47.13999938964844,48.150001525878906,46.939998626708984,47.970001220703125,10859700
2025-08-26,45.04777145385742,47.209999084472656,47.400001525878906,46.9900016784668,47.20000076293945,12198300
2025-08-27,45.44853591918945,47.630001068115234,47.84000015258789,47.189998626708984,47.29999923706055,8562300
2025-08-28,44.732887268066406,46.880001068115234,47.650001525878906,46.650001525878906,47.630001068115234,7872000
2025-08-29,45.01914596557617,47.18000030517578,47.36000061035156,46.81999969482422,46.9900016784668,10687000
2025-09-02,45.23861312866211,47.40999984741211,47.86000061035156,47.040000915527344,47.29999923706055,9510300
2025-09-03,45.32448959350586,47.5,48.5099983215332,47.29999923706055,47.31999969482422,8379900
2025-09-04,44.55158996582031,46.689998626708984,47.689998626708984,46.310001373291016,47.599998474121094,10633100
2025-09-05,44.98097610473633,47.13999938964844,47.16999816894531,46.5,46.720001220703125,8227300
2025-09-08,44.5802116394043,46.720001220703125,46.810001373291016,45.849998474121094,46.650001525878906,10005600
2025-09-09,45.066856384277344,47.22999954223633,47.52000045776367,46.72999954223633,46.7400016784668,7891000
2025-09-10,44.99052047729492,47.150001525878906,47.439998626708984,46.779998779296875,47.0,8513400
2025-09-11,45.36266326904297,47.540000915527344,48.189998626708984,47.220001220703125,47.380001068115234,9875800
2025-09-12,44.08403015136719,46.20000076293945,47.900001525878906,46.189998626708984,47.41999816894531,11896400
2025-09-15,44.22715759277344,46.349998474121094,46.72999954223633,46.0,46.31999969482422,9669100
2025-09-16,44.217620849609375,46.34000015258789,46.84000015258789,46.040000915527344,46.04999923706055,9050600
2025-09-17,44.036319732666016,46.150001525878906,46.79999923706055,46.0099983215332,46.2400016784668,14352600
2025-09-18,43.51150894165039,45.599998474121094,46.31999969482422,45.52000045776367,46.099998474121094,18963900
2025-09-19,42.95807647705078,45.02000045776367,45.93000030517578,45.0,45.68000030517578,28356200
2025-09-22,42.91990280151367,44.97999954223633,45.540000915527344,44.959999084472656,45.029998779296875,11546000
2025-09-23,42.853111267089844,44.90999984741211,45.59000015258789,44.709999084472656,44.91999816894531,16358100
2025-09-24,42.1374626159668,44.15999984741211,44.86000061035156,44.04999923706055,44.75,19374200
2025-09-25,41.421810150146484,43.40999984741211,44.459999084472656,43.189998626708984,44.18000030517578,21345600
2025-09-26,42.09929275512695,44.119998931884766,44.13999938964844,43.25,43.959999084472656,14999600
2025-09-29,42.12792205810547,44.150001525878906,44.68000030517578,43.790000915527344,44.0,20722400
2025-09-30,43.03440856933594,45.099998474121094,45.529998779296875,44.119998931884766,44.18000030517578,35920400
2025-10-01,45.2577018737793,47.43000030517578,48.58000183105469,45.63999938964844,46.0,36615400
2025-10-02,43.635555267333984,45.72999954223633,47.40999984741211,45.65999984741211,47.09000015258789,27612200
2025-10-03,43.96444320678711,45.45000076293945,46.18000030517578,44.65999984741211,45.20000076293945,17894000
2025-10-06,43.66457748413086,45.13999938964844,45.90999984741211,44.869998931884766,45.349998474121094,19162500
2025-10-07,43.200260162353516,44.65999984741211,45.16999816894531,44.25,45.029998779296875,13018100
2025-10-08,43.08418655395508,44.540000915527344,44.900001525878906,44.459999084472656,44.7400016784668,10822900
2025-10-09,43.2196159362793,44.68000030517578,45.189998626708984,44.529998779296875,44.81999969482422,13379400
2025-10-10,42.52314376831055,43.959999084472656,44.779998779296875,43.77000045776367,44.779998779296875,14024900
2025-10-13,42.11687469482422,43.540000915527344,44.22999954223633,43.290000915527344,43.68000030517578,15509100
2025-10-14,42.368377685546875,43.79999923706055,43.900001525878906,43.27000045776367,43.43000030517578,16805600
2025-10-15,42.18458557128906,43.61000061035156,44.2400016784668,43.400001525878906,43.779998779296875,11941500
2025-10-16,41.971771240234375,43.38999938964844,43.93000030517578,43.220001220703125,43.72999954223633,12922100
2025-10-17,42.20392990112305,43.630001068115234,43.65999984741211,43.11000061035156,43.279998779296875,13966200
2025-10-20,42.16523742675781,43.59000015258789,43.97999954223633,43.5099983215332,43.65999984741211,11511500
2025-10-21,43.08418655395508,44.540000915527344,44.58000183105469,43.34000015258789,43.599998474121094,16468500
2025-10-22,42.939090728759766,44.38999938964844,45.22999954223633,44.33000183105469,44.59000015258789,14316500
2025-10-23,42.397396087646484,43.83000183105469,44.349998474121094,43.52000045776367,44.349998474121094,15379100
2025-10-24,42.397396087646484,43.83000183105469,43.939998626708984,43.58000183105469,43.93000030517578,10105900
2025-10-27,41.971771240234375,43.38999938964844,43.81999969482422,43.209999084472656,43.81999969482422,21380700
2025-10-28,41.42040252685547,42.81999969482422,43.38999938964844,42.75,43.38999938964844,17960600
2025-10-29,41.20759582519531,42.599998474121094,43.150001525878906,42.52000045776367,42.81999969482422,16147100
2025-10-30,44.12888717651367,45.619998931884766,45.81999969482422,43.20000076293945,43.27000045776367,41931600
2025-10-31,44.56417465209961,46.06999969482422,46.5,45.20000076293945,45.470001220703125,21482900
2025-11-03,44.51581573486328,46.02000045776367,46.65999984741211,45.5099983215332,46.20000076293945,20374700
2025-11-04,44.09986877441406,45.59000015258789,46.599998474121094,45.380001068115234,45.4900016784668,16316800
2025-11-05,44.95110321044922,46.470001220703125,46.630001068115234,45.43000030517578,45.54999923706055,11730700
2025-11-06,45.10587692260742,46.630001068115234,47.0,45.959999084472656,46.40999984741211,11591200
2025-11-07,45.163909912109375,46.689998626708984,46.9900016784668,46.31999969482422,46.720001220703125,9007500
2025-11-10,45.71527862548828,47.2599983215332,47.400001525878906,46.66999816894531,46.66999816894531,10739300
2025-11-11,47.1275634765625,48.720001220703125,48.7400016784668,47.45000076293945,47.47999954223633,14446000
2025-11-12,47.47579574584961,49.08000183105469,49.72999954223633,48.720001220703125,49.0,12717200
2025-11-13,47.04050827026367,48.630001068115234,49.9900016784668,48.47999954223633,49.02000045776367,14502600
2025-11-14,45.125221252441406,46.650001525878906,48.369998931884766,46.119998931884766,48.27000045776367,19779300
2025-11-17,45.27999496459961,46.810001373291016,47.72999954223633,46.52000045776367,46.52000045776367,12851600
2025-11-18,45.521820068359375,47.060001373291016,47.63999938964844,46.7599983215332,46.810001373291016,14588800
2025-11-19,44.293331146240234,45.790000915527344,47.0,45.7400016784668,47.0,14825000
2025-11-20,44.43842697143555,45.939998626708984,46.20000076293945,45.27000045776367,45.900001525878906,12137600
2025-11-21,44.73829650878906,46.25,46.9900016784668,45.52000045776367,46.16999816894531,14183500
2025-11-24,46.198936462402344,47.7599983215332,48.630001068115234,47.58000183105469,48.189998626708984,27383800
2025-11-25,47.44677734375,49.04999923706055,49.400001525878906,48.099998474121094,48.209999084472656,15000000
2025-11-26,47.64023971557617,49.25,49.5,48.79999923706055,49.02000045776367,11373500
2025-11-28,47.59187698364258,49.20000076293945,49.369998931884766,49.0099983215332,49.22999954223633,6187100
2025-12-01,47.57252883911133,49.18000030517578,49.86000061035156,48.7599983215332,49.22999954223633,11772900
2025-12-02,46.67292022705078,48.25,49.18000030517578,48.220001220703125,48.95000076293945,14475700
2025-12-03,49.29434585571289,50.959999084472656,51.34000015258789,49.43000030517578,49.939998626708984,27120100
2025-12-04,50.251991271972656,51.95000076293945,52.08000183105469,50.22999954223633,50.79999923706055,20473100
2025-12-05,50.44545364379883,52.150001525878906,52.5099983215332,51.689998626708984,51.9900016784668,15667700
2025-12-08,49.981136322021484,51.66999816894531,52.40999984741211,51.65999984741211,52.20000076293945,15278700
2025-12-09,48.99448013305664,50.650001525878906,52.0099983215332,50.41999816894531,51.790000915527344,12715400
2025-12-10,49.536170959472656,51.209999084472656,51.61000061035156,50.33000183105469,50.790000915527344,12132400
2025-12-11,49.5265007019043,51.20000076293945,51.47999954223633,50.439998626708984,51.11000061035156,9684200
2025-12-12,50.69695281982422,52.40999984741211,52.9900016784668,52.0099983215332,52.27000045776367,19046700
2025-12-15,52.5155029296875,54.290000915527344,54.79999923706055,53.0099983215332,53.5,21936600
2025-12-16,52.457462310791016,54.22999954223633,54.720001220703125,53.400001525878906,54.25,18038400
2025-12-17,51.79969024658203,53.54999923706055,54.4900016784668,53.5,54.06999969482422,14990500
2025-12-18,51.586883544921875,53.33000183105469,53.79999923706055,53.09000015258789,53.31999969482422,17296500
2025-12-19,52.41876983642578,54.189998626708984,54.86000061035156,53.290000915527344,53.40999984741211,40404100
2025-12-22,52.873409271240234,54.65999984741211,54.81999969482422,54.040000915527344,54.13999938964844,25146300
2025-12-23,52.505828857421875,54.279998779296875,54.779998779296875,54.0099983215332,54.65999984741211,16579400
2025-12-24,52.921775817871094,54.709999084472656,54.75,54.20000076293945,54.40999984741211,10038100
2025-12-26,52.85406494140625,54.63999938964844,55.040000915527344,54.380001068115234,54.7599983215332,9573000
2025-12-29,52.34138488769531,54.11000061035156,54.72999954223633,54.0,54.63999938964844,9162800
2025-12-30,52.43811798095703,54.209999084472656,54.349998474121094,53.91999816894531,54.20000076293945,7914000
2025-12-31,52.17694091796875,53.939998626708984,54.349998474121094,53.90999984741211,54.209999084472656,7866800
2026-01-02,52.323753356933594,53.459999084472656,53.869998931884766,52.939998626708984,53.209999084472656,8865800
2026-01-05,51.93225860595703,53.060001373291016,53.36000061035156,52.060001373291016,53.0,14090600
2026-01-06,53.26334762573242,54.41999816894531,54.81999969482422,53.150001525878906,53.20000076293945,16769400
2026-01-07,55.514469146728516,56.720001220703125,56.7400016784668,55.22999954223633,55.2400016784668,18041600
2026-01-08,54.71189880371094,55.900001525878906,56.970001220703125,55.810001373291016,56.58000183105469,12073500
2026-01-09,54.67274856567383,55.86000061035156,56.33000183105469,55.619998931884766,55.720001220703125,9478900
2026-01-12,54.584659576416016,55.77000045776367,56.59000015258789,55.5099983215332,56.11000061035156,13249600
2026-01-13,54.731468200683594,55.91999816894531,56.560001373291016,55.54999923706055,55.939998626708984,10924200
2026-01-14,55.80809020996094,57.02000045776367,57.040000915527344,55.72999954223633,56.11000061035156,13352600
2026-01-15,55.41659164428711,56.619998931884766,57.0,55.34000015258789,56.72999954223633,11845600
2026-01-16,54.08549499511719,55.2599983215332,56.560001373291016,55.099998474121094,56.459999084472656,13702900
2026-01-20,53.06760025024414,54.220001220703125,54.90999984741211,53.880001068115234,54.52000045776367,15350000
2026-01-21,53.341651916503906,54.5,54.619998931884766,53.54999923706055,54.099998474121094,15834800
2026-01-22,53.772300720214844,54.939998626708984,55.529998779296875,54.36000061035156,54.61000061035156,12277500
2026-01-23,53.48846435546875,54.650001525878906,55.18000030517578,54.22999954223633,54.97999954223633,9701700
2026-01-26,53.43952560424805,54.599998474121094,55.209999084472656,54.47999954223633,54.54999923706055,8565600
2026-01-27,54.379119873046875,55.560001373291016,56.119998931884766,54.560001373291016,54.560001373291016,11347000
2026-01-28,53.45909881591797,54.619998931884766,55.470001220703125,54.2599983215332,55.0099983215332,7901700
2026-01-29,53.12632751464844,54.279998779296875,55.16999816894531,54.209999084472656,54.63999938964844,16530100
2026-01-30,53.87996292114258,55.04999923706055,55.06999969482422,54.33000183105469,54.529998779296875,16199300
2026-02-02,54.70210647583008,55.88999938964844,55.900001525878906,54.959999084472656,55.060001373291016,9424900
2026-02-03,54.799983978271484,55.9900016784668,56.529998779296875,55.4900016784668,55.54999923706055,11081300
2026-02-04,56.39533996582031,57.619998931884766,57.970001220703125,56.43000030517578,56.56999969482422,21793800
2026-02-05,58.25495529174805,59.52000045776367,60.560001373291016,58.0,58.90999984741211,23929600
2026-02-06,60.672462463378906,61.9900016784668,62.04999923706055,59.77000045776367,60.0,17117600
2026-02-09,59.47838592529297,60.77000045776367,61.630001068115234,60.36000061035156,61.369998931884766,14013500
2026-02-10,59.56647491455078,60.86000061035156,61.45000076293945,59.95000076293945,60.939998626708984,12082800
2026-02-11,58.6562385559082,59.93000030517578,61.08000183105469,59.65999984741211,60.599998474121094,11867000
2026-02-12,58.587730407714844,59.86000061035156,60.93000030517578,59.25,60.0,14021500
2026-02-13,59.44902801513672,60.7400016784668,60.95000076293945,60.02000045776367,60.11000061035156,10819600
2026-02-17,59.06731033325195,60.349998474121094,61.29999923706055,59.47999954223633,60.849998474121094,12874400
2026-02-18,58.46049499511719,59.72999954223633,60.40999984741211,59.38999938964844,60.22999954223633,9436800
2026-02-19,59.01837921142578,60.29999923706055,60.36000061035156,59.22999954223633,59.849998474121094,13325200
2026-02-20,59.370723724365234,60.65999984741211,60.93000030517578,59.650001525878906,60.619998931884766,9598800
2026-02-23,59.948184967041016,61.25,61.439998626708984,60.63999938964844,60.970001220703125,11029100
2026-02-24,60.29074478149414,61.599998474121094,61.90999984741211,61.0099983215332,61.11000061035156,13237900
2026-02-25,59.99712371826172,61.29999923706055,62.119998931884766,60.90999984741211,61.5,16234100
2026-02-26,59.80137252807617,61.099998474121094,61.599998474121094,60.650001525878906,61.529998779296875,10672100
2026-02-27,61.04438018798828,62.369998931884766,62.68000030517578,61.18000030517578,61.18000030517578,20742600
2026-03-02,61.015018463134766,62.34000015258789,62.88999938964844,61.97999954223633,62.369998931884766,17627500
2026-03-03,59.918827056884766,61.220001220703125,61.95000076293945,60.43000030517578,61.56999969482422,12425300
2026-03-04,61.00523376464844,62.33000183105469,62.59000015258789,61.470001220703125,61.70000076293945,12345000
2026-03-05,59.44902801513672,60.7400016784668,62.0,60.2599983215332,61.79999923706055,14758400
2026-03-06,59.00859069824219,60.290000915527344,60.43000030517578,59.45000076293945,60.43000030517578,11401900
2026-03-09,59.341365814208984,60.630001068115234,60.63999938964844,59.25,59.91999816894531,10964600
2026-03-10,58.85198974609375,60.130001068115234,60.959999084472656,59.97999954223633,60.599998474121094,9693800
2026-03-11,58.705177307128906,59.97999954223633,60.029998779296875,59.27000045776367,60.0,9041100
2026-03-12,57.69707107543945,58.95000076293945,59.380001068115234,58.31999969482422,59.16999816894531,10235100
2026-03-13,57.824310302734375,59.08000183105469,60.06999969482422,58.75,59.66999816894531,9395600
2026-03-16,58.440914154052734,59.709999084472656,59.79999923706055,58.869998931884766,59.4900016784668,8436800
2026-03-17,58.440914154052734,59.709999084472656,60.810001373291016,59.59000015258789,60.130001068115234,14258000
2026-03-18,58.1081428527832,59.369998931884766,59.66999816894531,58.810001373291016,59.349998474121094,12539000
2026-03-19,56.87492370605469,58.11000061035156,59.63999938964844,58.09000015258789,59.209999084472656,12850600
2026-03-20,56.2583122253418,57.47999954223633,58.54999923706055,56.90999984741211,58.2599983215332,65847800
2026-03-23,55.788516998291016,57.0,58.25,57.0,58.220001220703125,10129900
2026-03-24,56.17022705078125,57.38999938964844,57.689998626708984,56.45000076293945,56.79999923706055,11997700
2026-03-25,57.68728256225586,58.939998626708984,59.38999938964844,57.790000915527344,57.790000915527344,9052200
2026-03-26,58.166866302490234,59.43000030517578,59.5099983215332,58.63999938964844,58.77000045776367,6474500
2026-03-27,57.2957878112793,58.540000915527344,59.689998626708984,58.369998931884766,59.61000061035156,7909300
2026-03-30,58.46049499511719,59.72999954223633,60.060001373291016,59.08000183105469,59.650001525878906,17705200
2026-03-31,59.36094284057617,60.650001525878906,61.130001068115234,59.91999816894531,60.20000076293945,12797200
2026-04-01,60.41798400878906,61.72999954223633,62.22999954223633,60.869998931884766,61.209999084472656,9881900
2026-04-02,58.93472671508789,59.599998474121094,60.58000183105469,59.099998474121094,60.22999954223633,14752800
2026-04-06,58.66774368286133,59.33000183105469,59.630001068115234,58.77000045776367,59.119998931884766,7954300
2026-04-07,57.026268005371094,57.66999816894531,59.22999954223633,57.650001525878906,59.119998931884766,9003100
2026-04-08,58.53919219970703,59.20000076293945,59.22999954223633,57.66999816894531,58.0099983215332,11587600
2026-04-09,58.80617904663086,59.470001220703125,59.689998626708984,58.540000915527344,58.70000076293945,6572100
2026-04-10,57.965667724609375,58.619998931884766,59.79999923706055,58.459999084472656,59.790000915527344,8060100
2026-04-13,57.41191864013672,58.060001373291016,58.900001525878906,57.54999923706055,58.11000061035156,10529200
2026-04-14,57.431697845458984,58.08000183105469,58.619998931884766,57.560001373291016,57.900001525878906,7612900
2026-04-15,57.24381637573242,57.88999938964844,58.15999984741211,57.220001220703125,58.0,8701600
2026-04-16,58.30187225341797,58.959999084472656,58.97999954223633,57.65999984741211,57.66999816894531,8220700
2026-04-17,59.49836349487305,60.16999816894531,60.47999954223633,58.540000915527344,59.20000076293945,11535900
2026-04-20,58.469974517822266,59.130001068115234,60.119998931884766,58.90999984741211,60.0,7677800
2026-04-21,58.72706985473633,59.38999938964844,59.72999954223633,57.790000915527344,59.150001525878906,9002400
2026-04-22,58.14365768432617,58.79999923706055,59.70000076293945,58.68000030517578,59.400001525878906,7499800
2026-04-23,58.361202239990234,59.02000045776367,59.25,58.63999938964844,58.84000015258789,6512700
2026-04-24,58.05466079711914,58.709999084472656,59.209999084472656,58.349998474121094,58.86000061035156,6822800
2026-04-27,57.13504409790039,57.779998779296875,59.130001068115234,57.709999084472656,58.209999084472656,10700300
2026-04-28,57.609683990478516,58.2599983215332,58.72999954223633,57.90999984741211,58.58000183105469,6270800
2026-04-29,56.94716262817383,57.59000015258789,58.380001068115234,57.279998779296875,57.650001525878906,9462800
2026-04-30,59.91367721557617,60.59000015258789,60.779998779296875,57.38999938964844,57.689998626708984,24880100
2026-05-01,57.570133209228516,58.220001220703125,60.09000015258789,58.029998779296875,60.02000045776367,18368500
2026-05-04,56.73950958251953,57.380001068115234,58.0,56.93000030517578,57.650001525878906,9447400
2026-05-05,56.314308166503906,56.95000076293945,57.47999954223633,56.72999954223633,57.0,11316700
2026-05-06,55.95832824707031,56.59000015258789,57.400001525878906,56.36000061035156,57.22999954223633,10439400
2026-05-07,55.62211990356445,56.25,56.900001525878906,55.56999969482422,56.439998626708984,10419800
2026-05-08,55.53312683105469,56.15999984741211,56.540000915527344,55.779998779296875,56.33000183105469,10033000
2026-05-11,55.0485954284668,55.66999816894531,56.4900016784668,55.40999984741211,56.18000030517578,8390900
2026-05-12,55.819889068603516,56.45000076293945,57.02000045776367,55.45000076293945,56.0099983215332,9274000
2026-05-13,55.76055908203125,56.38999938964844,56.83000183105469,55.849998474121094,55.900001525878906,7997500
2026-05-14,56.13631820678711,56.77000045776367,57.04999923706055,56.099998474121094,56.689998626708984,7687000
2026-05-15,56.36375045776367,57.0,57.11000061035156,56.13999938964844,56.63999938964844,10824000
2026-05-18,56.670291900634766,57.310001373291016,58.5,57.08000183105469,57.45000076293945,11659300
2026-05-19,57.65913009643555,58.310001373291016,58.63999938964844,57.08000183105469,57.31999969482422,7998900
2026-05-20,57.88656234741211,58.540000915527344,59.209999084472656,58.11000061035156,58.66999816894531,8547200
2026-05-21,58.885284423828125,59.54999923706055,59.61000061035156,57.83000183105469,58.22999954223633,8451100
2026-05-22,58.79629135131836,59.459999084472656,60.25,59.25,59.970001220703125,6489200
2026-05-26,57.38225173950195,58.029998779296875,59.779998779296875,58.029998779296875,59.619998931884766,8159500
2026-05-27,56.87794494628906,57.52000045776367,58.79999923706055,57.130001068115234,58.029998779296875,9347600
2026-05-28,56.27475357055664,56.90999984741211,57.689998626708984,56.2599983215332,57.599998474121094,12074800
2026-05-29,56.54174041748047,57.18000030517578,57.33000183105469,56.540000915527344,57.0,27566000
2026-06-01,54.336631774902344,54.95000076293945,57.45000076293945,54.709999084472656,57.400001525878906,20579800
2026-06-02,53.85210037231445,54.459999084472656,55.59000015258789,54.20000076293945,54.779998779296875,13739900
2026-06-03,54.10919952392578,54.720001220703125,55.09000015258789,54.310001373291016,54.560001373291016,11540700
2026-06-04,55.96821212768555,56.599998474121094,56.779998779296875,55.54999923706055,55.75,12659100
2026-06-05,56.6307373046875,57.27000045776367,57.81999969482422,56.790000915527344,57.029998779296875,9575900
2026-06-08,54.949710845947266,55.56999969482422,57.41999816894531,55.529998779296875,57.15999984741211,12344700
2026-06-09,55.849552154541016,56.47999954223633,56.529998779296875,55.2599983215332,56.029998779296875,11952700
2026-06-10,54.979373931884766,55.599998474121094,56.70000076293945,55.599998474121094,56.63999938964844,8146800
2026-06-11,56.26486587524414,56.900001525878906,57.40999984741211,55.7400016784668,55.939998626708984,8900700
2026-06-12,56.4922981262207,57.130001068115234,57.599998474121094,56.77000045776367,57.45000076293945,7840600
2026-06-15,55.61223602294922,56.2400016784668,57.2400016784668,56.0099983215332,56.95000076293945,13561200
2026-06-16,55.29580307006836,55.91999816894531,56.619998931884766,55.45000076293945,56.40999984741211,11945700
2026-06-17,54.66294860839844,55.279998779296875,56.209999084472656,55.0099983215332,55.79999923706055,8968600
2026-06-18,53.39723587036133,54.0,55.33000183105469,53.439998626708984,55.20000076293945,31700400
2026-06-22,54.08942413330078,54.70000076293945,54.72999954223633,54.0,54.20000076293945,15961400
2026-06-23,54.91015625,55.529998779296875,55.939998626708984,54.959999084472656,55.38999938964844,13251000
2026-06-24,54.38607406616211,55.0,56.59000015258789,54.779998779296875,56.0,18905800
2026-06-25,54.77172088623047,55.38999938964844,56.189998626708984,55.02000045776367,55.369998931884766,15973800
2026-06-26,56.87794494628906,57.52000045776367,57.7400016784668,55.400001525878906,55.400001525878906,24000900
2026-06-29,57.90633773803711,58.560001373291016,58.58000183105469,57.16999816894531,57.61000061035156,11770900
2026-06-30,56.976829528808594,57.619998931884766,58.880001068115234,57.27000045776367,58.689998626708984,11346300
2026-07-01,55.810001373291016,56.439998626708984,57.70000076293945,56.29999923706055,57.619998931884766,11201800
2026-07-02,58.130001068115234,58.130001068115234,58.13999938964844,56.40999984741211,56.650001525878906,10001900
2026-07-06,56.70000076293945,56.70000076293945,58.11000061035156,56.4900016784668,57.7400016784668,9313000
2026-07-07,57.970001220703125,57.970001220703125,58.4900016784668,57.45000076293945,57.790000915527344,10048400
2026-07-08,57.540000915527344,57.540000915527344,58.189998626708984,57.34000015258789,57.88999938964844,8004500
2026-07-09,57.939998626708984,57.939998626708984,58.0,57.13999938964844,57.439998626708984,7628500
2026-07-10,57.58000183105469,57.58000183105469,57.939998626708984,56.939998626708984,57.790000915527344,11203500
2026-07-13,59.34000015258789,59.34000015258789,59.439998626708984,57.540000915527344,57.900001525878906,12089300
2026-07-14,56.95000076293945,56.95000076293945,59.13999938964844,56.779998779296875,59.0,14056000
2026-07-15,58.720001220703125,58.720001220703125,59.189998626708984,57.040000915527344,57.04999923706055,12485300
2026-07-16,60.5099983215332,60.5099983215332,60.560001373291016,58.56999969482422,58.790000915527344,10166800
2026-07-17,60.7400016784668,60.7400016784668,62.290000915527344,60.470001220703125,60.869998931884766,12261500
2026-07-20,60.15999984741211,60.15999984741211,61.349998474121094,60.029998779296875,60.7599983215332,10183900
2026-07-21,60.93000030517578,60.93000030517578,61.02000045776367,59.79999923706055,60.08000183105469,7744400
2026-07-22,60.7599983215332,60.7599983215332,61.70000076293945,60.560001373291016,61.400001525878906,6796800
2026-07-23,61.5099983215332,61.5099983215332,62.04999923706055,60.45000076293945,60.7400016784668,7621800
2026-07-24,62.09000015258789,62.09000015258789,62.81999969482422,61.599998474121094,61.939998626708984,12071700
2026-07-27,62.560001373291016,62.560001373291016,63.439998626708984,62.220001220703125,62.400001525878906,10317000
2026-07-28,63.599998474121094,63.599998474121094,64.97000122070312,63.20000076293945,63.650001525878906,15141700
2026-07-29,63.099998474121094,63.099998474121094,63.90999984741211,63.099998474121094,63.869998931884766,10606600
2026-07-30,64.86000061035156,64.86000061035156,65.55999755859375,62.22999954223633,62.689998626708984,18031400
2026-07-31,65.30999755859375,65.30999755859375,65.66000366210938,63.529998779296875,65.0,14580300
2026-08-03,65.47000122070312,65.47000122070312,68.0999984741211,64.13999938964844,66.12000274658203,32970900
2026-08-04,65.88999938964844,65.88999938964844,66.30999755859375,63.869998931884766,64.88999938964844,23292800
2026-08-05,63.630001068115234,63.630001068115234,65.41000366210938,63.2599983215332,64.80999755859375,14117100
2026-08-06,64.1500015258789,64.1500015258789,64.94000244140625,63.20000076293945,64.9000015258789,9553600
2026-08-07,64.72000122070312,64.72000122070312,64.7300033569336,63.790000915527344,64.23999786376953,7212900
2026-08-10,64.83999633789062,64.83999633789062,65.25,64.12000274658203,64.33000183105469,9753300
2026-08-11,63.61000061035156,63.61000061035156,65.0199966430664,63.540000915527344,64.55999755859375,9366700
2026-08-12,63.70000076293945,63.70000076293945,64.0,63.0,63.4900016784668,7509600
2026-08-13,64.6500015258789,64.6500015258789,65.0199966430664,63.90999984741211,64.05000305175781,10526100
2026-08-14,63.83000183105469,63.83000183105469,64.33000183105469,63.349998474121094,64.12999725341797,7529800
2026-08-17,64.62999725341797,64.62999725341797,64.73999786376953,63.36000061035156,63.599998474121094,7288800
2026-08-18,66.05000305175781,66.05000305175781,66.37999725341797,65.0,65.30000305175781,9413800
2026-08-19,67.61000061035156,67.61000061035156,68.63999938964844,66.61000061035156,66.80000305175781,13889200
2026-08-20,65.47000122070312,65.47000122070312,67.54000091552734,65.44999694824219,67.2300033569336,9489600
2026-08-21,67.01000213623047,67.01000213623047,67.55000305175781,65.12999725341797,65.79000091552734,6841300
2026-08-24,67.27999877929688,67.27999877929688,67.41000366210938,66.44999694824219,67.41000366210938,6812100
2026-08-25,67.91999816894531,67.91999816894531,68.05000305175781,66.41999816894531,66.41999816894531,7911500
2026-08-26,67.56999969482422,67.56999969482422,68.0,67.31999969482422,67.73999786376953,7511200
2026-08-27,66.94999694824219,66.94999694824219,67.47000122070312,66.19999694824219,66.58999633789062,4667100
2026-08-28,66.58000183105469,66.58000183105469,66.83999633789062,66.19000244140625,66.7699966430664,5542900
2026-08-31,66.80999755859375,66.80999755859375,67.19999694824219,65.91000366210938,66.25,12681800
2026-09-01,66.91999816894531,66.91999816894531,68.04000091552734,66.6500015258789,67.58000183105469,6933300
2026-09-02,67.66000366210938,67.66000366210938,67.7300033569336,66.75,66.81999969482422,7823700
2026-09-03,68.08999633789062,68.08999633789062,68.23999786376953,66.62000274658203,68.08000183105469,6224000
2026-09-04,66.81999969482422,66.81999969482422,67.72000122070312,66.58000183105469,67.23999786376953,4825300
2026-09-08,64.69000244140625,64.69000244140625,65.88999938964844,64.4000015258789,65.66000366210938,9522900
2026-09-09,64.41000366210938,64.41000366210938,65.05000305175781,64.26000213623047,64.56999969482422,6573400
2026-09-10,64.05999755859375,64.05999755859375,64.91999816894531,63.77000045776367,64.91999816894531,1959554
