Price,Adj Close,Close,High,Low,Open,Volume
Ticker,CME,CME,CME,CME,CME,CME
Date,,,,,,
2021-09-10,153.36380004882812,189.2100067138672,193.2100067138672,189.10000610351562,191.83999633789062,1502700
2021-09-13,153.37998962402344,189.22999572753906,191.66000366210938,187.9600067138672,191.00999450683594,1597600
2021-09-14,153.072021484375,188.85000610351562,191.57000732421875,187.91000366210938,190.8000030517578,1170000
2021-09-15,153.16114807128906,188.9600067138672,189.27000427246094,187.0,187.9499969482422,1505500
2021-09-16,152.9423370361328,188.69000244140625,191.33999633789062,188.63999938964844,189.50999450683594,1273900
2021-09-17,152.9098663330078,188.64999389648438,189.67999267578125,187.6199951171875,188.11000061035156,1881400
2021-09-20,152.3911590576172,188.00999450683594,189.17999267578125,185.92999267578125,187.69000244140625,1389000
2021-09-21,150.6322479248047,185.83999633789062,189.32000732421875,185.7899932861328,188.63999938964844,1299500
2021-09-22,153.4610595703125,189.3300018310547,189.99000549316406,186.10000610351562,187.69000244140625,1776500
2021-09-23,156.82484436035156,193.47999572753906,194.11000061035156,190.16000366210938,190.25,1495600
2021-09-24,160.49659729003906,198.00999450683594,198.5399932861328,192.8300018310547,193.52999877929688,1889300
2021-09-27,160.8370361328125,198.42999267578125,201.75999450683594,197.50999450683594,198.4499969482422,1687800
2021-09-28,160.39935302734375,197.88999938964844,200.99000549316406,195.57000732421875,200.22000122070312,1873100
2021-09-29,158.99708557128906,196.16000366210938,198.02999877929688,195.9499969482422,197.4600067138672,1027600
2021-09-30,156.74378967285156,193.3800048828125,197.5,193.05999755859375,197.11000061035156,1392900
2021-10-01,159.3456573486328,196.58999633789062,197.24000549316406,191.61000061035156,194.27000427246094,1254400
2021-10-04,157.82183837890625,194.7100067138672,198.00999450683594,192.3699951171875,196.07000732421875,1384300
2021-10-05,160.74789428710938,198.32000732421875,199.49000549316406,193.39999389648438,193.55999755859375,989800
2021-10-06,161.0720977783203,198.72000122070312,198.83999633789062,196.52000427246094,197.25,946500
2021-10-07,163.8198699951172,202.11000061035156,202.25999450683594,199.74000549316406,200.72999572753906,1465700
2021-10-08,163.34974670410156,201.52999877929688,202.33999633789062,198.3699951171875,201.19000244140625,1170300
2021-10-11,163.1795654296875,201.32000732421875,204.3699951171875,200.94000244140625,202.6699981689453,929300
2021-10-12,164.3872528076172,202.80999755859375,203.8000030517578,200.9199981689453,201.32000732421875,1077000
2021-10-13,165.5625457763672,204.25999450683594,204.7100067138672,199.5,201.7899932861328,1540300
2021-10-14,167.82398986816406,207.0500030517578,207.22999572753906,203.2100067138672,204.4199981689453,1314500
2021-10-15,171.75514221191406,211.89999389648438,212.61000061035156,207.52000427246094,208.0,1746600
2021-10-18,173.40052795410156,213.92999267578125,214.36000061035156,210.67999267578125,211.0500030517578,1524800
2021-10-19,176.3428497314453,217.55999755859375,217.63999938964844,213.91000366210938,214.77000427246094,1663700
2021-10-20,173.5950469970703,214.1699981689453,217.7899932861328,213.05999755859375,217.7899932861328,1080400
2021-10-21,174.09759521484375,214.7899932861328,216.0,213.7100067138672,215.1199951171875,1204700
2021-10-22,176.658935546875,217.9499969482422,218.6699981689453,214.3699951171875,215.0,1184600
2021-10-25,176.4481658935547,217.69000244140625,218.6199951171875,216.64999389648438,218.0,1021200
2021-10-26,177.7288818359375,219.27000427246094,220.42999267578125,216.64999389648438,217.75999450683594,1331900
2021-10-27,175.93756103515625,217.05999755859375,219.5399932861328,216.24000549316406,219.5,1526700
2021-10-28,176.9750518798828,218.33999633789062,219.0,215.52999877929688,216.3699951171875,1726600
2021-10-29,178.7664031982422,220.5500030517578,221.42999267578125,217.27000427246094,217.83999633789062,1318300
2021-11-01,176.9669647216797,218.3300018310547,221.64999389648438,216.5,221.64999389648438,803400
2021-11-02,178.80691528320312,220.60000610351562,221.3699951171875,217.8000030517578,218.5,984300
2021-11-03,178.67724609375,220.44000244140625,222.4600067138672,218.6699981689453,221.17999267578125,753500
2021-11-04,178.7825927734375,220.57000732421875,230.88999938964844,219.19000244140625,230.13999938964844,1858500
2021-11-05,179.7066192626953,221.7100067138672,224.55999755859375,220.67999267578125,224.10000610351562,1364100
2021-11-08,178.86363220214844,220.6699981689453,223.27000427246094,219.5,222.85000610351562,757000
2021-11-09,179.72280883789062,221.72999572753906,221.9600067138672,219.0800018310547,220.33999633789062,753600
2021-11-10,179.1959686279297,221.0800018310547,223.85000610351562,220.1300048828125,221.75,970000
2021-11-11,180.35508728027344,222.50999450683594,222.85000610351562,220.3800048828125,221.52999877929688,1005400
2021-11-12,182.251708984375,224.85000610351562,225.14999389648438,221.67999267578125,222.4499969482422,1630100
2021-11-15,183.73504638671875,226.67999267578125,226.8000030517578,223.99000549316406,224.42999267578125,1496700
2021-11-16,182.9082794189453,225.66000366210938,228.02000427246094,225.36000061035156,227.27000427246094,1210800
2021-11-17,183.52432250976562,226.4199981689453,227.05999755859375,223.1699981689453,225.5399932861328,1143100
2021-11-18,183.34596252441406,226.1999969482422,226.6699981689453,224.33999633789062,225.97999572753906,1128300
2021-11-19,181.00347900390625,223.30999755859375,226.33999633789062,221.99000549316406,226.1999969482422,1255500
2021-11-22,181.8302459716797,224.3300018310547,225.7100067138672,222.77999877929688,223.39999389648438,1101600
2021-11-23,184.75634765625,227.94000244140625,228.0800018310547,222.22000122070312,222.92999267578125,1252400
2021-11-24,185.56689453125,228.94000244140625,230.89999389648438,227.8000030517578,228.85000610351562,1244900
2021-11-26,180.07135009765625,222.16000366210938,225.92999267578125,221.11000061035156,225.0,1006500
2021-11-29,182.64080810546875,225.3300018310547,225.99000549316406,222.30999755859375,223.4600067138672,1461000
2021-11-30,178.7420654296875,220.52000427246094,224.75999450683594,218.88999938964844,223.89999389648438,2660000
2021-12-01,178.3286895751953,220.00999450683594,225.0,219.58999633789062,223.2100067138672,1406900
2021-12-02,183.629638671875,226.5500030517578,228.2899932861328,220.4600067138672,220.4600067138672,1370000
2021-12-03,182.58407592773438,225.25999450683594,228.00999450683594,221.92999267578125,228.00999450683594,1303800
2021-12-06,181.92750549316406,224.4499969482422,227.11000061035156,223.86000061035156,226.85000610351562,1260200
2021-12-07,187.4392547607422,231.25,231.5399932861328,226.07000732421875,226.58999633789062,1410600
2021-12-08,188.02281188964844,231.97000122070312,232.63999938964844,230.22999572753906,231.1300048828125,1202900
2021-12-09,185.2318115234375,227.63999938964844,230.75999450683594,227.17999267578125,230.2100067138672,994700
2021-12-10,185.85025024414062,228.39999389648438,228.97000122070312,226.2100067138672,228.60000610351562,1046400
2021-12-13,185.4434051513672,227.89999389648438,228.9199981689453,226.25,228.16000366210938,951500
2021-12-14,185.15858459472656,227.5500030517578,229.1699981689453,225.66000366210938,227.5399932861328,1648900
2021-12-15,185.23995971679688,227.64999389648438,228.8300018310547,226.2899932861328,228.75,1431400
2021-12-16,186.41171264648438,229.08999633789062,230.0,227.1699981689453,228.60000610351562,1336400
2021-12-17,182.90464782714844,224.77999877929688,229.3699951171875,223.4499969482422,228.77000427246094,2512900
2021-12-20,180.56930541992188,221.91000366210938,222.6300048828125,218.63999938964844,222.22999572753906,859300
2021-12-21,183.24635314941406,225.1999969482422,226.08999633789062,222.85000610351562,223.9499969482422,849400
2021-12-22,184.873779296875,227.1999969482422,227.27999877929688,224.44000244140625,225.08999633789062,704300
2021-12-23,186.30592346191406,228.9600067138672,230.3800048828125,228.2100067138672,228.36000061035156,1031600
2021-12-27,189.37648010253906,229.42999267578125,229.5800018310547,225.5800018310547,226.0,785100
2021-12-28,189.94602966308594,230.1199951171875,230.9499969482422,229.42999267578125,229.42999267578125,531500
2021-12-29,189.11231994628906,229.11000061035156,230.86000061035156,228.00999450683594,230.33999633789062,595100
2021-12-30,188.7408905029297,228.66000366210938,231.3300018310547,228.2899932861328,229.2100067138672,450900
2021-12-31,188.5758514404297,228.4600067138672,229.5,227.75999450683594,227.75999450683594,600200
2022-01-03,186.0995330810547,225.4600067138672,229.5,223.89999389648438,229.1300048828125,1317500
2022-01-04,187.59359741210938,227.27000427246094,228.52999877929688,225.27999877929688,226.72999572753906,1154000
2022-01-05,186.90020751953125,226.42999267578125,228.72999572753906,225.6199951171875,228.72999572753906,1027500
2022-01-06,186.30592346191406,225.7100067138672,227.77999877929688,224.89999389648438,227.61000061035156,943300
2022-01-07,185.7528533935547,225.0399932861328,225.74000549316406,222.2100067138672,225.11000061035156,928900
2022-01-10,183.9039306640625,222.8000030517578,225.41000366210938,220.86000061035156,224.92999267578125,855500
2022-01-11,184.4322052001953,223.44000244140625,223.5500030517578,219.6300048828125,223.22000122070312,1259300
2022-01-12,186.69383239746094,226.17999267578125,226.60000610351562,223.0,223.02999877929688,1649400
2022-01-13,184.67161560058594,223.72999572753906,229.0,223.1300048828125,227.0,2029500
2022-01-14,184.22584533691406,223.19000244140625,223.39999389648438,219.2899932861328,222.17999267578125,1596900
2022-01-18,184.4817352294922,223.5,224.0500030517578,220.32000732421875,222.30999755859375,1709000
2022-01-19,189.53329467773438,229.6199951171875,230.66000366210938,224.22999572753906,224.22999572753906,3196100
2022-01-20,190.83746337890625,231.1999969482422,234.0399932861328,230.69000244140625,231.0399932861328,2370800
2022-01-21,186.4709930419922,225.91000366210938,231.0,225.89999389648438,231.0,2261500
2022-01-24,185.1007843017578,224.25,224.74000549316406,219.19000244140625,219.6999969482422,2354700
2022-01-25,183.07022094726562,221.7899932861328,224.3000030517578,218.1199951171875,220.64999389648438,1645200
2022-01-26,181.7000732421875,220.1300048828125,223.60000610351562,217.9600067138672,222.9600067138672,2865000
2022-01-27,184.26710510253906,223.24000549316406,228.4499969482422,219.97999572753906,221.36000061035156,1935000
2022-01-28,186.3389434814453,225.75,225.8000030517578,219.10000610351562,223.9600067138672,1840000
2022-01-31,189.4342803955078,229.5,230.11000061035156,223.63999938964844,225.27999877929688,1754300
2022-02-01,191.51431274414062,232.02000427246094,232.92999267578125,228.1199951171875,229.3300018310547,1541400
2022-02-02,197.58116149902344,239.3699951171875,240.0399932861328,231.74000549316406,232.19000244140625,2092800
2022-02-03,198.98439025878906,241.07000732421875,242.3000030517578,237.5800018310547,239.00999450683594,2981100
2022-02-04,203.1940155029297,246.1699981689453,248.1999969482422,238.97999572753906,238.97999572753906,2007900
2022-02-07,200.30506896972656,242.6699981689453,246.67999267578125,242.0500030517578,246.1699981689453,1192600
2022-02-08,199.26507568359375,241.41000366210938,242.63999938964844,237.1300048828125,240.86000061035156,1938900
2022-02-09,205.95091247558594,249.50999450683594,256.94000244140625,244.25,247.1199951171875,2685400
2022-02-10,201.44415283203125,244.0500030517578,246.97000122070312,242.83999633789062,246.52000427246094,2366700
2022-02-11,198.9513397216797,241.02999877929688,244.0500030517578,238.05999755859375,244.0500030517578,2591600
2022-02-14,197.4160919189453,239.1699981689453,241.74000549316406,236.32000732421875,241.6300048828125,2065700
2022-02-15,197.14369201660156,238.83999633789062,243.14999389648438,237.72000122070312,241.05999755859375,1755400
2022-02-16,197.20970153808594,238.9199981689453,239.75999450683594,237.86000061035156,238.25999450683594,1762100
2022-02-17,197.15194702148438,238.85000610351562,241.1999969482422,235.97999572753906,238.08999633789062,1217700
2022-02-18,195.31126403808594,236.6199951171875,239.75,235.83999633789062,239.27999877929688,2356600
2022-02-22,196.7557373046875,238.3699951171875,239.97999572753906,235.92999267578125,236.6999969482422,1444500
2022-02-23,194.4363250732422,235.55999755859375,240.97999572753906,235.36000061035156,239.85000610351562,1060600
2022-02-24,195.83953857421875,237.25999450683594,238.13999938964844,229.1699981689453,229.58999633789062,2332900
2022-02-25,197.6141815185547,239.41000366210938,240.83999633789062,236.69000244140625,239.14999389648438,2016700
2022-02-28,195.23695373535156,236.52999877929688,238.19000244140625,234.75999450683594,235.75,1754500
2022-03-01,192.69467163085938,233.4499969482422,238.33999633789062,232.41000366210938,236.33999633789062,1834700
2022-03-02,195.41033935546875,236.74000549316406,238.61000061035156,235.2100067138672,236.0800018310547,1427000
2022-03-03,198.77801513671875,240.82000732421875,244.08999633789062,237.72000122070312,238.3800048828125,2164800
2022-03-04,201.2130126953125,243.77000427246094,244.63999938964844,236.52999877929688,239.13999938964844,1472900
2022-03-07,194.57666015625,235.72999572753906,244.3699951171875,235.63999938964844,243.77000427246094,2013500
2022-03-08,183.8461456298828,222.72999572753906,235.27000427246094,222.17999267578125,235.27000427246094,2695600
2022-03-09,190.7777862548828,230.08999633789062,231.5800018310547,224.61000061035156,225.25,1642500
2022-03-10,189.01171875,227.9600067138672,229.3300018310547,225.22999572753906,227.22000122070312,1487100
2022-03-11,187.3534393310547,225.9600067138672,231.7100067138672,225.67999267578125,229.39999389648438,1295100
2022-03-14,190.3466339111328,229.57000732421875,232.3000030517578,225.9600067138672,227.69000244140625,1538700
2022-03-15,192.3614501953125,232.0,232.5500030517578,229.3800048828125,231.1699981689453,1188700
2022-03-16,200.6612091064453,242.00999450683594,242.1699981689453,232.75999450683594,232.75999450683594,2025300
2022-03-17,204.20166015625,246.27999877929688,246.2899932861328,241.1300048828125,241.19000244140625,1350400
2022-03-18,206.95440673828125,249.60000610351562,251.24000549316406,246.52000427246094,249.08999633789062,2863000
2022-03-21,207.9161834716797,250.75999450683594,251.4600067138672,248.24000549316406,248.5,1442900
2022-03-22,205.61947631835938,247.99000549316406,251.99000549316406,245.72000122070312,250.75999450683594,1873300
2022-03-23,204.6244659423828,246.7899932861328,249.8800048828125,246.4600067138672,248.0,976800
2022-03-24,203.082275390625,244.92999267578125,248.49000549316406,243.77000427246094,247.30999755859375,1793000
2022-03-25,205.39561462402344,247.72000122070312,249.3300018310547,245.5399932861328,245.5399932861328,1601800
2022-03-28,202.79208374023438,244.5800018310547,248.75,244.0500030517578,248.11000061035156,1795500
2022-03-29,199.7325439453125,240.88999938964844,245.49000549316406,238.75,245.0,2182100
2022-03-30,200.487060546875,241.8000030517578,243.69000244140625,240.60000610351562,242.30999755859375,1586700
2022-03-31,197.22024536132812,237.86000061035156,244.8000030517578,237.8300018310547,242.5800018310547,2555900
2022-04-01,198.84535217285156,239.82000732421875,240.8699951171875,236.41000366210938,238.64999389648438,1906100
2022-04-04,194.50892639160156,234.58999633789062,240.63999938964844,233.1699981689453,240.07000732421875,1321500
2022-04-05,196.88856506347656,237.4600067138672,240.6199951171875,233.24000549316406,233.24000549316406,1227100
2022-04-06,201.85513305664062,243.4499969482422,243.72000122070312,235.99000549316406,236.55999755859375,1795900
2022-04-07,202.5599365234375,244.3000030517578,245.77000427246094,238.77000427246094,244.60000610351562,1212000
2022-04-08,201.0674591064453,242.5,247.02000427246094,242.0,245.94000244140625,1258900
2022-04-11,198.8619384765625,239.83999633789062,242.3699951171875,237.42999267578125,242.22000122070312,1302100
2022-04-12,195.7029266357422,236.02999877929688,242.66000366210938,235.0,240.02000427246094,1467800
2022-04-13,198.46395874023438,239.36000061035156,239.63999938964844,235.8000030517578,236.80999755859375,1085100
2022-04-14,197.054443359375,237.66000366210938,240.5399932861328,237.55999755859375,239.67999267578125,834100
2022-04-18,195.87705993652344,236.24000549316406,238.82000732421875,235.08999633789062,237.27999877929688,773400
2022-04-19,194.1026611328125,234.10000610351562,237.77000427246094,231.6999969482422,237.1199951171875,1356600
2022-04-20,195.84388732910156,236.1999969482422,237.61000061035156,233.9199981689453,235.0,1591800
2022-04-21,189.3516387939453,228.3699951171875,237.4600067138672,228.14999389648438,236.61000061035156,1633500
2022-04-22,184.8328399658203,222.9199981689453,229.3000030517578,222.39999389648438,228.4199981689453,1570100
2022-04-25,183.70516967773438,221.55999755859375,222.35000610351562,217.52000427246094,221.39999389648438,2040300
2022-04-26,176.8315887451172,213.27000427246094,221.75999450683594,213.13999938964844,221.6999969482422,2122200
2022-04-27,187.32855224609375,225.92999267578125,228.4499969482422,214.77999877929688,217.49000549316406,2256500
2022-04-28,187.1544189453125,225.72000122070312,228.1199951171875,222.7100067138672,226.11000061035156,1473100
2022-04-29,181.86448669433594,219.33999633789062,225.9499969482422,218.88999938964844,224.52999877929688,1295000
2022-05-02,179.7418670654297,216.77999877929688,220.99000549316406,213.49000549316406,219.38999938964844,1463200
2022-05-03,181.7152557373047,219.16000366210938,220.49000549316406,216.8300018310547,217.55999755859375,1125300
2022-05-04,182.958984375,220.66000366210938,220.9600067138672,213.75,218.5,1623300
2022-05-05,176.8315887451172,213.27000427246094,219.99000549316406,211.1300048828125,219.99000549316406,1427300
2022-05-06,174.42706298828125,210.3699951171875,212.85000610351562,208.14999389648438,212.1999969482422,1296100
2022-05-09,167.15548706054688,201.60000610351562,209.24000549316406,200.66000366210938,208.8300018310547,1821200
2022-05-10,166.05270385742188,200.27000427246094,205.64999389648438,198.08999633789062,203.49000549316406,1574900
2022-05-11,164.68463134765625,198.6199951171875,202.35000610351562,197.97999572753906,200.11000061035156,1498300
2022-05-12,162.52056884765625,196.00999450683594,199.1699981689453,191.94000244140625,198.02000427246094,2572500
2022-05-13,165.91175842285156,200.10000610351562,202.32000732421875,196.08999633789062,198.1999969482422,1888600
2022-05-16,162.6531982421875,196.1699981689453,200.66000366210938,195.0399932861328,200.49000549316406,2064800
2022-05-17,162.53712463378906,196.02999877929688,199.30999755859375,194.02999877929688,198.6999969482422,1664300
2022-05-18,156.27713012695312,188.47999572753906,195.1300048828125,187.10000610351562,194.9600067138672,1832400
2022-05-19,157.6617889404297,190.14999389648438,191.36000061035156,186.19000244140625,186.7100067138672,1611300
2022-05-20,159.2869110107422,192.11000061035156,193.0,188.72999572753906,192.08999633789062,2601900
2022-05-23,158.86402893066406,191.60000610351562,194.55999755859375,191.25999450683594,194.27000427246094,1879100
2022-05-24,158.92208862304688,191.6699981689453,192.6300048828125,187.89999389648438,191.5800018310547,1226700
2022-05-25,162.03964233398438,195.42999267578125,196.75999450683594,191.08999633789062,192.92999267578125,1897900
2022-05-26,163.26681518554688,196.91000366210938,198.58999633789062,195.17999267578125,195.74000549316406,1029200
2022-05-27,165.7707977294922,199.92999267578125,199.94000244140625,197.50999450683594,198.8300018310547,1123900
2022-05-31,164.85873413085938,198.8300018310547,200.36000061035156,197.4499969482422,199.83999633789062,2286600
2022-06-01,165.30648803710938,199.3699951171875,201.0,197.74000549316406,199.1999969482422,1617600
2022-06-02,169.70925903320312,204.67999267578125,204.74000549316406,199.3699951171875,200.0,1308200
2022-06-03,165.82887268066406,200.0,203.94000244140625,199.22000122070312,201.6199951171875,1061400
2022-06-06,165.29820251464844,199.36000061035156,203.3699951171875,198.97999572753906,202.97000122070312,1228800
2022-06-07,168.1172637939453,202.75999450683594,203.0800018310547,198.6699981689453,198.72000122070312,1145100
2022-06-08,165.47230529785156,199.57000732421875,203.47000122070312,199.11000061035156,201.64999389648438,1094700
2022-06-09,164.93899536132812,197.92999267578125,201.1699981689453,197.88999938964844,199.13999938964844,1319900
2022-06-10,166.58062744140625,199.89999389648438,201.47000122070312,195.32000732421875,196.5800018310547,2471100
2022-06-13,169.15560913085938,202.99000549316406,206.11000061035156,195.27000427246094,195.9600067138672,2937900
2022-06-14,163.42234802246094,196.11000061035156,202.94000244140625,195.17999267578125,202.75999450683594,2345400
2022-06-15,167.3972625732422,200.8800048828125,203.1300048828125,196.83999633789062,197.5,1434600
2022-06-16,169.39724731445312,203.27999877929688,204.97000122070312,196.72999572753906,197.3300018310547,2167900
2022-06-17,167.10562133789062,200.52999877929688,203.25,197.1199951171875,202.72000122070312,3571600
2022-06-21,173.74717712402344,208.5,209.3000030517578,201.77999877929688,202.47000122070312,1936000
2022-06-22,173.7138671875,208.4600067138672,210.60000610351562,205.38999938964844,206.60000610351562,1581200
2022-06-23,173.7138671875,208.4600067138672,211.2899932861328,206.41000366210938,209.30999755859375,1217700
2022-06-24,174.9971466064453,210.0,210.3800048828125,207.00999450683594,209.1199951171875,1556100
2022-06-27,174.53048706054688,209.44000244140625,211.2899932861328,208.64999389648438,211.0800018310547,1050800
2022-06-28,171.76385498046875,206.1199951171875,212.08999633789062,205.4199981689453,209.5500030517578,1223300
2022-06-29,171.78887939453125,206.14999389648438,208.88999938964844,204.7100067138672,206.30999755859375,853500
2022-06-30,170.58056640625,204.6999969482422,206.25999450683594,202.5399932861328,204.52000427246094,1149200
2022-07-01,170.23057556152344,204.27999877929688,204.50999450683594,200.41000366210938,203.8699951171875,1822200
2022-07-05,170.29727172851562,204.36000061035156,204.5,199.52999877929688,203.5800018310547,1066900
2022-07-06,169.9639129638672,203.9600067138672,206.9600067138672,202.9199981689453,205.80999755859375,1123700
2022-07-07,173.9805145263672,208.77999877929688,209.25999450683594,204.50999450683594,204.89999389648438,1279100
2022-07-08,174.0804901123047,208.89999389648438,211.19000244140625,207.36000061035156,207.55999755859375,1270500
2022-07-11,173.61386108398438,208.33999633789062,210.0,206.74000549316406,209.5500030517578,798400
2022-07-12,169.3055877685547,203.1699981689453,210.1699981689453,202.52999877929688,208.5399932861328,959500
2022-07-13,169.6222686767578,203.5500030517578,205.5500030517578,201.32000732421875,201.4199981689453,759600
2022-07-14,166.27230834960938,199.52999877929688,201.6699981689453,198.00999450683594,200.7899932861328,1560000
2022-07-15,168.28062438964844,201.94000244140625,202.2899932861328,198.77000427246094,200.08999633789062,1760300
2022-07-18,167.03062438964844,200.44000244140625,203.2899932861328,199.99000549316406,202.5800018310547,964700
2022-07-19,169.84725952148438,203.82000732421875,204.6999969482422,200.89999389648438,202.47000122070312,1344400
2022-07-20,170.1222381591797,204.14999389648438,206.1999969482422,202.86000061035156,205.27999877929688,1395500
2022-07-21,171.48887634277344,205.7899932861328,205.80999755859375,203.36000061035156,204.5500030517578,1036500
2022-07-22,170.39723205566406,204.47999572753906,206.5500030517578,202.9199981689453,205.42999267578125,951200
2022-07-25,170.38055419921875,204.4600067138672,205.75,203.05999755859375,204.5,1241600
2022-07-26,169.8139190673828,203.77999877929688,205.55999755859375,202.8800048828125,204.4499969482422,1186900
2022-07-27,163.32237243652344,195.99000549316406,202.74000549316406,194.22000122070312,201.7899932861328,2318900
2022-07-28,166.26393127441406,199.52000427246094,200.36000061035156,191.7100067138672,195.4499969482422,1787000
2022-07-29,166.2306365966797,199.47999572753906,200.60000610351562,197.85000610351562,198.8699951171875,1493000
2022-08-01,163.122314453125,195.75,198.80999755859375,193.8800048828125,197.52000427246094,1498300
2022-08-02,164.5973358154297,197.52000427246094,198.8800048828125,194.94000244140625,195.91000366210938,1062200
2022-08-03,164.7806854248047,197.74000549316406,199.33999633789062,196.0800018310547,198.6999969482422,982700
2022-08-04,166.68898010253906,200.02999877929688,202.55999755859375,198.0,198.0,1080600
2022-08-05,168.45559692382812,202.14999389648438,202.2100067138672,199.39999389648438,199.97999572753906,1174800
2022-08-08,167.88063049316406,201.4600067138672,204.17999267578125,199.4199981689453,204.05999755859375,742100
2022-08-09,169.12225341796875,202.9499969482422,203.58999633789062,201.05999755859375,202.02999877929688,731500
2022-08-10,165.3306427001953,198.39999389648438,204.35000610351562,196.9199981689453,204.35000610351562,2305800
2022-08-11,165.8473358154297,199.02000427246094,201.92999267578125,197.50999450683594,198.57000732421875,1970400
2022-08-12,168.83059692382812,202.60000610351562,202.74000549316406,198.58999633789062,200.00999450683594,1445700
2022-08-15,168.57223510742188,202.2899932861328,205.25,199.97000122070312,199.97000122070312,972000
2022-08-16,171.21389770507812,205.4600067138672,205.66000366210938,200.07000732421875,201.24000549316406,1376200
2022-08-17,172.0388641357422,206.4499969482422,206.5800018310547,202.02999877929688,203.47999572753906,1451000
2022-08-18,173.26390075683594,207.9199981689453,209.24000549316406,207.0,207.10000610351562,1081000
2022-08-19,168.38894653320312,202.07000732421875,206.61000061035156,201.63999938964844,206.47000122070312,1868900
2022-08-22,166.40562438964844,199.69000244140625,204.0,199.32000732421875,201.9600067138672,1007900
2022-08-23,164.73065185546875,197.67999267578125,199.24000549316406,197.16000366210938,199.24000549316406,1092100
2022-08-24,165.74732971191406,198.89999389648438,199.5,197.1699981689453,197.99000549316406,987800
2022-08-25,165.93899536132812,199.1300048828125,201.49000549316406,197.88999938964844,199.97000122070312,815100
2022-08-26,163.62232971191406,196.35000610351562,200.42999267578125,196.17999267578125,199.5399932861328,1056400
2022-08-29,162.83065795898438,195.39999389648438,197.1300048828125,194.32000732421875,195.69000244140625,1160400
2022-08-30,162.65570068359375,195.19000244140625,197.8300018310547,193.8800048828125,197.0,1610300
2022-08-31,163.0056610107422,195.61000061035156,198.25999450683594,195.16000366210938,197.22999572753906,1769300
2022-09-01,166.18063354492188,199.4199981689453,199.52999877929688,194.02000427246094,194.5,1703100
2022-09-02,162.23904418945312,194.69000244140625,201.25999450683594,193.97999572753906,200.92999267578125,1511800
2022-09-06,165.02235412597656,198.02999877929688,199.72000122070312,194.6199951171875,195.47000122070312,1667100
2022-09-07,166.94729614257812,200.33999633789062,200.47000122070312,196.83999633789062,196.88999938964844,1236500
2022-09-08,169.15829467773438,201.97999572753906,202.47999572753906,198.5,198.7899932861328,983900
2022-09-09,168.60552978515625,201.32000732421875,201.97000122070312,199.14999389648438,201.97000122070312,1637100
2022-09-12,167.67591857910156,200.2100067138672,202.19000244140625,199.69000244140625,201.17999267578125,953800
2022-09-13,162.5420379638672,194.0800018310547,199.69000244140625,193.58999633789062,197.77000427246094,1927000
2022-09-14,160.21383666992188,191.3000030517578,195.72999572753906,189.75,195.72999572753906,1856700
2022-09-15,159.76992797851562,190.77000427246094,194.19000244140625,190.57000732421875,191.97000122070312,1416000
2022-09-16,160.43153381347656,191.55999755859375,193.82000732421875,189.94000244140625,191.1199951171875,1708800
2022-09-19,159.72801208496094,190.72000122070312,190.7899932861328,188.7100067138672,190.77000427246094,819900
2022-09-20,156.82191467285156,187.25,189.83999633789062,185.1699981689453,189.2899932861328,984100
2022-09-21,152.45016479492188,182.02999877929688,187.72000122070312,181.97000122070312,186.57000732421875,1383100
2022-09-22,153.53890991210938,183.3300018310547,184.7899932861328,181.2899932861328,183.1999969482422,1244200
2022-09-23,151.65455627441406,181.0800018310547,184.13999938964844,178.75,183.0,1265800
2022-09-26,150.73329162597656,179.97999572753906,180.9600067138672,177.8699951171875,180.39999389648438,1195900
2022-09-27,147.6177520751953,176.25999450683594,181.9600067138672,175.0800018310547,180.9499969482422,1781200
2022-09-28,150.35641479492188,179.52999877929688,180.41000366210938,175.3699951171875,176.39999389648438,1811000
2022-09-29,149.6361541748047,178.6699981689453,180.57000732421875,177.50999450683594,179.50999450683594,1623400
2022-09-30,148.34642028808594,177.1300048828125,180.91000366210938,176.9600067138672,179.16000366210938,1641600
2022-10-03,149.2257843017578,178.17999267578125,179.27000427246094,175.11000061035156,177.5800018310547,2023800
2022-10-04,152.53392028808594,182.1300048828125,182.22999572753906,177.4199981689453,179.3300018310547,2061400
2022-10-05,151.47866821289062,180.8699951171875,184.5500030517578,179.35000610351562,180.47000122070312,1424900
2022-10-06,147.10690307617188,175.64999389648438,181.5399932861328,175.44000244140625,180.8800048828125,1875700
2022-10-07,142.3080596923828,169.9199981689453,174.99000549316406,169.3300018310547,174.80999755859375,1950700
2022-10-10,141.9228057861328,169.4600067138672,171.08999633789062,168.49000549316406,170.6699981689453,2172800
2022-10-11,142.33314514160156,169.9499969482422,171.6999969482422,169.00999450683594,169.92999267578125,1696400
2022-10-12,143.8071746826172,171.7100067138672,175.82000732421875,171.49000549316406,173.11000061035156,2459200
2022-10-13,146.0935516357422,174.44000244140625,175.0500030517578,168.5,170.8800048828125,2228900
2022-10-14,143.89927673339844,171.82000732421875,175.8300018310547,171.36000061035156,174.5,1299200
2022-10-17,145.8506622314453,174.14999389648438,176.50999450683594,173.49000549316406,174.25,1492500
2022-10-18,145.94277954101562,174.25999450683594,177.07000732421875,173.8800048828125,177.0399932861328,1236600
2022-10-19,144.7200469970703,172.8000030517578,175.2899932861328,172.4600067138672,173.63999938964844,1139500
2022-10-20,142.71005249023438,170.39999389648438,173.67999267578125,169.9499969482422,171.97999572753906,1777300
2022-10-21,142.36666870117188,169.99000549316406,170.39999389648438,166.5800018310547,170.39999389648438,3395300
2022-10-24,144.0583953857422,172.00999450683594,173.52000427246094,170.02000427246094,170.4199981689453,2400700
2022-10-25,147.23252868652344,175.8000030517578,176.36000061035156,171.07000732421875,171.25999450683594,3025500
2022-10-26,143.9913787841797,171.92999267578125,178.22000122070312,171.07000732421875,176.5500030517578,2171200
2022-10-27,144.66140747070312,172.72999572753906,175.07000732421875,171.64999389648438,172.75,2033800
2022-10-28,146.35317993164062,174.75,175.55999755859375,171.67999267578125,173.8000030517578,1658300
2022-10-31,145.13876342773438,173.3000030517578,174.91000366210938,172.7899932861328,173.3699951171875,1610200
2022-11-01,145.33139038085938,173.52999877929688,175.3000030517578,172.0,174.50999450683594,1559400
2022-11-02,144.7870330810547,172.8800048828125,175.74000549316406,171.75999450683594,173.22000122070312,2564600
2022-11-03,143.1455078125,170.9199981689453,173.3300018310547,170.8000030517578,171.1300048828125,973300
2022-11-04,142.93617248535156,170.6699981689453,172.9199981689453,169.22000122070312,171.88999938964844,2069600
2022-11-07,142.1572723388672,169.74000549316406,171.5500030517578,169.38999938964844,171.13999938964844,1738400
2022-11-08,145.05502319335938,173.1999969482422,174.16000366210938,169.25,169.75,3225800
2022-11-09,143.2125701904297,171.0,174.55999755859375,170.80999755859375,174.5399932861328,1769100
2022-11-10,146.00978088378906,174.33999633789062,175.89999389648438,171.86000061035156,175.89999389648438,2417900
2022-11-11,145.93443298339844,174.25,175.55999755859375,171.35000610351562,175.1199951171875,2723600
2022-11-14,145.6413116455078,173.89999389648438,178.63999938964844,173.82000732421875,174.0800018310547,2023700
2022-11-15,145.54916381835938,173.7899932861328,175.75999450683594,171.67999267578125,174.82000732421875,2024700
2022-11-16,146.4704132080078,174.88999938964844,176.38999938964844,173.99000549316406,174.2899932861328,2684800
2022-11-17,145.33139038085938,173.52999877929688,175.3699951171875,173.41000366210938,174.42999267578125,2399700
2022-11-18,144.46878051757812,172.5,174.33999633789062,171.16000366210938,174.0,2074100
2022-11-21,147.81878662109375,176.5,176.94000244140625,172.6999969482422,172.97000122070312,2520100
2022-11-22,145.93443298339844,174.25,177.60000610351562,174.02000427246094,177.5500030517578,1558500
2022-11-23,147.40003967285156,176.0,177.72999572753906,174.66000366210938,174.80999755859375,2087100
2022-11-25,146.5625457763672,175.0,176.74000549316406,174.0,176.44000244140625,1086700
2022-11-28,144.9964141845703,173.1300048828125,175.36000061035156,172.30999755859375,174.8000030517578,2296500
2022-11-29,146.4033966064453,174.80999755859375,175.3800048828125,172.77000427246094,173.5,2123500
2022-11-30,147.81878662109375,176.5,177.1999969482422,172.0500030517578,174.94000244140625,3865100
2022-12-01,148.9912872314453,177.89999389648438,179.4199981689453,176.97999572753906,178.2100067138672,3246400
2022-12-02,147.92767333984375,176.6300048828125,177.89999389648438,175.47000122070312,176.58999633789062,3193400
2022-12-05,151.06829833984375,180.3800048828125,180.67999267578125,175.05999755859375,176.97999572753906,2937200
2022-12-06,150.65789794921875,179.88999938964844,181.99000549316406,179.6999969482422,181.1199951171875,2485500
2022-12-07,147.40003967285156,176.0,180.50999450683594,175.35000610351562,179.35000610351562,2441100
2022-12-08,149.2530517578125,177.1999969482422,177.77000427246094,174.75,174.91000366210938,1769400
2022-12-09,150.62599182128906,178.8300018310547,179.25,177.27000427246094,177.30999755859375,2474300
2022-12-12,152.3611297607422,180.88999938964844,180.92999267578125,177.16000366210938,178.52000427246094,2438500
2022-12-13,150.03643798828125,178.1300048828125,183.4600067138672,177.6999969482422,183.3699951171875,1680400
2022-12-14,147.33262634277344,174.9199981689453,179.86000061035156,174.67999267578125,178.0,2426500
2022-12-15,145.26905822753906,172.47000122070312,173.92999267578125,171.08999633789062,173.0800018310547,1721900
2022-12-16,144.13192749023438,171.1199951171875,172.1199951171875,170.02999877929688,171.1999969482422,3124500
2022-12-19,143.76133728027344,170.67999267578125,172.0399932861328,169.50999450683594,171.38999938964844,1366900
2022-12-20,142.5063018798828,169.19000244140625,172.05999755859375,169.07000732421875,171.16000366210938,1770400
2022-12-21,145.60597229003906,172.8699951171875,172.89999389648438,169.25,170.00999450683594,1871700
2022-12-22,145.85865783691406,173.1699981689453,173.25999450683594,170.22999572753906,172.0399932861328,1900200
2022-12-23,145.993408203125,173.3300018310547,173.85000610351562,172.35000610351562,173.2899932861328,1312000
2022-12-27,144.99896240234375,167.67999267578125,170.74000549316406,166.61000061035156,170.30999755859375,1951700
2022-12-28,145.22381591796875,167.94000244140625,169.50999450683594,167.50999450683594,168.16000366210938,1209800
2022-12-29,146.2787628173828,169.16000366210938,170.2899932861328,168.27999877929688,168.6999969482422,1351700
2022-12-30,145.41404724121094,168.16000366210938,169.25999450683594,166.9499969482422,168.08999633789062,1045300
2023-01-03,146.0972137451172,168.9499969482422,168.99000549316406,166.5500030517578,168.27000427246094,2483800
2023-01-04,147.07435607910156,170.0800018310547,170.47000122070312,168.02999877929688,169.9199981689453,2237300
2023-01-05,146.78897094726562,169.75,171.75999450683594,169.41000366210938,170.5399932861328,1501400
2023-01-06,151.40664672851562,175.08999633789062,175.63999938964844,169.22999572753906,170.5500030517578,1950700
2023-01-09,152.02064514160156,175.8000030517578,178.6699981689453,174.85000610351562,175.3300018310547,2177600
2023-01-10,153.49069213867188,177.5,178.47000122070312,176.0399932861328,176.08999633789062,1378700
2023-01-11,151.88229370117188,175.63999938964844,177.97000122070312,175.38999938964844,177.61000061035156,1396500
2023-01-12,152.80752563476562,176.7100067138672,176.83999633789062,173.05999755859375,175.0,1956600
2023-01-13,151.864990234375,175.6199951171875,177.0399932861328,174.89999389648438,175.16000366210938,1070500
2023-01-17,152.18492126464844,175.99000549316406,177.82000732421875,175.6699981689453,176.6999969482422,1762500
2023-01-18,152.00332641601562,175.77999877929688,178.22000122070312,175.60000610351562,175.97000122070312,1877500
2023-01-19,150.6975860595703,174.27000427246094,175.83999633789062,173.6300048828125,174.97000122070312,1884700
2023-01-20,151.38072204589844,175.05999755859375,175.74000549316406,173.6300048828125,174.6300048828125,2329600
2023-01-23,150.77542114257812,174.36000061035156,176.24000549316406,173.75,176.24000549316406,1688600
2023-01-24,149.71180725097656,173.1300048828125,175.99000549316406,171.92999267578125,174.97000122070312,1551400
2023-01-25,149.927978515625,173.3800048828125,174.4600067138672,172.0,172.0,2621500
2023-01-26,152.85943603515625,176.77000427246094,177.13999938964844,173.8699951171875,174.0800018310547,2437700
2023-01-27,151.91688537597656,175.67999267578125,176.58999633789062,174.72999572753906,176.44000244140625,1582200
2023-01-30,152.15896606445312,175.9600067138672,178.52999877929688,175.5399932861328,175.9600067138672,2075200
2023-01-31,152.7642822265625,176.66000366210938,176.6699981689453,174.16000366210938,175.8699951171875,1850300
2023-02-01,151.79580688476562,175.5399932861328,177.63999938964844,174.89999389648438,176.25999450683594,1953900
2023-02-02,152.19357299804688,176.0,178.6300048828125,175.08999633789062,176.75999450683594,2569900
2023-02-03,152.669189453125,176.5500030517578,179.5,174.5399932861328,175.67999267578125,3078900
2023-02-06,151.121337890625,174.75999450683594,176.25999450683594,174.02000427246094,175.55999755859375,2681500
2023-02-07,153.75009155273438,177.8000030517578,178.3699951171875,173.4199981689453,173.4199981689453,1846600
2023-02-08,162.07754516601562,187.42999267578125,188.0,178.32000732421875,178.32000732421875,2702000
2023-02-09,158.17755126953125,182.9199981689453,189.6300048828125,182.6999969482422,188.50999450683594,2252900
2023-02-10,159.19793701171875,184.10000610351562,184.57000732421875,182.4199981689453,183.0800018310547,1714800
2023-02-13,160.15780639648438,185.2100067138672,186.75999450683594,184.1199951171875,184.8800048828125,1645700
2023-02-14,161.17819213867188,186.38999938964844,187.44000244140625,184.92999267578125,186.07000732421875,1225500
2023-02-15,162.82119750976562,188.2899932861328,188.3699951171875,184.9499969482422,185.13999938964844,1144800
2023-02-16,163.0028076171875,188.5,189.42999267578125,187.2899932861328,188.2899932861328,1556400
2023-02-17,163.12380981445312,188.63999938964844,189.4199981689453,187.5800018310547,188.0800018310547,1662500
2023-02-21,162.4752960205078,187.88999938964844,188.92999267578125,186.72999572753906,187.8000030517578,1674500
2023-02-22,161.70570373535156,187.0,188.5399932861328,186.39999389648438,187.58999633789062,1336700
2023-02-23,161.7921600341797,187.10000610351562,189.13999938964844,186.14999389648438,186.75,1382800
2023-02-24,161.8526611328125,187.1699981689453,187.69000244140625,185.9199981689453,186.39999389648438,1640600
2023-02-27,159.2325439453125,184.13999938964844,188.50999450683594,183.94000244140625,188.13999938964844,1435200
2023-02-28,160.28750610351562,185.36000061035156,186.11000061035156,182.39999389648438,183.82000732421875,2140500
2023-03-01,159.31033325195312,184.22999572753906,185.47000122070312,183.16000366210938,185.0,1713800
2023-03-02,161.27333068847656,186.5,186.5500030517578,182.5,183.5,1345600
2023-03-03,160.22695922851562,185.2899932861328,188.0,184.9199981689453,186.58999633789062,1416300
2023-03-06,159.8897705078125,184.89999389648438,186.77999877929688,184.30999755859375,185.75999450683594,1455100
2023-03-07,157.57223510742188,182.22000122070312,185.02000427246094,181.1999969482422,184.80999755859375,1696800
2023-03-08,157.31280517578125,181.9199981689453,183.08999633789062,180.41000366210938,182.10000610351562,1271700
2023-03-09,154.39833068847656,177.47000122070312,181.57000732421875,176.6999969482422,181.11000061035156,1645000
2023-03-10,151.9623260498047,174.6699981689453,178.3000030517578,174.14999389648438,177.02000427246094,2024500
2023-03-13,156.34713745117188,179.7100067138672,182.52000427246094,174.00999450683594,174.00999450683594,3158700
2023-03-14,161.27127075195312,185.3699951171875,185.49000549316406,180.60000610351562,181.0800018310547,2340300
2023-03-15,158.9222869873047,182.6699981689453,185.5800018310547,180.64999389648438,182.4499969482422,2785400
2023-03-16,162.87208557128906,187.2100067138672,189.11000061035156,182.57000732421875,182.75,2176600
2023-03-17,161.80201721191406,185.97999572753906,190.24000549316406,185.27999877929688,187.2100067138672,5039500
2023-03-20,160.7579803466797,184.77999877929688,187.6999969482422,183.07000732421875,186.86000061035156,1952500
2023-03-21,158.9571075439453,182.7100067138672,186.13999938964844,181.75,185.33999633789062,2753100
2023-03-22,156.14700317382812,179.47999572753906,183.25,179.42999267578125,182.80999755859375,1861700
2023-03-23,156.6255340576172,180.02999877929688,181.89999389648438,176.50999450683594,178.8699951171875,2100100
2023-03-24,159.6879119873047,183.5500030517578,183.99000549316406,178.1199951171875,180.0500030517578,1382900
2023-03-27,160.96682739257812,185.02000427246094,185.9199981689453,183.9600067138672,185.35000610351562,2108900
2023-03-28,162.96778869628906,187.32000732421875,187.5800018310547,184.63999938964844,185.5399932861328,1629300
2023-03-29,162.73291015625,187.0500030517578,188.69000244140625,186.16000366210938,188.0,1615400
2023-03-30,164.36849975585938,188.92999267578125,189.08999633789062,187.2899932861328,188.3000030517578,1309100
2023-03-31,166.62176513671875,191.52000427246094,192.0,188.8000030517578,188.99000549316406,2047200
2023-04-03,165.569091796875,190.30999755859375,192.1699981689453,190.1699981689453,190.8000030517578,1669600
2023-04-04,167.9442138671875,193.0399932861328,193.47000122070312,189.61000061035156,189.61000061035156,1276900
2023-04-05,169.81468200683594,195.19000244140625,195.5,193.14999389648438,193.3800048828125,1586100
2023-04-06,169.73638916015625,195.10000610351562,196.3000030517578,193.77999877929688,195.3000030517578,1370100
2023-04-10,167.68319702148438,192.74000549316406,195.0,192.32000732421875,194.42999267578125,1003100
2023-04-11,166.67398071289062,191.5800018310547,193.67999267578125,191.02000427246094,193.13999938964844,1562200
2023-04-12,166.81320190429688,191.74000549316406,193.3800048828125,191.13999938964844,192.17999267578125,1404100
2023-04-13,165.23846435546875,189.92999267578125,192.5,189.47000122070312,191.39999389648438,1364900
2023-04-14,165.7169952392578,190.47999572753906,190.8000030517578,188.7100067138672,189.94000244140625,1175000
2023-04-17,167.1437530517578,192.1199951171875,192.39999389648438,189.07000732421875,190.27000427246094,1158700
2023-04-18,166.5,191.3800048828125,192.39999389648438,190.82000732421875,192.08999633789062,1217100
2023-04-19,167.27427673339844,192.27000427246094,193.6300048828125,190.8800048828125,191.8300018310547,1004900
2023-04-20,165.6038818359375,190.35000610351562,193.5,189.4199981689453,193.13999938964844,1131600
2023-04-21,165.06448364257812,189.72999572753906,191.27999877929688,188.30999755859375,190.02000427246094,1168900
2023-04-24,162.8807830810547,187.22000122070312,190.11000061035156,186.8699951171875,189.72999572753906,1272300
2023-04-25,163.37672424316406,187.7899932861328,188.58999633789062,186.32000732421875,186.75,1655800
2023-04-26,160.88851928710938,184.92999267578125,188.52000427246094,183.50999450683594,186.1999969482422,2170800
2023-04-27,160.43612670898438,184.41000366210938,184.8699951171875,182.64999389648438,184.75,1533400
2023-04-28,161.6193084716797,185.77000427246094,185.8699951171875,183.22000122070312,183.9499969482422,1158900
2023-05-01,162.36749267578125,186.6300048828125,187.41000366210938,185.74000549316406,185.7899932861328,1091600
2023-05-02,161.41050720214844,185.52999877929688,185.8699951171875,182.44000244140625,185.3800048828125,1181300
2023-05-03,157.7565155029297,181.3300018310547,187.11000061035156,181.14999389648438,186.33999633789062,1235200
2023-05-04,160.0185089111328,183.92999267578125,184.50999450683594,179.89999389648438,180.05999755859375,1468600
2023-05-05,161.06251525878906,185.1300048828125,186.1999969482422,183.27999877929688,184.92999267578125,984500
2023-05-08,161.54969787597656,185.69000244140625,186.19000244140625,184.1999969482422,184.75,641500
2023-05-09,160.62750244140625,184.6300048828125,186.3800048828125,184.55999755859375,185.69000244140625,722200
2023-05-10,161.21908569335938,185.30999755859375,185.88999938964844,182.9600067138672,184.8699951171875,1002800
2023-05-11,159.62698364257812,183.47999572753906,185.5500030517578,182.55999755859375,185.25,938900
2023-05-12,160.90589904785156,184.9499969482422,185.3000030517578,184.02000427246094,184.44000244140625,862500
2023-05-15,160.4012908935547,184.3699951171875,185.55999755859375,184.0,184.9499969482422,935000
2023-05-16,157.98269653320312,181.58999633789062,184.8300018310547,181.5500030517578,183.44000244140625,733100
2023-05-17,158.78309631347656,182.50999450683594,182.77000427246094,179.86000061035156,181.52000427246094,1326000
2023-05-18,158.17413330078125,181.80999755859375,182.5,180.2899932861328,182.2100067138672,940500
2023-05-19,158.18283081054688,181.82000732421875,183.22999572753906,181.0399932861328,181.58999633789062,1080800
2023-05-22,158.2785186767578,181.92999267578125,182.14999389648438,179.9499969482422,181.38999938964844,1158300
2023-05-23,155.7990264892578,179.0800018310547,182.38999938964844,178.8699951171875,181.80999755859375,1316400
2023-05-24,156.66030883789062,180.07000732421875,180.41000366210938,178.08999633789062,178.64999389648438,1345800
2023-05-25,154.00685119628906,177.02000427246094,179.14999389648438,176.5500030517578,178.99000549316406,1212600
2023-05-26,153.7023162841797,176.6699981689453,177.85000610351562,176.39999389648438,176.6999969482422,1105200
2023-05-30,155.03343200683594,178.1999969482422,178.32000732421875,175.72999572753906,176.0,1501300
2023-05-31,155.51193237304688,178.75,180.52999877929688,177.24000549316406,178.6699981689453,6501500
2023-06-01,156.6168212890625,180.02000427246094,180.4600067138672,178.55999755859375,179.25,1384000
2023-06-02,161.2104034423828,185.3000030517578,185.67999267578125,180.02000427246094,180.44000244140625,1581200
2023-06-05,162.05430603027344,186.27000427246094,189.1699981689453,185.5800018310547,186.5,1653700
2023-06-06,160.38389587402344,184.35000610351562,187.32000732421875,183.10000610351562,186.61000061035156,1408300
2023-06-07,158.81793212890625,182.5500030517578,185.07000732421875,181.94000244140625,185.07000732421875,1670800
2023-06-08,162.31898498535156,185.4499969482422,185.57000732421875,180.97999572753906,181.42999267578125,1389500
2023-06-09,161.7850799560547,184.83999633789062,186.1199951171875,184.50999450683594,185.75999450683594,831600
2023-06-12,156.97984313964844,179.35000610351562,183.25,177.5500030517578,183.25,2220200
2023-06-13,155.5706329345703,177.74000549316406,180.05999755859375,177.0399932861328,179.64999389648438,2574500
2023-06-14,158.8704071044922,181.50999450683594,181.97999572753906,177.3699951171875,177.88999938964844,1566000
2023-06-15,159.49185180664062,182.22000122070312,183.6999969482422,181.00999450683594,182.55999755859375,1454400
2023-06-16,161.14613342285156,184.11000061035156,184.92999267578125,182.77000427246094,183.0500030517578,3639600
2023-06-20,159.90325927734375,182.69000244140625,184.27999877929688,182.22000122070312,183.52000427246094,1739200
2023-06-21,158.94921875,181.60000610351562,183.17999267578125,180.32000732421875,182.1699981689453,1332600
2023-06-22,159.3868408203125,182.10000610351562,182.49000549316406,180.39999389648438,181.00999450683594,917400
2023-06-23,159.01048278808594,181.6699981689453,182.9600067138672,180.94000244140625,182.10000610351562,2211100
2023-06-26,156.57720947265625,178.88999938964844,181.0500030517578,177.97000122070312,180.99000549316406,1300700
2023-06-27,156.62974548339844,178.9499969482422,180.47999572753906,177.97999572753906,179.7899932861328,1442000
2023-06-28,160.29713439941406,183.13999938964844,183.24000549316406,179.44000244140625,180.5500030517578,1936600
2023-06-29,160.48968505859375,183.36000061035156,183.92999267578125,182.27999877929688,183.14999389648438,1394800
2023-06-30,162.178955078125,185.2899932861328,186.41000366210938,183.85000610351562,183.85000610351562,1768200
2023-07-03,162.9404296875,186.16000366210938,186.58999633789062,183.75,185.25999450683594,481200
2023-07-05,160.9185791015625,183.85000610351562,185.52999877929688,181.9499969482422,185.5,1362600
2023-07-06,160.3934326171875,183.25,184.0,182.36000061035156,183.67999267578125,1458200
2023-07-07,159.25555419921875,181.9499969482422,183.72999572753906,181.83999633789062,182.91000366210938,906000
2023-07-10,158.68666076660156,181.3000030517578,182.82000732421875,181.1300048828125,182.47999572753906,1253800
2023-07-11,159.58815002441406,182.3300018310547,182.42999267578125,180.89999389648438,181.6999969482422,968700
2023-07-12,158.6953887939453,181.30999755859375,182.1999969482422,180.11000061035156,181.89999389648438,1331300
2023-07-13,160.36715698242188,183.22000122070312,183.6699981689453,180.8800048828125,181.02999877929688,1931700
2023-07-14,162.91416931152344,186.1300048828125,186.75,183.1199951171875,183.77000427246094,1635800
2023-07-17,162.14395141601562,185.25,187.4499969482422,185.0399932861328,186.0,1436000
2023-07-18,163.71942138671875,187.0500030517578,187.1999969482422,184.9600067138672,185.44000244140625,1194500
2023-07-19,163.13299560546875,186.3800048828125,189.91000366210938,186.27000427246094,187.6999969482422,1910400
2023-07-20,164.03453063964844,187.41000366210938,188.25,186.11000061035156,186.3800048828125,945600
2023-07-21,165.65374755859375,189.25999450683594,189.30999755859375,186.38999938964844,187.58999633789062,1172400
2023-07-24,167.2117462158203,191.0399932861328,191.24000549316406,188.36000061035156,189.25,1300000
2023-07-25,167.36927795410156,191.22000122070312,191.36000061035156,189.86000061035156,191.0,1368700
2023-07-26,173.9601287841797,198.75,199.4600067138672,191.44000244140625,192.1300048828125,2619000
2023-07-27,173.88134765625,198.66000366210938,202.36000061035156,197.86000061035156,199.8000030517578,2198200
2023-07-28,174.5465087890625,199.4199981689453,200.80999755859375,198.91000366210938,199.91000366210938,1151100
2023-07-31,174.1439208984375,198.9600067138672,200.0,198.0800018310547,199.80999755859375,1465200
2023-08-01,174.90541076660156,199.8300018310547,200.27000427246094,198.5,199.30999755859375,1162800
2023-08-02,174.76536560058594,199.6699981689453,200.5800018310547,198.82000732421875,199.52000427246094,999700
2023-08-03,177.53994750976562,202.83999633789062,203.25999450683594,198.00999450683594,199.1300048828125,1650800
2023-08-04,179.49179077148438,205.07000732421875,208.42999267578125,204.5,206.0800018310547,2427300
2023-08-07,182.37144470214844,208.36000061035156,209.24000549316406,205.5399932861328,205.97000122070312,1303000
2023-08-08,179.50930786132812,205.08999633789062,208.0399932861328,204.61000061035156,208.0399932861328,1063900
2023-08-09,180.7609405517578,206.52000427246094,209.30999755859375,204.7899932861328,205.00999450683594,1777100
2023-08-10,179.25550842285156,204.8000030517578,207.0,203.88999938964844,206.60000610351562,1595200
2023-08-11,180.10452270507812,205.77000427246094,206.6300048828125,204.16000366210938,204.58999633789062,1014900
2023-08-14,180.69970703125,206.4499969482422,207.52999877929688,205.27999877929688,206.74000549316406,1206900
2023-08-15,179.57933044433594,205.1699981689453,206.4199981689453,204.47999572753906,206.00999450683594,1340800
2023-08-16,180.3058319091797,206.0,206.67999267578125,204.8300018310547,205.0,1091100
2023-08-17,178.58152770996094,204.02999877929688,206.75999450683594,203.97000122070312,206.47999572753906,1683200
2023-08-18,178.31895446777344,203.72999572753906,204.83999633789062,202.1199951171875,202.9499969482422,1478600
2023-08-21,177.32989501953125,202.60000610351562,203.4499969482422,201.02000427246094,202.60000610351562,1019000
2023-08-22,174.60781860351562,199.49000549316406,202.17999267578125,199.0,201.8300018310547,1671300
2023-08-23,175.7106475830078,200.75,201.33999633789062,199.86000061035156,200.02000427246094,2113100
2023-08-24,175.15045166015625,200.11000061035156,202.13999938964844,199.6999969482422,200.07000732421875,1198500
2023-08-25,177.87257385253906,203.22000122070312,204.55999755859375,199.72000122070312,200.30999755859375,1297600
2023-08-28,177.96006774902344,203.32000732421875,203.7899932861328,202.52000427246094,203.30999755859375,1169700
2023-08-29,177.42617797851562,202.7100067138672,204.77000427246094,201.61000061035156,203.77000427246094,1352500
2023-08-30,177.1985626220703,202.4499969482422,203.8000030517578,201.74000549316406,203.41000366210938,1056200
2023-08-31,177.39990234375,202.67999267578125,203.22999572753906,201.89999389648438,202.8300018310547,1039400
2023-09-01,177.58370971679688,202.88999938964844,203.44000244140625,201.74000549316406,202.8000030517578,838100
2023-09-05,177.26858520507812,202.52999877929688,203.5399932861328,201.52000427246094,202.97000122070312,1192300
2023-09-06,178.25765991210938,203.66000366210938,206.11000061035156,201.97000122070312,203.0,1797500
2023-09-07,180.66012573242188,205.2899932861328,206.30999755859375,201.77000427246094,203.66000366210938,1347000
2023-09-08,180.39614868164062,204.99000549316406,206.0399932861328,204.1300048828125,205.9499969482422,946500
2023-09-11,181.2145538330078,205.9199981689453,206.77999877929688,204.35000610351562,204.5500030517578,1053400
2023-09-12,181.41696166992188,206.14999389648438,206.80999755859375,205.42999267578125,205.72999572753906,921200
2023-09-13,182.53457641601562,207.4199981689453,207.60000610351562,205.80999755859375,206.52000427246094,1370000
2023-09-14,182.87782287597656,207.80999755859375,208.27999877929688,206.5500030517578,206.5500030517578,922300
2023-09-15,182.00656127929688,206.82000732421875,208.57000732421875,206.42999267578125,207.80999755859375,1659900
2023-09-18,181.76898193359375,206.5500030517578,207.66000366210938,206.0399932861328,207.32000732421875,737800
2023-09-19,181.70736694335938,206.47999572753906,207.88999938964844,205.9499969482422,207.0,1084200
2023-09-20,181.2057647705078,205.91000366210938,207.08999633789062,205.08999633789062,206.4499969482422,880800
2023-09-21,177.94967651367188,202.2100067138672,206.97000122070312,201.9600067138672,206.08999633789062,1425500
2023-09-22,177.51846313476562,201.72000122070312,203.75999450683594,200.75,202.36000061035156,1197300
2023-09-25,176.75283813476562,200.85000610351562,201.75999450683594,200.00999450683594,201.49000549316406,829400
2023-09-26,175.855224609375,199.8300018310547,200.61000061035156,198.8800048828125,200.61000061035156,1126000
2023-09-27,176.3216094970703,200.36000061035156,200.83999633789062,198.05999755859375,199.8300018310547,1222100
2023-09-28,177.4656524658203,201.66000366210938,201.8699951171875,199.86000061035156,200.67999267578125,1090600
2023-09-29,176.1984100341797,200.22000122070312,202.5,199.35000610351562,201.9600067138672,1325600
2023-10-02,176.13681030273438,200.14999389648438,200.35000610351562,197.92999267578125,199.6300048828125,952500
2023-10-03,177.4656524658203,201.66000366210938,203.77000427246094,199.41000366210938,201.02999877929688,1636800
2023-10-04,178.85610961914062,203.24000549316406,203.5399932861328,200.85000610351562,201.66000366210938,1519900
2023-10-05,182.51702880859375,207.39999389648438,207.7899932861328,203.08999633789062,203.61000061035156,1595100
2023-10-06,186.50347900390625,211.92999267578125,212.42999267578125,207.6999969482422,207.91000366210938,1789600
2023-10-09,189.87399291992188,215.75999450683594,215.80999755859375,211.69000244140625,211.69000244140625,1620900
2023-10-10,190.1643829345703,216.08999633789062,218.42999267578125,215.11000061035156,215.75999450683594,2171500
2023-10-11,191.05322265625,217.10000610351562,217.2899932861328,216.11000061035156,216.7100067138672,1345100
2023-10-12,193.6580810546875,220.05999755859375,221.1300048828125,217.1699981689453,218.52000427246094,1951700
2023-10-13,193.0596923828125,219.3800048828125,221.75999450683594,217.55999755859375,220.82000732421875,1771600
2023-10-16,192.5668487548828,218.82000732421875,221.1199951171875,218.66000366210938,220.41000366210938,1519500
2023-10-17,190.5251922607422,216.5,219.7899932861328,215.0500030517578,218.85000610351562,1496500
2023-10-18,190.07640075683594,215.99000549316406,218.3699951171875,214.9499969482422,216.33999633789062,1455100
2023-10-19,188.43072509765625,214.1199951171875,216.4499969482422,213.8800048828125,215.22000122070312,1062900
2023-10-20,187.27792358398438,212.80999755859375,215.22000122070312,212.33999633789062,214.38999938964844,1277600
2023-10-23,187.98196411132812,213.61000061035156,215.1300048828125,212.5,213.00999450683594,1497200
2023-10-24,188.54518127441406,214.25,215.3000030517578,212.60000610351562,213.17999267578125,1293500
2023-10-25,188.39553833007812,214.0800018310547,216.75,207.25999450683594,207.69000244140625,2249800
2023-10-26,189.5835723876953,215.42999267578125,216.88999938964844,214.38999938964844,215.4199981689453,1504000
2023-10-27,183.95143127441406,209.02999877929688,215.35000610351562,207.7899932861328,215.0399932861328,2000000
2023-10-30,185.9754638671875,211.3300018310547,212.5800018310547,210.0,210.25,1454600
2023-10-31,187.84994506835938,213.4600067138672,213.64999389648438,211.0500030517578,211.2899932861328,1346000
2023-11-01,185.6147003173828,210.9199981689453,215.35000610351562,210.49000549316406,214.85000610351562,1727200
2023-11-02,187.06671142578125,212.57000732421875,213.1999969482422,210.41000366210938,211.25,2035500
2023-11-03,183.5906219482422,208.6199951171875,212.5,206.88999938964844,212.35000610351562,2425100
2023-11-06,187.4803009033203,213.0399932861328,214.0,208.9600067138672,208.9600067138672,1318800
2023-11-07,186.88189697265625,212.36000061035156,213.3000030517578,210.5399932861328,212.55999755859375,1220900
2023-11-08,187.0491180419922,212.5500030517578,212.7899932861328,210.5399932861328,211.80999755859375,1580400
2023-11-09,190.41958618164062,216.3800048828125,216.41000366210938,212.10000610351562,213.5800018310547,1620500
2023-11-10,191.06204223632812,217.11000061035156,217.33999633789062,215.42999267578125,217.02000427246094,1109700
2023-11-13,191.03565979003906,217.0800018310547,217.89999389648438,216.38999938964844,217.74000549316406,754100
2023-11-14,186.3538818359375,211.75999450683594,215.25,208.8800048828125,214.6999969482422,3196200
2023-11-15,185.7378692626953,211.05999755859375,213.8800048828125,208.82000732421875,212.35000610351562,1663900
2023-11-16,186.7322540283203,212.19000244140625,214.27999877929688,211.1699981689453,211.1699981689453,1872700
2023-11-17,187.81471252441406,213.4199981689453,213.89999389648438,211.8699951171875,213.3300018310547,1206400
2023-11-20,186.5651092529297,212.0,213.88999938964844,211.5500030517578,213.60000610351562,1308400
2023-11-21,189.69798278808594,215.55999755859375,216.47000122070312,211.61000061035156,213.30999755859375,1234000
2023-11-22,190.39321899414062,216.35000610351562,216.7100067138672,214.69000244140625,215.80999755859375,1172700
2023-11-24,191.13243103027344,217.19000244140625,217.6300048828125,215.8800048828125,217.14999389648438,522200
2023-11-27,190.7275848388672,216.72999572753906,217.47999572753906,215.72999572753906,216.35000610351562,1134400
2023-11-28,190.0324249267578,215.94000244140625,218.8800048828125,215.92999267578125,217.27000427246094,1319400
2023-11-29,189.0643768310547,214.83999633789062,216.5800018310547,213.64999389648438,215.47000122070312,1537600
2023-11-30,192.16207885742188,218.36000061035156,219.22000122070312,215.22999572753906,216.27000427246094,2263900
2023-12-01,193.2004852294922,219.5399932861328,221.49000549316406,218.55999755859375,218.7899932861328,2153200
2023-12-04,193.41172790527344,219.77999877929688,223.8000030517578,219.14999389648438,219.14999389648438,1385500
2023-12-05,192.1444549560547,218.33999633789062,218.9199981689453,216.3300018310547,218.3300018310547,1225300
2023-12-06,188.54518127441406,214.25,218.77999877929688,212.3300018310547,218.5,1760500
2023-12-07,186.4044952392578,210.72999572753906,213.3699951171875,209.5800018310547,212.9499969482422,2857900
2023-12-08,187.19175720214844,211.6199951171875,212.38999938964844,210.4499969482422,210.64999389648438,2493400
2023-12-11,190.56195068359375,215.42999267578125,216.6300048828125,211.9600067138672,212.4199981689453,1584700
2023-12-12,189.41201782226562,214.1300048828125,216.44000244140625,213.3800048828125,215.3000030517578,1614100
2023-12-13,188.55398559570312,213.16000366210938,215.50999450683594,211.55999755859375,214.1300048828125,2804600
2023-12-14,185.90028381347656,210.16000366210938,211.63999938964844,205.17999267578125,211.5,3369300
2023-12-15,182.8662109375,206.72999572753906,208.63999938964844,205.88999938964844,207.9499969482422,4737700
2023-12-18,186.81141662597656,211.19000244140625,211.4199981689453,208.02000427246094,208.1199951171875,1696300
2023-12-19,188.36822509765625,212.9499969482422,213.4199981689453,210.0500030517578,211.64999389648438,1879300
2023-12-20,186.6875762939453,211.0500030517578,214.39999389648438,210.33999633789062,213.3300018310547,1850100
2023-12-21,189.0935821533203,213.77000427246094,213.9600067138672,210.41000366210938,210.6199951171875,1027100
2023-12-22,189.57127380371094,214.30999755859375,215.6199951171875,212.61000061035156,214.1300048828125,1224900
2023-12-26,190.0046844482422,214.8000030517578,215.02000427246094,213.8000030517578,214.52999877929688,1327200
2023-12-27,190.90234375,210.5399932861328,210.57000732421875,208.77999877929688,209.10000610351562,1530000
2023-12-28,191.33755493164062,211.02000427246094,211.52000427246094,210.24000549316406,210.75,1099000
2023-12-29,190.95675659179688,210.60000610351562,211.33999633789062,208.83999633789062,211.02000427246094,1502000
2024-01-02,189.71453857421875,209.22999572753906,213.11000061035156,207.77000427246094,212.74000549316406,1794500
2024-01-03,182.6239471435547,201.41000366210938,207.39999389648438,200.85000610351562,206.22000122070312,2813900
2024-01-04,183.82989501953125,202.74000549316406,204.10000610351562,201.00999450683594,202.89999389648438,2564100
2024-01-05,180.6110076904297,199.19000244140625,204.0500030517578,198.89999389648438,203.47000122070312,2340500
2024-01-08,181.44517517089844,200.11000061035156,200.89999389648438,197.47000122070312,198.83999633789062,2474600
2024-01-09,178.7068634033203,197.08999633789062,199.77999877929688,196.88999938964844,198.97999572753906,1963900
2024-01-10,179.3778533935547,197.8300018310547,199.6300048828125,196.83999633789062,197.75,2115500
2024-01-11,178.08120727539062,196.39999389648438,198.5500030517578,195.5399932861328,198.0,2151700
2024-01-12,179.1148681640625,197.5399932861328,198.1199951171875,195.91000366210938,198.0,1810600
2024-01-16,180.07603454589844,198.60000610351562,199.94000244140625,196.80999755859375,197.61000061035156,2588200
2024-01-17,184.03842163085938,202.97000122070312,203.19000244140625,198.39999389648438,198.88999938964844,2571600
2024-01-18,183.9749298095703,202.89999389648438,203.5500030517578,200.4600067138672,202.22999572753906,1947700
2024-01-19,183.20423889160156,202.0500030517578,204.49000549316406,201.0,203.72000122070312,1604600
2024-01-22,184.3104705810547,203.27000427246094,204.35000610351562,202.1999969482422,202.2100067138672,1324500
2024-01-23,184.9451446533203,203.97000122070312,204.10000610351562,200.1699981689453,200.5,1573000
2024-01-24,185.21717834472656,204.27000427246094,205.22000122070312,203.4199981689453,204.42999267578125,1636100
2024-01-25,186.4322052001953,205.61000061035156,205.86000061035156,202.91000366210938,204.80999755859375,2012200
2024-01-26,187.4930419921875,206.77999877929688,207.14999389648438,205.05999755859375,206.63999938964844,1691400
2024-01-29,185.67959594726562,204.77999877929688,207.63999938964844,203.42999267578125,206.88999938964844,2393100
2024-01-30,186.88555908203125,206.11000061035156,206.63999938964844,204.22000122070312,204.42999267578125,1453100
2024-01-31,186.64071655273438,205.83999633789062,208.77999877929688,204.44000244140625,206.2899932861328,2786200
2024-02-01,186.59536743164062,205.7899932861328,206.74000549316406,202.8000030517578,204.7100067138672,1616800
2024-02-02,187.2845001220703,206.5500030517578,209.6199951171875,205.69000244140625,207.2899932861328,1583700
2024-02-05,185.71588134765625,204.82000732421875,205.9199981689453,203.80999755859375,205.91000366210938,1422900
2024-02-06,183.8661651611328,202.77999877929688,204.8300018310547,202.39999389648438,204.82000732421875,1313200
2024-02-07,186.29617309570312,205.4600067138672,205.60000610351562,203.0399932861328,203.7899932861328,1534700
2024-02-08,184.9723663330078,204.0,207.64999389648438,203.49000549316406,205.99000549316406,1890700
2024-02-09,185.960693359375,205.08999633789062,205.60000610351562,203.61000061035156,204.66000366210938,1712100
2024-02-12,187.52932739257812,206.82000732421875,207.82000732421875,205.05999755859375,205.47000122070312,1412700
2024-02-13,188.08241271972656,207.42999267578125,210.3699951171875,205.4199981689453,207.39999389648438,2502000
2024-02-14,195.1095733642578,215.17999267578125,219.08999633789062,209.4600067138672,210.5,3413600
2024-02-15,191.33755493164062,211.02000427246094,216.0399932861328,209.89999389648438,214.39999389648438,1828500
2024-02-16,192.46189880371094,212.25999450683594,215.00999450683594,211.27999877929688,212.07000732421875,1441300
2024-02-20,191.3103790283203,210.99000549316406,213.5,210.14999389648438,212.47000122070312,1273800
2024-02-21,194.9463653564453,215.0,215.07000732421875,211.16000366210938,211.49000549316406,1681800
2024-02-22,197.66651916503906,218.0,218.1999969482422,213.14999389648438,213.8800048828125,1844100
2024-02-23,197.6302490234375,217.9600067138672,221.17999267578125,217.0800018310547,218.82000732421875,2050900
2024-02-26,198.9722137451172,219.44000244140625,219.52999877929688,217.02999877929688,217.22000122070312,1827700
2024-02-27,198.98129272460938,219.4499969482422,219.61000061035156,217.16000366210938,219.05999755859375,1593000
2024-02-28,200.2416229248047,220.83999633789062,220.99000549316406,219.35000610351562,219.99000549316406,1084800
2024-02-29,199.79733276367188,220.35000610351562,222.6300048828125,219.17999267578125,222.08999633789062,2302500
2024-03-01,198.763671875,219.2100067138672,221.75999450683594,217.91000366210938,220.25,1775900
2024-03-04,200.70407104492188,221.35000610351562,221.6199951171875,219.3000030517578,220.0,955300
2024-03-05,199.38931274414062,219.89999389648438,222.52000427246094,219.19000244140625,221.0,939700
2024-03-06,199.1988983154297,219.69000244140625,220.25999450683594,216.6300048828125,219.82000732421875,1139500
2024-03-07,194.63229370117188,213.52999877929688,220.8000030517578,213.47999572753906,219.8800048828125,1812600
2024-03-08,194.13095092773438,212.97999572753906,214.91000366210938,212.8000030517578,213.9499969482422,1274300
2024-03-11,197.58558654785156,216.77000427246094,216.83999633789062,213.0,213.0,1129700
2024-03-12,198.47882080078125,217.75,218.75,216.30999755859375,216.9199981689453,1388600
2024-03-13,199.9463348388672,219.36000061035156,219.47000122070312,217.52000427246094,217.75,936900
2024-03-14,199.9918975830078,219.41000366210938,219.77999877929688,217.25999450683594,219.08999633789062,1556100
2024-03-15,198.25094604492188,217.5,220.19000244140625,216.85000610351562,217.4499969482422,4141800
2024-03-18,199.5179443359375,218.88999938964844,219.75,217.44000244140625,218.11000061035156,1112000
2024-03-19,197.2118377685547,216.36000061035156,219.58999633789062,216.08999633789062,219.58999633789062,1460500
2024-03-20,194.71432495117188,213.6199951171875,216.4499969482422,213.08999633789062,215.3000030517578,1886900
2024-03-21,196.96572875976562,216.08999633789062,216.2899932861328,213.55999755859375,213.82000732421875,1529900
2024-03-22,195.5164794921875,214.5,216.42999267578125,214.36000061035156,216.1999969482422,1169700
2024-03-25,196.14535522460938,215.19000244140625,216.4600067138672,214.39999389648438,215.13999938964844,978200
2024-03-26,194.03982543945312,212.8800048828125,215.30999755859375,211.88999938964844,214.7100067138672,1375000
2024-03-27,196.51907348632812,215.60000610351562,215.64999389648438,212.52999877929688,213.3699951171875,1817700
2024-03-28,196.2365264892578,215.2899932861328,216.49000549316406,212.97999572753906,215.88999938964844,1755400
2024-04-01,193.2559356689453,212.02000427246094,215.6999969482422,211.92999267578125,215.3300018310547,1036600
2024-04-02,195.78988647460938,214.8000030517578,214.88999938964844,211.3800048828125,212.0399932861328,1983100
2024-04-03,193.2650604248047,212.02999877929688,215.6199951171875,211.97000122070312,214.8000030517578,1796900
2024-04-04,193.4291229248047,212.2100067138672,214.27999877929688,211.9199981689453,213.1699981689453,2182700
2024-04-05,192.3991241455078,211.0800018310547,213.25999450683594,210.8000030517578,211.3699951171875,1163300
2024-04-08,193.92132568359375,212.75,214.1300048828125,210.1699981689453,211.0399932861328,2006100
2024-04-09,191.21417236328125,209.77999877929688,214.47999572753906,208.47000122070312,213.77000427246094,1634100
2024-04-10,193.23768615722656,212.0,213.3699951171875,209.6300048828125,210.41000366210938,2127000
2024-04-11,193.93955993652344,212.77000427246094,213.8699951171875,210.44000244140625,211.61000061035156,1653400
2024-04-12,190.958984375,209.5,212.83999633789062,209.2899932861328,212.39999389648438,1582600
2024-04-15,187.9783477783203,206.22999572753906,212.10000610351562,206.0800018310547,211.0399932861328,1977400
2024-04-16,188.2062225341797,206.47999572753906,208.75,206.14999389648438,207.35000610351562,1151700
2024-04-17,189.97454833984375,208.4199981689453,209.1300048828125,206.2100067138672,208.05999755859375,1853400
2024-04-18,191.0956573486328,209.64999389648438,210.36000061035156,207.77000427246094,210.14999389648438,1256400
2024-04-19,194.1856689453125,213.0399932861328,214.5,210.27000427246094,211.27999877929688,2563900
2024-04-22,196.40969848632812,215.47999572753906,216.7100067138672,212.8800048828125,213.3000030517578,1743300
2024-04-23,197.58558654785156,216.77000427246094,217.4499969482422,214.13999938964844,215.00999450683594,2048700
2024-04-24,193.77548217773438,212.58999633789062,216.6300048828125,209.07000732421875,215.6300048828125,2636900
2024-04-25,193.72991943359375,212.5399932861328,216.52000427246094,211.19000244140625,212.35000610351562,2048100
2024-04-26,192.27149963378906,210.94000244140625,212.39999389648438,209.63999938964844,211.9199981689453,1353100
2024-04-29,191.06834411621094,209.6199951171875,213.13999938964844,209.1999969482422,209.69000244140625,1316700
2024-04-30,191.0865478515625,209.63999938964844,210.13999938964844,207.69000244140625,209.11000061035156,1394400
2024-05-01,189.65554809570312,208.07000732421875,210.50999450683594,207.5500030517578,209.0500030517578,1869400
2024-05-02,189.1177215576172,207.47999572753906,209.74000549316406,206.85000610351562,209.3699951171875,1922600
2024-05-03,189.27267456054688,207.64999389648438,207.9199981689453,202.77999877929688,205.86000061035156,2065400
2024-05-06,189.59173583984375,208.0,208.9600067138672,205.99000549316406,208.55999755859375,1722600
2024-05-07,189.90162658691406,208.33999633789062,208.89999389648438,204.0,208.1699981689453,2144300
2024-05-08,193.09185791015625,211.83999633789062,211.8699951171875,206.74000549316406,208.10000610351562,1708200
2024-05-09,194.70521545410156,213.61000061035156,213.72000122070312,211.0,211.83999633789062,1983500
2024-05-10,190.01100158691406,208.4600067138672,213.7100067138672,207.85000610351562,213.52999877929688,1838700
2024-05-13,191.34178161621094,209.9199981689453,211.50999450683594,208.5399932861328,208.58999633789062,1555600
2024-05-14,192.14390563964844,210.8000030517578,210.99000549316406,207.0,209.1300048828125,1702000
2024-05-15,189.82867431640625,208.25999450683594,211.41000366210938,207.92999267578125,210.00999450683594,1770700
2024-05-16,193.90309143066406,212.72999572753906,213.3300018310547,208.0399932861328,208.25999450683594,1246100
2024-05-17,194.27679443359375,213.13999938964844,214.82000732421875,212.3000030517578,214.32000732421875,1466400
2024-05-20,192.57232666015625,211.27000427246094,213.57000732421875,211.1699981689453,213.13999938964844,1241000
2024-05-21,191.73374938964844,210.35000610351562,212.35000610351562,210.1300048828125,212.0,1454400
2024-05-22,192.76373291015625,211.47999572753906,211.8800048828125,208.30999755859375,208.8699951171875,1333000
2024-05-23,193.30152893066406,212.07000732421875,212.75,210.16000366210938,211.36000061035156,1678000
2024-05-24,195.89926147460938,214.9199981689453,214.9499969482422,212.75999450683594,212.97000122070312,1135300
2024-05-28,190.04745483398438,208.5,213.75,207.3699951171875,212.9499969482422,2877300
2024-05-29,187.66845703125,205.88999938964844,208.57000732421875,205.69000244140625,207.99000549316406,2119000
2024-05-30,186.7660675048828,204.89999389648438,207.3000030517578,204.83999633789062,206.42999267578125,1427300
2024-05-31,185.0159912109375,202.97999572753906,205.16000366210938,202.47999572753906,205.16000366210938,5076000
2024-06-03,183.89483642578125,201.75,204.22000122070312,200.22999572753906,203.1999969482422,2035900
2024-06-04,185.74514770507812,203.77999877929688,204.66000366210938,201.4600067138672,201.8300018310547,2120000
2024-06-05,182.74635314941406,200.49000549316406,204.7899932861328,200.25,203.77999877929688,2412100
2024-06-06,183.6578369140625,201.49000549316406,202.83999633789062,200.6300048828125,200.97999572753906,1424300
2024-06-07,182.75946044921875,199.36000061035156,201.7899932861328,199.2899932861328,201.36000061035156,1886200
2024-06-10,181.97108459472656,198.5,199.8699951171875,197.19000244140625,198.9199981689453,2015100
2024-06-11,182.15443420410156,198.6999969482422,200.13999938964844,197.47000122070312,198.4499969482422,1670300
2024-06-12,179.4317169189453,195.72999572753906,201.5,195.3800048828125,201.5,2018300
2024-06-13,179.34922790527344,195.63999938964844,196.8800048828125,194.60000610351562,194.85000610351562,1797300
2024-06-14,180.7151641845703,197.1300048828125,197.22999572753906,194.32000732421875,194.6300048828125,1671700
2024-06-17,180.22012329101562,196.58999633789062,197.67999267578125,195.3300018310547,196.38999938964844,1785800
2024-06-18,180.16510009765625,196.52999877929688,197.7899932861328,190.6999969482422,197.7899932861328,2225100
2024-06-20,181.96188354492188,198.49000549316406,198.88999938964844,195.0,196.8699951171875,2174300
2024-06-21,178.28582763671875,194.47999572753906,196.75,193.9600067138672,196.27999877929688,5751400
2024-06-24,178.83584594726562,195.0800018310547,197.42999267578125,194.91000366210938,195.6199951171875,1662700
2024-06-25,177.9374542236328,194.10000610351562,196.08999633789062,193.66000366210938,195.0800018310547,1836800
2024-06-26,178.94586181640625,195.1999969482422,195.8300018310547,192.11000061035156,193.0,2702600
2024-06-27,179.24838256835938,195.52999877929688,196.3000030517578,194.63999938964844,195.74000549316406,2817100
2024-06-28,180.22927856445312,196.60000610351562,197.11000061035156,195.00999450683594,195.41000366210938,6618100
2024-07-01,179.22088623046875,195.5,197.8300018310547,195.08999633789062,197.6199951171875,2092600
2024-07-02,180.6693115234375,197.0800018310547,198.32000732421875,195.99000549316406,196.55999755859375,4672400
2024-07-03,179.7342529296875,196.05999755859375,197.91000366210938,195.83999633789062,196.10000610351562,2237900
2024-07-05,180.04592895507812,196.39999389648438,196.77999877929688,195.27999877929688,196.52999877929688,3458800
2024-07-08,178.7350311279297,194.97000122070312,197.19000244140625,194.8000030517578,196.39999389648438,2375900
2024-07-09,178.41415405273438,194.6199951171875,195.57000732421875,193.88999938964844,195.17999267578125,1713600
2024-07-10,177.46075439453125,193.5800018310547,195.32000732421875,193.5,194.10000610351562,1907100
2024-07-11,179.49588012695312,195.8000030517578,198.3000030517578,193.1699981689453,193.5800018310547,4568600
2024-07-12,177.32325744628906,193.42999267578125,196.10000610351562,193.3699951171875,195.77000427246094,3125000
2024-07-15,180.60511779785156,197.00999450683594,197.1999969482422,194.11000061035156,194.11000061035156,2431300
2024-07-16,180.93515014648438,197.3699951171875,199.5500030517578,197.0800018310547,198.25999450683594,2106500
2024-07-17,184.68458557128906,201.4600067138672,201.5800018310547,197.32000732421875,197.8699951171875,1834400
2024-07-18,183.9053955078125,200.61000061035156,202.77999877929688,200.1999969482422,201.07000732421875,1531300
2024-07-19,183.20864868164062,199.85000610351562,201.88999938964844,199.16000366210938,201.6300048828125,1554800
2024-07-22,183.2361602783203,199.8800048828125,200.38999938964844,198.5399932861328,199.55999755859375,1258500
2024-07-23,180.99935913085938,197.44000244140625,200.27000427246094,196.99000549316406,200.1699981689453,2175300
2024-07-24,180.82516479492188,197.25,200.5500030517578,194.9199981689453,200.22999572753906,2688400
2024-07-25,182.77780151367188,199.3800048828125,200.8300018310547,197.0399932861328,197.38999938964844,2080400
2024-07-26,183.84117126464844,200.5399932861328,201.49000549316406,198.85000610351562,198.92999267578125,1259500
2024-07-29,182.35610961914062,198.9199981689453,201.7100067138672,198.75999450683594,200.5500030517578,1428200
2024-07-30,180.77928161621094,197.1999969482422,199.86000061035156,195.3000030517578,199.86000061035156,1712400
2024-07-31,177.5799560546875,193.7100067138672,197.85000610351562,193.25,197.1999969482422,1854000
2024-08-01,179.9634246826172,196.30999755859375,197.80999755859375,194.0399932861328,194.2100067138672,1873300
2024-08-02,183.19032287597656,199.8300018310547,201.55999755859375,197.5,198.22000122070312,2373800
2024-08-05,180.7976531982422,197.22000122070312,202.75,196.6199951171875,200.13999938964844,2133500
2024-08-06,185.5280303955078,202.3800048828125,204.10000610351562,196.94000244140625,197.0,3269300
2024-08-07,187.92984008789062,205.0,206.8000030517578,200.5,201.89999389648438,3529900
2024-08-08,188.06732177734375,205.14999389648438,207.30999755859375,202.35000610351562,204.6300048828125,2086500
2024-08-09,189.45156860351562,206.66000366210938,207.2100067138672,203.77000427246094,205.25,1011300
2024-08-12,189.38742065429688,206.58999633789062,208.0800018310547,205.17999267578125,206.66000366210938,1073800
2024-08-13,190.2858428955078,207.57000732421875,207.89999389648438,205.64999389648438,206.52999877929688,977300
2024-08-14,190.54249572753906,207.85000610351562,208.2899932861328,206.5,207.77999877929688,1152100
2024-08-15,188.19564819335938,205.2899932861328,208.25999450683594,204.85000610351562,207.77999877929688,1321500
2024-08-16,190.57000732421875,207.8800048828125,208.8000030517578,204.16000366210938,205.2899932861328,1115600
2024-08-19,191.47756958007812,208.8699951171875,209.75999450683594,208.0399932861328,208.42999267578125,1122300
2024-08-20,191.32174682617188,208.6999969482422,210.42999267578125,208.36000061035156,209.4499969482422,1272000
2024-08-21,191.96343994140625,209.39999389648438,209.44000244140625,207.61000061035156,208.67999267578125,939300
2024-08-22,192.1651153564453,209.6199951171875,210.16000366210938,208.1999969482422,209.25,1352100
2024-08-23,189.8091278076172,207.0500030517578,210.27999877929688,206.44000244140625,210.27999877929688,1273900
2024-08-26,191.07418823242188,208.42999267578125,208.66000366210938,207.10000610351562,207.10000610351562,1647500
2024-08-27,194.713623046875,212.39999389648438,212.8699951171875,207.7100067138672,208.91000366210938,1789200
2024-08-28,197.20713806152344,215.1199951171875,215.9499969482422,212.35000610351562,212.72000122070312,1655300
2024-08-29,196.27207946777344,214.10000610351562,215.36000061035156,213.36000061035156,215.00999450683594,1547900
2024-08-30,197.77552795410156,215.74000549316406,215.97000122070312,213.52000427246094,213.52999877929688,2021100
2024-09-03,194.9336395263672,212.63999938964844,212.75,207.75,208.4600067138672,3725400
2024-09-04,198.0138397216797,216.0,216.13999938964844,212.63999938964844,213.83999633789062,1921800
2024-09-05,201.11241149902344,219.3800048828125,219.50999450683594,217.05999755859375,218.5,1759800
2024-09-06,202.13916015625,220.5,220.8000030517578,218.4600067138672,219.0500030517578,2899300
2024-09-09,201.39271545410156,218.5399932861328,221.08999633789062,217.74000549316406,220.0,2211100
2024-09-10,201.33738708496094,218.47999572753906,219.63999938964844,217.0,217.75999450683594,2148700
2024-09-11,201.4387664794922,218.58999633789062,218.8000030517578,214.77999877929688,218.66000366210938,3691400
2024-09-12,200.24996948242188,217.3000030517578,219.22999572753906,215.4499969482422,219.19000244140625,2368200
2024-09-13,199.96432495117188,216.99000549316406,218.8800048828125,215.52999877929688,218.27000427246094,2587300
2024-09-16,201.38351440429688,218.52999877929688,219.49000549316406,216.0500030517578,216.0500030517578,1740100
2024-09-17,201.0609588623047,218.17999267578125,219.2899932861328,216.8000030517578,218.19000244140625,1976800
2024-09-18,199.32847595214844,216.3000030517578,218.36000061035156,214.94000244140625,218.0,1868500
2024-09-19,197.90928649902344,214.75999450683594,217.11000061035156,214.58999633789062,216.5399932861328,2888700
2024-09-20,196.43482971191406,213.16000366210938,215.07000732421875,212.3800048828125,213.63999938964844,2898600
2024-09-23,198.9229736328125,215.86000061035156,216.27000427246094,212.61000061035156,213.47000122070312,1550600
2024-09-24,201.04251098632812,218.16000366210938,218.24000549316406,213.97000122070312,215.86000061035156,2292300
2024-09-25,200.4527587890625,217.52000427246094,219.35000610351562,216.52000427246094,218.52000427246094,1973700
2024-09-26,201.3282012939453,218.47000122070312,218.97999572753906,216.74000549316406,217.5399932861328,2076300
2024-09-27,201.17152404785156,218.3000030517578,220.0,218.08999633789062,218.47000122070312,1840200
2024-09-30,203.33714294433594,220.64999389648438,221.36000061035156,217.22999572753906,219.0,1835800
2024-10-01,207.6038818359375,225.27999877929688,225.32000732421875,218.08999633789062,221.0,2043400
2024-10-02,206.0280303955078,223.57000732421875,225.9499969482422,221.14999389648438,225.9499969482422,2191700
2024-10-03,206.67311096191406,224.27000427246094,226.77999877929688,223.67999267578125,224.66000366210938,1819900
2024-10-04,206.82057189941406,224.42999267578125,224.80999755859375,222.0500030517578,224.27000427246094,1585800
2024-10-07,204.33241271972656,221.72999572753906,226.5,221.25,225.1300048828125,3023000
2024-10-08,204.2863311767578,221.67999267578125,223.83999633789062,220.55999755859375,222.85000610351562,2138400
2024-10-09,204.08360290527344,221.4600067138672,223.00999450683594,220.55999755859375,221.08999633789062,1488900
2024-10-10,203.89004516601562,221.25,222.35000610351562,220.11000061035156,222.0,958100
2024-10-11,204.3231658935547,221.72000122070312,221.92999267578125,220.3000030517578,221.86000061035156,1123100
2024-10-14,206.60861206054688,224.1999969482422,224.2899932861328,221.4199981689453,221.6300048828125,1429500
2024-10-15,207.1799774169922,224.82000732421875,225.88999938964844,222.9499969482422,224.30999755859375,1589900
2024-10-16,209.34556579589844,227.1699981689453,227.27999877929688,223.67999267578125,223.77000427246094,1248200
2024-10-17,209.40086364746094,227.22999572753906,230.1199951171875,226.8800048828125,228.2100067138672,1816800
2024-10-18,210.4053497314453,228.32000732421875,229.13999938964844,226.0,227.22999572753906,1203000
2024-10-21,209.23500061035156,227.0500030517578,228.02999877929688,225.99000549316406,226.61000061035156,1138200
2024-10-22,208.4240264892578,226.1699981689453,227.24000549316406,225.41000366210938,226.8000030517578,1933200
2024-10-23,209.31790161132812,227.13999938964844,227.7899932861328,220.9499969482422,221.00999450683594,2044100
2024-10-24,211.66786193847656,229.69000244140625,230.36000061035156,226.22000122070312,226.77999877929688,1360500
2024-10-25,208.3963623046875,226.13999938964844,229.47000122070312,225.3000030517578,229.47000122070312,974700
2024-10-28,210.2210235595703,228.1199951171875,228.80999755859375,225.57000732421875,226.10000610351562,1327400
2024-10-29,209.2718505859375,227.08999633789062,229.11000061035156,227.05999755859375,228.9600067138672,1286100
2024-10-30,209.42849731445312,227.25999450683594,227.85000610351562,225.47000122070312,226.07000732421875,1211300
2024-10-31,207.67758178710938,225.36000061035156,228.22999572753906,224.86000061035156,228.22999572753906,1663000
2024-11-01,206.0648956298828,223.61000061035156,225.6699981689453,223.39999389648438,224.5500030517578,1318600
2024-11-04,205.57647705078125,223.0800018310547,225.0399932861328,221.00999450683594,223.7100067138672,1193300
2024-11-05,207.5209197998047,225.19000244140625,225.44000244140625,223.0,223.24000549316406,1183000
2024-11-06,203.81631469726562,221.1699981689453,226.3800048828125,213.94000244140625,226.13999938964844,3663300
2024-11-07,204.61805725097656,222.0399932861328,223.0,220.41000366210938,221.77000427246094,1999500
2024-11-08,207.95404052734375,225.66000366210938,227.52000427246094,222.8800048828125,223.72000122070312,1798000
2024-11-11,208.20286560058594,225.92999267578125,227.92999267578125,225.55999755859375,226.92999267578125,1263800
2024-11-12,208.5530242919922,226.30999755859375,227.9600067138672,225.77999877929688,226.7100067138672,1496400
2024-11-13,210.2394561767578,228.13999938964844,228.5800018310547,226.19000244140625,226.72999572753906,1960000
2024-11-14,205.88978576660156,223.4199981689453,228.9199981689453,222.8800048828125,228.0399932861328,1817000
2024-11-15,207.6038818359375,225.27999877929688,226.6699981689453,222.55999755859375,223.7100067138672,2124400
2024-11-18,209.70497131347656,227.55999755859375,228.25999450683594,225.02000427246094,225.47000122070312,1347200
2024-11-19,211.6401824951172,229.66000366210938,230.74000549316406,225.69000244140625,226.77000427246094,1971900
2024-11-20,210.11044311523438,228.0,230.58999633789062,226.1999969482422,230.5399932861328,2114000
2024-11-21,208.783447265625,226.55999755859375,229.17999267578125,226.02000427246094,229.17999267578125,1864200
2024-11-22,211.06883239746094,229.0399932861328,229.94000244140625,226.91000366210938,227.5,3050400
2024-11-25,211.37295532226562,229.3699951171875,229.97999572753906,227.00999450683594,229.97999572753906,3149000
2024-11-26,215.9990692138672,234.38999938964844,235.17999267578125,229.0800018310547,229.77000427246094,2752800
2024-11-27,218.7083740234375,237.3300018310547,238.1199951171875,234.22000122070312,235.17999267578125,2129100
2024-11-29,219.32582092285156,238.0,238.97000122070312,235.89999389648438,237.4600067138672,1161300
2024-12-02,217.12335205078125,235.61000061035156,238.77999877929688,234.86000061035156,238.19000244140625,2683700
2024-12-03,221.8415985107422,240.72999572753906,241.5,236.24000549316406,236.89999389648438,3600900
2024-12-04,223.93348693847656,243.0,243.5500030517578,238.9600067138672,240.4499969482422,5096000
2024-12-05,226.716552734375,246.02000427246094,249.02000427246094,241.57000732421875,245.67999267578125,3253000
2024-12-06,220.5975341796875,239.3800048828125,245.16000366210938,239.2899932861328,244.8000030517578,3162400
2024-12-09,219.19931030273438,236.72000122070312,240.0,234.88999938964844,239.0399932861328,2125300
2024-12-10,221.48648071289062,239.19000244140625,240.25,234.94000244140625,236.0,2164600
2024-12-11,216.9584197998047,234.3000030517578,239.19000244140625,234.16000366210938,238.16000366210938,3689300
2024-12-12,218.48626708984375,235.9499969482422,236.8000030517578,234.3300018310547,235.7100067138672,1695600
2024-12-13,219.63450622558594,237.19000244140625,237.5,234.0800018310547,235.27000427246094,1810600
2024-12-16,218.45852661132812,235.9199981689453,238.60000610351562,235.27000427246094,237.85000610351562,1841000
2024-12-17,218.52333068847656,235.99000549316406,236.6999969482422,234.05999755859375,236.0800018310547,1612900
2024-12-18,219.5326690673828,237.0800018310547,239.7899932861328,235.0,235.1199951171875,2864900
2024-12-19,219.29190063476562,236.82000732421875,240.2100067138672,236.58999633789062,236.8300018310547,2854300
2024-12-20,220.8753204345703,238.52999877929688,240.30999755859375,235.60000610351562,237.0,3172400
2024-12-23,220.39381408691406,238.00999450683594,238.5800018310547,235.80999755859375,238.0,1620100
2024-12-24,221.74575805664062,239.47000122070312,239.55999755859375,238.02000427246094,238.07000732421875,478400
2024-12-26,221.50502014160156,239.2100067138672,239.6300048828125,238.24000549316406,238.47000122070312,1174700
2024-12-27,221.5904083251953,233.5,234.8000030517578,231.7100067138672,231.7100067138672,1384000
2024-12-30,219.72088623046875,231.52999877929688,233.50999450683594,231.19000244140625,232.75999450683594,1224500
2024-12-31,220.3851776123047,232.22999572753906,233.16000366210938,231.6199951171875,232.72000122070312,1041900
2025-01-02,220.85020446777344,232.72000122070312,234.13999938964844,231.80999755859375,232.49000549316406,2246600
2025-01-03,220.64141845703125,232.5,232.75999450683594,230.49000549316406,231.63999938964844,1597900
2025-01-06,214.3021240234375,225.82000732421875,231.00999450683594,225.42999267578125,229.35000610351562,2297600
2025-01-07,215.43141174316406,227.00999450683594,228.0500030517578,224.6199951171875,226.6699981689453,2121000
2025-01-08,217.6046142578125,229.3000030517578,229.41000366210938,226.27999877929688,227.6199951171875,2002500
2025-01-10,217.5097198486328,229.1999969482422,229.88999938964844,226.9199981689453,228.92999267578125,2739700
2025-01-13,217.74696350097656,229.4499969482422,230.5500030517578,228.25999450683594,228.75,1650000
2025-01-14,219.9106903076172,231.72999572753906,231.94000244140625,228.35000610351562,228.44000244140625,1427800
2025-01-15,216.25706481933594,227.8800048828125,233.0399932861328,225.47000122070312,232.1699981689453,2703600
2025-01-16,220.46109008789062,232.30999755859375,232.47000122070312,227.88999938964844,228.22999572753906,1572600
2025-01-17,220.84072875976562,232.7100067138672,235.75,232.10000610351562,233.27999877929688,1908700
2025-01-21,220.40415954589844,232.25,234.27999877929688,230.19000244140625,232.88999938964844,2041400
2025-01-22,220.6698760986328,232.52999877929688,232.72999572753906,230.8000030517578,232.0800018310547,1684700
2025-01-23,221.4765167236328,233.3800048828125,234.38999938964844,230.9600067138672,232.52999877929688,2396800
2025-01-24,222.71022033691406,234.67999267578125,236.1699981689453,233.47999572753906,233.82000732421875,1644600
2025-01-27,224.8644256591797,236.9499969482422,237.88999938964844,234.5399932861328,235.86000061035156,1941000
2025-01-28,222.4350128173828,234.38999938964844,236.47000122070312,233.64999389648438,235.4600067138672,1468900
2025-01-29,220.64141845703125,232.5,234.22999572753906,232.32000732421875,233.19000244140625,1640400
2025-01-30,223.88699340820312,235.9199981689453,239.35000610351562,233.1199951171875,233.74000549316406,1586500
2025-01-31,224.45639038085938,236.52000427246094,237.08999633789062,233.66000366210938,235.27999877929688,1981700
2025-02-03,228.37570190429688,240.64999389648438,241.55999755859375,238.13999938964844,239.8000030517578,2536700
2025-02-04,230.1598358154297,242.52999877929688,242.86000061035156,238.1199951171875,240.10000610351562,2055800
2025-02-05,229.31521606445312,241.63999938964844,243.3300018310547,241.05999755859375,243.3300018310547,1421600
2025-02-06,231.94395446777344,244.41000366210938,244.9600067138672,242.1999969482422,243.0,1446600
2025-02-07,232.342529296875,244.8300018310547,246.74000549316406,243.6699981689453,244.2899932861328,1096100
2025-02-10,229.47654724121094,241.80999755859375,245.24000549316406,241.16000366210938,244.3800048828125,1717200
2025-02-11,229.41014099121094,241.74000549316406,242.60000610351562,239.6999969482422,241.5399932861328,1359000
2025-02-12,236.26187133789062,248.9600067138672,253.52999877929688,245.24000549316406,245.86000061035156,2575000
2025-02-13,237.35321044921875,250.11000061035156,251.7100067138672,248.72999572753906,250.44000244140625,1683200
2025-02-14,232.9593505859375,245.47999572753906,250.30999755859375,245.1999969482422,248.72999572753906,1444300
2025-02-18,235.20852661132812,247.85000610351562,248.08999633789062,244.42999267578125,245.82000732421875,1316700
2025-02-19,237.96058654785156,250.75,251.32000732421875,247.41000366210938,248.1199951171875,1171300
2025-02-20,235.65452575683594,248.32000732421875,249.72999572753906,246.69000244140625,249.6300048828125,1248700
2025-02-21,236.1764373779297,248.8699951171875,249.22999572753906,246.91000366210938,248.32000732421875,1769900
2025-02-24,235.1135711669922,247.75,250.3699951171875,247.4499969482422,249.85000610351562,1205400
2025-02-25,238.02700805664062,250.82000732421875,251.8000030517578,247.74000549316406,248.86000061035156,2131700
2025-02-26,235.3413543701172,247.99000549316406,250.9199981689453,247.24000549316406,250.82000732421875,1941600
2025-02-27,237.1064910888672,249.85000610351562,251.89999389648438,247.0800018310547,248.1199951171875,1461100
2025-02-28,240.82655334472656,253.77000427246094,254.39999389648438,249.66000366210938,251.60000610351562,2157200
2025-03-03,243.77792358398438,256.8800048828125,257.7799987792969,253.77999877929688,253.89999389648438,2640300
2025-03-04,239.12782287597656,251.97999572753906,258.7799987792969,251.3300018310547,257.9599914550781,2301200
2025-03-05,241.50030517578125,254.47999572753906,257.1099853515625,251.8800048828125,251.97999572753906,2364000
2025-03-06,241.08277893066406,254.0399932861328,254.33999633789062,249.50999450683594,253.72999572753906,2247900
2025-03-07,242.78033447265625,254.57000732421875,256.5,250.50999450683594,252.77999877929688,2698400
2025-03-10,250.1332550048828,262.2799987792969,262.510009765625,254.3000030517578,254.82000732421875,4407300
2025-03-11,248.36891174316406,260.42999267578125,263.6499938964844,257.239990234375,262.6099853515625,4312300
2025-03-12,244.8307647705078,256.7200012207031,258.8900146484375,251.5,258.42999267578125,4086000
2025-03-13,247.80628967285156,259.8399963378906,261.0799865722656,254.9600067138672,256.260009765625,3286100
2025-03-14,246.6999969482422,258.67999267578125,260.0199890136719,256.1600036621094,259.70001220703125,1935700
2025-03-17,251.3730010986328,263.5799865722656,264.4100036621094,258.6400146484375,261.0899963378906,2453600
2025-03-18,254.1482696533203,266.489990234375,266.6300048828125,262.9599914550781,263.7099914550781,2770500
2025-03-19,253.17552185058594,265.4700012207031,267.9100036621094,264.010009765625,265.05999755859375,2878100
2025-03-20,254.19601440429688,266.5400085449219,267.5799865722656,264.45001220703125,265.0,1990500
2025-03-21,251.15370178222656,263.3500061035156,267.7799987792969,263.0199890136719,266.4800109863281,7238600
2025-03-24,250.76268005371094,262.94000244140625,263.79998779296875,260.80999755859375,263.2300109863281,2131600
2025-03-25,249.92344665527344,262.05999755859375,263.42999267578125,259.8900146484375,261.9200134277344,2584300
2025-03-26,250.55288696289062,262.7200012207031,263.3599853515625,261.010009765625,262.6099853515625,1909800
2025-03-27,249.7231903076172,261.8500061035156,264.30999755859375,261.57000732421875,263.2699890136719,1892900
2025-03-28,250.07606506347656,262.2200012207031,263.8299865722656,261.75,262.55999755859375,1736100
2025-03-31,253.00390625,265.2900085449219,265.7799987792969,261.739990234375,262.7099914550781,2414800
2025-04-01,250.0951385498047,262.239990234375,264.6600036621094,261.9800109863281,263.989990234375,1972700
2025-04-02,250.38124084472656,262.5400085449219,265.55999755859375,261.07000732421875,263.6499938964844,2064900
2025-04-03,255.9316864013672,268.3599853515625,271.2200012207031,263.4800109863281,264.79998779296875,4242900
2025-04-04,242.6754150390625,254.4600067138672,273.4200134277344,254.19000244140625,269.45001220703125,5818900
2025-04-07,240.68223571777344,252.3699951171875,259.4200134277344,250.1699981689453,254.33999633789062,5472700
2025-04-08,243.2190399169922,255.02999877929688,258.8500061035156,252.0,256.5400085449219,5514500
2025-04-09,242.3607177734375,254.1300048828125,259.3800048828125,248.52999877929688,252.7899932861328,6336300
2025-04-10,246.42343139648438,258.3900146484375,260.6199951171875,252.8699951171875,256.6199951171875,3013900
2025-04-11,249.4275665283203,261.5400085449219,264.45001220703125,258.8900146484375,259.04998779296875,2757000
2025-04-14,251.4779815673828,263.69000244140625,265.25,257.6099853515625,260.6199951171875,2373700
2025-04-15,250.6959228515625,262.8699951171875,265.510009765625,262.1600036621094,264.1199951171875,1567600
2025-04-16,249.28451538085938,261.3900146484375,264.94000244140625,260.7099914550781,263.0,2380200
2025-04-17,250.37167358398438,262.5299987792969,265.2099914550781,261.44000244140625,262.4700012207031,1796800
2025-04-21,248.27354431152344,260.3299865722656,264.3800048828125,257.8900146484375,263.2799987792969,2493800
2025-04-22,253.26133728027344,265.55999755859375,265.8999938964844,260.7799987792969,261.8999938964844,2744000
2025-04-23,249.37034606933594,261.4800109863281,262.010009765625,251.89999389648438,256.6499938964844,3475900
2025-04-24,251.07742309570312,263.2699890136719,266.3399963378906,258.6300048828125,261.4800109863281,2632100
2025-04-25,253.9670867919922,266.29998779296875,266.4599914550781,261.29998779296875,263.0199890136719,1709100
2025-04-28,255.5120849609375,267.9200134277344,268.9200134277344,265.75,266.8299865722656,1778500
2025-04-29,259.74639892578125,272.3599853515625,272.8900146484375,267.3900146484375,268.239990234375,1770600
2025-04-30,264.2478332519531,277.0799865722656,278.1499938964844,270.239990234375,271.9800109863281,2122400
2025-05-01,264.2764587402344,277.1099853515625,278.3500061035156,273.9100036621094,275.2699890136719,2048100
2025-05-02,267.4617614746094,280.45001220703125,282.1000061035156,277.75,278.25,2245600
2025-05-05,269.47406005859375,282.55999755859375,283.1099853515625,278.6400146484375,279.8599853515625,1510500
2025-05-06,269.8746032714844,282.9800109863281,285.94000244140625,281.0,282.04998779296875,1888500
2025-05-07,271.6293640136719,284.82000732421875,286.4800109863281,281.8599853515625,282.4200134277344,1411400
2025-05-08,268.9304504394531,281.989990234375,285.1099853515625,281.6600036621094,283.70001220703125,1620100
2025-05-09,271.18115234375,284.3500061035156,284.6600036621094,281.9599914550781,282.44000244140625,953400
2025-05-12,257.9439392089844,270.4700012207031,280.8500061035156,267.05999755859375,280.4599914550781,4906400
2025-05-13,255.91261291503906,268.3399963378906,272.4100036621094,268.17999267578125,270.010009765625,3201100
2025-05-14,253.94801330566406,266.2799987792969,269.2699890136719,265.7200012207031,268.760009765625,2483100
2025-05-15,261.31048583984375,274.0,274.239990234375,266.8599853515625,268.3800048828125,2226200
2025-05-16,263.4944152832031,276.2900085449219,276.55999755859375,273.44000244140625,273.739990234375,1516000
2025-05-19,265.06805419921875,277.94000244140625,279.8699951171875,276.3699951171875,277.1099853515625,1617800
2025-05-20,265.0012512207031,277.8699951171875,278.4200134277344,275.82000732421875,278.2699890136719,1389200
2025-05-21,268.6920471191406,281.739990234375,282.20001220703125,276.80999755859375,277.2099914550781,2221600
2025-05-22,268.94000244140625,282.0,284.0400085449219,280.3800048828125,281.92999267578125,1783300
2025-05-23,270.9140930175781,284.07000732421875,285.8699951171875,280.3900146484375,281.79998779296875,2323500
2025-05-27,271.190673828125,284.3599853515625,284.9100036621094,281.3800048828125,283.760009765625,1792900
2025-05-28,272.7356872558594,285.9800109863281,287.04998779296875,284.0,284.5799865722656,2297700
2025-05-29,272.6307678222656,285.8699951171875,287.1000061035156,284.239990234375,284.9700012207031,1486200
2025-05-30,275.6158142089844,289.0,290.1000061035156,285.57000732421875,286.3399963378906,4721400
2025-06-02,277.2466125488281,290.7099914550781,290.7900085449219,287.1700134277344,288.1000061035156,2150100
2025-06-03,269.2356262207031,282.30999755859375,289.57000732421875,278.1000061035156,289.3800048828125,2745700
2025-06-04,265.01080322265625,277.8800048828125,282.19000244140625,277.510009765625,282.19000244140625,1837000
2025-06-05,262.1687927246094,274.8999938964844,278.1300048828125,274.25,277.8800048828125,1958100
2025-06-06,261.53936767578125,274.239990234375,275.7099914550781,270.20001220703125,275.17999267578125,1635900
2025-06-09,257.093994140625,268.3500061035156,271.82000732421875,265.0199890136719,271.5400085449219,3020200
2025-06-10,254.9384002685547,266.1000061035156,269.05999755859375,264.30999755859375,268.8900146484375,2640300
2025-06-11,258.3394470214844,269.6499938964844,269.7200012207031,264.3500061035156,266.1099853515625,2749000
2025-06-12,259.5945129394531,270.9599914550781,272.07000732421875,268.25,270.5899963378906,2194200
2025-06-13,258.1957702636719,269.5,273.9700012207031,268.8500061035156,273.9700012207031,1576400
2025-06-16,256.2892150878906,267.510009765625,270.94000244140625,266.0,269.6600036621094,3208600
2025-06-17,258.3873596191406,269.70001220703125,270.5199890136719,266.3999938964844,267.6000061035156,1795500
2025-06-18,260.68670654296875,272.1000061035156,272.2900085449219,268.2099914550781,269.82000732421875,2539500
2025-06-20,262.4974060058594,273.989990234375,274.2799987792969,263.2099914550781,271.4200134277344,10645700
2025-06-23,261.22320556640625,272.6600036621094,275.8299865722656,271.0799865722656,274.260009765625,2363200
2025-06-24,259.99688720703125,271.3800048828125,273.5899963378906,270.0,273.3299865722656,2344500
2025-06-25,261.5777282714844,273.0299987792969,273.5400085449219,269.69000244140625,270.6300048828125,1590000
2025-06-26,261.3860778808594,272.8299865722656,274.55999755859375,271.7300109863281,274.55999755859375,2428700
2025-06-27,263.2351379394531,274.760009765625,274.92999267578125,271.510009765625,272.57000732421875,2682100
2025-06-30,264.0590515136719,275.6199951171875,275.9100036621094,272.0299987792969,274.2099914550781,2473000
2025-07-01,263.8674621582031,275.4200134277344,277.6400146484375,271.17999267578125,277.6400146484375,2010200
2025-07-02,264.25067138671875,275.82000732421875,276.54998779296875,271.1199951171875,275.0,2074800
2025-07-03,265.09375,276.70001220703125,276.9100036621094,273.489990234375,275.8299865722656,1234000
2025-07-07,270.6983337402344,282.54998779296875,282.57000732421875,274.989990234375,277.239990234375,2252300
2025-07-08,264.0686340332031,275.6300048828125,281.92999267578125,274.57000732421875,280.54998779296875,3437300
2025-07-09,264.0782165527344,275.6400146484375,275.75,271.55999755859375,275.0,2841500
2025-07-10,263.6470947265625,275.19000244140625,277.8999938964844,274.7099914550781,275.6400146484375,1602100
2025-07-11,263.54168701171875,275.0799865722656,276.9800109863281,274.2300109863281,276.1199951171875,1531600
2025-07-14,265.43865966796875,277.05999755859375,278.3299865722656,275.7099914550781,276.44000244140625,1470400
2025-07-15,263.46502685546875,275.0,275.4800109863281,272.25,274.1000061035156,1962000
2025-07-16,265.88897705078125,277.5299987792969,279.3399963378906,273.7099914550781,275.0,2452200
2025-07-17,266.1667785644531,277.82000732421875,279.739990234375,276.44000244140625,276.8699951171875,2018900
2025-07-18,263.1776428222656,274.70001220703125,278.4599914550781,274.29998779296875,277.9200134277344,2197300
2025-07-21,263.46502685546875,275.0,276.989990234375,272.0,273.5400085449219,1998800
2025-07-22,263.1201477050781,274.6400146484375,275.67999267578125,273.25,275.0,2722700
2025-07-23,264.88299560546875,276.4800109863281,280.3900146484375,273.30999755859375,274.2200012207031,2665600
2025-07-24,265.5536193847656,277.17999267578125,279.010009765625,273.0299987792969,276.4599914550781,2720700
2025-07-25,267.82421875,279.54998779296875,281.79998779296875,277.0299987792969,277.9100036621094,1834700
2025-07-28,262.6219482421875,274.1199951171875,279.67999267578125,273.8599853515625,278.70001220703125,2233400
2025-07-29,263.0818176269531,274.6000061035156,278.1499938964844,274.0199890136719,274.6400146484375,2147200
2025-07-30,266.090087890625,277.739990234375,278.29998779296875,273.57000732421875,274.82000732421875,1410900
2025-07-31,266.60748291015625,278.2799987792969,280.8500061035156,276.07000732421875,276.9700012207031,1961500
2025-08-01,268.98345947265625,280.760009765625,282.05999755859375,279.1499938964844,280.7900085449219,3011100
2025-08-04,275.0574951171875,287.1000061035156,287.2699890136719,280.5199890136719,280.760009765625,1727100
2025-08-05,272.6719665527344,284.6099853515625,287.5899963378906,284.42999267578125,287.2099914550781,1571800
2025-08-06,269.5487365722656,281.3500061035156,283.9800109863281,279.1000061035156,283.79998779296875,1689100
2025-08-07,269.16546630859375,280.95001220703125,283.54998779296875,278.54998779296875,281.3999938964844,1676000
2025-08-08,270.37261962890625,282.2099914550781,284.29998779296875,280.0,281.9700012207031,1488500
2025-08-11,273.76416015625,285.75,288.2799987792969,280.95001220703125,280.95001220703125,1567500
2025-08-12,264.3081359863281,275.8800048828125,286.05999755859375,274.5299987792969,286.0,2741100
2025-08-13,262.43035888671875,273.9200134277344,275.7799987792969,271.80999755859375,275.0,2384100
2025-08-14,263.1776428222656,274.70001220703125,277.2799987792969,273.9200134277344,276.1099853515625,1971000
2025-08-15,262.43035888671875,273.9200134277344,276.5199890136719,273.3699951171875,274.70001220703125,2056500
2025-08-18,259.06756591796875,270.4100036621094,276.0,270.1499938964844,274.20001220703125,2165000
2025-08-19,260.1022644042969,271.489990234375,272.75,269.5,270.4100036621094,1767400
2025-08-20,263.0914306640625,274.6099853515625,275.5799865722656,271.5199890136719,272.989990234375,1738700
2025-08-21,261.85552978515625,273.32000732421875,275.6099853515625,273.0400085449219,275.0,1325700
2025-08-22,258.21490478515625,269.5199890136719,274.95001220703125,268.6600036621094,274.1400146484375,1591600
2025-08-25,260.0065002441406,271.3900146484375,271.6600036621094,268.5400085449219,269.5799865722656,1712600
2025-08-26,260.21722412109375,271.6099853515625,273.2300109863281,269.3999938964844,270.3699951171875,3298700
2025-08-27,258.78973388671875,270.1199951171875,272.07000732421875,269.55999755859375,271.260009765625,1397200
2025-08-28,255.5802764892578,266.7699890136719,270.30999755859375,265.8999938964844,269.54998779296875,1753300
2025-08-29,255.33120727539062,266.510009765625,267.2699890136719,265.5400085449219,266.7699890136719,1562700
2025-09-02,254.26773071289062,265.3999938964844,268.05999755859375,262.54998779296875,266.8800048828125,2847300
2025-09-03,258.05206298828125,269.3500061035156,269.7699890136719,264.1499938964844,265.3999938964844,2386500
2025-09-04,256.21258544921875,267.42999267578125,271.6000061035156,266.95001220703125,269.5799865722656,1891400
2025-09-05,250.95286560058594,261.94000244140625,266.0400085449219,260.5799865722656,265.7099914550781,1633900
2025-09-08,251.56602478027344,262.5799865722656,262.6700134277344,258.510009765625,261.6099853515625,1973600
2025-09-09,251.75852966308594,261.5299987792969,263.20001220703125,260.4599914550781,260.9700012207031,1969100
2025-09-10,250.19906616210938,259.9100036621094,261.3599853515625,258.7900085449219,261.0,1722300
2025-09-11,252.57676696777344,262.3800048828125,262.6400146484375,259.57000732421875,260.739990234375,1955300
2025-09-12,252.499755859375,262.29998779296875,263.6199951171875,260.30999755859375,261.8900146484375,1565500
2025-09-15,249.159423828125,258.8299865722656,264.42999267578125,258.30999755859375,262.2300109863281,1820400
2025-09-16,250.12205505371094,259.8299865722656,262.4200134277344,257.8800048828125,258.44000244140625,1992700
2025-09-17,252.5960235595703,262.3999938964844,263.0199890136719,260.3500061035156,260.95001220703125,1554000
2025-09-18,250.85365295410156,260.5899963378906,263.0899963378906,259.32000732421875,262.0,1890200
2025-09-19,251.75852966308594,261.5299987792969,263.3299865722656,259.3599853515625,261.6400146484375,3143900
2025-09-22,251.32534790039062,261.0799865722656,263.8500061035156,259.1700134277344,260.75,1143000
2025-09-23,252.17245483398438,261.9599914550781,262.6199951171875,259.30999755859375,261.1000061035156,1098700
2025-09-24,254.55015563964844,264.42999267578125,264.8299865722656,260.7699890136719,262.1600036621094,1405200
2025-09-25,258.6895446777344,268.7300109863281,271.2200012207031,264.739990234375,265.6099853515625,2367100
2025-09-26,260.1816101074219,270.2799987792969,271.3500061035156,268.3699951171875,270.80999755859375,1534800
2025-09-29,262.0683898925781,272.239990234375,272.3999938964844,269.6300048828125,271.2699890136719,1397500
2025-09-30,260.0949401855469,270.19000244140625,274.1700134277344,269.5,272.8399963378906,2893700
2025-10-01,255.90748596191406,265.8399963378906,270.5199890136719,264.1000061035156,270.19000244140625,2308900
2025-10-02,255.51280212402344,265.42999267578125,266.0299987792969,262.260009765625,264.5400085449219,1646200
2025-10-03,254.78123474121094,264.6700134277344,266.4100036621094,264.4599914550781,265.42999267578125,1715100
2025-10-06,252.2591094970703,262.04998779296875,264.2200012207031,258.19000244140625,264.1199951171875,2190600
2025-10-07,253.7511749267578,263.6000061035156,264.75,261.45001220703125,263.9599914550781,1628600
2025-10-08,255.0411376953125,264.94000244140625,267.2300109863281,258.25,263.5799865722656,2347500
2025-10-09,258.79541015625,268.8399963378906,268.8900146484375,263.4599914550781,266.17999267578125,2040900
2025-10-10,261.30792236328125,271.45001220703125,274.0,266.3900146484375,268.67999267578125,2146000
2025-10-13,261.1442565917969,271.2799987792969,271.82000732421875,267.6700134277344,268.2900085449219,1687800
2025-10-14,257.1974182128906,267.17999267578125,275.3699951171875,266.5299987792969,273.5400085449219,1870300
2025-10-15,258.1311950683594,268.1499938964844,270.7300109863281,265.1000061035156,266.69000244140625,1758400
2025-10-16,252.70191955566406,262.510009765625,269.54998779296875,261.79998779296875,268.9100036621094,1419100
2025-10-17,257.9290466308594,267.94000244140625,268.6400146484375,262.05999755859375,263.5,1881200
2025-10-20,257.6210021972656,267.6199951171875,268.2699890136719,264.7799987792969,267.5,1556800
2025-10-21,258.5740051269531,268.6099853515625,269.8599853515625,267.2200012207031,268.75,1779600
2025-10-22,257.8039245605469,267.80999755859375,273.3399963378906,262.3399963378906,263.67999267578125,2070000
2025-10-23,258.8531494140625,268.8999938964844,272.7900085449219,268.42999267578125,272.7900085449219,1578500
2025-10-24,259.4692687988281,269.5400085449219,270.3999938964844,267.3699951171875,267.7699890136719,1273700
2025-10-27,260.96136474609375,271.0899963378906,272.1000061035156,267.79998779296875,269.0,1541100
2025-10-28,256.3791809082031,266.3299865722656,273.3900146484375,265.95001220703125,271.5199890136719,1860300
2025-10-29,251.75852966308594,261.5299987792969,264.8900146484375,257.1700134277344,264.8900146484375,2926000
2025-10-30,253.0677490234375,262.8900146484375,265.8500061035156,262.3500061035156,263.9200134277344,1568700
2025-10-31,255.57057189941406,265.489990234375,266.489990234375,262.2900085449219,262.8900146484375,1644400
2025-11-03,254.29029846191406,264.1600036621094,266.0,261.4200134277344,265.3999938964844,1471800
2025-11-04,257.8424377441406,267.8500061035156,268.4800109863281,264.1600036621094,267.3399963378906,1539200
2025-11-05,257.98681640625,268.0,271.1000061035156,266.5199890136719,266.5899963378906,2379800
2025-11-06,261.279052734375,271.4200134277344,272.20001220703125,266.07000732421875,267.44000244140625,1847400
2025-11-07,266.1692199707031,276.5,279.0199890136719,272.010009765625,273.8699951171875,2158600
2025-11-10,266.92010498046875,277.2799987792969,277.5,270.6199951171875,274.70001220703125,1429100
2025-11-11,268.4217529296875,278.8399963378906,280.20001220703125,276.5400085449219,279.25,1235700
2025-11-12,269.1341247558594,279.5799865722656,281.4200134277344,278.1700134277344,278.1700134277344,1100200
2025-11-13,272.9461975097656,283.5400085449219,287.739990234375,280.6499938964844,281.54998779296875,2777700
2025-11-14,274.39013671875,285.0400085449219,285.8500061035156,281.44000244140625,285.0,3339700
2025-11-17,268.7009582519531,279.1300048828125,286.3299865722656,278.1000061035156,285.4800109863281,2199500
2025-11-18,268.8453674316406,279.2799987792969,282.3399963378906,277.07000732421875,278.54998779296875,1749700
2025-11-19,262.3090515136719,272.489990234375,279.95001220703125,269.4700012207031,277.9200134277344,3543200
2025-11-20,264.93701171875,275.2200012207031,276.19000244140625,271.1600036621094,272.30999755859375,2038000
2025-11-21,262.8865966796875,273.0899963378906,277.5199890136719,272.05999755859375,277.0199890136719,2248500
2025-11-24,265.3798522949219,275.67999267578125,276.1300048828125,271.0400085449219,273.3900146484375,3560900
2025-11-25,266.63128662109375,276.9800109863281,277.6400146484375,273.010009765625,273.010009765625,1514500
2025-11-26,270.3759460449219,280.8699951171875,281.9700012207031,277.1400146484375,278.010009765625,1439700
2025-11-28,270.9438781738281,281.4599914550781,283.05999755859375,280.6600036621094,280.8900146484375,884500
2025-12-01,268.566162109375,278.989990234375,282.989990234375,278.1300048828125,281.7799987792969,1701100
2025-12-02,267.1221923828125,277.489990234375,280.5299987792969,274.989990234375,278.8900146484375,1871600
2025-12-03,264.08990478515625,274.3399963378906,279.80999755859375,273.1199951171875,276.04998779296875,1847500
2025-12-04,262.98291015625,273.19000244140625,276.25,271.6199951171875,275.9700012207031,2413100
2025-12-05,260.7495422363281,270.8699951171875,273.8699951171875,270.1000061035156,273.3500061035156,1968700
2025-12-08,260.31640625,270.4200134277344,271.4700012207031,268.5,270.5,1565900
2025-12-09,260.027587890625,270.1199951171875,273.3399963378906,268.82000732421875,270.8299865722656,1255700
2025-12-10,256.3791809082031,266.3299865722656,271.29998779296875,265.25,269.2300109863281,2242900
2025-12-11,262.2320556640625,272.4100036621094,272.55999755859375,267.25,267.3399963378906,1784600
2025-12-12,264.5433349609375,273.54998779296875,273.7699890136719,271.20001220703125,272.0,1444200
2025-12-15,263.21844482421875,272.17999267578125,276.5199890136719,268.8599853515625,272.9700012207031,3094300
2025-12-16,263.9631042480469,272.95001220703125,273.44000244140625,269.6099853515625,271.8599853515625,1839400
2025-12-17,264.7270812988281,273.739990234375,276.510009765625,272.1400146484375,273.3500061035156,1409700
2025-12-18,257.2709045410156,266.0299987792969,274.2799987792969,265.4100036621094,272.9800109863281,2110600
2025-12-19,260.2301940917969,269.0899963378906,270.44000244140625,265.1700134277344,265.3599853515625,4349900
2025-12-22,264.20489501953125,273.20001220703125,273.2799987792969,267.95001220703125,268.5,1240300
2025-12-23,266.4581604003906,275.5299987792969,275.80999755859375,271.010009765625,272.5299987792969,766100
2025-12-24,267.2801818847656,276.3800048828125,277.0,274.989990234375,274.989990234375,580000
2025-12-26,267.61865234375,276.7300109863281,277.6400146484375,276.0,276.55999755859375,545900
2025-12-29,269.25299072265625,278.4200134277344,278.54998779296875,276.6199951171875,277.42999267578125,951000
2025-12-30,266.7482604980469,275.8299865722656,278.5799865722656,275.69000244140625,278.2200012207031,1345500
2025-12-31,264.08880615234375,273.0799865722656,276.0199890136719,272.8900146484375,275.70001220703125,958700
2026-01-02,260.8007507324219,269.67999267578125,272.5400085449219,268.1700134277344,272.25,1228500
2026-01-05,266.0036315917969,275.05999755859375,275.5,267.6700134277344,267.7699890136719,1375600
2026-01-06,260.2882080078125,269.1499938964844,275.0,264.5400085449219,273.4100036621094,2909600
2026-01-07,258.0639343261719,266.8500061035156,272.2799987792969,263.5,268.70001220703125,2895200
2026-01-08,257.8608703613281,266.6400146484375,269.7699890136719,265.8500061035156,266.7099914550781,1526800
2026-01-09,253.80882263183594,262.45001220703125,267.3599853515625,262.19000244140625,266.7799987792969,1853400
2026-01-12,256.2555236816406,264.9800109863281,268.0,262.6000061035156,262.6000061035156,3129700
2026-01-13,259.61126708984375,268.45001220703125,268.75,262.7900085449219,265.0899963378906,3106800
2026-01-14,266.1680603027344,275.2300109863281,275.3599853515625,270.0199890136719,270.260009765625,1758900
2026-01-15,263.6149597167969,272.5899963378906,276.45001220703125,271.9100036621094,274.3900146484375,1673700
2026-01-16,270.29742431640625,279.5,280.19000244140625,270.8699951171875,272.5400085449219,2410000
2026-01-20,270.6939392089844,279.9100036621094,283.20001220703125,278.1199951171875,280.010009765625,2490200
2026-01-21,269.8816223144531,279.07000732421875,281.3599853515625,276.5899963378906,280.19000244140625,2204900
2026-01-22,272.1252136230469,281.3900146484375,282.760009765625,278.1400146484375,279.04998779296875,1941500
2026-01-23,273.4307556152344,282.739990234375,283.739990234375,279.7699890136719,281.4599914550781,1725900
2026-01-26,274.6976013183594,284.04998779296875,285.92999267578125,282.5199890136719,282.7200012207031,1751400
2026-01-27,275.1134948730469,284.4800109863281,284.8999938964844,282.1000061035156,283.7699890136719,1553500
2026-01-28,276.6317443847656,286.04998779296875,286.760009765625,282.7200012207031,283.9700012207031,1487000
2026-01-29,280.28729248046875,289.8299865722656,291.760009765625,286.54998779296875,286.8599853515625,1940300
2026-01-30,279.54266357421875,289.05999755859375,290.69000244140625,286.2900085449219,289.79998779296875,1448300
2026-02-02,281.1963806152344,290.7699890136719,293.7799987792969,288.2900085449219,289.4700012207031,2022600
2026-02-03,283.4206237792969,293.07000732421875,296.1600036621094,287.42999267578125,290.489990234375,3977000
2026-02-04,284.91961669921875,294.6199951171875,296.760009765625,286.5299987792969,292.4100036621094,3183300
2026-02-05,287.5887145996094,297.3800048828125,302.20001220703125,294.6300048828125,297.0,2497200
2026-02-06,292.3177490234375,302.2699890136719,302.7900085449219,297.6600036621094,299.4599914550781,2927100
2026-02-09,297.12408447265625,307.239990234375,307.8399963378906,301.67999267578125,302.2699890136719,2350600
2026-02-10,296.6598815917969,306.760009765625,309.3500061035156,302.54998779296875,306.5299987792969,2262500
2026-02-11,292.5208435058594,302.4800109863281,308.17999267578125,301.7799987792969,306.55999755859375,2532900
2026-02-12,291.70849609375,301.6400146484375,307.3900146484375,295.2699890136719,300.7200012207031,2466800
2026-02-13,293.0914001464844,303.07000732421875,305.4200134277344,302.0299987792969,303.760009765625,2206200
2026-02-17,293.2461242675781,303.2300109863281,308.20001220703125,302.1000061035156,305.260009765625,2127500
2026-02-18,292.5885009765625,302.54998779296875,304.94000244140625,299.4800109863281,303.239990234375,2046300
2026-02-19,293.90374755859375,303.9100036621094,304.0899963378906,300.6199951171875,302.5299987792969,1400700
2026-02-20,297.94610595703125,308.0899963378906,308.32000732421875,302.6400146484375,303.70001220703125,2754400
2026-02-23,303.6615295410156,314.0,314.19000244140625,308.8699951171875,309.2699890136719,3117800
2026-02-24,308.5259094238281,319.0299987792969,319.239990234375,313.2799987792969,313.44000244140625,2395300
2026-02-25,297.2401428222656,307.3599853515625,322.57000732421875,306.3399963378906,317.6499938964844,3904000
2026-02-26,306.0308837890625,316.45001220703125,316.7900085449219,309.0,310.3900146484375,2477700
2026-02-27,308.9804382324219,319.5,321.80999755859375,316.6400146484375,319.3900146484375,2806000
2026-03-02,315.7112731933594,326.4599914550781,327.7900085449219,321.70001220703125,322.07000732421875,2459600
2026-03-03,314.4250793457031,325.1300048828125,329.1600036621094,324.0400085449219,327.54998779296875,2545000
2026-03-04,309.4639587402344,320.0,322.1499938964844,317.80999755859375,319.82000732421875,2559600
2026-03-05,306.3789978027344,316.80999755859375,320.6000061035156,314.9599914550781,318.17999267578125,2194600
2026-03-06,306.6594543457031,317.1000061035156,320.2900085449219,314.1600036621094,315.8999938964844,1846300
2026-03-09,308.5839538574219,319.0899963378906,320.8599853515625,314.57000732421875,317.3299865722656,3573300
2026-03-10,303.3359069824219,306.3399963378906,310.20001220703125,300.80999755859375,309.260009765625,2715700
2026-03-11,300.35540771484375,303.3299865722656,305.6600036621094,302.0899963378906,304.55999755859375,2072200
2026-03-12,308.1383361816406,311.19000244140625,312.510009765625,305.07000732421875,308.239990234375,2449300
2026-03-13,308.3462829589844,311.3999938964844,314.3900146484375,310.8699951171875,312.0799865722656,2253400
2026-03-16,310.75244140625,313.8299865722656,314.29998779296875,308.9700012207031,309.260009765625,1936900
2026-03-17,310.25732421875,313.3299865722656,316.75,312.0899963378906,313.3699951171875,1374600
2026-03-18,305.87078857421875,308.8999938964844,314.1700134277344,308.42999267578125,311.95001220703125,1583200
2026-03-19,307.6630554199219,310.7099914550781,313.19000244140625,307.7699890136719,310.94000244140625,2003700
2026-03-20,304.3063049316406,307.32000732421875,311.8699951171875,304.5,310.30999755859375,3942700
2026-03-23,303.5537414550781,306.55999755859375,307.9800109863281,304.5199890136719,305.0,1963600
2026-03-24,299.7117919921875,302.67999267578125,307.3399963378906,302.0,303.9599914550781,1754700
2026-03-25,291.047607421875,293.92999267578125,302.260009765625,292.95001220703125,300.95001220703125,2740100
2026-03-26,294.66180419921875,297.5799865722656,300.8500061035156,294.0799865722656,297.54998779296875,2084200
2026-03-27,290.8990783691406,293.7799987792969,299.1199951171875,293.29998779296875,297.5799865722656,1579900
2026-03-30,294.66180419921875,297.5799865722656,298.4200134277344,293.8699951171875,297.25,1315200
2026-03-31,292.45367431640625,295.3500061035156,300.0,292.6199951171875,298.6099853515625,2357200
2026-04-01,294.028076171875,296.94000244140625,297.20001220703125,293.5,295.739990234375,1938900
2026-04-02,302.1179504394531,305.1099853515625,305.8999938964844,297.82000732421875,300.3999938964844,1741500
2026-04-06,305.5440368652344,308.57000732421875,310.2300109863281,304.19000244140625,305.6400146484375,1471700
2026-04-07,307.5343322753906,310.5799865722656,312.67999267578125,307.260009765625,308.2300109863281,1519300
2026-04-08,299.84051513671875,302.80999755859375,304.8599853515625,298.6600036621094,299.3599853515625,3168300
2026-04-09,295.99853515625,298.92999267578125,303.67999267578125,297.6400146484375,302.9599914550781,4031700
2026-04-10,292.4041442871094,295.29998779296875,300.8599853515625,294.010009765625,300.8599853515625,3025700
2026-04-13,297.64227294921875,300.5899963378906,300.739990234375,295.8299865722656,297.1199951171875,1611900
2026-04-14,294.1171875,297.0299987792969,299.9599914550781,295.8399963378906,298.19000244140625,2279900
2026-04-15,293.98846435546875,296.8999938964844,298.8800048828125,294.94000244140625,296.8900146484375,1828700
2026-04-16,293.31512451171875,296.2200012207031,298.25,295.260009765625,296.17999267578125,1900800
2026-04-17,284.82916259765625,287.6499938964844,294.0799865722656,284.4800109863281,293.57000732421875,3976200
2026-04-20,284.63116455078125,287.45001220703125,289.989990234375,286.57000732421875,288.2200012207031,2071100
2026-04-21,281.6110534667969,284.3999938964844,289.0,283.04998779296875,288.4599914550781,2714200
2026-04-22,282.908203125,285.7099914550781,286.9700012207031,274.6000061035156,275.05999755859375,3393800
2026-04-23,282.6705627441406,285.4700012207031,286.6000061035156,280.0799865722656,285.1099853515625,2655100
2026-04-24,282.26458740234375,285.05999755859375,286.3599853515625,279.8500061035156,284.0899963378906,2347600
2026-04-27,279.1751708984375,281.94000244140625,286.5,281.3599853515625,286.5,2009700
2026-04-28,281.7397766113281,284.5299987792969,287.0,283.2099914550781,286.2900085449219,1805400
2026-04-29,284.452880859375,287.2699890136719,287.75,281.9100036621094,282.92999267578125,1956600
2026-04-30,284.9975280761719,287.82000732421875,288.7699890136719,283.79998779296875,285.3399963378906,2508700
2026-05-01,286.7006530761719,289.5400085449219,291.1099853515625,288.010009765625,289.3399963378906,2019700
2026-05-04,287.44329833984375,290.2900085449219,292.3399963378906,286.1300048828125,287.4800109863281,1700600
2026-05-05,284.00732421875,286.82000732421875,290.5,286.3500061035156,289.7699890136719,1949200
2026-05-06,285.5124206542969,288.3399963378906,288.8900146484375,283.0199890136719,285.7799987792969,2168700
2026-05-07,284.03704833984375,286.8500061035156,288.3800048828125,285.1499938964844,288.20001220703125,2364000
2026-05-08,278.491943359375,281.25,286.95001220703125,280.69000244140625,286.4100036621094,2308700
2026-05-11,279.8088684082031,282.5799865722656,284.2099914550781,280.6300048828125,281.4200134277344,2607800
2026-05-12,282.94781494140625,285.75,287.4700012207031,282.4100036621094,286.0299987792969,3198700
2026-05-13,294.2162170410156,297.1300048828125,297.7799987792969,284.6199951171875,285.45001220703125,3523300
2026-05-14,294.7806396484375,297.70001220703125,298.8599853515625,294.3999938964844,297.3299865722656,1576800
2026-05-15,295.9292297363281,298.8599853515625,304.7200012207031,297.8800048828125,301.2799987792969,2216500
2026-05-18,302.1278381347656,305.1199951171875,305.4599914550781,297.8699951171875,297.8699951171875,1913100
2026-05-19,299.40484619140625,302.3699951171875,308.010009765625,302.239990234375,305.82000732421875,2129600
2026-05-20,287.27496337890625,290.1199951171875,301.9100036621094,290.04998779296875,300.70001220703125,2859800
2026-05-21,286.4530944824219,289.2900085449219,294.79998779296875,288.760009765625,293.9800109863281,2443600
2026-05-22,288.37408447265625,291.2300109863281,293.0899963378906,289.1000061035156,289.1000061035156,1437400
2026-05-26,279.7693176269531,282.5400085449219,290.8599853515625,280.6600036621094,290.010009765625,2339400
2026-05-27,276.363037109375,279.1000061035156,281.75,277.010009765625,280.9200134277344,2863000
2026-05-28,274.6994934082031,277.4200134277344,280.3999938964844,277.1099853515625,279.6300048828125,2145800
2026-05-29,270.8575744628906,273.5400085449219,279.82000732421875,272.2799987792969,277.04998779296875,6459800
2026-06-01,255.23231506347656,257.760009765625,274.19000244140625,257.2200012207031,272.1499938964844,6266200
2026-06-02,248.0731964111328,250.52999877929688,260.4200134277344,244.55999755859375,258.5,8507200
2026-06-03,250.16250610351562,252.63999938964844,257.5,251.27999877929688,254.22999572753906,5097300
2026-06-04,253.54896545410156,256.05999755859375,259.0400085449219,254.3300018310547,256.2300109863281,3688500
2026-06-05,254.87582397460938,257.3999938964844,259.45001220703125,255.42999267578125,257.4800109863281,3515900
2026-06-08,249.55848693847656,252.02999877929688,256.04998779296875,249.80999755859375,255.60000610351562,3762800
2026-06-09,254.744140625,255.94000244140625,260.489990234375,250.47999572753906,251.36000061035156,3717400
2026-06-10,262.5674133300781,263.79998779296875,264.1400146484375,256.2300109863281,259.1700134277344,3141100
2026-06-11,260.9549865722656,262.17999267578125,267.4100036621094,262.0,265.79998779296875,3508700
2026-06-12,268.2706298828125,269.5299987792969,270.0,263.45001220703125,263.5,2863100
2026-06-15,264.8367614746094,266.0799865722656,269.5299987792969,264.010009765625,267.5,2658300
2026-06-16,260.3777160644531,261.6000061035156,268.29998779296875,254.00999450683594,268.29998779296875,4095500
2026-06-17,251.36001586914062,252.5399932861328,254.9600067138672,246.0,252.17999267578125,6690500
2026-06-18,245.22882080078125,246.3800048828125,258.0,245.61000061035156,252.82000732421875,6953500
2026-06-22,244.0543212890625,245.1999969482422,248.5800018310547,244.6699981689453,247.25,3046000
2026-06-23,241.1280517578125,242.25999450683594,249.75,241.4499969482422,248.57000732421875,3297100
2026-06-24,230.5974884033203,231.67999267578125,244.63999938964844,231.3000030517578,243.74000549316406,5584800
2026-06-25,223.94871520996094,225.0,231.32000732421875,224.39999389648438,231.32000732421875,4425600
2026-06-26,219.96739196777344,221.0,225.72999572753906,220.72999572753906,225.33999633789062,5970300
2026-06-29,217.55870056152344,218.5800018310547,225.22999572753906,218.30999755859375,224.07000732421875,5083700
2026-06-30,219.79818725585938,220.8300018310547,224.9199981689453,218.7100067138672,220.3000030517578,4046800
2026-07-01,229.92066955566406,231.0,231.1300048828125,222.25,223.72999572753906,5158800
2026-07-02,235.4945068359375,236.60000610351562,237.4199981689453,230.6699981689453,230.6699981689453,4627200
2026-07-06,233.66310119628906,234.75999450683594,236.8800048828125,231.3000030517578,235.86000061035156,3042200
2026-07-07,239.6251220703125,240.75,243.27999877929688,235.60000610351562,237.00999450683594,2994500
2026-07-08,241.9342803955078,243.07000732421875,247.08999633789062,240.02999877929688,240.75,3881600
2026-07-09,238.58998107910156,239.7100067138672,240.30999755859375,234.3699951171875,238.33999633789062,3407100
2026-07-10,239.14736938476562,240.27000427246094,243.08999633789062,236.6199951171875,240.7100067138672,1979800
2026-07-13,243.95480346679688,245.10000610351562,245.64999389648438,240.49000549316406,243.10000610351562,2240300
2026-07-14,242.4717559814453,243.61000061035156,247.36000061035156,242.0,242.50999450683594,1873800
2026-07-15,244.03440856933594,245.17999267578125,247.24000549316406,243.02999877929688,243.1999969482422,2467300
2026-07-16,245.11932373046875,246.27000427246094,247.22999572753906,242.02000427246094,245.86000061035156,2405600
2026-07-17,243.905029296875,245.0500030517578,248.3000030517578,243.16000366210938,246.27000427246094,3360500
2026-07-20,243.96475219726562,245.11000061035156,246.6999969482422,241.22000122070312,243.5,2975400
2026-07-21,236.2708740234375,237.3800048828125,243.72000122070312,237.13999938964844,243.5,3608300
2026-07-22,248.07545471191406,249.24000549316406,255.25,244.66000366210938,247.5800018310547,3898000
2026-07-23,253.1317138671875,254.32000732421875,257.5299987792969,249.74000549316406,250.35000610351562,2878200
2026-07-24,254.11708068847656,255.30999755859375,256.1600036621094,251.33999633789062,254.1999969482422,1809400
2026-07-27,254.16685485839844,255.36000061035156,256.6499938964844,251.50999450683594,255.47000122070312,1675100
2026-07-28,258.7851867675781,260.0,262.3399963378906,255.33999633789062,256.510009765625,2238500
2026-07-29,264.19976806640625,265.44000244140625,266.260009765625,259.44000244140625,260.25,2915100
2026-07-30,265.971435546875,267.2200012207031,267.4700012207031,260.6000061035156,260.80999755859375,2590900
2026-07-31,266.5387878417969,267.7900085449219,269.94000244140625,265.0,266.6400146484375,3269500
2026-08-03,264.9263610839844,266.1700134277344,270.0,264.30999755859375,267.7300109863281,1622600
2026-08-04,261.40289306640625,262.6300048828125,264.44000244140625,260.3999938964844,262.1700134277344,2294700
2026-08-05,263.5428466796875,264.7799987792969,265.95001220703125,259.239990234375,264.4800109863281,1745800
2026-08-06,263.0849914550781,264.32000732421875,269.0,262.7300109863281,266.1099853515625,1841400
2026-08-07,262.4280700683594,263.6600036621094,266.2699890136719,262.42999267578125,262.57000732421875,1250900
2026-08-10,262.4181213378906,263.6499938964844,268.5299987792969,262.010009765625,262.57000732421875,1578400
2026-08-11,258.1083679199219,259.32000732421875,262.9800109863281,258.760009765625,262.82000732421875,1593500
2026-08-12,260.9450378417969,262.1700134277344,263.3900146484375,256.8299865722656,256.9100036621094,1366200
2026-08-13,265.96148681640625,267.2099914550781,267.5899963378906,261.3999938964844,262.1700134277344,2023300
2026-08-14,268.53936767578125,269.79998779296875,271.0899963378906,265.55999755859375,266.8800048828125,1717100
2026-08-17,266.62835693359375,267.8800048828125,271.8299865722656,267.6700134277344,269.32000732421875,2150700
2026-08-18,270.2712707519531,271.5400085449219,274.0,269.05999755859375,271.3599853515625,1488900
2026-08-19,265.6927490234375,266.94000244140625,272.29998779296875,262.20001220703125,270.25,2561400
2026-08-20,269.6043701171875,270.8699951171875,273.17999267578125,266.4200134277344,266.94000244140625,1567400
2026-08-21,273.6951904296875,274.9800109863281,275.5,271.6400146484375,272.5799865722656,1815100
2026-08-24,277.8656311035156,279.1700134277344,279.7799987792969,274.1499938964844,276.1700134277344,1318000
2026-08-25,276.0242614746094,277.32000732421875,279.3599853515625,273.2200012207031,277.0,1403400
2026-08-26,279.6671447753906,280.9800109863281,282.1700134277344,277.760009765625,278.4100036621094,1722500
2026-08-27,279.6273498535156,280.94000244140625,282.7099914550781,279.4599914550781,280.0899963378906,2058100
2026-08-28,284.464599609375,285.79998779296875,286.29998779296875,279.8599853515625,281.20001220703125,2981900
2026-08-31,284.166015625,285.5,287.44000244140625,282.8699951171875,284.1499938964844,3293700
2026-09-01,285.1116027832031,286.45001220703125,289.8999938964844,282.94000244140625,286.3900146484375,1664500
2026-09-02,276.4721374511719,277.7699890136719,286.1400146484375,275.6300048828125,285.6099853515625,2466200
2026-09-03,280.7321472167969,282.04998779296875,283.29998779296875,279.42999267578125,280.7200012207031,1739900
2026-09-04,279.9757080078125,281.2900085449219,283.0,278.6499938964844,279.5,1647900
2026-09-08,276.92999267578125,278.2300109863281,281.0,277.57000732421875,280.7799987792969,1645400
2026-09-09,274.70001220703125,274.70001220703125,277.6400146484375,274.010009765625,276.30999755859375,1618400
2026-09-10,274.3550109863281,274.3550109863281,277.6700134277344,274.1400146484375,275.5199890136719,517846
