Price,Adj Close,Close,High,Low,Open,Volume
Ticker,CVS,CVS,CVS,CVS,CVS,CVS
Date,,,,,,
2021-09-10,70.98445129394531,83.79000091552734,85.80999755859375,83.36000061035156,85.80000305175781,6454400
2021-09-13,71.59440612792969,84.51000213623047,85.19000244140625,84.0199966430664,84.13999938964844,4495200
2021-09-14,71.06916809082031,83.88999938964844,85.06999969482422,83.68000030517578,85.05000305175781,3882400
2021-09-15,72.46698760986328,85.54000091552734,85.9800033569336,83.66000366210938,83.86000061035156,6352400
2021-09-16,72.30603790283203,85.3499984741211,86.33000183105469,84.56999969482422,85.9800033569336,4169200
2021-09-17,72.44157409667969,85.51000213623047,85.83000183105469,84.83999633789062,84.98999786376953,8731800
2021-09-20,71.65373992919922,84.58000183105469,85.44999694824219,83.56999969482422,84.62999725341797,5337000
2021-09-21,71.10306549072266,83.93000030517578,85.62000274658203,83.83999633789062,84.94999694824219,5052900
2021-09-22,71.04375457763672,83.86000061035156,84.88999938964844,83.80999755859375,84.5199966430664,3919200
2021-09-23,71.89093017578125,84.86000061035156,85.62000274658203,83.87000274658203,84.13999938964844,3875700
2021-09-24,71.76383209228516,84.70999908447266,85.33999633789062,84.5,84.98999786376953,2888300
2021-09-27,72.63644409179688,85.73999786376953,86.44000244140625,84.51000213623047,84.51000213623047,5255100
2021-09-28,72.56866455078125,85.66000366210938,86.33999633789062,85.23999786376953,85.6500015258789,6257800
2021-09-29,73.52596282958984,86.79000091552734,87.25,85.44000244140625,85.52999877929688,4827000
2021-09-30,71.89093017578125,84.86000061035156,87.52999877929688,84.79000091552734,87.0999984741211,6024800
2021-10-01,71.22166442871094,84.06999969482422,84.91000366210938,82.36000061035156,84.80000305175781,6888400
2021-10-04,71.00140380859375,83.80999755859375,85.47000122070312,83.11000061035156,84.0,4768000
2021-10-05,70.85737609863281,83.63999938964844,84.88999938964844,83.4800033569336,83.97000122070312,4848600
2021-10-06,70.44226837158203,83.1500015258789,83.44999694824219,81.77999877929688,83.0,5205100
2021-10-07,71.331787109375,84.19999694824219,84.66000366210938,83.36000061035156,83.36000061035156,4262000
2021-10-08,71.47579193115234,84.37000274658203,84.73999786376953,83.86000061035156,84.5,2990600
2021-10-11,71.39956665039062,84.27999877929688,85.31999969482422,84.02999877929688,84.62000274658203,3283400
2021-10-12,70.98445129394531,83.79000091552734,84.66999816894531,83.55999755859375,84.2699966430664,2916200
2021-10-13,70.45074462890625,83.16000366210938,83.61000061035156,82.19999694824219,83.58000183105469,4261900
2021-10-14,71.63678741455078,84.55999755859375,85.44999694824219,82.91999816894531,84.33999633789062,7284600
2021-10-15,72.72113800048828,85.83999633789062,86.29000091552734,84.94000244140625,85.02999877929688,5449000
2021-10-18,71.56900024414062,84.4800033569336,85.75,84.12000274658203,85.75,4822100
2021-10-19,71.91633605957031,84.88999938964844,85.30999755859375,84.62000274658203,84.97000122070312,3833000
2021-10-20,73.32263946533203,86.55000305175781,86.83000183105469,85.0,85.0999984741211,5023300
2021-10-21,74.01283264160156,86.86000061035156,86.88999938964844,85.70999908447266,85.83999633789062,5347200
2021-10-22,74.5752182006836,87.5199966430664,87.58999633789062,86.23999786376953,86.4800033569336,5035900
2021-10-25,74.71155548095703,87.68000030517578,88.0,87.0199966430664,87.72000122070312,5774100
2021-10-26,75.25689697265625,88.31999969482422,88.63999938964844,86.58999633789062,87.98999786376953,6215300
2021-10-27,75.0609130859375,88.08999633789062,88.77999877929688,87.69999694824219,88.52999877929688,5211500
2021-10-28,75.51251220703125,88.62000274658203,88.83999633789062,87.9000015258789,88.4000015258789,4394600
2021-10-29,76.07490539550781,89.27999877929688,89.52999877929688,88.05999755859375,88.2699966430664,5335600
2021-11-01,77.24226379394531,90.6500015258789,91.12000274658203,89.58000183105469,89.7699966430664,7682500
2021-11-02,77.66831970214844,91.1500015258789,91.44999694824219,90.18000030517578,90.91999816894531,6950900
2021-11-03,82.09069061279297,96.33999633789062,96.56999969482422,92.19999694824219,92.51000213623047,16938000
2021-11-04,80.5143051147461,94.48999786376953,96.30000305175781,94.04000091552734,96.27999877929688,7417800
2021-11-05,79.9093246459961,93.77999877929688,95.87999725341797,93.0,94.68000030517578,7437300
2021-11-08,79.89228057861328,93.76000213623047,94.58999633789062,93.41999816894531,94.0,3982100
2021-11-09,79.0401840209961,92.76000213623047,93.97000122070312,92.55999755859375,93.87999725341797,4446700
2021-11-10,79.21060943603516,92.95999908447266,94.4000015258789,92.41999816894531,93.29000091552734,4966600
2021-11-11,80.27571868896484,94.20999908447266,94.52999877929688,92.54000091552734,92.68000030517578,4273000
2021-11-12,80.11383819580078,94.0199966430664,95.33999633789062,93.3499984741211,94.58000183105469,3792500
2021-11-15,79.66220092773438,93.48999786376953,94.30000305175781,93.43000030517578,94.11000061035156,3602100
2021-11-16,79.15097045898438,92.88999938964844,94.16999816894531,92.81999969482422,93.93000030517578,4038600
2021-11-17,79.01463317871094,92.7300033569336,93.05999755859375,92.08000183105469,92.62999725341797,3878200
2021-11-18,81.23858642578125,95.33999633789062,95.68000030517578,92.73999786376953,93.05999755859375,8619700
2021-11-19,79.38102722167969,93.16000366210938,95.05999755859375,92.31999969482422,95.05999755859375,6446000
2021-11-22,79.23616790771484,92.98999786376953,94.45999908447266,92.94999694824219,93.0999984741211,4334600
2021-11-23,79.79004669189453,93.63999938964844,94.44999694824219,92.19999694824219,93.11000061035156,6625500
2021-11-24,78.94646453857422,92.6500015258789,93.83999633789062,92.22000122070312,93.2699966430664,6109400
2021-11-26,77.98358154296875,91.5199966430664,92.25,90.9000015258789,91.47000122070312,4241000
2021-11-29,78.4096450805664,92.0199966430664,92.72000122070312,91.08999633789062,91.98999786376953,5215600
2021-11-30,75.88743591308594,89.05999755859375,91.66000366210938,88.91000366210938,91.2699966430664,9051700
2021-12-01,75.64884948730469,88.77999877929688,91.05999755859375,88.7699966430664,90.18000030517578,6223500
2021-12-02,76.67988586425781,89.98999786376953,91.18000030517578,88.80999755859375,89.12999725341797,5992700
2021-12-03,77.42971801757812,90.87000274658203,91.58999633789062,90.11000061035156,90.63999938964844,5660200
2021-12-06,78.94646453857422,92.6500015258789,93.44000244140625,91.58999633789062,91.62999725341797,6039400
2021-12-07,79.18504333496094,92.93000030517578,93.44999694824219,92.63999938964844,93.01000213623047,3965700
2021-12-08,79.32991027832031,93.0999984741211,94.29000091552734,92.48999786376953,93.33000183105469,5767900
2021-12-09,82.91720581054688,97.30999755859375,97.7699966430664,94.19000244140625,94.8499984741211,14096800
2021-12-10,84.23794555664062,98.86000061035156,99.12999725341797,97.05000305175781,97.69999694824219,9217300
2021-12-13,84.27204132080078,98.9000015258789,99.33000183105469,97.91999816894531,98.9800033569336,4986100
2021-12-14,84.16979217529297,98.77999877929688,100.97000122070312,98.62999725341797,99.47000122070312,6282700
2021-12-15,85.67799377441406,100.55000305175781,100.63999938964844,98.33999633789062,98.77999877929688,7052700
2021-12-16,86.24889373779297,101.22000122070312,102.22000122070312,100.23999786376953,100.5199966430664,7360800
2021-12-17,85.51609802246094,100.36000061035156,101.63999938964844,99.29000091552734,101.37999725341797,9409800
2021-12-20,85.48201751708984,100.31999969482422,100.47000122070312,98.63999938964844,99.91000366210938,5233100
2021-12-21,85.88252258300781,100.79000091552734,101.44000244140625,100.41999816894531,100.79000091552734,5040000
2021-12-22,85.97622680664062,100.9000015258789,101.31999969482422,100.02999877929688,100.76000213623047,4318200
2021-12-23,86.3255844116211,101.30999755859375,101.87000274658203,101.06999969482422,101.06999969482422,3111000
2021-12-27,87.25436401367188,102.4000015258789,102.41999816894531,101.55999755859375,101.76000213623047,2596600
2021-12-28,87.56964874267578,102.7699966430664,103.25,102.36000061035156,102.5,2732400
2021-12-29,88.3620834350586,103.69999694824219,103.83999633789062,103.02999877929688,103.0999984741211,2782500
2021-12-30,88.34503936767578,103.68000030517578,104.55999755859375,103.44999694824219,103.98999786376953,2484500
2021-12-31,87.9019546508789,103.16000366210938,103.76000213623047,103.12999725341797,103.4800033569336,3251600
2022-01-03,88.7540512084961,104.16000366210938,104.33999633789062,102.30000305175781,102.80999755859375,4951000
2022-01-04,88.86483001708984,104.29000091552734,105.44000244140625,103.80000305175781,104.44999694824219,6089800
2022-01-05,90.1600112915039,105.80999755859375,106.5,104.31999969482422,104.31999969482422,6957500
2022-01-06,87.41626739501953,102.58999633789062,105.73999786376953,102.41000366210938,105.37000274658203,9847600
2022-01-07,88.77962493896484,104.19000244140625,104.79000091552734,101.33000183105469,102.44999694824219,6862200
2022-01-10,89.52094268798828,105.05999755859375,105.22000122070312,103.19000244140625,104.20999908447266,6105500
2022-01-11,90.35600280761719,106.04000091552734,107.26000213623047,105.26000213623047,106.06999969482422,8694200
2022-01-12,90.13444519042969,105.77999877929688,106.44999694824219,105.08999633789062,105.47000122070312,4933700
2022-01-13,89.759521484375,105.33999633789062,105.97000122070312,104.18000030517578,105.25,6511000
2022-01-14,90.50936126708984,106.22000122070312,106.47000122070312,105.02999877929688,105.70999908447266,6706700
2022-01-18,89.05228424072266,104.51000213623047,106.13999938964844,104.0199966430664,105.80000305175781,8109300
2022-01-19,88.1490478515625,103.44999694824219,105.76000213623047,103.41999816894531,104.94999694824219,7286600
2022-01-20,87.71217346191406,102.38999938964844,103.88999938964844,102.23999786376953,102.66000366210938,6694700
2022-01-21,87.00115966796875,101.55999755859375,103.41999816894531,101.0,102.93000030517578,7822800
2022-01-24,88.67161560058594,103.51000213623047,104.06999969482422,99.69000244140625,100.9000015258789,13768700
2022-01-25,88.32039642333984,103.0999984741211,103.41000366210938,100.9000015258789,102.47000122070312,7472300
2022-01-26,89.82809448242188,104.86000061035156,105.31999969482422,103.23999786376953,103.5999984741211,10827900
2022-01-27,91.48141479492188,106.79000091552734,107.61000061035156,105.0,105.37999725341797,12385100
2022-01-28,93.60590362548828,109.2699966430664,109.33999633789062,106.16000366210938,106.68000030517578,10339500
2022-01-31,91.2415771484375,106.51000213623047,108.5,105.43000030517578,108.22000122070312,8540100
2022-02-01,91.03598022460938,106.2699966430664,107.18000030517578,105.20999908447266,106.2699966430664,7040200
2022-02-02,93.2889633178711,108.9000015258789,109.06999969482422,105.62999725341797,105.81999969482422,8771800
2022-02-03,93.13475799560547,108.72000122070312,110.1500015258789,108.22000122070312,109.94999694824219,6612800
2022-02-04,92.93773651123047,108.48999786376953,109.5199966430664,107.1500015258789,107.58000183105469,5473000
2022-02-07,93.72583770751953,109.41000366210938,109.81999969482422,107.91000366210938,108.98999786376953,5450500
2022-02-08,94.94229125976562,110.83000183105469,111.25,108.87999725341797,108.88999938964844,7793400
2022-02-09,89.76814270019531,104.79000091552734,108.2699966430664,104.12000274658203,106.45999908447266,15269800
2022-02-10,90.2221450805664,105.31999969482422,106.63999938964844,104.45999908447266,104.5999984741211,8605700
2022-02-11,89.2969741821289,104.23999786376953,106.13999938964844,104.08000183105469,105.48999786376953,5923100
2022-02-14,88.2347183227539,103.0,104.1500015258789,102.02999877929688,104.06999969482422,7663400
2022-02-15,88.20903015136719,102.97000122070312,104.5199966430664,102.52999877929688,103.86000061035156,4441300
2022-02-16,89.03998565673828,103.94000244140625,104.23999786376953,102.83000183105469,103.05000305175781,5623900
2022-02-17,87.63507843017578,102.30000305175781,103.94000244140625,102.05999755859375,103.6500015258789,4635600
2022-02-18,87.48944854736328,102.12999725341797,102.98999786376953,101.22000122070312,102.55000305175781,4850700
2022-02-22,87.30953979492188,101.91999816894531,102.77999877929688,101.02999877929688,102.16000366210938,4776700
2022-02-23,87.58367919921875,102.23999786376953,103.4800033569336,101.97000122070312,102.54000091552734,4947700
2022-02-24,86.32440948486328,100.7699966430664,100.94999694824219,98.45999908447266,100.26000213623047,7055300
2022-02-25,89.34838104248047,104.30000305175781,104.86000061035156,101.19000244140625,101.4000015258789,6573400
2022-02-28,88.79155731201172,103.6500015258789,103.7300033569336,101.29000091552734,101.29000091552734,6678100
2022-03-01,87.4208984375,102.05000305175781,103.5,100.95999908447266,103.20999908447266,5642900
2022-03-02,89.45973205566406,104.43000030517578,105.02999877929688,101.94999694824219,103.01000213623047,5031700
2022-03-03,89.5539779663086,104.54000091552734,105.70999908447266,103.4800033569336,104.48999786376953,5741900
2022-03-04,90.11079406738281,105.19000244140625,105.27999877929688,102.06999969482422,102.70999908447266,5347300
2022-03-07,89.57109069824219,104.55999755859375,106.80999755859375,103.73999786376953,104.48999786376953,6424200
2022-03-08,87.68648529052734,102.36000061035156,105.87000274658203,102.25,105.06999969482422,6801100
2022-03-09,88.74871826171875,103.5999984741211,104.93000030517578,102.37000274658203,104.54000091552734,4936900
2022-03-10,89.15989685058594,104.08000183105469,104.26000213623047,102.56999969482422,103.0999984741211,3595000
2022-03-11,88.6373519897461,103.47000122070312,105.18000030517578,103.38999938964844,104.16999816894531,4799000
2022-03-14,89.51111602783203,104.48999786376953,104.58999633789062,101.08999633789062,103.93000030517578,5750300
2022-03-15,91.64418029785156,106.9800033569336,107.44999694824219,104.58999633789062,105.0,6845100
2022-03-16,91.75555419921875,107.11000061035156,107.31999969482422,105.5,107.0,5183000
2022-03-17,92.99769592285156,108.55999755859375,108.63999938964844,105.72000122070312,106.6500015258789,5583100
2022-03-18,91.9183120727539,107.30000305175781,108.62000274658203,106.55000305175781,108.5,7129700
2022-03-21,91.99539947509766,107.38999938964844,109.69000244140625,106.87000274658203,107.77999877929688,4673800
2022-03-22,91.85836029052734,107.2300033569336,108.19999694824219,106.33000183105469,108.0,3305700
2022-03-23,90.97599029541016,106.19999694824219,107.7699966430664,106.1500015258789,107.4800033569336,3182400
2022-03-24,92.56080627441406,108.05000305175781,108.06999969482422,106.05999755859375,106.4000015258789,3618100
2022-03-25,92.99769592285156,108.55999755859375,108.87000274658203,107.33999633789062,107.75,3788800
2022-03-28,92.5522232055664,108.04000091552734,108.25,106.91999816894531,108.0,3774400
2022-03-29,89.67388916015625,104.68000030517578,107.29000091552734,103.91000366210938,106.79000091552734,8510700
2022-03-30,88.70590209960938,103.55000305175781,105.36000061035156,102.31999969482422,104.0999984741211,7971600
2022-03-31,86.70132446289062,101.20999908447266,102.7699966430664,101.18000030517578,102.0,8521100
2022-04-01,86.59852600097656,101.08999633789062,102.19000244140625,100.30000305175781,101.20999908447266,6344300
2022-04-04,85.66480255126953,100.0,100.54000091552734,98.66000366210938,100.48999786376953,6951500
2022-04-05,85.20221710205078,99.45999908447266,101.27999877929688,99.18000030517578,99.33999633789062,7124900
2022-04-06,87.42945861816406,102.05999755859375,102.29000091552734,99.69000244140625,99.97000122070312,6590200
2022-04-07,88.75727081298828,103.61000061035156,103.98999786376953,101.2699966430664,101.95999908447266,5731600
2022-04-08,91.32721710205078,106.61000061035156,107.5199966430664,103.55999755859375,104.4000015258789,7756100
2022-04-11,89.47686767578125,104.44999694824219,107.7300033569336,104.16999816894531,106.36000061035156,6368600
2022-04-12,89.63964080810547,104.63999938964844,105.02999877929688,103.76000213623047,104.4000015258789,4127900
2022-04-13,89.930908203125,104.9800033569336,105.80000305175781,103.19999694824219,104.4000015258789,3768300
2022-04-14,88.81725311279297,103.68000030517578,105.75,103.61000061035156,105.30999755859375,5134800
2022-04-18,88.59453582763672,103.41999816894531,104.48999786376953,102.9800033569336,103.37999725341797,3003400
2022-04-19,88.97144317626953,103.86000061035156,104.41000366210938,102.94999694824219,103.5999984741211,3615300
2022-04-20,91.35293579101562,106.63999938964844,107.5999984741211,104.58000183105469,104.9000015258789,5629800
2022-04-21,90.5693359375,105.18000030517578,106.4000015258789,104.87000274658203,106.0999984741211,3386100
2022-04-22,87.55552673339844,101.68000030517578,104.30999755859375,101.56999969482422,104.2699966430664,5779200
2022-04-25,87.63302612304688,101.7699966430664,102.38999938964844,99.20999908447266,101.83999633789062,4957500
2022-04-26,87.34026336669922,101.43000030517578,102.91000366210938,101.04000091552734,101.11000061035156,3929000
2022-04-27,86.84082794189453,100.8499984741211,102.33000183105469,99.73999786376953,101.20999908447266,4730800
2022-04-28,86.84082794189453,100.8499984741211,102.5999984741211,100.37000274658203,101.73999786376953,5907500
2022-04-29,82.77648162841797,96.12999725341797,100.44000244140625,95.88999938964844,100.27999877929688,8778300
2022-05-02,83.09510040283203,96.5,97.31999969482422,95.0199966430664,96.44999694824219,6520200
2022-05-03,82.64732360839844,95.9800033569336,97.7300033569336,95.93000030517578,97.11000061035156,5894400
2022-05-04,86.59971618652344,100.56999969482422,101.20999908447266,95.52999877929688,96.77999877929688,9361200
2022-05-05,84.15423583984375,97.7300033569336,100.61000061035156,96.5,100.61000061035156,8236300
2022-05-06,86.70305633544922,100.69000244140625,100.93000030517578,97.19000244140625,97.30999755859375,8220400
2022-05-09,85.12725830078125,98.86000061035156,100.1500015258789,98.37000274658203,99.58000183105469,7147000
2022-05-10,84.52449798583984,98.16000366210938,100.0999984741211,97.72000122070312,99.41000366210938,5221800
2022-05-11,84.37811279296875,97.98999786376953,99.87000274658203,97.87999725341797,98.23999786376953,4667200
2022-05-12,84.60200500488281,98.25,98.26000213623047,96.29000091552734,97.44000244140625,4919400
2022-05-13,83.93896484375,97.4800033569336,98.62000274658203,96.58000183105469,98.41000366210938,4502300
2022-05-16,84.86031341552734,98.55000305175781,99.3499984741211,97.08000183105469,98.0,3438600
2022-05-17,85.57501220703125,99.37999725341797,99.52999877929688,97.91999816894531,98.88999938964844,4160200
2022-05-18,80.95957946777344,94.0199966430664,98.43000030517578,92.93000030517578,98.43000030517578,8246800
2022-05-19,80.20182037353516,93.13999938964844,93.68000030517578,91.47000122070312,93.02999877929688,7000000
2022-05-20,81.74317932128906,94.93000030517578,95.2300033569336,92.73999786376953,93.27999877929688,5194200
2022-05-23,82.29427337646484,95.56999969482422,97.06999969482422,94.9800033569336,96.0,6136200
2022-05-24,83.05203247070312,96.44999694824219,97.01000213623047,94.79000091552734,96.0999984741211,3959200
2022-05-25,83.65480041503906,97.1500015258789,98.04000091552734,96.52999877929688,97.05000305175781,3603600
2022-05-26,84.2145004272461,97.80000305175781,98.87000274658203,97.62999725341797,97.83999633789062,4779100
2022-05-27,84.42977142333984,98.05000305175781,98.0999984741211,95.76000213623047,96.44999694824219,4318000
2022-05-31,83.31036376953125,96.75,98.16000366210938,96.41999816894531,97.5,9286800
2022-06-01,83.12954711914062,96.54000091552734,97.7699966430664,95.16999816894531,97.37999725341797,4410400
2022-06-02,83.72369384765625,97.2300033569336,97.27999877929688,94.52999877929688,96.62000274658203,4175600
2022-06-03,81.71734619140625,94.9000015258789,97.13999938964844,94.70999908447266,96.91999816894531,4312700
2022-06-06,82.42344665527344,95.72000122070312,96.30999755859375,94.61000061035156,95.30999755859375,3925100
2022-06-07,82.59565734863281,95.91999816894531,96.13999938964844,94.20999908447266,94.66999816894531,4852400
2022-06-08,80.83903503417969,93.87999725341797,95.29000091552734,93.5,95.2699966430664,3778300
2022-06-09,79.85738372802734,92.73999786376953,94.66999816894531,92.72000122070312,93.83000183105469,4153500
2022-06-10,80.2276382446289,93.16999816894531,94.01000213623047,91.3499984741211,91.5199966430664,4488600
2022-06-13,78.2643814086914,90.88999938964844,92.88999938964844,90.44000244140625,91.68000030517578,4756900
2022-06-14,78.0490951538086,90.63999938964844,91.94999694824219,89.94999694824219,91.0999984741211,4789100
2022-06-15,78.74658203125,91.44999694824219,92.23999786376953,90.13999938964844,90.91000366210938,4177100
2022-06-16,77.36883544921875,89.8499984741211,90.5999984741211,89.08999633789062,90.04000091552734,5914400
2022-06-17,76.34415435791016,88.66000366210938,91.08000183105469,88.41999816894531,90.25,8393800
2022-06-21,78.42798614501953,91.08000183105469,91.73999786376953,89.38999938964844,90.44000244140625,4998500
2022-06-22,78.60881042480469,91.29000091552734,92.87999725341797,90.30000305175781,90.62000274658203,4658600
2022-06-23,79.5387954711914,92.37000274658203,92.97000122070312,91.30999755859375,91.5199966430664,4665400
2022-06-24,81.39012908935547,94.5199966430664,94.77999877929688,92.30999755859375,93.04000091552734,6106200
2022-06-27,81.40734100341797,94.54000091552734,94.98999786376953,94.0999984741211,94.5,4687200
2022-06-28,80.25348663330078,93.19999694824219,95.94999694824219,92.94000244140625,94.93000030517578,4900100
2022-06-29,80.38265991210938,93.3499984741211,94.25,93.11000061035156,93.48999786376953,3562400
2022-06-30,79.78850555419922,92.66000366210938,93.36000061035156,92.0,92.77999877929688,6336200
2022-07-01,80.89069366455078,93.94000244140625,94.0999984741211,91.55000305175781,92.80999755859375,5215100
2022-07-05,79.67655944824219,92.52999877929688,93.19999694824219,90.58000183105469,92.80999755859375,4763700
2022-07-06,80.244873046875,93.19000244140625,93.81999969482422,92.25,92.30999755859375,3146100
2022-07-07,80.70984649658203,93.7300033569336,94.45999908447266,93.30999755859375,93.66999816894531,3536400
2022-07-08,81.09737396240234,94.18000030517578,95.41000366210938,93.5999984741211,93.68000030517578,3465000
2022-07-11,81.55372619628906,94.70999908447266,95.36000061035156,93.70999908447266,93.70999908447266,3255900
2022-07-12,81.7862319946289,94.9800033569336,96.33999633789062,94.26000213623047,94.41000366210938,5602000
2022-07-13,80.46876525878906,93.44999694824219,94.88999938964844,93.06999969482422,94.13999938964844,3840400
2022-07-14,79.9349136352539,92.83000183105469,92.9800033569336,90.98999786376953,91.62000274658203,3715500
2022-07-15,82.12206268310547,95.37000274658203,95.81999969482422,93.69000244140625,94.30999755859375,4310800
2022-07-18,81.19209289550781,94.29000091552734,95.68000030517578,93.98999786376953,95.68000030517578,4894700
2022-07-19,83.34480285644531,96.79000091552734,97.12999725341797,95.20999908447266,95.37999725341797,6729500
2022-07-20,81.93260955810547,95.1500015258789,96.51000213623047,94.3499984741211,96.4000015258789,4152500
2022-07-21,80.71141815185547,93.19000244140625,93.45999908447266,92.0,92.5199966430664,6982200
2022-07-22,81.46490478515625,94.05999755859375,94.43000030517578,93.19000244140625,94.12999725341797,4484600
2022-07-25,81.83733367919922,94.48999786376953,95.72000122070312,94.13999938964844,94.27999877929688,4753200
2022-07-26,82.54753112792969,95.30999755859375,95.5999984741211,94.5199966430664,94.58000183105469,4423800
2022-07-27,83.03254699707031,95.87000274658203,96.22000122070312,94.16999816894531,95.19000244140625,3143900
2022-07-28,82.7380599975586,95.52999877929688,96.19000244140625,94.5999984741211,95.75,4807500
2022-07-29,82.86801147460938,95.68000030517578,96.0999984741211,95.16999816894531,95.69000244140625,5735600
2022-08-01,83.16246032714844,96.0199966430664,96.55999755859375,94.83000183105469,95.0,4003900
2022-08-02,82.59951782226562,95.37000274658203,96.5199966430664,95.0999984741211,96.20999908447266,4110500
2022-08-03,87.80474090576172,101.37999725341797,101.87999725341797,97.72000122070312,98.05000305175781,11671800
2022-08-04,88.22914123535156,101.87000274658203,104.41000366210938,101.72000122070312,102.16000366210938,7502900
2022-08-05,88.56690979003906,102.26000213623047,103.55000305175781,101.51000213623047,101.51000213623047,4285200
2022-08-08,88.34172058105469,102.0,102.76000213623047,101.54000091552734,102.30000305175781,4190200
2022-08-09,89.80541229248047,103.69000244140625,104.33999633789062,102.44000244140625,102.87999725341797,5128800
2022-08-10,90.1172103881836,104.05000305175781,104.55999755859375,103.47000122070312,104.52999877929688,4203400
2022-08-11,90.29043579101562,104.25,105.4800033569336,103.8499984741211,103.91999816894531,4004900
2022-08-12,92.14388275146484,106.38999938964844,106.87000274658203,104.87999725341797,105.0,5064400
2022-08-15,92.03995513916016,106.2699966430664,106.68000030517578,104.88999938964844,105.98999786376953,2892600
2022-08-16,92.17852020263672,106.43000030517578,107.26000213623047,106.0199966430664,106.2300033569336,3398400
2022-08-17,90.87071990966797,104.91999816894531,106.51000213623047,104.77999877929688,105.5199966430664,3865900
2022-08-18,89.7621078491211,103.63999938964844,104.88999938964844,102.7300033569336,104.68000030517578,6176800
2022-08-19,90.1172103881836,104.05000305175781,104.62000274658203,102.91999816894531,103.70999908447266,5114300
2022-08-22,88.63619232177734,102.33999633789062,103.5,101.62000274658203,103.06999969482422,5102900
2022-08-23,87.58822631835938,101.12999725341797,101.95999908447266,100.97000122070312,101.95999908447266,2909300
2022-08-24,87.7181167602539,101.27999877929688,101.4000015258789,100.20999908447266,100.75,5140300
2022-08-25,88.47164154052734,102.1500015258789,102.18000030517578,100.62000274658203,101.16000366210938,3942600
2022-08-26,86.66150665283203,100.05999755859375,102.5,99.9800033569336,102.19999694824219,2853200
2022-08-29,86.89533233642578,100.33000183105469,100.91000366210938,98.91000366210938,99.4800033569336,2998800
2022-08-30,85.57022094726562,98.80000305175781,100.54000091552734,98.55000305175781,100.30000305175781,4896700
2022-08-31,85.00726318359375,98.1500015258789,99.80999755859375,98.08999633789062,99.0199966430664,6145800
2022-09-01,86.54890441894531,99.93000030517578,99.9800033569336,97.75,98.0,3987000
2022-09-02,86.12451171875,99.44000244140625,101.31999969482422,99.02999877929688,100.1500015258789,5535300
2022-09-06,85.50959014892578,98.7300033569336,100.06999969482422,97.77999877929688,99.7300033569336,5804100
2022-09-07,87.19847106933594,100.68000030517578,101.11000061035156,98.5,98.52999877929688,4683800
2022-09-08,88.56690979003906,102.26000213623047,102.37000274658203,100.08000183105469,100.5,5445500
2022-09-09,88.47164154052734,102.1500015258789,102.8499984741211,101.93000030517578,102.5,3888500
2022-09-12,89.2424545288086,103.04000091552734,103.58999633789062,102.38999938964844,102.62999725341797,3709300
2022-09-13,86.99927520751953,100.44999694824219,102.6500015258789,100.19000244140625,101.98999786376953,3501000
2022-09-14,87.51895141601562,101.05000305175781,101.79000091552734,100.19999694824219,101.05999755859375,4686000
2022-09-15,88.61021423339844,102.30999755859375,103.41999816894531,101.83999633789062,102.12000274658203,5556500
2022-09-16,88.39366912841797,102.05999755859375,102.45999908447266,100.9800033569336,102.13999938964844,8611600
2022-09-19,88.43700408935547,102.11000061035156,102.16999816894531,100.30000305175781,101.05999755859375,4100600
2022-09-20,87.77009582519531,101.33999633789062,101.98999786376953,100.33000183105469,101.47000122070312,3861900
2022-09-21,86.41031646728516,99.7699966430664,102.95999908447266,99.75,101.94000244140625,3770600
2022-09-22,86.46228790283203,99.83000183105469,100.93000030517578,98.91999816894531,99.80000305175781,4513200
2022-09-23,85.18046569824219,98.3499984741211,99.55000305175781,96.95999908447266,99.4800033569336,4647000
2022-09-26,84.65215301513672,97.73999786376953,98.3499984741211,96.86000061035156,97.58999633789062,5106600
2022-09-27,84.1931381225586,97.20999908447266,99.30999755859375,96.87000274658203,98.0999984741211,4606600
2022-09-28,85.01592254638672,98.16000366210938,98.81999969482422,96.9000015258789,98.05000305175781,4303400
2022-09-29,83.99392700195312,96.9800033569336,98.20999908447266,96.11000061035156,98.01000213623047,5185200
2022-09-30,82.59951782226562,95.37000274658203,97.83999633789062,95.2699966430664,97.01000213623047,5395000
2022-10-03,84.66947937011719,97.76000213623047,98.16999816894531,95.37000274658203,95.9800033569336,3935800
2022-10-04,87.05989074707031,100.5199966430664,100.62999725341797,97.58000183105469,98.19000244140625,5598400
2022-10-05,86.99927520751953,100.44999694824219,101.08000183105469,99.33999633789062,100.04000091552734,3220800
2022-10-06,85.37968444824219,98.58000183105469,100.16000366210938,98.38999938964844,99.98999786376953,4171000
2022-10-07,76.43290710449219,88.25,94.0,87.12999725341797,93.18000030517578,19715100
2022-10-10,76.43290710449219,88.25,89.95999908447266,87.20999908447266,87.70999908447266,7429800
2022-10-11,76.64942169189453,88.5,89.69999694824219,86.73999786376953,87.73999786376953,6898100
2022-10-12,76.07781219482422,87.83999633789062,89.56999969482422,87.80000305175781,88.73999786376953,4926500
2022-10-13,78.03516387939453,90.0999984741211,90.52999877929688,86.27999877929688,86.4800033569336,6056300
2022-10-14,77.34232330322266,89.30000305175781,90.94999694824219,89.12999725341797,90.8499984741211,5475500
2022-10-17,78.71940612792969,90.88999938964844,91.08999633789062,89.66000366210938,89.98999786376953,5493900
2022-10-18,79.6288070678711,91.94000244140625,92.80999755859375,90.87000274658203,92.25,5659000
2022-10-19,79.38629913330078,91.66000366210938,92.72000122070312,91.11000061035156,91.9000015258789,4004600
2022-10-20,79.28173828125,90.98999786376953,92.05999755859375,90.6500015258789,91.45999908447266,4798500
2022-10-21,80.78913879394531,92.72000122070312,93.16000366210938,90.04000091552734,90.83999633789062,4919100
2022-10-24,82.60148620605469,94.80000305175781,95.4000015258789,93.7300033569336,93.91000366210938,7183500
2022-10-25,80.35345458984375,92.22000122070312,92.72000122070312,90.76000213623047,91.12999725341797,13822400
2022-10-26,80.79784393310547,92.7300033569336,93.97000122070312,92.72000122070312,93.16000366210938,7619300
2022-10-27,80.7717056274414,92.69999694824219,93.79000091552734,92.5199966430664,93.0,5610700
2022-10-28,82.06996154785156,94.19000244140625,94.7300033569336,92.5199966430664,92.91999816894531,6761600
2022-10-31,82.51435089111328,94.69999694824219,95.87999725341797,92.87000274658203,93.73999786376953,7401400
2022-11-01,82.44464874267578,94.62000274658203,95.11000061035156,93.5199966430664,94.61000061035156,7009000
2022-11-02,84.3441390991211,96.80000305175781,99.44000244140625,96.0,96.51000213623047,15502000
2022-11-03,85.2154541015625,97.80000305175781,98.45999908447266,95.23999786376953,96.25,8406400
2022-11-04,86.74897003173828,99.55999755859375,99.8499984741211,97.77999877929688,98.58999633789062,9416000
2022-11-07,88.1605224609375,101.18000030517578,101.44000244140625,99.33000183105469,99.4000015258789,5595400
2022-11-08,88.57005310058594,101.6500015258789,102.7699966430664,101.0,101.4000015258789,5650000
2022-11-09,86.74897003173828,99.55999755859375,101.97000122070312,99.44999694824219,101.6500015258789,5047100
2022-11-10,87.053955078125,99.91000366210938,101.88999938964844,98.37000274658203,101.87999725341797,6308100
2022-11-11,84.99764251708984,97.55000305175781,99.97000122070312,95.05000305175781,99.75,9174900
2022-11-14,84.66651916503906,97.16999816894531,98.86000061035156,97.13999938964844,97.87999725341797,5018600
2022-11-15,85.15445709228516,97.7300033569336,98.66999816894531,97.16000366210938,97.80000305175781,6569400
2022-11-16,83.73419952392578,96.0999984741211,98.95999908447266,95.83000183105469,97.87000274658203,6940000
2022-11-17,82.71475219726562,94.93000030517578,96.4000015258789,94.73999786376953,95.7300033569336,6427200
2022-11-18,84.82335662841797,97.3499984741211,97.48999786376953,95.5999984741211,95.5999984741211,7294000
2022-11-21,85.29386901855469,97.88999938964844,98.2699966430664,97.25,97.25,4842300
2022-11-22,86.7054214477539,99.51000213623047,99.87999725341797,98.55000305175781,99.05000305175781,4904600
2022-11-23,87.18464660644531,100.05999755859375,100.61000061035156,99.69999694824219,99.7699966430664,3359600
2022-11-25,88.23023223876953,101.26000213623047,101.55000305175781,100.19000244140625,100.61000061035156,2464800
2022-11-28,87.4896240234375,100.41000366210938,102.0999984741211,100.06999969482422,100.70999908447266,4585100
2022-11-29,87.89912414550781,100.87999725341797,101.08999633789062,100.11000061035156,100.19000244140625,3428900
2022-11-30,88.77045440673828,101.87999725341797,102.02999877929688,99.80000305175781,100.45999908447266,7858200
2022-12-01,88.57005310058594,101.6500015258789,102.5999984741211,100.95999908447266,102.19000244140625,5047600
2022-12-02,89.38037109375,102.58000183105469,102.75,101.08999633789062,101.16999816894531,4478900
2022-12-05,88.88372039794922,102.01000213623047,102.83999633789062,101.72000122070312,101.87999725341797,3645300
2022-12-06,88.16922760009766,101.19000244140625,102.72000122070312,100.54000091552734,101.83999633789062,4060200
2022-12-07,89.11898040771484,102.27999877929688,102.33999633789062,101.3499984741211,101.36000061035156,4824500
2022-12-08,89.33682250976562,102.52999877929688,103.80000305175781,102.27999877929688,102.5,4063500
2022-12-09,88.57005310058594,101.6500015258789,102.69000244140625,101.52999877929688,102.16999816894531,4383000
2022-12-12,90.43467712402344,103.79000091552734,103.79000091552734,101.66000366210938,101.66000366210938,4724200
2022-12-13,88.16922760009766,101.19000244140625,104.83000183105469,100.79000091552734,104.5999984741211,6061800
2022-12-14,87.72486114501953,100.68000030517578,101.87999725341797,99.51000213623047,101.37999725341797,5129900
2022-12-15,85.04119110107422,97.5999984741211,99.62999725341797,97.0999984741211,99.38999938964844,7073200
2022-12-16,83.16783142089844,95.44999694824219,96.76000213623047,94.55000305175781,96.52999877929688,11126600
2022-12-19,82.81930541992188,95.05000305175781,96.30999755859375,94.66999816894531,95.37999725341797,5159100
2022-12-20,82.7757339477539,95.0,95.4000015258789,94.13999938964844,94.87000274658203,5301200
2022-12-21,82.00898742675781,94.12000274658203,95.62000274658203,93.01000213623047,95.58999633789062,6278400
2022-12-22,81.38162994384766,93.4000015258789,94.04000091552734,92.44000244140625,93.5199966430664,5384100
2022-12-23,81.52105712890625,93.55999755859375,94.20999908447266,93.06999969482422,93.30999755859375,7307000
2022-12-27,81.05052185058594,93.0199966430664,93.31999969482422,92.12999725341797,93.11000061035156,3977400
2022-12-28,80.823974609375,92.76000213623047,93.69000244140625,92.58000183105469,93.4000015258789,3807000
2022-12-29,81.4251937866211,93.44999694824219,93.75,92.91999816894531,93.20999908447266,3297200
2022-12-30,81.19863891601562,93.19000244140625,93.44999694824219,92.48999786376953,93.25,3568500
2023-01-03,80.95469665527344,92.91000366210938,93.05000305175781,91.04000091552734,91.72000122070312,6543500
2023-01-04,80.14435577392578,91.9800033569336,93.41000366210938,91.66000366210938,93.27999877929688,7330400
2023-01-05,78.81122589111328,90.44999694824219,92.16999816894531,90.43000030517578,91.70999908447266,8441600
2023-01-06,79.81324768066406,91.5999984741211,91.93000030517578,90.9800033569336,91.33000183105469,8957500
2023-01-09,79.7174072265625,91.48999786376953,93.25,91.41999816894531,92.13999938964844,10415900
2023-01-10,78.9854736328125,90.6500015258789,91.37000274658203,88.5,90.8499984741211,10828300
2023-01-11,78.20130157470703,89.75,91.69000244140625,89.3499984741211,91.55999755859375,10221100
2023-01-12,77.70465087890625,89.18000030517578,89.97000122070312,89.02999877929688,89.79000091552734,10466200
2023-01-13,78.34941864013672,89.91999816894531,90.4000015258789,88.51000213623047,88.69999694824219,10209500
2023-01-17,77.87019348144531,89.37000274658203,90.55999755859375,89.11000061035156,90.0999984741211,12365300
2023-01-18,76.85073852539062,88.19999694824219,89.75,88.02999877929688,89.58999633789062,9495000
2023-01-19,76.7498550415039,87.4800033569336,88.30999755859375,87.05000305175781,87.70999908447266,11430400
2023-01-20,76.32872009277344,87.0,87.48999786376953,86.75,87.4800033569336,13008000
2023-01-23,76.50420379638672,87.19999694824219,87.44999694824219,86.75,87.0,14720100
2023-01-24,75.46893310546875,86.0199966430664,86.83000183105469,85.91999816894531,86.4800033569336,14708600
2023-01-25,75.23204803466797,85.75,86.01000213623047,84.81999969482422,85.38999938964844,18389700
2023-01-26,76.90778350830078,87.66000366210938,87.76000213623047,86.02999877929688,86.45999908447266,9263400
2023-01-27,77.0130615234375,87.77999877929688,88.12000274658203,87.0,87.75,7480900
2023-01-30,76.37260437011719,87.05000305175781,88.38999938964844,86.98999786376953,87.88999938964844,8540000
2023-01-31,77.39908599853516,88.22000122070312,88.5,87.06999969482422,87.5,8189900
2023-02-01,76.75863647460938,87.48999786376953,88.18000030517578,86.68000030517578,88.01000213623047,7420300
2023-02-02,75.60932159423828,86.18000030517578,86.97000122070312,85.45999908447266,86.54000091552734,11244300
2023-02-03,75.24960327148438,85.7699966430664,87.5999984741211,85.61000061035156,86.69999694824219,7256700
2023-02-06,74.79338073730469,85.25,86.58999633789062,85.19999694824219,85.88999938964844,8319400
2023-02-07,75.43383026123047,85.9800033569336,86.62999725341797,84.5999984741211,85.1500015258789,15264800
2023-02-08,78.04832458496094,88.95999908447266,90.25,87.75,87.88999938964844,17068700
2023-02-09,79.02217102050781,90.06999969482422,90.62000274658203,89.19999694824219,89.33000183105469,10703400
2023-02-10,78.66246032714844,89.66000366210938,90.5999984741211,89.5,90.33999633789062,7718500
2023-02-13,78.8467025756836,89.87000274658203,90.58000183105469,89.13999938964844,89.58000183105469,7818900
2023-02-14,77.66227722167969,88.5199966430664,89.98999786376953,88.13999938964844,89.87000274658203,7497400
2023-02-15,77.51313781738281,88.3499984741211,88.47000122070312,87.73999786376953,87.91999816894531,6435700
2023-02-16,77.17975616455078,87.97000122070312,88.62000274658203,87.3499984741211,87.47000122070312,8317900
2023-02-17,77.7149429321289,88.58000183105469,88.75,87.87000274658203,88.11000061035156,7320800
2023-02-21,76.8726806640625,87.62000274658203,88.58999633789062,87.26000213623047,88.11000061035156,7245900
2023-02-22,76.51295471191406,87.20999908447266,87.76000213623047,86.94999694824219,87.55000305175781,5614400
2023-02-23,76.21467590332031,86.87000274658203,87.9000015258789,86.72000122070312,87.41000366210938,7283000
2023-02-24,75.24960327148438,85.7699966430664,86.69000244140625,85.47000122070312,86.44999694824219,9271000
2023-02-27,74.43366241455078,84.83999633789062,86.27999877929688,84.62999725341797,86.04000091552734,7933300
2023-02-28,73.29312133789062,83.54000091552734,84.94000244140625,83.13999938964844,84.83999633789062,9559100
2023-03-01,72.3543701171875,82.47000122070312,83.26000213623047,81.9800033569336,82.9000015258789,7444400
2023-03-02,71.44193267822266,81.43000030517578,82.38999938964844,81.36000061035156,82.05000305175781,10094700
2023-03-03,71.77532958984375,81.80999755859375,81.95999908447266,81.22000122070312,81.94999694824219,12145900
2023-03-06,72.79304504394531,82.97000122070312,83.0,81.6500015258789,82.0,10156100
2023-03-07,70.58213806152344,80.44999694824219,83.0,80.23999786376953,82.6500015258789,9669600
2023-03-08,70.02064514160156,79.80999755859375,80.6500015258789,79.52999877929688,80.33000183105469,6657000
2023-03-09,67.55530548095703,77.0,80.06999969482422,76.66000366210938,79.97000122070312,11040400
2023-03-10,67.6430435180664,77.0999984741211,78.16000366210938,76.87000274658203,77.01000213623047,7852500
2023-03-13,66.92362976074219,76.27999877929688,77.62000274658203,75.9000015258789,76.4800033569336,7165400
2023-03-14,66.29193115234375,75.55999755859375,76.88999938964844,74.79000091552734,76.76000213623047,8180500
2023-03-15,66.15157318115234,75.4000015258789,75.44000244140625,74.5199966430664,74.9000015258789,7989900
2023-03-16,66.52881622314453,75.83000183105469,76.1500015258789,74.58000183105469,75.05999755859375,6639100
2023-03-17,65.2479019165039,74.37000274658203,75.94999694824219,73.91000366210938,75.8499984741211,16807800
2023-03-20,65.7831039428711,74.9800033569336,75.58999633789062,74.62999725341797,74.62999725341797,6191000
2023-03-21,66.29193115234375,75.55999755859375,75.66000366210938,74.75,75.51000213623047,6779800
2023-03-22,65.28298950195312,74.41000366210938,76.30000305175781,74.38999938964844,75.7300033569336,6806000
2023-03-23,63.493221282958984,72.37000274658203,74.22000122070312,72.11000061035156,74.22000122070312,9031800
2023-03-24,64.27405548095703,73.26000213623047,73.55999755859375,72.12999725341797,72.33000183105469,6061500
2023-03-27,64.54602813720703,73.56999969482422,74.55999755859375,73.31999969482422,74.12999725341797,5587500
2023-03-28,64.15123748779297,73.12000274658203,74.26000213623047,72.9000015258789,73.5999984741211,6457100
2023-03-29,65.00223541259766,74.08999633789062,74.11000061035156,73.16000366210938,73.68000030517578,8064000
2023-03-30,65.53742218017578,74.69999694824219,75.2300033569336,74.04000091552734,75.1500015258789,6523500
2023-03-31,65.19525909423828,74.30999755859375,74.88999938964844,74.08000183105469,74.7699966430664,10515000
2023-04-03,66.75691223144531,76.08999633789062,76.58000183105469,74.75,75.02999877929688,9742200
2023-04-04,66.89729309082031,76.25,76.54000091552734,75.62000274658203,75.98999786376953,6469700
2023-04-05,68.21331787109375,77.75,77.80999755859375,76.0999984741211,76.38999938964844,7645500
2023-04-06,68.02906799316406,77.54000091552734,78.4800033569336,77.16000366210938,77.94999694824219,8778300
2023-04-10,66.71306610107422,76.04000091552734,77.30000305175781,75.7699966430664,76.94999694824219,9299100
2023-04-11,66.9323959350586,76.29000091552734,76.95999908447266,76.11000061035156,76.44000244140625,8746600
2023-04-12,65.73043060302734,74.91999816894531,76.66000366210938,74.79000091552734,76.33999633789062,9602300
2023-04-13,66.16910552978516,75.41999816894531,75.91999816894531,74.41999816894531,74.94000244140625,8439700
2023-04-14,65.53742218017578,74.69999694824219,75.80000305175781,74.33999633789062,75.77999877929688,7434600
2023-04-17,66.50250244140625,75.80000305175781,75.94000244140625,74.25,74.25,11724700
2023-04-18,66.80079650878906,76.13999938964844,77.19000244140625,75.44000244140625,77.06999969482422,9382900
2023-04-19,65.10753631591797,74.20999908447266,75.26000213623047,73.94000244140625,75.25,8784300
2023-04-20,64.79352569580078,73.25,73.80999755859375,72.93000030517578,73.25,8579500
2023-04-21,64.43083953857422,72.83999633789062,73.56999969482422,72.55000305175781,73.54000091552734,7054300
2023-04-24,64.96158599853516,73.44000244140625,73.55000305175781,72.55999755859375,73.19999694824219,8101700
2023-04-25,64.4573745727539,72.87000274658203,73.94999694824219,72.72000122070312,73.05000305175781,7496900
2023-04-26,63.91779327392578,72.26000213623047,72.75,71.94000244140625,72.44000244140625,8486500
2023-04-27,64.62545776367188,73.05999755859375,73.12999725341797,72.2300033569336,72.31999969482422,7151000
2023-04-28,64.84658813476562,73.30999755859375,73.58999633789062,72.66999816894531,73.02999877929688,8106100
2023-05-01,65.35963439941406,73.88999938964844,74.06999969482422,72.83999633789062,73.58999633789062,5965000
2023-05-02,64.3600845336914,72.76000213623047,73.7300033569336,71.6500015258789,73.0999984741211,9031200
2023-05-03,61.98948287963867,70.08000183105469,71.54000091552734,69.31999969482422,71.4000015258789,15216200
2023-05-04,60.84840774536133,68.79000091552734,70.16999816894531,68.0999984741211,69.61000061035156,10416400
2023-05-05,62.52021026611328,70.68000030517578,71.5199966430664,70.38999938964844,71.01000213623047,10648800
2023-05-08,61.63565444946289,69.68000030517578,70.51000213623047,69.55000305175781,70.43000030517578,8329600
2023-05-09,61.89217758178711,69.97000122070312,70.26000213623047,69.4800033569336,69.58000183105469,6448000
2023-05-10,61.66219711303711,69.70999908447266,70.31999969482422,69.38999938964844,70.19000244140625,7125500
2023-05-11,61.00762176513672,68.97000122070312,69.62999725341797,68.70999908447266,69.19999694824219,6537700
2023-05-12,60.66265869140625,68.58000183105469,69.31999969482422,68.27999877929688,69.01000213623047,5670200
2023-05-15,60.9014778137207,68.8499984741211,68.88999938964844,68.20999908447266,68.58000183105469,6472300
2023-05-16,59.35350799560547,67.0999984741211,68.73999786376953,67.05000305175781,68.63999938964844,8476000
2023-05-17,61.41451644897461,69.43000030517578,69.44999694824219,67.0999984741211,67.11000061035156,11572100
2023-05-18,61.3083610534668,69.30999755859375,69.41999816894531,68.12000274658203,69.25,10537500
2023-05-19,61.37028503417969,69.37999725341797,69.88999938964844,69.13999938964844,69.33999633789062,7929100
2023-05-22,61.405677795410156,69.41999816894531,69.8499984741211,68.70999908447266,69.79000091552734,7392200
2023-05-23,61.62680435180664,69.66999816894531,69.9800033569336,68.91999816894531,69.30000305175781,6672300
2023-05-24,60.874942779541016,68.81999969482422,69.80000305175781,68.63999938964844,69.68000030517578,6519700
2023-05-25,59.85771179199219,67.66999816894531,68.5,66.61000061035156,68.5,10605400
2023-05-26,59.831172943115234,67.63999938964844,68.30000305175781,66.97000122070312,68.05000305175781,6493400
2023-05-30,59.397743225097656,67.1500015258789,67.37000274658203,66.62000274658203,67.0,10204000
2023-05-31,60.176143646240234,68.02999877929688,68.2300033569336,66.33999633789062,66.5199966430664,12753400
2023-06-01,60.928016662597656,68.87999725341797,69.7699966430664,68.05000305175781,68.33999633789062,8319700
2023-06-02,61.90986633300781,69.98999786376953,70.33999633789062,68.66000366210938,69.33999633789062,7345100
2023-06-05,62.57326889038086,70.73999786376953,71.41999816894531,70.51000213623047,70.51000213623047,7932900
2023-06-06,62.369842529296875,70.51000213623047,70.88999938964844,69.75,70.73999786376953,7401800
2023-06-07,63.22784423828125,71.4800033569336,71.77999877929688,70.19000244140625,70.69999694824219,5969600
2023-06-08,63.466678619384766,71.75,71.80999755859375,71.0,71.52999877929688,5084600
2023-06-09,63.47553253173828,71.76000213623047,72.0999984741211,71.2699966430664,71.98999786376953,4701400
2023-06-12,63.24553680419922,71.5,71.9000015258789,71.16999816894531,71.58000183105469,4868100
2023-06-13,63.91779327392578,72.26000213623047,72.83000183105469,71.23999786376953,71.5,6632700
2023-06-14,58.95546340942383,66.6500015258789,68.97000122070312,66.63999938964844,68.2699966430664,23633500
2023-06-15,61.4764404296875,69.5,69.6500015258789,67.2699966430664,67.43000030517578,15509700
2023-06-16,59.90193176269531,67.72000122070312,69.58999633789062,67.48999786376953,69.29000091552734,18211000
2023-06-20,60.74225997924805,68.66999816894531,68.95999908447266,67.6500015258789,67.75,9137900
2023-06-21,60.83070755004883,68.7699966430664,69.63999938964844,68.16000366210938,68.29000091552734,8191300
2023-06-22,61.39683151245117,69.41000366210938,69.69000244140625,68.72000122070312,68.9800033569336,6912200
2023-06-23,61.56489562988281,69.5999984741211,69.86000061035156,69.16000366210938,69.37000274658203,8569000
2023-06-26,61.7860221862793,69.8499984741211,70.62000274658203,69.26000213623047,69.83000183105469,9453000
2023-06-27,60.7511100769043,68.68000030517578,69.04000091552734,67.52999877929688,67.95999908447266,12286000
2023-06-28,60.27344512939453,68.13999938964844,68.68000030517578,67.80999755859375,68.68000030517578,8893800
2023-06-29,60.821876525878906,68.76000213623047,68.80000305175781,67.94999694824219,68.13999938964844,5941400
2023-06-30,61.14915084838867,69.12999725341797,69.51000213623047,68.52999877929688,68.95999908447266,7889300
2023-07-03,61.71527099609375,69.7699966430664,70.27999877929688,68.87999725341797,69.12000274658203,3489900
2023-07-05,61.55604934692383,69.58999633789062,70.37999725341797,69.23999786376953,69.5,8947500
2023-07-06,61.5118293762207,69.54000091552734,69.63999938964844,68.76000213623047,68.87000274658203,7952100
2023-07-07,61.184532165527344,69.16999816894531,70.23999786376953,69.01000213623047,69.54000091552734,6694300
2023-07-10,61.35260772705078,69.36000061035156,69.52999877929688,68.69999694824219,69.0,8087100
2023-07-11,63.0421028137207,71.2699966430664,71.31999969482422,69.6500015258789,69.6500015258789,7174700
2023-07-12,62.33445358276367,70.47000122070312,71.68000030517578,70.20999908447266,71.56999969482422,13736100
2023-07-13,62.99787139892578,71.22000122070312,71.62000274658203,70.72000122070312,70.77999877929688,13087400
2023-07-14,63.13938903808594,71.37999725341797,72.30000305175781,71.30999755859375,72.0,9700200
2023-07-17,62.95363235473633,71.16999816894531,71.52999877929688,70.5,71.22000122070312,7804400
2023-07-18,63.9620246887207,72.30999755859375,72.66999816894531,71.41000366210938,71.54000091552734,8480500
2023-07-19,65.79303741455078,74.37999725341797,74.56999969482422,73.16000366210938,73.26000213623047,12922700
2023-07-20,66.76958465576172,74.87000274658203,75.02999877929688,73.81999969482422,74.11000061035156,9869600
2023-07-21,66.93011474609375,75.05000305175781,75.55999755859375,74.66999816894531,75.18000030517578,9625400
2023-07-24,67.73274230957031,75.94999694824219,76.20999908447266,75.19999694824219,75.2300033569336,7495800
2023-07-25,67.47410583496094,75.66000366210938,75.9800033569336,75.41000366210938,75.75,8630100
2023-07-26,66.97469329833984,75.0999984741211,76.22000122070312,75.01000213623047,75.56999969482422,9856600
2023-07-27,67.30467987060547,75.47000122070312,75.98999786376953,75.26000213623047,75.31999969482422,8764300
2023-07-28,66.53771209716797,74.61000061035156,75.93000030517578,74.30000305175781,75.93000030517578,9475100
2023-07-31,66.60905456542969,74.69000244140625,75.0,74.30000305175781,74.86000061035156,7659000
2023-08-01,65.9491195678711,73.94999694824219,75.13999938964844,73.61000061035156,74.76000213623047,9012200
2023-08-02,68.1429672241211,76.41000366210938,77.37999725341797,72.2300033569336,72.48999786376953,22302500
2023-08-03,66.27909088134766,74.31999969482422,76.68000030517578,73.58000183105469,76.4000015258789,12771700
2023-08-04,65.0038070678711,72.88999938964844,74.55999755859375,72.61000061035156,74.19999694824219,8318900
2023-08-07,65.91345977783203,73.91000366210938,73.91999816894531,72.77999877929688,72.9800033569336,5615200
2023-08-08,65.99371337890625,74.0,74.19000244140625,72.6500015258789,73.19000244140625,6612000
2023-08-09,66.52879333496094,74.5999984741211,75.30999755859375,73.83000183105469,73.91999816894531,6914700
2023-08-10,65.95804595947266,73.95999908447266,75.3499984741211,73.68000030517578,74.83000183105469,6057700
2023-08-11,66.76958465576172,74.87000274658203,75.0,73.69000244140625,73.76000213623047,5978400
2023-08-14,66.29692840576172,74.33999633789062,74.7699966430664,74.0,74.69999694824219,7156800
2023-08-15,65.39620208740234,73.33000183105469,74.27999877929688,73.23999786376953,74.08999633789062,6222300
2023-08-16,64.8521957397461,72.72000122070312,73.58999633789062,72.68000030517578,73.2300033569336,4890200
2023-08-17,59.57270050048828,66.80000305175781,70.0,64.62000274658203,68.30000305175781,44490100
2023-08-18,59.58161926269531,66.80999755859375,67.75,66.52999877929688,66.80000305175781,15005000
2023-08-21,59.82241439819336,67.08000183105469,67.16999816894531,66.26000213623047,66.5999984741211,8643500
2023-08-22,59.795650482177734,67.05000305175781,67.69999694824219,66.7300033569336,66.98999786376953,6796500
2023-08-23,59.215972900390625,66.4000015258789,67.4800033569336,66.02999877929688,67.2300033569336,8131200
2023-08-24,59.296241760253906,66.48999786376953,67.1500015258789,66.16999816894531,66.27999877929688,7244800
2023-08-25,60.03643035888672,67.31999969482422,67.70999908447266,66.55000305175781,66.72000122070312,7383000
2023-08-28,59.96509552001953,67.23999786376953,68.02999877929688,66.88999938964844,67.93000030517578,5939800
2023-08-29,59.86699295043945,67.12999725341797,67.81999969482422,66.62000274658203,67.23999786376953,7430900
2023-08-30,59.599456787109375,66.83000183105469,67.5,66.76000213623047,67.33000183105469,4467400
2023-08-31,58.119056701660156,65.16999816894531,67.0199966430664,65.12999725341797,66.83000183105469,9829000
2023-09-01,58.564964294433594,65.66999816894531,65.94999694824219,65.38999938964844,65.4000015258789,6321400
2023-09-05,58.51144790649414,65.61000061035156,66.52999877929688,65.4800033569336,65.58000183105469,7043900
2023-09-06,58.422279357910156,65.51000213623047,65.97000122070312,65.2699966430664,65.41000366210938,7064800
2023-09-07,58.502532958984375,65.5999984741211,66.16999816894531,65.05000305175781,65.6500015258789,7181400
2023-09-08,58.7165641784668,65.83999633789062,65.88999938964844,65.0999984741211,65.41000366210938,5486000
2023-09-11,61.31172561645508,68.75,68.98999786376953,65.7699966430664,65.95999908447266,15636300
2023-09-12,62.890220642089844,70.5199966430664,70.91999816894531,68.83000183105469,69.0999984741211,13581400
2023-09-13,62.64052200317383,70.23999786376953,71.4800033569336,70.16000366210938,70.69999694824219,10486500
2023-09-14,62.38188552856445,69.94999694824219,71.02999877929688,69.79000091552734,70.8499984741211,8425000
2023-09-15,63.20234680175781,70.87000274658203,71.27999877929688,69.91999816894531,70.01000213623047,12757500
2023-09-18,63.050743103027344,70.69999694824219,71.0999984741211,70.30999755859375,70.93000030517578,9099900
2023-09-19,64.20118713378906,71.98999786376953,72.2699966430664,70.91999816894531,70.9800033569336,9192400
2023-09-20,63.68394470214844,71.41000366210938,72.30000305175781,70.41999816894531,72.25,11581900
2023-09-21,64.11200714111328,71.88999938964844,72.41000366210938,71.08000183105469,71.3499984741211,9295900
2023-09-22,63.45206069946289,71.1500015258789,72.19999694824219,71.12000274658203,71.5,6117100
2023-09-25,64.7184066772461,72.56999969482422,72.5999984741211,70.87999725341797,71.16999816894531,5272100
2023-09-26,63.612586975097656,71.33000183105469,72.23999786376953,71.31999969482422,72.19999694824219,5821700
2023-09-27,62.23028564453125,69.77999877929688,71.1500015258789,68.86000061035156,71.08999633789062,8214200
2023-09-28,62.4532356262207,70.02999877929688,71.05000305175781,69.75,70.16000366210938,5676300
2023-09-29,62.26595687866211,69.81999969482422,70.44999694824219,69.58999633789062,70.06999969482422,5365800
2023-10-02,62.15001678466797,69.69000244140625,69.76000213623047,68.52999877929688,69.54000091552734,5342300
2023-10-03,61.757633209228516,69.25,69.80000305175781,68.9800033569336,69.26000213623047,4392300
2023-10-04,61.516845703125,68.9800033569336,69.41999816894531,68.08999633789062,69.19999694824219,6017100
2023-10-05,62.20351791381836,69.75,69.80999755859375,68.55999755859375,68.55999755859375,4498900
2023-10-06,62.33730697631836,69.9000015258789,70.5199966430664,69.13999938964844,69.54000091552734,4278800
2023-10-09,63.5412483215332,71.25,71.29000091552734,69.77999877929688,69.80000305175781,5634100
2023-10-10,63.969295501708984,71.7300033569336,72.02999877929688,70.87000274658203,71.1500015258789,6532100
2023-10-11,63.969295501708984,71.7300033569336,72.8499984741211,71.26000213623047,72.41000366210938,4776000
2023-10-12,63.2469367980957,70.91999816894531,72.19999694824219,70.66000366210938,72.0,6656400
2023-10-13,63.79987335205078,71.54000091552734,72.75,71.19000244140625,71.38999938964844,6610900
2023-10-16,63.755287170410156,71.48999786376953,73.33999633789062,71.0199966430664,72.75,8149800
2023-10-17,64.21902465820312,72.01000213623047,72.83999633789062,71.13999938964844,71.18000030517578,5953400
2023-10-18,63.3985595703125,71.08999633789062,72.4000015258789,70.83999633789062,72.29000091552734,8486100
2023-10-19,63.51099395751953,70.61000061035156,71.61000061035156,70.08999633789062,70.19000244140625,6453700
2023-10-20,62.107826232910156,69.05000305175781,71.18000030517578,69.0199966430664,71.12000274658203,7618600
2023-10-23,62.053863525390625,68.98999786376953,69.5199966430664,68.55999755859375,68.75,6310000
2023-10-24,62.03586959838867,68.97000122070312,69.8499984741211,68.61000061035156,69.18000030517578,4958300
2023-10-25,61.64010238647461,68.52999877929688,69.02999877929688,68.0,68.61000061035156,8302700
2023-10-26,61.14541244506836,67.9800033569336,68.87000274658203,67.56999969482422,68.0,6112300
2023-10-27,59.62532043457031,66.29000091552734,67.9000015258789,66.01000213623047,67.83999633789062,6929900
2023-10-30,61.172393798828125,68.01000213623047,68.16999816894531,66.54000091552734,66.58000183105469,7905400
2023-10-31,62.071842193603516,69.01000213623047,69.1500015258789,68.19000244140625,68.37999725341797,9085200
2023-11-01,61.81999969482422,68.7300033569336,69.29000091552734,64.41000366210938,65.75,17541500
2023-11-02,62.638519287109375,69.63999938964844,70.29000091552734,68.05000305175781,68.45999908447266,9131600
2023-11-03,63.187171936035156,70.25,70.91000366210938,69.9000015258789,70.0,8030200
2023-11-06,63.93372344970703,71.08000183105469,71.33999633789062,70.29000091552734,70.30000305175781,5802300
2023-11-07,63.187171936035156,70.25,71.23999786376953,70.19000244140625,70.95999908447266,5719700
2023-11-08,61.837982177734375,68.75,70.70999908447266,68.75,70.22000122070312,6124000
2023-11-09,60.03006362915039,66.73999786376953,68.76000213623047,66.66999816894531,68.70999908447266,6625700
2023-11-10,60.87557601928711,67.68000030517578,67.72000122070312,66.12000274658203,66.80000305175781,5753400
2023-11-13,60.98350524902344,67.80000305175781,67.94000244140625,67.04000091552734,67.55999755859375,4230900
2023-11-14,61.61312484741211,68.5,69.69000244140625,68.05999755859375,68.05999755859375,7270700
2023-11-15,62.17978286743164,69.12999725341797,69.37999725341797,68.51000213623047,68.69999694824219,6782600
2023-11-16,61.38825607299805,68.25,69.41000366210938,67.5199966430664,69.30999755859375,8517400
2023-11-17,61.8919563293457,68.80999755859375,69.01000213623047,68.08000183105469,68.91999816894531,6446800
2023-11-20,61.39725112915039,68.26000213623047,68.79000091552734,67.79000091552734,68.4000015258789,6418300
2023-11-21,61.23535919189453,68.08000183105469,68.55000305175781,67.69000244140625,68.44000244140625,4829400
2023-11-22,62.188777923583984,69.13999938964844,69.2300033569336,68.33999633789062,68.33999633789062,4421800
2023-11-24,62.44063186645508,69.41999816894531,69.48999786376953,68.75,68.75,2215900
2023-11-27,61.8289794921875,68.73999786376953,69.61000061035156,68.62000274658203,69.37000274658203,6334300
2023-11-28,62.350669860839844,69.31999969482422,69.52999877929688,68.5999984741211,68.86000061035156,4291800
2023-11-29,60.173980712890625,66.9000015258789,68.91000366210938,66.8499984741211,68.73999786376953,9856300
2023-11-30,61.118408203125,67.94999694824219,68.05000305175781,66.70999908447266,67.0999984741211,12331300
2023-12-01,61.59513473510742,68.4800033569336,68.63999938964844,67.36000061035156,67.91000366210938,7094700
2023-12-04,61.59513473510742,68.4800033569336,69.4800033569336,67.7699966430664,68.41000366210938,7413600
2023-12-05,63.8797607421875,71.0199966430664,71.7699966430664,69.7300033569336,70.18000030517578,14773700
2023-12-06,66.11043548583984,73.5,74.3499984741211,71.30000305175781,71.41999816894531,16318800
2023-12-07,66.56916046142578,74.01000213623047,75.08000183105469,73.4800033569336,73.97000122070312,11383400
2023-12-08,67.549560546875,75.0999984741211,75.5199966430664,73.87999725341797,74.37000274658203,10516100
2023-12-11,66.34429168701172,73.76000213623047,75.52999877929688,73.72000122070312,75.30000305175781,8336200
2023-12-12,66.19137573242188,73.58999633789062,74.2699966430664,73.37999725341797,73.86000061035156,7249500
2023-12-13,67.720458984375,75.29000091552734,75.37999725341797,73.5,73.6500015258789,9012700
2023-12-14,67.00089263916016,74.48999786376953,75.77999877929688,74.30000305175781,75.38999938964844,8469000
2023-12-15,66.9469223022461,74.43000030517578,74.62000274658203,73.04000091552734,73.66000366210938,12916100
2023-12-18,67.35169219970703,74.87999725341797,75.22000122070312,74.41000366210938,75.0,7785900
2023-12-19,68.59294128417969,76.26000213623047,76.43000030517578,74.55000305175781,74.91000366210938,9035400
2023-12-20,69.47441101074219,77.23999786376953,78.47000122070312,76.1500015258789,76.62000274658203,13112000
2023-12-21,70.7156753540039,78.62000274658203,78.76000213623047,77.52999877929688,77.5999984741211,9138900
2023-12-22,70.84159851074219,78.76000213623047,79.16999816894531,78.36000061035156,79.04000091552734,6079400
2023-12-26,71.0574722290039,79.0,79.26000213623047,78.5,78.62999725341797,4069000
2023-12-27,70.89557647705078,78.81999969482422,79.22000122070312,78.51000213623047,78.66999816894531,4184600
2023-12-28,71.03048706054688,78.97000122070312,79.38999938964844,78.61000061035156,78.73999786376953,3877600
2023-12-29,71.02149200439453,78.95999908447266,79.16000366210938,78.63999938964844,78.87999725341797,3788700
2024-01-02,72.72146606445312,80.8499984741211,81.41000366210938,78.9000015258789,78.9000015258789,8780100
2024-01-03,72.74845123291016,80.87999725341797,81.70999908447266,80.76000213623047,81.4000015258789,6836200
2024-01-04,72.41565704345703,80.51000213623047,80.91999816894531,78.66999816894531,80.25,22085600
2024-01-05,73.23416137695312,81.41999816894531,82.16999816894531,80.55999755859375,80.62000274658203,21756100
2024-01-08,72.56855010986328,80.68000030517578,83.25,78.8499984741211,82.25,22172800
2024-01-09,72.28074645996094,80.36000061035156,81.02999877929688,80.05999755859375,80.55000305175781,20724500
2024-01-10,71.2733383178711,79.23999786376953,80.33000183105469,78.72000122070312,80.05000305175781,11833200
2024-01-11,70.99449157714844,78.93000030517578,79.47000122070312,78.7300033569336,79.37000274658203,15508100
2024-01-12,68.8627700805664,76.55999755859375,78.27999877929688,75.75,77.5999984741211,15458400
2024-01-16,69.63632202148438,77.41999816894531,77.44000244140625,76.13999938964844,76.6500015258789,12435000
2024-01-17,69.24954223632812,76.98999786376953,77.63999938964844,76.72000122070312,77.12999725341797,7922200
2024-01-18,66.45223236083984,73.87999725341797,74.04000091552734,72.5199966430664,73.12999725341797,14358600
2024-01-19,66.4567642211914,73.22000122070312,73.58999633789062,72.7300033569336,73.25,16165400
2024-01-22,67.10118865966797,73.93000030517578,74.43000030517578,73.01000213623047,73.37999725341797,13278400
2024-01-23,68.1631088256836,75.0999984741211,75.12000274658203,73.93000030517578,73.98999786376953,7168800
2024-01-24,67.33716583251953,74.19000244140625,76.5999984741211,73.98999786376953,75.98999786376953,17535800
2024-01-25,65.34038543701172,71.98999786376953,72.37999725341797,70.19000244140625,71.5,27493900
2024-01-26,66.257080078125,73.0,73.0199966430664,71.95999908447266,72.66000366210938,11689200
2024-01-29,66.6927490234375,73.4800033569336,73.63999938964844,72.86000061035156,72.91999816894531,10291700
2024-01-30,67.02857208251953,73.8499984741211,74.23999786376953,73.54000091552734,74.0,7220000
2024-01-31,67.50054168701172,74.37000274658203,74.98999786376953,73.83000183105469,74.31999969482422,8678700
2024-02-01,67.09210968017578,73.91999816894531,74.51000213623047,73.45999908447266,74.43000030517578,10532300
2024-02-02,66.33876037597656,73.08999633789062,74.3499984741211,73.0199966430664,74.0,10539900
2024-02-05,65.7488021850586,72.44000244140625,73.25,71.58999633789062,73.08999633789062,23864100
2024-02-06,66.94689178466797,73.76000213623047,74.16999816894531,72.44000244140625,72.44000244140625,11651700
2024-02-07,69.02536010742188,76.05000305175781,77.4000015258789,75.05999755859375,75.1500015258789,14953200
2024-02-08,68.14495086669922,75.08000183105469,75.87000274658203,74.56999969482422,75.86000061035156,12115600
2024-02-09,69.27042388916016,76.31999969482422,76.3499984741211,74.45999908447266,75.0,9000500
2024-02-12,70.15081787109375,77.29000091552734,78.0199966430664,75.61000061035156,76.0,11201500
2024-02-13,69.51547241210938,76.58999633789062,78.30000305175781,76.18000030517578,77.0999984741211,8859800
2024-02-14,69.35210418701172,76.41000366210938,77.54000091552734,76.04000091552734,76.76000213623047,9769200
2024-02-15,69.52455139160156,76.5999984741211,77.93000030517578,76.54000091552734,76.72000122070312,13529900
2024-02-16,69.9783706665039,77.0999984741211,77.44000244140625,76.3499984741211,76.75,8242900
2024-02-20,69.26133728027344,76.30999755859375,77.56999969482422,76.13999938964844,76.91999816894531,6924000
2024-02-21,70.02375030517578,77.1500015258789,77.38999938964844,76.16999816894531,76.31999969482422,18722700
2024-02-22,69.9783706665039,77.0999984741211,77.5,76.73999786376953,77.1500015258789,5698600
2024-02-23,70.06912231445312,77.19999694824219,77.5199966430664,76.62000274658203,77.29000091552734,4337200
2024-02-26,69.37026977539062,76.43000030517578,77.94999694824219,76.29000091552734,77.4000015258789,5296400
2024-02-27,69.22503662109375,76.2699966430664,77.08999633789062,76.13999938964844,76.45999908447266,5245100
2024-02-28,68.24481201171875,75.19000244140625,76.26000213623047,74.76000213623047,76.08999633789062,6782700
2024-02-29,67.50054168701172,74.37000274658203,75.91999816894531,73.54000091552734,75.6500015258789,14536300
2024-03-01,67.01949310302734,73.83999633789062,74.66999816894531,73.04000091552734,74.62999725341797,8495700
2024-03-04,67.06487274169922,73.88999938964844,74.91000366210938,73.66000366210938,73.95999908447266,13748500
2024-03-05,66.90150451660156,73.70999908447266,75.38999938964844,73.3499984741211,74.1500015258789,14982800
2024-03-06,67.47330474853516,74.33999633789062,74.70999908447266,73.41999816894531,73.56999969482422,8839800
2024-03-07,67.43700408935547,74.30000305175781,74.95999908447266,73.56999969482422,74.3499984741211,6711800
2024-03-08,68.1358642578125,75.06999969482422,75.37000274658203,74.11000061035156,74.3499984741211,6082900
2024-03-11,68.92552947998047,75.94000244140625,76.44999694824219,74.52999877929688,74.75,6267800
2024-03-12,68.262939453125,75.20999908447266,75.88999938964844,74.6500015258789,75.81999969482422,4637900
2024-03-13,68.14495086669922,75.08000183105469,76.01000213623047,74.76000213623047,75.1500015258789,5155700
2024-03-14,69.3611831665039,76.41999816894531,76.5,74.27999877929688,74.7699966430664,7849100
2024-03-15,70.25066375732422,77.4000015258789,77.61000061035156,75.5999984741211,75.5999984741211,17144800
2024-03-18,70.40496063232422,77.56999969482422,77.63999938964844,76.38999938964844,77.26000213623047,7117400
2024-03-19,70.84969329833984,78.05999755859375,78.9000015258789,77.69000244140625,77.88999938964844,7178000
2024-03-20,71.6847152709961,78.9800033569336,79.0,77.62999725341797,77.73999786376953,6446400
2024-03-21,71.04031372070312,78.2699966430664,78.94000244140625,77.4000015258789,78.58999633789062,8800000
2024-03-22,71.23090362548828,78.4800033569336,79.5,78.37999725341797,78.37999725341797,11110500
2024-03-25,71.6847152709961,78.9800033569336,79.83000183105469,78.55000305175781,78.83000183105469,7956600
2024-03-26,71.9933090209961,79.31999969482422,79.75,77.66000366210938,77.66000366210938,10158900
2024-03-27,72.09314727783203,79.43000030517578,79.98999786376953,78.70999908447266,79.55000305175781,10263500
2024-03-28,72.39266967773438,79.76000213623047,80.75,79.31999969482422,79.54000091552734,8981300
2024-04-01,72.21112823486328,79.55999755859375,79.9800033569336,79.0999984741211,79.7300033569336,8967700
2024-04-02,67.0013427734375,73.81999969482422,75.19000244140625,71.95999908447266,74.87999725341797,23677300
2024-04-03,67.70929718017578,74.5999984741211,74.69999694824219,73.31999969482422,74.04000091552734,9200700
2024-04-04,67.0739517211914,73.9000015258789,75.2699966430664,73.77999877929688,74.87999725341797,5816300
2024-04-05,67.6911392211914,74.58000183105469,75.12000274658203,73.69999694824219,74.05999755859375,6366400
2024-04-08,67.56407928466797,74.44000244140625,74.75,73.83000183105469,74.41000366210938,6497000
2024-04-09,66.58383178710938,73.36000061035156,74.8499984741211,73.11000061035156,74.73999786376953,5933600
2024-04-10,64.57796478271484,71.1500015258789,73.18000030517578,70.83999633789062,73.0999984741211,8366100
2024-04-11,63.29819107055664,69.73999786376953,71.20999908447266,69.69999694824219,71.12000274658203,10455300
2024-04-12,62.2998161315918,68.63999938964844,69.86000061035156,68.31999969482422,69.54000091552734,7691000
2024-04-15,62.59025573730469,68.95999908447266,70.0,68.77999877929688,69.12000274658203,7236200
2024-04-16,62.653785705566406,69.02999877929688,71.66000366210938,68.97000122070312,71.66000366210938,9607400
2024-04-17,62.26349639892578,68.5999984741211,69.4000015258789,67.95999908447266,69.08999633789062,8100100
2024-04-18,62.98052215576172,69.38999938964844,69.5999984741211,68.86000061035156,69.16999816894531,10087100
2024-04-19,63.919857025146484,69.75,69.94000244140625,68.79000091552734,69.16999816894531,7809700
2024-04-22,63.80989456176758,69.62999725341797,70.12000274658203,69.12999725341797,69.48999786376953,5701600
2024-04-23,62.774349212646484,68.5,70.20999908447266,68.37999725341797,69.81999969482422,8450700
2024-04-24,62.10536193847656,67.7699966430664,68.20999908447266,67.4800033569336,68.0999984741211,8652000
2024-04-25,61.70214080810547,67.33000183105469,67.75,66.87999725341797,67.5,8918200
2024-04-26,61.56467819213867,67.18000030517578,67.41999816894531,66.75,67.20999908447266,6396400
2024-04-29,61.81209945678711,67.44999694824219,67.87999725341797,67.08000183105469,67.13999938964844,6538900
2024-04-30,62.05038070678711,67.70999908447266,68.19000244140625,66.91999816894531,67.19999694824219,13488500
2024-05-01,51.60325622558594,56.310001373291016,56.88999938964844,54.0,56.0,65673500
2024-05-02,50.540218353271484,55.150001525878906,56.7400016784668,53.70000076293945,56.38999938964844,37885200
2024-05-03,51.227535247802734,55.900001525878906,56.43000030517578,54.959999084472656,55.220001220703125,23946100
2024-05-06,51.29167938232422,55.970001220703125,56.27000045776367,55.31999969482422,55.9900016784668,16620100
2024-05-07,51.080909729003906,55.7400016784668,57.09000015258789,55.58000183105469,55.65999984741211,17488100
2024-05-08,50.32028579711914,54.90999984741211,56.060001373291016,54.689998626708984,55.790000915527344,13625300
2024-05-09,51.02592468261719,55.68000030517578,55.7400016784668,54.720001220703125,54.900001525878906,10300500
2024-05-10,51.15422058105469,55.81999969482422,56.439998626708984,55.56999969482422,55.720001220703125,9288400
2024-05-13,51.74989318847656,56.470001220703125,57.54999923706055,55.880001068115234,55.90999984741211,11767600
2024-05-14,51.319175720214844,56.0,57.099998474121094,55.20000076293945,56.689998626708984,15410700
2024-05-15,51.55744171142578,56.2599983215332,56.4900016784668,55.63999938964844,56.209999084472656,16431000
2024-05-16,52.71212387084961,57.52000045776367,57.72999954223633,56.290000915527344,56.36000061035156,13974800
2024-05-17,52.85874557495117,57.68000030517578,57.70000076293945,57.08000183105469,57.650001525878906,9607700
2024-05-20,52.60215377807617,57.400001525878906,57.869998931884766,57.27000045776367,57.650001525878906,11475900
2024-05-21,52.528839111328125,57.31999969482422,57.4900016784668,56.70000076293945,57.45000076293945,16758100
2024-05-22,52.63880157470703,57.439998626708984,57.560001373291016,57.15999984741211,57.41999816894531,9543900
2024-05-23,50.99843215942383,55.650001525878906,59.72999954223633,55.47999954223633,57.18000030517578,18271100
2024-05-24,50.897621154785156,55.540000915527344,56.849998474121094,55.529998779296875,56.130001068115234,11725700
2024-05-28,49.147274017333984,53.630001068115234,55.38999938964844,53.58000183105469,55.380001068115234,14387100
2024-05-29,49.183929443359375,53.66999816894531,53.720001220703125,52.77000045776367,53.20000076293945,16543400
2024-05-30,51.355831146240234,56.040000915527344,56.220001220703125,53.599998474121094,53.66999816894531,16151200
2024-05-31,54.61825942993164,59.599998474121094,59.619998931884766,55.81999969482422,56.0,22366700
2024-06-03,55.177276611328125,60.209999084472656,60.439998626708984,59.0,59.130001068115234,17087300
2024-06-04,55.22309112548828,60.2599983215332,60.41999816894531,59.33000183105469,60.189998626708984,12873100
2024-06-05,55.626319885253906,60.70000076293945,60.709999084472656,59.619998931884766,60.2599983215332,8933000
2024-06-06,55.846256256103516,60.939998626708984,61.0099983215332,59.90999984741211,60.5,9545900
2024-06-07,56.61603927612305,61.779998779296875,61.95000076293945,60.560001373291016,60.70000076293945,12240000
2024-06-10,55.241424560546875,60.279998779296875,61.529998779296875,59.90999984741211,61.529998779296875,10629800
2024-06-11,54.984825134277344,60.0,60.209999084472656,59.560001373291016,60.08000183105469,10286300
2024-06-12,54.97566604614258,59.9900016784668,60.33000183105469,59.31999969482422,59.959999084472656,10617900
2024-06-13,55.928733825683594,61.029998779296875,61.84000015258789,59.06999969482422,59.869998931884766,14136600
2024-06-14,55.186439514160156,60.220001220703125,60.93000030517578,59.15999984741211,60.91999816894531,11690800
2024-06-17,55.98371887207031,61.09000015258789,61.2400016784668,59.84000015258789,60.0,7791300
2024-06-18,55.91040802001953,61.0099983215332,61.869998931884766,60.869998931884766,61.29999923706055,8908800
2024-06-20,55.901241302490234,61.0,61.33000183105469,60.400001525878906,60.810001373291016,6899500
2024-06-21,56.24031066894531,61.369998931884766,61.630001068115234,60.47999954223633,61.119998931884766,20869800
2024-06-24,56.570228576660156,61.72999954223633,62.06999969482422,61.27000045776367,61.5,8704700
2024-06-25,55.3880500793457,60.439998626708984,61.97999954223633,60.439998626708984,61.72999954223633,8399900
2024-06-26,55.56216812133789,60.630001068115234,60.95000076293945,59.77000045776367,60.22999954223633,8197800
2024-06-27,53.481910705566406,58.36000061035156,58.4900016784668,57.220001220703125,58.369998931884766,16224700
2024-06-28,54.1234016418457,59.060001373291016,59.9900016784668,58.470001220703125,59.0,14343500
2024-07-01,53.28946304321289,58.150001525878906,60.02000045776367,57.810001373291016,59.20000076293945,8337900
2024-07-02,52.71212387084961,57.52000045776367,58.220001220703125,57.22999954223633,58.040000915527344,7143000
2024-07-03,51.96065902709961,56.70000076293945,57.849998474121094,56.45000076293945,57.560001373291016,5371400
2024-07-05,51.88735580444336,56.619998931884766,56.7400016784668,55.849998474121094,56.66999816894531,6275300
2024-07-08,52.13478469848633,56.88999938964844,57.380001068115234,56.619998931884766,56.650001525878906,5908200
2024-07-09,52.80376052856445,57.619998931884766,57.72999954223633,55.84000015258789,56.27000045776367,8833500
2024-07-10,52.721282958984375,57.529998779296875,58.04999923706055,56.36000061035156,57.869998931884766,11035000
2024-07-11,53.34444808959961,58.209999084472656,58.34000015258789,57.41999816894531,57.41999816894531,7529500
2024-07-12,54.06840896606445,59.0,59.56999969482422,57.849998474121094,58.29999923706055,8220000
2024-07-15,53.76599884033203,58.66999816894531,59.970001220703125,58.41999816894531,59.63999938964844,6186500
2024-07-16,55.03981399536133,60.060001373291016,60.22999954223633,58.810001373291016,59.31999969482422,9724200
2024-07-17,56.45109176635742,61.599998474121094,62.0099983215332,59.7599983215332,59.869998931884766,12382500
2024-07-18,54.902347564697266,59.90999984741211,61.9900016784668,59.77000045776367,61.0,6968900
2024-07-19,54.59077072143555,59.56999969482422,60.459999084472656,59.130001068115234,60.279998779296875,7143900
2024-07-22,54.05788040161133,58.33000183105469,59.060001373291016,58.08000183105469,58.880001068115234,7913600
2024-07-23,53.7242546081543,57.970001220703125,58.209999084472656,57.31999969482422,58.16999816894531,7460500
2024-07-24,54.252506256103516,58.540000915527344,58.630001068115234,57.43000030517578,58.08000183105469,10223200
2024-07-25,54.35444259643555,58.650001525878906,60.040000915527344,58.27000045776367,58.869998931884766,8178000
2024-07-26,56.532325744628906,61.0,61.099998474121094,58.90999984741211,59.02000045776367,14553200
2024-07-29,57.06058120727539,61.56999969482422,62.040000915527344,60.27000045776367,60.689998626708984,9237800
2024-07-30,58.55267333984375,63.18000030517578,63.91999816894531,61.66999816894531,61.66999816894531,10469400
2024-07-31,55.91140365600586,60.33000183105469,62.099998474121094,60.130001068115234,60.84000015258789,12826600
2024-08-01,55.63337326049805,60.029998779296875,61.54999923706055,59.45000076293945,60.880001068115234,9214900
2024-08-02,54.97537612915039,59.31999969482422,60.63999938964844,58.189998626708984,60.2400016784668,8695500
2024-08-05,53.575965881347656,57.810001373291016,58.7599983215332,57.06999969482422,58.0,9479800
2024-08-06,54.0671501159668,58.34000015258789,58.959999084472656,57.33000183105469,57.689998626708984,11471900
2024-08-07,52.33411407470703,56.470001220703125,58.61000061035156,56.27000045776367,58.0,14976000
2024-08-08,53.613040924072266,57.849998474121094,58.099998474121094,56.209999084472656,56.29999923706055,11683600
2024-08-09,52.92723846435547,57.11000061035156,57.849998474121094,56.650001525878906,57.79999923706055,8345000
2024-08-12,51.72244644165039,55.810001373291016,57.220001220703125,55.599998474121094,57.209999084472656,8390200
2024-08-13,51.731712341308594,55.81999969482422,56.4900016784668,55.75,55.900001525878906,7839300
2024-08-14,51.88926696777344,55.9900016784668,56.41999816894531,55.75,55.880001068115234,5873200
2024-08-15,53.34428024291992,57.560001373291016,57.56999969482422,56.290000915527344,56.38999938964844,10041000
2024-08-16,54.076419830322266,58.349998474121094,58.540000915527344,57.29999923706055,57.36000061035156,7442700
2024-08-19,54.49345779418945,58.79999923706055,59.13999938964844,58.380001068115234,58.40999984741211,7469100
2024-08-20,54.58613586425781,58.900001525878906,59.25,58.5099983215332,58.70000076293945,4178700
2024-08-21,54.04861831665039,58.31999969482422,59.2400016784668,58.08000183105469,58.9900016784668,4730400
2024-08-22,53.51109313964844,57.7400016784668,58.459999084472656,57.16999816894531,58.459999084472656,7883100
2024-08-23,54.44712448120117,58.75,58.849998474121094,57.77000045776367,58.060001373291016,9614400
2024-08-26,54.400779724121094,58.70000076293945,59.790000915527344,58.56999969482422,58.70000076293945,6892600
2024-08-27,53.25160217285156,57.459999084472656,58.7400016784668,57.43000030517578,58.619998931884766,6180900
2024-08-28,53.04771041870117,57.2400016784668,57.93000030517578,56.77000045776367,57.5,7963600
2024-08-29,52.79749298095703,56.970001220703125,57.47999954223633,56.5,57.349998474121094,9181000
2024-08-30,53.04771041870117,57.2400016784668,57.41999816894531,56.849998474121094,56.959999084472656,8188100
2024-09-03,53.17746353149414,57.380001068115234,58.5,57.11000061035156,57.20000076293945,11601600
2024-09-04,54.95683670043945,59.29999923706055,59.86000061035156,57.2599983215332,57.38999938964844,14231300
2024-09-05,53.816925048828125,58.06999969482422,59.630001068115234,57.400001525878906,59.5,7022200
2024-09-06,53.52036666870117,57.75,59.119998931884766,57.650001525878906,58.13999938964844,6262800
2024-09-09,52.33411407470703,56.470001220703125,58.13999938964844,55.5099983215332,57.95000076293945,9140100
2024-09-10,52.76968765258789,56.939998626708984,57.06999969482422,55.72999954223633,56.58000183105469,5113500
2024-09-11,52.00047302246094,56.11000061035156,56.349998474121094,54.810001373291016,56.349998474121094,9768400
2024-09-12,53.316471099853516,57.529998779296875,57.7400016784668,55.880001068115234,56.34000015258789,7139200
2024-09-13,53.733516693115234,57.97999954223633,58.27000045776367,57.099998474121094,57.560001373291016,7429400
2024-09-16,54.09495162963867,58.369998931884766,58.63999938964844,57.880001068115234,58.31999969482422,5169900
2024-09-17,53.594505310058594,57.83000183105469,58.75,57.560001373291016,58.369998931884766,6171100
2024-09-18,54.14128875732422,58.41999816894531,59.189998626708984,57.75,57.880001068115234,5104300
2024-09-19,54.12275314331055,58.400001525878906,59.099998474121094,58.119998931884766,58.70000076293945,4885400
2024-09-20,53.297943115234375,57.5099983215332,58.08000183105469,57.130001068115234,58.0,10240000
2024-09-23,53.353546142578125,57.56999969482422,58.099998474121094,57.31999969482422,57.56999969482422,9407100
2024-09-24,53.82619094848633,58.08000183105469,58.22999954223633,57.31999969482422,57.63999938964844,7813600
2024-09-25,54.345176696777344,58.63999938964844,59.33000183105469,58.31999969482422,58.81999969482422,11270700
2024-09-26,54.68807601928711,59.0099983215332,59.08000183105469,58.349998474121094,58.7400016784668,8357200
2024-09-27,56.88450241088867,61.380001068115234,61.86000061035156,59.290000915527344,59.45000076293945,12510200
2024-09-30,58.27463912963867,62.880001068115234,63.599998474121094,62.220001220703125,63.11000061035156,15930600
2024-10-01,57.032779693603516,61.540000915527344,63.18000030517578,60.7599983215332,63.0,16285900
2024-10-02,57.68151092529297,62.2400016784668,63.959999084472656,61.88999938964844,63.0099983215332,22297800
2024-10-03,58.311710357666016,62.91999816894531,63.220001220703125,61.459999084472656,61.95000076293945,10141600
2024-10-04,59.85939407348633,64.58999633789062,65.56999969482422,63.65999984741211,63.720001220703125,16311000
2024-10-07,60.47105407714844,65.25,65.69999694824219,64.08999633789062,64.2699966430664,11720100
2024-10-08,61.07345199584961,65.9000015258789,66.0999984741211,64.94999694824219,65.30000305175781,10476600
2024-10-09,61.13832092285156,65.97000122070312,66.0199966430664,64.91000366210938,65.9000015258789,8604800
2024-10-10,61.9538688659668,66.8499984741211,67.66999816894531,66.6500015258789,67.37999725341797,12759800
2024-10-11,61.74999237060547,66.62999725341797,67.69999694824219,66.27999877929688,67.0999984741211,12908800
2024-10-14,62.519195556640625,67.45999908447266,67.80000305175781,66.5199966430664,66.7699966430664,13436300
2024-10-15,60.2393684387207,65.0,66.08999633789062,63.599998474121094,64.47000122070312,17216600
2024-10-16,60.25790023803711,65.0199966430664,65.83000183105469,64.9000015258789,65.23999786376953,10734000
2024-10-17,59.00677490234375,63.66999816894531,63.91999816894531,62.5,63.40999984741211,9744300
2024-10-18,55.92066955566406,60.34000015258789,60.459999084472656,57.470001220703125,59.540000915527344,42250200
2024-10-21,54.510353088378906,58.16999816894531,60.279998779296875,57.869998931884766,59.75,13579700
2024-10-22,53.273399353027344,56.849998474121094,57.93000030517578,56.68000030517578,57.849998474121094,14553600
2024-10-23,53.207801818847656,56.779998779296875,57.20000076293945,56.459999084472656,56.70000076293945,9942300
2024-10-24,52.58932876586914,56.119998931884766,57.18000030517578,56.09000015258789,56.689998626708984,8811400
2024-10-25,52.93605041503906,56.4900016784668,57.36000061035156,56.33000183105469,56.380001068115234,8439000
2024-10-28,53.75131607055664,57.36000061035156,57.720001220703125,56.470001220703125,56.54999923706055,9021600
2024-10-29,52.71114730834961,56.25,57.5,56.20000076293945,57.099998474121094,6814000
2024-10-30,52.842342376708984,56.38999938964844,56.79999923706055,56.15999984741211,56.2599983215332,8643000
2024-10-31,52.90793228149414,56.459999084472656,57.31999969482422,55.939998626708984,56.75,7559000
2024-11-01,52.298828125,55.810001373291016,57.22999954223633,55.619998931884766,56.7400016784668,13589400
2024-11-04,51.21181106567383,54.650001525878906,56.650001525878906,54.650001525878906,55.970001220703125,11544200
2024-11-05,51.858402252197266,55.34000015258789,55.349998474121094,54.310001373291016,54.5,11115000
2024-11-06,57.73393249511719,61.61000061035156,63.33000183105469,60.81999969482422,61.70000076293945,29141100
2024-11-07,53.47956085205078,57.06999969482422,61.689998626708984,57.060001373291016,61.290000915527344,22292300
2024-11-08,52.04581832885742,55.540000915527344,57.279998779296875,55.45000076293945,57.189998626708984,13650300
2024-11-11,52.298828125,55.810001373291016,56.43000030517578,55.15999984741211,55.58000183105469,11570600
2024-11-12,50.63081359863281,54.029998779296875,55.619998931884766,53.5099983215332,55.619998931884766,15970300
2024-11-13,50.85572052001953,54.27000045776367,54.630001068115234,53.68000030517578,53.88999938964844,8050700
2024-11-14,51.62412643432617,55.09000015258789,55.189998626708984,53.86000061035156,54.02000045776367,8792300
2024-11-15,49.843666076660156,53.189998626708984,55.060001373291016,52.709999084472656,54.9900016784668,16695400
2024-11-18,52.52372741699219,56.04999923706055,56.779998779296875,53.45000076293945,53.72999954223633,18702700
2024-11-19,52.26134490966797,55.77000045776367,56.709999084472656,55.279998779296875,55.56999969482422,12128500
2024-11-20,53.254661560058594,56.83000183105469,57.66999816894531,56.0,56.25,11449500
2024-11-21,53.50767135620117,57.099998474121094,57.150001525878906,56.400001525878906,56.79999923706055,7243200
2024-11-22,54.360416412353516,58.0099983215332,58.040000915527344,56.619998931884766,57.20000076293945,11153900
2024-11-25,56.30019760131836,60.08000183105469,60.290000915527344,58.88999938964844,59.0,15615700
2024-11-26,55.29750442504883,59.0099983215332,59.84000015258789,58.31999969482422,59.619998931884766,7884800
2024-11-27,56.187744140625,59.959999084472656,60.13999938964844,58.88999938964844,58.97999954223633,7597400
2024-11-29,56.084659576416016,59.849998474121094,60.470001220703125,59.61000061035156,59.7599983215332,3947700
2024-12-02,55.36310958862305,59.08000183105469,59.75,58.61000061035156,59.70000076293945,11633700
2024-12-03,55.4661865234375,59.189998626708984,60.04999923706055,59.029998779296875,59.91999816894531,9011500
2024-12-04,54.39789962768555,58.04999923706055,59.349998474121094,57.779998779296875,59.0,7953800
2024-12-05,53.282772064208984,56.86000061035156,58.279998779296875,56.470001220703125,58.13999938964844,9063500
2024-12-06,51.81154251098633,55.290000915527344,57.150001525878906,55.2400016784668,57.0,9635200
2024-12-09,52.54247283935547,56.06999969482422,56.27000045776367,54.95000076293945,55.130001068115234,11535000
2024-12-10,51.680355072021484,55.150001525878906,56.0,54.47999954223633,56.0,12685400
2024-12-11,48.503623962402344,51.7599983215332,54.84000015258789,51.72999954223633,54.5,17925000
2024-12-12,46.460777282714844,49.58000183105469,52.16999816894531,49.470001220703125,51.5,22510300
2024-12-13,46.263980865478516,49.369998931884766,49.939998626708984,48.0099983215332,49.13999938964844,17647700
2024-12-16,43.66825866699219,46.599998474121094,49.119998931884766,46.380001068115234,49.0099983215332,20783500
2024-12-17,41.269317626953125,44.040000915527344,46.290000915527344,43.93000030517578,45.970001220703125,29444300
2024-12-18,42.43130111694336,45.279998779296875,46.619998931884766,44.59000015258789,44.79999923706055,26201900
2024-12-19,41.025672912597656,43.779998779296875,45.290000915527344,43.599998474121094,44.290000915527344,26006200
2024-12-20,41.569183349609375,44.36000061035156,44.77000045776367,43.68000030517578,43.720001220703125,21447300
2024-12-23,41.36302185058594,44.13999938964844,44.380001068115234,43.560001373291016,44.349998474121094,16405000
2024-12-24,41.46610641479492,44.25,44.25,43.72999954223633,44.0,5922700
2024-12-26,42.09394836425781,44.91999816894531,45.689998626708984,44.0099983215332,44.13999938964844,11335500
2024-12-27,41.691009521484375,44.4900016784668,45.060001373291016,44.2400016784668,44.70000076293945,10563800
2024-12-30,41.175601959228516,43.939998626708984,44.43000030517578,43.650001525878906,44.2400016784668,12153700
2024-12-31,42.065834045410156,44.88999938964844,45.029998779296875,43.720001220703125,43.84000015258789,11688400
2025-01-02,41.43798828125,44.220001220703125,45.36000061035156,44.11000061035156,45.11000061035156,10626100
2025-01-03,42.890480041503906,45.77000045776367,46.2599983215332,44.13999938964844,44.720001220703125,12202300
2025-01-06,42.93732833862305,45.81999969482422,47.16999816894531,45.689998626708984,46.08000183105469,16462500
2025-01-07,42.899845123291016,45.779998779296875,46.81999969482422,45.56999969482422,46.31999969482422,10244500
2025-01-08,43.11537551879883,46.0099983215332,46.18000030517578,44.91999816894531,45.650001525878906,14272800
2025-01-10,44.98954772949219,48.0099983215332,48.099998474121094,46.34000015258789,46.41999816894531,16826100
2025-01-13,48.278724670410156,51.52000045776367,51.77000045776367,49.52000045776367,50.349998474121094,25668800
2025-01-14,48.32557678222656,51.56999969482422,52.08000183105469,50.13999938964844,51.5,16623500
2025-01-15,48.85971450805664,52.13999938964844,52.279998779296875,51.41999816894531,51.810001373291016,10969700
2025-01-16,48.6910400390625,51.959999084472656,52.15999984741211,50.630001068115234,51.43000030517578,14277300
2025-01-17,49.30951690673828,52.619998931884766,52.88999938964844,51.79999923706055,52.22999954223633,13415600
2025-01-21,49.806175231933594,53.150001525878906,53.27000045776367,52.209999084472656,52.939998626708984,9962500
2025-01-22,49.656246185302734,52.9900016784668,53.5,52.34000015258789,52.75,10672900
2025-01-23,51.07499313354492,53.81999969482422,54.61000061035156,52.689998626708984,53.52000045776367,13422100
2025-01-24,51.767757415771484,54.54999923706055,54.93000030517578,53.279998779296875,53.59000015258789,13122100
2025-01-27,53.3336067199707,56.20000076293945,56.77000045776367,55.0,55.0,11342200
2025-01-28,54.40597152709961,57.33000183105469,57.619998931884766,56.0,56.060001373291016,14019700
2025-01-29,53.997901916503906,56.900001525878906,58.459999084472656,56.790000915527344,57.4900016784668,11615100
2025-01-30,53.92198181152344,56.81999969482422,57.040000915527344,55.31999969482422,56.630001068115234,11121100
2025-01-31,53.59931945800781,56.47999954223633,57.31999969482422,55.7599983215332,56.75,10820600
2025-02-03,53.09635543823242,55.95000076293945,56.66999816894531,55.25,56.08000183105469,8638400
2025-02-04,53.4759521484375,56.349998474121094,56.54999923706055,55.25,55.5099983215332,7865600
2025-02-05,52.849613189697266,55.689998626708984,56.40999984741211,55.2599983215332,56.38999938964844,7641200
2025-02-06,51.47357177734375,54.2400016784668,55.97999954223633,53.84000015258789,55.779998779296875,14970200
2025-02-07,51.25529861450195,54.0099983215332,54.810001373291016,53.900001525878906,54.540000915527344,5911500
2025-02-10,51.521018981933594,54.290000915527344,54.41999816894531,53.36000061035156,54.38999938964844,10097600
2025-02-11,52.19480514526367,55.0,55.939998626708984,54.060001373291016,54.560001373291016,12665500
2025-02-12,59.99555969238281,63.220001220703125,64.11000061035156,60.5,60.61000061035156,36562100
2025-02-13,62.984901428222656,66.37000274658203,67.33999633789062,63.560001373291016,63.86000061035156,20989100
2025-02-14,62.47243881225586,65.83000183105469,66.98999786376953,65.58000183105469,66.88999938964844,10210500
2025-02-18,62.22570037841797,65.56999969482422,66.88999938964844,64.51000213623047,64.8499984741211,10141600
2025-02-19,63.01336669921875,66.4000015258789,67.16999816894531,65.30999755859375,65.80000305175781,9736900
2025-02-20,61.77018356323242,65.08999633789062,66.30999755859375,64.98999786376953,66.25,8453800
2025-02-21,60.24230194091797,63.47999954223633,65.29000091552734,62.02000045776367,62.880001068115234,14117600
2025-02-24,59.805763244628906,63.02000045776367,64.0999984741211,62.599998474121094,63.58000183105469,8158000
2025-02-25,60.41312026977539,63.65999984741211,63.93000030517578,62.130001068115234,63.02000045776367,10320200
2025-02-26,60.6029167175293,63.86000061035156,64.05999755859375,62.59000015258789,63.599998474121094,6558200
2025-02-27,61.1912956237793,64.4800033569336,65.02999877929688,63.7599983215332,64.02999877929688,8275900
2025-02-28,62.3680534362793,65.72000122070312,65.9000015258789,64.19999694824219,64.27999877929688,10476200
2025-03-03,61.589866638183594,64.9000015258789,66.36000061035156,64.31999969482422,65.76000213623047,7078800
2025-03-04,60.935062408447266,64.20999908447266,65.41000366210938,64.0199966430664,64.33000183105469,7218100
2025-03-05,62.58632278442383,65.94999694824219,66.4000015258789,64.0199966430664,64.19999694824219,6642900
2025-03-06,61.922019958496094,65.25,66.0999984741211,64.48999786376953,65.80000305175781,5966200
2025-03-07,62.94694137573242,66.33000183105469,67.08999633789062,64.0,64.41000366210938,10083100
2025-03-10,61.903045654296875,65.2300033569336,66.9800033569336,65.0199966430664,65.68000030517578,8341000
2025-03-11,61.66579818725586,64.9800033569336,65.83000183105469,64.66000366210938,65.62999725341797,7301400
2025-03-12,61.532928466796875,64.83999633789062,66.33000183105469,64.44000244140625,64.73999786376953,10330700
2025-03-13,62.396514892578125,65.75,67.04000091552734,64.4000015258789,64.4000015258789,7689800
2025-03-14,62.3300895690918,65.68000030517578,67.25,65.45999908447266,66.3499984741211,9003700
2025-03-17,63.2506217956543,66.6500015258789,67.0999984741211,65.5199966430664,65.58999633789062,6860600
2025-03-18,64.12369537353516,67.56999969482422,68.0999984741211,66.33000183105469,66.6500015258789,11776000
2025-03-19,64.44635772705078,67.91000366210938,68.1500015258789,66.91999816894531,67.8499984741211,5873600
2025-03-20,65.13912963867188,68.63999938964844,68.87000274658203,67.62000274658203,67.93000030517578,7205600
2025-03-21,63.63021469116211,67.05000305175781,68.69000244140625,67.01000213623047,68.45999908447266,18108100
2025-03-24,64.12369537353516,67.56999969482422,68.5,67.25,67.56999969482422,11329600
2025-03-25,63.08928298950195,66.4800033569336,67.98999786376953,65.88999938964844,67.98999786376953,7537300
2025-03-26,63.772560119628906,67.19999694824219,67.47000122070312,66.62999725341797,66.83000183105469,6992600
2025-03-27,64.1426773071289,67.58999633789062,68.06999969482422,66.80999755859375,67.05999755859375,6039300
2025-03-28,63.71562194824219,67.13999938964844,67.91000366210938,66.5199966430664,67.69999694824219,6582000
2025-03-31,64.29450225830078,67.75,68.19999694824219,66.66000366210938,66.81999969482422,7457100
2025-04-01,64.5127944946289,67.9800033569336,68.13999938964844,67.08999633789062,67.83999633789062,8641500
2025-04-02,64.59819793701172,68.06999969482422,68.16999816894531,67.16999816894531,67.51000213623047,6405700
2025-04-03,64.06676483154297,67.51000213623047,69.18000030517578,65.58999633789062,65.97000122070312,12204200
2025-04-04,60.41312026977539,63.65999984741211,66.9800033569336,63.5,65.62000274658203,13295600
2025-04-07,60.59342575073242,63.849998474121094,64.75,60.33000183105469,62.0,13158500
2025-04-08,64.18063354492188,67.62999725341797,71.44999694824219,66.9000015258789,71.11000061035156,24570300
2025-04-09,66.60057067871094,70.18000030517578,71.22000122070312,66.37999725341797,66.44000244140625,17725000
2025-04-10,65.45228576660156,68.97000122070312,70.88999938964844,68.33999633789062,69.68000030517578,15828700
2025-04-11,65.96475219726562,69.51000213623047,69.98999786376953,68.0,69.0,12537400
2025-04-14,65.6705551147461,69.19999694824219,70.0199966430664,68.83000183105469,70.0,12125900
2025-04-15,65.40483856201172,68.91999816894531,69.70999908447266,68.4800033569336,69.54000091552734,11114400
2025-04-16,65.05371856689453,68.55000305175781,69.80999755859375,68.19999694824219,69.20999908447266,6899900
2025-04-17,63.85798263549805,67.29000091552734,67.83000183105469,64.0,65.41999816894531,16055700
2025-04-21,61.84610366821289,65.16999816894531,67.44000244140625,64.44999694824219,67.30000305175781,9699600
2025-04-22,62.75214767456055,65.44999694824219,65.75,64.30000305175781,64.81999969482422,9118100
2025-04-23,62.86720275878906,65.56999969482422,66.43000030517578,64.83000183105469,65.5199966430664,10834800
2025-04-24,63.20277786254883,65.91999816894531,65.98999786376953,65.20999908447266,65.80000305175781,7014000
2025-04-25,62.627506256103516,65.31999969482422,65.98999786376953,64.93000030517578,65.87000274658203,5022300
2025-04-28,62.25358581542969,64.93000030517578,66.1500015258789,64.19999694824219,65.55000305175781,7700100
2025-04-29,62.34946823120117,65.02999877929688,65.41000366210938,64.41999816894531,64.87999725341797,9314700
2025-04-30,63.960208892822266,66.70999908447266,66.81999969482422,65.36000061035156,65.75,12539500
2025-05-01,66.58727264404297,69.44999694824219,72.51000213623047,69.2699966430664,72.5,20880100
2025-05-02,64.6792984008789,67.45999908447266,70.30000305175781,67.02999877929688,69.75,14305000
2025-05-05,64.3341293334961,67.0999984741211,68.27999877929688,66.91000366210938,68.2300033569336,10652800
2025-05-06,63.500003814697266,66.2300033569336,67.29000091552734,65.91000366210938,66.91999816894531,6987300
2025-05-07,64.0273208618164,66.77999877929688,67.16000366210938,65.83999633789062,66.30999755859375,9279700
2025-05-08,65.05322265625,67.8499984741211,68.5199966430664,66.52999877929688,66.97000122070312,9927800
2025-05-09,64.20948791503906,66.97000122070312,67.76000213623047,66.80999755859375,67.7300033569336,6357700
2025-05-12,62.13853073120117,64.80999755859375,66.47000122070312,63.04999923706055,65.66000366210938,20517400
2025-05-13,58.006187438964844,60.5,62.810001373291016,60.29999923706055,62.689998626708984,19166200
2025-05-14,57.56515121459961,60.040000915527344,61.709999084472656,59.81999969482422,61.20000076293945,13069900
2025-05-15,57.97742462158203,60.470001220703125,60.47999954223633,58.349998474121094,59.97999954223633,11223100
2025-05-16,59.9525146484375,62.529998779296875,62.689998626708984,60.38999938964844,60.560001373291016,10800100
2025-05-19,60.19220733642578,62.779998779296875,63.18000030517578,62.18000030517578,62.529998779296875,7833900
2025-05-20,61.11263656616211,63.7400016784668,64.08999633789062,62.65999984741211,62.83000183105469,7395700
2025-05-21,59.54982376098633,62.11000061035156,63.2400016784668,62.040000915527344,62.709999084472656,6199700
2025-05-22,57.737728118896484,60.220001220703125,61.470001220703125,59.90999984741211,61.29999923706055,10044300
2025-05-23,58.32258605957031,60.83000183105469,60.880001068115234,59.65999984741211,60.619998931884766,8143100
2025-05-27,58.811561584472656,61.34000015258789,61.650001525878906,60.40999984741211,60.7599983215332,7439900
2025-05-28,59.87580871582031,62.45000076293945,63.369998931884766,61.75,62.0,9157600
2025-05-29,60.19220733642578,62.779998779296875,63.08000183105469,61.779998779296875,61.9900016784668,10632800
2025-05-30,61.400272369384766,64.04000091552734,64.56999969482422,62.18000030517578,62.90999984741211,13309100
2025-06-02,60.97840118408203,63.599998474121094,64.06999969482422,62.83000183105469,63.5099983215332,6674500
2025-06-03,60.96881866455078,63.59000015258789,64.0199966430664,62.849998474121094,63.4900016784668,6453600
2025-06-04,60.949642181396484,63.56999969482422,64.47000122070312,63.540000915527344,63.650001525878906,5854100
2025-06-05,60.47984313964844,63.08000183105469,64.13999938964844,62.61000061035156,63.869998931884766,6599400
2025-06-06,60.959232330322266,63.58000183105469,63.810001373291016,63.130001068115234,63.459999084472656,3265800
2025-06-09,61.22768783569336,63.86000061035156,64.30999755859375,63.54999923706055,63.790000915527344,3684000
2025-06-10,61.6112060546875,64.26000213623047,64.52999877929688,63.70000076293945,63.79999923706055,5529400
2025-06-11,63.011024475097656,65.72000122070312,65.75,64.11000061035156,64.2699966430664,7422100
2025-06-12,63.61505889892578,66.3499984741211,66.36000061035156,64.81999969482422,65.7300033569336,6562300
2025-06-13,64.6792984008789,67.45999908447266,67.7699966430664,66.0999984741211,66.16999816894531,7562300
2025-06-16,64.91899871826172,67.70999908447266,68.30999755859375,66.68000030517578,67.55000305175781,7578400
2025-06-17,64.32454681396484,67.08999633789062,68.5999984741211,66.66999816894531,67.7300033569336,6094100
2025-06-18,64.08485412597656,66.83999633789062,67.51000213623047,66.48999786376953,66.8499984741211,5209800
2025-06-20,63.825984954833984,66.56999969482422,67.5,66.54000091552734,66.9800033569336,11829900
2025-06-23,64.05608367919922,66.80999755859375,67.12000274658203,65.87000274658203,66.37000274658203,6845200
2025-06-24,64.79435729980469,67.58000183105469,68.20999908447266,66.54000091552734,66.7300033569336,10270400
2025-06-25,63.63423538208008,66.37000274658203,67.41000366210938,66.06999969482422,67.16000366210938,7573300
2025-06-26,65.33126068115234,68.13999938964844,68.54000091552734,66.72000122070312,66.80000305175781,8099800
2025-06-27,65.66683959960938,68.48999786376953,68.81999969482422,67.87000274658203,67.98999786376953,5937400
2025-06-30,66.13665771484375,68.9800033569336,69.16999816894531,68.25,68.68000030517578,6047100
2025-07-01,66.7119140625,69.58000183105469,70.2300033569336,68.75,68.7699966430664,5673400
2025-07-02,63.8547477722168,66.5999984741211,69.11000061035156,66.54000091552734,68.9000015258789,10820100
2025-07-03,64.6505355834961,67.43000030517578,67.77999877929688,66.62999725341797,66.91999816894531,3771000
2025-07-07,63.93144989013672,66.68000030517578,67.43000030517578,65.95999908447266,67.19999694824219,6419000
2025-07-08,64.18074035644531,66.94000244140625,67.4000015258789,66.6500015258789,66.7699966430664,4279600
2025-07-09,63.91227340698242,66.66000366210938,67.16999816894531,65.58000183105469,67.01000213623047,6330000
2025-07-10,62.91514205932617,65.62000274658203,66.87999725341797,65.36000061035156,66.87999725341797,6326800
2025-07-11,62.10976791381836,64.77999877929688,65.23999786376953,64.20999908447266,65.0999984741211,7022500
2025-07-14,61.70708084106445,64.36000061035156,64.7699966430664,64.05999755859375,64.75,6864500
2025-07-15,61.30439376831055,63.939998626708984,64.66999816894531,63.279998779296875,64.4800033569336,5956100
2025-07-16,61.170162200927734,63.79999923706055,64.70999908447266,63.72999954223633,64.0,5831000
2025-07-17,60.69077682495117,63.29999923706055,63.880001068115234,62.47999954223633,63.25,7352300
2025-07-18,59.406009674072266,61.959999084472656,63.439998626708984,61.5,63.349998474121094,8612000
2025-07-21,59.09920120239258,61.63999938964844,62.54999923706055,61.529998779296875,62.54999923706055,7020400
2025-07-22,59.20096969604492,61.08000183105469,62.20000076293945,60.86000061035156,61.09000015258789,6686900
2025-07-23,59.9472770690918,61.849998474121094,62.04999923706055,60.970001220703125,61.34000015258789,5448600
2025-07-24,56.94264602661133,58.75,61.650001525878906,58.5,61.650001525878906,12438600
2025-07-25,58.83265686035156,60.70000076293945,61.16999816894531,59.439998626708984,59.61000061035156,10881900
2025-07-28,57.805267333984375,59.63999938964844,61.130001068115234,59.349998474121094,60.560001373291016,8953600
2025-07-29,58.1541862487793,60.0,60.939998626708984,58.9900016784668,59.79999923706055,11026800
2025-07-30,60.3834342956543,62.29999923706055,62.880001068115234,61.0,61.70000076293945,15343800
2025-07-31,60.1895866394043,62.099998474121094,66.91999816894531,61.22999954223633,65.51000213623047,27417900
2025-08-01,60.54821014404297,62.470001220703125,62.70000076293945,61.189998626708984,62.31999969482422,11382000
2025-08-04,59.5595817565918,61.45000076293945,62.439998626708984,61.41999816894531,62.02000045776367,7866200
2025-08-05,61.4689826965332,63.41999816894531,64.02999877929688,61.349998474121094,61.45000076293945,9061900
2025-08-06,61.56590270996094,63.52000045776367,63.900001525878906,62.52000045776367,63.130001068115234,5292200
2025-08-07,61.624061584472656,63.58000183105469,63.83000183105469,62.54999923706055,63.630001068115234,4515500
2025-08-08,63.52376174926758,65.54000091552734,65.62000274658203,63.29999923706055,63.540000915527344,6461700
2025-08-11,62.884063720703125,64.87999725341797,66.25,64.73999786376953,65.62999725341797,5556300
2025-08-12,63.49468231201172,65.51000213623047,65.69999694824219,64.31999969482422,64.76000213623047,4866000
2025-08-13,63.87269592285156,65.9000015258789,66.33999633789062,65.2699966430664,65.80999755859375,5686300
2025-08-14,64.67715454101562,66.7300033569336,67.16000366210938,66.23999786376953,66.61000061035156,5872700
2025-08-15,66.4896240234375,68.5999984741211,69.12999725341797,67.41999816894531,68.19999694824219,8252500
2025-08-18,68.01132202148438,70.16999816894531,71.05000305175781,69.4000015258789,70.27999877929688,9246300
2025-08-19,68.7867202758789,70.97000122070312,71.08000183105469,69.80999755859375,69.95999908447266,5233100
2025-08-20,68.6413345336914,70.81999969482422,71.36000061035156,70.6500015258789,71.01000213623047,4984000
2025-08-21,69.23255920410156,71.43000030517578,72.12000274658203,70.55000305175781,70.88999938964844,7071400
2025-08-22,69.1065673828125,71.30000305175781,72.30000305175781,71.0999984741211,71.81999969482422,6983600
2025-08-25,69.01933288574219,71.20999908447266,71.63999938964844,70.4000015258789,71.33999633789062,4687200
2025-08-26,69.348876953125,71.55000305175781,71.79000091552734,71.05999755859375,71.25,5333500
2025-08-27,69.71717834472656,71.93000030517578,72.08999633789062,71.56999969482422,71.62999725341797,3588100
2025-08-28,69.92071533203125,72.13999938964844,72.30000305175781,71.11000061035156,71.97000122070312,5195200
2025-08-29,70.899658203125,73.1500015258789,73.2300033569336,72.16000366210938,72.23999786376953,6394400
2025-09-02,71.81073760986328,74.08999633789062,74.52999877929688,72.87999725341797,72.9800033569336,8987900
2025-09-03,71.06442260742188,73.31999969482422,74.44999694824219,72.86000061035156,74.08999633789062,6700600
2025-09-04,71.42304229736328,73.69000244140625,73.91000366210938,72.91000366210938,73.41999816894531,4995100
2025-09-05,71.51026916503906,73.77999877929688,74.48999786376953,73.05999755859375,73.37999725341797,5075100
2025-09-08,68.09856414794922,70.26000213623047,73.98999786376953,69.5999984741211,73.83000183105469,13326400
2025-09-09,69.542724609375,71.75,73.05000305175781,70.72000122070312,71.55999755859375,10585500
2025-09-10,71.69442749023438,73.97000122070312,74.0,71.95999908447266,72.06999969482422,11451500
2025-09-11,72.37289428710938,74.66999816894531,75.0,73.27999877929688,73.83000183105469,9974200
2025-09-12,72.6733627319336,74.9800033569336,75.55000305175781,74.41999816894531,74.41999816894531,6400700
2025-09-15,71.20011138916016,73.45999908447266,75.0,72.51000213623047,74.94999694824219,7703400
2025-09-16,71.21949768066406,73.4800033569336,73.7300033569336,72.38999938964844,73.44999694824219,6585000
2025-09-17,71.72349548339844,74.0,74.83999633789062,73.51000213623047,73.66999816894531,4301300
2025-09-18,72.13058471679688,74.41999816894531,74.45999908447266,73.18000030517578,73.48999786376953,5324400
2025-09-19,72.61520385742188,74.91999816894531,76.23999786376953,74.36000061035156,74.69000244140625,13445800
2025-09-22,72.81874084472656,75.12999725341797,75.7699966430664,73.80000305175781,74.31999969482422,7226500
2025-09-23,74.14659118652344,76.5,76.91999816894531,74.91000366210938,75.08999633789062,5938900
2025-09-24,74.03028106689453,76.37999725341797,77.33999633789062,76.04000091552734,76.66999816894531,6860500
2025-09-25,72.31474304199219,74.61000061035156,76.79000091552734,74.11000061035156,76.72000122070312,6884200
2025-09-26,73.43905639648438,75.7699966430664,75.94999694824219,74.52999877929688,74.94000244140625,4900600
2025-09-29,73.24520111083984,75.56999969482422,75.8499984741211,74.08999633789062,75.69000244140625,6605300
2025-09-30,73.07073974609375,75.38999938964844,75.83000183105469,73.83000183105469,75.2300033569336,7293900
2025-10-01,74.50521850585938,76.87000274658203,77.54000091552734,75.25,75.30000305175781,11095200
2025-10-02,75.06737518310547,77.44999694824219,77.76000213623047,76.2699966430664,76.3499984741211,4905600
2025-10-03,75.10613250732422,77.48999786376953,79.19999694824219,77.08000183105469,77.44999694824219,7085400
2025-10-06,74.47611999511719,76.83999633789062,77.69000244140625,76.58000183105469,77.13999938964844,5894400
2025-10-07,74.74752044677734,77.12000274658203,77.9000015258789,76.63999938964844,77.5,4606500
2025-10-08,74.56336975097656,76.93000030517578,77.91999816894531,75.62999725341797,77.3499984741211,5062400
2025-10-09,74.37921142578125,76.73999786376953,77.66000366210938,76.52999877929688,77.25,5963900
2025-10-10,75.50353240966797,77.9000015258789,78.98999786376953,77.37999725341797,78.16000366210938,8329900
2025-10-13,76.02692413330078,78.44000244140625,79.68000030517578,77.37000274658203,77.54000091552734,8436000
2025-10-14,77.20938873291016,79.66000366210938,79.94000244140625,77.75,78.30999755859375,12540000
2025-10-15,78.18830871582031,80.66999816894531,81.93000030517578,79.8499984741211,80.0,11762200
2025-10-16,78.86678314208984,81.37000274658203,81.91000366210938,80.62999725341797,80.7300033569336,7567900
2025-10-17,79.98139953613281,82.5199966430664,82.87999725341797,81.01000213623047,81.4000015258789,6951700
2025-10-20,79.94263458251953,82.4800033569336,82.62999725341797,81.5199966430664,82.45999908447266,5703300
2025-10-21,80.48540496826172,83.04000091552734,83.5199966430664,82.08000183105469,82.36000061035156,6220100
2025-10-22,79.4870834350586,82.01000213623047,83.02999877929688,81.73999786376953,82.95999908447266,6361100
2025-10-23,79.21836853027344,81.06999969482422,81.62999725341797,80.51000213623047,81.23999786376953,6025900
2025-10-24,80.05873107910156,81.93000030517578,82.16000366210938,81.08999633789062,81.5199966430664,5642500
2025-10-27,80.56684875488281,82.44999694824219,82.55999755859375,80.87999725341797,81.3499984741211,6129000
2025-10-28,80.32255554199219,82.19999694824219,83.73999786376953,81.61000061035156,83.73999786376953,9852800
2025-10-29,78.75910186767578,80.5999984741211,85.1500015258789,80.33000183105469,82.5,14783500
2025-10-30,74.93840789794922,76.69000244140625,79.0,75.91999816894531,76.08000183105469,14120200
2025-10-31,76.36506652832031,78.1500015258789,78.2300033569336,76.12000274658203,76.6500015258789,9680800
2025-11-03,76.64844512939453,78.44000244140625,78.77999877929688,77.43000030517578,78.05999755859375,8239600
2025-11-04,76.29666137695312,78.08000183105469,79.3499984741211,77.55999755859375,78.44000244140625,7129500
2025-11-05,76.75593566894531,78.55000305175781,79.26000213623047,77.88999938964844,77.98999786376953,6078900
2025-11-06,76.86341857910156,78.66000366210938,79.86000061035156,78.54000091552734,78.70999908447266,5807600
2025-11-07,77.18587493896484,78.98999786376953,79.44000244140625,78.29000091552734,79.05000305175781,4306200
2025-11-10,75.76899719238281,77.54000091552734,79.58000183105469,76.5,78.05000305175781,6905300
2025-11-11,78.04578399658203,79.87000274658203,79.9000015258789,77.66000366210938,78.0,5931700
2025-11-12,78.42687225341797,80.26000213623047,81.72000122070312,79.6500015258789,79.70999908447266,9324600
2025-11-13,77.43016052246094,79.23999786376953,79.98999786376953,78.5199966430664,79.2300033569336,7262100
2025-11-14,76.03282165527344,77.80999755859375,79.73999786376953,77.75,79.38999938964844,5170900
2025-11-17,76.61913299560547,78.41000366210938,79.87000274658203,77.73999786376953,77.91000366210938,8668200
2025-11-18,76.15985870361328,77.94000244140625,78.44000244140625,77.33999633789062,78.3499984741211,6254100
2025-11-19,74.80160522460938,76.55000305175781,78.16999816894531,76.30000305175781,77.95999908447266,7371800
2025-11-20,74.30326080322266,76.04000091552734,77.5,75.94999694824219,77.19000244140625,5258100
2025-11-21,76.247802734375,78.02999877929688,78.26000213623047,76.2300033569336,76.54000091552734,6493200
2025-11-24,76.12078094482422,77.9000015258789,78.94999694824219,77.20999908447266,78.76000213623047,9843400
2025-11-25,76.67774963378906,78.47000122070312,78.91000366210938,78.19000244140625,78.3499984741211,4732600
2025-11-26,78.0360107421875,79.86000061035156,80.5999984741211,78.29000091552734,78.79000091552734,7976100
2025-11-28,78.52458190917969,80.36000061035156,80.41000366210938,79.69999694824219,80.04000091552734,2292100
2025-12-01,77.2933578491211,79.0999984741211,81.05999755859375,78.98999786376953,79.97000122070312,6754400
2025-12-02,75.84717559814453,77.62000274658203,79.43000030517578,77.19000244140625,79.37999725341797,7700900
2025-12-03,73.2870101928711,75.0,77.87999725341797,75.0,77.87000274658203,8164500
2025-12-04,74.99703979492188,76.75,76.79000091552734,74.13999938964844,75.12000274658203,8872700
2025-12-05,73.90261840820312,75.62999725341797,76.88999938964844,74.9800033569336,76.7300033569336,7768400
2025-12-08,74.78205871582031,76.52999877929688,76.94999694824219,75.0,75.94999694824219,8549700
2025-12-09,76.4530029296875,78.23999786376953,80.5,78.20999908447266,79.1500015258789,12602200
2025-12-10,77.16632843017578,78.97000122070312,79.69000244140625,78.1500015258789,78.98999786376953,14869900
2025-12-11,78.98385620117188,80.83000183105469,80.88999938964844,78.2699966430664,78.98999786376953,11065300
2025-12-12,77.6060562133789,79.41999816894531,81.08000183105469,78.68000030517578,81.0,6527200
2025-12-15,77.8698959350586,79.69000244140625,79.9000015258789,79.19000244140625,79.75,5850900
2025-12-16,76.50186920166016,78.29000091552734,79.9800033569336,77.79000091552734,79.6500015258789,4476700
2025-12-17,76.10122680664062,77.87999725341797,78.58999633789062,77.12999725341797,78.5,6305100
2025-12-18,76.0132827758789,77.79000091552734,78.2300033569336,77.36000061035156,77.63999938964844,6439400
2025-12-19,75.94489288330078,77.72000122070312,78.94999694824219,77.4000015258789,77.87999725341797,12106200
2025-12-22,76.57026672363281,78.36000061035156,78.73999786376953,77.0199966430664,77.66999816894531,5700600
2025-12-23,76.25757598876953,78.04000091552734,78.4800033569336,77.94000244140625,78.30000305175781,4027000
2025-12-24,77.31291198730469,79.12000274658203,79.25,78.12000274658203,78.12000274658203,1849300
2025-12-26,77.79171752929688,79.61000061035156,79.69000244140625,79.0199966430664,79.0199966430664,3236500
2025-12-29,78.19235229492188,80.0199966430664,80.2300033569336,79.5999984741211,79.62999725341797,4429800
2025-12-30,78.02623748779297,79.8499984741211,80.23999786376953,79.5999984741211,80.0,3409600
2025-12-31,77.54742431640625,79.36000061035156,79.8499984741211,79.31999969482422,79.79000091552734,3107900
2026-01-02,78.29983520507812,80.12999725341797,80.79000091552734,78.61000061035156,79.27999877929688,5428300
2026-01-05,78.58322143554688,80.41999816894531,80.81999969482422,78.22000122070312,80.0,8090600
2026-01-06,78.85681915283203,80.69999694824219,81.76000213623047,79.36000061035156,80.3499984741211,10636600
2026-01-07,77.96760559082031,79.79000091552734,81.33999633789062,79.7300033569336,80.95999908447266,5948500
2026-01-08,78.75910186767578,80.5999984741211,81.08000183105469,79.20999908447266,79.91999816894531,7176500
2026-01-09,78.46595764160156,80.30000305175781,81.16000366210938,79.29000091552734,80.80999755859375,7968700
2026-01-12,78.52458190917969,80.36000061035156,80.94999694824219,78.9800033569336,80.75,7400700
2026-01-13,78.8372802734375,80.68000030517578,81.05000305175781,80.04000091552734,80.36000061035156,8095200
2026-01-14,77.51811981201172,79.33000183105469,80.95999908447266,79.20999908447266,80.86000061035156,4488100
2026-01-15,79.50174713134766,81.36000061035156,81.41999816894531,78.12000274658203,79.27999877929688,10428300
2026-01-16,76.8047866821289,78.5999984741211,81.55999755859375,78.47000122070312,81.30999755859375,9597900
2026-01-20,78.26074981689453,80.08999633789062,80.5,77.5999984741211,78.33999633789062,10380000
2026-01-21,79.62876892089844,81.48999786376953,82.08000183105469,80.23999786376953,80.44999694824219,9138500
2026-01-22,81.4563217163086,82.68000030517578,82.68000030517578,80.76000213623047,80.98999786376953,6423500
2026-01-23,81.78144836425781,83.01000213623047,83.29000091552734,81.98999786376953,82.33000183105469,7340900
2026-01-26,82.62871551513672,83.87000274658203,84.0,82.5,83.25,9269600
2026-01-27,70.93438720703125,72.0,77.30000305175781,70.69000244140625,75.38999938964844,44211500
2026-01-28,72.9343490600586,74.02999877929688,74.36000061035156,71.41999816894531,71.62999725341797,13569700
2026-01-29,73.3382797241211,74.44000244140625,74.91999816894531,73.6500015258789,73.88999938964844,10592200
2026-01-30,73.4170913696289,74.5199966430664,74.91999816894531,73.26000213623047,74.11000061035156,10221500
2026-02-02,74.30377197265625,75.41999816894531,75.77999877929688,73.4000015258789,74.36000061035156,10709000
2026-02-03,75.69290924072266,76.83000183105469,76.88999938964844,75.45999908447266,75.45999908447266,7162100
2026-02-04,74.12643432617188,75.23999786376953,77.5199966430664,75.06999969482422,76.73999786376953,11608500
2026-02-05,75.20030975341797,76.33000183105469,77.33999633789062,75.0199966430664,75.2300033569336,8156600
2026-02-06,77.1904067993164,78.3499984741211,78.95999908447266,76.19000244140625,76.37000274658203,7082800
2026-02-09,74.64859771728516,75.7699966430664,78.66999816894531,75.51000213623047,77.54000091552734,10729400
2026-02-10,74.57962799072266,75.69999694824219,78.36000061035156,73.0,73.7699966430664,13120300
2026-02-11,75.88008880615234,77.0199966430664,77.0199966430664,74.33999633789062,75.69999694824219,10625400
2026-02-12,76.77662658691406,77.93000030517578,79.06999969482422,77.08000183105469,77.51000213623047,8057600
2026-02-13,77.31848907470703,78.4800033569336,79.08999633789062,77.6500015258789,77.75,6720700
2026-02-17,77.0426254272461,78.19999694824219,79.75,77.8499984741211,79.18000030517578,5795400
2026-02-18,76.59929656982422,77.75,78.08000183105469,77.01000213623047,77.9000015258789,5217200
2026-02-19,76.17565155029297,77.31999969482422,78.27999877929688,76.43000030517578,78.0199966430664,5346100
2026-02-20,75.55497741699219,76.69000244140625,77.5,75.72000122070312,77.11000061035156,6172900
2026-02-23,75.86038970947266,77.0,77.79000091552734,75.69999694824219,76.0199966430664,6498900
2026-02-24,73.0821304321289,74.18000030517578,76.95999908447266,72.91999816894531,76.95999908447266,12199400
2026-02-25,75.06238555908203,76.19000244140625,76.62999725341797,75.01000213623047,75.30000305175781,8126200
2026-02-26,76.8554458618164,78.01000213623047,78.68000030517578,76.33999633789062,76.33999633789062,6319200
2026-02-27,78.71747589111328,79.9000015258789,79.9000015258789,77.5,78.0199966430664,14699300
2026-03-02,80.45143127441406,81.66000366210938,81.68000030517578,79.27999877929688,79.88999938964844,12488700
2026-03-03,79.29873657226562,80.48999786376953,81.69000244140625,79.12999725341797,81.18000030517578,7090900
2026-03-04,79.37755584716797,80.56999969482422,81.08999633789062,79.66999816894531,80.41000366210938,6804700
2026-03-05,77.52538299560547,78.69000244140625,80.31999969482422,78.30000305175781,79.95999908447266,10055800
2026-03-06,76.76677703857422,77.91999816894531,78.86000061035156,76.93000030517578,78.7699966430664,7139700
2026-03-09,77.10174560546875,78.26000213623047,78.41000366210938,76.30000305175781,77.23999786376953,6872200
2026-03-10,75.1904525756836,76.31999969482422,78.75,76.0999984741211,78.58999633789062,6480800
2026-03-11,74.5993423461914,75.72000122070312,76.51000213623047,75.31999969482422,76.0,5530400
2026-03-12,74.94416046142578,76.06999969482422,77.58999633789062,75.98999786376953,76.80999755859375,7721000
2026-03-13,75.00326538085938,76.12999725341797,77.16999816894531,76.02999877929688,76.83999633789062,4537900
2026-03-16,74.71755981445312,75.83999633789062,77.08000183105469,75.7699966430664,76.44999694824219,5392900
2026-03-17,73.70279693603516,74.80999755859375,76.62000274658203,74.12000274658203,76.33000183105469,8348700
2026-03-18,71.93929290771484,73.0199966430664,74.47000122070312,73.0,74.38999938964844,7089700
2026-03-19,70.79646301269531,71.86000061035156,73.8499984741211,71.5999984741211,73.19999694824219,9066600
2026-03-20,70.42208862304688,71.4800033569336,71.7300033569336,70.20999908447266,71.5,18871400
2026-03-23,70.23490142822266,71.29000091552734,72.45999908447266,70.61000061035156,72.29000091552734,8156400
2026-03-24,71.7225570678711,72.80000305175781,73.27999877929688,70.25,71.0,8527900
2026-03-25,71.11173248291016,72.18000030517578,73.37999725341797,71.44000244140625,72.73999786376953,5363400
2026-03-26,70.12652587890625,71.18000030517578,72.62999725341797,71.0199966430664,72.0199966430664,4129100
2026-03-27,69.04280853271484,70.08000183105469,71.43000030517578,69.66999816894531,71.0999984741211,6105500
2026-03-30,69.10191345214844,70.13999938964844,71.45999908447266,69.51000213623047,71.12999725341797,7306200
2026-03-31,70.75704956054688,71.81999969482422,72.19999694824219,70.25,70.4000015258789,7718600
2026-04-01,71.4171371459961,72.48999786376953,72.75,71.81999969482422,72.05999755859375,5099600
2026-04-02,72.40233612060547,73.48999786376953,73.68000030517578,72.12000274658203,72.5,6034300
2026-04-06,72.19544219970703,73.27999877929688,73.75,72.0999984741211,73.48999786376953,4948700
2026-04-07,77.06233978271484,78.22000122070312,78.58999633789062,75.44000244140625,77.41999816894531,16422500
2026-04-08,77.6239013671875,78.79000091552734,78.86000061035156,77.72000122070312,78.63999938964844,6758600
2026-04-09,77.67315673828125,78.83999633789062,79.55999755859375,78.30999755859375,78.76000213623047,5160900
2026-04-10,78.1559066772461,79.33000183105469,79.45999908447266,78.44000244140625,78.9800033569336,6857800
2026-04-13,76.93425750732422,78.08999633789062,78.81999969482422,77.54000091552734,78.13999938964844,6714700
2026-04-14,76.47122192382812,77.62000274658203,78.9800033569336,77.55999755859375,77.9000015258789,6105000
2026-04-15,73.88013458251953,74.98999786376953,77.44999694824219,74.87000274658203,77.1500015258789,8660900
2026-04-16,75.65349578857422,76.79000091552734,76.80999755859375,74.77999877929688,74.9000015258789,10594500
2026-04-17,76.15595245361328,77.30000305175781,77.79000091552734,76.23999786376953,76.69000244140625,8683700
2026-04-20,75.44660949707031,76.58000183105469,77.30999755859375,76.29000091552734,77.0,7439700
2026-04-21,76.21505737304688,77.36000061035156,79.05000305175781,76.5999984741211,78.98999786376953,7442500
2026-04-22,75.298828125,76.43000030517578,78.30000305175781,76.30999755859375,77.9000015258789,5148000
2026-04-23,78.37478637695312,78.86000061035156,79.63999938964844,76.0999984741211,76.0999984741211,9017500
2026-04-24,77.46044921875,77.94000244140625,79.04000091552734,77.45999908447266,78.87999725341797,7374300
2026-04-27,77.87786102294922,78.36000061035156,78.66999816894531,77.61000061035156,77.86000061035156,5735100
2026-04-28,80.48174285888672,80.9800033569336,81.37000274658203,79.04000091552734,79.18000030517578,8307000
2026-04-29,83.38377380371094,83.9000015258789,83.93000030517578,81.0,81.22000122070312,7609600
2026-04-30,82.77752685546875,83.29000091552734,83.8499984741211,82.33000183105469,83.83000183105469,8332100
2026-05-01,81.58490753173828,82.08999633789062,83.73999786376953,82.06999969482422,83.44999694824219,4941900
2026-05-04,81.50540161132812,82.01000213623047,83.0199966430664,81.68000030517578,82.30000305175781,5375700
2026-05-05,80.19352722167969,80.69000244140625,82.30000305175781,80.4000015258789,82.05999755859375,7304700
2026-05-06,86.3255615234375,86.86000061035156,88.62999725341797,85.12000274658203,85.51000213623047,15185200
2026-05-07,86.8224868774414,87.36000061035156,87.98999786376953,86.22000122070312,87.0,9388700
2026-05-08,89.99285888671875,90.55000305175781,90.88999938964844,87.36000061035156,88.0,11162700
2026-05-11,91.65258026123047,92.22000122070312,92.7699966430664,90.62999725341797,91.16000366210938,12024400
2026-05-12,94.5645523071289,95.1500015258789,95.36000061035156,91.5,92.22000122070312,12802600
2026-05-13,97.50634002685547,98.11000061035156,98.22000122070312,94.30000305175781,95.5,12552700
2026-05-14,96.55225372314453,97.1500015258789,98.43000030517578,96.58000183105469,98.31999969482422,9299200
2026-05-15,95.30000305175781,95.88999938964844,97.87000274658203,95.83999633789062,97.5,8798400
2026-05-18,95.39938354492188,95.98999786376953,96.44999694824219,94.87999725341797,95.69999694824219,7208400
2026-05-19,93.60052490234375,94.18000030517578,95.45999908447266,93.91999816894531,95.20999908447266,12935800
2026-05-20,92.70606231689453,93.27999877929688,96.37000274658203,93.0,95.18000030517578,7886200
2026-05-21,92.74581146240234,93.31999969482422,93.93000030517578,92.55999755859375,93.16000366210938,6479000
2026-05-22,92.68618774414062,93.26000213623047,94.1500015258789,93.0,93.29000091552734,4838500
2026-05-26,90.1717529296875,90.7300033569336,93.51000213623047,90.70999908447266,93.05999755859375,5623600
2026-05-27,91.50350189208984,92.06999969482422,92.08999633789062,90.6500015258789,90.98999786376953,5402900
2026-05-28,92.3979721069336,92.97000122070312,94.18000030517578,91.9800033569336,92.20999908447266,6901300
2026-05-29,90.42021179199219,90.9800033569336,93.58000183105469,90.56999969482422,92.66999816894531,9729500
2026-06-01,90.06243133544922,90.62000274658203,91.8499984741211,90.19000244140625,91.12999725341797,5153800
2026-06-02,88.9493179321289,89.5,91.19999694824219,89.41999816894531,90.55000305175781,5652000
2026-06-03,90.80781555175781,91.37000274658203,93.31999969482422,90.0,90.05000305175781,7581500
2026-06-04,94.23658752441406,94.81999969482422,94.87000274658203,93.0,93.55000305175781,12339800
2026-06-05,95.33975219726562,95.93000030517578,96.62999725341797,94.97000122070312,94.97000122070312,9704800
2026-06-08,96.48268127441406,97.08000183105469,97.2699966430664,94.88999938964844,95.94999694824219,6082300
2026-06-09,96.46279907226562,97.05999755859375,97.5199966430664,95.91999816894531,96.69999694824219,6175600
2026-06-10,97.4168930053711,98.0199966430664,98.61000061035156,96.12999725341797,97.76000213623047,8732700
2026-06-11,99.86176300048828,100.4800033569336,100.55000305175781,97.0999984741211,98.23999786376953,14115900
2026-06-12,101.33264923095703,101.95999908447266,102.7699966430664,100.01000213623047,100.88999938964844,11178400
2026-06-15,100.06053161621094,100.68000030517578,101.37999725341797,98.87000274658203,100.86000061035156,7417100
2026-06-16,100.10028076171875,100.72000122070312,101.0,98.75,100.7300033569336,5057900
2026-06-17,98.54988861083984,99.16000366210938,100.7699966430664,98.55999755859375,100.30999755859375,6077900
2026-06-18,97.71504974365234,98.31999969482422,99.22000122070312,97.83999633789062,99.16000366210938,21578800
2026-06-22,100.67671966552734,101.30000305175781,103.12000274658203,99.0,99.79000091552734,9810600
2026-06-23,100.94505310058594,101.56999969482422,102.05000305175781,100.79000091552734,101.55999755859375,6435000
2026-06-24,101.24320983886719,101.87000274658203,102.41000366210938,99.80999755859375,101.87000274658203,8491200
2026-06-25,104.01604461669922,104.66000366210938,104.94000244140625,102.27999877929688,102.27999877929688,8919500
2026-06-26,103.69800567626953,104.33999633789062,106.1500015258789,103.55000305175781,104.86000061035156,9690500
2026-06-29,102.94268798828125,103.58000183105469,104.33999633789062,103.04000091552734,103.80000305175781,4788400
2026-06-30,102.81348419189453,103.44999694824219,104.66999816894531,102.69000244140625,104.06999969482422,5623500
2026-07-01,104.16511535644531,104.80999755859375,104.87000274658203,102.76000213623047,103.41000366210938,7508100
2026-07-02,104.07567596435547,104.72000122070312,105.2300033569336,103.22000122070312,104.58000183105469,5522600
2026-07-06,101.45191955566406,102.08000183105469,105.37999725341797,101.77999877929688,105.08999633789062,5709600
2026-07-07,103.68807220458984,104.33000183105469,104.5199966430664,102.4000015258789,103.6500015258789,4967000
2026-07-08,103.82720947265625,104.47000122070312,105.69000244140625,103.75,104.31999969482422,4766300
2026-07-09,102.17742156982422,102.80999755859375,105.1500015258789,102.33999633789062,104.7699966430664,8474200
2026-07-10,103.5091781616211,104.1500015258789,105.45999908447266,102.4000015258789,103.69000244140625,9356300
2026-07-13,105.2484130859375,105.9000015258789,106.4000015258789,104.62000274658203,105.0,7264400
2026-07-14,105.52668762207031,106.18000030517578,106.93000030517578,105.0999984741211,106.58999633789062,11396100
2026-07-15,105.25835418701172,105.91000366210938,107.94000244140625,103.55999755859375,105.54000091552734,6939400
2026-07-16,105.84471893310547,106.5,108.66999816894531,105.68000030517578,108.12000274658203,12025100
2026-07-17,106.80875396728516,107.47000122070312,108.97000122070312,106.61000061035156,107.36000061035156,6608700
2026-07-20,106.94789123535156,107.61000061035156,108.9000015258789,107.12999725341797,107.30999755859375,6628800
2026-07-21,109.91949462890625,110.5999984741211,110.62000274658203,107.30000305175781,107.83999633789062,9856300
2026-07-22,107.41500091552734,108.08000183105469,110.68000030517578,107.87000274658203,110.2300033569336,9536300
2026-07-23,106.88999938964844,106.88999938964844,107.55000305175781,106.0,107.2699966430664,5823900
2026-07-24,107.73999786376953,107.73999786376953,108.38999938964844,106.91000366210938,107.6500015258789,5370500
2026-07-27,107.06999969482422,107.06999969482422,107.87999725341797,105.36000061035156,107.41000366210938,7857400
2026-07-28,109.33999633789062,109.33999633789062,109.58999633789062,107.08000183105469,107.97000122070312,6681700
2026-07-29,105.91999816894531,105.91999816894531,110.0,105.83999633789062,110.0,7717700
2026-07-30,105.22000122070312,105.22000122070312,105.4800033569336,103.01000213623047,105.0,7738000
2026-07-31,104.43000030517578,104.43000030517578,105.7699966430664,104.30999755859375,105.48999786376953,7081300
2026-08-03,105.37000274658203,105.37000274658203,105.69000244140625,104.25,105.36000061035156,5377300
2026-08-04,104.41999816894531,104.41999816894531,105.0,103.2699966430664,105.0,7229200
2026-08-05,99.12000274658203,99.12000274658203,100.55000305175781,93.5,93.72000122070312,18514600
2026-08-06,96.22000122070312,96.22000122070312,101.0,96.0999984741211,100.9800033569336,10583000
2026-08-07,95.69999694824219,95.69999694824219,96.27999877929688,94.56999969482422,95.19999694824219,12403400
2026-08-10,95.66999816894531,95.66999816894531,96.33999633789062,94.68000030517578,95.33000183105469,7025200
2026-08-11,93.5,93.5,96.36000061035156,93.01000213623047,95.47000122070312,8122800
2026-08-12,94.72000122070312,94.72000122070312,95.1500015258789,93.1500015258789,93.75,8257500
2026-08-13,94.98999786376953,94.98999786376953,96.12000274658203,94.48999786376953,95.44000244140625,6493200
2026-08-14,97.16000366210938,97.16000366210938,97.51000213623047,94.41000366210938,94.5999984741211,9439300
2026-08-17,94.01000213623047,94.01000213623047,96.5,93.73999786376953,96.29000091552734,7298800
2026-08-18,94.91000366210938,94.91000366210938,95.25,93.88999938964844,94.37000274658203,6855100
2026-08-19,93.6500015258789,93.6500015258789,95.91000366210938,93.26000213623047,95.41000366210938,6351200
2026-08-20,93.6500015258789,93.6500015258789,94.26000213623047,93.20999908447266,93.2300033569336,6439600
2026-08-21,93.0199966430664,93.0199966430664,94.38999938964844,92.3499984741211,94.0,5591900
2026-08-24,94.11000061035156,94.11000061035156,94.19000244140625,92.54000091552734,93.1500015258789,9230700
2026-08-25,92.9000015258789,92.9000015258789,94.11000061035156,92.70999908447266,94.11000061035156,4102000
2026-08-26,94.31999969482422,94.31999969482422,94.86000061035156,92.91000366210938,93.1500015258789,6160800
2026-08-27,92.91999816894531,92.91999816894531,94.1500015258789,92.8499984741211,93.5999984741211,4327700
2026-08-28,93.05999755859375,93.05999755859375,93.93000030517578,93.01000213623047,93.4000015258789,3993100
2026-08-31,93.91000366210938,93.91000366210938,94.37000274658203,92.8499984741211,93.22000122070312,10674700
2026-09-01,97.5999984741211,97.5999984741211,97.61000061035156,94.68000030517578,94.98999786376953,8611400
2026-09-02,97.2300033569336,97.2300033569336,98.5,96.9000015258789,97.81999969482422,5401700
2026-09-03,97.19999694824219,97.19999694824219,98.06999969482422,95.66999816894531,97.0999984741211,4783100
2026-09-04,96.73999786376953,96.73999786376953,97.69000244140625,96.29000091552734,96.58999633789062,4498100
2026-09-08,96.06999969482422,96.06999969482422,96.7300033569336,95.23999786376953,95.83000183105469,4195900
2026-09-09,95.37999725341797,95.37999725341797,97.9800033569336,92.79000091552734,97.38999938964844,6112000
2026-09-10,95.41999816894531,95.41999816894531,97.30000305175781,94.88999938964844,96.01000213623047,1104676
