Price,Adj Close,Close,High,Low,Open,Volume
Ticker,CVX,CVX,CVX,CVX,CVX,CVX
Date,,,,,,
2021-09-10,78.61978149414062,96.06999969482422,97.69999694824219,95.88999938964844,97.5999984741211,11006000
2021-09-13,80.17469024658203,97.97000122070312,98.70999908447266,97.05999755859375,97.20999908447266,11500900
2021-09-14,78.7261962890625,96.19999694824219,98.73999786376953,95.9800033569336,98.37999725341797,15294100
2021-09-15,80.39566040039062,98.23999786376953,98.52999877929688,96.98999786376953,96.98999786376953,11623400
2021-09-16,79.64276885986328,97.31999969482422,98.58999633789062,96.91000366210938,98.31999969482422,10616700
2021-09-17,79.18447875976562,96.76000213623047,98.37999725341797,96.37000274658203,97.11000061035156,16006100
2021-09-20,77.56412506103516,94.77999877929688,95.25,93.30999755859375,94.63999938964844,15796100
2021-09-21,77.62140655517578,94.8499984741211,95.88999938964844,94.02999877929688,95.56999969482422,10958400
2021-09-22,79.90464782714844,97.63999938964844,98.77999877929688,96.23999786376953,96.23999786376953,13292800
2021-09-23,81.88507080078125,100.05999755859375,100.2699966430664,97.75,98.23999786376953,10094900
2021-09-24,82.32698059082031,100.5999984741211,100.97000122070312,99.6500015258789,99.6500015258789,8225300
2021-09-27,84.2665023803711,102.97000122070312,103.77999877929688,102.58999633789062,102.58999633789062,12697500
2021-09-28,84.58563995361328,103.36000061035156,104.88999938964844,102.87999725341797,103.91000366210938,15560800
2021-09-29,84.56109619140625,103.33000183105469,104.23999786376953,102.33999633789062,103.20999908447266,10268100
2021-09-30,83.02256774902344,101.44999694824219,103.44999694824219,101.44999694824219,103.41999816894531,15319800
2021-10-01,85.37946319580078,104.33000183105469,104.54000091552734,101.87999725341797,102.22000122070312,10854900
2021-10-04,85.69861602783203,104.72000122070312,105.86000061035156,104.11000061035156,105.0,13305400
2021-10-05,86.63156127929688,105.86000061035156,107.7699966430664,105.41999816894531,106.04000091552734,13017300
2021-10-06,85.87046813964844,104.93000030517578,105.3499984741211,103.58000183105469,104.18000030517578,10630100
2021-10-07,86.48423767089844,105.68000030517578,106.30000305175781,105.22000122070312,105.61000061035156,8830900
2021-10-08,88.42375183105469,108.05000305175781,108.43000030517578,106.5999984741211,106.80999755859375,10586700
2021-10-11,87.67086029052734,107.12999725341797,109.62999725341797,106.91999816894531,109.55999755859375,9794800
2021-10-12,87.68724060058594,107.1500015258789,107.58000183105469,106.16999816894531,106.98999786376953,9085000
2021-10-13,88.21099090576172,107.79000091552734,108.33999633789062,106.4800033569336,106.7699966430664,9220700
2021-10-14,89.04570007324219,108.80999755859375,109.16000366210938,108.11000061035156,108.87999725341797,7648600
2021-10-15,89.70040893554688,109.61000061035156,110.02999877929688,109.43000030517578,109.7699966430664,9968100
2021-10-18,89.65948486328125,109.55999755859375,110.41000366210938,108.95999908447266,110.22000122070312,10677400
2021-10-19,91.41075897216797,111.69999694824219,111.69999694824219,109.80000305175781,110.16000366210938,10362800
2021-10-20,92.60558319091797,113.16000366210938,113.16999816894531,110.77999877929688,111.08999633789062,10811400
2021-10-21,91.44349670410156,111.73999786376953,112.80999755859375,110.87000274658203,112.70999908447266,9372600
2021-10-22,92.31096649169922,112.80000305175781,112.87999725341797,111.44999694824219,112.22000122070312,8673800
2021-10-25,93.17024993896484,113.8499984741211,114.3499984741211,113.30000305175781,113.52999877929688,9579800
2021-10-26,93.37481689453125,114.0999984741211,114.5999984741211,113.51000213623047,113.9800033569336,7463000
2021-10-27,91.71356964111328,112.06999969482422,113.58000183105469,111.6500015258789,113.22000122070312,9096100
2021-10-28,92.57283782958984,113.12000274658203,113.2699966430664,111.58000183105469,111.58000183105469,7538200
2021-10-29,93.69397735595703,114.48999786376953,115.29000091552734,113.1500015258789,114.83000183105469,15294200
2021-11-01,93.72671508789062,114.52999877929688,115.08999633789062,114.05000305175781,115.02999877929688,11213800
2021-11-02,93.15387725830078,113.83000183105469,114.19000244140625,113.20999908447266,114.18000030517578,9189700
2021-11-03,92.48282623291016,113.01000213623047,113.2699966430664,111.97000122070312,112.2699966430664,10416000
2021-11-04,92.8919906616211,113.51000213623047,114.26000213623047,112.91000366210938,114.22000122070312,9673000
2021-11-05,93.89859771728516,114.73999786376953,115.05000305175781,113.93000030517578,114.2699966430664,8102100
2021-11-08,94.23412322998047,115.1500015258789,115.98999786376953,114.69000244140625,115.08999633789062,7695900
2021-11-09,94.9297103881836,116.0,116.12000274658203,114.45999908447266,115.2699966430664,10945900
2021-11-10,93.41575622558594,114.1500015258789,116.20999908447266,113.66000366210938,115.76000213623047,10305100
2021-11-11,93.42394256591797,114.16000366210938,114.66999816894531,113.56999969482422,113.5999984741211,7317500
2021-11-12,93.4812240600586,114.2300033569336,114.30999755859375,113.58999633789062,113.80000305175781,8682800
2021-11-15,95.60076141357422,116.81999969482422,116.94999694824219,114.2699966430664,114.94999694824219,11050400
2021-11-16,95.97721099853516,117.27999877929688,118.08000183105469,116.86000061035156,117.11000061035156,10566300
2021-11-17,95.5467529296875,115.41999816894531,116.52999877929688,114.66000366210938,114.87000274658203,11108000
2021-11-18,94.74376678466797,114.44999694824219,115.37999725341797,113.41000366210938,114.8499984741211,8368600
2021-11-19,92.64110565185547,111.91000366210938,113.1500015258789,111.0999984741211,112.51000213623047,13532600
2021-11-22,94.2967529296875,113.91000366210938,115.19000244140625,111.8499984741211,112.0199966430664,9947100
2021-11-23,96.2752456665039,116.30000305175781,116.83999633789062,115.05999755859375,115.19000244140625,10366800
2021-11-24,97.01200866699219,117.19000244140625,118.0,116.68000030517578,116.80999755859375,8500900
2021-11-26,94.79345703125,114.51000213623047,114.83000183105469,112.62999725341797,113.3499984741211,11861800
2021-11-29,95.07489776611328,114.8499984741211,117.16999816894531,114.70999908447266,116.33999633789062,12003800
2021-11-30,93.43582916259766,112.87000274658203,115.86000061035156,112.44000244140625,113.44999694824219,24451200
2021-12-01,92.79840087890625,112.0999984741211,116.05999755859375,112.08999633789062,114.94999694824219,12302700
2021-12-02,95.3149642944336,115.13999938964844,115.69999694824219,111.93000030517578,113.25,11392400
2021-12-03,94.71065521240234,114.41000366210938,117.0,113.58999633789062,116.73999786376953,10445100
2021-12-06,96.19244384765625,116.19999694824219,117.44999694824219,115.05000305175781,115.95999908447266,9833900
2021-12-07,97.61630249023438,117.91999816894531,118.66000366210938,117.23999786376953,117.23999786376953,11419600
2021-12-08,98.05504608154297,118.44999694824219,119.26000213623047,117.66000366210938,118.38999938964844,8827900
2021-12-09,97.79843139648438,118.13999938964844,118.5999984741211,117.58000183105469,117.8499984741211,8334700
2021-12-10,97.9639663696289,118.33999633789062,119.19999694824219,116.87000274658203,118.93000030517578,9090700
2021-12-13,95.92755889892578,115.87999725341797,117.8499984741211,115.61000061035156,117.45999908447266,8533000
2021-12-14,96.2090072631836,116.22000122070312,116.91999816894531,115.47000122070312,115.73999786376953,12245300
2021-12-15,95.66265106201172,115.55999755859375,116.31999969482422,113.94999694824219,116.31999969482422,11069500
2021-12-16,96.55669403076172,116.63999938964844,118.19000244140625,115.91999816894531,116.19000244140625,11344700
2021-12-17,94.0401382446289,113.5999984741211,116.45999908447266,113.52999877929688,115.91999816894531,22727900
2021-12-20,94.08151245117188,113.6500015258789,113.70999908447266,110.7300033569336,111.86000061035156,13464400
2021-12-21,95.58815002441406,115.47000122070312,116.06999969482422,114.29000091552734,114.43000030517578,11368200
2021-12-22,96.13451385498047,116.12999725341797,116.68000030517578,114.41000366210938,115.41999816894531,8345200
2021-12-23,96.36629486083984,116.41000366210938,117.91999816894531,116.4000015258789,116.51000213623047,7416600
2021-12-27,98.33650207519531,118.79000091552734,118.81999969482422,115.41000366210938,116.06999969482422,7745500
2021-12-28,98.14610290527344,118.55999755859375,119.33999633789062,118.04000091552734,118.66000366210938,6516000
2021-12-29,97.64115142822266,117.94999694824219,118.6500015258789,117.29000091552734,118.08000183105469,6957400
2021-12-30,97.21066284179688,117.43000030517578,118.69000244140625,117.33999633789062,118.12999725341797,6016000
2021-12-31,97.14444732666016,117.3499984741211,118.08999633789062,117.12999725341797,117.37999725341797,5706600
2022-01-03,98.72557067871094,119.26000213623047,119.69000244140625,117.29000091552734,117.41999816894531,10717700
2022-01-04,100.52194213867188,121.43000030517578,121.9800033569336,119.66000366210938,119.94999694824219,16413100
2022-01-05,101.17591857910156,122.22000122070312,123.83999633789062,122.06999969482422,122.23999786376953,15487100
2022-01-06,102.03684997558594,123.26000213623047,124.31999969482422,121.63999938964844,123.62000274658203,13318500
2022-01-07,103.50208282470703,125.02999877929688,125.54000091552734,122.94999694824219,123.55000305175781,14164600
2022-01-10,103.56830596923828,125.11000061035156,125.69000244140625,123.86000061035156,125.1500015258789,12626100
2022-01-11,105.93588256835938,127.97000122070312,128.0,124.83000183105469,125.86000061035156,14609000
2022-01-12,105.40607452392578,127.33000183105469,128.42999267578125,126.47000122070312,127.98999786376953,12469200
2022-01-13,104.96735382080078,126.80000305175781,128.10000610351562,126.44999694824219,127.13999938964844,9691300
2022-01-14,106.75541687011719,128.9600067138672,129.1999969482422,126.76000213623047,126.76000213623047,13281000
2022-01-18,107.10308074951172,129.3800048828125,130.0,127.87000274658203,129.69000244140625,12905500
2022-01-19,106.71402740478516,128.91000366210938,130.14999389648438,128.5399932861328,129.9499969482422,12064300
2022-01-20,106.33323669433594,128.4499969482422,130.86000061035156,127.87999725341797,128.27000427246094,11370400
2022-01-21,105.05838012695312,126.91000366210938,128.39999389648438,126.2300033569336,127.76000213623047,13055700
2022-01-24,105.28190612792969,127.18000030517578,127.7300033569336,122.83999633789062,124.44999694824219,19513700
2022-01-25,109.7603988647461,132.58999633789062,132.74000549316406,125.2699966430664,127.12000274658203,19984500
2022-01-26,109.84317016601562,132.69000244140625,134.7100067138672,131.58999633789062,132.89999389648438,17266500
2022-01-27,112.06173706054688,135.3699951171875,137.0,133.58999633789062,134.4499969482422,20654100
2022-01-28,108.12132263183594,130.61000061035156,132.05999755859375,128.07000732421875,130.0,24817800
2022-01-31,108.71733856201172,131.3300018310547,131.86000061035156,129.3300018310547,130.19000244140625,16401800
2022-02-01,111.58158111572266,134.7899932861328,135.74000549316406,130.50999450683594,130.8300018310547,16169700
2022-02-02,112.09483337402344,135.41000366210938,135.8000030517578,132.8000030517578,134.35000610351562,10906700
2022-02-03,111.0931625366211,134.1999969482422,135.35000610351562,133.19000244140625,134.85000610351562,9447700
2022-02-04,112.48393249511719,135.8800048828125,137.0,135.00999450683594,135.00999450683594,13034700
2022-02-07,114.69418334960938,138.5500030517578,139.42999267578125,134.8300018310547,135.33999633789062,18422500
2022-02-08,112.9474868774414,136.44000244140625,138.42999267578125,135.00999450683594,138.17999267578125,11021600
2022-02-09,114.06505584716797,137.7899932861328,138.33999633789062,136.10000610351562,136.72000122070312,10140800
2022-02-10,112.61634826660156,136.0399932861328,138.7899932861328,135.38999938964844,137.55999755859375,11012700
2022-02-11,114.90940856933594,138.80999755859375,139.44000244140625,136.27999877929688,136.86000061035156,12821200
2022-02-14,113.13789367675781,136.6699981689453,138.0500030517578,135.0500030517578,137.94000244140625,15945000
2022-02-15,112.30973815917969,134.25999450683594,134.83999633789062,132.17999267578125,133.0800018310547,11746800
2022-02-16,112.34320068359375,134.3000030517578,136.16000366210938,133.75999450683594,134.9499969482422,11348800
2022-02-17,111.7660140991211,133.61000061035156,134.5800018310547,132.4499969482422,134.1699981689453,10073900
2022-02-18,111.6070556640625,133.4199981689453,133.91000366210938,132.0500030517578,132.82000732421875,10691800
2022-02-22,110.75383758544922,132.39999389648438,137.0,130.52000427246094,137.0,19428700
2022-02-23,113.38884735107422,135.5500030517578,136.0800018310547,132.55999755859375,132.92999267578125,16134200
2022-02-24,112.80329895019531,134.85000610351562,138.22999572753906,131.72000122070312,137.92999267578125,22108900
2022-02-25,117.42919921875,140.3800048828125,140.5,135.42999267578125,135.9600067138672,28028000
2022-02-28,120.45733642578125,144.0,144.0,138.64999389648438,139.27000427246094,24394300
2022-03-01,125.2421646118164,149.72000122070312,149.9600067138672,144.6999969482422,145.00999450683594,31159900
2022-03-02,128.9395294189453,154.13999938964844,155.75,150.0500030517578,150.1999969482422,31329500
2022-03-03,130.67947387695312,156.22000122070312,157.1199951171875,151.75,152.25999450683594,22492900
2022-03-04,132.7122344970703,158.64999389648438,159.9499969482422,155.08999633789062,155.7899932861328,29034400
2022-03-07,135.5479736328125,162.0399932861328,162.10000610351562,155.72000122070312,159.89999389648438,34824700
2022-03-08,142.6499481201172,170.52999877929688,174.0,164.10000610351562,164.30999755859375,57231000
2022-03-09,139.08641052246094,166.27000427246094,169.77000427246094,161.2100067138672,162.77000427246094,43430000
2022-03-10,142.89254760742188,170.82000732421875,174.75999450683594,168.2899932861328,168.74000549316406,34913600
2022-03-11,142.9594268798828,170.89999389648438,172.97999572753906,165.8800048828125,165.88999938964844,28423600
2022-03-14,139.46286010742188,166.72000122070312,168.35000610351562,164.3000030517578,166.2100067138672,25156200
2022-03-15,132.4027099609375,158.27999877929688,160.19000244140625,155.25999450683594,159.11000061035156,28534400
2022-03-16,131.92588806152344,157.7100067138672,160.5,156.2100067138672,158.7899932861328,22299700
2022-03-17,134.20953369140625,160.44000244140625,160.99000549316406,157.9199981689453,159.9499969482422,15750700
2022-03-18,135.28866577148438,161.72999572753906,161.72999572753906,158.77999877929688,160.88999938964844,23214700
2022-03-21,137.72291564941406,164.63999938964844,165.5800018310547,162.72000122070312,163.02000427246094,13180600
2022-03-22,137.2628631591797,164.08999633789062,165.25999450683594,162.5800018310547,163.69000244140625,11063900
2022-03-23,138.74343872070312,165.86000061035156,167.35000610351562,164.94000244140625,166.0,10755000
2022-03-24,139.11151123046875,166.3000030517578,167.39999389648438,165.0,166.42999267578125,9024800
2022-03-25,141.62939453125,169.30999755859375,169.69000244140625,165.16000366210938,165.22000122070312,10254700
2022-03-28,139.1533203125,166.35000610351562,166.6300048828125,165.1300048828125,165.89999389648438,9992000
2022-03-29,137.4552459716797,164.32000732421875,164.47999572753906,160.5,163.50999450683594,15102600
2022-03-30,138.4255828857422,165.47999572753906,166.35000610351562,163.66000366210938,165.24000549316406,9906000
2022-03-31,136.2088165283203,162.8300018310547,166.16000366210938,162.72000122070312,163.47000122070312,10395900
2022-04-01,137.3715362548828,164.22000122070312,165.9499969482422,162.3300018310547,162.77999877929688,8795300
2022-04-04,137.49700927734375,164.3699951171875,165.4499969482422,163.0,165.0,8718600
2022-04-05,136.6521759033203,163.36000061035156,167.72000122070312,163.10000610351562,165.02999877929688,9538200
2022-04-06,137.86509704589844,164.80999755859375,167.00999450683594,164.3300018310547,164.8300018310547,9269000
2022-04-07,139.78073120117188,167.10000610351562,167.6999969482422,163.4199981689453,165.10000610351562,8018400
2022-04-08,142.14801025390625,169.92999267578125,171.10000610351562,167.02000427246094,167.0500030517578,10801200
2022-04-11,138.4924774169922,165.55999755859375,168.77999877929688,164.91000366210938,168.57000732421875,10206100
2022-04-12,141.37841796875,169.00999450683594,172.67999267578125,168.14999389648438,168.97000122070312,9528400
2022-04-13,143.6035614013672,171.6699981689453,172.0800018310547,168.2899932861328,170.92999267578125,7330700
2022-04-14,143.53663635253906,171.58999633789062,172.94000244140625,170.55999755859375,170.69000244140625,9421100
2022-04-18,145.46063232421875,173.88999938964844,174.5399932861328,171.8699951171875,173.0,7639000
2022-04-19,143.73739624023438,171.8300018310547,173.69000244140625,171.02999877929688,173.0800018310547,6970200
2022-04-20,144.32293701171875,172.52999877929688,173.5800018310547,171.4600067138672,171.6199951171875,7495000
2022-04-21,137.6727294921875,164.5800018310547,172.44000244140625,163.8300018310547,171.74000549316406,14594800
2022-04-22,134.63616943359375,160.9499969482422,165.47000122070312,160.86000061035156,164.3800048828125,12160100
2022-04-25,131.7418670654297,157.49000549316406,158.36000061035156,151.36000061035156,155.72999572753906,15449800
2022-04-26,130.93882751464844,156.52999877929688,160.3699951171875,156.38999938964844,158.82000732421875,9810600
2022-04-27,130.6962127685547,156.24000549316406,157.9199981689453,154.52000427246094,157.0800018310547,10396600
2022-04-28,135.3388214111328,161.7899932861328,163.0,154.92999267578125,157.4499969482422,9366400
2022-04-29,131.05592346191406,156.6699981689453,162.44000244140625,156.2899932861328,161.27999877929688,14713200
2022-05-02,133.63233947753906,159.75,160.0,155.14999389648438,156.30999755859375,11559000
2022-05-03,135.9243927001953,162.49000549316406,163.42999267578125,159.25999450683594,159.57000732421875,8827200
2022-05-04,140.19053649902344,167.58999633789062,167.88999938964844,163.47000122070312,164.97000122070312,9183200
2022-05-05,139.0780487060547,166.25999450683594,169.5,162.64999389648438,169.25999450683594,9807600
2022-05-06,142.78378295898438,170.69000244140625,170.97000122070312,165.4199981689453,168.27000427246094,10418100
2022-05-09,133.21409606933594,159.25,167.75,158.47999572753906,167.75,14110700
2022-05-10,134.49395751953125,160.77999877929688,164.19000244140625,157.8699951171875,162.2100067138672,11636000
2022-05-11,136.48486328125,163.16000366210938,167.4600067138672,162.50999450683594,163.5800018310547,9105500
2022-05-12,137.78146362304688,164.7100067138672,164.85000610351562,158.86000061035156,163.22000122070312,8936400
2022-05-13,140.42483520507812,167.8699951171875,168.7899932861328,164.8800048828125,166.5,9229900
2022-05-16,144.72447204589844,173.00999450683594,174.97000122070312,168.86000061035156,169.0,13296300
2022-05-17,145.57774353027344,174.02999877929688,175.64999389648438,172.61000061035156,174.83999633789062,12827600
2022-05-18,141.7403106689453,168.05999755859375,174.1300048828125,165.7899932861328,174.1199951171875,13107500
2022-05-19,140.7282257080078,166.86000061035156,169.63999938964844,162.8300018310547,164.6300048828125,10958700
2022-05-20,141.5378875732422,167.82000732421875,171.0399932861328,164.08999633789062,168.8800048828125,9615000
2022-05-23,144.82708740234375,171.72000122070312,172.9600067138672,169.11000061035156,169.42999267578125,10216400
2022-05-24,145.60304260253906,172.63999938964844,173.5800018310547,169.80999755859375,170.69000244140625,9782700
2022-05-25,147.939208984375,175.41000366210938,175.99000549316406,172.97000122070312,173.13999938964844,10174500
2022-05-26,148.9343719482422,176.58999633789062,177.92999267578125,175.00999450683594,176.49000549316406,11213900
2022-05-27,150.35977172851562,178.27999877929688,178.35000610351562,175.69000244140625,176.52000427246094,10512300
2022-05-31,147.30665588378906,174.66000366210938,180.9600067138672,173.47000122070312,179.9600067138672,20547600
2022-06-01,148.70668029785156,176.32000732421875,178.1300048828125,174.94000244140625,176.72999572753906,8824100
2022-06-02,148.4368133544922,176.0,176.50999450683594,174.10000610351562,174.74000549316406,7441900
2022-06-03,149.78623962402344,177.60000610351562,178.25,176.0,176.0,8435300
2022-06-06,149.13681030273438,176.8300018310547,178.0,175.50999450683594,177.89999389648438,6734200
2022-06-07,151.97906494140625,180.1999969482422,180.66000366210938,176.9199981689453,177.47000122070312,9668300
2022-06-08,152.76344299316406,181.1300048828125,182.39999389648438,180.25,180.9499969482422,8715200
2022-06-09,149.7187957763672,177.52000427246094,180.63999938964844,177.38999938964844,180.02999877929688,9764600
2022-06-10,147.93077087402344,175.39999389648438,178.57000732421875,173.64999389648438,176.3699951171875,9529700
2022-06-13,141.1246337890625,167.3300018310547,172.0,164.05999755859375,171.61000061035156,14614900
2022-06-14,141.3101806640625,167.5500030517578,172.2899932861328,165.83999633789062,169.3699951171875,10269300
2022-06-15,138.53538513183594,164.25999450683594,167.85000610351562,161.94000244140625,166.77999877929688,11565300
2022-06-16,131.1304168701172,155.47999572753906,160.5399932861328,153.75,159.94000244140625,18125900
2022-06-17,125.14236450195312,148.3800048828125,155.47000122070312,145.7899932861328,154.8800048828125,35575100
2022-06-21,130.37979125976562,154.58999633789062,156.02000427246094,151.44000244140625,152.0500030517578,13772000
2022-06-22,124.71221923828125,147.8699951171875,150.8000030517578,146.3300018310547,148.07000732421875,13735800
2022-06-23,120.1241683959961,142.42999267578125,149.22999572753906,140.14999389648438,148.7899932861328,15713700
2022-06-24,122.09772491455078,144.77000427246094,147.08999633789062,142.60000610351562,145.1999969482422,11108300
2022-06-27,124.4592056274414,147.57000732421875,148.82000732421875,145.60000610351562,145.86000061035156,9242400
2022-06-28,126.45804595947266,149.94000244140625,152.19000244140625,148.11000061035156,150.8800048828125,9183300
2022-06-29,123.96163177490234,146.97999572753906,152.11000061035156,146.08999633789062,151.6300048828125,9082900
2022-06-30,122.10615539550781,144.77999877929688,147.9199981689453,143.41000366210938,144.5500030517578,10685000
2022-07-01,123.56521606445312,146.50999450683594,146.9600067138672,142.47000122070312,146.60000610351562,7684600
2022-07-05,120.31813049316406,142.66000366210938,144.5399932861328,139.41000366210938,143.64999389648438,11513100
2022-07-06,118.73258209228516,140.77999877929688,143.25999450683594,136.8000030517578,141.66000366210938,12421200
2022-07-07,121.04347229003906,143.52000427246094,145.3000030517578,143.0800018310547,144.10000610351562,12741800
2022-07-08,120.41092681884766,142.77000427246094,145.4499969482422,141.08999633789062,144.8800048828125,7915500
2022-07-11,119.34825134277344,141.50999450683594,142.85000610351562,139.92999267578125,141.91000366210938,7056800
2022-07-12,117.16389465332031,138.9199981689453,139.6199951171875,137.25999450683594,138.5,8653900
2022-07-13,116.37952423095703,137.99000549316406,140.72999572753906,137.13999938964844,137.61000061035156,9414600
2022-07-14,114.65057373046875,135.94000244140625,136.16000366210938,132.5399932861328,134.30999755859375,10150200
2022-07-15,116.09278106689453,137.64999389648438,138.9600067138672,136.42999267578125,138.9600067138672,7051900
2022-07-18,117.72052764892578,139.5800018310547,142.13999938964844,139.0800018310547,140.55999755859375,7943900
2022-07-19,121.9627685546875,144.61000061035156,145.00999450683594,139.4199981689453,139.69000244140625,9152100
2022-07-20,123.57366943359375,146.52000427246094,147.25999450683594,143.32000732421875,144.5,7856600
2022-07-21,122.62906646728516,145.39999389648438,145.47000122070312,141.5,143.1199951171875,6724200
2022-07-22,121.60855865478516,144.19000244140625,146.3000030517578,143.4199981689453,145.55999755859375,5889500
2022-07-25,125.2266845703125,148.47999572753906,148.61000061035156,144.17999267578125,145.6999969482422,6210900
2022-07-26,124.2483901977539,147.32000732421875,150.67999267578125,146.52999877929688,149.5,6112800
2022-07-27,125.88453674316406,149.25999450683594,150.1999969482422,146.66000366210938,148.33999633789062,6223000
2022-07-28,126.83756256103516,150.38999938964844,151.47000122070312,148.02999877929688,150.69000244140625,6574300
2022-07-29,138.13055419921875,163.77999877929688,164.66000366210938,155.89999389648438,156.5399932861328,17143700
2022-08-01,135.3726806640625,160.50999450683594,161.86000061035156,159.14999389648438,161.17999267578125,8017800
2022-08-02,134.2172393798828,159.13999938964844,161.47000122070312,158.3000030517578,160.88999938964844,5928300
2022-08-03,131.02920532226562,155.36000061035156,159.9600067138672,154.35000610351562,159.30999755859375,8751400
2022-08-04,127.47012329101562,151.13999938964844,155.44000244140625,150.72999572753906,155.32000732421875,10640000
2022-08-05,129.57858276367188,153.63999938964844,155.00999450683594,149.02000427246094,149.63999938964844,7170200
2022-08-08,129.38461303710938,153.41000366210938,154.97999572753906,153.14999389648438,153.58999633789062,5966900
2022-08-09,131.07138061523438,155.41000366210938,157.8000030517578,154.60000610351562,155.94000244140625,5842200
2022-08-10,131.4171905517578,155.82000732421875,156.47000122070312,152.92999267578125,156.0,6145800
2022-08-11,134.62205505371094,159.6199951171875,161.16000366210938,157.6199951171875,158.11000061035156,7888600
2022-08-12,134.81602478027344,159.85000610351562,159.91000366210938,157.13999938964844,158.25,7244700
2022-08-15,132.2521514892578,156.80999755859375,157.7899932861328,153.44000244140625,155.17999267578125,8975200
2022-08-16,131.914794921875,156.41000366210938,157.9199981689453,155.82000732421875,157.41000366210938,7218400
2022-08-17,133.0027618408203,157.6999969482422,159.33999633789062,155.50999450683594,156.6300048828125,6741100
2022-08-18,135.3346405029297,159.02000427246094,159.66000366210938,157.08999633789062,157.14999389648438,6477500
2022-08-19,134.20272827148438,157.69000244140625,159.74000549316406,157.6199951171875,158.4600067138672,6834200
2022-08-22,133.5303955078125,156.89999389648438,157.74000549316406,154.4199981689453,156.69000244140625,9147000
2022-08-23,137.86224365234375,161.99000549316406,162.33999633789062,158.7100067138672,159.10000610351562,10354800
2022-08-24,138.883544921875,163.19000244140625,163.35000610351562,160.6699981689453,161.66000366210938,9468100
2022-08-25,140.1005401611328,164.6199951171875,164.89999389648438,162.61000061035156,163.9199981689453,8050700
2022-08-26,139.07078552246094,163.41000366210938,166.1300048828125,162.4600067138672,164.17999267578125,7765800
2022-08-29,140.10906982421875,164.6300048828125,166.8300018310547,163.63999938964844,163.88999938964844,8462600
2022-08-30,136.6963348388672,160.6199951171875,162.55999755859375,158.75999450683594,162.32000732421875,8814300
2022-08-31,134.51763916015625,158.05999755859375,161.41000366210938,156.14999389648438,157.61000061035156,13582700
2022-09-01,132.37294006347656,155.5399932861328,156.8800048828125,153.22999572753906,156.47999572753906,8244400
2022-09-02,134.3389129638672,157.85000610351562,159.1300048828125,156.72000122070312,158.24000549316406,7526600
2022-09-06,133.7176513671875,157.1199951171875,159.99000549316406,155.7100067138672,159.88999938964844,8550000
2022-09-07,132.00701904296875,155.11000061035156,155.82000732421875,152.6199951171875,154.05999755859375,9442100
2022-09-08,132.721923828125,155.9499969482422,156.3800048828125,153.3800048828125,155.58999633789062,9232500
2022-09-09,136.1431427001953,159.97000122070312,160.64999389648438,157.52999877929688,158.41000366210938,8261100
2022-09-12,138.29632568359375,162.5,164.52999877929688,161.25,162.80999755859375,8920800
2022-09-13,135.66656494140625,159.41000366210938,162.66000366210938,158.74000549316406,161.41000366210938,10308300
2022-09-14,138.95162963867188,163.27000427246094,163.57000732421875,160.35000610351562,160.94000244140625,11160800
2022-09-15,136.6963348388672,160.6199951171875,161.6999969482422,159.5800018310547,160.67999267578125,9665000
2022-09-16,133.14743041992188,156.4499969482422,161.13999938964844,155.61000061035156,160.52000427246094,43741600
2022-09-19,133.5303955078125,156.89999389648438,156.9499969482422,152.8000030517578,152.92999267578125,6813800
2022-09-20,133.0027618408203,156.27999877929688,156.85000610351562,154.33999633789062,156.0399932861328,8955200
2022-09-21,131.9219207763672,155.00999450683594,158.77999877929688,154.9499969482422,158.30999755859375,6877000
2022-09-22,131.81976318359375,154.88999938964844,158.27999877929688,154.74000549316406,157.60000610351562,6981100
2022-09-23,123.20713806152344,144.77000427246094,150.17999267578125,143.66000366210938,149.75,13919700
2022-09-26,119.96460723876953,140.9600067138672,145.0500030517578,140.88999938964844,143.57000732421875,9444000
2022-09-27,120.01567840576172,141.02000427246094,143.77000427246094,140.4600067138672,142.2899932861328,10121000
2022-09-28,124.0666732788086,145.77999877929688,146.44000244140625,141.39999389648438,142.0800018310547,8279800
2022-09-29,123.20713806152344,144.77000427246094,145.41000366210938,142.27000427246094,144.50999450683594,8197600
2022-09-30,122.27095794677734,143.6699981689453,145.13999938964844,142.49000549316406,144.02999877929688,9402700
2022-10-03,129.13046264648438,151.72999572753906,152.33999633789062,148.3000030517578,148.97000122070312,9597400
2022-10-04,134.1516876220703,157.6300048828125,157.8800048828125,153.6300048828125,154.42999267578125,9520200
2022-10-05,134.91763305664062,158.52999877929688,159.72999572753906,154.8000030517578,155.83999633789062,10633100
2022-10-06,137.37718200683594,161.4199981689453,161.94000244140625,157.1999969482422,157.33999633789062,9498300
2022-10-07,136.1942138671875,160.02999877929688,163.92999267578125,159.05999755859375,162.50999450683594,9972500
2022-10-10,133.7346649169922,157.13999938964844,161.47000122070312,156.44000244140625,161.0,5904500
2022-10-11,133.76016235351562,157.1699981689453,159.92999267578125,154.11000061035156,154.75,7533300
2022-10-12,134.16018676757812,157.63999938964844,158.80999755859375,155.52000427246094,156.13999938964844,4942000
2022-10-13,140.66220092773438,165.27999877929688,165.99000549316406,156.35000610351562,156.35000610351562,10227500
2022-10-14,136.28782653808594,160.13999938964844,165.4600067138672,159.92999267578125,164.0399932861328,7327900
2022-10-17,137.28355407714844,161.30999755859375,164.91000366210938,161.10000610351562,163.2899932861328,5890400
2022-10-18,138.48355102539062,162.72000122070312,163.30999755859375,158.9600067138672,162.36000061035156,5631200
2022-10-19,142.97714233398438,168.0,169.2100067138672,163.58999633789062,163.58999633789062,9766800
2022-10-20,143.7941436767578,168.9600067138672,171.82000732421875,167.94000244140625,169.3000030517578,8871500
2022-10-21,147.39407348632812,173.19000244140625,173.83999633789062,168.85000610351562,169.14999389648438,7971300
2022-10-24,147.34303283691406,173.1300048828125,174.6699981689453,171.61000061035156,172.0800018310547,7007700
2022-10-25,148.8749237060547,174.92999267578125,175.0,172.1699981689453,173.05999755859375,7280600
2022-10-26,150.71319580078125,177.08999633789062,178.47999572753906,175.1699981689453,175.32000732421875,6865300
2022-10-27,151.4025421142578,177.89999389648438,181.39999389648438,177.47999572753906,179.88999938964844,9177400
2022-10-28,153.17274475097656,179.97999572753906,182.86000061035156,176.52999877929688,181.47000122070312,10773900
2022-10-31,153.9556884765625,180.89999389648438,183.83999633789062,178.05999755859375,178.05999755859375,13281000
2022-11-01,155.07911682128906,182.22000122070312,184.5,181.89999389648438,183.8699951171875,9185600
2022-11-02,151.91317749023438,178.5,182.89999389648438,178.27000427246094,180.92999267578125,8087500
2022-11-03,154.15147399902344,181.1300048828125,182.19000244140625,177.41000366210938,177.97000122070312,6607800
2022-11-04,156.1003875732422,183.4199981689453,185.39999389648438,180.60000610351562,184.83999633789062,7491900
2022-11-07,157.9641876220703,185.61000061035156,186.3800048828125,182.11000061035156,182.5,7578000
2022-11-08,157.73440551757812,185.33999633789062,186.25,183.86000061035156,185.32000732421875,6308200
2022-11-09,151.4281005859375,177.92999267578125,183.80999755859375,177.22000122070312,183.61000061035156,8021700
2022-11-10,154.296142578125,181.3000030517578,182.3300018310547,178.0399932861328,182.22999572753906,6981500
2022-11-11,158.68759155273438,186.4600067138672,187.10000610351562,183.88999938964844,184.0500030517578,8428300
2022-11-14,158.76417541503906,186.5500030517578,189.67999267578125,186.17999267578125,186.30999755859375,9722400
2022-11-15,160.04071044921875,188.0500030517578,188.44000244140625,185.27000427246094,187.1199951171875,7747300
2022-11-16,157.43649291992188,184.99000549316406,187.82000732421875,183.67999267578125,186.5399932861328,7941100
2022-11-17,157.88250732421875,184.08999633789062,184.22999572753906,180.27000427246094,181.50999450683594,6550500
2022-11-18,156.93910217285156,182.99000549316406,183.41000366210938,179.64999389648438,180.9600067138672,7661500
2022-11-21,155.43821716308594,181.24000549316406,181.6999969482422,175.82000732421875,179.72999572753906,8432900
2022-11-22,159.42623901367188,185.88999938964844,186.55999755859375,183.0800018310547,183.75,9018000
2022-11-23,158.0111541748047,184.24000549316406,185.14999389648438,182.5800018310547,183.2100067138672,5831200
2022-11-25,157.54800415039062,183.6999969482422,185.3000030517578,183.30999755859375,184.88999938964844,2796400
2022-11-28,152.96824645996094,178.36000061035156,181.47000122070312,177.9600067138672,180.27999877929688,9365500
2022-11-29,155.25814819335938,181.02999877929688,181.85000610351562,179.64999389648438,180.25999450683594,6985400
2022-11-30,157.21356201171875,183.30999755859375,183.33999633789062,179.6199951171875,182.85000610351562,10936700
2022-12-01,156.51028442382812,182.49000549316406,184.5500030517578,181.44000244140625,184.25999450683594,5217400
2022-12-02,155.25814819335938,181.02999877929688,183.6300048828125,179.92999267578125,181.52999877929688,6852300
2022-12-05,151.42446899414062,176.55999755859375,182.9499969482422,174.6300048828125,182.6699981689453,8162200
2022-12-06,147.52223205566406,172.00999450683594,178.05999755859375,171.1199951171875,175.50999450683594,8765000
2022-12-07,147.95962524414062,172.52000427246094,174.5800018310547,170.85000610351562,171.05999755859375,6936300
2022-12-08,148.8344268798828,173.5399932861328,176.39999389648438,172.02999877929688,176.25,8076600
2022-12-09,144.0831298828125,168.0,173.19000244140625,167.92999267578125,172.3000030517578,10754300
2022-12-12,145.58396911621094,169.75,170.52000427246094,167.7100067138672,168.92999267578125,9364900
2022-12-13,148.8258056640625,173.52999877929688,174.4600067138672,172.47999572753906,173.57000732421875,7838800
2022-12-14,147.79669189453125,172.3300018310547,174.9199981689453,171.27000427246094,174.49000549316406,7045500
2022-12-15,146.6903076171875,171.0399932861328,171.3699951171875,168.05999755859375,170.60000610351562,7272900
2022-12-16,144.70062255859375,168.72000122070312,170.14999389648438,167.10000610351562,168.52999877929688,23876000
2022-12-19,145.6954803466797,169.8800048828125,170.82000732421875,168.25,170.11000061035156,7131600
2022-12-20,148.0883026123047,172.6699981689453,173.2899932861328,169.60000610351562,169.80999755859375,6199100
2022-12-21,149.8292694091797,174.6999969482422,175.9600067138672,173.16000366210938,175.19000244140625,5479400
2022-12-22,147.582275390625,172.0800018310547,175.2100067138672,168.3300018310547,175.16000366210938,5755000
2022-12-23,152.1448974609375,177.39999389648438,177.5800018310547,173.69000244140625,174.10000610351562,6079100
2022-12-27,154.05740356445312,179.6300048828125,180.22999572753906,177.39999389648438,178.36000061035156,5168000
2022-12-28,151.78469848632812,176.97999572753906,179.3000030517578,175.92999267578125,178.86000061035156,4494400
2022-12-29,152.93392944335938,178.32000732421875,179.1999969482422,176.64999389648438,176.64999389648438,4142100
2022-12-30,153.93736267089844,179.49000549316406,179.9499969482422,177.6999969482422,178.02999877929688,5005100
2023-01-03,149.22035217285156,173.99000549316406,179.0,171.50999450683594,178.0399932861328,7565400
2023-01-04,147.63369750976562,172.13999938964844,174.2899932861328,170.85000610351562,170.9499969482422,7684500
2023-01-05,150.29241943359375,175.24000549316406,176.19000244140625,171.24000549316406,171.5,6088200
2023-01-06,151.42446899414062,176.55999755859375,179.38999938964844,175.6999969482422,177.02000427246094,7191200
2023-01-09,150.24093627929688,175.17999267578125,178.3300018310547,174.3800048828125,178.25999450683594,8385600
2023-01-10,150.97853088378906,176.0399932861328,176.7100067138672,173.72000122070312,176.39999389648438,8307000
2023-01-11,150.25808715820312,175.1999969482422,178.13999938964844,174.3000030517578,177.88999938964844,6962600
2023-01-12,151.8704376220703,177.0800018310547,178.3699951171875,175.89999389648438,175.99000549316406,6891400
2023-01-13,152.2821044921875,177.55999755859375,177.99000549316406,175.67999267578125,177.08999633789062,5726300
2023-01-17,154.79502868652344,180.49000549316406,181.32000732421875,178.17999267578125,178.44000244140625,10697700
2023-01-18,151.99908447265625,177.22999572753906,182.3800048828125,176.94000244140625,180.82000732421875,8899200
2023-01-19,153.51708984375,179.0,179.9499969482422,176.16000366210938,176.61000061035156,5907200
2023-01-20,155.1466064453125,180.89999389648438,181.36000061035156,177.52000427246094,178.80999755859375,10477900
2023-01-23,154.9407958984375,180.66000366210938,182.5500030517578,180.02999877929688,181.2100067138672,8381300
2023-01-24,155.08657836914062,180.8300018310547,182.0,178.6999969482422,181.08999633789062,5989000
2023-01-25,153.58570861816406,179.0800018310547,180.02999877929688,176.35000610351562,179.2899932861328,6727500
2023-01-26,161.0557403564453,187.7899932861328,187.80999755859375,183.47999572753906,184.99000549316406,14307800
2023-01-27,153.90306091308594,179.4499969482422,184.22999572753906,177.9199981689453,184.22999572753906,19654700
2023-01-30,149.4004364013672,174.1999969482422,178.33999633789062,173.6699981689453,178.0,11476000
2023-01-31,149.24609375,174.02000427246094,174.6300048828125,171.4199981689453,172.75,14481300
2023-02-01,146.9647979736328,171.36000061035156,173.66000366210938,169.5399932861328,173.30999755859375,11526400
2023-02-02,144.9492950439453,169.00999450683594,171.42999267578125,166.82000732421875,171.1300048828125,10463400
2023-02-03,145.32669067382812,169.4499969482422,171.5500030517578,168.49000549316406,169.86000061035156,8404900
2023-02-06,145.48965454101562,169.63999938964844,170.1199951171875,167.3699951171875,169.55999755859375,7659500
2023-02-07,149.30609130859375,174.08999633789062,174.38999938964844,169.61000061035156,170.07000732421875,10256500
2023-02-08,145.7983856201172,170.0,174.07000732421875,169.47000122070312,172.47999572753906,9784700
2023-02-09,144.46046447753906,168.44000244140625,170.66000366210938,168.0,170.22999572753906,10123400
2023-02-10,147.4879150390625,171.97000122070312,172.72999572753906,170.77999877929688,170.8000030517578,11602400
2023-02-13,146.66455078125,171.00999450683594,171.89999389648438,169.77000427246094,171.32000732421875,9442900
2023-02-14,147.78811645507812,172.32000732421875,173.50999450683594,169.97999572753906,170.47999572753906,8077300
2023-02-15,146.23068237304688,169.00999450683594,169.52000427246094,167.5,169.39999389648438,8885700
2023-02-16,144.11959838867188,166.57000732421875,168.66000366210938,166.39999389648438,168.19000244140625,6727500
2023-02-17,140.90093994140625,162.85000610351562,164.83999633789062,161.85000610351562,164.72999572753906,9612100
2023-02-21,139.30027770996094,161.0,163.75,160.6999969482422,162.17999267578125,7259700
2023-02-22,138.73793029785156,160.35000610351562,161.66000366210938,158.91000366210938,160.27999877929688,6205900
2023-02-23,140.1049346923828,161.92999267578125,162.83999633789062,160.55999755859375,162.25,6445500
2023-02-24,140.52027893066406,162.41000366210938,162.60000610351562,159.14999389648438,160.77000427246094,5330200
2023-02-27,140.87498474121094,162.82000732421875,163.3699951171875,161.9199981689453,163.00999450683594,6386800
2023-02-28,139.101318359375,160.77000427246094,164.32000732421875,160.27999877929688,164.32000732421875,10854200
2023-03-01,140.20877075195312,162.0500030517578,163.58999633789062,160.58999633789062,160.9199981689453,7470400
2023-03-02,140.65005493164062,162.55999755859375,163.49000549316406,161.58999633789062,161.97999572753906,5582000
2023-03-03,142.7265625,164.9600067138672,165.5800018310547,160.4199981689453,160.8699951171875,6007500
2023-03-06,143.77346801757812,166.1699981689453,166.8000030517578,163.80999755859375,164.33999633789062,7703600
2023-03-07,141.92190551757812,164.02999877929688,166.60000610351562,163.5800018310547,165.6999969482422,7393000
2023-03-08,141.02207946777344,162.99000549316406,165.2899932861328,161.3800048828125,163.22999572753906,5435800
2023-03-09,138.8763427734375,160.50999450683594,165.49000549316406,160.19000244140625,163.7899932861328,6214700
2023-03-10,138.14955139160156,159.6699981689453,164.6699981689453,158.6699981689453,160.94000244140625,7385800
2023-03-13,137.3189697265625,158.7100067138672,160.9499969482422,153.8000030517578,156.44000244140625,10106100
2023-03-14,139.0926513671875,160.75999450683594,164.02000427246094,157.8800048828125,158.25999450683594,10035200
2023-03-15,133.07070922851562,153.8000030517578,157.9499969482422,152.00999450683594,155.58999633789062,14063100
2023-03-16,133.4946746826172,154.2899932861328,155.47000122070312,149.91000366210938,150.16000366210938,12849600
2023-03-17,131.80747985839844,152.33999633789062,155.3800048828125,150.60000610351562,153.6199951171875,33161800
2023-03-20,133.74560546875,154.5800018310547,155.77999877929688,151.2899932861328,151.74000549316406,8469200
2023-03-21,137.83807373046875,159.30999755859375,159.57000732421875,156.47000122070312,157.16000366210938,9753500
2023-03-22,135.03477478027344,156.07000732421875,160.05999755859375,155.92999267578125,159.8699951171875,6315000
2023-03-23,133.6936798095703,154.52000427246094,158.75999450683594,153.13999938964844,157.02000427246094,7859400
2023-03-24,135.02615356445312,156.05999755859375,156.64999389648438,151.8300018310547,152.10000610351562,6600100
2023-03-27,136.4018096923828,157.64999389648438,158.47999572753906,155.69000244140625,157.39999389648438,7006800
2023-03-28,137.9938201904297,159.49000549316406,160.19000244140625,156.67999267578125,157.27999877929688,5605400
2023-03-29,139.17918395996094,160.86000061035156,161.32000732421875,159.3300018310547,160.6199951171875,7569700
2023-03-30,140.50294494628906,162.38999938964844,163.00999450683594,161.5800018310547,162.25,6322400
2023-03-31,141.16917419433594,163.16000366210938,163.72000122070312,162.14999389648438,162.6999969482422,7041400
2023-04-03,147.0440216064453,169.9499969482422,171.10000610351562,168.9199981689453,169.8000030517578,12868200
2023-04-04,146.25665283203125,169.0399932861328,171.13999938964844,167.72000122070312,171.13999938964844,7521400
2023-04-05,146.98345947265625,169.8800048828125,170.44000244140625,167.74000549316406,169.25999450683594,6478100
2023-04-06,145.0540008544922,167.64999389648438,169.41000366210938,167.1300048828125,169.35000610351562,5803200
2023-04-10,145.6077423095703,168.2899932861328,169.67999267578125,167.30999755859375,168.49000549316406,5923500
2023-04-11,146.4123992919922,169.22000122070312,170.33999633789062,168.07000732421875,169.07000732421875,5469600
2023-04-12,146.9315643310547,169.82000732421875,171.1199951171875,169.47000122070312,170.4499969482422,6157900
2023-04-13,148.8955841064453,172.08999633789062,172.47000122070312,169.82000732421875,170.25,6856600
2023-04-14,149.19837951660156,172.44000244140625,172.8800048828125,171.22000122070312,172.5,4930700
2023-04-17,147.8832550048828,170.9199981689453,172.5399932861328,170.22000122070312,172.38999938964844,7006000
2023-04-18,147.53720092773438,170.52000427246094,172.38999938964844,170.1300048828125,170.82000732421875,8045600
2023-04-19,147.67562866210938,170.67999267578125,170.74000549316406,169.10000610351562,169.4600067138672,5506800
2023-04-20,146.95750427246094,169.85000610351562,170.05999755859375,168.02000427246094,168.75999450683594,5851100
2023-04-21,146.32589721679688,169.1199951171875,170.58999633789062,168.83999633789062,169.8300018310547,7179000
2023-04-24,148.36778259277344,171.47999572753906,172.3800048828125,168.5800018310547,169.10000610351562,7177600
2023-04-25,146.21340942382812,168.99000549316406,170.39999389648438,168.42999267578125,170.32000732421875,5807200
2023-04-26,143.6090850830078,165.97999572753906,168.9499969482422,165.22999572753906,168.2100067138672,5927400
2023-04-27,144.44837951660156,166.9499969482422,167.38999938964844,165.07000732421875,166.42999267578125,6417200
2023-04-28,145.85865783691406,168.5800018310547,168.94000244140625,164.0500030517578,164.5,10036300
2023-05-01,144.69927978515625,167.24000549316406,168.72999572753906,166.36000061035156,167.7100067138672,6099800
2023-05-02,138.4696807861328,160.0399932861328,165.3800048828125,158.4499969482422,165.32000732421875,10701700
2023-05-03,135.69232177734375,156.8300018310547,159.57000732421875,156.74000549316406,158.14999389648438,7538100
2023-05-04,135.16456604003906,156.22000122070312,158.1999969482422,155.4199981689453,157.11000061035156,7500400
2023-05-05,138.6168212890625,160.2100067138672,161.1199951171875,158.77999877929688,159.3000030517578,5802000
2023-05-08,138.07168579101562,159.5800018310547,162.3000030517578,159.52000427246094,161.57000732421875,5028200
2023-05-09,137.67369079589844,159.1199951171875,160.4199981689453,157.91000366210938,158.11000061035156,5019800
2023-05-10,135.91729736328125,157.08999633789062,160.44000244140625,155.8800048828125,160.44000244140625,6161200
2023-05-11,135.16456604003906,156.22000122070312,156.32000732421875,153.88999938964844,155.3800048828125,6666100
2023-05-12,135.51060485839844,156.6199951171875,157.92999267578125,155.55999755859375,157.0,4898900
2023-05-15,136.01246643066406,157.1999969482422,158.16000366210938,156.22999572753906,157.22999572753906,5096700
2023-05-16,132.81980895996094,153.50999450683594,157.02000427246094,153.3300018310547,156.47999572753906,7007700
2023-05-17,134.72329711914062,155.7100067138672,156.4199981689453,153.9600067138672,154.7899932861328,6169600
2023-05-18,134.55726623535156,154.00999450683594,154.24000549316406,151.52999877929688,152.8699951171875,7477700
2023-05-19,135.62318420410156,155.22999572753906,156.44000244140625,153.99000549316406,154.88999938964844,8100900
2023-05-22,133.18557739257812,152.44000244140625,154.8300018310547,152.08999633789062,153.7899932861328,11661000
2023-05-23,137.03857421875,156.85000610351562,157.67999267578125,153.83999633789062,154.13999938964844,10436200
2023-05-24,137.40553283691406,157.27000427246094,158.57000732421875,156.2899932861328,157.9499969482422,7064000
2023-05-25,135.03782653808594,154.55999755859375,155.6300048828125,153.5,154.67999267578125,7037700
2023-05-26,134.61843872070312,154.0800018310547,155.6300048828125,153.4600067138672,155.2899932861328,7736200
2023-05-30,133.7797088623047,153.1199951171875,153.25999450683594,151.2100067138672,151.6699981689453,7814800
2023-05-31,131.595458984375,150.6199951171875,152.4199981689453,150.36000061035156,151.5399932861328,13346400
2023-06-01,132.94094848632812,152.16000366210938,153.74000549316406,149.74000549316406,151.3000030517578,9887700
2023-06-02,136.52308654785156,156.25999450683594,156.75,153.61000061035156,154.5800018310547,9464300
2023-06-05,135.86781311035156,155.50999450683594,158.4499969482422,155.24000549316406,158.4499969482422,6443800
2023-06-06,136.11244201660156,155.7899932861328,156.16000366210938,153.1999969482422,153.3300018310547,6176400
2023-06-07,139.6421661376953,159.8300018310547,160.2100067138672,156.5,156.5500030517578,9900000
2023-06-08,139.12669372558594,159.24000549316406,160.49000549316406,157.08999633789062,160.16000366210938,7142200
2023-06-09,138.79466247558594,158.86000061035156,160.38999938964844,158.6199951171875,159.27999877929688,6669500
2023-06-12,137.45794677734375,157.3300018310547,159.3300018310547,156.22999572753906,157.05999755859375,7159600
2023-06-13,138.4888916015625,158.50999450683594,160.5800018310547,158.27000427246094,158.52000427246094,7660800
2023-06-14,137.2482452392578,157.08999633789062,160.77000427246094,156.14999389648438,159.97999572753906,7721100
2023-06-15,138.2879638671875,158.27999877929688,159.7899932861328,157.32000732421875,157.32000732421875,7705400
2023-06-16,137.3968048095703,157.25999450683594,159.24000549316406,157.25999450683594,158.57000732421875,22908100
2023-06-20,134.26895141601562,153.67999267578125,156.57000732421875,152.24000549316406,156.14999389648438,10438700
2023-06-21,135.31741333007812,154.8800048828125,155.9600067138672,152.5,152.6699981689453,7328200
2023-06-22,133.3603057861328,152.63999938964844,153.58999633789062,151.97000122070312,153.35000610351562,7088600
2023-06-23,132.2332763671875,151.35000610351562,151.6999969482422,150.1300048828125,151.00999450683594,15172700
2023-06-26,134.55726623535156,154.00999450683594,154.97000122070312,151.5399932861328,151.6199951171875,7371800
2023-06-27,134.13790893554688,153.52999877929688,154.7100067138672,152.82000732421875,153.5,6581700
2023-06-28,135.35235595703125,154.9199981689453,155.02000427246094,152.19000244140625,153.44000244140625,5773800
2023-06-29,136.50559997558594,156.24000549316406,156.27000427246094,154.44000244140625,155.42999267578125,5633500
2023-06-30,137.4754180908203,157.35000610351562,157.9199981689453,156.60000610351562,157.4600067138672,6346600
2023-07-03,137.3531036376953,157.2100067138672,158.10000610351562,156.6999969482422,157.17999267578125,3272600
2023-07-05,136.56675720214844,156.30999755859375,157.6999969482422,155.1199951171875,157.6999969482422,6318700
2023-07-06,133.5699920654297,152.8800048828125,155.8300018310547,151.6300048828125,155.1999969482422,9203000
2023-07-07,134.74075317382812,154.22000122070312,155.99000549316406,151.9600067138672,152.13999938964844,6602200
2023-07-10,135.64068603515625,155.25,155.7899932861328,153.9199981689453,153.92999267578125,5167900
2023-07-11,138.1481475830078,158.1199951171875,158.41000366210938,155.66000366210938,156.0,5060500
2023-07-12,139.47618103027344,159.63999938964844,160.33999633789062,158.3300018310547,159.22000122070312,6464000
2023-07-13,137.61520385742188,157.50999450683594,160.60000610351562,156.57000732421875,159.83999633789062,8143900
2023-07-14,134.18161010742188,153.5800018310547,157.02000427246094,153.3000030517578,157.00999450683594,7065700
2023-07-17,134.05929565429688,153.44000244140625,154.13999938964844,152.63999938964844,153.35000610351562,4351700
2023-07-18,134.3301239013672,153.75,156.07000732421875,152.3699951171875,152.6699981689453,6798300
2023-07-19,135.1513671875,154.69000244140625,155.77999877929688,153.27999877929688,153.8300018310547,5653100
2023-07-20,136.64541625976562,156.39999389648438,157.19000244140625,155.7100067138672,156.16000366210938,5866600
2023-07-21,138.64614868164062,158.69000244140625,158.8300018310547,157.05999755859375,157.52999877929688,8760100
2023-07-24,141.38082885742188,161.82000732421875,164.0399932861328,160.00999450683594,160.47000122070312,9722100
2023-07-25,142.02734375,162.55999755859375,163.50999450683594,160.66000366210938,161.91000366210938,6767600
2023-07-26,140.9614715576172,161.33999633789062,162.08999633789062,160.5500030517578,160.8800048828125,6056400
2023-07-27,139.49363708496094,159.66000366210938,162.47000122070312,159.22000122070312,162.08999633789062,6470100
2023-07-28,138.80343627929688,158.8699951171875,159.0,156.50999450683594,158.41000366210938,6542300
2023-07-31,142.9884033203125,163.66000366210938,163.97999572753906,160.6199951171875,161.1300048828125,13056300
2023-08-01,141.80018615722656,162.3000030517578,163.63999938964844,160.5500030517578,163.63999938964844,7531400
2023-08-02,139.5548095703125,159.72999572753906,161.22000122070312,158.05999755859375,161.1699981689453,7067100
2023-08-03,139.50238037109375,159.6699981689453,161.6999969482422,158.85000610351562,159.91000366210938,6680700
2023-08-04,139.18785095214844,159.30999755859375,163.02000427246094,159.0399932861328,160.66000366210938,10185400
2023-08-07,139.69461059570312,159.88999938964844,161.3800048828125,159.0800018310547,161.00999450683594,13927400
2023-08-08,139.48489379882812,159.64999389648438,159.7899932861328,156.22000122070312,157.94000244140625,6451300
2023-08-09,139.6683807373047,159.86000061035156,161.44000244140625,159.30999755859375,160.86000061035156,10531500
2023-08-10,140.515869140625,160.8300018310547,162.47999572753906,159.6199951171875,160.3300018310547,8647100
2023-08-11,143.41651916503906,164.14999389648438,164.1699981689453,160.17999267578125,160.5,6682600
2023-08-14,143.31166076660156,164.02999877929688,164.25,162.61000061035156,163.77000427246094,6060100
2023-08-15,139.12669372558594,159.24000549316406,163.41000366210938,159.10000610351562,163.39999389648438,7876500
2023-08-16,138.59375,158.6300048828125,161.8300018310547,158.47000122070312,160.52000427246094,7920500
2023-08-17,140.9136199951172,159.75,162.13999938964844,158.97000122070312,159.17999267578125,8270500
2023-08-18,141.92800903320312,160.89999389648438,161.32000732421875,158.16000366210938,158.3800048828125,5999200
2023-08-21,141.4517059326172,160.36000061035156,162.07000732421875,159.4499969482422,161.1999969482422,6802300
2023-08-22,140.28732299804688,159.0399932861328,161.25,158.97000122070312,160.49000549316406,6080800
2023-08-23,140.4725799560547,159.25,159.41000366210938,156.6999969482422,158.13999938964844,4975600
2023-08-24,139.31704711914062,157.94000244140625,159.88999938964844,157.55999755859375,157.72999572753906,5989600
2023-08-25,140.35792541503906,159.1199951171875,159.91000366210938,157.64999389648438,159.07000732421875,5291800
2023-08-28,141.3194122314453,160.2100067138672,161.8000030517578,159.22000122070312,159.52999877929688,4386100
2023-08-29,141.09886169433594,159.9600067138672,160.9499969482422,159.10000610351562,160.91000366210938,5374800
2023-08-30,141.29296875,160.17999267578125,161.25,159.92999267578125,160.58999633789062,5534900
2023-08-31,142.1044464111328,161.10000610351562,161.24000549316406,159.92999267578125,161.00999450683594,7003700
2023-09-01,144.92713928222656,164.3000030517578,164.69000244140625,162.63999938964844,162.63999938964844,6663000
2023-09-05,146.8324432373047,166.4600067138672,167.55999755859375,165.1999969482422,165.27999877929688,9755800
2023-09-06,146.98240661621094,166.6300048828125,167.44000244140625,165.5800018310547,166.27999877929688,7195500
2023-09-07,146.99124145507812,166.63999938964844,167.89999389648438,166.27999877929688,167.13999938964844,7925900
2023-09-08,147.4940185546875,167.2100067138672,168.49000549316406,166.7100067138672,167.4199981689453,7434400
2023-09-11,144.45082092285156,163.75999450683594,168.58999633789062,162.8699951171875,168.0800018310547,7155100
2023-09-12,147.1411895751953,166.80999755859375,167.19000244140625,165.10000610351562,165.3000030517578,7521100
2023-09-13,146.6031036376953,166.1999969482422,167.75,165.5800018310547,167.41000366210938,5759500
2023-09-14,147.51162719726562,167.22999572753906,168.5,167.1199951171875,167.6999969482422,8822800
2023-09-15,146.86770629882812,166.5,168.3699951171875,165.8800048828125,166.2100067138672,17439700
2023-09-18,147.50283813476562,167.22000122070312,168.36000061035156,166.39999389648438,167.8699951171875,7027600
2023-09-19,147.4851837158203,167.1999969482422,168.9600067138672,166.42999267578125,168.69000244140625,6615100
2023-09-20,147.03530883789062,166.69000244140625,168.50999450683594,166.60000610351562,167.07000732421875,5939100
2023-09-21,145.71218872070312,165.19000244140625,167.8699951171875,165.0500030517578,167.1199951171875,7150000
2023-09-22,146.67367553710938,166.27999877929688,167.4199981689453,165.94000244140625,166.22999572753906,5963000
2023-09-25,148.81715393066406,168.7100067138672,168.77999877929688,165.99000549316406,166.3300018310547,5510000
2023-09-26,148.0144805908203,167.8000030517578,168.41000366210938,166.97999572753906,167.44000244140625,5659200
2023-09-27,150.8723907470703,171.0399932861328,171.22999572753906,168.80999755859375,169.3699951171875,9124400
2023-09-28,150.4754638671875,170.58999633789062,171.6999969482422,169.42999267578125,170.5500030517578,7151800
2023-09-29,148.7377471923828,168.6199951171875,170.5,167.82000732421875,170.49000549316406,7396100
2023-10-02,146.90301513671875,166.5399932861328,168.57000732421875,165.22999572753906,168.33999633789062,6839600
2023-10-03,147.24700927734375,166.92999267578125,167.36000061035156,165.50999450683594,165.9199981689453,6168600
2023-10-04,143.81570434570312,163.0399932861328,164.97999572753906,161.49000549316406,164.6999969482422,9664700
2023-10-05,144.5742950439453,163.89999389648438,164.75,161.38999938964844,161.4199981689453,8073000
2023-10-06,143.1011962890625,162.22999572753906,164.3699951171875,158.99000549316406,164.30999755859375,10190400
2023-10-09,147.061767578125,166.72000122070312,168.19000244140625,164.9499969482422,166.3800048828125,8183500
2023-10-10,146.90301513671875,166.5399932861328,167.39999389648438,165.67999267578125,166.77000427246094,6512900
2023-10-11,142.1044464111328,161.10000610351562,165.0800018310547,160.47999572753906,165.07000732421875,12570700
2023-10-12,142.21913146972656,161.22999572753906,163.25999450683594,160.89999389648438,163.25999450683594,7397000
2023-10-13,144.71543884277344,164.05999755859375,164.83999633789062,162.3000030517578,163.41000366210938,8042800
2023-10-16,145.89744567871094,165.39999389648438,165.80999755859375,163.85000610351562,165.33999633789062,5446000
2023-10-17,147.8292236328125,167.58999633789062,168.1999969482422,164.64999389648438,164.8300018310547,7538300
2023-10-18,149.00238037109375,168.9199981689453,169.6999969482422,167.5800018310547,168.47000122070312,6893500
2023-10-19,149.16116333007812,169.10000610351562,170.1699981689453,167.50999450683594,168.6999969482422,6580200
2023-10-20,147.15882873535156,166.8300018310547,169.10000610351562,166.10000610351562,168.41000366210938,7458300
2023-10-23,141.7339630126953,160.67999267578125,164.42999267578125,160.25,163.3000030517578,16232400
2023-10-24,138.1791534423828,156.64999389648438,161.0800018310547,156.47000122070312,160.88999938964844,17689900
2023-10-25,137.49111938476562,155.8699951171875,157.41000366210938,155.1699981689453,156.94000244140625,10502400
2023-10-26,136.50318908691406,154.75,155.17999267578125,153.6300048828125,155.00999450683594,10830400
2023-10-27,127.3294677734375,144.35000610351562,151.25,143.9600067138672,150.72000122070312,24524300
2023-10-30,128.86431884765625,146.08999633789062,146.44000244140625,144.32000732421875,145.66000366210938,13857100
2023-10-31,128.54673767089844,145.72999572753906,146.52000427246094,144.22999572753906,146.10000610351562,14261300
2023-11-01,127.00310516357422,143.97999572753906,146.00999450683594,143.82000732421875,145.97999572753906,10819600
2023-11-02,131.21945190429688,148.75999450683594,149.0,143.8300018310547,144.5399932861328,11099100
2023-11-03,130.20509338378906,147.61000061035156,148.55999755859375,146.14999389648438,148.3000030517578,13160000
2023-11-06,129.6669921875,147.0,149.3300018310547,146.69000244140625,148.72999572753906,10634200
2023-11-07,127.38240051269531,144.41000366210938,145.61000061035156,143.24000549316406,145.16000366210938,15054600
2023-11-08,125.60938262939453,142.39999389648438,144.64999389648438,142.25,143.8800048828125,12654100
2023-11-09,125.20365142822266,141.94000244140625,143.91000366210938,141.77999877929688,143.0500030517578,10359500
2023-11-10,126.09455108642578,142.9499969482422,143.44000244140625,141.72999572753906,143.2899932861328,11988200
2023-11-13,127.020751953125,144.0,144.3000030517578,142.85000610351562,143.14999389648438,8747700
2023-11-14,127.94690704345703,145.0500030517578,145.5,143.86000061035156,144.47999572753906,11224400
2023-11-15,128.39678955078125,145.55999755859375,146.63999938964844,144.41000366210938,144.86000061035156,10052100
2023-11-16,126.36454010009766,141.77000427246094,143.50999450683594,140.74000549316406,143.02000427246094,14031300
2023-11-17,128.76223754882812,144.4600067138672,145.19000244140625,142.39999389648438,142.9499969482422,11075600
2023-11-20,128.69093322753906,144.3800048828125,145.69000244140625,144.27000427246094,144.6300048828125,8062400
2023-11-21,128.3878631591797,144.0399932861328,144.3000030517578,142.6999969482422,143.8300018310547,6783300
2023-11-22,128.6463623046875,144.3300018310547,144.38999938964844,140.72000122070312,141.74000549316406,7216100
2023-11-24,129.15440368652344,144.89999389648438,145.94000244140625,144.1999969482422,144.3000030517578,3861000
2023-11-27,128.67311096191406,144.36000061035156,144.82000732421875,142.85000610351562,144.64999389648438,9850800
2023-11-28,129.69813537597656,145.50999450683594,146.52000427246094,144.05999755859375,144.77999877929688,9746500
2023-11-29,128.2720184326172,143.91000366210938,146.49000549316406,143.05999755859375,146.38999938964844,16417100
2023-11-30,127.9957046508789,143.60000610351562,146.00999450683594,142.02999877929688,144.97999572753906,16276000
2023-12-01,129.07418823242188,144.80999755859375,146.50999450683594,142.60000610351562,143.49000549316406,11906500
2023-12-04,129.127685546875,144.8699951171875,145.6999969482422,143.25,144.0,11842800
2023-12-05,127.33610534667969,142.86000061035156,145.07000732421875,142.6300048828125,144.75999450683594,9597600
2023-12-06,127.04195404052734,142.52999877929688,144.02999877929688,141.35000610351562,141.89999389648438,18079700
2023-12-07,126.94391632080078,142.4199981689453,144.00999450683594,140.99000549316406,143.50999450683594,14786700
2023-12-08,128.62852478027344,144.30999755859375,144.6699981689453,143.1199951171875,143.50999450683594,10821700
2023-12-11,128.66419982910156,144.35000610351562,145.39999389648438,143.82000732421875,144.83999633789062,9849600
2023-12-12,127.01520538330078,142.5,143.58999633789062,141.75,143.1699981689453,9863900
2023-12-13,128.8959503173828,144.61000061035156,144.67999267578125,141.64999389648438,142.1699981689453,10641300
2023-12-14,133.6378173828125,149.92999267578125,149.92999267578125,145.85000610351562,145.85000610351562,14960500
2023-12-15,133.12086486816406,149.35000610351562,149.82000732421875,147.32000732421875,147.32000732421875,30850900
2023-12-18,133.41502380371094,149.67999267578125,152.1199951171875,149.32000732421875,150.8300018310547,11561700
2023-12-19,135.1620330810547,151.63999938964844,151.8300018310547,149.49000549316406,149.9600067138672,8738100
2023-12-20,133.92308044433594,150.25,153.05999755859375,150.05999755859375,152.14999389648438,9370000
2023-12-21,134.3330841064453,150.7100067138672,150.8000030517578,149.22000122070312,150.77999877929688,7264700
2023-12-22,134.6361541748047,151.0500030517578,152.38999938964844,150.75,151.74000549316406,6396100
2023-12-26,135.8483428955078,152.41000366210938,153.00999450683594,151.89999389648438,152.07000732421875,5165600
2023-12-27,135.4027099609375,151.91000366210938,152.97000122070312,151.33999633789062,152.27000427246094,5337200
2023-12-28,133.4952392578125,149.77000427246094,152.02000427246094,149.39999389648438,151.17999267578125,8148000
2023-12-29,132.9515380859375,149.16000366210938,150.22999572753906,148.6699981689453,150.02999877929688,7658600
2024-01-02,133.2367401123047,149.47999572753906,151.47999572753906,149.24000549316406,149.99000549316406,8879700
2024-01-03,135.77703857421875,152.3300018310547,153.19000244140625,148.67999267578125,149.38999938964844,10255300
2024-01-04,134.28851318359375,150.66000366210938,154.35000610351562,150.58999633789062,153.66000366210938,8220300
2024-01-05,134.0567626953125,150.39999389648438,152.02999877929688,149.8300018310547,151.97999572753906,7455400
2024-01-08,133.25457763671875,149.5,149.6999969482422,146.5800018310547,148.4199981689453,10038200
2024-01-09,129.8674774169922,145.6999969482422,149.9499969482422,145.58999633789062,149.9499969482422,11784700
2024-01-10,128.79791259765625,144.5,146.02000427246094,144.11000061035156,146.02000427246094,8490400
2024-01-11,129.4931640625,145.27999877929688,146.1699981689453,144.6199951171875,145.55999755859375,8612500
2024-01-12,131.2668914794922,147.27000427246094,148.5,146.1699981689453,147.8300018310547,9386900
2024-01-16,128.07591247558594,143.69000244140625,146.5800018310547,143.5800018310547,146.50999450683594,9380400
2024-01-17,127.5678482055664,143.1199951171875,144.02000427246094,142.0399932861328,142.4199981689453,8167000
2024-01-18,126.40911102294922,141.82000732421875,143.19000244140625,139.6199951171875,143.0,11187800
2024-01-19,126.7834701538086,142.24000549316406,142.25,141.00999450683594,141.72999572753906,11192500
2024-01-22,127.00631713867188,142.49000549316406,142.66000366210938,140.9199981689453,141.91000366210938,9184600
2024-01-23,126.64976501464844,142.08999633789062,143.3300018310547,141.89999389648438,141.99000549316406,6767200
2024-01-24,129.17225646972656,144.9199981689453,144.97999572753906,142.22000122070312,142.6999969482422,8100000
2024-01-25,132.42564392089844,148.57000732421875,148.69000244140625,145.22999572753906,146.22000122070312,9773600
2024-01-26,132.9336700439453,149.13999938964844,149.25999450683594,146.97999572753906,148.02999877929688,9151900
2024-01-29,132.8802032470703,149.0800018310547,149.22000122070312,147.11000061035156,149.08999633789062,10494800
2024-01-30,133.8072052001953,150.1199951171875,150.30999755859375,147.7100067138672,148.17999267578125,9902900
2024-01-31,131.4095001220703,147.42999267578125,150.3800048828125,147.33999633789062,150.3699951171875,10428000
2024-02-01,131.8195037841797,147.88999938964844,149.02000427246094,146.52000427246094,148.19000244140625,8641100
2024-02-02,135.6968231201172,152.24000549316406,153.3800048828125,149.5500030517578,150.86000061035156,12839100
2024-02-05,135.77703857421875,152.3300018310547,153.50999450683594,150.7899932861328,151.6199951171875,8277800
2024-02-06,135.7948760986328,152.35000610351562,153.5399932861328,151.80999755859375,152.5,6198200
2024-02-07,135.59878540039062,152.1300048828125,153.77999877929688,151.1699981689453,153.02000427246094,6252000
2024-02-08,137.31906127929688,154.05999755859375,154.3000030517578,151.64999389648438,151.9499969482422,9237000
2024-02-09,134.627197265625,151.0399932861328,155.32000732421875,150.97999572753906,154.4199981689453,9194500
2024-02-12,135.55421447753906,152.0800018310547,152.61000061035156,151.38999938964844,151.6199951171875,6713000
2024-02-13,134.2350311279297,150.60000610351562,153.07000732421875,149.60000610351562,152.6199951171875,6987100
2024-02-14,134.60047912597656,151.00999450683594,152.1999969482422,150.0800018310547,151.27999877929688,5995100
2024-02-15,139.17788696289062,154.4600067138672,155.08999633789062,149.6699981689453,149.91000366210938,8950300
2024-02-16,139.3310546875,154.6300048828125,155.77000427246094,154.08999633789062,155.3699951171875,7570200
2024-02-20,138.7633819580078,154.0,155.61000061035156,153.8300018310547,155.47000122070312,6977900
2024-02-21,140.06088256835938,155.44000244140625,155.57000732421875,154.10000610351562,154.57000732421875,6628900
2024-02-22,140.05189514160156,155.42999267578125,156.6300048828125,153.8300018310547,154.82000732421875,8874900
2024-02-23,139.35809326171875,154.66000366210938,154.9199981689453,153.25,154.8699951171875,6561600
2024-02-26,139.16883850097656,154.4499969482422,155.5500030517578,153.8300018310547,154.5399932861328,6900800
2024-02-27,137.1054229736328,152.16000366210938,153.8800048828125,149.89999389648438,153.1999969482422,15093800
2024-02-28,137.26763916015625,152.33999633789062,153.86000061035156,151.77999877929688,152.36000061035156,6715900
2024-02-29,136.97027587890625,152.00999450683594,153.24000549316406,151.47999572753906,152.91000366210938,9334400
2024-03-01,137.6911163330078,152.80999755859375,154.35000610351562,152.25,153.0500030517578,7459100
2024-03-04,134.1499786376953,148.8800048828125,152.58999633789062,147.6699981689453,152.5,12503200
2024-03-05,134.78968811035156,149.58999633789062,150.6199951171875,148.3000030517578,148.8300018310547,6985500
2024-03-06,133.65435791015625,148.3300018310547,152.41000366210938,148.13999938964844,150.8300018310547,14692100
2024-03-07,134.59149169921875,149.3699951171875,150.75,148.4499969482422,148.5,8739300
2024-03-08,135.05101013183594,149.8800048828125,149.99000549316406,148.38999938964844,149.3699951171875,7528400
2024-03-11,136.9612579345703,152.0,152.0800018310547,149.58999633789062,150.5,7577100
2024-03-12,136.86215209960938,151.88999938964844,152.57000732421875,150.7899932861328,151.8300018310547,6432900
2024-03-13,138.6642608642578,153.88999938964844,154.8800048828125,153.14999389648438,153.24000549316406,8065600
2024-03-14,140.295166015625,155.6999969482422,155.72999572753906,152.75999450683594,153.77000427246094,9047200
2024-03-15,140.16004943847656,155.5500030517578,157.0399932861328,154.4199981689453,155.19000244140625,20387200
2024-03-18,140.03390502929688,155.41000366210938,156.6699981689453,154.94000244140625,156.02999877929688,7242700
2024-03-19,141.12416076660156,156.6199951171875,156.83999633789062,155.00999450683594,155.3000030517578,7736700
2024-03-20,139.25897216796875,154.5500030517578,156.42999267578125,154.22999572753906,155.75999450683594,8449100
2024-03-21,139.53829956054688,154.86000061035156,155.69000244140625,154.41000366210938,154.9499969482422,7899100
2024-03-22,139.35809326171875,154.66000366210938,155.27999877929688,154.16000366210938,155.0800018310547,5974700
2024-03-25,140.98902893066406,156.47000122070312,157.30999755859375,155.27000427246094,155.47999572753906,6058700
2024-03-26,139.90773010253906,155.27000427246094,156.86000061035156,154.64999389648438,156.52000427246094,6677900
2024-03-27,140.88087463378906,156.35000610351562,156.44000244140625,154.85000610351562,154.8699951171875,7416900
2024-03-28,142.13336181640625,157.74000549316406,158.19000244140625,156.3699951171875,157.14999389648438,8331600
2024-04-01,143.3407745361328,159.0800018310547,159.58999633789062,156.94000244140625,158.27000427246094,6285700
2024-04-02,143.97149658203125,159.77999877929688,161.22000122070312,159.02000427246094,160.0500030517578,8815400
2024-04-03,144.5662078857422,160.44000244140625,160.9499969482422,159.72000122070312,160.10000610351562,7819700
2024-04-04,144.79148864746094,160.69000244140625,161.9499969482422,159.82000732421875,160.8000030517578,9269700
2024-04-05,145.6114501953125,161.60000610351562,162.1699981689453,159.86000061035156,161.3300018310547,7432800
2024-04-08,145.31411743164062,161.27000427246094,162.5,160.3300018310547,161.64999389648438,7253200
2024-04-09,145.9718780517578,162.0,162.52999877929688,160.4600067138672,161.85000610351562,6576200
2024-04-10,146.57559204101562,162.6699981689453,162.77000427246094,161.00999450683594,162.2100067138672,7525800
2024-04-11,145.8727264404297,161.88999938964844,163.6199951171875,159.8000030517578,163.6199951171875,7682500
2024-04-12,143.232666015625,158.9600067138672,163.8699951171875,158.0399932861328,162.2899932861328,11071000
2024-04-15,141.99818420410156,157.58999633789062,160.49000549316406,157.36000061035156,159.94000244140625,7236900
2024-04-16,140.8177947998047,156.27999877929688,157.80999755859375,155.4199981689453,157.3000030517578,5541900
2024-04-17,140.92591857910156,156.39999389648438,157.7100067138672,155.63999938964844,155.99000549316406,6733900
2024-04-18,141.98016357421875,157.57000732421875,158.0399932861328,156.38999938964844,157.13999938964844,4979200
2024-04-19,144.1697540283203,160.0,160.75,158.14999389648438,158.75,7734700
2024-04-22,145.89981079101562,161.9199981689453,162.6999969482422,158.44000244140625,159.9499969482422,6779200
2024-04-23,146.73776245117188,162.85000610351562,162.85000610351562,160.60000610351562,161.30999755859375,5597600
2024-04-24,147.3865509033203,163.57000732421875,163.83999633789062,161.4499969482422,161.8800048828125,7610300
2024-04-25,148.9273681640625,165.27999877929688,165.60000610351562,162.6699981689453,163.6999969482422,9702600
2024-04-26,149.4770050048828,165.88999938964844,166.97999572753906,163.3000030517578,165.22999572753906,9736400
2024-04-29,149.8734893798828,166.3300018310547,167.11000061035156,164.69000244140625,165.91000366210938,6364000
2024-04-30,145.31411743164062,161.27000427246094,166.1199951171875,160.9499969482422,165.97000122070312,8457300
2024-05-01,143.83636474609375,159.6300048828125,161.4499969482422,158.89999389648438,160.77999877929688,7713700
2024-05-02,144.82754516601562,160.72999572753906,161.77999877929688,159.88999938964844,160.41000366210938,8597100
2024-05-03,144.39500427246094,160.25,160.66000366210938,157.0399932861328,160.66000366210938,11664500
2024-05-06,146.24220275878906,162.3000030517578,164.02000427246094,160.72999572753906,160.72999572753906,8430300
2024-05-07,146.57559204101562,162.6699981689453,163.14999389648438,162.02000427246094,162.30999755859375,6869900
2024-05-08,146.4584197998047,162.5399932861328,163.0800018310547,161.5399932861328,161.9499969482422,6706400
2024-05-09,149.0805206298828,165.4499969482422,165.50999450683594,162.72999572753906,163.02000427246094,6683300
2024-05-10,149.41392517089844,165.82000732421875,166.4199981689453,165.02000427246094,166.0399932861328,5490900
2024-05-13,148.2515411376953,164.52999877929688,166.91000366210938,162.97999572753906,166.47999572753906,6848300
2024-05-14,147.4225616455078,163.61000061035156,165.1999969482422,163.02000427246094,164.33999633789062,4924000
2024-05-15,146.91798400878906,163.0500030517578,163.8000030517578,160.1699981689453,163.1300048828125,7603100
2024-05-16,146.61764526367188,161.08999633789062,162.0,160.47999572753906,161.52999877929688,6409400
2024-05-17,148.05569458007812,162.6699981689453,162.97000122070312,161.19000244140625,161.75,5497900
2024-05-20,146.6631317138672,161.13999938964844,163.0,161.07000732421875,162.72000122070312,4913800
2024-05-21,145.59828186035156,159.97000122070312,161.4600067138672,159.74000549316406,160.5800018310547,4783300
2024-05-22,143.4138641357422,157.57000732421875,159.52000427246094,156.52000427246094,159.52000427246094,6260500
2024-05-23,142.84048461914062,156.94000244140625,158.60000610351562,156.3300018310547,157.9199981689453,6718400
2024-05-24,143.57769775390625,157.75,158.97000122070312,157.3000030517578,158.0800018310547,4477700
2024-05-28,144.7517852783203,159.0399932861328,159.4199981689453,157.9499969482422,158.1199951171875,6928300
2024-05-29,142.80406188964844,156.89999389648438,158.49000549316406,156.44000244140625,158.02000427246094,5909600
2024-05-30,144.04188537597656,158.25999450683594,158.4600067138672,156.80999755859375,156.85000610351562,6369600
2024-05-31,147.71890258789062,162.3000030517578,162.5800018310547,158.50999450683594,158.6300048828125,10334200
2024-06-03,143.3137664794922,157.4600067138672,161.67999267578125,156.4600067138672,161.49000549316406,9009900
2024-06-04,142.10325622558594,156.1300048828125,156.35000610351562,154.11000061035156,155.72000122070312,6360500
2024-06-05,141.0565643310547,154.97999572753906,157.02000427246094,154.52999877929688,156.16000366210938,7058500
2024-06-06,141.92120361328125,155.92999267578125,156.02000427246094,153.38999938964844,154.5,5215100
2024-06-07,142.05775451660156,156.0800018310547,157.69000244140625,155.1300048828125,155.7100067138672,5887700
2024-06-10,142.65846252441406,156.74000549316406,158.1999969482422,156.32000732421875,156.41000366210938,7074700
2024-06-11,142.43092346191406,156.49000549316406,156.75,154.47999572753906,156.1699981689453,5132000
2024-06-12,140.36485290527344,154.22000122070312,157.6300048828125,152.39999389648438,157.49000549316406,10017400
2024-06-13,139.1088104248047,152.83999633789062,154.08999633789062,152.22999572753906,153.77000427246094,6163000
2024-06-14,138.86306762695312,152.57000732421875,153.2899932861328,151.97000122070312,153.1300048828125,6159100
2024-06-17,139.4273681640625,153.19000244140625,153.92999267578125,151.92999267578125,152.5,6321400
2024-06-18,139.55479431152344,153.3300018310547,155.9499969482422,152.83999633789062,153.5500030517578,6942900
2024-06-20,142.56744384765625,156.63999938964844,157.41000366210938,153.25,153.7100067138672,8336000
2024-06-21,141.32960510253906,155.27999877929688,157.6699981689453,155.22000122070312,156.8000030517578,21289800
2024-06-24,144.99755859375,159.30999755859375,159.5399932861328,156.19000244140625,156.27000427246094,7971600
2024-06-25,144.22390747070312,158.4600067138672,159.36000061035156,157.6699981689453,159.1199951171875,5985400
2024-06-26,141.9394073486328,155.9499969482422,158.4600067138672,155.7899932861328,158.4600067138672,8637800
2024-06-27,142.27618408203125,156.32000732421875,156.94000244140625,155.63999938964844,156.6999969482422,5568700
2024-06-28,142.36720275878906,156.4199981689453,158.5800018310547,156.1699981689453,157.52000427246094,11283400
2024-07-01,142.4582061767578,156.52000427246094,158.6999969482422,155.97999572753906,157.16000366210938,5584100
2024-07-02,142.6675567626953,156.75,157.72000122070312,155.4499969482422,157.67999267578125,7216800
2024-07-03,142.6311492919922,156.7100067138672,157.74000549316406,156.55999755859375,156.94000244140625,3264200
2024-07-05,140.44676208496094,154.30999755859375,156.5500030517578,153.67999267578125,156.5500030517578,6183100
2024-07-08,140.46495056152344,154.3300018310547,155.27999877929688,153.32000732421875,153.32000732421875,4990700
2024-07-09,139.23623657226562,152.97999572753906,154.75999450683594,152.35000610351562,153.0,5301600
2024-07-10,141.19308471679688,155.1300048828125,155.44000244140625,152.3000030517578,152.5,5416600
2024-07-11,141.3114013671875,155.25999450683594,156.67999267578125,154.22000122070312,155.0,8322500
2024-07-12,141.61175537109375,155.58999633789062,156.44000244140625,154.55999755859375,156.16000366210938,6446300
2024-07-15,143.84164428710938,158.0399932861328,159.52000427246094,156.3699951171875,156.9499969482422,5661200
2024-07-16,143.5959014892578,157.77000427246094,158.30999755859375,156.14999389648438,157.00999450683594,6924200
2024-07-17,146.74505615234375,161.22999572753906,161.47999572753906,158.2899932861328,158.5,7296600
2024-07-18,147.4185791015625,161.97000122070312,164.27999877929688,160.24000549316406,161.22999572753906,6577700
2024-07-19,144.85191345214844,159.14999389648438,162.6999969482422,158.41000366210938,162.47999572753906,6427700
2024-07-22,142.88597106933594,156.99000549316406,158.97999572753906,156.85000610351562,158.22000122070312,5577300
2024-07-23,140.24652099609375,154.08999633789062,156.60000610351562,153.83999633789062,156.35000610351562,6238700
2024-07-24,141.13848876953125,155.07000732421875,155.6999969482422,153.4199981689453,154.69000244140625,5971700
2024-07-25,143.38653564453125,157.5399932861328,158.25999450683594,154.6199951171875,155.3699951171875,5432100
2024-07-26,143.6595916748047,157.83999633789062,159.0399932861328,157.05999755859375,157.72999572753906,5232500
2024-07-29,142.531005859375,156.60000610351562,158.25,154.86000061035156,158.25,5072000
2024-07-30,145.23419189453125,159.57000732421875,160.08999633789062,156.44000244140625,156.4600067138672,5740900
2024-07-31,146.0533447265625,160.47000122070312,161.69000244140625,160.0500030517578,161.69000244140625,6209200
2024-08-01,138.90858459472656,152.6199951171875,159.5,152.02999877929688,158.7100067138672,16689900
2024-08-02,135.20425415039062,148.5500030517578,152.0399932861328,147.02000427246094,151.1300048828125,13278600
2024-08-05,131.66372680664062,144.66000366210938,145.77000427246094,143.41000366210938,145.52000427246094,13037200
2024-08-06,130.36216735839844,143.22999572753906,145.08999633789062,143.1199951171875,144.49000549316406,9692700
2024-08-07,129.6158447265625,142.41000366210938,145.72999572753906,142.27999877929688,144.5800018310547,8867900
2024-08-08,131.50897216796875,144.49000549316406,144.82000732421875,142.7100067138672,143.07000732421875,7531100
2024-08-09,131.96405029296875,144.99000549316406,146.11000061035156,143.19000244140625,144.2100067138672,7653100
2024-08-12,131.99136352539062,145.02000427246094,146.74000549316406,139.69000244140625,145.83999633789062,8442200
2024-08-13,131.19952392578125,144.14999389648438,144.5500030517578,143.0500030517578,144.0800018310547,7794800
2024-08-14,131.67282104492188,144.6699981689453,145.24000549316406,143.42999267578125,144.38999938964844,5874200
2024-08-15,133.61146545410156,146.8000030517578,147.52000427246094,145.47999572753906,145.58999633789062,6304200
2024-08-16,134.03921508789062,147.27000427246094,147.6199951171875,145.63999938964844,146.0500030517578,6874400
2024-08-19,135.1344451904297,146.8300018310547,147.72999572753906,145.88999938964844,146.00999450683594,5967400
2024-08-20,133.16488647460938,144.69000244140625,146.50999450683594,144.55999755859375,146.3300018310547,7497600
2024-08-21,133.7447052001953,145.32000732421875,146.63999938964844,144.5500030517578,145.42999267578125,5985000
2024-08-22,134.12205505371094,145.72999572753906,146.3300018310547,145.1300048828125,145.35000610351562,4027000
2024-08-23,135.86151123046875,147.6199951171875,148.08999633789062,146.32000732421875,146.52999877929688,4824100
2024-08-26,136.67141723632812,148.5,150.08999633789062,147.5500030517578,148.97000122070312,5780300
2024-08-27,135.24490356445312,146.9499969482422,149.5500030517578,146.74000549316406,148.6699981689453,5100000
2024-08-28,134.3705596923828,146.0,147.13999938964844,145.47999572753906,146.44000244140625,5614400
2024-08-29,135.67742919921875,147.4199981689453,148.17999267578125,145.44000244140625,146.4600067138672,4466700
2024-08-30,136.16522216796875,147.9499969482422,148.0800018310547,145.6999969482422,146.22000122070312,6414800
2024-09-03,133.1372833251953,144.66000366210938,145.77000427246094,144.27999877929688,145.5500030517578,7944700
2024-09-04,130.7536163330078,142.07000732421875,145.52999877929688,141.6699981689453,144.63999938964844,9820700
2024-09-05,129.70440673828125,140.92999267578125,143.1699981689453,140.60000610351562,143.1699981689453,9371100
2024-09-06,127.52318572998047,138.55999755859375,142.11000061035156,137.8699951171875,141.07000732421875,7836400
2024-09-09,129.12457275390625,140.3000030517578,142.02000427246094,138.5399932861328,138.63999938964844,9892300
2024-09-10,127.21946716308594,138.22999572753906,141.0800018310547,137.08999633789062,140.89999389648438,8202500
2024-09-11,126.89735412597656,137.8800048828125,138.47999572753906,135.3699951171875,138.2100067138672,9534000
2024-09-12,128.12139892578125,139.2100067138672,139.47000122070312,137.4199981689453,138.22999572753906,6591500
2024-09-13,129.40989685058594,140.61000061035156,141.52999877929688,139.7100067138672,139.8699951171875,5900700
2024-09-16,130.77200317382812,142.08999633789062,143.1699981689453,141.07000732421875,141.69000244140625,6864300
2024-09-17,131.98687744140625,143.41000366210938,144.13999938964844,141.74000549316406,141.8000030517578,7338800
2024-09-18,132.4930419921875,143.9600067138672,145.60000610351562,143.19000244140625,143.32000732421875,6180300
2024-09-19,133.4409942626953,144.99000549316406,146.77999877929688,144.92999267578125,145.80999755859375,7247400
2024-09-20,134.07603454589844,145.67999267578125,145.91000366210938,143.44000244140625,145.22999572753906,23162900
2024-09-23,135.78785705566406,147.5399932861328,148.4199981689453,145.9499969482422,146.25,6960600
2024-09-24,135.70504760742188,147.4499969482422,149.10000610351562,146.91000366210938,148.8800048828125,6014200
2024-09-25,132.50225830078125,143.97000122070312,147.41000366210938,143.5,146.9499969482422,7888400
2024-09-26,130.67996215820312,141.99000549316406,143.22000122070312,140.6300048828125,140.89999389648438,8046200
2024-09-27,133.9011688232422,145.49000549316406,145.77000427246094,142.83999633789062,142.97999572753906,8049200
2024-09-30,135.5393829345703,147.27000427246094,147.47999572753906,144.27999877929688,145.3699951171875,7491700
2024-10-01,137.7758331298828,149.6999969482422,150.52000427246094,145.4499969482422,146.35000610351562,9489100
2024-10-02,138.92626953125,150.9499969482422,152.27999877929688,149.25999450683594,151.67999267578125,8105400
2024-10-03,139.20237731933594,151.25,152.1699981689453,150.02000427246094,151.30999755859375,6553300
2024-10-04,138.7329864501953,150.74000549316406,152.5,150.13999938964844,152.47999572753906,7892400
2024-10-07,139.08273315429688,151.1199951171875,152.75,150.69000244140625,151.5,5895900
2024-10-08,136.90150451660156,148.75,149.60000610351562,147.72999572753906,149.1999969482422,5892700
2024-10-09,137.72979736328125,149.64999389648438,150.3699951171875,147.36000061035156,147.50999450683594,4973500
2024-10-10,138.62255859375,150.6199951171875,151.5500030517578,149.85000610351562,150.67999267578125,4420900
2024-10-11,139.35882568359375,151.4199981689453,152.3300018310547,150.25,150.3800048828125,5051300
2024-10-14,139.69015502929688,151.77999877929688,151.89999389648438,150.17999267578125,150.52000427246094,4214700
2024-10-15,135.96275329589844,147.72999572753906,149.9600067138672,147.55999755859375,148.8000030517578,6704600
2024-10-16,136.8831024169922,148.72999572753906,149.02999877929688,148.2100067138672,148.35000610351562,4303700
2024-10-17,139.15635681152344,151.1999969482422,151.3300018310547,148.97000122070312,149.25999450683594,6593100
2024-10-18,138.74220275878906,150.75,151.0800018310547,149.3800048828125,150.82000732421875,5208200
2024-10-21,138.8618621826172,150.8800048828125,152.47999572753906,150.49000549316406,152.0,5074000
2024-10-22,138.89865112304688,150.9199981689453,151.67999267578125,150.22000122070312,151.25,4416400
2024-10-23,138.49371337890625,150.47999572753906,151.0,149.2899932861328,150.36000061035156,5248600
2024-10-24,138.46609497070312,150.4499969482422,151.4499969482422,149.3800048828125,151.1300048828125,5474300
2024-10-25,138.79739379882812,150.80999755859375,152.1199951171875,150.4600067138672,151.38999938964844,6839900
2024-10-28,138.5489044189453,150.5399932861328,150.6999969482422,148.16000366210938,148.25,8892000
2024-10-29,136.68983459472656,148.52000427246094,150.4199981689453,147.8699951171875,150.0399932861328,6014700
2024-10-30,136.2572479248047,148.0500030517578,149.64999389648438,147.66000366210938,149.0800018310547,5784000
2024-10-31,136.96595764160156,148.82000732421875,149.57000732421875,147.88999938964844,148.75999450683594,8400900
2024-11-01,140.87742614746094,153.07000732421875,155.92999267578125,151.6999969482422,152.47999572753906,11728000
2024-11-04,141.70570373535156,153.97000122070312,154.4199981689453,152.6199951171875,154.4199981689453,6130000
2024-11-05,141.19033813476562,153.41000366210938,154.6699981689453,152.5500030517578,154.52999877929688,5978900
2024-11-06,145.156982421875,157.72000122070312,158.61000061035156,156.1199951171875,157.10000610351562,12118900
2024-11-07,144.28268432617188,156.77000427246094,158.00999450683594,156.39999389648438,157.94000244140625,8143200
2024-11-08,144.429931640625,156.92999267578125,157.5800018310547,155.6699981689453,156.60000610351562,6041500
2024-11-11,144.03419494628906,156.5,157.94000244140625,155.89999389648438,157.13999938964844,7771700
2024-11-12,142.92054748535156,155.2899932861328,157.47000122070312,155.1199951171875,157.3000030517578,5681900
2024-11-13,146.0773468017578,158.72000122070312,159.02000427246094,154.52999877929688,156.07000732421875,8824000
2024-11-14,148.9120330810547,161.8000030517578,161.8300018310547,159.67999267578125,159.83999633789062,10111200
2024-11-15,148.56227111816406,161.4199981689453,162.3800048828125,160.75999450683594,161.52000427246094,9022800
2024-11-18,149.46412658691406,160.75999450683594,161.52000427246094,159.07000732421875,160.55999755859375,6075400
2024-11-19,148.38565063476562,159.60000610351562,160.42999267578125,158.75,159.97999572753906,4657400
2024-11-20,149.9940948486328,161.3300018310547,161.44000244140625,159.77999877929688,159.91000366210938,6391300
2024-11-21,150.2729949951172,161.6300048828125,162.64999389648438,161.2899932861328,162.02000427246094,7945200
2024-11-22,150.95172119140625,162.36000061035156,162.61000061035156,161.14999389648438,161.50999450683594,7005900
2024-11-25,149.09225463867188,160.36000061035156,163.1699981689453,159.8300018310547,162.14999389648438,10702400
2024-11-26,151.1097869873047,162.52999877929688,162.94000244140625,161.39999389648438,162.30999755859375,7369500
2024-11-27,150.7192840576172,162.11000061035156,164.67999267578125,161.61000061035156,162.75999450683594,7674500
2024-11-29,150.55191040039062,161.92999267578125,162.75,160.66000366210938,162.25,5077000
2024-12-02,150.812255859375,162.2100067138672,162.9499969482422,160.11000061035156,162.2899932861328,6229600
2024-12-03,150.54263305664062,161.9199981689453,163.1999969482422,161.38999938964844,162.97999572753906,5900100
2024-12-04,147.19558715820312,158.32000732421875,161.83999633789062,157.86000061035156,161.8300018310547,7862700
2024-12-05,148.13462829589844,159.3300018310547,160.6699981689453,158.69000244140625,159.2899932861328,6358400
2024-12-06,144.33201599121094,155.24000549316406,158.8300018310547,155.1699981689453,158.75,9701700
2024-12-09,146.04269409179688,157.0800018310547,160.0800018310547,156.82000732421875,157.0,9404500
2024-12-10,145.9683380126953,157.0,159.52000427246094,156.6999969482422,159.05999755859375,9126200
2024-12-11,145.23385620117188,156.2100067138672,157.1699981689453,155.8000030517578,156.86000061035156,13764700
2024-12-12,143.8392333984375,154.7100067138672,156.52999877929688,154.27000427246094,155.8699951171875,7621500
2024-12-13,143.0582733154297,153.8699951171875,154.9600067138672,153.07000732421875,154.8699951171875,5816200
2024-12-16,138.8651580810547,149.36000061035156,153.88999938964844,149.25,153.88999938964844,11961200
2024-12-17,137.70298767089844,148.11000061035156,148.64999389648438,146.91000366210938,148.0,11909300
2024-12-18,133.95616149902344,144.0800018310547,148.6699981689453,143.97999572753906,147.75999450683594,10174500
2024-12-19,131.23202514648438,141.14999389648438,144.75999450683594,140.9499969482422,144.57000732421875,16544300
2024-12-20,132.81259155273438,142.85000610351562,142.85000610351562,140.5500030517578,140.82000732421875,32209200
2024-12-23,132.92416381835938,142.97000122070312,143.35000610351562,141.5399932861328,142.47999572753906,8156500
2024-12-24,133.7330322265625,143.83999633789062,144.0399932861328,142.25999450683594,143.10000610351562,3556100
2024-12-26,133.86318969726562,143.97999572753906,144.30999755859375,142.89999389648438,143.6699981689453,4492600
2024-12-27,133.8817596435547,144.0,145.7100067138672,143.38999938964844,144.2899932861328,5296500
2024-12-30,133.0171356201172,143.07000732421875,143.97999572753906,142.35000610351562,143.7899932861328,6194800
2024-12-31,134.6627655029297,144.83999633789062,145.33999633789062,143.32000732421875,143.52000427246094,6137800
2025-01-02,136.40138244628906,146.7100067138672,148.07000732421875,145.47999572753906,145.47999572753906,7170300
2025-01-03,137.46127319335938,147.85000610351562,148.5,147.3000030517578,147.5399932861328,5809000
2025-01-06,136.91270446777344,147.25999450683594,150.3300018310547,146.8699951171875,148.39999389648438,5888700
2025-01-07,139.07901000976562,149.58999633789062,150.5,147.6300048828125,148.50999450683594,7736000
2025-01-08,139.7390899658203,150.3000030517578,151.17999267578125,148.02999877929688,148.0399932861328,7640900
2025-01-10,142.3795623779297,153.13999938964844,154.33999633789062,150.8699951171875,153.41000366210938,11074700
2025-01-13,144.43426513671875,155.35000610351562,157.35000610351562,154.0,154.10000610351562,11774100
2025-01-14,145.87533569335938,156.89999389648438,156.91000366210938,154.4600067138672,155.2100067138672,6830200
2025-01-15,147.2048797607422,158.3300018310547,158.69000244140625,156.3800048828125,156.8800048828125,7900000
2025-01-16,148.18109130859375,159.3800048828125,159.89999389648438,158.02999877929688,158.02999877929688,5578900
2025-01-17,150.12425231933594,161.47000122070312,161.77000427246094,158.8000030517578,159.1300048828125,9260400
2025-01-21,147.1212158203125,158.24000549316406,161.39999389648438,157.49000549316406,161.14999389648438,10131400
2025-01-22,145.41978454589844,156.41000366210938,158.44000244140625,156.27000427246094,157.67999267578125,7232200
2025-01-23,145.04788208007812,156.00999450683594,157.94000244140625,155.6199951171875,157.6300048828125,5979800
2025-01-24,144.71316528320312,155.64999389648438,157.47000122070312,155.27000427246094,156.4600067138672,8003800
2025-01-27,146.1821746826172,157.22999572753906,157.88999938964844,155.52000427246094,156.3300018310547,7141000
2025-01-28,145.23385620117188,156.2100067138672,158.9199981689453,155.17999267578125,157.7100067138672,6425400
2025-01-29,144.7503662109375,155.69000244140625,156.5800018310547,154.80999755859375,155.72000122070312,5630600
2025-01-30,145.33612060546875,156.32000732421875,157.4499969482422,155.52000427246094,156.55999755859375,6931900
2025-01-31,138.7071075439453,149.19000244140625,154.3699951171875,148.64999389648438,153.75999450683594,16726800
2025-02-03,138.84654235839844,149.33999633789062,150.86000061035156,147.8000030517578,149.0,7605000
2025-02-04,142.45394897460938,153.22000122070312,153.38999938964844,148.72000122070312,148.72000122070312,8458100
2025-02-05,142.24009704589844,152.99000549316406,153.8000030517578,152.2899932861328,152.99000549316406,6533700
2025-02-06,141.22666931152344,151.89999389648438,155.25999450683594,151.05999755859375,154.22000122070312,6420500
2025-02-07,141.89608764648438,152.6199951171875,153.80999755859375,151.9199981689453,152.47999572753906,4724900
2025-02-10,144.8247528076172,155.77000427246094,155.8000030517578,154.05999755859375,154.2899932861328,5653800
2025-02-11,146.37741088867188,157.44000244140625,158.7100067138672,156.1199951171875,156.35000610351562,6011800
2025-02-12,144.01588439941406,154.89999389648438,157.47000122070312,154.57000732421875,156.75,6693500
2025-02-13,144.92703247070312,155.8800048828125,156.4199981689453,153.32000732421875,154.77999877929688,7836400
2025-02-14,146.02688598632812,155.33999633789062,157.4499969482422,154.8800048828125,155.0800018310547,5828800
2025-02-18,146.79771423339844,156.16000366210938,157.30999755859375,154.77999877929688,155.33999633789062,5981500
2025-02-19,147.80357360839844,157.22999572753906,158.36000061035156,156.0,156.52000427246094,4945800
2025-02-20,149.2700653076172,158.7899932861328,158.9499969482422,157.07000732421875,157.5,6256200
2025-02-21,147.51217651367188,156.9199981689453,158.9499969482422,156.82000732421875,158.1300048828125,6689800
2025-02-24,148.42401123046875,157.88999938964844,158.3300018310547,156.75,157.08999633789062,5925000
2025-02-25,147.04212951660156,156.4199981689453,158.99000549316406,155.4600067138672,157.99000549316406,6810900
2025-02-26,145.8388671875,155.13999938964844,156.69000244140625,154.39999389648438,156.6199951171875,6005200
2025-02-27,147.2771759033203,156.6699981689453,158.2899932861328,154.80999755859375,155.69000244140625,7517200
2025-02-28,149.11024475097656,158.6199951171875,158.6699981689453,154.9199981689453,156.6999969482422,8828500
2025-03-03,143.91177368164062,153.08999633789062,160.08999633789062,151.75999450683594,159.4600067138672,9059800
2025-03-04,142.8871307373047,152.0,154.14999389648438,150.0500030517578,151.2100067138672,8826300
2025-03-05,141.76846313476562,150.80999755859375,151.3699951171875,147.74000549316406,150.14999389648438,9288300
2025-03-06,143.78018188476562,152.9499969482422,153.3300018310547,149.47000122070312,150.50999450683594,7314700
2025-03-07,146.96693420410156,156.33999633789062,157.4499969482422,153.7100067138672,153.9499969482422,8562600
2025-03-10,148.12318420410156,157.57000732421875,160.3699951171875,156.1699981689453,157.19000244140625,11750300
2025-03-11,144.84242248535156,154.0800018310547,158.83999633789062,153.7899932861328,158.42999267578125,10466300
2025-03-12,143.51693725585938,152.6699981689453,154.7899932861328,152.22000122070312,153.63999938964844,9710200
2025-03-13,144.4005889892578,153.61000061035156,154.42999267578125,151.9199981689453,152.25999450683594,9022800
2025-03-14,147.60617065429688,157.02000427246094,157.24000549316406,153.00999450683594,153.99000549316406,6671500
2025-03-17,149.20423889160156,158.72000122070312,159.4499969482422,156.75999450683594,157.22000122070312,7615200
2025-03-18,151.16891479492188,160.80999755859375,161.08999633789062,158.82000732421875,159.74000549316406,9289500
2025-03-19,154.21469116210938,164.0500030517578,164.5399932861328,160.89999389648438,160.97000122070312,11503900
2025-03-20,154.89154052734375,164.77000427246094,165.30999755859375,162.41000366210938,163.1300048828125,9545900
2025-03-21,154.87269592285156,164.75,164.88999938964844,163.11000061035156,164.49000549316406,21625500
2025-03-24,155.12652587890625,165.02000427246094,166.42999267578125,164.32000732421875,164.69000244140625,8068000
2025-03-25,155.99136352539062,165.94000244140625,167.82000732421875,165.11000061035156,166.0800018310547,7869200
2025-03-26,157.89968872070312,167.97000122070312,168.9600067138672,167.25,167.3699951171875,10076100
2025-03-27,156.6588134765625,166.64999389648438,168.22000122070312,165.85000610351562,167.25,6862700
2025-03-28,156.13238525390625,166.08999633789062,167.1300048828125,165.3000030517578,166.6999969482422,4923000
2025-03-31,157.26043701171875,167.2899932861328,168.9199981689453,166.1300048828125,166.19000244140625,10675300
2025-04-01,158.4073028564453,168.50999450683594,168.60000610351562,166.16000366210938,167.2899932861328,6378600
2025-04-02,156.4896240234375,166.47000122070312,167.97999572753906,165.85000610351562,167.39999389648438,7044900
2025-04-03,146.7601318359375,156.1199951171875,161.35000610351562,155.8000030517578,160.1199951171875,15501000
2025-04-04,134.68992614746094,143.27999877929688,152.4600067138672,142.75,151.75999450683594,20374700
2025-04-07,131.74755859375,140.14999389648438,146.19000244140625,137.2899932861328,138.72999572753906,17817000
2025-04-08,128.7206268310547,136.92999267578125,144.49000549316406,134.8699951171875,144.14999389648438,12904400
2025-04-09,137.2750701904297,146.02999877929688,147.47000122070312,133.8800048828125,135.02000427246094,16846800
2025-04-10,126.88752746582031,134.97999572753906,143.6300048828125,133.4499969482422,143.22000122070312,20991200
2025-04-11,127.49855041503906,135.6300048828125,137.1199951171875,132.0399932861328,135.00999450683594,17224400
2025-04-14,127.2071533203125,135.32000732421875,138.5399932861328,134.10000610351562,138.47999572753906,9628200
2025-04-15,126.47388458251953,134.5399932861328,136.6300048828125,134.25,134.32000732421875,9334800
2025-04-16,127.24474334716797,135.36000061035156,137.5500030517578,134.8000030517578,135.39999389648438,8637200
2025-04-17,129.604248046875,137.8699951171875,140.24000549316406,136.4499969482422,136.69000244140625,8434400
2025-04-21,125.71247100830078,133.72999572753906,136.2899932861328,132.3300018310547,136.02000427246094,9967500
2025-04-22,129.06845092773438,137.3000030517578,138.24000549316406,134.94000244140625,135.25999450683594,7984700
2025-04-23,128.485595703125,136.67999267578125,138.5500030517578,135.14999389648438,137.2100067138672,10002000
2025-04-24,130.73233032226562,139.07000732421875,139.39999389648438,137.22000122070312,137.9199981689453,7745800
2025-04-25,130.4127197265625,138.72999572753906,139.0500030517578,137.25,138.3300018310547,6878500
2025-04-28,131.70059204101562,140.10000610351562,140.4600067138672,138.67999267578125,138.97000122070312,6715500
2025-04-29,130.94851684570312,139.3000030517578,140.00999450683594,138.57000732421875,138.69000244140625,7343800
2025-04-30,127.90279388427734,136.05999755859375,138.14999389648438,134.13999938964844,138.0,13858000
2025-05-01,128.09078979492188,136.25999450683594,137.9499969482422,135.1199951171875,135.4199981689453,10199800
2025-05-02,130.19650268554688,138.5,139.77999877929688,135.2899932861328,137.8800048828125,12393200
2025-05-05,127.3763656616211,135.5,137.0,135.17999267578125,136.77000427246094,9665000
2025-05-06,127.47035217285156,135.60000610351562,137.30999755859375,135.0399932861328,136.35000610351562,9916200
2025-05-07,127.64896392822266,135.7899932861328,136.3000030517578,134.6199951171875,136.07000732421875,8422100
2025-05-08,128.82400512695312,137.0399932861328,138.88999938964844,136.47000122070312,136.69000244140625,8669300
2025-05-09,130.18711853027344,138.49000549316406,139.3699951171875,137.6999969482422,138.89999389648438,5965700
2025-05-12,133.12942504882812,141.6199951171875,143.7100067138672,140.57000732421875,142.4499969482422,8028200
2025-05-13,133.81568908691406,142.35000610351562,143.22999572753906,140.9199981689453,141.52999877929688,8536800
2025-05-14,133.17645263671875,141.6699981689453,142.22999572753906,140.72999572753906,141.75999450683594,6453600
2025-05-15,133.73104858398438,142.25999450683594,142.4600067138672,139.50999450683594,140.0,7545400
2025-05-16,133.58067321777344,142.10000610351562,143.0,140.6999969482422,142.6999969482422,8200100
2025-05-19,131.7728271484375,138.49000549316406,139.52000427246094,137.1199951171875,139.47000122070312,7713600
2025-05-20,130.6119842529297,137.27000427246094,138.75,137.02999877929688,138.2899932861328,6503900
2025-05-21,128.98492431640625,135.55999755859375,137.1300048828125,135.49000549316406,136.6199951171875,9073200
2025-05-22,128.72799682617188,135.2899932861328,135.99000549316406,133.77000427246094,134.99000549316406,8877600
2025-05-23,129.91738891601562,136.5399932861328,136.7899932861328,134.05999755859375,134.38999938964844,7025900
2025-05-27,131.14483642578125,137.8300018310547,137.97000122070312,136.41000366210938,137.3800048828125,8348900
2025-05-28,129.42262268066406,136.02000427246094,138.7899932861328,135.66000366210938,138.77999877929688,6876300
2025-05-29,131.220947265625,137.91000366210938,137.94000244140625,136.10000610351562,136.5,7554300
2025-05-30,130.06964111328125,136.6999969482422,137.4499969482422,135.2100067138672,136.8800048828125,12858900
2025-06-02,131.15432739257812,137.83999633789062,138.69000244140625,136.42999267578125,138.49000549316406,9076600
2025-06-03,132.7814178466797,139.5500030517578,140.58999633789062,136.60000610351562,137.64999389648438,9001300
2025-06-04,130.70713806152344,137.3699951171875,140.6300048828125,137.3300018310547,139.4199981689453,8735600
2025-06-05,130.2599334716797,136.89999389648438,138.2899932861328,136.6999969482422,138.14999389648438,6342600
2025-06-06,133.40939331054688,140.2100067138672,140.61000061035156,138.08999633789062,138.08999633789062,6563500
2025-06-09,133.93272399902344,140.75999450683594,142.13999938964844,139.69000244140625,140.5500030517578,7159500
2025-06-10,136.3970947265625,143.35000610351562,144.94000244140625,141.91000366210938,142.22000122070312,9841500
2025-06-11,137.7577362060547,144.77999877929688,145.1199951171875,142.61000061035156,144.19000244140625,9256700
2025-06-12,137.93853759765625,144.97000122070312,145.1999969482422,143.42999267578125,144.5,6999400
2025-06-13,138.8329315185547,145.91000366210938,147.60000610351562,144.5399932861328,147.0800018310547,14148000
2025-06-16,138.94711303710938,146.02999877929688,146.8699951171875,143.74000549316406,145.72999572753906,10105100
2025-06-17,141.63034057617188,148.85000610351562,149.97999572753906,146.5,147.3300018310547,11330300
2025-06-18,141.00233459472656,148.19000244140625,150.1699981689453,147.6999969482422,149.44000244140625,9841900
2025-06-20,142.29637145996094,149.5500030517578,149.89999389648438,147.89999389648438,148.52000427246094,23705900
2025-06-23,139.73684692382812,146.86000061035156,152.14999389648438,146.32000732421875,152.1199951171875,10540600
2025-06-24,136.58740234375,143.5500030517578,146.38999938964844,143.16000366210938,144.5399932861328,10778400
2025-06-25,136.2829132080078,143.22999572753906,144.1999969482422,142.50999450683594,143.41000366210938,7386100
2025-06-26,137.43421936035156,144.44000244140625,145.0800018310547,143.39999389648438,143.6999969482422,7415700
2025-06-27,136.8157501220703,143.7899932861328,144.6699981689453,142.57000732421875,144.5500030517578,9213500
2025-06-30,136.24484252929688,143.19000244140625,144.10000610351562,142.39999389648438,143.0399932861328,6980300
2025-07-01,138.5093994140625,145.57000732421875,146.27000427246094,142.50999450683594,143.33999633789062,8508200
2025-07-02,140.80250549316406,147.97999572753906,148.00999450683594,145.47000122070312,147.00999450683594,8228700
2025-07-03,141.17361450195312,148.3699951171875,148.97999572753906,147.36000061035156,147.83999633789062,5173300
2025-07-07,140.2506561279297,147.39999389648438,148.1699981689453,145.5800018310547,147.39999389648438,9460900
2025-07-08,145.80740356445312,153.24000549316406,153.24000549316406,147.25999450683594,147.32000732421875,14082100
2025-07-09,145.5980682373047,153.02000427246094,153.9600067138672,152.47999572753906,152.94000244140625,9495900
2025-07-10,146.6922607421875,154.1699981689453,155.27999877929688,151.67999267578125,152.7899932861328,8395100
2025-07-11,147.77700805664062,155.30999755859375,155.88999938964844,153.57000732421875,154.2899932861328,8333200
2025-07-14,144.2945098876953,151.64999389648438,154.89999389648438,151.13999938964844,154.89999389648438,10706300
2025-07-15,143.38108825683594,150.69000244140625,152.30999755859375,150.25,151.60000610351562,7346300
2025-07-16,142.64842224121094,149.9199981689453,151.47999572753906,149.22000122070312,150.75999450683594,7923400
2025-07-17,144.03761291503906,151.3800048828125,151.83999633789062,148.60000610351562,149.16000366210938,8359600
2025-07-18,142.76260375976562,150.0399932861328,155.91000366210938,146.52999877929688,155.02000427246094,45782600
2025-07-21,142.4200439453125,149.67999267578125,151.6699981689453,149.1300048828125,151.1999969482422,17982200
2025-07-22,142.76260375976562,150.0399932861328,150.94000244140625,148.47999572753906,149.25999450683594,26196500
2025-07-23,145.69322204589844,153.1199951171875,153.13999938964844,150.47000122070312,150.91000366210938,13162800
2025-07-24,148.2717742919922,155.8300018310547,156.0,152.1999969482422,152.69000244140625,15701000
2025-07-25,147.3297882080078,154.83999633789062,156.1999969482422,153.9600067138672,155.8300018310547,7875500
2025-07-28,148.699951171875,156.27999877929688,156.5500030517578,154.9499969482422,155.39999389648438,8755400
2025-07-29,149.41355895996094,157.02999877929688,157.2100067138672,155.4499969482422,156.67999267578125,6446000
2025-07-30,146.11187744140625,153.55999755859375,156.30999755859375,152.6999969482422,156.13999938964844,9191700
2025-07-31,144.28501892089844,151.63999938964844,153.92999267578125,151.13999938964844,152.0,10237100
2025-08-01,144.056640625,151.39999389648438,154.64999389648438,150.35000610351562,152.5399932861328,10706500
2025-08-04,143.71409606933594,151.0399932861328,152.0800018310547,149.82000732421875,151.25,10116600
2025-08-05,145.61709594726562,153.0399932861328,153.10000610351562,149.89999389648438,151.02999877929688,8604100
2025-08-06,145.36968994140625,152.77999877929688,155.16000366210938,152.22000122070312,154.47999572753906,7840900
2025-08-07,145.73129272460938,153.16000366210938,155.14999389648438,152.8300018310547,153.7899932861328,6510400
2025-08-08,147.49154663085938,155.00999450683594,155.75,153.5,153.99000549316406,6332800
2025-08-11,146.0072021484375,153.4499969482422,155.92999267578125,152.99000549316406,155.33999633789062,6169700
2025-08-12,146.94918823242188,154.44000244140625,156.0500030517578,153.36000061035156,154.08999633789062,6641600
2025-08-13,148.309814453125,155.8699951171875,156.00999450683594,154.1999969482422,154.57000732421875,6581900
2025-08-14,147.63426208496094,155.16000366210938,155.6999969482422,154.10000610351562,155.6999969482422,7337300
2025-08-15,148.95684814453125,156.5500030517578,158.5399932861328,155.2899932861328,155.47999572753906,11617000
2025-08-18,147.78652954101562,155.32000732421875,156.49000549316406,154.75,156.1300048828125,8174300
2025-08-19,146.237548828125,152.0,153.94000244140625,151.85000610351562,153.4600067138672,8567500
2025-08-20,147.41128540039062,153.22000122070312,153.49000549316406,151.92999267578125,152.4199981689453,8076300
2025-08-21,149.65298461914062,155.5500030517578,155.6699981689453,152.72999572753906,152.82000732421875,7533600
2025-08-22,152.18325805664062,158.17999267578125,158.7899932861328,155.32000732421875,155.32000732421875,9084300
2025-08-25,152.20249938964844,158.1999969482422,158.32000732421875,157.1699981689453,157.89999389648438,7030000
2025-08-26,151.39434814453125,157.36000061035156,160.0,156.5500030517578,157.50999450683594,10270000
2025-08-27,153.2030792236328,159.24000549316406,159.99000549316406,157.2100067138672,157.39999389648438,7483000
2025-08-28,153.28004455566406,159.32000732421875,159.52000427246094,157.85000610351562,159.00999450683594,6502000
2025-08-29,154.51150512695312,160.60000610351562,161.10000610351562,159.4499969482422,159.6999969482422,6934800
2025-09-02,155.6948699951172,161.8300018310547,161.86000061035156,159.3800048828125,160.47999572753906,8947300
2025-09-03,152.06781005859375,158.05999755859375,161.85000610351562,157.02000427246094,160.0,9556100
2025-09-04,151.7118377685547,157.69000244140625,159.64999389648438,157.5,158.05999755859375,7243000
2025-09-05,147.83460998535156,153.66000366210938,156.72000122070312,153.49000549316406,156.05999755859375,11011700
2025-09-08,148.16172790527344,154.0,155.02999877929688,152.8800048828125,153.91000366210938,9462000
2025-09-09,148.97950744628906,154.85000610351562,156.99000549316406,154.60000610351562,154.91000366210938,7769200
2025-09-10,151.80804443359375,157.7899932861328,157.9199981689453,155.0,155.0500030517578,7440800
2025-09-11,152.25059509277344,158.25,158.9199981689453,156.00999450683594,156.5,6417400
2025-09-12,151.15382385253906,157.11000061035156,159.77999877929688,157.10000610351562,158.85000610351562,5546300
2025-09-15,151.3462371826172,157.30999755859375,158.32000732421875,156.5,157.3800048828125,5030500
2025-09-16,153.49169921875,159.5399932861328,160.10000610351562,158.1199951171875,158.25,8011000
2025-09-17,154.02084350585938,160.08999633789062,160.6699981689453,158.61000061035156,159.1999969482422,5736800
2025-09-18,152.81822204589844,158.83999633789062,160.2899932861328,158.08999633789062,160.02999877929688,6244200
2025-09-19,150.28794860839844,156.2100067138672,159.0,155.5500030517578,159.0,16734000
2025-09-22,150.13401794433594,156.0500030517578,157.1199951171875,155.14999389648438,155.6199951171875,5244000
2025-09-23,151.4520721435547,157.4199981689453,159.8300018310547,156.99000549316406,157.1199951171875,7181400
2025-09-24,153.1453399658203,159.17999267578125,160.49000549316406,158.25,158.32000732421875,6285200
2025-09-25,154.62696838378906,160.72000122070312,161.00999450683594,159.35000610351562,159.44000244140625,6311000
2025-09-26,154.08819580078125,160.16000366210938,161.3000030517578,159.50999450683594,160.57000732421875,7015200
2025-09-29,150.18211364746094,156.10000610351562,159.1300048828125,155.55999755859375,159.1300048828125,8315100
2025-09-30,149.40280151367188,155.2899932861328,155.72999572753906,153.92999267578125,154.88999938964844,7755700
2025-10-01,148.71974182128906,154.5800018310547,155.08999633789062,153.19000244140625,154.8300018310547,6768400
2025-10-02,147.5556182861328,153.3699951171875,156.60000610351562,153.32000732421875,153.9600067138672,7562400
2025-10-03,147.72879028320312,153.5500030517578,154.27999877929688,152.22999572753906,153.5800018310547,7249300
2025-10-06,148.18096923828125,154.02000427246094,154.64999389648438,152.9199981689453,153.97000122070312,4778900
2025-10-07,149.0372314453125,154.91000366210938,154.9600067138672,151.27999877929688,153.64999389648438,5479600
2025-10-08,147.91159057617188,153.74000549316406,154.67999267578125,152.83999633789062,154.36000061035156,5678000
2025-10-09,145.89120483398438,151.63999938964844,154.97000122070312,151.55999755859375,154.1300048828125,6178600
2025-10-10,143.2550506591797,148.89999389648438,151.35000610351562,148.88999938964844,150.6999969482422,7796600
2025-10-13,146.17984008789062,151.94000244140625,151.97999572753906,149.42999267578125,150.0,5978800
2025-10-14,146.61276245117188,152.38999938964844,153.4600067138672,149.66000366210938,149.80999755859375,6419400
2025-10-15,146.34336853027344,152.11000061035156,154.2100067138672,151.0399932861328,152.89999389648438,5824900
2025-10-16,145.95855712890625,151.7100067138672,152.72999572753906,150.22999572753906,152.13999938964844,5276800
2025-10-17,147.27659606933594,153.0800018310547,154.19000244140625,152.1999969482422,152.25999450683594,7735500
2025-10-20,148.62350463867188,154.47999572753906,154.72000122070312,153.17999267578125,153.42999267578125,5676500
2025-10-21,147.95968627929688,153.7899932861328,155.2899932861328,153.2100067138672,154.74000549316406,6304900
2025-10-22,149.67221069335938,155.57000732421875,155.97999572753906,153.61000061035156,154.64999389648438,6036700
2025-10-23,150.62466430664062,156.55999755859375,158.58999633789062,156.1199951171875,158.1999969482422,9810900
2025-10-24,149.66258239746094,155.55999755859375,157.6300048828125,155.42999267578125,157.4199981689453,4979900
2025-10-27,149.39320373535156,155.27999877929688,156.5,154.8699951171875,155.8000030517578,4884400
2025-10-28,148.2868194580078,154.1300048828125,156.22999572753906,153.88999938964844,154.89999389648438,5066500
2025-10-29,149.22003173828125,155.10000610351562,156.14999389648438,153.86000061035156,153.86000061035156,7344400
2025-10-30,147.69992065429688,153.52000427246094,155.22999572753906,153.24000549316406,155.22999572753906,8971200
2025-10-31,151.74069213867188,157.72000122070312,159.17999267578125,155.11000061035156,155.72999572753906,11136100
2025-11-03,148.2001953125,154.0399932861328,157.72000122070312,153.57000732421875,157.41000366210938,8512200
2025-11-04,147.57484436035156,153.38999938964844,153.75999450683594,152.14999389648438,153.42999267578125,6976800
2025-11-05,146.87252807617188,152.66000366210938,154.39999389648438,152.66000366210938,153.52999877929688,5894700
2025-11-06,147.1419219970703,152.94000244140625,154.7899932861328,152.67999267578125,152.91000366210938,6466300
2025-11-07,149.14305114746094,155.02000427246094,156.1699981689453,153.42999267578125,153.42999267578125,9835900
2025-11-10,149.74916076660156,155.64999389648438,155.97999572753906,152.3699951171875,155.4199981689453,8436800
2025-11-11,150.3168182373047,156.24000549316406,157.99000549316406,155.89999389648438,156.75,6361400
2025-11-12,147.50750732421875,153.32000732421875,155.7899932861328,152.0800018310547,155.5800018310547,11670900
2025-11-13,149.68182373046875,155.5800018310547,156.1999969482422,153.92999267578125,154.0,7998700
2025-11-14,151.6444854736328,157.6199951171875,157.9499969482422,154.80999755859375,156.22999572753906,8484800
2025-11-17,148.95065307617188,154.82000732421875,157.88999938964844,154.44000244140625,157.72000122070312,8745000
2025-11-18,149.44679260253906,153.6199951171875,154.27999877929688,151.75999450683594,152.5,10813400
2025-11-19,147.57894897460938,151.6999969482422,151.9600067138672,150.25,151.16000366210938,7539900
2025-11-20,146.22669982910156,150.30999755859375,153.0399932861328,150.0500030517578,152.5399932861328,7623400
2025-11-21,145.90567016601562,149.97999572753906,151.00999450683594,148.75,150.44000244140625,9248400
2025-11-24,145.68190002441406,149.75,150.1199951171875,147.74000549316406,149.82000732421875,14181100
2025-11-25,144.49505615234375,148.52999877929688,149.89999389648438,148.27000427246094,148.89999389648438,11447900
2025-11-26,145.44842529296875,149.50999450683594,150.4600067138672,148.1999969482422,148.25999450683594,7578900
2025-11-28,147.02444458007812,151.1300048828125,151.52000427246094,149.25999450683594,149.4600067138672,3848600
2025-12-01,148.39610290527344,152.5399932861328,153.9499969482422,151.5,151.75,8209000
2025-12-02,146.1683349609375,150.25,152.4600067138672,149.25999450683594,152.02000427246094,9196300
2025-12-03,147.471923828125,151.58999633789062,152.5,150.97999572753906,151.0399932861328,8060200
2025-12-04,148.12371826171875,152.25999450683594,152.94000244140625,151.22000122070312,151.75,7254700
2025-12-05,145.9251251220703,150.0,152.6300048828125,149.8300018310547,152.0,12659800
2025-12-08,144.67018127441406,148.7100067138672,150.07000732421875,147.66000366210938,149.25,10237200
2025-12-09,144.45614624023438,148.49000549316406,150.10000610351562,148.22000122070312,149.0500030517578,8916700
2025-12-10,147.29681396484375,151.41000366210938,151.8000030517578,148.6999969482422,149.17999267578125,10976300
2025-12-11,146.6255645751953,150.72000122070312,151.94000244140625,150.10000610351562,150.8300018310547,8414200
2025-12-12,145.91539001464844,149.99000549316406,151.5500030517578,149.6300048828125,151.14999389648438,5848100
2025-12-15,145.73056030273438,149.8000030517578,150.10000610351562,148.42999267578125,149.83999633789062,7503000
2025-12-16,142.76339721679688,146.75,148.82000732421875,146.49000549316406,148.5399932861328,11290500
2025-12-17,145.4581756591797,149.52000427246094,149.8699951171875,147.35000610351562,147.5,8805300
2025-12-18,143.67787170410156,147.69000244140625,149.27000427246094,147.0800018310547,148.85000610351562,6998800
2025-12-19,143.73623657226562,147.75,149.00999450683594,147.19000244140625,147.9600067138672,21701400
2025-12-22,145.73056030273438,149.8000030517578,150.49000549316406,148.6999969482422,148.80999755859375,8143600
2025-12-23,146.4212646484375,150.50999450683594,151.0800018310547,149.85000610351562,150.0399932861328,4663700
2025-12-24,146.4115447998047,150.5,150.99000549316406,150.10000610351562,150.3800048828125,2227600
2025-12-26,145.944580078125,150.02000427246094,151.13999938964844,149.64999389648438,150.3800048828125,3706900
2025-12-29,146.8882293701172,150.99000549316406,151.63999938964844,150.08999633789062,151.0,5589100
2025-12-30,148.17237854003906,152.30999755859375,152.6699981689453,151.47000122070312,151.5,5150500
2025-12-31,148.2696533203125,152.41000366210938,152.5500030517578,151.6699981689453,152.38999938964844,4953100
2026-01-02,151.6648406982422,155.89999389648438,155.89999389648438,151.25,152.1699981689453,6862100
2026-01-05,159.39889526367188,163.85000610351562,165.75,159.30999755859375,165.75,35094900
2026-01-06,152.28744506835938,156.5399932861328,165.0500030517578,156.11000061035156,164.8800048828125,20564900
2026-01-07,150.98385620117188,155.1999969482422,158.00999450683594,154.89999389648438,157.44000244140625,13537900
2026-01-08,154.92384338378906,159.25,160.44000244140625,155.2100067138672,155.5,12929600
2026-01-09,157.70614624023438,162.11000061035156,162.6999969482422,159.94000244140625,160.55999755859375,12549600
2026-01-12,157.92990112304688,162.33999633789062,163.55999755859375,160.7100067138672,162.6999969482422,9796800
2026-01-13,159.41831970214844,163.8699951171875,166.1300048828125,163.3000030517578,163.47000122070312,12068600
2026-01-14,162.69679260253906,167.24000549316406,169.3699951171875,164.10000610351562,164.10000610351562,16414900
2026-01-15,161.64613342285156,166.16000366210938,167.3300018310547,165.10000610351562,165.77000427246094,8097400
2026-01-16,161.74339294433594,166.25999450683594,167.2899932861328,165.80999755859375,166.58999633789062,9745800
2026-01-20,160.8094940185547,165.3000030517578,167.64999389648438,165.14999389648438,166.7100067138672,11142500
2026-01-21,162.2006378173828,166.72999572753906,168.47999572753906,166.05999755859375,167.0,10918500
2026-01-22,162.13253784179688,166.66000366210938,167.55999755859375,165.72999572753906,166.25999450683594,8957400
2026-01-23,162.19090270996094,166.72000122070312,168.44000244140625,166.44000244140625,167.9499969482422,8368700
2026-01-26,162.94972229003906,167.5,168.41000366210938,166.77000427246094,168.3300018310547,8912600
2026-01-27,164.45761108398438,169.0500030517578,169.35000610351562,166.64999389648438,167.77000427246094,9784900
2026-01-28,165.31369018554688,169.92999267578125,170.4199981689453,168.1999969482422,169.9600067138672,9200200
2026-01-29,166.53948974609375,171.19000244140625,174.9199981689453,171.0399932861328,172.64999389648438,16786600
2026-01-30,172.09434509277344,176.89999389648438,177.3000030517578,171.27000427246094,172.6199951171875,22946600
2026-02-02,169.30233764648438,174.02999877929688,176.27000427246094,172.64999389648438,173.44000244140625,14235300
2026-02-03,173.20339965820312,178.0399932861328,178.82000732421875,173.75,173.8800048828125,18425400
2026-02-04,176.30673217773438,181.22999572753906,182.58999633789062,178.8800048828125,178.8800048828125,16170500
2026-02-05,174.36106872558594,179.22999572753906,180.4600067138672,177.41000366210938,179.63999938964844,10474100
2026-02-06,175.94679260253906,180.86000061035156,182.10000610351562,179.50999450683594,180.3000030517578,9901800
2026-02-09,177.63954162597656,182.60000610351562,182.82000732421875,179.9499969482422,181.00999450683594,12021300
2026-02-10,177.30874633789062,182.25999450683594,182.9499969482422,180.86000061035156,182.72999572753906,7458200
2026-02-11,180.7720489501953,185.82000732421875,186.52000427246094,183.5500030517578,183.94000244140625,10502100
2026-02-12,177.44496154785156,182.39999389648438,185.8000030517578,182.08999633789062,185.8000030517578,9673700
2026-02-13,178.74855041503906,183.74000549316406,184.83999633789062,181.72000122070312,182.5399932861328,9034700
2026-02-17,177.36343383789062,180.5500030517578,183.8000030517578,178.74000549316406,183.3000030517578,9849000
2026-02-18,180.6248321533203,183.8699951171875,183.9199981689453,181.97999572753906,183.22999572753906,10313400
2026-02-19,181.51876831054688,184.77999877929688,187.89999389648438,184.74000549316406,185.2899932861328,10773300
2026-02-20,180.6837615966797,183.92999267578125,184.88999938964844,182.32000732421875,184.58999633789062,9566200
2026-02-23,181.64649963378906,184.91000366210938,186.6300048828125,184.0500030517578,184.6699981689453,7047200
2026-02-24,182.0688934326172,185.33999633789062,185.9600067138672,183.85000610351562,185.2899932861328,7451800
2026-02-25,180.96865844726562,184.22000122070312,185.97999572753906,182.50999450683594,185.83999633789062,9440700
2026-02-26,180.90972900390625,184.16000366210938,186.25999450683594,181.75999450683594,182.89999389648438,7133800
2026-02-27,183.46383666992188,186.75999450683594,187.5500030517578,183.77000427246094,186.0,12035500
2026-03-02,186.25372314453125,189.60000610351562,191.44000244140625,187.22000122070312,190.3300018310547,15809100
2026-03-03,185.4383544921875,188.77000427246094,191.55999755859375,187.4199981689453,190.52000427246094,14004200
2026-03-04,182.74671936035156,186.02999877929688,188.4600067138672,184.14999389648438,187.4499969482422,11054400
2026-03-05,186.54840087890625,189.89999389648438,189.97000122070312,186.49000549316406,186.60000610351562,13567200
2026-03-06,186.5877227783203,189.94000244140625,192.41000366210938,188.1199951171875,190.8800048828125,13073100
2026-03-09,186.09652709960938,189.44000244140625,191.64999389648438,188.11000061035156,191.0,15987500
2026-03-10,183.0021209716797,186.2899932861328,189.17999267578125,185.63999938964844,188.6300048828125,11999600
2026-03-11,188.40505981445312,191.7899932861328,191.86000061035156,186.49000549316406,186.58999633789062,11371700
2026-03-12,193.49363708496094,196.97000122070312,198.8800048828125,191.77000427246094,192.5800018310547,27151800
2026-03-13,193.34629821777344,196.82000732421875,197.6300048828125,194.69000244140625,196.0,13017000
2026-03-16,193.3659210205078,196.83999633789062,197.83999633789062,195.5800018310547,196.60000610351562,12683900
2026-03-17,194.4759979248047,197.97000122070312,200.5800018310547,196.4600067138672,197.49000549316406,14018600
2026-03-18,195.1046905517578,198.61000061035156,200.72999572753906,198.50999450683594,199.22000122070312,13305000
2026-03-19,197.88473510742188,201.44000244140625,202.44000244140625,199.0,199.7899932861328,16918400
2026-03-20,198.16961669921875,201.72999572753906,205.0800018310547,201.0,201.39999389648438,35849500
2026-03-23,201.5882110595703,205.2100067138672,205.36000061035156,197.3699951171875,198.6300048828125,15735700
2026-03-24,203.14031982421875,206.7899932861328,209.7899932861328,205.80999755859375,206.0500030517578,16695500
2026-03-25,201.52926635742188,205.14999389648438,207.24000549316406,204.6199951171875,206.0,8865000
2026-03-26,204.12266540527344,207.7899932861328,209.2100067138672,205.16000366210938,206.02999877929688,11085600
2026-03-27,207.42337036132812,211.14999389648438,212.4600067138672,206.25,208.14999389648438,13907800
2026-03-30,206.9911346435547,210.7100067138672,214.7100067138672,210.2899932861328,213.25999450683594,10409000
2026-03-31,203.24838256835938,206.89999389648438,213.10000610351562,201.9600067138672,210.89999389648438,17403900
2026-04-01,193.92587280273438,197.41000366210938,204.77999877929688,194.91000366210938,201.99000549316406,23051900
2026-04-02,195.45834350585938,198.97000122070312,205.47999572753906,198.0399932861328,202.50999450683594,11528000
2026-04-06,195.35028076171875,198.86000061035156,199.77000427246094,196.35000610351562,198.5,8245700
2026-04-07,197.98297119140625,201.5399932861328,204.6199951171875,199.24000549316406,199.97000122070312,11672600
2026-04-08,189.4856414794922,192.88999938964844,193.1699981689453,188.60000610351562,191.41000366210938,17195400
2026-04-09,187.00030517578125,190.36000061035156,196.6699981689453,189.27000427246094,194.30999755859375,11634000
2026-04-10,185.2222442626953,188.5500030517578,190.9600067138672,186.47000122070312,189.7100067138672,11151400
2026-04-13,188.39523315429688,191.77999877929688,192.61000061035156,189.72000122070312,191.4499969482422,12000200
2026-04-14,183.71923828125,187.02000427246094,189.1699981689453,184.60000610351562,188.60000610351562,12111000
2026-04-15,181.64649963378906,184.91000366210938,187.24000549316406,184.0399932861328,186.36000061035156,8661600
2026-04-16,184.8292999267578,188.14999389648438,188.22999572753906,185.33999633789062,185.6199951171875,8013200
2026-04-17,180.7427215576172,183.99000549316406,184.3000030517578,177.74000549316406,181.88999938964844,15720600
2026-04-20,180.01577758789062,183.25,186.27000427246094,182.8300018310547,184.5,9661100
2026-04-21,182.69760131835938,185.97999572753906,186.3699951171875,182.33999633789062,183.97000122070312,9799000
2026-04-22,183.03160095214844,186.32000732421875,189.4199981689453,186.1199951171875,187.27000427246094,8708300
2026-04-23,184.2890167236328,187.60000610351562,188.4199981689453,185.5,187.1199951171875,6684700
2026-04-24,181.9412078857422,185.2100067138672,186.4199981689453,183.1999969482422,185.22999572753906,9626700
2026-04-27,181.51876831054688,184.77999877929688,188.3699951171875,183.6699981689453,186.19000244140625,10836600
2026-04-28,185.0355987548828,188.36000061035156,189.9600067138672,186.5500030517578,188.27999877929688,10754900
2026-04-29,188.8274688720703,192.22000122070312,192.6199951171875,189.5,190.1300048828125,8644600
2026-04-30,189.89822387695312,193.30999755859375,194.1300048828125,188.5,190.25,11748600
2026-05-01,187.2655487060547,190.6300048828125,194.08999633789062,189.75,191.3000030517578,10435900
2026-05-04,188.88641357421875,192.27999877929688,193.7100067138672,187.97000122070312,190.85000610351562,8229500
2026-05-05,189.24005126953125,192.63999938964844,193.6699981689453,190.4499969482422,191.22000122070312,5642800
2026-05-06,181.89207458496094,185.16000366210938,186.77999877929688,183.13999938964844,185.58999633789062,11082900
2026-05-07,179.27902221679688,182.5,183.44000244140625,179.52999877929688,181.5800018310547,12194000
2026-05-08,178.41455078125,181.6199951171875,182.72999572753906,180.74000549316406,182.0399932861328,13053000
2026-05-11,181.4794921875,184.74000549316406,185.1999969482422,183.0,183.0,12042100
2026-05-12,182.66812133789062,185.9499969482422,186.88999938964844,184.66000366210938,186.5,8995100
2026-05-13,182.71725463867188,186.0,186.00999450683594,183.9600067138672,185.80999755859375,7554700
2026-05-14,183.345947265625,186.63999938964844,187.57000732421875,185.25,186.19000244140625,6222400
2026-05-15,187.72723388671875,191.10000610351562,191.5,187.89999389648438,188.60000610351562,11210800
2026-05-18,192.65863037109375,196.1199951171875,196.1999969482422,189.02999877929688,191.1699981689453,9869700
2026-05-19,195.54345703125,197.25,198.8699951171875,193.47000122070312,194.92999267578125,11819200
2026-05-20,189.6746826171875,191.3300018310547,198.19000244140625,191.27000427246094,196.25,14564900
2026-05-21,189.35743713378906,191.00999450683594,194.16000366210938,189.0,193.7899932861328,9051200
2026-05-22,189.7738037109375,191.42999267578125,192.0,189.8000030517578,190.3699951171875,7209600
2026-05-26,183.11195373535156,184.7100067138672,190.49000549316406,183.89999389648438,190.0,14264600
2026-05-27,180.82192993164062,182.39999389648438,183.72000122070312,180.6699981689453,181.85000610351562,9442800
2026-05-28,181.4464874267578,183.02999877929688,185.25999450683594,182.08999633789062,183.7100067138672,8725400
2026-05-29,180.8814239501953,182.4600067138672,182.97000122070312,180.39999389648438,182.72000122070312,13886500
2026-06-01,184.22225952148438,185.8300018310547,187.94000244140625,184.02000427246094,184.3800048828125,8850500
2026-06-02,185.92738342285156,187.5500030517578,188.4499969482422,184.8800048828125,184.8800048828125,6549800
2026-06-03,188.06869506835938,189.7100067138672,191.47999572753906,187.9600067138672,188.88999938964844,7983700
2026-06-04,186.720458984375,188.35000610351562,190.10000610351562,187.6699981689453,189.0,5163200
2026-06-05,185.689453125,187.30999755859375,189.61000061035156,186.58999633789062,189.05999755859375,6310900
2026-06-08,187.60276794433594,189.24000549316406,191.02999877929688,188.5,188.6999969482422,6113000
2026-06-09,185.1442108154297,186.75999450683594,189.3800048828125,185.47000122070312,188.5,8469900
2026-06-10,188.1579132080078,189.8000030517578,192.69000244140625,188.22999572753906,189.19000244140625,10041800
2026-06-11,184.2123565673828,185.82000732421875,192.25,185.5500030517578,191.80999755859375,9274100
2026-06-12,185.60023498535156,187.22000122070312,188.39999389648438,184.36000061035156,185.0800018310547,8703400
2026-06-15,178.8392333984375,180.39999389648438,181.6699981689453,177.75999450683594,178.89999389648438,10184900
2026-06-16,178.55174255371094,180.11000061035156,180.25,178.3300018310547,178.6199951171875,6663500
2026-06-17,176.04364013671875,177.5800018310547,180.0800018310547,177.10000610351562,179.00999450683594,8430000
2026-06-18,172.1278076171875,173.6300048828125,175.63999938964844,172.22999572753906,175.63999938964844,19146100
2026-06-22,173.54544067382812,175.05999755859375,175.4499969482422,172.86000061035156,174.0800018310547,11108900
2026-06-23,174.4574737548828,175.97999572753906,176.39999389648438,174.6999969482422,175.77999877929688,6555300
2026-06-24,169.9666748046875,171.4499969482422,173.99000549316406,170.86000061035156,173.88999938964844,10634600
2026-06-25,170.74984741210938,172.24000549316406,172.77000427246094,169.27000427246094,170.22000122070312,7954200
2026-06-26,169.58004760742188,171.05999755859375,172.25,169.92999267578125,172.24000549316406,13102200
2026-06-29,167.012451171875,168.47000122070312,171.60000610351562,168.3699951171875,171.3699951171875,8813700
2026-06-30,164.32589721679688,165.75999450683594,170.4600067138672,165.1999969482422,169.6999969482422,19428800
2026-07-01,164.25650024414062,165.69000244140625,167.47000122070312,164.77999877929688,164.77999877929688,9175500
2026-07-02,167.7361297607422,169.1999969482422,169.5500030517578,167.39999389648438,168.27999877929688,9561800
2026-07-06,166.64566040039062,168.10000610351562,169.25999450683594,167.16000366210938,168.86000061035156,9974300
2026-07-07,172.5045166015625,174.00999450683594,174.61000061035156,170.0,170.13999938964844,9748900
2026-07-08,174.44757080078125,175.97000122070312,178.5800018310547,174.9499969482422,176.8000030517578,9921800
2026-07-09,172.54417419433594,174.0500030517578,175.58999633789062,173.89999389648438,174.6300048828125,6582400
2026-07-10,174.87384033203125,176.39999389648438,176.4199981689453,173.50999450683594,174.97000122070312,5996600
2026-07-13,180.6236572265625,182.1999969482422,182.3800048828125,179.02000427246094,179.02000427246094,7685100
2026-07-14,180.18746948242188,181.75999450683594,183.36000061035156,180.6300048828125,182.75,6823300
2026-07-15,180.02886962890625,181.60000610351562,182.39999389648438,178.5800018310547,182.1699981689453,6665700
2026-07-16,182.26930236816406,183.86000061035156,184.8300018310547,181.9499969482422,182.57000732421875,6257600
2026-07-17,185.75885009765625,187.3800048828125,188.14999389648438,185.5,187.47000122070312,7058300
2026-07-20,188.06869506835938,189.7100067138672,190.35000610351562,185.92999267578125,186.2899932861328,7767000
2026-07-21,189.41693115234375,191.07000732421875,191.25999450683594,189.32000732421875,190.5,6892400
2026-07-22,191.31039428710938,192.97999572753906,193.6999969482422,191.94000244140625,193.39999389648438,6142400
2026-07-23,192.73794555664062,194.4199981689453,197.69000244140625,194.02000427246094,196.3000030517578,8150000
2026-07-24,193.104736328125,194.7899932861328,196.8699951171875,193.8000030517578,194.4600067138672,6700400
2026-07-27,188.35618591308594,190.0,192.49000549316406,188.6699981689453,188.6699981689453,7369200
2026-07-28,185.95712280273438,187.5800018310547,191.97000122070312,186.72999572753906,191.47000122070312,7406800
2026-07-29,190.20008850097656,191.86000061035156,193.55999755859375,190.77999877929688,192.5,8101200
2026-07-30,190.6461944580078,192.30999755859375,193.1199951171875,189.30999755859375,189.91000366210938,6645000
2026-07-31,195.12709045410156,196.8300018310547,197.5500030517578,191.5399932861328,195.11000061035156,9958100
2026-08-03,191.5086669921875,193.17999267578125,195.86000061035156,191.80999755859375,195.3800048828125,9544100
2026-08-04,188.75271606445312,190.39999389648438,191.47000122070312,186.33999633789062,190.14999389648438,9455900
2026-08-05,184.7972412109375,186.41000366210938,191.3800048828125,186.27000427246094,191.19000244140625,8260600
2026-08-06,187.59283447265625,189.22999572753906,189.77999877929688,187.02000427246094,188.97000122070312,7182100
2026-08-07,184.94593811035156,186.55999755859375,187.75,185.8699951171875,186.2100067138672,7098800
2026-08-10,193.2237091064453,194.91000366210938,194.99000549316406,188.8800048828125,188.8800048828125,13667300
2026-08-11,194.9585723876953,196.66000366210938,197.4600067138672,194.25,194.25,6049800
2026-08-12,194.8990936279297,196.60000610351562,197.39999389648438,194.5800018310547,195.22000122070312,7366200
2026-08-13,195.98956298828125,197.6999969482422,198.10000610351562,193.75,195.0,5908900
2026-08-14,198.26966857910156,200.0,201.6300048828125,198.36000061035156,198.8699951171875,7910500
2026-08-17,200.94630432128906,202.6999969482422,203.67999267578125,199.8000030517578,200.72999572753906,8357800
2026-08-18,203.9600067138672,205.74000549316406,206.22000122070312,203.7100067138672,205.02999877929688,7701600
2026-08-19,205.75999450683594,205.75999450683594,207.67999267578125,204.25999450683594,205.0500030517578,8689900
2026-08-20,205.77000427246094,205.77000427246094,208.97999572753906,205.52000427246094,208.89999389648438,8200600
2026-08-21,205.27000427246094,205.27000427246094,207.82000732421875,205.00999450683594,205.92999267578125,7359100
2026-08-24,203.08999633789062,203.08999633789062,205.3000030517578,201.75,203.6699981689453,5853900
2026-08-25,199.88999938964844,199.88999938964844,202.05999755859375,199.7899932861328,201.02999877929688,8176800
2026-08-26,200.2100067138672,200.2100067138672,202.38999938964844,198.1199951171875,198.72999572753906,6863100
2026-08-27,199.77000427246094,199.77000427246094,200.8800048828125,197.82000732421875,199.57000732421875,8112300
2026-08-28,201.86000061035156,201.86000061035156,202.24000549316406,199.55999755859375,199.97999572753906,5301000
2026-08-31,206.13999938964844,206.13999938964844,208.4199981689453,203.83999633789062,206.0800018310547,12067400
2026-09-01,211.0500030517578,211.0500030517578,211.0800018310547,207.8000030517578,209.0,8551500
2026-09-02,211.77999877929688,211.77999877929688,212.7899932861328,209.4600067138672,210.49000549316406,7595300
2026-09-03,211.32000732421875,211.32000732421875,213.1999969482422,211.1699981689453,212.3800048828125,6668200
2026-09-04,208.60000610351562,208.60000610351562,209.86000061035156,207.1199951171875,209.50999450683594,5458400
2026-09-08,209.8000030517578,209.8000030517578,213.30999755859375,209.17999267578125,211.25,7703900
2026-09-09,213.80999755859375,213.80999755859375,215.27999877929688,212.22999572753906,212.8800048828125,8384700
2026-09-10,213.34500122070312,213.34500122070312,217.39999389648438,211.33999633789062,217.39999389648438,3243115
