Price,Adj Close,Close,High,Low,Open,Volume
Ticker,DE,DE,DE,DE,DE,DE
Date,,,,,,
2021-09-10,339.97222900390625,363.07000732421875,368.4599914550781,362.79998779296875,367.5299987792969,1235500
2021-09-13,338.5208435058594,361.5199890136719,366.7099914550781,356.989990234375,366.0,1832900
2021-09-14,333.3332824707031,355.9800109863281,362.5299987792969,355.0199890136719,362.5199890136719,1410800
2021-09-15,336.8821716308594,359.7699890136719,360.8299865722656,354.0199890136719,355.0799865722656,1403500
2021-09-16,332.724609375,355.3299865722656,361.30999755859375,353.19000244140625,360.5799865722656,1681800
2021-09-17,326.88165283203125,349.0899963378906,354.3299865722656,347.9700012207031,351.510009765625,7677100
2021-09-20,318.1170654296875,339.7300109863281,342.5,334.6700134277344,340.6400146484375,2410000
2021-09-21,315.5140075683594,336.95001220703125,344.9200134277344,333.7300109863281,342.75,1503800
2021-09-22,319.156494140625,340.8399963378906,345.5299987792969,339.9100036621094,341.6499938964844,1336800
2021-09-23,329.1383361816406,351.5,352.30999755859375,344.9599914550781,345.0,1497600
2021-09-24,327.0315246582031,349.25,353.3699951171875,348.5199890136719,349.8599853515625,1193200
2021-09-27,329.9997863769531,352.4200134277344,355.79998779296875,348.7799987792969,348.7799987792969,1291500
2021-09-28,331.42315673828125,353.94000244140625,356.55999755859375,350.4700012207031,350.7300109863281,2018700
2021-09-29,329.5259704589844,350.8699951171875,355.6499938964844,350.79998779296875,354.80999755859375,1320600
2021-09-30,314.6871032714844,335.07000732421875,352.45001220703125,334.94000244140625,352.45001220703125,2079500
2021-10-01,321.3834228515625,342.20001220703125,344.6600036621094,333.6499938964844,338.1000061035156,1740800
2021-10-04,317.8520812988281,338.44000244140625,342.55999755859375,336.82000732421875,340.739990234375,1464500
2021-10-05,317.71124267578125,338.2900085449219,341.1400146484375,332.760009765625,336.79998779296875,1401400
2021-10-06,317.8145751953125,338.3999938964844,338.6000061035156,329.6700134277344,333.5,1534700
2021-10-07,323.15838623046875,344.0899963378906,347.760009765625,340.42999267578125,341.2300109863281,1139200
2021-10-08,322.2944030761719,343.1700134277344,345.3399963378906,341.42999267578125,344.05999755859375,1168200
2021-10-11,312.3579406738281,332.5899963378906,344.0400085449219,332.4700012207031,343.0199890136719,1052100
2021-10-12,310.489013671875,330.6000061035156,334.4599914550781,329.8599853515625,333.32000732421875,1410000
2021-10-13,308.986328125,329.0,332.8800048828125,327.0,332.04998779296875,1771800
2021-10-14,309.70953369140625,329.7699890136719,332.8800048828125,320.5,321.5299987792969,2403800
2021-10-15,312.51763916015625,332.760009765625,336.0,331.6700134277344,332.95001220703125,1435000
2021-10-18,311.6535339355469,331.8399963378906,333.2900085449219,328.6400146484375,330.69000244140625,1154000
2021-10-19,322.2193298339844,343.0899963378906,343.8399963378906,334.1000061035156,334.9100036621094,1433600
2021-10-20,323.1208190917969,344.04998779296875,346.05999755859375,341.95001220703125,343.6499938964844,1001900
2021-10-21,322.0689697265625,342.92999267578125,345.07000732421875,340.760009765625,343.92999267578125,876400
2021-10-22,319.9840087890625,340.7099914550781,346.1199951171875,339.67999267578125,345.0400085449219,825700
2021-10-25,331.2633361816406,352.7200012207031,353.75,339.1199951171875,340.2900085449219,1564800
2021-10-26,320.3972473144531,341.1499938964844,353.8500061035156,341.0,353.3599853515625,1386300
2021-10-27,317.6549072265625,338.2300109863281,346.0799865722656,338.0199890136719,342.739990234375,2003100
2021-10-28,328.4271545410156,349.70001220703125,349.7900085449219,338.2300109863281,339.2799987792969,1897900
2021-10-29,321.4866638183594,342.30999755859375,349.3599853515625,340.54998779296875,348.5,1562500
2021-11-01,336.9267272949219,358.75,365.6300048828125,345.7799987792969,347.1199951171875,2391200
2021-11-02,333.6864929199219,355.29998779296875,360.05999755859375,350.489990234375,360.05999755859375,1371300
2021-11-03,322.18170166015625,343.04998779296875,347.0299987792969,335.45001220703125,346.1499938964844,2948400
2021-11-04,329.5071716308594,350.8500061035156,350.8599853515625,344.32000732421875,344.8299865722656,1334000
2021-11-05,333.59259033203125,355.20001220703125,358.67999267578125,351.010009765625,352.79998779296875,1422900
2021-11-08,338.908203125,360.8599853515625,365.45001220703125,358.0,359.0,1540500
2021-11-09,334.16546630859375,355.80999755859375,363.1700134277344,352.0,362.0,1394500
2021-11-10,331.1601257324219,352.6099853515625,355.5899963378906,350.1400146484375,353.8999938964844,1067800
2021-11-11,334.353271484375,356.010009765625,358.6000061035156,352.260009765625,353.07000732421875,782400
2021-11-12,337.0299072265625,358.8599853515625,359.1499938964844,353.5299987792969,357.2200012207031,1011100
2021-11-15,339.1805725097656,361.1499938964844,363.75,359.6400146484375,362.1099853515625,975400
2021-11-16,339.9883117675781,362.010009765625,366.20001220703125,358.20001220703125,359.8800048828125,1162200
2021-11-17,332.01483154296875,353.5199890136719,360.4100036621094,349.20001220703125,360.0,1647600
2021-11-18,335.3863525390625,357.1099853515625,365.7200012207031,356.8999938964844,364.4800109863281,2228000
2021-11-19,325.0931091308594,346.1499938964844,354.8500061035156,345.5299987792969,353.7300109863281,1742000
2021-11-22,327.9200134277344,349.1600036621094,354.70001220703125,343.1099853515625,347.7699890136719,1707000
2021-11-23,328.03265380859375,349.2799987792969,353.0799865722656,344.8999938964844,348.9800109863281,1680300
2021-11-24,345.482421875,367.8599853515625,374.6400146484375,358.8299865722656,359.2699890136719,4482900
2021-11-26,337.44317626953125,359.29998779296875,361.29998779296875,348.7900085449219,355.0,2308700
2021-11-29,326.91510009765625,348.0899963378906,367.0,346.3599853515625,366.0,2902000
2021-11-30,324.5201416015625,345.5400085449219,352.2300109863281,341.8500061035156,346.20001220703125,3681500
2021-12-01,320.7728271484375,341.54998779296875,353.7300109863281,341.3999938964844,353.6199951171875,1755200
2021-12-02,329.29119873046875,350.6199951171875,354.1199951171875,343.4599914550781,344.8800048828125,1969800
2021-12-03,327.9950866699219,349.239990234375,353.0400085449219,345.0,352.6199951171875,1379600
2021-12-06,332.9445495605469,354.510009765625,357.8999938964844,350.510009765625,352.75,1543500
2021-12-07,339.3590393066406,361.3399963378906,366.9700012207031,359.1499938964844,359.69000244140625,1478900
2021-12-08,339.09600830078125,361.05999755859375,364.0,357.760009765625,362.2799987792969,1182900
2021-12-09,339.9037780761719,361.9200134277344,364.30999755859375,358.0,359.8500061035156,897900
2021-12-10,336.560302734375,358.3599853515625,364.0,357.3399963378906,362.8599853515625,1200600
2021-12-13,330.0426025390625,351.4200134277344,361.4700012207031,349.3800048828125,359.1199951171875,1375000
2021-12-14,327.3470458984375,348.54998779296875,354.3500061035156,346.010009765625,349.8800048828125,1799800
2021-12-15,323.01751708984375,343.94000244140625,350.17999267578125,338.0199890136719,349.489990234375,1982700
2021-12-16,327.1029052734375,348.2900085449219,351.7699890136719,347.0,349.7699890136719,1945200
2021-12-17,325.9196472167969,347.0299987792969,350.3800048828125,341.55999755859375,349.29998779296875,2976500
2021-12-20,318.0588073730469,338.6600036621094,343.5,336.32000732421875,342.94000244140625,1784700
2021-12-21,328.53045654296875,349.80999755859375,352.5199890136719,342.1600036621094,342.7699890136719,1518500
2021-12-22,325.891357421875,347.0,351.6000061035156,343.5400085449219,349.0799865722656,1582400
2021-12-23,327.976318359375,349.2200012207031,351.489990234375,346.29998779296875,348.0,997800
2021-12-27,329.4132385253906,350.75,351.760009765625,348.45001220703125,350.0,953100
2021-12-28,328.49285888671875,349.7699890136719,353.1400146484375,348.8900146484375,349.2799987792969,718700
2021-12-29,324.67987060546875,345.7099914550781,349.30999755859375,345.5,348.3599853515625,1417300
2021-12-30,322.20233154296875,342.0299987792969,348.04998779296875,341.8399963378906,345.80999755859375,1538800
2021-12-31,323.0124816894531,342.8900146484375,343.94000244140625,341.05999755859375,342.3299865722656,1004700
2022-01-03,329.81390380859375,350.1099853515625,350.29998779296875,343.989990234375,344.0,1570700
2022-01-04,349.76605224609375,371.2900085449219,373.75,352.7099914550781,354.1099853515625,3034100
2022-01-05,350.48199462890625,372.04998779296875,386.54998779296875,371.7799987792969,373.0400085449219,3310100
2022-01-06,354.5422058105469,376.3599853515625,378.42999267578125,368.239990234375,374.510009765625,1600700
2022-01-07,356.69940185546875,378.6499938964844,382.0,376.67999267578125,376.8699951171875,1791700
2022-01-10,357.8393249511719,379.8599853515625,385.8900146484375,373.989990234375,381.2699890136719,2120000
2022-01-11,358.48931884765625,380.54998779296875,383.5299987792969,375.739990234375,382.8800048828125,1249900
2022-01-12,354.4386291503906,376.25,383.8599853515625,372.5199890136719,382.29998779296875,1458900
2022-01-13,358.3386535644531,380.3900146484375,384.20001220703125,378.5799865722656,378.67999267578125,1325100
2022-01-14,357.5566711425781,379.55999755859375,380.0799865722656,373.489990234375,376.6600036621094,1309400
2022-01-18,361.6545715332031,383.9100036621094,388.0,379.5,380.6400146484375,2685500
2022-01-19,354.10882568359375,375.8999938964844,388.1000061035156,374.6099853515625,387.239990234375,1919100
2022-01-20,345.7059631347656,366.9800109863281,380.1000061035156,365.8800048828125,375.6000061035156,2014300
2022-01-21,343.1624755859375,364.2799987792969,371.1099853515625,359.8599853515625,367.5899963378906,1493300
2022-01-24,342.92694091796875,364.0299987792969,365.54998779296875,347.010009765625,356.57000732421875,2251800
2022-01-25,346.87408447265625,368.2200012207031,370.260009765625,350.79998779296875,358.17999267578125,2511900
2022-01-26,350.6610412597656,372.239990234375,380.7900085449219,366.5400085449219,369.3800048828125,2296100
2022-01-27,354.1654052734375,375.9599914550781,382.8800048828125,370.45001220703125,375.69000244140625,2030000
2022-01-28,352.1211242675781,373.7900085449219,377.1400146484375,364.5400085449219,372.1199951171875,2100300
2022-01-31,354.579833984375,376.3999938964844,376.7900085449219,367.0199890136719,374.0,2191600
2022-02-01,355.9740295410156,377.8800048828125,379.54998779296875,371.0299987792969,375.0,1622500
2022-02-02,352.771240234375,374.4800109863281,379.69000244140625,366.8699951171875,378.57000732421875,1642900
2022-02-03,349.38934326171875,370.8900146484375,376.9100036621094,369.8299865722656,371.3500061035156,893700
2022-02-04,348.0704650878906,369.489990234375,372.7900085449219,363.5400085449219,368.1400146484375,1102400
2022-02-07,350.62335205078125,372.20001220703125,374.510009765625,368.70001220703125,370.32000732421875,1087300
2022-02-08,367.27838134765625,389.8800048828125,391.9599914550781,374.2300109863281,376.3999938964844,2647500
2022-02-09,372.4783935546875,395.3999938964844,399.6300048828125,392.5,392.5,1630400
2022-02-10,370.35882568359375,393.1499938964844,399.2099914550781,390.0899963378906,392.79998779296875,1402300
2022-02-11,369.9067077636719,392.6700134277344,399.7300109863281,387.32000732421875,394.2699890136719,2390200
2022-02-14,364.810302734375,387.260009765625,397.69000244140625,383.95001220703125,394.1099853515625,1799900
2022-02-15,370.5943298339844,393.3999938964844,396.0,389.04998779296875,390.75,1590800
2022-02-16,367.9189453125,390.55999755859375,394.0400085449219,385.4100036621094,391.4599914550781,2174900
2022-02-17,358.47039794921875,380.5299987792969,390.67999267578125,379.1000061035156,386.5299987792969,2570300
2022-02-18,347.70306396484375,369.1000061035156,392.9599914550781,366.0,379.7699890136719,3729400
2022-02-22,333.27117919921875,353.7799987792969,370.4700012207031,352.2099914550781,365.2300109863281,2359000
2022-02-23,317.9537658691406,337.5199890136719,355.989990234375,337.260009765625,355.0,3068300
2022-02-24,322.8900146484375,342.760009765625,343.7900085449219,326.75,329.07000732421875,3599900
2022-02-25,326.86541748046875,346.9800109863281,348.30999755859375,338.0,342.70001220703125,3424600
2022-02-28,339.1495056152344,360.0199890136719,362.3900146484375,346.0,348.0,3265400
2022-03-01,337.85888671875,358.6499938964844,361.8699951171875,350.6099853515625,361.1199951171875,2863200
2022-03-02,354.1842346191406,375.9800109863281,381.2200012207031,360.3900146484375,360.7799987792969,2564200
2022-03-03,359.789306640625,381.92999267578125,386.0899963378906,375.6400146484375,378.239990234375,2961400
2022-03-04,367.4574279785156,390.07000732421875,390.7799987792969,374.510009765625,378.8699951171875,2404400
2022-03-07,347.60888671875,369.0,405.489990234375,368.0400085449219,394.32000732421875,5456700
2022-03-08,343.7747802734375,364.92999267578125,389.0,364.1199951171875,373.8599853515625,3512000
2022-03-09,347.47686767578125,368.8599853515625,373.9599914550781,364.239990234375,369.25,1744600
2022-03-10,356.2283630371094,378.1499938964844,379.6099853515625,362.29998779296875,364.5,1768800
2022-03-11,366.9016418457031,389.4800109863281,392.3399963378906,382.44000244140625,382.9700012207031,2144300
2022-03-14,371.02764892578125,393.8599853515625,399.54998779296875,386.45001220703125,393.0,2466500
2022-03-15,365.95013427734375,388.4700012207031,395.0,381.739990234375,392.489990234375,2197700
2022-03-16,365.69580078125,388.20001220703125,400.8800048828125,382.010009765625,390.0,2271500
2022-03-17,382.6052551269531,406.1499938964844,407.2300109863281,384.0199890136719,384.5400085449219,2783800
2022-03-18,389.199462890625,413.1499938964844,414.92999267578125,404.0799865722656,407.6600036621094,2941700
2022-03-21,397.8095703125,422.2900085449219,426.79998779296875,414.4100036621094,415.0,2750200
2022-03-22,402.7646789550781,427.54998779296875,436.2799987792969,423.2099914550781,425.0,2234400
2022-03-23,406.5045471191406,431.5199890136719,435.0,420.54998779296875,423.1499938964844,2633500
2022-03-24,407.1639709472656,432.2200012207031,435.4800109863281,425.8299865722656,430.44000244140625,1878500
2022-03-25,411.1487731933594,436.45001220703125,436.95001220703125,428.1199951171875,432.3399963378906,1457500
2022-03-28,407.5312805175781,432.6099853515625,437.9800109863281,427.3599853515625,437.9800109863281,1656000
2022-03-29,388.9828186035156,412.9200134277344,424.489990234375,409.3399963378906,424.489990234375,3572900
2022-03-30,392.4582214355469,415.54998779296875,424.6499938964844,413.5199890136719,413.79998779296875,1693800
2022-03-31,392.373291015625,415.4599914550781,420.67999267578125,413.29998779296875,414.20001220703125,1953700
2022-04-01,393.6387939453125,416.79998779296875,421.9200134277344,413.82000732421875,417.04998779296875,1480900
2022-04-04,394.2526550292969,417.45001220703125,418.7200012207031,407.8399963378906,418.55999755859375,1072400
2022-04-05,390.72052001953125,413.7099914550781,422.4700012207031,411.2200012207031,418.70001220703125,1399000
2022-04-06,388.397216796875,411.25,414.75,406.0400085449219,410.5799865722656,1237000
2022-04-07,386.7066955566406,409.4599914550781,412.5299987792969,401.82000732421875,409.7699890136719,1637300
2022-04-08,395.0555419921875,418.29998779296875,419.92999267578125,407.6600036621094,413.1400146484375,1341900
2022-04-11,395.2537841796875,418.510009765625,425.55999755859375,416.489990234375,416.489990234375,1437700
2022-04-12,396.406005859375,419.7300109863281,427.5,417.510009765625,422.82000732421875,1119700
2022-04-13,403.5459289550781,427.2900085449219,427.9599914550781,421.2099914550781,422.3299865722656,1153200
2022-04-14,412.480224609375,436.75,439.4100036621094,427.92999267578125,427.92999267578125,1522700
2022-04-18,414.0857238769531,438.45001220703125,445.5299987792969,432.239990234375,432.5,1525700
2022-04-19,413.49078369140625,437.82000732421875,441.5199890136719,434.739990234375,439.79998779296875,1207800
2022-04-20,413.0846862792969,437.3900146484375,446.760009765625,436.5299987792969,444.69000244140625,1718200
2022-04-21,400.77874755859375,424.3599853515625,441.0400085449219,423.5299987792969,440.8500061035156,1641300
2022-04-22,381.14398193359375,403.57000732421875,420.80999755859375,401.6099853515625,419.7300109863281,2148800
2022-04-25,364.0875549316406,385.510009765625,391.92999267578125,372.19000244140625,391.92999267578125,4496300
2022-04-26,360.555419921875,381.7699890136719,390.6400146484375,380.0899963378906,385.0299987792969,1559000
2022-04-27,364.1064453125,385.5299987792969,390.07000732421875,375.5,381.9100036621094,1599200
2022-04-28,363.4359436035156,384.82000732421875,390.05999755859375,375.0,387.8399963378906,1515200
2022-04-29,356.56988525390625,377.54998779296875,389.9700012207031,376.2699890136719,386.1499938964844,1526800
2022-05-02,360.04534912109375,381.2300109863281,382.489990234375,371.6000061035156,374.9599914550781,1563400
2022-05-03,367.7991943359375,389.44000244140625,390.7200012207031,383.489990234375,385.8299865722656,1468200
2022-05-04,374.3251953125,396.3500061035156,398.4100036621094,384.75,391.239990234375,1750100
2022-05-05,361.7547912597656,383.0400085449219,396.1600036621094,379.1099853515625,393.8900146484375,1465800
2022-05-06,356.48492431640625,377.4599914550781,383.57000732421875,371.6400146484375,383.57000732421875,1516100
2022-05-09,344.2734680175781,364.5299987792969,374.54998779296875,362.3900146484375,372.0,1818100
2022-05-10,344.4812316894531,364.75,371.489990234375,360.5,367.989990234375,1344100
2022-05-11,343.8012390136719,364.0299987792969,374.489990234375,362.19000244140625,365.8900146484375,1380900
2022-05-12,342.8095397949219,362.9800109863281,367.57000732421875,354.29998779296875,362.8399963378906,1889400
2022-05-13,346.31341552734375,366.69000244140625,370.0,363.2300109863281,364.54998779296875,1750300
2022-05-16,353.6422119140625,374.45001220703125,382.42999267578125,366.0299987792969,368.9200134277344,1896400
2022-05-17,362.90704345703125,384.260009765625,386.010009765625,377.3399963378906,381.510009765625,1229300
2022-05-18,348.18341064453125,368.6700134277344,385.0899963378906,367.3500061035156,384.0,1543400
2022-05-19,344.3584289550781,364.6199951171875,370.45001220703125,356.29998779296875,364.3999938964844,2253600
2022-05-20,295.899658203125,313.30999755859375,344.3699951171875,307.6400146484375,339.6300048828125,8814300
2022-05-23,316.7243957519531,335.3599853515625,337.2699890136719,316.17999267578125,316.95001220703125,4286400
2022-05-24,318.30157470703125,337.0299987792969,337.92999267578125,327.20001220703125,332.32000732421875,1900600
2022-05-25,323.91156005859375,342.9700012207031,345.7300109863281,336.2200012207031,337.5799865722656,2005800
2022-05-26,328.1991882324219,347.510009765625,348.9200134277344,340.3999938964844,343.4599914550781,1349900
2022-05-27,340.68463134765625,360.7300109863281,360.8800048828125,352.3299865722656,353.8900146484375,1968000
2022-05-31,337.8985290527344,357.7799987792969,362.1499938964844,354.7799987792969,358.29998779296875,2705000
2022-06-01,332.58135986328125,352.1499938964844,363.0799865722656,348.55999755859375,363.0799865722656,1714800
2022-06-02,341.01513671875,361.0799865722656,361.4100036621094,351.010009765625,353.8699951171875,1161600
2022-06-03,340.9396057128906,361.0,363.6400146484375,357.0199890136719,357.4200134277344,1082200
2022-06-06,342.7434387207031,362.9100036621094,363.80999755859375,358.5799865722656,363.1700134277344,1011000
2022-06-07,347.3995056152344,367.8399963378906,368.510009765625,358.0,360.75,987000
2022-06-08,335.2918395996094,355.0199890136719,364.760009765625,354.0299987792969,360.95001220703125,1772700
2022-06-09,326.14031982421875,345.3299865722656,353.67999267578125,345.29998779296875,351.1000061035156,1415500
2022-06-10,316.60162353515625,335.2300109863281,341.0,333.3800048828125,336.8800048828125,1327900
2022-06-13,306.8456115722656,324.8999938964844,333.67999267578125,322.29998779296875,325.0,1816700
2022-06-14,308.4322509765625,326.5799865722656,330.4100036621094,322.5799865722656,326.1700134277344,1630400
2022-06-15,312.2099609375,330.5799865722656,335.2699890136719,325.4700012207031,328.3800048828125,1442500
2022-06-16,299.9228820800781,317.57000732421875,323.8900146484375,314.6400146484375,322.5400085449219,1799600
2022-06-17,304.7867126464844,322.7200012207031,326.4800109863281,314.7300109863281,314.7300109863281,2329100
2022-06-21,310.9727783203125,329.2699890136719,334.8699951171875,327.8500061035156,330.8999938964844,1425400
2022-06-22,300.262939453125,317.92999267578125,323.8599853515625,317.6300048828125,321.0,1636100
2022-06-23,280.9776306152344,297.510009765625,317.1000061035156,295.5899963378906,314.7900085449219,4232900
2022-06-24,293.5952453613281,310.8699951171875,313.8599853515625,299.3500061035156,300.8699951171875,2297000
2022-06-27,297.8074035644531,315.3299865722656,320.69000244140625,311.2099914550781,317.6300048828125,1708300
2022-06-28,291.9803161621094,309.1600036621094,320.17999267578125,308.4800109863281,318.3900146484375,1818100
2022-06-29,284.9847412109375,300.6499938964844,307.739990234375,297.69000244140625,307.2099914550781,1800800
2022-06-30,283.8662414550781,299.4700012207031,304.5899963378906,294.2900085449219,297.7900085449219,2082100
2022-07-01,285.9137268066406,301.6300048828125,304.8699951171875,294.32000732421875,300.5899963378906,1373600
2022-07-05,276.9087219238281,292.1300048828125,294.79998779296875,287.7099914550781,293.8699951171875,2147900
2022-07-06,274.07452392578125,289.1400146484375,291.95001220703125,283.80999755859375,289.8399963378906,2083200
2022-07-07,288.1318054199219,303.9700012207031,304.5899963378906,295.5400085449219,297.82000732421875,2051800
2022-07-08,288.76690673828125,304.6400146484375,308.0199890136719,301.260009765625,304.70001220703125,1516100
2022-07-11,282.8615417480469,298.4100036621094,303.9800109863281,297.8599853515625,300.55999755859375,993900
2022-07-12,280.5392150878906,295.9599914550781,301.2699890136719,293.1400146484375,294.0,1210200
2022-07-13,281.3164978027344,296.7799987792969,299.1700134277344,291.2900085449219,292.0299987792969,1199900
2022-07-14,278.99407958984375,294.3299865722656,294.8599853515625,288.3399963378906,290.04998779296875,1366800
2022-07-15,282.1885070800781,297.70001220703125,299.6499938964844,293.19000244140625,298.07000732421875,1184500
2022-07-18,282.42547607421875,297.95001220703125,306.4800109863281,296.95001220703125,301.1400146484375,1056200
2022-07-19,295.3547058105469,311.5899963378906,312.20001220703125,300.82000732421875,301.55999755859375,1282200
2022-07-20,298.9283447265625,315.3599853515625,315.989990234375,310.2099914550781,311.4599914550781,1152500
2022-07-21,300.0469055175781,316.5400085449219,316.760009765625,308.6099853515625,314.82000732421875,1223300
2022-07-22,295.9898681640625,312.260009765625,320.4700012207031,310.4599914550781,317.8399963378906,1110700
2022-07-25,306.1323547363281,322.9599914550781,323.3900146484375,311.9100036621094,314.8900146484375,1433100
2022-07-26,302.8052978515625,319.45001220703125,325.760009765625,318.25,323.7699890136719,1122600
2022-07-27,308.7390441894531,325.7099914550781,327.07000732421875,318.6499938964844,321.0,1148200
2022-07-28,314.3506164550781,331.6300048828125,334.489990234375,323.8699951171875,329.6499938964844,1295600
2022-07-29,325.29876708984375,343.17999267578125,344.7099914550781,333.0,336.04998779296875,1880300
2022-08-01,320.56878662109375,338.19000244140625,341.95001220703125,335.989990234375,338.8699951171875,1238900
2022-08-02,315.8482971191406,333.2099914550781,339.07000732421875,330.8399963378906,335.0,1271500
2022-08-03,318.97637939453125,336.510009765625,338.6199951171875,333.5299987792969,337.2200012207031,1142800
2022-08-04,324.5404968261719,342.3800048828125,344.760009765625,336.7200012207031,339.1000061035156,1333900
2022-08-05,325.4220886230469,343.30999755859375,344.5799865722656,337.32000732421875,337.489990234375,917100
2022-08-08,325.8011779785156,343.7099914550781,349.239990234375,342.79998779296875,346.8800048828125,953200
2022-08-09,325.7727355957031,343.67999267578125,347.44000244140625,343.1000061035156,346.25,1146300
2022-08-10,334.0005187988281,352.3599853515625,357.25,348.5899963378906,348.8900146484375,1136200
2022-08-11,343.0623474121094,361.9200134277344,363.5,357.2099914550781,360.5,1718800
2022-08-12,348.9772644042969,368.1600036621094,368.5799865722656,361.7099914550781,362.45001220703125,1256500
2022-08-15,346.9771728515625,366.04998779296875,366.2900085449219,359.1000061035156,362.4599914550781,1196100
2022-08-16,350.702392578125,369.9800109863281,373.3699951171875,363.010009765625,364.30999755859375,1431500
2022-08-17,345.6880798339844,364.69000244140625,367.45001220703125,362.2799987792969,364.4700012207031,1722500
2022-08-18,348.8160095214844,367.989990234375,369.94000244140625,362.75,364.45001220703125,1983500
2022-08-19,350.3990783691406,369.6600036621094,369.9200134277344,353.04998779296875,358.6300048828125,4242200
2022-08-22,350.380126953125,369.6400146484375,373.1199951171875,361.2200012207031,363.3500061035156,2353600
2022-08-23,355.34710693359375,374.8800048828125,385.989990234375,368.489990234375,368.5,2389800
2022-08-24,361.5083923339844,381.3800048828125,382.3500061035156,374.1199951171875,378.760009765625,1566300
2022-08-25,367.9256896972656,388.1499938964844,388.42999267578125,381.6000061035156,382.0,1325400
2022-08-26,359.6126403808594,379.3800048828125,392.92999267578125,378.67999267578125,391.17999267578125,1452800
2022-08-29,360.778564453125,380.6099853515625,385.42999267578125,374.55999755859375,376.1600036621094,1323400
2022-08-30,349.5269775390625,368.739990234375,379.7699890136719,365.5199890136719,379.239990234375,1622700
2022-08-31,346.2188720703125,365.25,370.0299987792969,364.5299987792969,370.0299987792969,1500200
2022-09-01,344.8160095214844,363.7699890136719,364.760009765625,357.25,358.9800109863281,1349900
2022-09-02,343.3468017578125,362.2200012207031,370.3800048828125,360.82000732421875,369.95001220703125,1141700
2022-09-06,342.24713134765625,361.05999755859375,364.9599914550781,355.4800109863281,363.19000244140625,1092600
2022-09-07,346.87286376953125,365.94000244140625,366.9700012207031,357.2200012207031,357.8800048828125,913100
2022-09-08,349.28057861328125,368.4800109863281,370.44000244140625,362.8999938964844,363.760009765625,1227200
2022-09-09,352.85418701171875,372.25,375.260009765625,372.1000061035156,373.0199890136719,1240300
2022-09-12,354.54132080078125,374.0299987792969,376.0,369.8299865722656,375.2900085449219,1129200
2022-09-13,344.3704833984375,363.29998779296875,371.42999267578125,361.95001220703125,365.54998779296875,1085700
2022-09-14,342.09552001953125,360.8999938964844,365.25,357.5799865722656,364.3500061035156,1121700
2022-09-15,340.0765380859375,358.7699890136719,364.6000061035156,358.30999755859375,360.8999938964844,970000
2022-09-16,336.0290222167969,354.5,356.0899963378906,349.1300048828125,355.29998779296875,2422600
2022-09-19,343.792236328125,362.69000244140625,363.20001220703125,349.5400085449219,350.2799987792969,1008700
2022-09-20,337.06219482421875,355.5899963378906,360.45001220703125,352.5400085449219,359.8800048828125,1434000
2022-09-21,331.5832824707031,349.80999755859375,361.0899963378906,349.80999755859375,360.29998779296875,1007100
2022-09-22,328.09515380859375,346.1300048828125,354.04998779296875,345.92999267578125,352.510009765625,1006400
2022-09-23,316.8056335449219,334.2200012207031,343.1000061035156,328.6199951171875,341.489990234375,1717600
2022-09-26,314.9288330078125,332.239990234375,338.8299865722656,330.760009765625,331.04998779296875,1331600
2022-09-27,318.1895446777344,335.67999267578125,341.69000244140625,332.3399963378906,335.8999938964844,1180100
2022-09-28,327.8770751953125,345.8999938964844,348.07000732421875,337.07000732421875,338.20001220703125,1292600
2022-09-29,324.2917785644531,341.0,344.6000061035156,338.44000244140625,341.0,1589500
2022-09-30,317.53021240234375,333.8900146484375,341.05999755859375,333.6600036621094,338.760009765625,1697200
2022-10-03,327.1923522949219,344.04998779296875,347.7799987792969,339.17999267578125,339.6099853515625,1536900
2022-10-04,342.6366882324219,360.2900085449219,360.70001220703125,350.0,350.07000732421875,1639000
2022-10-05,338.3381652832031,355.7699890136719,359.6600036621094,355.2900085449219,355.2900085449219,1073700
2022-10-06,338.0528564453125,355.4700012207031,359.3399963378906,353.0400085449219,354.239990234375,915100
2022-10-07,338.69952392578125,356.1499938964844,356.3999938964844,349.70001220703125,352.04998779296875,1351700
2022-10-10,342.0565185546875,359.67999267578125,365.2799987792969,355.75,358.260009765625,1366900
2022-10-11,345.5276794433594,363.3299865722656,370.260009765625,356.1000061035156,356.82000732421875,1457200
2022-10-12,343.5115661621094,361.2099914550781,364.260009765625,358.45001220703125,362.9200134277344,1179400
2022-10-13,349.1795654296875,367.1700134277344,368.3900146484375,349.07000732421875,354.1099853515625,1596600
2022-10-14,339.6409606933594,357.1400146484375,372.3999938964844,356.42999267578125,368.3800048828125,1231700
2022-10-17,344.8240051269531,362.5899963378906,367.17999267578125,360.9700012207031,361.3900146484375,1077100
2022-10-18,353.1166687011719,371.30999755859375,373.94000244140625,365.75,371.8599853515625,1214800
2022-10-19,353.1261901855469,371.32000732421875,374.54998779296875,367.5,370.0,817800
2022-10-20,347.6104736328125,365.5199890136719,374.0799865722656,363.7200012207031,371.8299865722656,788300
2022-10-21,364.291015625,383.05999755859375,383.6300048828125,363.07000732421875,364.55999755859375,1387500
2022-10-24,366.98236083984375,385.8900146484375,387.44000244140625,380.1099853515625,381.6700134277344,1059700
2022-10-25,372.4410400390625,391.6300048828125,392.5,383.1400146484375,384.0,1402500
2022-10-26,372.0130615234375,391.17999267578125,395.7699890136719,388.2200012207031,394.7699890136719,1157500
2022-10-27,375.25604248046875,394.5899963378906,405.4100036621094,393.67999267578125,398.0,2043100
2022-10-28,377.4053039550781,396.8500061035156,397.7300109863281,390.1700134277344,393.79998779296875,1712300
2022-10-31,376.42572021484375,395.82000732421875,406.0199890136719,395.010009765625,395.9200134277344,1638400
2022-11-01,369.66412353515625,388.7099914550781,398.0,385.7300109863281,398.0,2269000
2022-11-02,367.03936767578125,385.95001220703125,397.3299865722656,385.6499938964844,388.7099914550781,1719300
2022-11-03,374.3430480957031,393.6300048828125,397.9800109863281,380.260009765625,381.17999267578125,1627400
2022-11-04,375.73150634765625,395.0899963378906,403.989990234375,393.5,400.6199951171875,1548500
2022-11-07,379.2312316894531,398.7699890136719,398.80999755859375,393.8999938964844,398.5799865722656,1186300
2022-11-08,384.74700927734375,404.57000732421875,408.7699890136719,398.54998779296875,399.80999755859375,1360800
2022-11-09,377.633544921875,397.0899963378906,404.9100036621094,396.4200134277344,400.3500061035156,2182800
2022-11-10,387.6380310058594,407.6099853515625,408.0199890136719,395.2699890136719,406.30999755859375,2370900
2022-11-11,386.1354064941406,406.0299987792969,413.5,405.1499938964844,406.6099853515625,1519200
2022-11-14,387.0008850097656,406.94000244140625,410.4800109863281,402.3299865722656,404.5799865722656,2035700
2022-11-15,387.0293884277344,406.9700012207031,412.9700012207031,401.79998779296875,411.760009765625,1701100
2022-11-16,386.4873046875,406.3999938964844,408.5799865722656,402.04998779296875,407.25,1101600
2022-11-17,392.75445556640625,412.989990234375,413.6300048828125,401.57000732421875,402.6499938964844,1284100
2022-11-18,393.96221923828125,414.260009765625,416.0199890136719,411.2799987792969,415.1000061035156,1590800
2022-11-21,391.5277099609375,411.70001220703125,415.2799987792969,406.510009765625,413.25,1326000
2022-11-22,396.14947509765625,416.55999755859375,416.8299865722656,411.45001220703125,414.0,2195200
2022-11-23,416.0824890136719,437.5199890136719,448.3999938964844,428.8800048828125,429.5199890136719,5080300
2022-11-25,419.8390197753906,441.4700012207031,442.4100036621094,432.54998779296875,435.7699890136719,1135500
2022-11-28,419.59173583984375,441.2099914550781,443.6400146484375,436.9200134277344,437.3800048828125,1974800
2022-11-29,419.3634948730469,440.9700012207031,444.5299987792969,436.2200012207031,443.7900085449219,1643100
2022-11-30,419.39202880859375,441.0,441.69000244140625,432.9200134277344,441.2099914550781,2397200
2022-12-01,420.16241455078125,441.80999755859375,444.510009765625,436.3699951171875,440.3299865722656,1747400
2022-12-02,423.7761535644531,445.6099853515625,447.70001220703125,438.6499938964844,442.2300109863281,1471200
2022-12-05,415.4833984375,436.8900146484375,442.1600036621094,435.0,441.07000732421875,1467600
2022-12-06,416.7767639160156,438.25,439.260009765625,433.6600036621094,439.1300048828125,1015900
2022-12-07,419.05914306640625,440.6499938964844,441.8399963378906,435.7200012207031,436.2300109863281,1433800
2022-12-08,421.2274475097656,442.92999267578125,443.489990234375,437.6000061035156,443.30999755859375,1200200
2022-12-09,413.50531005859375,434.80999755859375,444.5400085449219,434.3800048828125,443.3800048828125,1340400
2022-12-12,415.63555908203125,437.04998779296875,437.4200134277344,431.6400146484375,436.1199951171875,1591700
2022-12-13,415.7687072753906,437.19000244140625,439.6600036621094,432.760009765625,438.8399963378906,1675500
2022-12-14,416.9574890136719,438.44000244140625,442.25,434.3699951171875,439.6600036621094,1767500
2022-12-15,408.73126220703125,429.7900085449219,436.82000732421875,426.07000732421875,435.0,1561900
2022-12-16,409.96759033203125,431.0899963378906,433.0,421.6600036621094,424.760009765625,3097300
2022-12-19,411.4701843261719,432.6700134277344,434.6400146484375,429.70001220703125,432.0400085449219,1327700
2022-12-20,414.0283203125,435.3599853515625,437.0400085449219,429.7300109863281,432.07000732421875,985200
2022-12-21,420.00067138671875,441.6400146484375,444.510009765625,436.04998779296875,437.8500061035156,1220500
2022-12-22,414.50384521484375,435.8599853515625,440.5299987792969,430.3599853515625,440.3399963378906,1223600
2022-12-23,415.5214538574219,436.92999267578125,437.8800048828125,433.2200012207031,435.8900146484375,735600
2022-12-27,414.7796325683594,436.1499938964844,442.25,435.75,438.04998779296875,713800
2022-12-28,409.10223388671875,430.17999267578125,437.8999938964844,429.82000732421875,437.0,821700
2022-12-29,408.7779846191406,428.6400146484375,431.760009765625,426.4100036621094,429.7300109863281,835300
2022-12-30,408.8924255371094,428.760009765625,429.739990234375,424.82000732421875,426.8800048828125,760200
2023-01-03,404.6294860839844,424.2900085449219,428.1600036621094,420.20001220703125,428.0,1166300
2023-01-04,403.8570861816406,423.4800109863281,426.3599853515625,420.2099914550781,423.92999267578125,1050800
2023-01-05,395.5125732421875,414.7300109863281,423.489990234375,412.6099853515625,422.57000732421875,1485000
2023-01-06,406.7085266113281,426.4700012207031,428.5400085449219,416.010009765625,416.20001220703125,1042200
2023-01-09,408.3583679199219,428.20001220703125,434.2799987792969,426.4700012207031,427.9100036621094,1200300
2023-01-10,417.1606750488281,437.42999267578125,437.95001220703125,426.8900146484375,426.8900146484375,1079200
2023-01-11,413.39373779296875,433.4800109863281,439.8800048828125,430.0899963378906,439.739990234375,1130000
2023-01-12,415.88275146484375,436.0899963378906,439.9800109863281,431.29998779296875,435.0,1205500
2023-01-13,419.2586975097656,439.6300048828125,440.260009765625,433.2099914550781,433.8900146484375,985700
2023-01-17,417.8949890136719,438.20001220703125,445.1400146484375,437.67999267578125,440.0799865722656,1767700
2023-01-18,406.25067138671875,425.989990234375,443.1199951171875,425.6300048828125,439.0899963378906,1390800
2023-01-19,389.6666259765625,408.6000061035156,423.2699890136719,407.8800048828125,422.2200012207031,2241000
2023-01-20,391.57391357421875,410.6000061035156,411.4200134277344,406.07000732421875,410.3399963378906,2781500
2023-01-23,390.3722839355469,409.3399963378906,413.57000732421875,407.3399963378906,411.45001220703125,1390500
2023-01-24,397.36260986328125,416.6700134277344,419.1700134277344,405.010009765625,408.5,1319700
2023-01-25,394.4729919433594,413.6400146484375,415.4100036621094,409.239990234375,413.1700134277344,1002000
2023-01-26,401.68267822265625,421.20001220703125,421.30999755859375,411.6600036621094,417.739990234375,1191100
2023-01-27,398.8026123046875,418.17999267578125,422.8699951171875,417.6199951171875,421.20001220703125,1324500
2023-01-30,401.11053466796875,420.6000061035156,425.75,418.0,418.7300109863281,1376100
2023-01-31,403.2467041015625,422.8399963378906,423.0400085449219,416.05999755859375,421.80999755859375,1269800
2023-02-01,407.20440673828125,426.989990234375,429.8299865722656,418.5,422.0400085449219,1112100
2023-02-02,387.7115478515625,406.54998779296875,426.739990234375,401.8699951171875,426.6199951171875,2551300
2023-02-03,387.2442932128906,406.05999755859375,413.7099914550781,404.9200134277344,406.5,2295500
2023-02-06,391.22100830078125,410.2300109863281,412.9100036621094,405.0199890136719,405.5,1378100
2023-02-07,390.5439147949219,409.5199890136719,413.4100036621094,404.7799987792969,408.20001220703125,1313100
2023-02-08,388.7987060546875,407.69000244140625,411.5,406.0199890136719,406.05999755859375,1061500
2023-02-09,389.1039123535156,408.010009765625,412.5299987792969,407.1300048828125,411.0799865722656,1262700
2023-02-10,398.4306945800781,417.7900085449219,418.44000244140625,408.1600036621094,408.6600036621094,1357000
2023-02-13,396.0846862792969,415.3299865722656,423.3900146484375,414.1400146484375,419.3800048828125,1428400
2023-02-14,390.34356689453125,409.30999755859375,415.3800048828125,404.1400146484375,415.3800048828125,1503000
2023-02-15,391.0399169921875,410.0400085449219,414.0,405.5199890136719,406.6700134277344,1424800
2023-02-16,384.2878723144531,402.9599914550781,409.2699890136719,402.8299865722656,404.9700012207031,2122500
2023-02-17,413.2315368652344,433.30999755859375,436.3800048828125,415.5,419.0,4888700
2023-02-21,407.3760681152344,427.1700134277344,437.8800048828125,425.6700134277344,431.9200134277344,1936300
2023-02-22,406.6513366699219,426.4100036621094,430.989990234375,421.739990234375,429.3800048828125,1356300
2023-02-23,405.35430908203125,425.04998779296875,431.3699951171875,420.29998779296875,429.9800109863281,1086900
2023-02-24,398.0779113769531,417.4200134277344,423.7099914550781,415.2099914550781,423.6000061035156,1031200
2023-02-27,402.0928039550781,421.6300048828125,422.9800109863281,416.7300109863281,418.5899963378906,920200
2023-02-28,399.8135681152344,419.239990234375,422.19000244140625,417.17999267578125,421.7900085449219,1465200
2023-03-01,400.2999572753906,419.75,423.8500061035156,416.80999755859375,418.3399963378906,1354000
2023-03-02,401.81622314453125,421.3399963378906,423.260009765625,417.760009765625,417.760009765625,959800
2023-03-03,410.34197998046875,430.2799987792969,431.6700134277344,422.010009765625,422.7699890136719,1097400
2023-03-06,405.98370361328125,425.7099914550781,432.0,425.6099853515625,430.29998779296875,1007500
2023-03-07,398.7740173339844,418.1499938964844,426.92999267578125,417.8999938964844,425.54998779296875,1181500
2023-03-08,404.6294860839844,424.2900085449219,426.1199951171875,418.260009765625,418.7799987792969,1365900
2023-03-09,401.8925476074219,421.4200134277344,432.8900146484375,420.8800048828125,426.0199890136719,2082000
2023-03-10,377.5836486816406,395.92999267578125,419.7699890136719,395.0799865722656,418.3500061035156,2354300
2023-03-13,379.767578125,398.2200012207031,402.7099914550781,386.239990234375,388.8699951171875,2000700
2023-03-14,383.801513671875,402.45001220703125,406.3399963378906,397.25,404.3599853515625,1636600
2023-03-15,372.38623046875,390.4800109863281,396.5,382.3999938964844,394.69000244140625,1964100
2023-03-16,372.9869689941406,391.1099853515625,393.3399963378906,384.67999267578125,387.6000061035156,1621800
2023-03-17,367.63690185546875,385.5,389.9700012207031,381.3900146484375,387.20001220703125,3124500
2023-03-20,376.2199401855469,394.5,396.67999267578125,387.489990234375,389.1600036621094,1325100
2023-03-21,383.9350280761719,402.5899963378906,404.5400085449219,399.739990234375,400.7900085449219,1341700
2023-03-22,376.6681213378906,394.9700012207031,404.2099914550781,394.80999755859375,403.6400146484375,1202400
2023-03-23,373.6927490234375,391.8500061035156,400.7099914550781,389.04998779296875,395.0,1566800
2023-03-24,368.5905456542969,386.5,388.5899963378906,381.5,387.3800048828125,1361500
2023-03-27,374.7989807128906,393.010009765625,395.0299987792969,386.5799865722656,390.7900085449219,1392700
2023-03-28,377.0305480957031,395.3500061035156,396.92999267578125,392.3900146484375,394.4200134277344,982000
2023-03-29,382.2184143066406,400.7900085449219,401.7200012207031,396.6099853515625,399.6499938964844,1455000
2023-03-30,386.1980895996094,403.70001220703125,406.5,401.9800109863281,402.29998779296875,1267900
2023-03-31,394.9801330566406,412.8800048828125,413.55999755859375,406.0,406.0,1779200
2023-04-03,396.9986267089844,414.989990234375,419.3999938964844,413.04998779296875,413.04998779296875,1632200
2023-04-04,380.4199523925781,397.6600036621094,414.8800048828125,395.7300109863281,413.4800109863281,1801600
2023-04-05,357.613525390625,373.82000732421875,394.20001220703125,370.0899963378906,393.3699951171875,3265700
2023-04-06,353.6242370605469,369.6499938964844,373.20001220703125,366.1000061035156,372.19000244140625,1848500
2023-04-10,360.9713439941406,377.3299865722656,378.6099853515625,368.510009765625,369.2900085449219,1486500
2023-04-11,364.319580078125,380.8299865722656,386.1700134277344,377.8399963378906,377.8399963378906,1543800
2023-04-12,367.72528076171875,384.3900146484375,388.75,382.79998779296875,383.489990234375,2166100
2023-04-13,368.0600891113281,384.739990234375,387.3699951171875,379.05999755859375,385.7200012207031,1627000
2023-04-14,370.958740234375,387.7699890136719,389.8500061035156,385.20001220703125,386.6700134277344,1113200
2023-04-17,374.450439453125,391.4200134277344,393.260009765625,389.0,389.32000732421875,1116600
2023-04-18,379.4919738769531,396.69000244140625,399.6099853515625,392.0,393.2200012207031,1402000
2023-04-19,375.7419738769531,392.7699890136719,396.3900146484375,390.1300048828125,395.239990234375,860000
2023-04-20,373.4364318847656,390.3599853515625,392.3800048828125,386.010009765625,390.7200012207031,1336300
2023-04-21,369.9351806640625,386.70001220703125,390.5299987792969,385.29998779296875,389.9100036621094,2556900
2023-04-24,371.21697998046875,388.0400085449219,392.6600036621094,386.260009765625,387.32000732421875,1132800
2023-04-25,363.0185852050781,379.4700012207031,385.7200012207031,378.6499938964844,385.0199890136719,1688400
2023-04-26,358.3692626953125,374.6099853515625,378.19000244140625,372.3900146484375,375.0,1416500
2023-04-27,355.72894287109375,371.8500061035156,374.0,365.8900146484375,372.4200134277344,2741600
2023-04-28,361.63140869140625,378.0199890136719,378.4200134277344,371.0,371.82000732421875,1999300
2023-05-01,365.5536804199219,382.1199951171875,384.6199951171875,379.42999267578125,379.95001220703125,1184100
2023-05-02,367.1607971191406,383.79998779296875,386.8800048828125,374.239990234375,384.010009765625,1547800
2023-05-03,365.64935302734375,382.2200012207031,390.010009765625,382.1400146484375,385.260009765625,1235400
2023-05-04,357.3934631347656,373.5899963378906,384.0199890136719,373.3299865722656,382.1000061035156,1382900
2023-05-05,364.5682678222656,381.0899963378906,382.7300109863281,376.0400085449219,378.1000061035156,1862900
2023-05-08,363.7646789550781,380.25,389.2799987792969,378.8500061035156,385.989990234375,1106500
2023-05-09,364.9031677246094,381.44000244140625,382.67999267578125,376.3699951171875,377.739990234375,1478700
2023-05-10,363.8987121582031,380.3900146484375,386.260009765625,376.1600036621094,385.70001220703125,1014600
2023-05-11,356.628173828125,372.7900085449219,377.0,370.1700134277344,375.8999938964844,1825100
2023-05-12,357.7666015625,373.9800109863281,377.5,371.29998779296875,376.1199951171875,1332000
2023-05-15,354.1600341796875,370.2099914550781,374.7900085449219,369.8599853515625,374.3999938964844,1466300
2023-05-16,346.9565124511719,362.67999267578125,368.8399963378906,362.260009765625,368.0,2181300
2023-05-17,352.11279296875,368.07000732421875,372.7300109863281,364.1000061035156,365.0,1843900
2023-05-18,354.4565734863281,370.5199890136719,371.1600036621094,365.70001220703125,367.3399963378906,2034300
2023-05-19,347.78875732421875,363.54998779296875,393.0,361.4700012207031,390.82000732421875,7522100
2023-05-22,344.8709411621094,360.5,365.8500061035156,355.8699951171875,359.69000244140625,2936200
2023-05-23,344.8518981933594,360.4800109863281,363.0400085449219,354.45001220703125,357.2799987792969,2111400
2023-05-24,338.7292785644531,354.0799865722656,358.69000244140625,353.0,358.3299865722656,1717000
2023-05-25,339.4946594238281,354.8800048828125,357.3900146484375,350.80999755859375,353.6600036621094,1540000
2023-05-26,341.7236328125,357.2099914550781,359.5799865722656,355.2900085449219,356.69000244140625,1412900
2023-05-30,335.4288330078125,350.6300048828125,357.07000732421875,346.44000244140625,355.0,2094800
2023-05-31,330.9804382324219,345.9800109863281,350.2200012207031,345.54998779296875,348.20001220703125,3384700
2023-06-01,337.2847900390625,352.57000732421875,355.6600036621094,346.8299865722656,349.2300109863281,2116800
2023-06-02,354.9827880859375,371.07000732421875,372.1400146484375,357.6700134277344,360.07000732421875,2855600
2023-06-05,347.8843688964844,363.6499938964844,371.20001220703125,363.1499938964844,371.20001220703125,1476800
2023-06-06,357.4891662597656,373.69000244140625,374.4599914550781,361.79998779296875,362.2200012207031,1927600
2023-06-07,365.26666259765625,381.82000732421875,383.94000244140625,370.0799865722656,373.9800109863281,1928800
2023-06-08,364.26214599609375,380.7699890136719,384.0,378.54998779296875,381.7699890136719,1317100
2023-06-09,362.4445495605469,378.8699951171875,383.3699951171875,377.07000732421875,381.7300109863281,1254800
2023-06-12,370.3464660644531,387.1300048828125,388.07000732421875,377.9800109863281,378.6700134277344,1527000
2023-06-13,380.9747619628906,398.239990234375,400.7900085449219,389.20001220703125,389.82000732421875,2141700
2023-06-14,381.7496643066406,399.04998779296875,405.1199951171875,398.30999755859375,400.0,1900100
2023-06-15,388.89581298828125,406.5199890136719,408.0,399.510009765625,400.2099914550781,1471200
2023-06-16,389.957763671875,407.6300048828125,409.95001220703125,405.489990234375,407.7699890136719,2119900
2023-06-20,390.2925109863281,407.9800109863281,408.9599914550781,400.0,401.8399963378906,1700700
2023-06-21,398.5292663574219,416.5899963378906,418.0,405.0299987792969,406.9200134277344,1868200
2023-06-22,397.6683044433594,415.69000244140625,418.3800048828125,411.9800109863281,414.8299865722656,1518000
2023-06-23,386.9156188964844,404.45001220703125,411.3299865722656,404.07000732421875,411.0799865722656,2033400
2023-06-26,392.4067077636719,410.19000244140625,415.8500061035156,404.95001220703125,404.95001220703125,1360400
2023-06-27,391.7562255859375,409.510009765625,411.5,400.6300048828125,410.739990234375,1404900
2023-06-28,387.633056640625,405.20001220703125,412.79998779296875,404.8399963378906,410.1099853515625,1676100
2023-06-29,385.4067687988281,401.6300048828125,405.80999755859375,395.0,401.69000244140625,1871600
2023-06-30,388.822998046875,405.19000244140625,408.6000061035156,403.32000732421875,405.4700012207031,1848800
2023-07-03,390.0608825683594,406.4800109863281,407.30999755859375,399.7200012207031,402.2300109863281,652600
2023-07-05,388.3143615722656,404.6600036621094,408.8399963378906,403.7699890136719,406.0,1398600
2023-07-06,384.9653625488281,401.1700134277344,404.7300109863281,399.75,402.95001220703125,1390700
2023-07-07,388.9093322753906,405.2799987792969,408.42999267578125,399.42999267578125,399.42999267578125,1013900
2023-07-10,390.6462707519531,407.0899963378906,408.739990234375,401.92999267578125,403.1400146484375,1005500
2023-07-11,397.0851745605469,413.79998779296875,414.5,410.4100036621094,410.4100036621094,1131200
2023-07-12,391.2027587890625,407.6700134277344,418.0199890136719,407.5,417.0,1376000
2023-07-13,393.00689697265625,409.54998779296875,411.2099914550781,405.1000061035156,408.2099914550781,999400
2023-07-14,397.86248779296875,414.6099853515625,414.95001220703125,409.0799865722656,413.17999267578125,984200
2023-07-17,403.6105651855469,420.6000061035156,423.4200134277344,414.9100036621094,414.9700012207031,1509100
2023-07-18,414.1277770996094,431.55999755859375,431.9599914550781,420.739990234375,421.32000732421875,1575400
2023-07-19,418.5516357421875,436.1700134277344,437.80999755859375,431.6300048828125,432.25,1664800
2023-07-20,421.8717956542969,439.6300048828125,440.010009765625,435.04998779296875,438.7799987792969,1284900
2023-07-21,419.2808837890625,436.92999267578125,440.239990234375,435.30999755859375,439.010009765625,1195600
2023-07-24,424.7122802734375,442.5899963378906,447.0,436.25,436.95001220703125,1301700
2023-07-25,428.3011779785156,446.3299865722656,450.0,440.4800109863281,441.0400085449219,1160700
2023-07-26,415.4617004394531,432.95001220703125,446.7099914550781,431.510009765625,443.5299987792969,1759500
2023-07-27,411.3064880371094,428.6199951171875,434.0,424.4599914550781,433.489990234375,1977000
2023-07-28,409.8575134277344,427.1099853515625,430.1300048828125,425.0299987792969,428.760009765625,1194700
2023-07-31,412.2469787597656,429.6000061035156,432.8900146484375,426.92999267578125,429.5,1169600
2023-08-01,415.9318542480469,433.44000244140625,438.79998779296875,430.010009765625,431.3500061035156,1115800
2023-08-02,413.139404296875,430.5299987792969,434.9599914550781,427.0400085449219,430.6400146484375,1077900
2023-08-03,406.81561279296875,423.94000244140625,429.30999755859375,421.239990234375,427.2200012207031,1083400
2023-08-04,406.91156005859375,424.0400085449219,430.0,423.3399963378906,428.4700012207031,961200
2023-08-07,413.8879089355469,431.30999755859375,432.82000732421875,424.1400146484375,424.7699890136719,1009400
2023-08-08,413.07220458984375,430.4599914550781,431.0799865722656,424.3999938964844,427.0,1354400
2023-08-09,418.4748229980469,436.0899963378906,439.3800048828125,432.4800109863281,433.0,1361300
2023-08-10,417.0162353515625,434.57000732421875,441.4700012207031,434.1600036621094,436.67999267578125,1283900
2023-08-11,417.49603271484375,435.07000732421875,437.3999938964844,432.57000732421875,435.2799987792969,1217200
2023-08-14,419.96221923828125,437.6400146484375,438.3900146484375,434.19000244140625,435.510009765625,1058500
2023-08-15,414.2429504394531,431.67999267578125,435.20001220703125,429.5899963378906,433.5299987792969,1576800
2023-08-16,406.81561279296875,423.94000244140625,435.739990234375,423.20001220703125,428.0,1870300
2023-08-17,402.22869873046875,419.1600036621094,425.4200134277344,415.7699890136719,421.7799987792969,2149200
2023-08-18,380.98291015625,397.0199890136719,412.95001220703125,395.3800048828125,407.7099914550781,4233700
2023-08-21,375.0046691894531,390.7900085449219,398.0,385.489990234375,396.0199890136719,2549100
2023-08-22,369.6500244140625,385.2099914550781,393.0899963378906,384.25,392.739990234375,1663900
2023-08-23,378.3536682128906,394.2799987792969,395.6600036621094,385.1700134277344,385.1700134277344,1582200
2023-08-24,371.0222473144531,386.6400146484375,392.1000061035156,385.8399963378906,390.3900146484375,1379900
2023-08-25,374.44805908203125,390.2099914550781,392.0400085449219,386.2200012207031,388.20001220703125,1099900
2023-08-28,378.7470703125,394.69000244140625,396.0,391.4800109863281,392.9100036621094,1247000
2023-08-29,387.77703857421875,404.1000061035156,405.6199951171875,393.2699890136719,394.20001220703125,1875600
2023-08-30,396.5765380859375,413.2699890136719,415.5899963378906,403.4599914550781,403.8699951171875,1815500
2023-08-31,394.3406982421875,410.94000244140625,417.2900085449219,410.67999267578125,414.04998779296875,1515500
2023-09-01,401.9791564941406,418.8999938964844,419.3999938964844,414.5799865722656,414.6700134277344,1249700
2023-09-05,397.6896667480469,414.42999267578125,423.3500061035156,413.8599853515625,420.8999938964844,1474000
2023-09-06,397.555419921875,414.2900085449219,416.42999267578125,410.6400146484375,412.1199951171875,1002600
2023-09-07,395.0987243652344,411.7300109863281,415.42999267578125,405.3999938964844,411.1600036621094,1028800
2023-09-08,383.5163269042969,399.6600036621094,413.17999267578125,399.05999755859375,411.5,1837500
2023-09-11,384.19769287109375,400.3699951171875,404.0,397.70001220703125,403.29998779296875,1428200
2023-09-12,386.01123046875,402.260009765625,405.7099914550781,399.29998779296875,399.4100036621094,1127800
2023-09-13,385.9825744628906,402.2300109863281,406.8999938964844,399.67999267578125,401.8399963378906,1104200
2023-09-14,395.0508117675781,411.67999267578125,412.1499938964844,405.1300048828125,406.2900085449219,1272400
2023-09-15,395.4634094238281,412.1099853515625,414.8699951171875,408.9800109863281,411.7900085449219,1986200
2023-09-18,394.2447509765625,410.8399963378906,413.6000061035156,407.510009765625,410.94000244140625,969300
2023-09-19,382.58551025390625,398.69000244140625,403.95001220703125,398.4100036621094,402.5899963378906,1957300
2023-09-20,386.0784606933594,402.3299865722656,409.1499938964844,399.54998779296875,401.7300109863281,1289700
2023-09-21,371.9819030761719,387.6400146484375,399.7099914550781,386.0400085449219,399.0299987792969,2209100
2023-09-22,365.48529052734375,380.8699951171875,383.55999755859375,377.57000732421875,381.7300109863281,2410500
2023-09-25,368.8631896972656,384.3900146484375,385.2099914550781,378.3599853515625,379.0400085449219,1383600
2023-09-26,364.2954406738281,379.6300048828125,381.8699951171875,377.239990234375,378.0,1270400
2023-09-27,368.8343505859375,384.3599853515625,386.3599853515625,380.2699890136719,381.7699890136719,1403900
2023-09-28,370.4907531738281,384.7300109863281,389.1199951171875,383.0,384.0,1309200
2023-09-29,363.4127502441406,377.3800048828125,386.9800109863281,375.7200012207031,383.7300109863281,2124300
2023-10-02,360.0037536621094,373.8399963378906,380.6300048828125,370.54998779296875,379.19000244140625,1989800
2023-10-03,358.9830322265625,372.7799987792969,373.8500061035156,370.5,372.4100036621094,1212200
2023-10-04,363.04681396484375,377.0,378.5799865722656,370.1600036621094,372.3800048828125,1219000
2023-10-05,361.7852783203125,375.69000244140625,378.8500061035156,373.20001220703125,375.7099914550781,997200
2023-10-06,364.52978515625,378.5400085449219,381.8800048828125,372.32000732421875,373.44000244140625,1203400
2023-10-09,368.7669372558594,382.94000244140625,383.8999938964844,377.5299987792969,378.42999267578125,831200
2023-10-10,376.37457275390625,390.8399963378906,391.95001220703125,386.1300048828125,386.29998779296875,1317400
2023-10-11,374.9493103027344,389.3599853515625,392.489990234375,387.3800048828125,391.3800048828125,942500
2023-10-12,368.13134765625,382.2799987792969,391.0,377.8599853515625,389.79998779296875,1375200
2023-10-13,366.57135009765625,380.6600036621094,385.82000732421875,378.760009765625,383.0,1074200
2023-10-16,376.0857238769531,390.5400085449219,392.5799865722656,384.05999755859375,384.95001220703125,1202600
2023-10-17,376.6441650390625,391.1199951171875,395.30999755859375,388.0199890136719,388.8999938964844,899800
2023-10-18,368.083251953125,382.2300109863281,390.3900146484375,378.0299987792969,388.3599853515625,1495000
2023-10-19,367.2550354003906,381.3699951171875,386.3699951171875,380.25,381.6400146484375,1348000
2023-10-20,361.2652587890625,375.1499938964844,382.4100036621094,374.82000732421875,380.3900146484375,1468100
2023-10-23,359.4548034667969,373.2699890136719,380.2200012207031,371.4800109863281,373.2099914550781,1308100
2023-10-24,359.7437438964844,373.57000732421875,377.8399963378906,371.5899963378906,375.67999267578125,899100
2023-10-25,358.1452331542969,371.9100036621094,375.989990234375,371.04998779296875,372.239990234375,773900
2023-10-26,355.8629150390625,369.5400085449219,374.79998779296875,369.4700012207031,371.0,1124900
2023-10-27,347.7834167480469,361.1499938964844,369.8900146484375,358.79998779296875,369.0,1436400
2023-10-30,354.18731689453125,367.79998779296875,369.3399963378906,361.6700134277344,365.2300109863281,1277500
2023-10-31,351.83758544921875,365.3599853515625,365.8999938964844,359.3900146484375,362.0,1233200
2023-11-01,356.75848388671875,370.4700012207031,372.3699951171875,361.3599853515625,364.8800048828125,1073000
2023-11-02,359.7341613769531,373.55999755859375,378.4100036621094,371.8999938964844,375.5,1259300
2023-11-03,368.0543518066406,382.20001220703125,384.6300048828125,377.4800109863281,379.5,1173200
2023-11-06,364.25054931640625,378.25,384.54998779296875,375.1700134277344,383.2799987792969,925900
2023-11-07,355.573974609375,369.239990234375,372.510009765625,363.010009765625,366.8999938964844,1711400
2023-11-08,355.6991882324219,369.3699951171875,373.05999755859375,369.1499938964844,370.79998779296875,1178000
2023-11-09,355.93994140625,369.6199951171875,374.1700134277344,367.7699890136719,373.6300048828125,1094900
2023-11-10,360.14813232421875,373.989990234375,374.5299987792969,369.0199890136719,372.3500061035156,1311800
2023-11-13,356.0747985839844,369.760009765625,373.6300048828125,367.1300048828125,372.8599853515625,1418100
2023-11-14,361.0822448730469,374.9599914550781,378.42999267578125,370.6000061035156,373.69000244140625,2115800
2023-11-15,366.7735595703125,380.8699951171875,382.010009765625,373.45001220703125,376.9599914550781,1515500
2023-11-16,364.549072265625,378.55999755859375,382.8999938964844,375.3999938964844,381.3800048828125,1736200
2023-11-17,369.93212890625,384.1499938964844,385.30999755859375,379.4200134277344,382.3999938964844,1342600
2023-11-20,366.2535705566406,380.3299865722656,384.8299865722656,379.44000244140625,382.510009765625,2197300
2023-11-21,368.4877014160156,382.6499938964844,383.5,379.0899963378906,380.0,2163100
2023-11-22,357.03778076171875,370.760009765625,373.3399963378906,355.6600036621094,360.9800109863281,6304700
2023-11-24,356.4888916015625,370.19000244140625,371.3900146484375,366.8399963378906,370.5199890136719,1275300
2023-11-27,348.80419921875,362.2099914550781,369.010009765625,361.7900085449219,368.3599853515625,2322200
2023-11-28,346.6952209472656,360.0199890136719,363.8500061035156,358.760009765625,362.0,1904600
2023-11-29,350.47021484375,363.94000244140625,368.3599853515625,359.6499938964844,362.739990234375,2263500
2023-11-30,350.9227294921875,364.4100036621094,367.1400146484375,361.3900146484375,364.6300048828125,1950200
2023-12-01,355.1599426269531,368.80999755859375,370.9100036621094,363.57000732421875,364.9100036621094,1764900
2023-12-04,355.27545166015625,368.92999267578125,370.3699951171875,364.0299987792969,365.4800109863281,1405900
2023-12-05,347.7738037109375,361.1400146484375,367.94000244140625,360.7699890136719,367.7799987792969,1572700
2023-12-06,352.01092529296875,365.5400085449219,369.8800048828125,362.5,363.0199890136719,3218300
2023-12-07,347.850830078125,361.2200012207031,365.3500061035156,360.17999267578125,365.010009765625,2753800
2023-12-08,350.21014404296875,363.6700134277344,364.1700134277344,360.8699951171875,361.79998779296875,2060500
2023-12-11,347.6678161621094,361.0299987792969,365.92999267578125,360.94000244140625,364.489990234375,2057900
2023-12-12,346.0885925292969,359.3900146484375,361.3699951171875,355.6000061035156,360.95001220703125,1832000
2023-12-13,363.056396484375,377.010009765625,377.80999755859375,358.5199890136719,359.3500061035156,3406900
2023-12-14,374.0440979003906,388.4200134277344,395.3299865722656,380.1400146484375,381.239990234375,3576000
2023-12-15,371.7810974121094,386.07000732421875,387.82000732421875,382.45001220703125,385.92999267578125,3891400
2023-12-18,368.5935974121094,382.760009765625,389.6400146484375,382.69000244140625,386.8299865722656,1404400
2023-12-19,379.3598937988281,393.94000244140625,394.17999267578125,383.29998779296875,384.9100036621094,2078500
2023-12-20,372.92706298828125,387.260009765625,395.44000244140625,386.9200134277344,394.1600036621094,1592100
2023-12-21,378.7820739746094,393.3399963378906,393.45001220703125,389.1000061035156,390.94000244140625,923300
2023-12-22,382.13323974609375,396.82000732421875,397.760009765625,393.1000061035156,393.29998779296875,1077300
2023-12-26,386.4185485839844,401.2699890136719,403.3399963378906,396.7099914550781,396.8500061035156,966100
2023-12-27,386.77484130859375,401.6400146484375,402.54998779296875,399.29998779296875,400.1199951171875,823500
2023-12-28,385.8953552246094,399.260009765625,401.05999755859375,398.3599853515625,400.8500061035156,1125200
2023-12-29,386.48486328125,399.8699951171875,400.75,397.760009765625,399.4800109863281,1104300
2024-01-02,387.4900817871094,400.9100036621094,406.5799865722656,398.0,399.1199951171875,1414600
2024-01-03,380.1831970214844,393.3500061035156,397.6000061035156,393.260009765625,396.6199951171875,1397600
2024-01-04,379.2552795410156,392.3900146484375,398.54998779296875,392.1000061035156,394.510009765625,1332100
2024-01-05,382.70574951171875,395.9599914550781,397.2300109863281,388.05999755859375,390.42999267578125,1100300
2024-01-08,384.6581726074219,397.9800109863281,398.3399963378906,390.5299987792969,393.5299987792969,1233300
2024-01-09,380.0574951171875,393.2200012207031,396.8500061035156,390.010009765625,395.7099914550781,1012400
2024-01-10,380.53106689453125,393.7099914550781,394.1700134277344,390.6499938964844,393.1400146484375,1003900
2024-01-11,377.157958984375,390.2200012207031,395.8900146484375,389.94000244140625,394.8399963378906,1190600
2024-01-12,373.5721435546875,386.510009765625,395.25,385.75,392.0299987792969,1221800
2024-01-16,372.45098876953125,385.3500061035156,389.3500061035156,384.0,385.75,1292900
2024-01-17,365.9365234375,378.6099853515625,382.0199890136719,377.489990234375,381.20001220703125,1466300
2024-01-18,368.6235046386719,381.3900146484375,381.760009765625,376.2200012207031,379.1000061035156,1125900
2024-01-19,369.908935546875,382.7200012207031,384.3800048828125,377.3299865722656,382.6099853515625,1223100
2024-01-22,371.7163391113281,384.5899963378906,387.1300048828125,381.5899963378906,381.9599914550781,1113600
2024-01-23,374.49029541015625,387.4599914550781,389.8800048828125,384.6199951171875,387.17999267578125,955000
2024-01-24,375.408447265625,388.4100036621094,393.1700134277344,386.3999938964844,389.94000244140625,1447800
2024-01-25,379.85455322265625,393.010009765625,395.0,388.6000061035156,393.1400146484375,1103500
2024-01-26,380.4441223144531,393.6199951171875,396.7200012207031,393.07000732421875,393.7799987792969,884900
2024-01-29,384.36822509765625,397.67999267578125,398.19000244140625,392.7300109863281,393.95001220703125,969400
2024-01-30,383.64324951171875,396.92999267578125,398.7699890136719,394.4100036621094,395.1400146484375,1098300
2024-01-31,380.40545654296875,393.5799865722656,398.0,392.75,397.32000732421875,1342400
2024-02-01,380.50201416015625,393.67999267578125,397.20001220703125,389.5199890136719,395.0799865722656,1485600
2024-02-02,379.4582824707031,392.6000061035156,395.0799865722656,386.6300048828125,390.239990234375,1666900
2024-02-05,373.1081848144531,386.0299987792969,393.6400146484375,383.1600036621094,392.0,2164000
2024-02-06,375.8821105957031,388.8999938964844,394.1700134277344,388.1400146484375,389.2099914550781,1740600
2024-02-07,373.03082275390625,385.95001220703125,391.8299865722656,385.6199951171875,390.42999267578125,1671500
2024-02-08,372.9148864746094,385.8299865722656,387.57000732421875,384.2699890136719,385.8800048828125,1142000
2024-02-09,368.5268249511719,381.2900085449219,385.6700134277344,380.45001220703125,384.1700134277344,1426300
2024-02-12,376.355712890625,389.3900146484375,391.510009765625,384.3299865722656,384.3299865722656,1698100
2024-02-13,366.5744934082031,379.2699890136719,385.3999938964844,375.510009765625,384.6300048828125,1765200
2024-02-14,371.9000549316406,384.7799987792969,385.55999755859375,377.1300048828125,383.0,2409000
2024-02-15,352.4535217285156,364.6600036621094,372.0,360.7699890136719,367.1000061035156,4933800
2024-02-16,348.60675048828125,360.67999267578125,364.0,358.260009765625,360.989990234375,2274300
2024-02-20,345.417236328125,357.3800048828125,360.69000244140625,355.0799865722656,359.5,1973600
2024-02-21,345.3302307128906,357.2900085449219,358.6000061035156,354.4599914550781,356.5899963378906,1364300
2024-02-22,344.8372497558594,356.7799987792969,358.1400146484375,353.1499938964844,354.1300048828125,2197900
2024-02-23,352.4535217285156,364.6600036621094,365.4599914550781,357.3999938964844,357.9800109863281,1704300
2024-02-26,351.0520324707031,363.2099914550781,366.3500061035156,361.6199951171875,364.0199890136719,1592500
2024-02-27,348.58740234375,360.6600036621094,364.1099853515625,358.239990234375,363.1300048828125,1559700
2024-02-28,352.5985107421875,364.80999755859375,365.3299865722656,361.1300048828125,361.4100036621094,1675600
2024-02-29,352.8304138183594,365.04998779296875,367.8500061035156,362.8500061035156,366.3699951171875,2491200
2024-03-01,355.5367126464844,367.8500061035156,368.82000732421875,361.3299865722656,365.010009765625,1967100
2024-03-04,352.2215576171875,364.4200134277344,369.9800109863281,362.92999267578125,368.6000061035156,1335000
2024-03-05,354.4542541503906,366.7300109863281,369.69000244140625,363.57000732421875,363.94000244140625,1710000
2024-03-06,354.3575439453125,366.6300048828125,367.8299865722656,364.3599853515625,366.0400085449219,1068700
2024-03-07,362.7566833496094,375.32000732421875,376.19000244140625,367.260009765625,367.4200134277344,1844600
2024-03-08,361.5774841308594,374.1000061035156,376.6700134277344,372.20001220703125,376.1400146484375,1064700
2024-03-11,362.4956970214844,375.04998779296875,375.4200134277344,370.6199951171875,373.3999938964844,855700
2024-03-12,360.176025390625,372.6499938964844,377.8399963378906,372.6000061035156,376.1499938964844,1140800
2024-03-13,366.1685485839844,378.8500061035156,380.5199890136719,372.7699890136719,373.3399963378906,1250700
2024-03-14,367.5023193359375,380.2300109863281,382.45001220703125,376.95001220703125,380.5,1436300
2024-03-15,370.55657958984375,383.3900146484375,383.9800109863281,378.0,378.0,3448500
2024-03-18,372.4122314453125,385.30999755859375,387.3900146484375,381.489990234375,383.0,1145200
2024-03-19,378.4046936035156,391.510009765625,392.3299865722656,385.510009765625,385.5299987792969,1490600
2024-03-20,380.859619140625,394.04998779296875,395.2900085449219,390.5899963378906,390.7699890136719,1763400
2024-03-21,384.3295593261719,397.6400146484375,399.3500061035156,392.0,393.8800048828125,1411800
2024-03-22,385.50872802734375,398.8599853515625,400.7200012207031,397.8399963378906,398.4700012207031,1514600
2024-03-25,384.70648193359375,398.0299987792969,401.6300048828125,397.0400085449219,398.79998779296875,1106300
2024-03-26,385.1800842285156,398.5199890136719,399.989990234375,396.25,398.32000732421875,1053200
2024-03-27,396.9086608886719,409.1400146484375,409.4200134277344,397.2699890136719,398.0,1543800
2024-03-28,398.4608154296875,410.739990234375,413.32000732421875,408.5799865722656,408.5799865722656,1426700
2024-04-01,392.05816650390625,404.1400146484375,411.9200134277344,403.67999267578125,410.1700134277344,1319500
2024-04-02,391.9222717285156,404.0,409.70001220703125,402.239990234375,405.0,1164500
2024-04-03,393.8916015625,406.0299987792969,408.6499938964844,403.2900085449219,404.2300109863281,1077300
2024-04-04,394.9393005371094,407.1099853515625,413.9200134277344,405.32000732421875,410.6700134277344,1218600
2024-04-05,400.20697021484375,412.5400085449219,413.1499938964844,406.010009765625,408.6499938964844,994400
2024-04-08,398.4704895019531,410.75,414.79998779296875,409.6499938964844,413.0,1269800
2024-04-09,399.1786804199219,411.4800109863281,413.8999938964844,409.4599914550781,413.4800109863281,1114500
2024-04-10,399.6540222167969,411.9700012207031,412.7200012207031,404.3999938964844,406.8900146484375,1407700
2024-04-11,400.4980163574219,412.8399963378906,414.05999755859375,406.9200134277344,412.739990234375,1472900
2024-04-12,385.39349365234375,397.2699890136719,412.489990234375,396.80999755859375,411.25,1886000
2024-04-15,382.0272521972656,393.79998779296875,404.2200012207031,392.57000732421875,402.2900085449219,1353300
2024-04-16,381.2608642578125,393.010009765625,395.7099914550781,386.6400146484375,392.260009765625,1865400
2024-04-17,385.0151672363281,396.8800048828125,397.6199951171875,392.3900146484375,396.0,1442200
2024-04-18,388.6239318847656,400.6000061035156,402.2799987792969,396.7200012207031,398.4800109863281,1562900
2024-04-19,388.3523254394531,400.32000732421875,402.9800109863281,398.760009765625,400.9700012207031,1125200
2024-04-22,387.6635437011719,399.6099853515625,402.8900146484375,392.17999267578125,398.8500061035156,1005500
2024-04-23,385.3353271484375,397.2099914550781,405.6199951171875,396.7200012207031,400.8699951171875,1278300
2024-04-24,382.8226623535156,394.6199951171875,397.760009765625,392.3699951171875,397.54998779296875,986600
2024-04-25,382.27947998046875,394.05999755859375,394.9100036621094,384.1400146484375,385.7699890136719,1316900
2024-04-26,381.5712585449219,393.3299865722656,395.95001220703125,391.1000061035156,392.6199951171875,998300
2024-04-29,388.9731750488281,400.9599914550781,402.5899963378906,395.3399963378906,395.3399963378906,847100
2024-04-30,379.7087097167969,391.4100036621094,398.3800048828125,390.1300048828125,397.7799987792969,1016600
2024-05-01,375.9156188964844,387.5,391.2300109863281,383.7699890136719,388.9599914550781,2017800
2024-05-02,384.1226501464844,395.9599914550781,398.3699951171875,385.7099914550781,388.6199951171875,1790100
2024-05-03,388.9731750488281,400.9599914550781,401.3399963378906,394.8500061035156,399.6400146484375,1627000
2024-05-06,389.826904296875,401.8399963378906,407.0,399.19000244140625,405.0,1042800
2024-05-07,393.44537353515625,405.57000732421875,406.57000732421875,402.739990234375,403.6600036621094,942000
2024-05-08,393.2998352050781,405.4200134277344,406.9599914550781,401.4599914550781,404.2200012207031,640300
2024-05-09,396.7727966308594,409.0,410.489990234375,405.4200134277344,405.4200134277344,995100
2024-05-10,395.6960754394531,407.8900146484375,411.69000244140625,405.6700134277344,410.5,1426800
2024-05-13,395.7930603027344,407.989990234375,416.57000732421875,407.55999755859375,409.0,1402800
2024-05-14,400.4398193359375,412.7799987792969,417.4700012207031,410.0,410.0,1765800
2024-05-15,401.64276123046875,414.0199890136719,416.5299987792969,412.260009765625,414.67999267578125,1861200
2024-05-16,382.6384582519531,394.42999267578125,410.0,394.17999267578125,406.8900146484375,3623800
2024-05-17,385.15093994140625,397.0199890136719,397.5899963378906,391.5400085449219,394.4700012207031,1612100
2024-05-20,379.7766418457031,391.4800109863281,396.8299865722656,390.94000244140625,395.75,1158500
2024-05-21,375.1782531738281,386.739990234375,391.17999267578125,385.2200012207031,390.92999267578125,1370900
2024-05-22,374.4700927734375,386.010009765625,388.55999755859375,384.25,386.0,1318800
2024-05-23,367.90252685546875,379.239990234375,387.57000732421875,378.7200012207031,387.1300048828125,1736600
2024-05-24,363.7504577636719,374.9599914550781,381.3599853515625,373.7300109863281,379.8800048828125,1511800
2024-05-28,358.2305908203125,369.2699890136719,375.0,366.9800109863281,375.0,1448000
2024-05-29,354.06878662109375,364.9800109863281,367.8500061035156,362.67999267578125,364.989990234375,1673500
2024-05-30,357.33807373046875,368.3500061035156,368.5799865722656,364.95001220703125,365.3399963378906,1340300
2024-05-31,363.55645751953125,374.760009765625,375.0799865722656,366.32000732421875,369.6000061035156,2332100
2024-06-03,357.114990234375,368.1199951171875,375.489990234375,364.54998779296875,375.3599853515625,1284200
2024-06-04,358.3275451660156,369.3699951171875,369.5899963378906,364.04998779296875,367.8999938964844,1328700
2024-06-05,359.899169921875,370.989990234375,371.5400085449219,365.4700012207031,369.95001220703125,1394800
2024-06-06,360.1708068847656,371.2699890136719,373.8900146484375,369.3500061035156,371.5,1305400
2024-06-07,357.5611572265625,368.5799865722656,373.010009765625,366.6600036621094,369.0,1080000
2024-06-10,357.28955078125,368.29998779296875,372.67999267578125,367.04998779296875,367.82000732421875,1033700
2024-06-11,354.21435546875,365.1300048828125,367.44000244140625,363.7799987792969,366.67999267578125,948400
2024-06-12,359.02606201171875,370.0899963378906,372.94000244140625,367.5799865722656,369.19000244140625,1055500
2024-06-13,366.6510925292969,377.95001220703125,378.2699890136719,368.17999267578125,368.17999267578125,1583900
2024-06-14,366.6995849609375,378.0,379.05999755859375,372.95001220703125,375.010009765625,1485200
2024-06-17,367.8831481933594,379.2200012207031,381.2699890136719,374.6700134277344,375.95001220703125,1227900
2024-06-18,371.31732177734375,382.760009765625,383.25,379.4100036621094,380.2099914550781,1211900
2024-06-20,370.12408447265625,381.5299987792969,384.5,380.010009765625,381.75,1352600
2024-06-21,363.82806396484375,375.0400085449219,380.0,374.010009765625,377.9599914550781,2450600
2024-06-24,366.8645324707031,378.1700134277344,382.92999267578125,376.010009765625,376.760009765625,1323100
2024-06-25,358.4245910644531,369.4700012207031,375.9599914550781,367.1400146484375,375.5199890136719,1644700
2024-06-26,365.0019226074219,376.25,376.3699951171875,367.3599853515625,370.739990234375,2442500
2024-06-27,365.5257568359375,376.7900085449219,378.1400146484375,374.69000244140625,375.0,1709400
2024-06-28,363.8798522949219,373.6300048828125,381.3900146484375,369.5,378.19000244140625,6689500
2024-07-01,351.5697021484375,360.989990234375,375.30999755859375,360.55999755859375,375.07000732421875,1458100
2024-07-02,355.4263610839844,364.95001220703125,365.4599914550781,359.25,359.5299987792969,1290000
2024-07-03,353.32275390625,362.7900085449219,367.6199951171875,361.1099853515625,365.44000244140625,668900
2024-07-05,350.6347351074219,360.0299987792969,363.1600036621094,356.79998779296875,363.1600036621094,1273500
2024-07-08,345.73602294921875,355.0,361.6400146484375,354.75,360.1000061035156,1671600
2024-07-09,339.73675537109375,348.8399963378906,355.32000732421875,345.94000244140625,354.760009765625,2112700
2024-07-10,342.3565673828125,351.5299987792969,352.54998779296875,347.79998779296875,349.29998779296875,1475800
2024-07-11,352.1637878417969,361.6000061035156,362.7699890136719,352.5,352.8999938964844,1764900
2024-07-12,355.7964172363281,365.3299865722656,368.1499938964844,363.4700012207031,364.5,1034900
2024-07-15,361.9710388183594,371.6700134277344,372.17999267578125,363.1300048828125,365.05999755859375,1158600
2024-07-16,367.6585998535156,377.510009765625,380.6300048828125,365.92999267578125,372.0,1732900
2024-07-17,375.07977294921875,385.1300048828125,387.5299987792969,377.67999267578125,378.0299987792969,1528000
2024-07-18,370.7069396972656,380.6400146484375,390.3399963378906,380.5299987792969,382.79998779296875,1736000
2024-07-19,368.1942443847656,378.05999755859375,384.1400146484375,377.17999267578125,383.239990234375,1152100
2024-07-22,369.3531799316406,379.25,380.6499938964844,372.2799987792969,379.1300048828125,1071200
2024-07-23,361.82489013671875,371.5199890136719,378.2900085449219,370.760009765625,376.3399963378906,1335900
2024-07-24,359.75048828125,369.3900146484375,375.67999267578125,367.92999267578125,370.4100036621094,1256300
2024-07-25,371.72955322265625,381.69000244140625,386.260009765625,368.1700134277344,368.1700134277344,1241600
2024-07-26,376.4627380371094,386.54998779296875,389.989990234375,384.07000732421875,385.2699890136719,1380800
2024-07-29,366.93792724609375,376.7699890136719,386.5400085449219,371.0,385.1700134277344,1491000
2024-07-30,362.0683288574219,371.7699890136719,375.0,364.17999267578125,365.9700012207031,2266900
2024-07-31,362.2729187011719,371.9800109863281,376.7799987792969,370.989990234375,373.2200012207031,1659500
2024-08-01,348.5700378417969,357.9100036621094,371.2099914550781,356.0199890136719,366.3699951171875,2991300
2024-08-02,344.5186767578125,353.75,360.3900146484375,351.0899963378906,356.1600036621094,2820600
2024-08-05,335.8411865234375,344.8399963378906,351.4100036621094,340.20001220703125,345.7699890136719,2509200
2024-08-06,337.029296875,346.05999755859375,349.54998779296875,342.70001220703125,347.489990234375,1570900
2024-08-07,336.9513854980469,345.9800109863281,354.0400085449219,345.8599853515625,350.0,1384500
2024-08-08,340.0289611816406,349.1400146484375,350.8500061035156,346.3999938964844,346.8800048828125,1557700
2024-08-09,337.0000915527344,346.0299987792969,348.9100036621094,343.3800048828125,348.6300048828125,1335200
2024-08-12,336.0067138671875,345.010009765625,348.1600036621094,343.8999938964844,346.75,1581300
2024-08-13,341.4410705566406,350.5899963378906,352.42999267578125,346.0,347.82000732421875,1696600
2024-08-14,342.11309814453125,351.2799987792969,355.79998779296875,348.3500061035156,350.0,2040500
2024-08-15,363.5195007324219,373.260009765625,378.4700012207031,357.8999938964844,359.20001220703125,3184500
2024-08-16,368.05792236328125,377.9200134277344,378.5299987792969,371.1600036621094,372.1400146484375,2103100
2024-08-19,363.17864990234375,372.9100036621094,381.010009765625,371.80999755859375,378.989990234375,1676500
2024-08-20,362.8669738769531,372.5899963378906,376.6000061035156,371.760009765625,374.94000244140625,932300
2024-08-21,367.21063232421875,377.04998779296875,377.8299865722656,372.1199951171875,373.8399963378906,1249100
2024-08-22,366.76263427734375,376.5899963378906,378.1099853515625,373.54998779296875,377.0799865722656,1072700
2024-08-23,371.2328186035156,381.17999267578125,382.8500061035156,376.5899963378906,378.79998779296875,1197500
2024-08-26,373.0929870605469,383.0899963378906,385.29998779296875,380.67999267578125,381.4800109863281,1108500
2024-08-27,366.16851806640625,375.9800109863281,382.0299987792969,374.94000244140625,381.5,1107200
2024-08-28,368.0871276855469,377.95001220703125,379.3699951171875,374.4599914550781,374.989990234375,1096600
2024-08-29,371.85614013671875,381.82000732421875,384.5,376.95001220703125,379.7900085449219,1075000
2024-08-30,375.6738586425781,385.739990234375,385.8900146484375,378.45001220703125,382.20001220703125,1413200
2024-09-03,375.6250915527344,385.69000244140625,388.3800048828125,379.9599914550781,384.8599853515625,1929700
2024-09-04,381.7218017578125,391.95001220703125,398.5799865722656,386.1000061035156,386.5400085449219,2370300
2024-09-05,373.6773376464844,383.69000244140625,395.0,382.8299865722656,392.0,1397300
2024-09-06,371.6029052734375,381.55999755859375,389.0,381.32000732421875,384.8399963378906,1670300
2024-09-09,377.12493896484375,387.2300109863281,392.0,383.4800109863281,384.1400146484375,1215300
2024-09-10,377.1930847167969,387.29998779296875,389.4599914550781,381.67999267578125,388.5199890136719,1041600
2024-09-11,378.4494934082031,388.5899963378906,388.8599853515625,378.6600036621094,386.6700134277344,1160000
2024-09-12,376.90093994140625,387.0,389.05999755859375,383.1000061035156,386.6400146484375,1068500
2024-09-13,384.3805236816406,394.67999267578125,395.20001220703125,386.4200134277344,389.989990234375,1126000
2024-09-16,384.3610534667969,394.6600036621094,399.6000061035156,393.1199951171875,396.0,940200
2024-09-17,387.4970397949219,397.8800048828125,400.1199951171875,395.45001220703125,396.5,983200
2024-09-18,390.60382080078125,401.07000732421875,405.989990234375,396.8900146484375,398.0,1163500
2024-09-19,399.03778076171875,409.7300109863281,412.45001220703125,403.3399963378906,406.5199890136719,1751000
2024-09-20,395.29803466796875,405.8900146484375,409.9100036621094,402.4800109863281,406.6199951171875,2709400
2024-09-23,398.2781677246094,408.95001220703125,410.260009765625,404.07000732421875,405.0199890136719,1184500
2024-09-24,400.1675720214844,410.8900146484375,415.75,407.3699951171875,411.739990234375,1253600
2024-09-25,396.31085205078125,406.92999267578125,413.8699951171875,406.07000732421875,412.8399963378906,923600
2024-09-26,400.732421875,411.4700012207031,413.1499938964844,408.3699951171875,409.9599914550781,1062100
2024-09-27,407.092041015625,418.0,419.6300048828125,412.57000732421875,414.1000061035156,1410800
2024-09-30,407.8738708496094,417.3299865722656,417.94000244140625,412.5400085449219,416.0,1176700
2024-10-01,407.0039978027344,416.44000244140625,420.4700012207031,411.1199951171875,415.17999267578125,1089200
2024-10-02,407.0528869628906,416.489990234375,417.5799865722656,414.1400146484375,416.1199951171875,863800
2024-10-03,399.4784851074219,408.739990234375,413.8299865722656,407.7200012207031,412.69000244140625,1103800
2024-10-04,398.7455139160156,407.989990234375,412.1400146484375,405.07000732421875,412.0,877900
2024-10-07,396.83966064453125,406.0400085449219,409.0899963378906,404.3900146484375,407.8699951171875,942000
2024-10-08,391.21014404296875,400.2799987792969,405.9100036621094,398.7799987792969,403.5400085449219,981500
2024-10-09,396.2923583984375,405.4800109863281,406.3699951171875,401.5,401.5,760300
2024-10-10,396.5660095214844,405.760009765625,406.54998779296875,401.8599853515625,404.7699890136719,578100
2024-10-11,401.76544189453125,411.0799865722656,412.3699951171875,404.4700012207031,405.04998779296875,653400
2024-10-14,398.48162841796875,407.7200012207031,408.7799987792969,399.4599914550781,408.0299987792969,996200
2024-10-15,392.8814697265625,401.989990234375,409.0400085449219,401.4800109863281,405.0199890136719,834600
2024-10-16,400.0942077636719,409.3699951171875,410.45001220703125,403.1199951171875,403.2300109863281,867600
2024-10-17,395.9600524902344,405.1400146484375,409.25,396.5299987792969,408.1199951171875,1398500
2024-10-18,399.46875,408.7300109863281,409.5799865722656,404.20001220703125,406.989990234375,749900
2024-10-21,397.73883056640625,406.9599914550781,410.7300109863281,405.9200134277344,408.0,838600
2024-10-22,397.43585205078125,406.6499938964844,407.8999938964844,401.80999755859375,407.04998779296875,610200
2024-10-23,399.3807678222656,408.6400146484375,411.7300109863281,406.260009765625,407.25,1112700
2024-10-24,401.7557067871094,411.07000732421875,411.760009765625,407.1700134277344,408.989990234375,718300
2024-10-25,398.68682861328125,407.92999267578125,414.75,407.4200134277344,413.0,591000
2024-10-28,403.0067138671875,412.3500061035156,413.3299865722656,408.25,409.0,828300
2024-10-29,396.83966064453125,406.0400085449219,411.0,405.2099914550781,410.20001220703125,758600
2024-10-30,395.520263671875,404.69000244140625,408.1400146484375,401.3299865722656,402.6600036621094,785100
2024-10-31,395.520263671875,404.69000244140625,407.30999755859375,402.0,404.260009765625,746300
2024-11-01,391.3470458984375,400.4200134277344,407.0799865722656,398.30999755859375,405.79998779296875,1522500
2024-11-04,392.5784912109375,401.67999267578125,406.8599853515625,399.510009765625,400.4200134277344,801900
2024-11-05,391.29815673828125,400.3699951171875,404.010009765625,396.7900085449219,398.30999755859375,902200
2024-11-06,396.5171203613281,405.7099914550781,415.5,402.1099853515625,412.6199951171875,1664000
2024-11-07,401.8436584472656,411.1600036621094,411.9700012207031,406.30999755859375,407.6099853515625,1073500
2024-11-08,385.131103515625,394.05999755859375,406.489990234375,393.7200012207031,402.1000061035156,1623200
2024-11-11,393.5264892578125,402.6499938964844,402.8800048828125,393.1700134277344,397.17999267578125,1143200
2024-11-12,384.8281555175781,393.75,402.19000244140625,393.1199951171875,402.19000244140625,1144900
2024-11-13,380.6255798339844,389.45001220703125,392.1300048828125,387.0299987792969,391.04998779296875,1474700
2024-11-14,385.697998046875,394.6400146484375,395.5199890136719,387.7900085449219,390.4200134277344,1225000
2024-11-15,389.9103698730469,398.95001220703125,399.57000732421875,390.0,392.6700134277344,1168100
2024-11-18,395.3638916015625,404.5299987792969,406.9800109863281,396.1400146484375,396.2099914550781,1457300
2024-11-19,391.0245361328125,400.0899963378906,402.6199951171875,397.75,399.510009765625,1076500
2024-11-20,395.7841491699219,404.9599914550781,408.94000244140625,400.6400146484375,404.1600036621094,1487000
2024-11-21,427.6259460449219,437.5400085449219,442.04998779296875,410.9599914550781,412.75,4148700
2024-11-22,436.529541015625,446.6499938964844,447.5,432.2099914550781,435.92999267578125,2202200
2024-11-25,452.2060546875,462.69000244140625,469.3900146484375,446.70001220703125,448.0,3266900
2024-11-26,450.59344482421875,461.0400085449219,463.3399963378906,454.3900146484375,456.6400146484375,1747300
2024-11-27,455.4410400390625,466.0,467.05999755859375,461.1000061035156,461.9100036621094,1258700
2024-11-29,455.34332275390625,465.8999938964844,469.0899963378906,464.1700134277344,466.0,732200
2024-12-02,452.4601745605469,462.95001220703125,464.29998779296875,458.8500061035156,463.70001220703125,1318600
2024-12-03,448.843994140625,459.25,465.5400085449219,458.95001220703125,464.010009765625,1166100
2024-12-04,445.9217834472656,456.260009765625,462.2300109863281,453.29998779296875,459.0,1056400
2024-12-05,437.9662170410156,448.1199951171875,458.3699951171875,447.92999267578125,457.9800109863281,1159700
2024-12-06,433.9395446777344,444.0,448.9599914550781,442.9700012207031,446.5,1129900
2024-12-09,439.2269287109375,449.4100036621094,453.25,444.1199951171875,445.0,1209100
2024-12-10,433.90045166015625,443.9599914550781,448.69000244140625,441.0,447.1300048828125,1215300
2024-12-11,437.87823486328125,448.0299987792969,449.760009765625,446.0799865722656,447.9599914550781,1677400
2024-12-12,429.52197265625,439.4800109863281,447.6300048828125,438.4599914550781,447.6300048828125,867000
2024-12-13,430.4602355957031,440.44000244140625,442.1199951171875,437.0199890136719,440.0,900700
2024-12-16,428.4859924316406,438.4200134277344,441.3999938964844,436.0,440.3299865722656,956800
2024-12-17,433.5387878417969,443.5899963378906,444.94000244140625,435.0,436.57000732421875,1357100
2024-12-18,416.3473815917969,426.0,445.30999755859375,424.510009765625,443.20001220703125,1423600
2024-12-19,416.963134765625,426.6300048828125,431.05999755859375,421.9700012207031,428.07000732421875,1757200
2024-12-20,422.6903076171875,432.489990234375,436.5,425.739990234375,426.010009765625,2446400
2024-12-23,422.5828857421875,432.3800048828125,432.6300048828125,427.0,432.6300048828125,1093900
2024-12-24,423.0324401855469,432.8399963378906,433.5899963378906,428.7099914550781,430.6099853515625,383200
2024-12-26,424.0097961425781,433.8399963378906,435.45001220703125,430.44000244140625,431.7900085449219,444900
2024-12-27,420.3153991699219,430.05999755859375,435.1700134277344,427.0899963378906,432.3299865722656,735300
2024-12-30,415.01824951171875,424.6400146484375,427.8999938964844,421.7300109863281,427.239990234375,792500
2024-12-31,415.68536376953125,423.70001220703125,427.79998779296875,421.4599914550781,425.5,772700
2025-01-02,410.2697448730469,418.17999267578125,428.8399963378906,417.8800048828125,426.0799865722656,1005300
2025-01-03,414.23333740234375,422.2200012207031,422.94000244140625,416.67999267578125,419.8299865722656,875100
2025-01-06,410.0931396484375,418.0,429.1000061035156,417.8800048828125,424.0,1077900
2025-01-07,405.4526672363281,413.2699890136719,420.1000061035156,412.3500061035156,417.8500061035156,1223400
2025-01-08,402.2445068359375,410.0,411.9700012207031,408.2099914550781,411.0799865722656,878000
2025-01-10,400.8415832519531,408.57000732421875,411.3900146484375,403.010009765625,405.8900146484375,1699200
2025-01-13,421.7779235839844,429.9100036621094,432.2699890136719,406.0799865722656,408.010009765625,1988700
2025-01-14,424.1324768066406,432.30999755859375,433.44000244140625,427.3599853515625,430.70001220703125,1224700
2025-01-15,420.7673645019531,428.8800048828125,438.0,426.45001220703125,437.9800109863281,1432100
2025-01-16,430.8038330078125,439.1099853515625,439.8699951171875,428.510009765625,431.8900146484375,1181300
2025-01-17,446.8249816894531,455.44000244140625,457.2200012207031,443.6400146484375,447.80999755859375,2315500
2025-01-21,454.3891296386719,463.1499938964844,465.5899963378906,453.54998779296875,458.4700012207031,1733700
2025-01-22,451.0534362792969,459.75,464.32000732421875,458.57000732421875,462.8399963378906,1132200
2025-01-23,465.740234375,474.7200012207031,475.9200134277344,460.6499938964844,461.1600036621094,1934700
2025-01-24,469.713623046875,478.7699890136719,479.4800109863281,472.3599853515625,474.4599914550781,1400800
2025-01-27,474.9919128417969,484.1499938964844,484.3900146484375,474.1099853515625,480.0,1418500
2025-01-28,470.91058349609375,479.989990234375,485.8399963378906,476.32000732421875,482.4100036621094,1642400
2025-01-29,469.1152038574219,478.1600036621094,482.8399963378906,477.3299865722656,481.0,977000
2025-01-30,470.91058349609375,479.989990234375,483.5799865722656,474.4200134277344,475.75,1122300
2025-01-31,467.5454406738281,476.55999755859375,479.5899963378906,474.05999755859375,479.0,1400700
2025-02-03,458.21533203125,467.04998779296875,469.6700134277344,459.1400146484375,464.1499938964844,1397700
2025-02-04,463.3365783691406,472.2699890136719,474.6300048828125,465.0,468.6700134277344,1045500
2025-02-05,458.8334655761719,467.67999267578125,473.989990234375,464.7099914550781,472.510009765625,1084600
2025-02-06,456.1845397949219,464.9800109863281,471.3599853515625,463.4599914550781,471.3500061035156,809300
2025-02-07,456.79278564453125,465.6000061035156,469.4700012207031,463.0,468.4200134277344,898000
2025-02-10,461.0899353027344,469.9800109863281,471.8800048828125,464.0,467.5899963378906,1348800
2025-02-11,465.3282470703125,474.29998779296875,476.70001220703125,468.8800048828125,469.5199890136719,1489000
2025-02-12,467.5454406738281,476.55999755859375,477.7799987792969,463.9700012207031,468.80999755859375,2038900
2025-02-13,457.4010925292969,466.2200012207031,474.3800048828125,451.2200012207031,454.5,3058400
2025-02-14,471.13623046875,480.2200012207031,481.1400146484375,467.1000061035156,469.8999938964844,1919300
2025-02-18,492.07257080078125,501.55999755859375,502.1000061035156,480.0,481.0,2367600
2025-02-19,499.6366882324219,509.2699890136719,515.0499877929688,496.0,496.1600036621094,2095200
2025-02-20,486.41168212890625,495.7900085449219,509.260009765625,493.1099853515625,508.1400146484375,1514500
2025-02-21,480.7116394042969,489.9800109863281,498.7699890136719,487.260009765625,497.2699890136719,1104300
2025-02-24,475.38433837890625,484.54998779296875,492.3500061035156,482.1499938964844,489.9800109863281,1245800
2025-02-25,478.3667907714844,487.5899963378906,490.75,482.8500061035156,486.67999267578125,1214700
2025-02-26,469.4683532714844,478.5199890136719,490.7300109863281,477.4200134277344,490.0,1557700
2025-02-27,471.4599914550781,480.54998779296875,487.4599914550781,479.1600036621094,482.32000732421875,1328600
2025-02-28,471.6954345703125,480.7900085449219,485.2099914550781,472.55999755859375,479.92999267578125,1995800
2025-03-03,457.01837158203125,465.8299865722656,484.6700134277344,463.54998779296875,484.07000732421875,1487700
2025-03-04,449.7093505859375,458.3800048828125,463.2900085449219,447.6499938964844,453.79998779296875,2325900
2025-03-05,458.6568603515625,467.5,468.8399963378906,458.6499938964844,460.3900146484375,1291500
2025-03-06,473.7066650390625,482.8399963378906,484.8900146484375,465.29998779296875,468.0,1695800
2025-03-07,490.1692810058594,499.6199951171875,500.2699890136719,478.2699890136719,478.2699890136719,2615900
2025-03-10,479.5343322753906,488.7799987792969,504.9800109863281,480.54998779296875,497.6199951171875,2174100
2025-03-11,466.5055236816406,475.5,488.5400085449219,472.7099914550781,483.95001220703125,1492200
2025-03-12,462.45367431640625,471.3699951171875,476.6199951171875,463.2099914550781,474.989990234375,1679800
2025-03-13,458.2545471191406,467.0899963378906,480.0,465.5,473.5400085449219,1314500
2025-03-14,468.4676818847656,477.5,481.32000732421875,470.45001220703125,471.8699951171875,1018000
2025-03-17,473.2259521484375,482.3500061035156,486.0799865722656,475.510009765625,477.3299865722656,893000
2025-03-18,472.0682373046875,481.1700134277344,486.0400085449219,478.94000244140625,482.1300048828125,931700
2025-03-19,470.341552734375,479.4100036621094,482.82000732421875,477.17999267578125,478.760009765625,841700
2025-03-20,467.9967346191406,477.0199890136719,480.5400085449219,468.0899963378906,476.0,1153400
2025-03-21,463.49359130859375,472.42999267578125,475.70001220703125,468.29998779296875,473.6000061035156,1685000
2025-03-24,470.881103515625,479.9599914550781,483.2300109863281,474.1600036621094,476.6400146484375,903800
2025-03-25,469.8706359863281,478.92999267578125,482.1600036621094,477.1499938964844,481.7099914550781,808200
2025-03-26,474.471923828125,483.6199951171875,484.8900146484375,477.17999267578125,481.4700012207031,811200
2025-03-27,470.6456604003906,479.7200012207031,490.5799865722656,478.80999755859375,481.9100036621094,1193200
2025-03-28,456.5082702636719,465.30999755859375,479.54998779296875,462.75,477.5899963378906,1183600
2025-03-31,462.0805969238281,469.3500061035156,472.8999938964844,458.3800048828125,460.760009765625,1496300
2025-04-01,471.0396728515625,478.45001220703125,479.54998779296875,466.010009765625,469.3599853515625,1253600
2025-04-02,463.6065979003906,470.8999938964844,474.489990234375,464.7799987792969,473.44000244140625,1394700
2025-04-03,440.51983642578125,447.45001220703125,463.69000244140625,446.6000061035156,456.54998779296875,2287700
2025-04-04,423.20220947265625,429.8599853515625,438.7900085449219,420.0400085449219,426.4599914550781,3609600
2025-04-07,416.7930908203125,423.3500061035156,441.0400085449219,412.29998779296875,417.1300048828125,3007400
2025-04-08,406.593505859375,412.989990234375,435.5899963378906,406.0799865722656,433.4599914550781,1816400
2025-04-09,445.5802307128906,452.5899963378906,455.6700134277344,404.4200134277344,407.7200012207031,2914700
2025-04-10,437.3102722167969,444.19000244140625,449.2300109863281,428.5299987792969,444.3599853515625,1956600
2025-04-11,452.0188903808594,459.1300048828125,463.3800048828125,441.5,444.25,1245100
2025-04-14,460.4266357421875,467.6700134277344,472.7799987792969,461.4700012207031,464.3299865722656,1283600
2025-04-15,454.1159362792969,461.260009765625,467.1300048828125,460.6499938964844,464.67999267578125,1143600
2025-04-16,445.412841796875,452.4200134277344,461.5899963378906,448.67999267578125,458.0299987792969,1015600
2025-04-17,445.0682678222656,452.07000732421875,458.8699951171875,451.5299987792969,455.30999755859375,1044800
2025-04-21,434.72100830078125,441.55999755859375,451.8599853515625,435.95001220703125,450.4200134277344,969300
2025-04-22,447.6181335449219,454.6600036621094,458.25,446.25,446.25,751600
2025-04-23,449.3705749511719,456.44000244140625,471.9599914550781,454.3699951171875,462.95001220703125,1025500
2025-04-24,457.3155822753906,464.510009765625,466.510009765625,456.9700012207031,458.5199890136719,828400
2025-04-25,452.186279296875,459.29998779296875,465.9599914550781,457.3399963378906,464.1499938964844,983400
2025-04-28,453.0723571777344,460.20001220703125,465.17999267578125,457.0799865722656,459.29998779296875,755100
2025-04-29,453.5055236816406,460.6400146484375,462.8999938964844,452.4100036621094,457.4200134277344,799600
2025-04-30,456.3802490234375,463.55999755859375,465.2900085449219,452.0,460.45001220703125,1325900
2025-05-01,472.5853271484375,480.0199890136719,485.4700012207031,464.25,465.0,1855300
2025-05-02,474.2098083496094,481.6700134277344,492.30999755859375,480.67999267578125,487.1300048828125,1108800
2025-05-05,473.8849182128906,481.3399963378906,485.20001220703125,477.25,480.57000732421875,805200
2025-05-06,467.9384460449219,475.29998779296875,481.7699890136719,475.010009765625,478.04998779296875,887700
2025-05-07,465.0833435058594,472.3999938964844,477.4100036621094,469.260009765625,475.0899963378906,1011200
2025-05-08,482.40093994140625,489.989990234375,494.19000244140625,476.510009765625,477.9100036621094,1568800
2025-05-09,484.97052001953125,492.6000061035156,493.92999267578125,489.1199951171875,490.7200012207031,653500
2025-05-12,487.9437255859375,495.6199951171875,514.0,493.9599914550781,507.739990234375,1597200
2025-05-13,490.8480529785156,498.57000732421875,501.6600036621094,492.9700012207031,496.0199890136719,1500100
2025-05-14,489.7945861816406,497.5,501.0199890136719,496.05999755859375,498.7699890136719,1601200
2025-05-15,508.32318115234375,516.3200073242188,531.5399780273438,508.20001220703125,517.3499755859375,3211700
2025-05-16,523.2483520507812,531.47998046875,533.780029296875,515.7999877929688,515.7999877929688,2322000
2025-05-19,521.6239013671875,529.8300170898438,532.469970703125,521.5499877929688,526.010009765625,1273000
2025-05-20,518.1781005859375,526.3300170898438,529.75,523.8099975585938,527.6900024414062,1250500
2025-05-21,506.68878173828125,514.6599731445312,523.010009765625,514.0900268554688,519.5700073242188,1060100
2025-05-22,507.66351318359375,515.6500244140625,519.1599731445312,511.3500061035156,512.8200073242188,949200
2025-05-23,502.16009521484375,510.05999755859375,516.77001953125,508.69000244140625,510.95001220703125,850800
2025-05-27,501.73675537109375,509.6300048828125,514.9400024414062,505.79998779296875,512.7899780273438,1103500
2025-05-28,500.12213134765625,507.989990234375,511.7200012207031,505.8500061035156,510.3699951171875,739800
2025-05-29,495.6524658203125,503.45001220703125,510.5,502.0799865722656,510.5,994200
2025-05-30,498.4189758300781,506.260009765625,513.8499755859375,503.1099853515625,505.17999267578125,1686500
2025-06-02,499.9744567871094,507.8399963378906,509.2799987792969,501.0199890136719,506.1600036621094,993700
2025-06-03,505.2022399902344,513.1500244140625,514.6699829101562,506.0199890136719,506.6000061035156,1107700
2025-06-04,499.9154052734375,507.7799987792969,516.72998046875,507.45001220703125,514.4400024414062,992700
2025-06-05,502.8393859863281,510.75,514.9000244140625,507.04998779296875,510.1000061035156,1126000
2025-06-06,511.936279296875,519.989990234375,526.0,518.02001953125,519.6300048828125,1473800
2025-06-09,513.60009765625,521.6799926757812,525.5999755859375,517.5999755859375,520.0,1101000
2025-06-10,507.8308410644531,515.8200073242188,520.6099853515625,508.9599914550781,519.9299926757812,1294000
2025-06-11,512.7731323242188,520.8400268554688,521.6099853515625,512.6300048828125,518.2100219726562,1037000
2025-06-12,508.8547668457031,516.8599853515625,520.1099853515625,515.0,518.5,797000
2025-06-13,501.6973571777344,509.5899963378906,516.4000244140625,507.7300109863281,513.0,824500
2025-06-16,516.3173828125,524.4400024414062,526.4400024414062,512.8499755859375,515.280029296875,1278800
2025-06-17,515.017822265625,523.1199951171875,524.989990234375,519.9000244140625,522.8900146484375,862500
2025-06-18,516.8489990234375,524.97998046875,531.3800048828125,521.3400268554688,522.0,959700
2025-06-20,513.3047485351562,521.3800048828125,530.0,518.9400024414062,528.4500122070312,1389700
2025-06-23,506.1178283691406,514.0800170898438,522.9199829101562,505.6600036621094,518.4600219726562,1261400
2025-06-24,506.1374816894531,514.0999755859375,518.5999755859375,507.8800048828125,518.5999755859375,1215600
2025-06-25,498.8915100097656,506.739990234375,514.0,502.92999267578125,513.1099853515625,1189200
2025-06-26,500.6537780761719,508.5299987792969,509.42999267578125,503.3500061035156,509.20001220703125,1199400
2025-06-27,505.3892822265625,513.3400268554688,514.3699951171875,507.0899963378906,508.54998779296875,1835500
2025-06-30,502.1992492675781,508.489990234375,512.3699951171875,504.4599914550781,512.0,1408600
2025-07-01,502.07086181640625,508.3599853515625,514.8200073242188,494.92999267578125,504.67999267578125,1375200
2025-07-02,513.8729858398438,520.3099975585938,520.5800170898438,507.3900146484375,508.8800048828125,1096800
2025-07-03,514.5248413085938,520.969970703125,523.5800170898438,519.4299926757812,520.0,470300
2025-07-07,503.9770202636719,510.2900085449219,519.4600219726562,506.9599914550781,519.0,1017000
2025-07-08,502.6140441894531,508.9100036621094,514.72998046875,507.3399963378906,507.3699951171875,1285000
2025-07-09,503.02886962890625,509.3299865722656,512.0700073242188,499.510009765625,510.9800109863281,1152400
2025-07-10,512.7767944335938,519.2000122070312,528.97998046875,510.5,511.7099914550781,1268800
2025-07-11,506.07073974609375,512.4099731445312,515.8800048828125,509.6600036621094,514.2000122070312,1046900
2025-07-14,501.3301086425781,507.6099853515625,512.780029296875,502.1300048828125,512.5,1087100
2025-07-15,497.24139404296875,503.4700012207031,511.6199951171875,503.1099853515625,507.6499938964844,1173100
2025-07-16,501.44866943359375,507.7300109863281,508.6700134277344,499.1099853515625,503.0,1150600
2025-07-17,492.9649353027344,499.1400146484375,512.9400024414062,492.05999755859375,505.79998779296875,1778500
2025-07-18,493.63653564453125,499.82000732421875,503.20001220703125,496.8999938964844,502.3699951171875,1064500
2025-07-21,490.1007995605469,496.239990234375,506.25,496.0299987792969,504.7699890136719,1111000
2025-07-22,499.43389892578125,505.69000244140625,508.19000244140625,496.17999267578125,497.1000061035156,975800
2025-07-23,508.7965393066406,515.1699829101562,515.7999877929688,505.8999938964844,509.8699951171875,995100
2025-07-24,508.2928771972656,514.6599731445312,517.5,511.4100036621094,512.72998046875,850000
2025-07-25,510.97930908203125,517.3800048828125,519.0,508.7699890136719,514.6699829101562,858400
2025-07-28,504.2337646484375,510.54998779296875,516.510009765625,509.04998779296875,516.4199829101562,824700
2025-07-29,506.15966796875,512.5,514.7999877929688,505.9599914550781,511.67999267578125,1139100
2025-07-30,501.5869445800781,507.8699951171875,512.719970703125,504.739990234375,510.44000244140625,1121000
2025-07-31,517.8828125,524.3699951171875,526.5599975585938,512.0,512.0,1549300
2025-08-01,494.7821960449219,500.9800109863281,520.1699829101562,500.0,519.0,1623100
2025-08-04,504.24365234375,510.55999755859375,512.1699829101562,493.2900085449219,501.5,1087400
2025-08-05,502.2881164550781,508.5799865722656,512.1099853515625,504.0,511.0199890136719,1027900
2025-08-06,503.3350524902344,509.6400146484375,514.030029296875,507.3800048828125,509.8399963378906,966700
2025-08-07,500.37213134765625,506.6400146484375,514.0499877929688,501.6300048828125,513.2100219726562,958500
2025-08-08,504.05596923828125,510.3699951171875,516.280029296875,507.3299865722656,508.760009765625,883700
2025-08-11,500.70794677734375,506.9800109863281,515.2899780273438,502.3699951171875,512.469970703125,1098000
2025-08-12,499.5919494628906,505.8500061035156,513.47998046875,501.7699890136719,509.19000244140625,1285800
2025-08-13,507.186767578125,513.5399780273438,514.530029296875,500.54998779296875,507.05999755859375,1853600
2025-08-14,472.91607666015625,478.8399963378906,485.3599853515625,470.5,485.0,5100700
2025-08-15,482.7528381347656,488.79998779296875,492.3900146484375,473.9800109863281,476.1499938964844,2674700
2025-08-18,485.0539855957031,491.1300048828125,492.25,480.0,486.3500061035156,1391600
2025-08-19,483.3849182128906,489.44000244140625,499.20001220703125,487.04998779296875,491.3399963378906,1493700
2025-08-20,486.6243591308594,492.7200012207031,496.2900085449219,487.4100036621094,489.3900146484375,1438800
2025-08-21,480.73809814453125,486.760009765625,493.260009765625,484.6199951171875,491.20001220703125,844800
2025-08-22,489.8538513183594,495.989990234375,499.1000061035156,489.29998779296875,490.3599853515625,1133400
2025-08-25,481.86395263671875,487.8999938964844,496.3599853515625,487.6600036621094,496.25,729600
2025-08-26,481.7257080078125,487.760009765625,490.3800048828125,480.010009765625,488.010009765625,1502800
2025-08-27,486.9798889160156,493.0799865722656,493.6600036621094,485.4599914550781,486.1000061035156,912400
2025-08-28,485.36016845703125,491.44000244140625,495.0,489.6099853515625,495.0,1120400
2025-08-29,472.71856689453125,478.6400146484375,487.7900085449219,474.6199951171875,484.82000732421875,1535100
2025-09-02,470.8815612792969,476.7799987792969,481.8900146484375,470.8500061035156,472.9200134277344,1600700
2025-09-03,463.71136474609375,469.5199890136719,477.8399963378906,466.760009765625,475.2099914550781,1515400
2025-09-04,469.02484130859375,474.8999938964844,474.8999938964844,466.9599914550781,470.0799865722656,1486800
2025-09-05,467.4051208496094,473.260009765625,478.3900146484375,470.239990234375,475.3399963378906,1262400
2025-09-08,475.5530700683594,481.510009765625,481.739990234375,471.04998779296875,473.8699951171875,1271500
2025-09-09,469.7161560058594,475.6000061035156,483.3800048828125,469.79998779296875,479.9200134277344,1204300
2025-09-10,465.51873779296875,471.3500061035156,479.489990234375,471.2200012207031,473.6600036621094,1347400
2025-09-11,470.5655212402344,476.4599914550781,478.6199951171875,471.0899963378906,471.5,1368700
2025-09-12,464.68914794921875,470.510009765625,474.3699951171875,469.29998779296875,473.9599914550781,1764500
2025-09-15,463.3064270019531,469.1099853515625,473.04998779296875,462.8299865722656,472.260009765625,1787700
2025-09-16,462.9015197753906,468.70001220703125,475.5,466.8800048828125,471.9800109863281,1659200
2025-09-17,463.3163146972656,469.1199951171875,475.25,464.3299865722656,471.5799865722656,1522500
2025-09-18,470.229736328125,476.1199951171875,478.1300048828125,466.0,467.25,1785000
2025-09-19,463.8199768066406,469.6300048828125,477.7300109863281,468.8599853515625,476.0,2754900
2025-09-22,463.2274169921875,469.0299987792969,472.20001220703125,464.75,467.94000244140625,1678800
2025-09-23,465.83477783203125,471.6700134277344,474.8999938964844,468.2300109863281,471.3500061035156,997200
2025-09-24,463.1385803222656,468.94000244140625,477.2200012207031,468.29998779296875,471.25,976900
2025-09-25,460.9263000488281,466.70001220703125,470.739990234375,464.010009765625,469.32000732421875,1343700
2025-09-26,458.2497863769531,463.989990234375,471.0199890136719,463.32000732421875,467.05999755859375,1106200
2025-09-29,459.7312316894531,465.489990234375,469.239990234375,463.25,465.8299865722656,1055900
2025-09-30,453.1802062988281,457.260009765625,463.6499938964844,453.67999267578125,463.0,1954800
2025-10-01,447.6995544433594,451.7300109863281,456.8299865722656,447.44000244140625,455.0,2141700
2025-10-02,457.69952392578125,461.82000732421875,462.3399963378906,453.3500061035156,454.5199890136719,1511900
2025-10-03,458.75006103515625,462.8800048828125,464.760009765625,459.5,461.0,989400
2025-10-06,453.229736328125,457.30999755859375,465.4700012207031,456.1300048828125,464.7099914550781,1150200
2025-10-07,457.3923034667969,461.510009765625,465.9800109863281,458.5,459.760009765625,1237600
2025-10-08,456.6390686035156,460.75,466.6300048828125,455.5899963378906,462.3800048828125,915300
2025-10-09,452.1495056152344,456.2200012207031,462.6000061035156,455.010009765625,461.8900146484375,992700
2025-10-10,442.3675537109375,446.3500061035156,460.6199951171875,441.8900146484375,456.8699951171875,1581100
2025-10-13,435.192138671875,439.1099853515625,450.0,437.4599914550781,449.3699951171875,1758500
2025-10-14,443.9532775878906,447.95001220703125,449.8299865722656,433.0,436.0799865722656,1258400
2025-10-15,444.4587097167969,448.4599914550781,452.3599853515625,446.30999755859375,449.44000244140625,1019900
2025-10-16,453.08111572265625,457.1600036621094,457.739990234375,445.54998779296875,450.3500061035156,1574500
2025-10-17,454.40911865234375,458.5,465.7099914550781,454.6099853515625,462.5199890136719,1136300
2025-10-20,458.31396484375,462.44000244140625,463.8900146484375,455.8900146484375,457.6099853515625,813800
2025-10-21,455.7173767089844,459.82000732421875,466.7799987792969,458.75,461.1099853515625,953900
2025-10-22,458.23468017578125,462.3599853515625,472.2200012207031,460.1300048828125,460.1300048828125,1293400
2025-10-23,465.2317199707031,469.4200134277344,469.989990234375,460.7099914550781,465.55999755859375,1161800
2025-10-24,468.54193115234375,472.760009765625,477.6000061035156,470.54998779296875,473.45001220703125,1187200
2025-10-27,473.8342590332031,478.1000061035156,483.0,474.1600036621094,480.55999755859375,1273100
2025-10-28,464.0126953125,468.19000244140625,476.5,467.8800048828125,475.45001220703125,1064700
2025-10-29,469.2654113769531,473.489990234375,477.8900146484375,469.0299987792969,471.8399963378906,1134800
2025-10-30,461.25750732421875,465.4100036621094,479.80999755859375,465.2200012207031,472.1400146484375,1035000
2025-10-31,457.51123046875,461.6300048828125,464.5400085449219,458.7200012207031,463.57000732421875,1116400
2025-11-03,457.8184814453125,461.94000244140625,463.79998779296875,454.5,459.79998779296875,957500
2025-11-04,464.1217041015625,468.29998779296875,469.6700134277344,456.0,457.2900085449219,1576900
2025-11-05,469.463623046875,473.69000244140625,476.2900085449219,466.3999938964844,468.0,891600
2025-11-06,471.1385498046875,475.3800048828125,481.2799987792969,469.5199890136719,475.1400146484375,1258600
2025-11-07,463.61627197265625,467.7900085449219,471.25,457.6499938964844,463.9200134277344,1912500
2025-11-10,470.1573791503906,474.3900146484375,476.54998779296875,463.67999267578125,468.8999938964844,922900
2025-11-11,473.68560791015625,477.95001220703125,480.2200012207031,472.010009765625,474.55999755859375,1179100
2025-11-12,476.4903564453125,480.7799987792969,484.92999267578125,477.7699890136719,479.0,1068200
2025-11-13,469.18609619140625,473.4100036621094,482.7900085449219,472.8900146484375,481.32000732421875,1005300
2025-11-14,471.98095703125,476.2300109863281,479.6499938964844,471.0,473.2900085449219,1180100
2025-11-17,471.7331848144531,475.9800109863281,479.760009765625,473.1099853515625,475.2699890136719,1318400
2025-11-18,469.6221618652344,473.8500061035156,477.1199951171875,470.0,471.4700012207031,1117500
2025-11-19,470.5339660644531,474.7699890136719,476.3999938964844,468.1600036621094,474.3599853515625,1202100
2025-11-20,472.0800476074219,476.3299865722656,484.2099914550781,473.7099914550781,478.0,1543200
2025-11-21,482.8927307128906,487.239990234375,491.0400085449219,476.510009765625,477.6400146484375,1835800
2025-11-24,482.8828125,487.2300109863281,494.30999755859375,484.1000061035156,488.6199951171875,2182900
2025-11-25,493.685546875,498.1300048828125,500.5199890136719,488.2200012207031,490.05999755859375,2188500
2025-11-26,465.67767333984375,469.8699951171875,487.82000732421875,469.4100036621094,477.1300048828125,5473600
2025-11-28,460.3456726074219,464.489990234375,473.6700134277344,463.010009765625,466.9100036621094,1682600
2025-12-01,463.93341064453125,468.1099853515625,474.5,461.4100036621094,463.7200012207031,1824400
2025-12-02,464.964111328125,469.1499938964844,473.7699890136719,466.42999267578125,471.7200012207031,1303600
2025-12-03,477.52105712890625,481.82000732421875,482.45001220703125,468.55999755859375,471.0,1157700
2025-12-04,478.7202453613281,483.0299987792969,483.5,475.2099914550781,480.989990234375,1379800
2025-12-05,470.8709411621094,475.1099853515625,485.44000244140625,473.69000244140625,481.3900146484375,1224900
2025-12-08,462.1891174316406,466.3500061035156,488.989990234375,464.9200134277344,479.0199890136719,1896600
2025-12-09,458.730224609375,462.8599853515625,469.32000732421875,461.79998779296875,464.8900146484375,1173700
2025-12-10,464.71636962890625,468.8999938964844,469.9700012207031,455.9100036621094,462.6499938964844,1677800
2025-12-11,471.69354248046875,475.94000244140625,480.739990234375,470.1300048828125,471.8800048828125,1186500
2025-12-12,480.4744567871094,484.79998779296875,487.1700134277344,477.6000061035156,478.2200012207031,1852100
2025-12-15,483.6558532714844,488.010009765625,488.989990234375,484.79998779296875,484.79998779296875,1473200
2025-12-16,481.1087951660156,485.44000244140625,489.1499938964844,484.2099914550781,487.0,1632200
2025-12-17,476.7084045410156,481.0,490.4200134277344,479.69000244140625,484.95001220703125,1641500
2025-12-18,470.81146240234375,475.04998779296875,487.1300048828125,469.7799987792969,483.0400085449219,1927500
2025-12-19,466.3714599609375,470.57000732421875,476.5,468.9200134277344,475.1000061035156,2990700
2025-12-22,464.5874938964844,468.7699890136719,472.739990234375,467.6499938964844,471.5,1173200
2025-12-23,462.0503234863281,466.2099914550781,471.17999267578125,465.4100036621094,470.3900146484375,1083700
2025-12-24,463.26934814453125,467.44000244140625,468.3999938964844,464.3999938964844,466.0299987792969,343300
2025-12-26,464.74609375,468.92999267578125,469.4100036621094,466.1300048828125,467.7300109863281,503200
2025-12-29,466.04437255859375,470.239990234375,471.75,465.7900085449219,469.489990234375,981500
2025-12-30,465.7470703125,469.94000244140625,473.20001220703125,468.3699951171875,469.8800048828125,826700
2025-12-31,463.0121765136719,465.57000732421875,470.2300109863281,465.57000732421875,466.989990234375,812100
2026-01-02,464.23541259765625,466.79998779296875,470.4800109863281,458.9200134277344,466.0,1175500
2026-01-05,463.53924560546875,466.1000061035156,467.8900146484375,458.9599914550781,462.30999755859375,1320200
2026-01-06,483.31005859375,485.9800109863281,487.4599914550781,464.30999755859375,465.1000061035156,1621000
2026-01-07,472.5892639160156,475.20001220703125,489.1000061035156,473.69000244140625,487.1400146484375,1286900
2026-01-08,498.0486145019531,500.79998779296875,503.8800048828125,472.7200012207031,473.9200134277344,1796900
2026-01-09,485.3984680175781,488.0799865722656,503.54998779296875,484.8599853515625,500.70001220703125,1725600
2026-01-12,488.04388427734375,490.739990234375,497.0199890136719,484.3299865722656,486.32000732421875,1547500
2026-01-13,496.775634765625,499.5199890136719,499.5899963378906,490.0,492.3299865722656,849100
2026-01-14,509.2865295410156,512.0999755859375,516.0900268554688,501.2200012207031,503.2300109863281,1890900
2026-01-15,512.2103881835938,515.0399780273438,519.1799926757812,508.1499938964844,513.7999877929688,1203700
2026-01-16,511.5739440917969,514.4000244140625,516.8099975585938,510.0,516.260009765625,1323300
2026-01-20,505.88531494140625,508.67999267578125,515.260009765625,507.0899963378906,514.5599975585938,1377100
2026-01-21,526.6008911132812,529.510009765625,530.2000122070312,511.1300048828125,512.6900024414062,1620600
2026-01-22,519.5100708007812,522.3800048828125,532.6099853515625,521.1599731445312,529.260009765625,1159300
2026-01-23,511.603759765625,514.4299926757812,521.6300048828125,506.4200134277344,518.260009765625,1590500
2026-01-26,513.7020874023438,516.5399780273438,518.6599731445312,512.5700073242188,515.719970703125,750600
2026-01-27,516.3375854492188,519.1900024414062,521.489990234375,513.8499755859375,517.3300170898438,1043300
2026-01-28,522.1256103515625,525.010009765625,528.77001953125,519.0900268554688,519.9400024414062,1106700
2026-01-29,527.1578369140625,530.0700073242188,537.260009765625,521.5399780273438,530.0,1493500
2026-01-30,525.0991821289062,528.0,529.989990234375,518.7000122070312,524.9299926757812,1517800
2026-02-02,529.3258666992188,532.25,534.7000122070312,522.3900146484375,527.25,1557900
2026-02-03,542.0057983398438,545.0,545.3200073242188,533.0,533.260009765625,1605300
2026-02-04,564.1434936523438,567.260009765625,571.5599975585938,548.0,548.0,3209200
2026-02-05,562.6218872070312,565.72998046875,574.9400024414062,561.2000122070312,563.8300170898438,1913100
2026-02-06,579.9064331054688,583.1099853515625,584.0599975585938,567.5499877929688,568.0,1440400
2026-02-09,582.4523315429688,585.6699829101562,587.739990234375,574.2999877929688,580.0,1101800
2026-02-10,590.1497802734375,593.4099731445312,593.760009765625,583.5900268554688,586.1099853515625,1609100
2026-02-11,609.3239135742188,612.6900024414062,614.3400268554688,590.5,592.5,1826300
2026-02-12,594.823974609375,598.1099853515625,626.25,596.780029296875,612.8699951171875,2767800
2026-02-13,599.6075439453125,602.9199829101562,610.9600219726562,597.2000122070312,598.8599853515625,1565100
2026-02-17,597.5390625,600.8400268554688,607.0399780273438,593.0499877929688,593.0499877929688,1863200
2026-02-18,590.0106201171875,593.27001953125,603.8099975585938,590.9199829101562,603.8099975585938,2558200
2026-02-19,658.3629760742188,662.0,674.1900024414062,628.719970703125,633.6099853515625,6653300
2026-02-20,658.8502807617188,662.489990234375,666.9199829101562,646.4000244140625,664.25,2989900
2026-02-23,643.2863159179688,646.8400268554688,669.7999877929688,644.4400024414062,652.1799926757812,2074700
2026-02-24,640.9989013671875,644.5399780273438,647.8099975585938,634.760009765625,643.2999877929688,1399200
2026-02-25,620.1838989257812,623.6099853515625,646.9299926757812,623.489990234375,645.27001953125,2100500
2026-02-26,616.0567626953125,619.4600219726562,627.0,614.5999755859375,624.9600219726562,1421700
2026-02-27,626.2504272460938,629.7100219726562,631.510009765625,613.489990234375,615.0,2015300
2026-03-02,627.4139404296875,630.8800048828125,636.4500122070312,619.7899780273438,625.760009765625,996900
2026-03-03,615.8179931640625,619.219970703125,623.5499877929688,609.2100219726562,620.0,1071400
2026-03-04,610.6664428710938,614.0399780273438,622.719970703125,612.9500122070312,619.22998046875,1073200
2026-03-05,587.4447631835938,590.6900024414062,610.3599853515625,586.2999877929688,607.6099853515625,1642100
2026-03-06,586.52978515625,589.77001953125,589.8499755859375,577.6300048828125,585.239990234375,1412700
2026-03-09,596.1864624023438,599.47998046875,600.8200073242188,578.3200073242188,586.469970703125,1499500
2026-03-10,589.4635620117188,592.719970703125,603.030029296875,591.4299926757812,597.0800170898438,1092800
2026-03-11,590.7763671875,594.0399780273438,598.0,585.2999877929688,590.760009765625,998400
2026-03-12,582.6114501953125,585.8300170898438,593.6699829101562,582.3099975585938,591.4600219726562,1622500
2026-03-13,574.3272094726562,577.5,589.6699829101562,571.5999755859375,585.0,1381700
2026-03-16,569.3347778320312,572.47998046875,582.9400024414062,570.72998046875,581.969970703125,1150900
2026-03-17,571.1050415039062,574.260009765625,576.8499755859375,562.1900024414062,576.3699951171875,1462300
2026-03-18,567.8828735351562,571.02001953125,578.4099731445312,569.1300048828125,573.75,1226400
2026-03-19,564.4617309570312,567.5800170898438,570.010009765625,557.9400024414062,563.1900024414062,1449100
2026-03-20,556.6548461914062,559.72998046875,573.7100219726562,551.280029296875,568.5700073242188,2726900
2026-03-23,565.90380859375,569.030029296875,571.9400024414062,564.030029296875,570.25,1244200
2026-03-24,579.81689453125,583.02001953125,584.5,560.0,560.5499877929688,1144900
2026-03-25,574.8145141601562,577.989990234375,590.6900024414062,577.1099853515625,588.5800170898438,930100
2026-03-26,577.9969482421875,581.1900024414062,587.8499755859375,573.9600219726562,573.9600219726562,1516500
2026-03-27,563.5269165039062,566.6400146484375,581.9199829101562,564.0499877929688,580.719970703125,1455800
2026-03-30,552.4481201171875,555.5,573.2899780273438,555.0399780273438,572.2999877929688,1262900
2026-03-31,561.84375,563.2999877929688,566.52001953125,549.6799926757812,560.0,1445400
2026-04-01,569.224609375,570.7000122070312,579.3699951171875,564.1500244140625,565.4400024414062,1573400
2026-04-02,574.2216796875,575.7100219726562,580.6900024414062,556.4500122070312,560.7000122070312,1248600
2026-04-06,573.603271484375,575.0900268554688,575.2100219726562,566.6599731445312,572.3900146484375,1055700
2026-04-07,574.5109252929688,576.0,576.1300048828125,569.3099975585938,573.3099975585938,876100
2026-04-08,607.7447509765625,609.3200073242188,609.6799926757812,590.0,592.239990234375,1449900
2026-04-09,616.40234375,618.0,618.9500122070312,607.4500122070312,607.6900024414062,1205800
2026-04-10,603.4359130859375,605.0,619.239990234375,601.0599975585938,618.4500122070312,1263800
2026-04-13,601.48095703125,603.0399780273438,607.9299926757812,598.8499755859375,604.4600219726562,1178300
2026-04-14,594.4990844726562,596.0399780273438,602.4400024414062,593.6799926757812,599.4600219726562,868100
2026-04-15,575.1492919921875,576.6400146484375,593.8599853515625,572.0999755859375,590.780029296875,1553900
2026-04-16,582.6797485351562,584.1900024414062,585.530029296875,564.8200073242188,572.8400268554688,1443900
2026-04-17,588.9335327148438,590.4600219726562,593.7000122070312,582.030029296875,586.0,1238700
2026-04-20,592.9830322265625,594.52001953125,595.6400146484375,587.5499877929688,589.97998046875,919900
2026-04-21,585.7816772460938,587.2999877929688,598.6599731445312,586.6099853515625,592.5599975585938,632000
2026-04-22,578.4906005859375,579.989990234375,593.0999755859375,579.8099975585938,589.489990234375,796500
2026-04-23,590.419677734375,591.9500122070312,594.969970703125,580.0,584.3699951171875,919200
2026-04-24,561.1854858398438,562.6400146484375,588.1799926757812,561.6199951171875,585.3699951171875,1102600
2026-04-27,566.222412109375,567.6900024414062,577.989990234375,564.1599731445312,566.6300048828125,1035200
2026-04-28,562.4022827148438,563.8599853515625,574.4600219726562,559.760009765625,574.4500122070312,894800
2026-04-29,558.572265625,560.02001953125,563.8599853515625,557.760009765625,558.27001953125,872400
2026-04-30,588.3450317382812,589.8699951171875,594.4099731445312,562.4600219726562,562.4600219726562,1562300
2026-05-01,575.7676391601562,577.260009765625,590.0700073242188,575.7000122070312,588.2999877929688,802600
2026-05-04,576.8947143554688,578.3900146484375,581.969970703125,573.0,576.7000122070312,799100
2026-05-05,574.3014526367188,575.7899780273438,590.77001953125,575.7899780273438,582.3800048828125,906100
2026-05-06,590.1104736328125,591.6400146484375,593.5499877929688,579.9500122070312,579.9500122070312,983200
2026-05-07,579.0391235351562,580.5399780273438,593.8099975585938,578.0800170898438,592.1300048828125,828800
2026-05-08,573.3539428710938,574.8400268554688,582.97998046875,572.2999877929688,579.780029296875,896900
2026-05-11,587.2179565429688,588.739990234375,589.1699829101562,573.72998046875,575.7100219726562,907400
2026-05-12,587.6668090820312,589.1900024414062,593.97998046875,580.1599731445312,591.3699951171875,1264800
2026-05-13,579.14892578125,580.6500244140625,591.010009765625,580.1599731445312,588.3400268554688,961500
2026-05-14,573.1544189453125,574.6400146484375,587.1500244140625,574.0,580.1799926757812,1056300
2026-05-15,560.3775634765625,561.8300170898438,572.6199951171875,555.5599975585938,572.0399780273438,971200
2026-05-18,563.0306396484375,564.489990234375,568.0,557.4099731445312,564.1099853515625,848400
2026-05-19,556.6272583007812,558.0700073242188,563.5900268554688,554.0499877929688,562.5700073242188,1027900
2026-05-20,559.0111083984375,560.4600219726562,567.5999755859375,550.260009765625,556.0,1441200
2026-05-21,529.976318359375,531.3499755859375,548.0,515.1500244140625,547.1799926757812,3212500
2026-05-22,527.7820434570312,529.1500244140625,532.780029296875,521.5,531.52001953125,1763900
2026-05-26,527.7520751953125,529.1199951171875,531.75,523.8099975585938,530.0,1419100
2026-05-27,528.0214233398438,529.3900146484375,533.77001953125,526.030029296875,527.4500122070312,1332700
2026-05-28,537.6065673828125,539.0,539.7100219726562,522.47998046875,527.4099731445312,1880200
2026-05-29,540.7783203125,542.1799926757812,546.97998046875,535.0,536.27001953125,2271300
2026-06-01,541.0277099609375,542.4299926757812,544.5700073242188,528.4500122070312,538.219970703125,2214300
2026-06-02,577.7525024414062,579.25,580.739990234375,552.6500244140625,562.0,2045600
2026-06-03,586.7691040039062,588.2899780273438,593.7899780273438,575.6099853515625,577.8400268554688,1840000
2026-06-04,590.22021484375,591.75,604.510009765625,587.3699951171875,594.1500244140625,1769000
2026-06-05,581.9317016601562,583.4400024414062,597.8200073242188,579.219970703125,590.6599731445312,1751600
2026-06-08,572.1769409179688,573.6599731445312,592.6099853515625,565.6900024414062,585.7999877929688,1476300
2026-06-09,575.8374633789062,577.3300170898438,582.780029296875,568.1799926757812,577.6300048828125,1037300
2026-06-10,558.6021118164062,560.0499877929688,577.4600219726562,559.9400024414062,577.4600219726562,1112100
2026-06-11,567.169921875,568.6400146484375,571.719970703125,556.6199951171875,561.719970703125,1266000
2026-06-12,575.987060546875,577.47998046875,578.530029296875,567.25,569.5399780273438,854100
2026-06-15,573.9822387695312,575.469970703125,593.3499755859375,574.72998046875,583.9099731445312,1541300
2026-06-16,583.77685546875,585.2899780273438,590.489990234375,577.02001953125,578.1400146484375,747800
2026-06-17,586.9486694335938,588.469970703125,598.47998046875,583.2000122070312,585.280029296875,1517200
2026-06-18,587.7166748046875,589.239990234375,598.2100219726562,587.8400268554688,595.510009765625,1436100
2026-06-22,597.0425415039062,598.5900268554688,603.8900146484375,587.4099731445312,589.5,934200
2026-06-23,590.4097290039062,591.9400024414062,601.3800048828125,583.3800048828125,590.0599975585938,1384000
2026-06-24,599.1968994140625,600.75,612.97998046875,592.0,592.6900024414062,1239400
2026-06-25,629.1293334960938,630.760009765625,631.9299926757812,604.010009765625,606.4600219726562,1262300
2026-06-26,611.6546020507812,613.239990234375,630.0499877929688,612.1599731445312,622.77001953125,2319500
2026-06-29,625.010009765625,626.6300048828125,628.1799926757812,608.6199951171875,614.1099853515625,1207600
2026-06-30,634.3300170898438,634.3300170898438,636.2899780273438,617.5800170898438,626.1699829101562,1758400
2026-07-01,627.6300048828125,627.6300048828125,633.7999877929688,619.2999877929688,629.3200073242188,1636900
2026-07-02,621.27001953125,621.27001953125,638.989990234375,615.1199951171875,638.0399780273438,1288800
2026-07-06,635.239990234375,635.239990234375,637.7000122070312,617.6799926757812,619.1500244140625,1081700
2026-07-07,603.6099853515625,603.6099853515625,634.9400024414062,592.5,630.3400268554688,1433100
2026-07-08,596.739990234375,596.739990234375,601.5,590.77001953125,599.97998046875,1001100
2026-07-09,592.9000244140625,592.9000244140625,606.0,591.3699951171875,602.8499755859375,840800
2026-07-10,586.8599853515625,586.8599853515625,599.4400024414062,586.6799926757812,596.219970703125,782100
2026-07-13,585.6400146484375,585.6400146484375,587.8300170898438,582.010009765625,585.7899780273438,996000
2026-07-14,584.4000244140625,584.4000244140625,601.0,579.6199951171875,594.8300170898438,951000
2026-07-15,589.47998046875,589.47998046875,590.1799926757812,576.4500122070312,583.9199829101562,1013700
2026-07-16,598.969970703125,598.969970703125,599.75,583.9000244140625,585.0,807800
2026-07-17,597.239990234375,597.239990234375,614.9199829101562,595.739990234375,596.0499877929688,938800
2026-07-20,586.0,586.0,599.760009765625,582.5,597.47998046875,1105900
2026-07-21,586.8800048828125,586.8800048828125,596.0,580.02001953125,592.0,950700
2026-07-22,607.3300170898438,607.3300170898438,609.3699951171875,589.9000244140625,589.9000244140625,990100
2026-07-23,610.02001953125,610.02001953125,615.9500122070312,606.739990234375,610.0,1695300
2026-07-24,628.1599731445312,628.1599731445312,629.3400268554688,611.2899780273438,612.2100219726562,960300
2026-07-27,625.02001953125,625.02001953125,628.030029296875,612.3800048828125,627.7100219726562,876500
2026-07-28,639.8400268554688,639.8400268554688,643.989990234375,628.0,630.219970703125,1360000
2026-07-29,610.9500122070312,610.9500122070312,634.010009765625,608.2100219726562,631.4299926757812,1346500
2026-07-30,599.469970703125,599.469970703125,604.77001953125,590.0599975585938,600.6699829101562,1368800
2026-07-31,592.6699829101562,592.6699829101562,602.989990234375,590.6300048828125,600.0599975585938,1123900
2026-08-03,605.0599975585938,605.0599975585938,616.22998046875,600.5499877929688,602.9099731445312,1053200
2026-08-04,617.3699951171875,617.3699951171875,622.0,597.22998046875,610.6599731445312,966300
2026-08-05,612.0,612.0,624.72998046875,611.6199951171875,619.0,814700
2026-08-06,614.8400268554688,614.8400268554688,618.1400146484375,611.1900024414062,614.5700073242188,817900
2026-08-07,620.8300170898438,620.8300170898438,627.8800048828125,611.2100219726562,612.3499755859375,942000
2026-08-10,609.280029296875,609.280029296875,623.5499877929688,603.1099853515625,621.1199951171875,1022900
2026-08-11,617.9500122070312,617.9500122070312,621.2999877929688,606.3200073242188,608.469970703125,674700
2026-08-12,619.77001953125,619.77001953125,623.280029296875,610.989990234375,618.97998046875,859000
2026-08-13,612.3800048828125,612.3800048828125,622.010009765625,611.1099853515625,619.5499877929688,517500
2026-08-14,608.8499755859375,608.8499755859375,616.0,607.0,608.8300170898438,802300
2026-08-17,599.9199829101562,599.9199829101562,610.6400146484375,599.47998046875,606.3699951171875,1245700
2026-08-18,588.719970703125,588.719970703125,604.0399780273438,588.0,603.9299926757812,1218300
2026-08-19,580.6300048828125,580.6300048828125,596.0599975585938,579.3099975585938,589.5800170898438,1596700
2026-08-20,620.9400024414062,620.9400024414062,639.0,586.47998046875,611.1199951171875,3200600
2026-08-21,647.469970703125,647.469970703125,654.280029296875,607.9000244140625,623.260009765625,2392500
2026-08-24,648.6400146484375,648.6400146484375,660.7000122070312,645.77001953125,653.0399780273438,1228900
2026-08-25,630.6599731445312,630.6599731445312,653.1799926757812,627.1400146484375,652.0700073242188,1206900
2026-08-26,634.5399780273438,634.5399780273438,639.6500244140625,630.4099731445312,632.1500244140625,830700
2026-08-27,622.6599731445312,622.6599731445312,629.3499755859375,617.8099975585938,628.8200073242188,807500
2026-08-28,630.3300170898438,630.3300170898438,632.02001953125,617.2100219726562,626.5,630600
2026-08-31,654.9099731445312,654.9099731445312,657.1699829101562,641.1300048828125,648.0,1786500
2026-09-01,676.0800170898438,676.0800170898438,677.8900146484375,654.0499877929688,655.3400268554688,2309600
2026-09-02,698.3699951171875,698.3699951171875,700.6400146484375,677.6599731445312,678.0599975585938,2027900
2026-09-03,694.4099731445312,694.4099731445312,705.8800048828125,685.47998046875,703.25,1692900
2026-09-04,693.530029296875,693.530029296875,702.4500122070312,690.8300170898438,692.030029296875,1053800
2026-09-08,680.72998046875,680.72998046875,690.5800170898438,680.260009765625,687.2100219726562,883500
2026-09-09,677.2100219726562,677.2100219726562,688.5900268554688,672.6199951171875,681.3200073242188,1035800
2026-09-10,679.1500244140625,679.1500244140625,682.0,671.4000244140625,675.030029296875,313117
