Price,Adj Close,Close,High,Low,Open,Volume
Ticker,DUK,DUK,DUK,DUK,DUK,DUK
Date,,,,,,
2021-09-10,85.11676025390625,103.19999694824219,104.79000091552734,103.1500015258789,104.6500015258789,2391700
2021-09-13,84.72911834716797,102.7300033569336,104.22000122070312,102.55000305175781,103.9800033569336,2801100
2021-09-14,83.80536651611328,101.61000061035156,103.51000213623047,101.4800033569336,103.0,3421700
2021-09-15,84.15177917480469,102.02999877929688,102.41999816894531,100.80000305175781,101.25,2795800
2021-09-16,83.64041900634766,101.41000366210938,102.80999755859375,101.27999877929688,102.48999786376953,3219100
2021-09-17,82.2052993774414,99.66999816894531,101.58000183105469,99.56999969482422,101.0,6699200
2021-09-20,82.18058013916016,99.63999938964844,100.30999755859375,98.52999877929688,99.29000091552734,4907800
2021-09-21,81.58672332763672,98.91999816894531,100.47000122070312,98.83000183105469,99.91999816894531,3274900
2021-09-22,81.2733154296875,98.54000091552734,99.45999908447266,98.18000030517578,99.25,2732900
2021-09-23,81.15784454345703,98.4000015258789,99.44999694824219,98.19999694824219,98.61000061035156,2419900
2021-09-24,81.20732879638672,98.45999908447266,99.08000183105469,97.88999938964844,98.25,3010800
2021-09-27,80.52275848388672,97.62999725341797,99.55999755859375,97.5,98.44999694824219,2772800
2021-09-28,80.04438781738281,97.05000305175781,97.86000061035156,96.58000183105469,97.44999694824219,3126800
2021-09-29,81.10836791992188,98.33999633789062,99.02999877929688,96.94999694824219,97.05000305175781,3299000
2021-09-30,80.48975372314453,97.58999633789062,98.69999694824219,97.55999755859375,98.5199966430664,2962300
2021-10-01,81.20732879638672,98.45999908447266,98.87999725341797,97.61000061035156,98.19999694824219,4598500
2021-10-04,83.10432434082031,100.76000213623047,101.02999877929688,98.51000213623047,98.66000366210938,4645600
2021-10-05,82.6176986694336,100.16999816894531,100.9800033569336,99.94999694824219,100.87999725341797,3411500
2021-10-06,84.00330352783203,101.8499984741211,101.91000366210938,99.25,99.93000030517578,2794800
2021-10-07,83.26924896240234,100.95999908447266,102.55999755859375,100.86000061035156,101.91999816894531,2020000
2021-10-08,82.91461181640625,100.52999877929688,101.31999969482422,100.41000366210938,101.0,1745000
2021-10-11,82.23829650878906,99.70999908447266,100.7300033569336,99.3499984741211,100.18000030517578,1659700
2021-10-12,82.32903289794922,99.81999969482422,100.55999755859375,99.58000183105469,99.8499984741211,2426000
2021-10-13,83.0548324584961,100.69999694824219,100.75,99.05000305175781,99.83999633789062,1798800
2021-10-14,83.83836364746094,101.6500015258789,101.88999938964844,100.76000213623047,101.11000061035156,3045600
2021-10-15,82.76616668701172,100.3499984741211,101.98999786376953,100.0999984741211,101.75,2593400
2021-10-18,82.36202239990234,99.86000061035156,100.18000030517578,99.1500015258789,99.8499984741211,2057600
2021-10-19,83.40947723388672,101.12999725341797,101.22000122070312,100.12999725341797,100.3499984741211,1759000
2021-10-20,84.31672668457031,102.2300033569336,102.56999969482422,101.25,101.25,1892700
2021-10-21,84.95181274414062,103.0,103.02999877929688,102.16999816894531,102.38999938964844,2057800
2021-10-22,85.59513854980469,103.77999877929688,104.94000244140625,102.97000122070312,103.20999908447266,2430300
2021-10-25,84.8198471069336,102.83999633789062,103.69999694824219,102.62000274658203,103.69000244140625,1681600
2021-10-26,85.19097900390625,103.29000091552734,104.13999938964844,102.63999938964844,102.79000091552734,2298300
2021-10-27,84.75385284423828,102.76000213623047,103.81999969482422,102.6500015258789,103.6500015258789,1519200
2021-10-28,84.53118133544922,102.48999786376953,102.8499984741211,101.7699966430664,102.41999816894531,1973600
2021-10-29,84.13529205322266,102.01000213623047,102.95999908447266,101.5999984741211,102.23999786376953,2301300
2021-11-01,84.38272857666016,102.30999755859375,102.68000030517578,101.45999908447266,102.12999725341797,1606500
2021-11-02,84.49817657470703,102.44999694824219,102.80999755859375,101.5,102.62999725341797,2701100
2021-11-03,84.57241821289062,102.54000091552734,102.94999694824219,101.44999694824219,102.25,2062000
2021-11-04,83.31874084472656,101.0199966430664,102.8499984741211,99.87000274658203,102.38999938964844,3054500
2021-11-05,83.86311340332031,101.68000030517578,102.66999816894531,101.05000305175781,101.19000244140625,2127800
2021-11-08,83.6486587524414,101.41999816894531,101.98999786376953,100.51000213623047,101.87999725341797,3686700
2021-11-09,84.09403991699219,101.95999908447266,102.25,101.2300033569336,101.79000091552734,2876300
2021-11-10,84.63121795654297,101.62000274658203,101.91000366210938,100.69000244140625,101.27999877929688,1876700
2021-11-11,83.49024963378906,100.25,101.55999755859375,99.95999908447266,101.36000061035156,2002600
2021-11-12,83.1821060180664,99.87999725341797,100.5,99.58000183105469,100.25,2504100
2021-11-15,83.78172302246094,100.5999984741211,101.01000213623047,99.7300033569336,100.23999786376953,2362900
2021-11-16,82.5158462524414,99.08000183105469,100.7699966430664,98.95999908447266,100.52999877929688,3758800
2021-11-17,82.4408950805664,98.98999786376953,99.25,98.41000366210938,99.0,2368600
2021-11-18,81.9245376586914,98.37000274658203,98.66000366210938,97.9800033569336,98.58000183105469,2809800
2021-11-19,81.96617889404297,98.41999816894531,98.76000213623047,97.95999908447266,98.44999694824219,2986300
2021-11-22,83.49024963378906,100.25,100.55000305175781,98.31999969482422,98.5,3913900
2021-11-23,83.89834594726562,100.73999786376953,101.06999969482422,99.37999725341797,100.48999786376953,3174100
2021-11-24,83.43196105957031,100.18000030517578,101.19000244140625,99.91999816894531,100.98999786376953,2236800
2021-11-26,82.68241882324219,99.27999877929688,100.66000366210938,99.1500015258789,99.18000030517578,1805400
2021-11-29,83.46525573730469,100.22000122070312,100.48999786376953,99.11000061035156,99.91999816894531,2128900
2021-11-30,80.79192352294922,97.01000213623047,99.72000122070312,96.75,99.6500015258789,3873200
2021-12-01,80.46710968017578,96.62000274658203,99.0,96.58000183105469,97.44000244140625,2825600
2021-12-02,81.3249282836914,97.6500015258789,98.68000030517578,96.93000030517578,97.0999984741211,2956200
2021-12-03,83.1821060180664,99.87999725341797,99.94999694824219,97.30999755859375,98.0999984741211,3106800
2021-12-06,84.28976440429688,101.20999908447266,102.69999694824219,100.26000213623047,100.5199966430664,2972500
2021-12-07,84.25643157958984,101.16999816894531,101.55000305175781,100.5,100.87999725341797,4402500
2021-12-08,83.98993682861328,100.8499984741211,101.63999938964844,100.19999694824219,100.98999786376953,4819400
2021-12-09,83.51524353027344,100.27999877929688,101.12000274658203,99.26000213623047,101.04000091552734,4020800
2021-12-10,84.53960418701172,101.51000213623047,102.05000305175781,100.36000061035156,100.80999755859375,3039900
2021-12-13,85.8138198852539,103.04000091552734,103.62999725341797,101.44999694824219,101.5,3932500
2021-12-14,85.58894348144531,102.7699966430664,103.5,102.31999969482422,103.05000305175781,2825100
2021-12-15,86.46342468261719,103.81999969482422,104.11000061035156,102.80999755859375,102.80999755859375,3378800
2021-12-16,87.06303405761719,104.54000091552734,105.11000061035156,103.63999938964844,104.0,3066600
2021-12-17,85.8138198852539,103.04000091552734,105.16999816894531,102.31999969482422,104.44999694824219,7150200
2021-12-20,86.33849334716797,103.66999816894531,103.83000183105469,101.87999725341797,102.5199966430664,3678600
2021-12-21,85.79714965820312,103.0199966430664,104.48999786376953,102.68000030517578,104.0,2054600
2021-12-22,85.91374969482422,103.16000366210938,103.52999877929688,102.66999816894531,102.91000366210938,1588700
2021-12-23,85.7555160522461,102.97000122070312,103.88999938964844,102.93000030517578,103.27999877929688,1435100
2021-12-27,86.02202606201172,103.29000091552734,103.44000244140625,102.68000030517578,102.97000122070312,1269600
2021-12-28,87.0880355834961,104.56999969482422,104.5999984741211,103.45999908447266,103.45999908447266,1197400
2021-12-29,87.24628448486328,104.76000213623047,105.02999877929688,104.2300033569336,104.76000213623047,1176300
2021-12-30,87.271240234375,104.79000091552734,105.04000091552734,104.12000274658203,104.80000305175781,1690700
2021-12-31,87.36286926269531,104.9000015258789,105.2300033569336,104.0,104.72000122070312,1945700
2022-01-03,86.18859100341797,103.48999786376953,104.91000366210938,103.0199966430664,104.91000366210938,3272700
2022-01-04,86.12195587158203,103.41000366210938,104.94000244140625,103.27999877929688,103.36000061035156,2558300
2022-01-05,86.31349182128906,103.63999938964844,104.91999816894531,103.47000122070312,103.5,2446600
2022-01-06,86.17192840576172,103.47000122070312,104.7699966430664,103.33000183105469,103.51000213623047,3944100
2022-01-07,87.02973175048828,104.5,104.97000122070312,102.26000213623047,102.80999755859375,2990100
2022-01-10,87.07970428466797,104.55999755859375,105.31999969482422,104.06999969482422,104.6500015258789,2683500
2022-01-11,85.97205352783203,103.2300033569336,104.69999694824219,102.52999877929688,104.58000183105469,2937300
2022-01-12,86.29685974121094,103.62000274658203,103.81999969482422,102.19999694824219,102.68000030517578,2226300
2022-01-13,86.7382583618164,104.1500015258789,104.5,103.19999694824219,103.54000091552734,2591200
2022-01-14,86.64662170410156,104.04000091552734,104.68000030517578,103.2699966430664,104.44000244140625,3425900
2022-01-18,84.83941650390625,101.87000274658203,103.75,101.73999786376953,103.33000183105469,3082000
2022-01-19,85.08926391601562,102.16999816894531,102.83000183105469,101.30999755859375,101.87999725341797,2460800
2022-01-20,85.20584106445312,102.30999755859375,103.52999877929688,101.98999786376953,102.05000305175781,2426800
2022-01-21,85.76385498046875,102.9800033569336,104.20999908447266,102.66999816894531,103.0199966430664,3453800
2022-01-24,85.43072509765625,102.58000183105469,103.9800033569336,100.25,103.62000274658203,5654600
2022-01-25,85.21418762207031,102.31999969482422,103.1500015258789,101.55999755859375,101.70999908447266,3336300
2022-01-26,84.90605926513672,101.94999694824219,103.30000305175781,101.19999694824219,102.18000030517578,3111000
2022-01-27,85.98869323730469,103.25,104.37999725341797,102.47000122070312,102.51000213623047,3384900
2022-01-28,87.22127532958984,104.7300033569336,104.7699966430664,102.80000305175781,103.19000244140625,2874200
2022-01-31,87.49610900878906,105.05999755859375,105.23999786376953,103.45999908447266,103.87000274658203,4306700
2022-02-01,86.15528869628906,103.44999694824219,105.08000183105469,102.38999938964844,104.55000305175781,3036300
2022-02-02,87.44615936279297,105.0,105.22000122070312,103.05000305175781,103.3499984741211,3391100
2022-02-03,87.80426788330078,105.43000030517578,105.76000213623047,104.69999694824219,105.22000122070312,2238900
2022-02-04,86.8215103149414,104.25,105.33999633789062,103.62999725341797,104.55999755859375,2217100
2022-02-07,86.89647674560547,104.33999633789062,104.81999969482422,103.3499984741211,104.13999938964844,3046600
2022-02-08,86.95477294921875,104.41000366210938,105.36000061035156,104.05999755859375,105.2699966430664,2298800
2022-02-09,87.20464324951172,104.70999908447266,105.20999908447266,104.22000122070312,104.75,2259800
2022-02-10,83.10713958740234,99.79000091552734,104.33000183105469,99.58000183105469,104.19000244140625,5918200
2022-02-11,83.0738296508789,99.75,100.86000061035156,99.55999755859375,100.0999984741211,3953500
2022-02-14,83.24040985107422,99.94999694824219,101.01000213623047,98.62999725341797,100.55000305175781,5284400
2022-02-15,82.69906616210938,99.30000305175781,101.11000061035156,98.7699966430664,100.12999725341797,3149200
2022-02-16,82.87397003173828,99.51000213623047,99.97000122070312,98.9000015258789,99.36000061035156,2955900
2022-02-17,83.04640197753906,98.7300033569336,99.16000366210938,97.52999877929688,98.47000122070312,2401800
2022-02-18,83.954833984375,99.80999755859375,100.19000244140625,98.08000183105469,98.36000061035156,4505500
2022-02-22,83.65201568603516,99.44999694824219,100.23999786376953,98.56999969482422,100.0,3304900
2022-02-23,82.15478515625,97.66999816894531,99.87000274658203,97.5999984741211,99.66000366210938,4055900
2022-02-24,81.6248550415039,97.04000091552734,97.62000274658203,95.4800033569336,97.43000030517578,4207800
2022-02-25,84.29969024658203,100.22000122070312,100.33999633789062,97.83999633789062,98.04000091552734,3326800
2022-02-28,84.45954132080078,100.41000366210938,100.5199966430664,98.98999786376953,99.20999908447266,3069400
2022-03-01,83.9716567993164,99.83000183105469,101.05999755859375,98.66999816894531,100.41000366210938,2448100
2022-03-02,84.77914428710938,100.79000091552734,101.25,99.73999786376953,99.94000244140625,2334300
2022-03-03,86.33527374267578,102.63999938964844,103.2300033569336,101.05999755859375,101.25,2607400
2022-03-04,88.5390853881836,105.26000213623047,105.37000274658203,102.4000015258789,102.45999908447266,3276600
2022-03-07,89.75033569335938,106.69999694824219,106.98999786376953,104.55000305175781,105.4000015258789,3611000
2022-03-08,88.71573638916016,105.47000122070312,107.44999694824219,105.33000183105469,106.76000213623047,3549800
2022-03-09,88.59796905517578,105.33000183105469,106.56999969482422,105.12000274658203,106.19000244140625,3293200
2022-03-10,89.32133483886719,106.19000244140625,106.41999816894531,104.44000244140625,104.62000274658203,2038500
2022-03-11,89.2792739868164,106.13999938964844,107.08999633789062,105.94999694824219,106.0999984741211,2229700
2022-03-14,89.41388702392578,106.30000305175781,107.69999694824219,105.73999786376953,107.05000305175781,2562900
2022-03-15,89.74193572998047,106.69000244140625,107.37999725341797,106.12999725341797,107.33999633789062,2113300
2022-03-16,89.13628387451172,105.97000122070312,107.0199966430664,104.16999816894531,107.0199966430664,2636500
2022-03-17,89.58211517333984,106.5,107.54000091552734,105.29000091552734,106.0,2675000
2022-03-18,88.36245727539062,105.05000305175781,106.91999816894531,104.56999969482422,106.30000305175781,4859200
2022-03-21,89.2961196899414,106.16000366210938,106.87000274658203,105.27999877929688,105.31999969482422,1987500
2022-03-22,89.32133483886719,106.19000244140625,106.94999694824219,104.86000061035156,106.7699966430664,2574900
2022-03-23,89.85970306396484,106.83000183105469,107.51000213623047,105.91999816894531,106.68000030517578,2617400
2022-03-24,90.39801788330078,107.47000122070312,108.08000183105469,106.4000015258789,106.56999969482422,2196500
2022-03-25,91.79430389404297,109.12999725341797,109.36000061035156,107.52999877929688,107.80000305175781,1703600
2022-03-28,92.55976104736328,110.04000091552734,110.04000091552734,108.25,109.0,2470300
2022-03-29,93.3420181274414,110.97000122070312,110.98999786376953,109.62000274658203,110.12999725341797,2461600
2022-03-30,93.77101135253906,111.4800033569336,111.5,110.4000015258789,111.0,1979300
2022-03-31,93.92242431640625,111.66000366210938,112.55000305175781,111.19999694824219,111.37999725341797,3280100
2022-04-01,94.89814758300781,112.81999969482422,112.9000015258789,110.55000305175781,111.69999694824219,2302500
2022-04-04,94.03176879882812,111.79000091552734,112.25,110.41000366210938,112.0999984741211,2265700
2022-04-05,94.64580535888672,112.5199966430664,114.13999938964844,111.9800033569336,112.0,2489200
2022-04-06,96.85802459716797,115.1500015258789,115.26000213623047,112.48999786376953,113.11000061035156,3413200
2022-04-07,96.61410522460938,114.86000061035156,115.22000122070312,113.44999694824219,114.98999786376953,2785900
2022-04-08,97.02623748779297,115.3499984741211,115.79000091552734,114.16999816894531,115.38999938964844,1678100
2022-04-11,96.08416748046875,114.2300033569336,115.95999908447266,113.79000091552734,115.45999908447266,2574200
2022-04-12,97.08513641357422,115.41999816894531,115.7300033569336,113.2699966430664,114.02999877929688,2509800
2022-04-13,96.82437133789062,115.11000061035156,115.9000015258789,114.4000015258789,115.51000213623047,2092300
2022-04-14,96.60567474365234,114.8499984741211,115.5199966430664,114.4800033569336,115.19000244140625,2719300
2022-04-18,96.09255981445312,114.23999786376953,115.81999969482422,113.58999633789062,115.27999877929688,1962500
2022-04-19,96.2860336303711,114.47000122070312,114.69999694824219,113.7699966430664,114.37000274658203,2018100
2022-04-20,97.09353637695312,115.43000030517578,115.87000274658203,115.16999816894531,115.48999786376953,2152900
2022-04-21,96.96736907958984,115.27999877929688,116.33000183105469,114.66999816894531,115.1500015258789,1865900
2022-04-22,96.126220703125,114.27999877929688,115.44999694824219,114.13999938964844,115.16999816894531,3185600
2022-04-25,95.69723510742188,113.7699966430664,115.02999877929688,112.04000091552734,114.81999969482422,3743600
2022-04-26,95.47013092041016,113.5,115.83000183105469,113.3499984741211,113.80999755859375,3937200
2022-04-27,95.12525939941406,113.08999633789062,114.88999938964844,112.20999908447266,113.55999755859375,2483900
2022-04-28,95.72248840332031,113.80000305175781,114.69999694824219,112.5999984741211,113.56999969482422,2734100
2022-04-29,92.66070556640625,110.16000366210938,113.51000213623047,109.77999877929688,113.41999816894531,5424000
2022-05-02,91.43263244628906,108.69999694824219,111.08999633789062,107.47000122070312,110.66999816894531,3831700
2022-05-03,91.14665985107422,108.36000061035156,110.4000015258789,108.19000244140625,109.3499984741211,2428400
2022-05-04,92.9551010131836,110.51000213623047,110.77999877929688,107.93000030517578,108.19999694824219,2561400
2022-05-05,92.56818389892578,110.05000305175781,110.97000122070312,109.08000183105469,110.0199966430664,2200100
2022-05-06,93.63642883300781,111.31999969482422,111.97000122070312,109.33000183105469,109.79000091552734,2723500
2022-05-09,93.19903564453125,110.80000305175781,112.12000274658203,108.5,109.63999938964844,3663300
2022-05-10,91.60926055908203,108.91000366210938,112.19999694824219,108.04000091552734,110.58999633789062,3372200
2022-05-11,92.4504165649414,109.91000366210938,111.66000366210938,108.83999633789062,109.12000274658203,3082800
2022-05-12,92.38674926757812,108.8499984741211,109.30999755859375,107.4000015258789,108.79000091552734,3429200
2022-05-13,92.76868438720703,109.30000305175781,109.66999816894531,107.70999908447266,109.38999938964844,3251300
2022-05-16,93.38829803466797,110.02999877929688,110.87999725341797,109.43000030517578,109.6500015258789,2408000
2022-05-17,92.8111343383789,109.3499984741211,110.0,107.12999725341797,109.43000030517578,4076100
2022-05-18,92.42919158935547,108.9000015258789,110.55999755859375,108.58000183105469,109.81999969482422,4006100
2022-05-19,92.47163391113281,108.94999694824219,109.44999694824219,107.2300033569336,108.66999816894531,3687600
2022-05-20,93.21855163574219,109.83000183105469,110.01000213623047,108.19000244140625,108.83999633789062,3375100
2022-05-23,94.05030059814453,110.80999755859375,111.9000015258789,109.80999755859375,110.6500015258789,2577300
2022-05-24,95.8921127319336,112.9800033569336,113.33000183105469,110.72000122070312,111.30999755859375,3009200
2022-05-25,95.39134216308594,112.38999938964844,113.41999816894531,111.69999694824219,113.19999694824219,2771900
2022-05-26,96.10429382324219,113.2300033569336,113.79000091552734,112.5999984741211,113.06999969482422,2717600
2022-05-27,97.09733581542969,114.4000015258789,114.5,112.58000183105469,112.88999938964844,2628900
2022-05-31,95.50167846679688,112.5199966430664,113.54000091552734,112.0999984741211,113.16999816894531,5037700
2022-06-01,94.7802505493164,111.66999816894531,112.7300033569336,110.95999908447266,112.55000305175781,2552100
2022-06-02,94.88208770751953,111.79000091552734,112.36000061035156,109.91999816894531,112.0999984741211,2712800
2022-06-03,94.34737396240234,111.16000366210938,112.0999984741211,110.97000122070312,111.4800033569336,1547800
2022-06-06,94.304931640625,111.11000061035156,112.08000183105469,110.93000030517578,111.51000213623047,1483200
2022-06-07,95.34889221191406,112.33999633789062,112.41000366210938,110.26000213623047,110.94999694824219,2113300
2022-06-08,93.7787094116211,110.48999786376953,112.06999969482422,110.2699966430664,111.95999908447266,1810700
2022-06-09,91.43616485595703,107.7300033569336,111.02999877929688,107.58999633789062,110.43000030517578,2379400
2022-06-10,91.47010803222656,107.7699966430664,108.69000244140625,105.94999694824219,106.91000366210938,3342600
2022-06-13,87.78651428222656,103.43000030517578,107.0,102.93000030517578,106.77999877929688,2752200
2022-06-14,85.67313385009766,100.94000244140625,104.23999786376953,99.66000366210938,103.70999908447266,3899500
2022-06-15,85.02806854248047,100.18000030517578,102.12000274658203,99.05999755859375,102.01000213623047,4039500
2022-06-16,84.48487854003906,99.54000091552734,99.83000183105469,97.86000061035156,99.02999877929688,4134000
2022-06-17,83.0250015258789,97.81999969482422,99.95999908447266,96.87000274658203,99.23999786376953,5533000
2022-06-21,84.20476531982422,99.20999908447266,99.5,97.62000274658203,97.94000244140625,2877800
2022-06-22,85.01109313964844,100.16000366210938,101.0,98.69000244140625,98.91999816894531,2909900
2022-06-23,87.76952362060547,103.41000366210938,103.6500015258789,100.55000305175781,100.66999816894531,3724300
2022-06-24,88.72013854980469,104.52999877929688,104.80000305175781,103.30000305175781,103.66999816894531,2953800
2022-06-27,89.28878784179688,105.19999694824219,105.37000274658203,103.7300033569336,104.02999877929688,1725000
2022-06-28,89.71318054199219,105.69999694824219,106.83000183105469,105.36000061035156,105.76000213623047,2215700
2022-06-29,89.97630310058594,106.01000213623047,106.31999969482422,105.30999755859375,105.7300033569336,1767300
2022-06-30,90.99480438232422,107.20999908447266,107.94000244140625,105.04000091552734,105.2699966430664,3568900
2022-07-01,93.04029846191406,109.62000274658203,109.79000091552734,107.20999908447266,107.75,2874200
2022-07-05,90.25639343261719,106.33999633789062,109.69999694824219,104.54000091552734,109.69999694824219,2951900
2022-07-06,91.30884552001953,107.58000183105469,108.43000030517578,106.08000183105469,106.66999816894531,1920800
2022-07-07,90.67229461669922,106.83000183105469,108.22000122070312,106.54000091552734,107.81999969482422,1913500
2022-07-08,89.89141082763672,105.91000366210938,107.06999969482422,105.73999786376953,106.87999725341797,1697600
2022-07-11,91.63135528564453,107.95999908447266,107.98999786376953,105.86000061035156,106.04000091552734,2435700
2022-07-12,91.3852310180664,107.66999816894531,108.9800033569336,107.12999725341797,107.58000183105469,2102700
2022-07-13,91.02027130126953,107.23999786376953,108.19999694824219,106.72000122070312,106.93000030517578,2417200
2022-07-14,90.77412414550781,106.94999694824219,107.22000122070312,105.19000244140625,105.2699966430664,2274900
2022-07-15,91.18152618408203,107.43000030517578,107.63999938964844,106.18000030517578,107.44000244140625,2244200
2022-07-18,89.4840316772461,105.43000030517578,107.12000274658203,105.4000015258789,106.9000015258789,2228100
2022-07-19,89.577392578125,105.54000091552734,106.47000122070312,105.44000244140625,106.05000305175781,2097300
2022-07-20,87.4130630493164,102.98999786376953,105.83999633789062,102.83999633789062,105.66000366210938,2981000
2022-07-21,87.87986755371094,103.54000091552734,103.73999786376953,102.16999816894531,102.91000366210938,3085300
2022-07-22,89.10208892822266,104.9800033569336,105.0,103.94000244140625,104.23999786376953,1501200
2022-07-25,89.95082092285156,105.9800033569336,106.0199966430664,104.4000015258789,104.62999725341797,1432500
2022-07-26,90.8335189819336,107.0199966430664,107.31999969482422,105.51000213623047,105.77999877929688,1788900
2022-07-27,90.4091567993164,106.5199966430664,106.86000061035156,105.87000274658203,106.66000366210938,2003700
2022-07-28,92.47163391113281,108.94999694824219,109.2699966430664,106.63999938964844,107.43000030517578,2326300
2022-07-29,93.30341339111328,109.93000030517578,110.41999816894531,108.55999755859375,108.58999633789062,2522500
2022-08-01,93.23550415039062,109.8499984741211,110.55000305175781,108.95999908447266,109.87000274658203,2386900
2022-08-02,93.04029846191406,109.62000274658203,111.33999633789062,109.43000030517578,110.29000091552734,2182500
2022-08-03,94.05879974365234,110.81999969482422,111.1500015258789,107.45999908447266,109.41999816894531,2784900
2022-08-04,93.1336669921875,109.7300033569336,111.9800033569336,109.5,111.80000305175781,2963500
2022-08-05,92.64987182617188,109.16000366210938,109.48999786376953,107.30999755859375,109.1500015258789,3033600
2022-08-08,92.54802703857422,109.04000091552734,110.61000061035156,108.7699966430664,109.87000274658203,3130300
2022-08-09,93.20154571533203,109.80999755859375,110.16000366210938,109.1500015258789,109.38999938964844,2366400
2022-08-10,93.41374206542969,110.05999755859375,110.5,109.5199966430664,110.30000305175781,2907400
2022-08-11,92.94691467285156,108.51000213623047,109.87999725341797,108.33999633789062,109.1500015258789,2640900
2022-08-12,94.43734741210938,110.25,110.33000183105469,108.94999694824219,109.12999725341797,3302700
2022-08-15,95.06266021728516,110.9800033569336,111.08999633789062,109.62999725341797,110.36000061035156,2163200
2022-08-16,96.03058624267578,112.11000061035156,112.4800033569336,110.80000305175781,110.9800033569336,2504400
2022-08-17,95.96204376220703,112.02999877929688,112.9000015258789,111.83999633789062,111.91000366210938,1894500
2022-08-18,96.43315887451172,112.58000183105469,113.06999969482422,112.0999984741211,112.0999984741211,1744300
2022-08-19,96.99850463867188,113.23999786376953,113.66999816894531,112.31999969482422,112.77999877929688,2091800
2022-08-22,95.97917938232422,112.05000305175781,113.27999877929688,111.83000183105469,112.9800033569336,2282400
2022-08-23,95.10548400878906,111.02999877929688,112.1500015258789,110.80000305175781,112.1500015258789,1489700
2022-08-24,95.01982879638672,110.93000030517578,111.36000061035156,110.33000183105469,111.19999694824219,1796400
2022-08-25,94.82281494140625,110.69999694824219,111.12000274658203,109.61000061035156,111.04000091552734,2612200
2022-08-26,93.13536071777344,108.7300033569336,110.88999938964844,108.61000061035156,110.83999633789062,3367000
2022-08-29,93.53794860839844,109.19999694824219,109.91999816894531,107.5999984741211,108.41000366210938,1773300
2022-08-30,92.2359619140625,107.68000030517578,109.25,107.26000213623047,108.95999908447266,1919800
2022-08-31,91.57640075683594,106.91000366210938,108.55999755859375,106.75,107.68000030517578,2890900
2022-09-01,92.67279815673828,108.19000244140625,108.55000305175781,106.73999786376953,107.04000091552734,1612200
2022-09-02,91.65349578857422,107.0,109.2699966430664,106.68000030517578,108.2699966430664,1496200
2022-09-06,91.44792175292969,106.76000213623047,108.36000061035156,106.41999816894531,107.2300033569336,2037500
2022-09-07,94.43734741210938,110.25,110.33999633789062,107.45999908447266,107.47000122070312,3324400
2022-09-08,93.53794860839844,109.19999694824219,110.7300033569336,108.70999908447266,109.87999725341797,2390800
2022-09-09,94.12040710449219,109.87999725341797,110.37999725341797,108.91000366210938,109.58000183105469,1456200
2022-09-12,94.97698974609375,110.87999725341797,111.26000213623047,109.9000015258789,109.95999908447266,1653700
2022-09-13,92.67279815673828,108.19000244140625,110.5199966430664,107.58000183105469,110.1500015258789,2387900
2022-09-14,93.597900390625,109.2699966430664,109.94000244140625,108.31999969482422,108.31999969482422,2309800
2022-09-15,91.03675079345703,106.27999877929688,108.68000030517578,106.0999984741211,108.54000091552734,3103000
2022-09-16,90.89112854003906,106.11000061035156,107.58999633789062,105.9000015258789,106.93000030517578,4565300
2022-09-19,91.49073028564453,106.80999755859375,106.8499984741211,105.33000183105469,105.83000183105469,1783400
2022-09-20,90.48854064941406,105.63999938964844,106.25,104.56999969482422,106.0199966430664,1622400
2022-09-21,89.33216857910156,104.29000091552734,106.87000274658203,104.2699966430664,106.04000091552734,1495600
2022-09-22,89.66621398925781,104.68000030517578,105.58999633789062,103.58999633789062,104.0999984741211,2324900
2022-09-23,88.8353500366211,103.70999908447266,104.2699966430664,102.5199966430664,103.94999694824219,2297600
2022-09-26,86.37698364257812,100.83999633789062,103.61000061035156,99.91999816894531,103.5,2812800
2022-09-27,84.2184066772461,98.31999969482422,101.52999877929688,97.95999908447266,101.08999633789062,4027900
2022-09-28,85.32341003417969,99.61000061035156,100.19999694824219,98.16000366210938,99.44999694824219,2338200
2022-09-29,81.46024322509766,95.0999984741211,99.4000015258789,94.94999694824219,99.36000061035156,3104500
2022-09-30,79.67857360839844,93.0199966430664,96.0999984741211,92.80000305175781,95.75,5163600
2022-10-03,81.6572494506836,95.33000183105469,96.01000213623047,93.44999694824219,94.45999908447266,3786800
2022-10-04,83.19054412841797,97.12000274658203,97.33000183105469,95.2699966430664,96.0,3105700
2022-10-05,80.5351333618164,94.0199966430664,96.12999725341797,93.44999694824219,95.9000015258789,3865500
2022-10-06,77.75128936767578,90.7699966430664,93.75,90.6500015258789,93.66000366210938,4230800
2022-10-07,76.29511260986328,89.06999969482422,91.0,88.58999633789062,90.73999786376953,3162700
2022-10-10,76.36363983154297,89.1500015258789,90.13999938964844,89.0199966430664,89.11000061035156,2982300
2022-10-11,76.68912506103516,89.52999877929688,90.5,88.66000366210938,88.80000305175781,4892500
2022-10-12,73.63971710205078,85.97000122070312,89.29000091552734,85.91000366210938,89.0,4243000
2022-10-13,75.37000274658203,87.98999786376953,88.5199966430664,83.76000213623047,85.0,7258400
2022-10-14,74.36781311035156,86.81999969482422,89.45999908447266,86.4000015258789,88.88999938964844,4711100
2022-10-17,76.32079315185547,89.0999984741211,89.95999908447266,87.87000274658203,88.0,3704400
2022-10-18,77.78551483154297,90.80999755859375,91.0999984741211,89.81999969482422,90.27999877929688,3009900
2022-10-19,76.48355102539062,89.29000091552734,90.37000274658203,88.81999969482422,89.62000274658203,2611700
2022-10-20,74.71900177001953,87.2300033569336,89.16999816894531,86.72000122070312,89.0,4057700
2022-10-21,75.77257537841797,88.45999908447266,89.0999984741211,86.91999816894531,87.41000366210938,2789000
2022-10-24,75.96959686279297,88.69000244140625,89.81999969482422,88.04000091552734,89.05999755859375,2318600
2022-10-25,77.29729461669922,90.23999786376953,90.62000274658203,88.69999694824219,88.70999908447266,2781000
2022-10-26,77.78551483154297,90.80999755859375,91.43000030517578,89.98999786376953,90.75,2938300
2022-10-27,77.9825439453125,91.04000091552734,92.30999755859375,90.9000015258789,91.63999938964844,3367400
2022-10-28,80.51801300048828,94.0,94.22000122070312,91.26000213623047,91.26000213623047,3139200
2022-10-31,79.81561279296875,93.18000030517578,94.23999786376953,92.58000183105469,93.70999908447266,3237600
2022-11-01,80.29531860351562,93.73999786376953,94.16000366210938,92.7300033569336,93.56999969482422,2889100
2022-11-02,79.55863952636719,92.87999725341797,95.38999938964844,92.73999786376953,93.47000122070312,3061200
2022-11-03,79.84988403320312,93.22000122070312,93.80999755859375,91.58000183105469,91.98999786376953,3132300
2022-11-04,80.1839599609375,93.61000061035156,94.79000091552734,91.44000244140625,94.6500015258789,4813400
2022-11-07,79.00189208984375,92.2300033569336,93.55999755859375,90.36000061035156,93.5,4501300
2022-11-08,79.8327407836914,93.19999694824219,94.0199966430664,92.33999633789062,92.52999877929688,2876600
2022-11-09,80.04689025878906,93.44999694824219,94.4000015258789,93.13999938964844,93.62999725341797,2742400
2022-11-10,83.17340850830078,97.0999984741211,97.36000061035156,94.26000213623047,95.86000061035156,3601900
2022-11-11,81.52019500732422,95.16999816894531,97.25,94.44999694824219,97.20999908447266,3286300
2022-11-14,81.76004028320312,95.44999694824219,96.44000244140625,95.2699966430664,95.6500015258789,4782300
2022-11-15,83.19908905029297,97.12999725341797,97.47000122070312,95.83000183105469,96.5999984741211,4625600
2022-11-16,83.89290618896484,97.94000244140625,99.08000183105469,97.37000274658203,97.37000274658203,3645300
2022-11-17,82.66829681396484,95.5199966430664,96.73999786376953,94.93000030517578,96.30999755859375,2755500
2022-11-18,83.76741790771484,96.79000091552734,97.2300033569336,96.0,96.45999908447266,3680500
2022-11-21,83.9837875366211,97.04000091552734,97.55000305175781,96.18000030517578,96.55000305175781,3314500
2022-11-22,84.53767395019531,97.68000030517578,98.69000244140625,97.27999877929688,97.48999786376953,2334000
2022-11-23,85.28196716308594,98.54000091552734,98.68000030517578,97.44999694824219,97.47000122070312,2726000
2022-11-25,86.2166748046875,99.62000274658203,99.98999786376953,98.9000015258789,99.0,1275700
2022-11-28,85.3425521850586,98.61000061035156,99.66000366210938,98.22000122070312,99.19999694824219,2283800
2022-11-29,84.76270294189453,97.94000244140625,98.2300033569336,97.23999786376953,98.02999877929688,2127400
2022-11-30,86.4849624633789,99.93000030517578,100.41999816894531,97.26000213623047,97.58000183105469,6052200
2022-12-01,86.81383514404297,100.30999755859375,101.9000015258789,99.87999725341797,100.83999633789062,3329800
2022-12-02,86.130126953125,99.5199966430664,99.75,98.5,99.38999938964844,2097700
2022-12-05,85.7926025390625,99.12999725341797,99.55999755859375,98.5199966430664,98.73999786376953,2212500
2022-12-06,86.98693084716797,100.51000213623047,100.69999694824219,99.05000305175781,99.2300033569336,2828800
2022-12-07,86.18203735351562,99.58000183105469,101.26000213623047,99.33000183105469,100.3499984741211,2635600
2022-12-08,86.93498229980469,100.44999694824219,100.6500015258789,99.31999969482422,99.61000061035156,2065900
2022-12-09,86.84844207763672,100.3499984741211,100.91999816894531,100.01000213623047,100.08000183105469,1998200
2022-12-12,88.55339050292969,102.31999969482422,102.43000030517578,100.30000305175781,101.43000030517578,2734900
2022-12-13,89.22845458984375,103.0999984741211,104.33999633789062,102.41999816894531,103.3499984741211,5581400
2022-12-14,89.40154266357422,103.30000305175781,105.5199966430664,102.62999725341797,103.23999786376953,4468700
2022-12-15,88.71782684326172,102.51000213623047,103.31999969482422,101.94000244140625,103.05999755859375,3631400
2022-12-16,86.83978271484375,100.33999633789062,102.12000274658203,99.19000244140625,102.08000183105469,10623600
2022-12-19,86.74459838867188,100.2300033569336,101.33000183105469,99.70999908447266,100.12999725341797,3628800
2022-12-20,86.72727966308594,100.20999908447266,100.91999816894531,99.19999694824219,100.08000183105469,2394300
2022-12-21,88.20721435546875,101.91999816894531,102.08999633789062,100.6500015258789,100.69999694824219,2269400
2022-12-22,88.23318481445312,101.94999694824219,101.9800033569336,100.20999908447266,101.69999694824219,2312200
2022-12-23,89.13324737548828,102.98999786376953,103.1500015258789,101.05999755859375,101.81999969482422,1803300
2022-12-27,89.72177124023438,103.66999816894531,103.9800033569336,102.55000305175781,103.08999633789062,1698500
2022-12-28,89.05535888671875,102.9000015258789,104.4800033569336,102.66999816894531,104.0,1687600
2022-12-29,89.86886596679688,103.83999633789062,104.41999816894531,103.30000305175781,103.30000305175781,1444600
2022-12-30,89.13324737548828,102.98999786376953,104.0,101.98999786376953,103.87999725341797,2055600
2023-01-03,89.74772644042969,103.69999694824219,103.80000305175781,102.19000244140625,103.19999694824219,2688900
2023-01-04,90.70838165283203,104.80999755859375,105.37999725341797,103.8499984741211,104.2699966430664,2819900
2023-01-05,89.36692810058594,103.26000213623047,104.36000061035156,102.41999816894531,103.8499984741211,1920600
2023-01-06,91.02859497070312,105.18000030517578,105.79000091552734,104.0,104.19999694824219,2157300
2023-01-09,91.03726196289062,105.19000244140625,106.43000030517578,104.76000213623047,105.02999877929688,2358300
2023-01-10,91.24496459960938,105.43000030517578,105.47000122070312,104.47000122070312,104.87999725341797,2244500
2023-01-11,91.44400787353516,105.66000366210938,106.0999984741211,105.18000030517578,105.43000030517578,2358800
2023-01-12,90.94204711914062,105.08000183105469,106.12999725341797,104.81999969482422,105.79000091552734,2350100
2023-01-13,90.85550689697266,104.9800033569336,105.44999694824219,104.26000213623047,104.5,2722900
2023-01-17,90.19776153564453,104.22000122070312,105.43000030517578,104.0999984741211,105.18000030517578,3552700
2023-01-18,88.49280548095703,102.25,104.58000183105469,102.01000213623047,104.41000366210938,3152600
2023-01-19,88.25048065185547,101.97000122070312,102.91999816894531,101.55999755859375,102.25,3025900
2023-01-20,88.12065887451172,101.81999969482422,102.11000061035156,100.05000305175781,101.87000274658203,3968400
2023-01-23,87.40233612060547,100.98999786376953,102.3499984741211,100.75,101.52999877929688,3326700
2023-01-24,87.731201171875,101.37000274658203,101.48999786376953,99.16000366210938,101.33000183105469,3048200
2023-01-25,87.77448272705078,101.41999816894531,101.44999694824219,99.9800033569336,100.29000091552734,2066600
2023-01-26,87.70524597167969,101.33999633789062,101.70999908447266,100.75,100.9000015258789,2093500
2023-01-27,87.9129638671875,101.58000183105469,101.9800033569336,100.58000183105469,101.20999908447266,2277000
2023-01-30,87.96488952636719,101.63999938964844,102.16000366210938,101.16999816894531,101.2300033569336,2470900
2023-01-31,88.66588592529297,102.44999694824219,102.55999755859375,101.05000305175781,102.0,3722600
2023-02-01,88.74378967285156,102.54000091552734,103.22000122070312,101.23999786376953,101.75,3054300
2023-02-02,88.31108093261719,102.04000091552734,103.83000183105469,102.0,102.61000061035156,3796600
2023-02-03,87.04749298095703,100.58000183105469,101.80000305175781,98.45999908447266,101.5,4331100
2023-02-06,88.11201477050781,101.80999755859375,101.91000366210938,100.04000091552734,100.1500015258789,3050300
2023-02-07,87.25521087646484,100.81999969482422,101.1500015258789,99.55000305175781,101.08000183105469,2672600
2023-02-08,85.83585357666016,99.18000030517578,100.29000091552734,98.83000183105469,100.19999694824219,3328600
2023-02-09,84.4251708984375,97.55000305175781,100.37999725341797,97.0,99.27999877929688,4403000
2023-02-10,85.7752685546875,99.11000061035156,99.20999908447266,96.7699966430664,97.36000061035156,2633200
2023-02-13,86.58015441894531,100.04000091552734,100.4000015258789,98.88999938964844,98.88999938964844,1931400
2023-02-14,86.08683776855469,99.47000122070312,100.44000244140625,99.06999969482422,99.98999786376953,2190700
2023-02-15,85.90509796142578,99.26000213623047,99.44000244140625,98.55000305175781,99.0,3276800
2023-02-16,85.93570709228516,98.29000091552734,98.75,96.44999694824219,97.5,2150000
2023-02-17,86.98487091064453,99.48999786376953,99.98999786376953,97.87999725341797,98.55999755859375,3041300
2023-02-21,85.40235900878906,97.68000030517578,99.33000183105469,97.5999984741211,98.98999786376953,3262600
2023-02-22,85.21876525878906,97.47000122070312,98.5199966430664,97.16999816894531,97.45999908447266,2070500
2023-02-23,84.6679458618164,96.83999633789062,98.0999984741211,96.4000015258789,97.87000274658203,1889400
2023-02-24,84.73789978027344,96.91999816894531,97.04000091552734,95.48999786376953,95.83000183105469,2320800
2023-02-27,83.76741790771484,95.80999755859375,97.91000366210938,95.69000244140625,97.0199966430664,2416300
2023-02-28,82.4122314453125,94.26000213623047,96.05000305175781,94.18000030517578,95.48999786376953,3155500
2023-03-01,80.35761260986328,91.91000366210938,94.04000091552734,91.77999877929688,94.0199966430664,3373100
2023-03-02,81.98383331298828,93.7699966430664,93.97000122070312,91.72000122070312,91.7699966430664,2589000
2023-03-03,83.40020751953125,95.38999938964844,95.44999694824219,93.26000213623047,93.95999908447266,4061800
2023-03-06,83.9160385131836,95.9800033569336,96.04000091552734,95.33000183105469,95.48999786376953,2709100
2023-03-07,81.76525115966797,93.5199966430664,96.16999816894531,92.9800033569336,96.12000274658203,2817000
2023-03-08,82.77070617675781,94.66999816894531,94.83000183105469,93.51000213623047,93.6500015258789,2450000
2023-03-09,82.37726593017578,94.22000122070312,96.06999969482422,93.73999786376953,95.01000213623047,2750800
2023-03-10,81.16197204589844,92.83000183105469,94.62000274658203,92.3499984741211,94.41999816894531,2629100
2023-03-13,82.33354187011719,94.16999816894531,96.52999877929688,92.72000122070312,92.72000122070312,4542700
2023-03-14,83.13790130615234,95.08999633789062,96.12999725341797,94.08999633789062,94.83999633789062,3778300
2023-03-15,84.6592025756836,96.83000183105469,97.48999786376953,94.66999816894531,95.0,3856800
2023-03-16,84.98271179199219,97.19999694824219,98.6500015258789,96.51000213623047,96.7699966430664,4859300
2023-03-17,84.27450561523438,96.38999938964844,97.12999725341797,95.70999908447266,96.5,5914300
2023-03-20,85.07887268066406,97.30999755859375,97.5999984741211,96.66000366210938,96.86000061035156,3159900
2023-03-21,82.85814666748047,94.7699966430664,97.1500015258789,93.55999755859375,97.06999969482422,4087400
2023-03-22,81.26689147949219,92.94999694824219,94.95999908447266,92.91000366210938,94.44999694824219,3089700
2023-03-23,80.04286193847656,91.55000305175781,93.62999725341797,91.37000274658203,93.0,2764400
2023-03-24,82.50840759277344,94.37000274658203,94.41000366210938,91.6500015258789,91.66000366210938,3608700
2023-03-27,82.78819274902344,94.69000244140625,95.37000274658203,94.31999969482422,94.73999786376953,2718100
2023-03-28,82.84065246582031,94.75,95.81999969482422,94.33999633789062,94.58000183105469,3004000
2023-03-29,84.16960144042969,96.2699966430664,96.38999938964844,94.98999786376953,95.0,2348400
2023-03-30,84.07342529296875,96.16000366210938,97.11000061035156,95.69999694824219,96.44999694824219,2500300
2023-03-31,84.3444595336914,96.47000122070312,96.98999786376953,95.91999816894531,96.4000015258789,3205200
2023-04-03,83.13790130615234,95.08999633789062,96.69000244140625,94.48999786376953,95.11000061035156,6259100
2023-04-04,84.13463592529297,96.2300033569336,96.29000091552734,94.70999908447266,94.95999908447266,5001100
2023-04-05,86.41655731201172,98.83999633789062,99.29000091552734,96.7699966430664,97.0,4461100
2023-04-06,87.20343017578125,99.73999786376953,99.77999877929688,98.4000015258789,99.5,2879600
2023-04-10,86.67012023925781,99.12999725341797,99.41000366210938,98.05999755859375,99.2699966430664,2628500
2023-04-11,86.86246490478516,99.3499984741211,99.5999984741211,98.6500015258789,99.18000030517578,1804500
2023-04-12,86.91493225097656,99.41000366210938,100.02999877929688,98.97000122070312,99.76000213623047,1941600
2023-04-13,86.67884826660156,99.13999938964844,99.31999969482422,97.08999633789062,98.56999969482422,3211300
2023-04-14,85.36739349365234,97.63999938964844,98.30999755859375,97.33000183105469,98.12999725341797,3217700
2023-04-17,86.04061889648438,98.41000366210938,98.73999786376953,97.47000122070312,98.18000030517578,2214300
2023-04-18,85.16629791259766,97.41000366210938,98.47000122070312,97.2300033569336,98.1500015258789,1974200
2023-04-19,86.0318832397461,98.4000015258789,98.55000305175781,97.52999877929688,97.91000366210938,2125500
2023-04-20,85.87450408935547,98.22000122070312,98.83000183105469,97.75,98.76000213623047,1989400
2023-04-21,85.99689483642578,98.36000061035156,99.1500015258789,97.68000030517578,98.80000305175781,2186500
2023-04-24,86.46903228759766,98.9000015258789,99.27999877929688,97.55999755859375,98.5999984741211,2153100
2023-04-25,87.20343017578125,99.73999786376953,100.38999938964844,98.94999694824219,99.01000213623047,2770800
2023-04-26,85.98814392089844,98.3499984741211,99.66999816894531,98.12000274658203,99.0,2677700
2023-04-27,86.96737670898438,99.47000122070312,99.5,98.31999969482422,98.41000366210938,2285300
2023-04-28,86.45153045654297,98.87999725341797,99.83999633789062,98.18000030517578,99.27999877929688,1995000
2023-05-01,86.63513946533203,99.08999633789062,100.12999725341797,98.58999633789062,98.8499984741211,3231900
2023-05-02,85.33242797851562,97.5999984741211,99.20999908447266,97.2300033569336,99.0,2576200
2023-05-03,85.09636688232422,97.33000183105469,98.7300033569336,97.2300033569336,98.08999633789062,3174000
2023-05-04,85.7783203125,98.11000061035156,98.48999786376953,97.11000061035156,97.58000183105469,3067100
2023-05-05,86.87122344970703,99.36000061035156,99.41999816894531,97.73999786376953,98.13999938964844,2588900
2023-05-08,86.46903228759766,98.9000015258789,99.80999755859375,98.25,99.0999984741211,3099800
2023-05-09,85.72586822509766,98.05000305175781,98.37000274658203,97.16999816894531,97.72000122070312,4174800
2023-05-10,86.67884826660156,99.13999938964844,99.5,98.12999725341797,98.81999969482422,3008200
2023-05-11,85.96782684326172,97.33000183105469,98.33999633789062,96.91999816894531,98.0,1824300
2023-05-12,86.0738296508789,97.44999694824219,98.37000274658203,97.01000213623047,97.79000091552734,2216000
2023-05-15,85.0845718383789,96.33000183105469,97.8499984741211,96.08000183105469,97.6500015258789,2020400
2023-05-16,83.03540802001953,94.01000213623047,96.58999633789062,94.0,96.48999786376953,2209000
2023-05-17,82.16098022460938,93.0199966430664,94.51000213623047,92.5999984741211,94.19999694824219,2967400
2023-05-18,81.97550201416016,92.80999755859375,93.0199966430664,91.98999786376953,92.41000366210938,2775800
2023-05-19,81.71051788330078,92.51000213623047,93.7300033569336,92.51000213623047,93.26000213623047,2388500
2023-05-22,81.23355865478516,91.97000122070312,93.20999908447266,91.80000305175781,92.9000015258789,2725100
2023-05-23,80.1559829711914,90.75,92.37999725341797,90.5999984741211,91.55000305175781,3694200
2023-05-24,79.63485717773438,90.16000366210938,91.37999725341797,90.02999877929688,90.98999786376953,2820300
2023-05-25,78.51312255859375,88.88999938964844,90.01000213623047,88.2300033569336,90.0,3621600
2023-05-26,78.34529113769531,88.69999694824219,88.81999969482422,87.5199966430664,88.70999908447266,3065500
2023-05-30,77.73585510253906,88.01000213623047,89.45999908447266,87.88999938964844,88.80000305175781,3002600
2023-05-31,78.86641693115234,89.29000091552734,89.75,87.91000366210938,88.30000305175781,4150000
2023-06-01,77.83300018310547,88.12000274658203,89.70999908447266,87.66000366210938,89.69999694824219,3659200
2023-06-02,79.21089172363281,89.68000030517578,89.9000015258789,87.19999694824219,88.0,3835600
2023-06-05,79.63485717773438,90.16000366210938,91.02999877929688,89.70999908447266,90.0,2513200
2023-06-06,79.27271270751953,89.75,90.91999816894531,89.72000122070312,90.75,1970800
2023-06-07,80.88025665283203,91.56999969482422,91.76000213623047,89.20999908447266,89.83999633789062,2531900
2023-06-08,81.26005554199219,92.0,92.0199966430664,90.63999938964844,91.30000305175781,3156700
2023-06-09,80.83609008789062,91.5199966430664,92.16000366210938,91.33000183105469,92.0,2647600
2023-06-12,80.72126007080078,91.38999938964844,91.73999786376953,90.86000061035156,91.73999786376953,3131300
2023-06-13,80.1648178100586,90.76000213623047,91.0199966430664,89.9000015258789,90.25,3630600
2023-06-14,80.24431610107422,90.8499984741211,92.69000244140625,90.73999786376953,91.62000274658203,3433000
2023-06-15,80.98623657226562,91.69000244140625,91.94000244140625,90.87000274658203,91.3499984741211,3038500
2023-06-16,81.41902923583984,92.18000030517578,92.97000122070312,91.6500015258789,92.18000030517578,8693700
2023-06-20,80.3326416015625,90.94999694824219,92.23999786376953,90.91000366210938,92.0199966430664,2851900
2023-06-21,80.95091247558594,91.6500015258789,91.86000061035156,89.94000244140625,90.69000244140625,2435300
2023-06-22,80.28846740722656,90.9000015258789,92.26000213623047,90.38999938964844,92.16000366210938,2563800
2023-06-23,79.24622344970703,89.72000122070312,91.55000305175781,89.54000091552734,91.19999694824219,3800200
2023-06-26,80.23545837402344,90.83999633789062,91.05999755859375,89.3499984741211,90.05999755859375,2209100
2023-06-27,79.95282745361328,90.5199966430664,91.12000274658203,90.47000122070312,90.93000030517578,2283200
2023-06-28,78.69860076904297,89.0999984741211,90.48999786376953,88.9000015258789,90.44000244140625,2410500
2023-06-29,78.50426483154297,88.87999725341797,89.27999877929688,88.0999984741211,88.36000061035156,2538100
2023-06-30,79.26387786865234,89.73999786376953,89.87999725341797,88.6500015258789,89.01000213623047,2736200
2023-07-03,80.12948608398438,90.72000122070312,90.79000091552734,89.4800033569336,89.7300033569336,1181000
2023-07-05,80.91558074951172,91.61000061035156,92.44999694824219,90.0,90.05000305175781,3073800
2023-07-06,79.98815155029297,90.55999755859375,91.2300033569336,90.25,91.08000183105469,2101000
2023-07-07,79.29036712646484,89.7699966430664,90.56999969482422,89.69999694824219,90.0199966430664,2208500
2023-07-10,78.8045883178711,89.22000122070312,89.83999633789062,88.56999969482422,89.54000091552734,2312300
2023-07-11,80.27079772949219,90.87999725341797,90.94999694824219,89.48999786376953,89.93000030517578,3051100
2023-07-12,81.57803344726562,92.36000061035156,92.52999877929688,90.95999908447266,91.0999984741211,2566300
2023-07-13,82.4171142578125,93.30999755859375,93.30999755859375,91.81999969482422,92.3499984741211,2912100
2023-07-14,82.15216064453125,93.01000213623047,93.45999908447266,92.62999725341797,93.08999633789062,2833200
2023-07-17,81.06574249267578,91.77999877929688,92.87999725341797,91.75,92.76000213623047,1921300
2023-07-18,80.29729461669922,90.91000366210938,92.79000091552734,90.16999816894531,91.80999755859375,2279900
2023-07-19,80.95091247558594,91.6500015258789,92.62000274658203,91.19000244140625,91.22000122070312,1970400
2023-07-20,82.3199691772461,93.19999694824219,93.33999633789062,91.37999725341797,92.0,2428700
2023-07-21,83.71553039550781,94.77999877929688,94.98999786376953,93.16999816894531,93.54000091552734,2694300
2023-07-24,83.70667266845703,94.7699966430664,95.29000091552734,94.11000061035156,95.0,2248700
2023-07-25,84.16598510742188,95.29000091552734,95.47000122070312,94.11000061035156,94.55999755859375,2648500
2023-07-26,84.40444946289062,95.55999755859375,96.41000366210938,94.87999725341797,95.05999755859375,2196700
2023-07-27,83.41520690917969,94.44000244140625,95.73999786376953,94.01000213623047,95.13999938964844,2841800
2023-07-28,82.44361114501953,93.33999633789062,95.33000183105469,93.06999969482422,95.05000305175781,2567000
2023-07-31,82.6909408569336,93.62000274658203,94.16999816894531,92.94999694824219,93.73999786376953,2902800
2023-08-01,81.39253997802734,92.1500015258789,93.81999969482422,92.12999725341797,93.58000183105469,2422100
2023-08-02,81.72817993164062,92.52999877929688,93.12000274658203,91.87000274658203,92.0,2295000
2023-08-03,79.82034301757812,90.37000274658203,92.4800033569336,90.19999694824219,92.29000091552734,2880500
2023-08-04,79.01655578613281,89.45999908447266,91.55999755859375,88.91999816894531,90.7300033569336,3043500
2023-08-07,79.1932144165039,89.66000366210938,90.0999984741211,89.5199966430664,89.58000183105469,3604500
2023-08-08,81.3748779296875,92.12999725341797,92.19999694824219,89.23999786376953,90.27999877929688,5240800
2023-08-09,81.98432159423828,92.81999969482422,93.23999786376953,91.75,91.87000274658203,3219200
2023-08-10,82.06382751464844,92.91000366210938,93.98999786376953,92.69000244140625,93.33999633789062,3635500
2023-08-11,82.86758422851562,93.81999969482422,93.98999786376953,92.94000244140625,93.0,2428700
2023-08-14,81.95783996582031,92.79000091552734,93.87999725341797,92.47000122070312,93.87999725341797,2340400
2023-08-15,80.76541900634766,91.44000244140625,92.31999969482422,91.3499984741211,92.05999755859375,2669700
2023-08-16,80.99507141113281,91.69999694824219,92.33000183105469,91.31999969482422,91.69000244140625,2382100
2023-08-17,81.01741027832031,90.69999694824219,92.19000244140625,90.54000091552734,90.83999633789062,2578600
2023-08-18,81.46402740478516,91.19999694824219,91.44999694824219,90.41999816894531,90.51000213623047,2766400
2023-08-21,80.0616455078125,89.62999725341797,91.0999984741211,89.12999725341797,90.80000305175781,3910700
2023-08-22,80.0259017944336,89.58999633789062,89.87000274658203,89.05999755859375,89.62999725341797,2365900
2023-08-23,80.69583892822266,90.33999633789062,90.41000366210938,89.12999725341797,90.3499984741211,2231500
2023-08-24,80.38321685791016,89.98999786376953,91.36000061035156,89.86000061035156,90.13999938964844,2376000
2023-08-25,80.91022491455078,90.58000183105469,91.33999633789062,89.98999786376953,90.19999694824219,2374600
2023-08-28,80.41000366210938,90.0199966430664,91.16999816894531,90.0,90.58999633789062,2128800
2023-08-29,80.65117645263672,90.29000091552734,90.95999908447266,89.94999694824219,90.0,2279700
2023-08-30,80.34745788574219,89.94999694824219,90.83000183105469,89.47000122070312,90.01000213623047,2250900
2023-08-31,79.32024383544922,88.80000305175781,90.43000030517578,88.72000122070312,90.26000213623047,3139600
2023-09-01,78.54312133789062,87.93000030517578,89.62999725341797,87.5,89.25,3777700
2023-09-05,77.39977264404297,86.6500015258789,87.98999786376953,86.04000091552734,87.77999877929688,3155500
2023-09-06,78.15009307861328,87.48999786376953,87.61000061035156,86.16000366210938,86.91000366210938,3249700
2023-09-07,79.85619354248047,89.4000015258789,90.22000122070312,88.08000183105469,88.19999694824219,4765200
2023-09-08,81.30323028564453,91.0199966430664,91.16999816894531,89.27999877929688,89.56999969482422,3302700
2023-09-11,81.98211669921875,91.77999877929688,92.47000122070312,90.7300033569336,90.8499984741211,3992900
2023-09-12,82.28582763671875,92.12000274658203,92.66999816894531,90.9000015258789,91.91000366210938,3689300
2023-09-13,83.8579330444336,93.87999725341797,94.36000061035156,92.31999969482422,92.43000030517578,4383300
2023-09-14,85.26033020019531,95.44999694824219,95.70999908447266,94.36000061035156,94.6500015258789,4594400
2023-09-15,85.01914978027344,95.18000030517578,96.08000183105469,94.93000030517578,95.33999633789062,9702900
2023-09-18,84.82264709472656,94.95999908447266,95.45999908447266,94.16000366210938,95.25,3701700
2023-09-19,83.82218170166016,93.83999633789062,95.2300033569336,93.79000091552734,94.95999908447266,3291000
2023-09-20,84.29562377929688,94.37000274658203,95.41000366210938,93.76000213623047,94.27999877929688,2855800
2023-09-21,83.4381103515625,93.41000366210938,94.7300033569336,93.19999694824219,94.25,3129300
2023-09-22,83.36664581298828,93.33000183105469,93.83999633789062,92.69999694824219,93.01000213623047,1973000
2023-09-25,83.34877014160156,93.30999755859375,93.38999938964844,92.30999755859375,92.83000183105469,2376500
2023-09-26,81.392578125,91.12000274658203,93.05999755859375,90.75,93.0,3000600
2023-09-27,80.47252655029297,90.08999633789062,91.41000366210938,89.26000213623047,91.0999984741211,3715400
2023-09-28,79.21306610107422,88.68000030517578,90.61000061035156,88.47000122070312,90.61000061035156,4489700
2023-09-29,78.83788299560547,88.26000213623047,89.95999908447266,87.62999725341797,89.63999938964844,3900500
2023-10-02,76.31893920898438,85.44000244140625,87.98999786376953,84.13999938964844,87.73999786376953,6498300
2023-10-03,76.60478210449219,85.76000213623047,86.05999755859375,83.37999725341797,85.0,5606500
2023-10-04,76.92634582519531,86.12000274658203,86.41000366210938,84.87000274658203,85.76000213623047,3322900
2023-10-05,76.35467529296875,85.4800033569336,86.0199966430664,84.7300033569336,85.87999725341797,3716400
2023-10-06,77.64094543457031,86.91999816894531,87.04000091552734,83.05999755859375,84.33000183105469,3511900
2023-10-09,78.81109619140625,88.2300033569336,88.25,86.37999725341797,86.66999816894531,3008500
2023-10-10,79.4453125,88.94000244140625,89.01000213623047,87.86000061035156,88.25,2619500
2023-10-11,80.27600860595703,89.87000274658203,90.12000274658203,88.6500015258789,89.4000015258789,2658900
2023-10-12,78.6324462890625,88.02999877929688,90.02999877929688,87.19000244140625,89.52999877929688,3172500
2023-10-13,79.21306610107422,88.68000030517578,89.54000091552734,88.05000305175781,88.94000244140625,3277000
2023-10-16,79.90977478027344,89.45999908447266,89.86000061035156,88.41999816894531,89.0,2993500
2023-10-17,79.4631576538086,88.95999908447266,89.76000213623047,88.4800033569336,88.7699966430664,2911500
2023-10-18,78.77537536621094,88.19000244140625,89.41999816894531,87.62999725341797,88.97000122070312,2790100
2023-10-19,78.40912628173828,87.77999877929688,88.8499984741211,87.2699966430664,87.91999816894531,3134300
2023-10-20,77.73918914794922,87.02999877929688,88.86000061035156,87.01000213623047,87.51000213623047,3468400
2023-10-23,77.11392211914062,86.33000183105469,87.62000274658203,85.79000091552734,86.19999694824219,3172100
2023-10-24,78.39126586914062,87.76000213623047,88.26000213623047,86.83000183105469,87.11000061035156,3213100
2023-10-25,78.7396240234375,88.1500015258789,88.44000244140625,87.16999816894531,87.63999938964844,2652800
2023-10-26,79.67753601074219,89.19999694824219,89.75,88.22000122070312,88.44999694824219,3033500
2023-10-27,78.18582916259766,87.52999877929688,89.12000274658203,87.08999633789062,88.86000061035156,2764300
2023-10-30,78.51631927490234,87.9000015258789,88.66999816894531,87.05999755859375,87.83999633789062,2426900
2023-10-31,79.400634765625,88.88999938964844,88.93000030517578,87.91000366210938,88.3499984741211,3094500
2023-11-01,79.98123931884766,89.54000091552734,89.98999786376953,88.31999969482422,89.19999694824219,3944500
2023-11-02,80.29386901855469,89.88999938964844,90.5999984741211,88.98999786376953,89.5,4553000
2023-11-03,80.6422348022461,90.27999877929688,91.97000122070312,90.2300033569336,91.16000366210938,4022900
2023-11-06,80.14202880859375,89.72000122070312,90.58000183105469,89.47000122070312,90.18000030517578,3370700
2023-11-07,79.7490005493164,89.27999877929688,90.01000213623047,89.12000274658203,90.0,3054500
2023-11-08,78.92721557617188,88.36000061035156,88.97000122070312,87.16000366210938,88.77999877929688,3623800
2023-11-09,78.56991577148438,87.95999908447266,89.37000274658203,87.91000366210938,88.52999877929688,3441800
2023-11-10,78.8468246459961,88.2699966430664,88.68000030517578,87.7300033569336,88.47000122070312,2491100
2023-11-13,77.73027038574219,87.0199966430664,88.38999938964844,86.61000061035156,88.19000244140625,3396400
2023-11-14,80.2581558227539,89.8499984741211,89.9000015258789,88.5,88.62999725341797,5739200
2023-11-15,80.04375457763672,89.61000061035156,90.91999816894531,89.18000030517578,89.7699966430664,3175600
2023-11-16,81.4849853515625,90.18000030517578,90.58000183105469,89.3499984741211,89.3499984741211,3872300
2023-11-17,81.33136749267578,90.01000213623047,90.68000030517578,89.68000030517578,90.63999938964844,3340600
2023-11-20,80.68982696533203,89.30000305175781,90.04000091552734,88.2699966430664,89.5199966430664,3637300
2023-11-21,81.21390533447266,89.87999725341797,89.93000030517578,88.7300033569336,89.52999877929688,2483900
2023-11-22,81.64762115478516,90.36000061035156,90.44000244140625,89.5199966430664,90.0,2553200
2023-11-24,81.99097442626953,90.73999786376953,90.79000091552734,89.91999816894531,90.23999786376953,1472400
2023-11-27,82.16265869140625,90.93000030517578,91.12999725341797,90.16999816894531,90.86000061035156,2439400
2023-11-28,82.34337615966797,91.12999725341797,91.93000030517578,90.72000122070312,90.95999908447266,2774300
2023-11-29,81.96388244628906,90.70999908447266,91.69000244140625,90.36000061035156,91.22000122070312,2986800
2023-11-30,83.38249969482422,92.27999877929688,92.4000015258789,91.12000274658203,91.66000366210938,4959400
2023-12-01,83.7077865600586,92.63999938964844,92.6500015258789,91.55000305175781,92.19999694824219,4016400
2023-12-04,83.78910827636719,92.7300033569336,93.2300033569336,92.0199966430664,92.0199966430664,2796500
2023-12-05,83.55419158935547,92.47000122070312,92.97000122070312,91.9000015258789,92.86000061035156,2601200
2023-12-06,84.8824462890625,93.94000244140625,93.95999908447266,92.6500015258789,92.8499984741211,3260400
2023-12-07,85.352294921875,94.45999908447266,94.88999938964844,93.33000183105469,93.9000015258789,3813000
2023-12-08,85.2890625,94.38999938964844,94.73999786376953,93.80000305175781,94.44999694824219,3271700
2023-12-11,86.16553497314453,95.36000061035156,95.4000015258789,93.58999633789062,94.04000091552734,4989100
2023-12-12,86.13843536376953,95.33000183105469,95.5,94.12000274658203,95.48999786376953,3942700
2023-12-13,88.62327575683594,98.08000183105469,98.13999938964844,94.8499984741211,95.5,3970200
2023-12-14,88.83109283447266,98.30999755859375,99.4800033569336,97.98999786376953,98.76000213623047,6870800
2023-12-15,87.31307220458984,96.62999725341797,98.1500015258789,95.62000274658203,97.98999786376953,8742700
2023-12-18,87.80101013183594,97.16999816894531,98.33000183105469,96.75,97.19999694824219,4277100
2023-12-19,87.47572326660156,96.80999755859375,97.54000091552734,96.45999908447266,97.51000213623047,2711900
2023-12-20,86.45467376708984,95.68000030517578,97.2699966430664,95.55000305175781,96.63999938964844,3428500
2023-12-21,87.0691146850586,96.36000061035156,96.5,95.22000122070312,95.94000244140625,3072500
2023-12-22,87.5208969116211,96.86000061035156,97.63999938964844,96.31999969482422,96.83999633789062,1927500
2023-12-26,87.40345764160156,96.7300033569336,97.51000213623047,96.43000030517578,96.62000274658203,2228300
2023-12-27,87.01490020751953,96.30000305175781,96.77999877929688,96.0199966430664,96.4000015258789,1987600
2023-12-28,87.57511901855469,96.91999816894531,97.05999755859375,96.0,96.05999755859375,1912700
2023-12-29,87.68356323242188,97.04000091552734,97.2699966430664,96.3499984741211,96.63999938964844,2295300
2024-01-02,88.37930297851562,97.80999755859375,98.27999877929688,96.12999725341797,96.5199966430664,3352200
2024-01-03,89.25578308105469,98.77999877929688,98.88999938964844,97.5,97.93000030517578,3687400
2024-01-04,88.99374389648438,98.48999786376953,99.3499984741211,98.36000061035156,99.0,2423700
2024-01-05,89.03892517089844,98.54000091552734,98.75,97.56999969482422,98.48999786376953,2192100
2024-01-08,89.80696105957031,99.38999938964844,99.44000244140625,98.05999755859375,98.37999725341797,2453400
2024-01-09,89.53588104248047,99.08999633789062,99.38999938964844,98.5199966430664,98.75,2024900
2024-01-10,89.70756530761719,99.27999877929688,99.91999816894531,99.0999984741211,99.5,3076700
2024-01-11,87.78294372558594,97.1500015258789,99.01000213623047,96.83999633789062,99.01000213623047,3063500
2024-01-12,88.96662902832031,98.45999908447266,98.77999877929688,97.30000305175781,97.72000122070312,2791900
2024-01-16,88.57809448242188,98.02999877929688,98.94999694824219,97.55999755859375,97.86000061035156,3527100
2024-01-17,87.4937973022461,96.83000183105469,98.69000244140625,95.97000122070312,97.63999938964844,3272700
2024-01-18,86.61732482910156,95.86000061035156,96.58000183105469,95.36000061035156,96.56999969482422,2453700
2024-01-19,86.34624481201172,95.55999755859375,96.30000305175781,95.19999694824219,96.30000305175781,2965100
2024-01-22,85.89445495605469,95.05999755859375,96.29000091552734,94.69999694824219,95.5999984741211,2465500
2024-01-23,86.39142608642578,95.61000061035156,95.94000244140625,95.01000213623047,95.01000213623047,2903000
2024-01-24,85.42459869384766,94.54000091552734,96.13999938964844,94.1500015258789,96.04000091552734,3869800
2024-01-25,86.49986267089844,95.7300033569336,95.77999877929688,94.44000244140625,95.55000305175781,2460800
2024-01-26,86.62635803222656,95.87000274658203,96.30000305175781,95.23999786376953,95.62999725341797,3554100
2024-01-29,86.53599548339844,95.7699966430664,96.18000030517578,95.30999755859375,96.02999877929688,3149000
2024-01-30,86.31914520263672,95.52999877929688,96.12000274658203,94.7699966430664,95.69000244140625,3201200
2024-01-31,86.59022521972656,95.83000183105469,96.98999786376953,95.30000305175781,96.0999984741211,3678500
2024-02-01,88.3612289428711,97.79000091552734,97.8499984741211,94.75,95.3499984741211,2745900
2024-02-02,86.942626953125,96.22000122070312,97.0999984741211,95.51000213623047,96.8499984741211,2519400
2024-02-05,86.06613159179688,95.25,96.08000183105469,94.76000213623047,95.5,3142600
2024-02-06,85.89445495605469,95.05999755859375,95.41000366210938,94.75,95.08999633789062,2171800
2024-02-07,86.29202270507812,95.5,95.61000061035156,94.77999877929688,95.47000122070312,2470800
2024-02-08,83.71683502197266,92.6500015258789,95.19999694824219,91.47000122070312,94.73999786376953,5581100
2024-02-09,82.84938049316406,91.69000244140625,92.7300033569336,91.62999725341797,92.26000213623047,4642800
2024-02-12,83.71683502197266,92.6500015258789,92.8499984741211,91.16999816894531,91.55999755859375,3925900
2024-02-13,82.777099609375,91.61000061035156,92.93000030517578,90.30000305175781,92.61000061035156,3428000
2024-02-14,82.53312683105469,91.33999633789062,91.98999786376953,90.93000030517578,91.30000305175781,3062300
2024-02-15,84.40193176269531,92.36000061035156,92.41000366210938,90.52999877929688,90.7300033569336,2951900
2024-02-16,83.96329498291016,91.87999725341797,92.33999633789062,91.0999984741211,92.06999969482422,4120800
2024-02-20,84.01811981201172,91.94000244140625,92.77999877929688,91.51000213623047,92.0,2590700
2024-02-21,84.97765350341797,92.98999786376953,93.27999877929688,92.0199966430664,92.19999694824219,2781500
2024-02-22,84.19174194335938,92.12999725341797,92.58999633789062,91.30000305175781,92.29000091552734,4131500
2024-02-23,84.74005889892578,92.7300033569336,93.33000183105469,91.91999816894531,92.4000015258789,2494500
2024-02-26,82.83926391601562,90.6500015258789,92.56999969482422,90.5199966430664,92.47000122070312,3797700
2024-02-27,83.02204132080078,90.8499984741211,91.33000183105469,90.45999908447266,90.63999938964844,2962200
2024-02-28,82.9215087890625,90.73999786376953,91.25,90.43000030517578,90.75,3255400
2024-02-29,83.9176025390625,91.83000183105469,92.08000183105469,90.76000213623047,91.05999755859375,5245500
2024-03-01,83.03118896484375,90.86000061035156,91.87999725341797,90.08999633789062,91.75,3367600
2024-03-04,84.4567642211914,92.41999816894531,92.55999755859375,90.22000122070312,90.22000122070312,3724600
2024-03-05,84.70349884033203,92.69000244140625,94.2699966430664,92.33000183105469,92.77999877929688,3679300
2024-03-06,85.96459197998047,94.06999969482422,94.31999969482422,92.97000122070312,93.47000122070312,4229900
2024-03-07,86.33927154541016,94.4800033569336,95.12999725341797,94.2300033569336,94.91000366210938,2610600
2024-03-08,86.75963592529297,94.94000244140625,95.12000274658203,93.80000305175781,94.4800033569336,2266700
2024-03-11,87.58207702636719,95.83999633789062,95.88999938964844,94.5,94.81999969482422,1966900
2024-03-12,86.82359313964844,95.01000213623047,96.25,94.69000244140625,95.38999938964844,2878100
2024-03-13,87.2713851928711,95.5,96.30000305175781,95.41000366210938,95.5,3519200
2024-03-14,86.86015319824219,95.05000305175781,95.81999969482422,94.33999633789062,95.4000015258789,3540900
2024-03-15,86.5494384765625,94.70999908447266,95.66000366210938,94.36000061035156,94.36000061035156,6197000
2024-03-18,86.75963592529297,94.94000244140625,95.23999786376953,94.11000061035156,94.8499984741211,2736700
2024-03-19,86.9423828125,95.13999938964844,95.58999633789062,94.55000305175781,95.26000213623047,2492600
2024-03-20,87.18913269042969,95.41000366210938,95.72000122070312,94.58000183105469,95.0,2682200
2024-03-21,86.77790832519531,94.95999908447266,96.05000305175781,94.93000030517578,95.48999786376953,2744900
2024-03-22,86.45806884765625,94.61000061035156,95.7300033569336,94.55999755859375,95.55000305175781,2308600
2024-03-25,86.6682357788086,94.83999633789062,95.16000366210938,94.38999938964844,94.87999725341797,2016000
2024-03-26,85.59905242919922,93.66999816894531,95.06999969482422,93.56999969482422,94.80000305175781,2823100
2024-03-27,87.81053924560547,96.08999633789062,96.12999725341797,94.02999877929688,94.0999984741211,3166200
2024-03-28,88.37712097167969,96.70999908447266,96.8499984741211,95.7699966430664,96.13999938964844,2637600
2024-04-01,87.79226684570312,96.06999969482422,96.58999633789062,95.37999725341797,96.5,1859700
2024-04-02,88.22177124023438,96.54000091552734,97.36000061035156,95.45999908447266,96.13999938964844,2305600
2024-04-03,87.70088195800781,95.97000122070312,96.61000061035156,95.83999633789062,96.5,2278100
2024-04-04,87.83795166015625,96.12000274658203,96.87000274658203,95.19999694824219,96.73999786376953,2694700
2024-04-05,87.64605712890625,95.91000366210938,96.19999694824219,95.16000366210938,95.72000122070312,2525200
2024-04-08,88.01158142089844,96.30999755859375,96.55000305175781,95.54000091552734,95.62999725341797,2348500
2024-04-09,88.9345474243164,97.31999969482422,97.48999786376953,96.11000061035156,96.69999694824219,2460300
2024-04-10,87.18913269042969,95.41000366210938,96.08000183105469,94.51000213623047,95.70999908447266,2475500
2024-04-11,87.0794677734375,95.29000091552734,96.2300033569336,94.51000213623047,96.22000122070312,2116100
2024-04-12,86.72307586669922,94.9000015258789,95.91999816894531,94.62000274658203,95.63999938964844,2279800
2024-04-15,86.0194320678711,94.12999725341797,95.62999725341797,93.68000030517578,95.44999694824219,2623100
2024-04-16,84.86798858642578,92.87000274658203,94.0,92.75,94.0,2655500
2024-04-17,86.35753631591797,94.5,94.76000213623047,93.19999694824219,93.56999969482422,1768000
2024-04-18,87.6643295288086,95.93000030517578,96.02999877929688,94.20999908447266,94.91000366210938,2639200
2024-04-19,89.7752914428711,98.23999786376953,98.41000366210938,95.9800033569336,96.0999984741211,4212800
2024-04-22,89.6656265258789,98.12000274658203,98.5,97.69999694824219,98.12999725341797,2933000
2024-04-23,89.73873901367188,98.19999694824219,99.05000305175781,97.9000015258789,98.11000061035156,2148800
2024-04-24,90.4332504272461,98.95999908447266,99.19000244140625,96.68000030517578,97.51000213623047,2652700
2024-04-25,90.4972152709961,99.02999877929688,99.61000061035156,98.01000213623047,98.83999633789062,2540700
2024-04-26,89.29096221923828,97.70999908447266,99.22000122070312,97.62000274658203,99.0,1994800
2024-04-29,90.22307586669922,98.7300033569336,99.08000183105469,98.20999908447266,98.25,2043500
2024-04-30,89.79357147216797,98.26000213623047,98.94000244140625,97.6500015258789,98.29000091552734,2565900
2024-05-01,91.18258666992188,99.77999877929688,100.55999755859375,97.48999786376953,97.94999694824219,4860700
2024-05-02,90.75308227539062,99.30999755859375,100.08000183105469,98.58000183105469,100.0,2808100
2024-05-03,91.62124633789062,100.26000213623047,100.33999633789062,99.0999984741211,99.8499984741211,4338300
2024-05-06,91.76744842529297,100.41999816894531,100.73999786376953,99.8499984741211,100.48999786376953,3081700
2024-05-07,93.44890594482422,102.26000213623047,102.36000061035156,100.30000305175781,101.0,5229900
2024-05-08,93.55856323242188,102.37999725341797,102.63999938964844,101.66999816894531,102.43000030517578,3497900
2024-05-09,94.1434326171875,103.0199966430664,103.05000305175781,102.0,102.25,2996200
2024-05-10,93.82359313964844,102.66999816894531,103.63999938964844,102.5999984741211,103.48999786376953,2778700
2024-05-13,94.02462005615234,102.88999938964844,103.83000183105469,102.61000061035156,102.69999694824219,2185300
2024-05-14,93.4946060180664,102.30999755859375,103.26000213623047,102.2300033569336,103.16000366210938,2168200
2024-05-15,94.44499206542969,103.3499984741211,103.66000366210938,102.86000061035156,103.30000305175781,2636100
2024-05-16,94.92031860351562,102.83999633789062,103.25,102.30000305175781,102.30000305175781,4143300
2024-05-17,95.88946533203125,103.88999938964844,103.93000030517578,102.44000244140625,103.13999938964844,3694000
2024-05-20,95.67719268798828,103.66000366210938,103.93000030517578,103.33000183105469,103.93000030517578,2088800
2024-05-21,96.34172821044922,104.37999725341797,104.5999984741211,103.25,103.79000091552734,2753600
2024-05-22,95.47412872314453,103.44000244140625,104.37999725341797,103.13999938964844,103.9000015258789,3124900
2024-05-23,93.9511947631836,101.79000091552734,103.1500015258789,101.61000061035156,103.0,2529800
2024-05-24,94.30192565917969,102.16999816894531,102.5,101.66999816894531,102.0199966430664,1864500
2024-05-28,93.38816833496094,101.18000030517578,102.66999816894531,101.0999984741211,101.9000015258789,2472200
2024-05-29,92.68669128417969,100.41999816894531,100.86000061035156,100.02999877929688,100.52999877929688,2527900
2024-05-30,93.4989242553711,101.30000305175781,101.36000061035156,100.0199966430664,100.77999877929688,2423800
2024-05-31,95.5941162109375,103.56999969482422,103.63999938964844,101.44999694824219,101.62000274658203,4000800
2024-06-03,95.44644165039062,103.41000366210938,103.81999969482422,102.81999969482422,103.08999633789062,3429700
2024-06-04,96.54479217529297,104.5999984741211,104.87000274658203,103.05000305175781,103.25,4822700
2024-06-05,95.25260925292969,103.19999694824219,104.5999984741211,103.02999877929688,104.4000015258789,2228200
2024-06-06,94.93879699707031,102.86000061035156,103.81999969482422,102.5199966430664,103.04000091552734,1945300
2024-06-07,94.71727752685547,102.62000274658203,103.77999877929688,101.7300033569336,102.0,1886800
2024-06-10,94.62496948242188,102.5199966430664,102.9800033569336,101.91999816894531,102.5,1915500
2024-06-11,94.477294921875,102.36000061035156,102.66999816894531,101.29000091552734,102.01000213623047,2434400
2024-06-12,93.51738739013672,101.31999969482422,103.26000213623047,100.93000030517578,103.0,2397300
2024-06-13,93.46202087402344,101.26000213623047,101.80000305175781,100.44999694824219,101.29000091552734,1811200
2024-06-14,94.477294921875,102.36000061035156,102.38999938964844,100.66999816894531,100.88999938964844,2668000
2024-06-17,93.03743743896484,100.80000305175781,102.0999984741211,100.69000244140625,101.94999694824219,2953100
2024-06-18,92.32674407958984,100.02999877929688,101.13999938964844,99.69999694824219,100.7300033569336,2469400
2024-06-20,92.3913345336914,100.0999984741211,100.7300033569336,99.4000015258789,100.25,3084800
2024-06-21,92.15135955810547,99.83999633789062,101.05000305175781,99.55000305175781,100.29000091552734,4986000
2024-06-24,93.69275665283203,101.51000213623047,101.83999633789062,99.77999877929688,99.98999786376953,2026400
2024-06-25,92.48362731933594,100.19999694824219,101.45999908447266,99.95999908447266,101.23999786376953,2115600
2024-06-26,92.25288391113281,99.94999694824219,100.20999908447266,99.30000305175781,99.8499984741211,1958900
2024-06-27,92.84359741210938,100.58999633789062,100.88999938964844,99.75,100.0,2358000
2024-06-28,92.51133728027344,100.2300033569336,100.76000213623047,99.6500015258789,100.58999633789062,3898700
2024-07-01,91.69908905029297,99.3499984741211,101.26000213623047,99.29000091552734,100.7300033569336,2097600
2024-07-02,92.12367248535156,99.80999755859375,100.01000213623047,99.20999908447266,99.62999725341797,1856100
2024-07-03,92.15135955810547,99.83999633789062,101.06999969482422,99.54000091552734,99.72000122070312,1072700
2024-07-05,92.81591796875,100.55999755859375,100.97000122070312,99.55000305175781,100.0,1929800
2024-07-08,92.8897476196289,100.63999938964844,101.38999938964844,100.02999877929688,100.44000244140625,2535100
2024-07-09,93.1666488647461,100.94000244140625,101.4000015258789,100.30000305175781,100.58999633789062,3200600
2024-07-10,94.91109466552734,102.83000183105469,102.9000015258789,100.9000015258789,101.25,3128400
2024-07-11,96.41558074951172,104.45999908447266,104.88999938964844,102.66000366210938,103.05999755859375,3329800
2024-07-12,97.27396392822266,105.38999938964844,105.9000015258789,104.2699966430664,104.68000030517578,2715300
2024-07-15,97.20934295654297,105.31999969482422,105.38999938964844,104.0199966430664,104.69000244140625,2863400
2024-07-16,98.32616424560547,106.52999877929688,107.26000213623047,105.8499984741211,106.30999755859375,3057000
2024-07-17,99.23992156982422,107.5199966430664,108.44000244140625,105.6500015258789,107.06999969482422,3374700
2024-07-18,98.67692565917969,106.91000366210938,108.58999633789062,106.72000122070312,107.01000213623047,2638700
2024-07-19,98.6861343383789,106.91999816894531,107.61000061035156,106.30999755859375,107.58000183105469,2163200
2024-07-22,99.25839233398438,107.54000091552734,107.69999694824219,106.58000183105469,106.94000244140625,2373200
2024-07-23,98.87073516845703,107.12000274658203,107.9000015258789,107.0199966430664,107.4800033569336,1512000
2024-07-24,100.23675537109375,108.5999984741211,108.91999816894531,107.04000091552734,108.25,2875500
2024-07-25,99.27685546875,107.55999755859375,110.0199966430664,106.94999694824219,109.0,3165200
2024-07-26,99.71064758300781,108.02999877929688,108.4800033569336,107.41000366210938,107.80000305175781,2270500
2024-07-29,100.31060028076172,108.68000030517578,109.19999694824219,107.94000244140625,108.27999877929688,3445100
2024-07-30,101.43663787841797,109.9000015258789,110.02999877929688,107.9000015258789,108.12000274658203,2929800
2024-07-31,100.85514831542969,109.2699966430664,109.75,108.43000030517578,108.9000015258789,3946000
2024-08-01,103.92872619628906,112.5999984741211,112.70999908447266,109.2699966430664,109.7699966430664,3975500
2024-08-02,105.14705657958984,113.91999816894531,116.66999816894531,111.6500015258789,114.3499984741211,4606500
2024-08-05,102.46116638183594,111.01000213623047,114.9800033569336,111.01000213623047,114.11000061035156,4918700
2024-08-06,104.22408294677734,112.91999816894531,114.19999694824219,111.36000061035156,112.48999786376953,4289800
2024-08-07,104.76863861083984,113.51000213623047,114.77999877929688,112.62999725341797,113.22000122070312,4921300
2024-08-08,103.77180480957031,112.43000030517578,113.95999908447266,111.9000015258789,112.47000122070312,4716700
2024-08-09,103.99333190917969,112.66999816894531,112.95999908447266,111.12999725341797,112.94999694824219,2218700
2024-08-12,104.63941192626953,113.37000274658203,113.41999816894531,112.0999984741211,112.62999725341797,3058600
2024-08-13,104.96246337890625,113.72000122070312,113.94000244140625,112.7699966430664,113.3499984741211,2732900
2024-08-14,104.72248077392578,113.45999908447266,114.54000091552734,112.80999755859375,113.37999725341797,1979200
2024-08-15,104.39944458007812,113.11000061035156,113.2699966430664,112.4000015258789,112.93000030517578,2658200
2024-08-16,104.61836242675781,112.30000305175781,112.6500015258789,111.61000061035156,112.37999725341797,2642700
2024-08-19,105.00963592529297,112.72000122070312,113.18000030517578,112.25,112.27999877929688,1716200
2024-08-20,104.69290161132812,112.37999725341797,113.41000366210938,112.0999984741211,112.91000366210938,2822600
2024-08-21,105.01895904541016,112.7300033569336,113.16000366210938,112.26000213623047,112.37000274658203,2798600
2024-08-22,104.45067596435547,112.12000274658203,112.68000030517578,111.44999694824219,112.66000366210938,5459600
2024-08-23,104.67426300048828,112.36000061035156,113.0,111.9000015258789,112.25,2732500
2024-08-26,105.2798080444336,113.01000213623047,113.62999725341797,112.01000213623047,112.52999877929688,3038900
2024-08-27,104.2457275390625,111.9000015258789,113.08999633789062,111.77999877929688,112.7699966430664,2136500
2024-08-28,104.99099731445312,112.69999694824219,113.63999938964844,111.88999938964844,112.38999938964844,2429700
2024-08-29,105.26116943359375,112.98999786376953,113.06999969482422,111.8499984741211,112.69999694824219,2021900
2024-08-30,106.15548706054688,113.94999694824219,114.08000183105469,112.83999633789062,113.0,3022400
2024-09-03,107.86964416503906,115.79000091552734,116.41000366210938,113.91000366210938,114.0,3792500
2024-09-04,109.05277252197266,117.05999755859375,117.93000030517578,116.19000244140625,116.4800033569336,2795000
2024-09-05,108.85713958740234,116.8499984741211,118.11000061035156,116.31999969482422,117.7699966430664,2585900
2024-09-06,108.62422943115234,116.5999984741211,117.33000183105469,116.2300033569336,117.05000305175781,3482400
2024-09-09,109.14593505859375,117.16000366210938,117.25,115.94000244140625,116.93000030517578,2829800
2024-09-10,108.93165588378906,116.93000030517578,118.18000030517578,116.70999908447266,117.37000274658203,2594200
2024-09-11,108.25159454345703,116.19999694824219,116.48999786376953,115.33999633789062,116.37999725341797,3667400
2024-09-12,108.0373306274414,115.97000122070312,116.83000183105469,115.83999633789062,116.36000061035156,2390300
2024-09-13,109.2856674194336,117.30999755859375,117.4000015258789,115.73999786376953,116.23999786376953,2311000
2024-09-16,109.64897918701172,117.69999694824219,118.30999755859375,117.45999908447266,118.11000061035156,2212000
2024-09-17,108.74534606933594,116.7300033569336,117.7300033569336,116.31999969482422,117.55000305175781,2251500
2024-09-18,107.95349884033203,115.87999725341797,117.18000030517578,115.29000091552734,116.62999725341797,2265300
2024-09-19,107.26411437988281,115.13999938964844,115.54000091552734,113.94999694824219,115.08999633789062,3952300
2024-09-20,108.40998077392578,116.37000274658203,116.66999816894531,115.33999633789062,115.66000366210938,6277000
2024-09-23,109.2856674194336,117.30999755859375,117.47000122070312,116.45999908447266,116.86000061035156,2332400
2024-09-24,108.0466537475586,115.9800033569336,117.7699966430664,115.83999633789062,116.5,2925300
2024-09-25,108.26091003417969,116.20999908447266,116.76000213623047,115.37000274658203,116.5999984741211,3496700
2024-09-26,107.29204559326172,115.16999816894531,116.31999969482422,114.83999633789062,115.12000274658203,3425700
2024-09-27,108.0373306274414,115.97000122070312,116.33000183105469,114.83000183105469,115.5,3523000
2024-09-30,107.41315460205078,115.30000305175781,116.33999633789062,114.33999633789062,116.29000091552734,5539400
2024-10-01,108.27023315429688,116.22000122070312,116.45999908447266,114.91000366210938,115.44999694824219,3729700
2024-10-02,108.69877624511719,116.68000030517578,116.80999755859375,115.12999725341797,115.5,3360200
2024-10-03,107.84170532226562,115.76000213623047,117.08999633789062,115.4800033569336,116.9800033569336,3856600
2024-10-04,106.2486572265625,114.05000305175781,114.87000274658203,113.80999755859375,114.62999725341797,3512900
2024-10-07,102.68995666503906,110.2300033569336,113.79000091552734,110.12000274658203,113.79000091552734,5955000
2024-10-08,103.09986114501953,110.66999816894531,111.13999938964844,110.05000305175781,111.0,4810600
2024-10-09,103.70539093017578,111.31999969482422,111.62000274658203,110.30000305175781,110.80000305175781,3601500
2024-10-10,105.38228607177734,113.12000274658203,113.5,111.02999877929688,111.88999938964844,6301600
2024-10-11,106.36044311523438,114.16999816894531,114.33000183105469,113.12000274658203,113.4000015258789,3406700
2024-10-14,107.21751403808594,115.08999633789062,115.26000213623047,114.0999984741211,114.16999816894531,2807100
2024-10-15,109.10865020751953,117.12000274658203,118.06999969482422,115.69999694824219,116.5,2863200
2024-10-16,111.58672332763672,119.77999877929688,120.08999633789062,116.94999694824219,117.5999984741211,4776800
2024-10-17,112.33197784423828,120.58000183105469,120.80999755859375,119.4800033569336,119.77999877929688,4589900
2024-10-18,112.49968719482422,120.76000213623047,120.8499984741211,119.62000274658203,120.73999786376953,3562300
2024-10-21,111.68919372558594,119.88999938964844,121.25,119.66999816894531,121.05000305175781,2703200
2024-10-22,111.67987060546875,119.87999725341797,119.94000244140625,118.37999725341797,118.72000122070312,2877000
2024-10-23,112.32266998291016,120.56999969482422,120.61000061035156,119.37999725341797,119.79000091552734,2286400
2024-10-24,110.87869262695312,119.0199966430664,120.94999694824219,118.91999816894531,120.80000305175781,2283700
2024-10-25,109.1925048828125,117.20999908447266,119.52999877929688,117.20999908447266,119.48999786376953,2406300
2024-10-28,109.05277252197266,117.05999755859375,118.05999755859375,117.0199966430664,117.20999908447266,2214300
2024-10-29,106.58403778076172,114.41000366210938,116.3499984741211,114.37999725341797,116.0,3478800
2024-10-30,106.20207977294922,114.0,115.2699966430664,113.81999969482422,115.02999877929688,2480000
2024-10-31,107.38520050048828,115.2699966430664,115.81999969482422,113.88999938964844,113.98999786376953,3835800
2024-11-01,104.97237396240234,112.68000030517578,115.4000015258789,112.5999984741211,114.68000030517578,3713100
2024-11-04,104.82331085205078,112.5199966430664,113.12999725341797,112.06999969482422,112.68000030517578,3050100
2024-11-05,106.276611328125,114.08000183105469,114.16999816894531,112.05999755859375,112.58999633789062,2558500
2024-11-06,105.8573989868164,113.62999725341797,114.25,112.5199966430664,114.01000213623047,4236700
2024-11-07,103.48181915283203,111.08000183105469,113.20999908447266,110.30999755859375,112.63999938964844,5593500
2024-11-08,105.4847640991211,113.2300033569336,114.05000305175781,111.55999755859375,111.7699966430664,3788500
2024-11-11,104.76741027832031,112.45999908447266,114.16000366210938,112.38999938964844,112.63999938964844,3243400
2024-11-12,104.22710418701172,111.87999725341797,113.08000183105469,111.76000213623047,112.66000366210938,2876800
2024-11-13,103.69608306884766,111.30999755859375,112.80000305175781,110.66999816894531,112.5199966430664,2193000
2024-11-14,103.10918426513672,110.68000030517578,111.56999969482422,110.54000091552734,111.56999969482422,3685800
2024-11-15,105.4932861328125,112.16999816894531,112.25,109.4000015258789,109.47000122070312,3868000
2024-11-18,106.78173828125,113.54000091552734,113.68000030517578,111.66999816894531,111.98999786376953,5030800
2024-11-19,106.81936645507812,113.58000183105469,113.62999725341797,112.05000305175781,113.30000305175781,3862000
2024-11-20,106.9698257446289,113.73999786376953,113.94999694824219,113.0,113.44000244140625,2325500
2024-11-21,108.02317810058594,114.86000061035156,115.04000091552734,113.1500015258789,114.12999725341797,3095300
2024-11-22,107.87268829345703,114.69999694824219,116.0,114.61000061035156,115.5199966430664,2008700
2024-11-25,108.15483093261719,115.0,115.9000015258789,114.16999816894531,115.05000305175781,4163000
2024-11-26,110.07340240478516,117.04000091552734,117.0999984741211,115.08000183105469,115.38999938964844,2850500
2024-11-27,110.43077850341797,117.41999816894531,118.58000183105469,117.27999877929688,117.68000030517578,2221900
2024-11-29,110.08281707763672,117.05000305175781,117.72000122070312,116.87999725341797,117.19999694824219,1899500
2024-12-02,108.32411193847656,115.18000030517578,117.29000091552734,114.80999755859375,117.05000305175781,3429900
2024-12-03,106.87578582763672,113.63999938964844,116.20999908447266,113.62999725341797,115.80000305175781,2440600
2024-12-04,106.5372085571289,113.27999877929688,113.75,112.72000122070312,113.44999694824219,2218900
2024-12-05,107.22377014160156,114.01000213623047,114.4000015258789,113.0,113.20999908447266,2178700
2024-12-06,105.42745971679688,112.0999984741211,114.3499984741211,111.94999694824219,113.83999633789062,2808800
2024-12-09,105.20174407958984,111.86000061035156,112.5999984741211,111.27999877929688,111.70999908447266,2573900
2024-12-10,104.49638366699219,111.11000061035156,111.94000244140625,110.31999969482422,111.94000244140625,2941300
2024-12-11,103.06685638427734,109.58999633789062,110.98999786376953,109.18000030517578,110.80000305175781,3820800
2024-12-12,102.66246032714844,109.16000366210938,110.31999969482422,108.7699966430664,110.20999908447266,3087600
2024-12-13,102.34268951416016,108.81999969482422,110.0,108.7300033569336,109.66000366210938,5141200
2024-12-16,101.04483032226562,107.44000244140625,109.20999908447266,107.18000030517578,108.73999786376953,5673900
2024-12-17,101.46804809570312,107.88999938964844,108.19999694824219,106.52999877929688,106.94999694824219,2784900
2024-12-18,99.46483612060547,105.76000213623047,107.91000366210938,105.62999725341797,107.37999725341797,4713900
2024-12-19,100.70626068115234,107.08000183105469,108.23999786376953,105.73999786376953,105.87999725341797,4237600
2024-12-20,101.83482360839844,108.27999877929688,108.69000244140625,106.72000122070312,107.16000366210938,6044500
2024-12-23,102.09815979003906,108.55999755859375,108.63999938964844,107.16000366210938,108.11000061035156,2757400
2024-12-24,102.48377227783203,108.97000122070312,109.02999877929688,108.11000061035156,108.38999938964844,991900
2024-12-26,101.863037109375,108.30999755859375,108.94999694824219,107.87000274658203,108.68000030517578,2914600
2024-12-27,101.89125061035156,108.33999633789062,109.0,107.5,107.5999984741211,2127200
2024-12-30,101.29876708984375,107.70999908447266,108.12999725341797,107.05000305175781,108.0,2217200
2024-12-31,101.32697296142578,107.73999786376953,108.12000274658203,107.18000030517578,107.87999725341797,2987400
2025-01-02,101.40220642089844,107.81999969482422,108.87999725341797,107.44000244140625,108.4800033569336,2865500
2025-01-03,101.36458587646484,107.77999877929688,108.66999816894531,107.6500015258789,108.06999969482422,2299300
2025-01-06,100.03852844238281,106.37000274658203,107.41999816894531,105.9000015258789,107.3499984741211,4358500
2025-01-07,100.45233154296875,106.80999755859375,107.8499984741211,106.30000305175781,106.68000030517578,2976400
2025-01-08,101.7878189086914,108.2300033569336,108.44999694824219,106.48999786376953,106.55999755859375,3209300
2025-01-10,99.56828308105469,105.87000274658203,108.58999633789062,105.44000244140625,107.47000122070312,2998100
2025-01-13,99.82221221923828,106.13999938964844,106.55999755859375,105.19999694824219,106.47000122070312,2387900
2025-01-14,100.48995208740234,106.8499984741211,106.87999725341797,105.61000061035156,106.16000366210938,2866200
2025-01-15,100.11376190185547,106.44999694824219,108.0999984741211,106.3499984741211,108.0999984741211,3791800
2025-01-16,102.56839752197266,109.05999755859375,109.08000183105469,105.9000015258789,106.0999984741211,2899100
2025-01-17,102.7564926147461,109.26000213623047,109.9000015258789,108.44999694824219,108.7300033569336,2928400
2025-01-21,104.17662048339844,110.7699966430664,111.3499984741211,109.30000305175781,110.0,3144100
2025-01-22,102.34268951416016,108.81999969482422,110.62000274658203,108.62999725341797,110.55000305175781,4276900
2025-01-23,102.83173370361328,109.33999633789062,109.73999786376953,108.68000030517578,109.30000305175781,2612500
2025-01-24,103.32079315185547,109.86000061035156,110.25,108.73999786376953,108.8499984741211,2695300
2025-01-27,105.91651916503906,112.62000274658203,112.76000213623047,109.43000030517578,111.0,3585100
2025-01-28,104.6844711303711,111.30999755859375,112.69999694824219,111.27999877929688,112.37999725341797,3664600
2025-01-29,104.03556060791016,110.62000274658203,112.20999908447266,110.54000091552734,111.4800033569336,2744200
2025-01-30,105.57794189453125,112.26000213623047,112.4000015258789,110.80999755859375,112.0199966430664,2204800
2025-01-31,105.32398986816406,111.98999786376953,112.44999694824219,111.37999725341797,112.26000213623047,3537800
2025-02-03,106.46196746826172,113.19999694824219,113.45999908447266,111.19999694824219,111.9800033569336,4830200
2025-02-04,105.73780822753906,112.43000030517578,112.83000183105469,111.31999969482422,112.63999938964844,2087900
2025-02-05,107.08269500732422,113.86000061035156,114.20999908447266,112.44999694824219,113.13999938964844,4858600
2025-02-06,107.70339965820312,114.5199966430664,114.91000366210938,113.36000061035156,114.02999877929688,2593300
2025-02-07,108.14543151855469,114.98999786376953,115.69999694824219,113.91999816894531,114.18000030517578,3476900
2025-02-10,108.7191162109375,115.5999984741211,115.62000274658203,113.66000366210938,114.98999786376953,2606700
2025-02-11,109.74424743652344,116.69000244140625,116.80999755859375,113.9800033569336,115.41999816894531,2404700
2025-02-12,109.44330596923828,116.37000274658203,116.4800033569336,114.33999633789062,114.73999786376953,4149900
2025-02-13,107.16732788085938,113.94999694824219,115.66000366210938,112.87999725341797,115.30000305175781,5658500
2025-02-14,105.92864990234375,111.5999984741211,113.94999694824219,111.52999877929688,113.2699966430664,3581600
2025-02-18,105.2547378540039,110.88999938964844,112.2300033569336,110.51000213623047,111.5,4726600
2025-02-19,106.10900115966797,111.79000091552734,112.11000061035156,110.94999694824219,111.31999969482422,3860600
2025-02-20,107.40937805175781,113.16000366210938,113.26000213623047,111.04000091552734,111.51000213623047,3159500
2025-02-21,109.67791748046875,115.55000305175781,115.95999908447266,112.55999755859375,112.69000244140625,4424000
2025-02-24,110.02911376953125,115.91999816894531,116.97000122070312,114.79000091552734,115.9000015258789,2731300
2025-02-25,111.32950592041016,117.29000091552734,117.70999908447266,116.01000213623047,116.41999816894531,3111900
2025-02-26,110.39930725097656,116.30999755859375,117.13999938964844,115.80000305175781,116.91000366210938,3021500
2025-02-27,110.00064086914062,115.88999938964844,116.79000091552734,115.0,115.62000274658203,3239100
2025-02-28,111.51933288574219,117.48999786376953,117.9800033569336,115.80000305175781,117.0999984741211,5403200
2025-03-03,112.63937377929688,118.66999816894531,118.72000122070312,116.66000366210938,117.31999969482422,4264900
2025-03-04,110.49422454833984,116.41000366210938,119.68000030517578,116.37000274658203,119.2699966430664,3888700
2025-03-05,109.37419128417969,115.2300033569336,116.91000366210938,115.05000305175781,115.61000061035156,3491300
2025-03-06,109.0040054321289,114.83999633789062,115.68000030517578,113.80999755859375,115.5,3756100
2025-03-07,110.80744934082031,116.73999786376953,116.94000244140625,114.31999969482422,114.80999755859375,3479200
2025-03-10,112.47801208496094,118.5,119.26000213623047,116.91000366210938,116.94999694824219,5022400
2025-03-11,111.71865844726562,117.69999694824219,119.51000213623047,117.19999694824219,118.27999877929688,6297500
2025-03-12,110.71253204345703,116.63999938964844,117.30000305175781,115.6500015258789,116.72000122070312,4668300
2025-03-13,112.20274353027344,118.20999908447266,118.33999633789062,116.37000274658203,116.94999694824219,5370300
2025-03-14,114.01567840576172,120.12000274658203,120.4000015258789,117.54000091552734,118.16000366210938,5709900
2025-03-17,114.67061614990234,120.80999755859375,121.47000122070312,119.05000305175781,119.66000366210938,7126500
2025-03-18,114.62316131591797,120.76000213623047,121.06999969482422,119.69000244140625,119.83000183105469,4384800
2025-03-19,113.2468490600586,119.30999755859375,120.87999725341797,118.66999816894531,120.51000213623047,4220600
2025-03-20,114.05365753173828,120.16000366210938,120.26000213623047,119.11000061035156,119.58999633789062,4343900
2025-03-21,113.0475082397461,119.0999984741211,120.91000366210938,118.37999725341797,119.9800033569336,5850300
2025-03-24,112.14579772949219,118.1500015258789,119.80999755859375,118.01000213623047,118.83999633789062,3904700
2025-03-25,110.18099212646484,116.08000183105469,118.2300033569336,114.91999816894531,118.0999984741211,5551600
2025-03-26,111.15865325927734,117.11000061035156,117.33000183105469,116.08000183105469,116.30000305175781,3095900
2025-03-27,111.67120361328125,117.6500015258789,118.2300033569336,117.11000061035156,117.87000274658203,2833500
2025-03-28,113.34176635742188,119.41000366210938,119.95999908447266,117.63999938964844,118.68000030517578,3941400
2025-03-31,115.77166748046875,121.97000122070312,122.5,120.16999816894531,120.30000305175781,6465600
2025-04-01,114.91740417480469,121.06999969482422,122.04000091552734,120.58999633789062,122.04000091552734,2934100
2025-04-02,114.27195739746094,120.38999938964844,121.38999938964844,119.9000015258789,121.05999755859375,2541700
2025-04-03,117.74596405029297,124.05000305175781,124.66999816894531,121.62999725341797,123.0,7427100
2025-04-04,112.88614654541016,118.93000030517578,125.2699966430664,117.86000061035156,125.0,8332600
2025-04-07,110.92134857177734,116.86000061035156,120.31999969482422,115.70999908447266,117.72000122070312,7214800
2025-04-08,110.05758666992188,115.94999694824219,118.36000061035156,114.69999694824219,118.16999816894531,4976200
2025-04-09,110.39930725097656,116.30999755859375,117.83999633789062,112.06999969482422,114.75,7414700
2025-04-10,110.90235900878906,116.83999633789062,118.0,114.62000274658203,116.30999755859375,6360400
2025-04-11,112.8956527709961,118.94000244140625,119.33000183105469,115.5199966430664,116.87999725341797,6054400
2025-04-14,114.4712905883789,120.5999984741211,121.19000244140625,118.06999969482422,118.69000244140625,3226200
2025-04-15,114.36687469482422,120.48999786376953,121.75,120.33999633789062,121.06999969482422,2340900
2025-04-16,114.23399353027344,120.3499984741211,121.9800033569336,120.06999969482422,121.48999786376953,2506800
2025-04-17,115.61031341552734,121.80000305175781,123.55000305175781,120.5,120.94000244140625,3409800
2025-04-21,114.06314086914062,120.16999816894531,121.94999694824219,118.98999786376953,121.58000183105469,3076200
2025-04-22,116.30320739746094,122.52999877929688,122.88999938964844,120.5,121.37999725341797,3522600
2025-04-23,115.24961853027344,121.41999816894531,122.12000274658203,120.04000091552734,121.20999908447266,4036000
2025-04-24,114.56620025634766,120.69999694824219,121.5199966430664,120.16999816894531,121.1500015258789,3199000
2025-04-25,113.7593994140625,119.8499984741211,121.2699966430664,119.41999816894531,120.7699966430664,2717200
2025-04-28,114.53773498535156,120.66999816894531,120.87999725341797,119.18000030517578,119.98999786376953,2119800
2025-04-29,115.515380859375,121.69999694824219,121.91000366210938,119.37000274658203,120.29000091552734,2323600
2025-04-30,115.81912994384766,122.0199966430664,122.4000015258789,120.66000366210938,122.3499984741211,2999000
2025-05-01,115.1641845703125,121.33000183105469,122.37000274658203,120.68000030517578,121.80000305175781,2609900
2025-05-02,115.40148162841797,121.58000183105469,122.0,120.54000091552734,121.37000274658203,2720100
2025-05-05,114.61366271972656,120.75,122.16000366210938,120.23999786376953,122.12000274658203,3875200
2025-05-06,116.69237518310547,122.94000244140625,124.16999816894531,121.5199966430664,122.01000213623047,3959100
2025-05-07,116.3696517944336,122.5999984741211,123.37000274658203,121.66999816894531,122.55000305175781,3466700
2025-05-08,113.90177917480469,120.0,122.44000244140625,119.81999969482422,122.0199966430664,3571300
2025-05-09,114.21501922607422,120.33000183105469,120.48999786376953,119.37000274658203,120.23999786376953,3036900
2025-05-12,109.96268463134766,115.8499984741211,120.31999969482422,115.44999694824219,119.01000213623047,5661200
2025-05-13,107.3239517211914,113.06999969482422,116.04000091552734,113.05000305175781,115.9800033569336,7359400
2025-05-14,106.74494934082031,112.45999908447266,113.19000244140625,111.22000122070312,113.06999969482422,4203200
2025-05-15,110.04811096191406,115.94000244140625,116.08000183105469,113.37000274658203,113.56999969482422,4177700
2025-05-16,111.35552215576172,116.26000213623047,116.30000305175781,114.58999633789062,115.05999755859375,2966700
2025-05-19,112.05471801757812,116.98999786376953,117.12000274658203,115.75,116.05999755859375,2773000
2025-05-20,112.36122131347656,117.30999755859375,117.83000183105469,116.5,116.68000030517578,4459300
2025-05-21,111.5279312133789,116.44000244140625,117.6500015258789,116.05999755859375,117.30000305175781,2769900
2025-05-22,110.69463348388672,115.56999969482422,116.69000244140625,114.79000091552734,116.5999984741211,4702600
2025-05-23,111.57582092285156,116.48999786376953,116.97000122070312,114.86000061035156,116.72000122070312,2683700
2025-05-27,111.470458984375,116.37999725341797,116.91000366210938,116.0,116.87999725341797,3742300
2025-05-28,109.62187194824219,114.44999694824219,116.2699966430664,113.97000122070312,116.0,2797700
2025-05-29,110.5796890258789,115.44999694824219,115.58999633789062,113.38999938964844,113.9000015258789,2292800
2025-05-30,112.75393676757812,117.72000122070312,117.87999725341797,114.83000183105469,115.44999694824219,8078800
2025-06-02,112.28460693359375,117.2300033569336,117.66999816894531,116.33000183105469,117.01000213623047,2820300
2025-06-03,111.80570220947266,116.7300033569336,117.5999984741211,115.51000213623047,117.33999633789062,2609600
2025-06-04,111.08733367919922,115.9800033569336,117.68000030517578,115.62000274658203,116.79000091552734,3288300
2025-06-05,110.85745239257812,115.73999786376953,116.30999755859375,115.33999633789062,116.30999755859375,2443000
2025-06-06,110.36897277832031,115.2300033569336,116.0999984741211,114.76000213623047,115.58000183105469,2094600
2025-06-09,110.59884643554688,115.47000122070312,116.4000015258789,114.4000015258789,114.70999908447266,2407400
2025-06-10,111.42257690429688,116.33000183105469,116.58999633789062,114.8499984741211,115.58999633789062,2095400
2025-06-11,111.44172668457031,116.3499984741211,116.58999633789062,115.86000061035156,116.27999877929688,1929700
2025-06-12,112.33248901367188,117.27999877929688,117.58999633789062,116.44000244140625,116.77999877929688,2432200
2025-06-13,111.93021392822266,116.86000061035156,118.33999633789062,116.54000091552734,117.5,2789500
2025-06-16,110.53179931640625,115.4000015258789,117.69999694824219,114.83000183105469,117.25,3276000
2025-06-17,109.94754028320312,114.79000091552734,115.68000030517578,113.66000366210938,115.62000274658203,2344100
2025-06-18,109.74639892578125,114.58000183105469,114.94000244140625,114.02999877929688,114.9000015258789,2937900
2025-06-20,110.53179931640625,115.4000015258789,116.1500015258789,114.68000030517578,114.86000061035156,6203100
2025-06-23,112.03556823730469,116.97000122070312,117.29000091552734,115.77999877929688,115.94000244140625,2440500
2025-06-24,112.01640319824219,116.94999694824219,117.55000305175781,116.0,116.72000122070312,2477800
2025-06-25,111.05859375,115.94999694824219,117.95999908447266,115.80000305175781,117.95999908447266,2966300
2025-06-26,111.345947265625,116.25,116.7699966430664,115.3499984741211,116.0199966430664,3143600
2025-06-27,111.9876708984375,116.91999816894531,117.80000305175781,116.0999984741211,116.1500015258789,3578700
2025-06-30,113.02212524414062,118.0,118.05999755859375,116.30000305175781,116.62000274658203,3486700
2025-07-01,113.85540771484375,118.87000274658203,119.33000183105469,117.0,118.68000030517578,3498600
2025-07-02,112.12177276611328,117.05999755859375,118.41999816894531,116.06999969482422,118.08999633789062,2834200
2025-07-03,112.36122131347656,117.30999755859375,117.87999725341797,116.47000122070312,117.0,1953900
2025-07-07,112.34207916259766,117.29000091552734,117.41999816894531,116.58000183105469,117.19999694824219,2050600
2025-07-08,111.4034194946289,116.30999755859375,116.77999877929688,115.4000015258789,116.54000091552734,3135100
2025-07-09,112.22712707519531,117.16999816894531,117.4000015258789,115.54000091552734,116.30999755859375,2102800
2025-07-10,113.18494415283203,118.16999816894531,118.38999938964844,116.25,116.5999984741211,2072700
2025-07-11,112.50489807128906,117.45999908447266,117.8499984741211,116.58999633789062,117.7300033569336,2098900
2025-07-14,112.95507049560547,117.93000030517578,118.5999984741211,116.7300033569336,117.44999694824219,2684800
2025-07-15,112.16008758544922,117.0999984741211,117.83999633789062,115.94000244140625,117.52999877929688,2431500
2025-07-16,112.82097625732422,117.79000091552734,118.12000274658203,116.75,116.98999786376953,2160600
2025-07-17,112.50489807128906,117.45999908447266,118.08000183105469,117.0,117.27999877929688,2430900
2025-07-18,113.42440795898438,118.41999816894531,119.08999633789062,117.25,117.33999633789062,2475600
2025-07-21,114.7749252319336,119.83000183105469,120.27999877929688,118.44999694824219,118.44999694824219,2232100
2025-07-22,115.636962890625,120.7300033569336,121.97000122070312,119.9000015258789,120.12000274658203,3194700
2025-07-23,114.46842193603516,119.51000213623047,120.83000183105469,118.9000015258789,120.81999969482422,3309500
2025-07-24,114.69829559326172,119.75,120.0999984741211,119.20999908447266,119.51000213623047,2133200
2025-07-25,114.8707046508789,119.93000030517578,120.38999938964844,119.58999633789062,119.68000030517578,2317100
2025-07-28,112.63899230957031,117.5999984741211,119.91000366210938,117.44999694824219,119.62999725341797,2930100
2025-07-29,114.44925689697266,119.48999786376953,119.52999877929688,117.69000244140625,118.0199966430664,2848000
2025-07-30,115.39750671386719,120.4800033569336,121.48999786376953,119.25,119.5,3432300
2025-07-31,116.5085678100586,121.63999938964844,121.77999877929688,119.5,120.02999877929688,5490800
2025-08-01,117.7249984741211,122.91000366210938,123.38999938964844,121.68000030517578,122.23999786376953,4642700
2025-08-04,118.93183898925781,124.16999816894531,124.51000213623047,122.69999694824219,123.02999877929688,4066000
2025-08-05,118.76901245117188,124.0,127.8499984741211,123.97000122070312,126.97000122070312,6746900
2025-08-06,119.92796325683594,125.20999908447266,126.41000366210938,124.0,124.6500015258789,3813100
2025-08-07,120.61759185791016,125.93000030517578,126.33999633789062,124.69999694824219,124.72000122070312,2832100
2025-08-08,120.03331756591797,125.31999969482422,126.52999877929688,125.18000030517578,125.9800033569336,2643800
2025-08-11,120.26319122314453,125.55999755859375,125.95999908447266,124.91000366210938,125.69000244140625,2244500
2025-08-12,119.21918487548828,124.47000122070312,125.58000183105469,123.36000061035156,125.4000015258789,3826300
2025-08-13,120.40687561035156,125.70999908447266,125.76000213623047,123.94999694824219,124.38999938964844,3009200
2025-08-14,119.01805114746094,124.26000213623047,125.69999694824219,124.0,125.69999694824219,3410300
2025-08-15,118.29830169677734,122.44999694824219,123.69999694824219,121.93000030517578,123.5199966430664,4024700
2025-08-18,117.34186553955078,121.45999908447266,123.0,121.33000183105469,123.0,3224700
2025-08-19,119.58319854736328,123.77999877929688,123.81999969482422,121.37999725341797,121.63999938964844,2908400
2025-08-20,120.25946807861328,124.4800033569336,125.94999694824219,124.18000030517578,124.5,3455700
2025-08-21,119.93099975585938,124.13999938964844,124.91999816894531,123.94000244140625,124.31999969482422,2084700
2025-08-22,120.12421417236328,124.33999633789062,125.25,123.33000183105469,124.79000091552734,2182900
2025-08-25,118.93592071533203,123.11000061035156,124.22000122070312,122.87000274658203,123.94999694824219,2454300
2025-08-26,119.10015106201172,123.27999877929688,123.54000091552734,122.0999984741211,123.0,3102000
2025-08-27,119.48658752441406,123.68000030517578,123.8499984741211,122.76000213623047,123.61000061035156,2560800
2025-08-28,118.22100830078125,122.37000274658203,123.61000061035156,122.25,123.30000305175781,2496500
2025-08-29,118.33692932128906,122.48999786376953,123.19000244140625,122.11000061035156,122.4000015258789,2151200
2025-09-02,117.75728607177734,121.88999938964844,122.7699966430664,121.37000274658203,122.45999908447266,2449100
2025-09-03,117.38050842285156,121.5,121.88999938964844,120.62000274658203,121.30000305175781,2152100
2025-09-04,116.77186584472656,120.87000274658203,122.44999694824219,120.37999725341797,122.19999694824219,3069700
2025-09-05,116.52068328857422,120.61000061035156,121.4800033569336,120.04000091552734,121.30999755859375,1980700
2025-09-08,116.0956039428711,120.16999816894531,120.83000183105469,119.76000213623047,120.4000015258789,3069000
2025-09-09,116.29847717285156,120.37999725341797,121.02999877929688,119.9000015258789,120.25,2182800
2025-09-10,117.23558807373047,121.3499984741211,121.45999908447266,120.19999694824219,120.41000366210938,2104400
2025-09-11,117.9698257446289,122.11000061035156,122.2300033569336,120.97000122070312,121.36000061035156,2178000
2025-09-12,117.81525421142578,121.94999694824219,122.9000015258789,121.87000274658203,122.08000183105469,2136400
2025-09-15,118.22100830078125,122.37000274658203,122.6500015258789,121.62000274658203,121.6500015258789,2202600
2025-09-16,116.17288970947266,120.25,122.83000183105469,120.19999694824219,122.62999725341797,4158400
2025-09-17,116.99407196044922,121.0999984741211,121.5,120.2699966430664,120.73999786376953,2437700
2025-09-18,116.30813598632812,120.38999938964844,121.12000274658203,119.69000244140625,120.02999877929688,2541100
2025-09-19,116.97474670410156,121.08000183105469,121.6500015258789,120.0,120.76000213623047,4842000
2025-09-22,117.45779418945312,121.58000183105469,122.01000213623047,120.7300033569336,121.20999908447266,2062000
2025-09-23,118.92625427246094,123.0999984741211,123.23999786376953,120.97000122070312,121.45999908447266,2123700
2025-09-24,119.44795227050781,123.63999938964844,123.94999694824219,122.94999694824219,123.0,2173100
2025-09-25,118.1727066040039,122.31999969482422,124.30000305175781,122.2699966430664,124.11000061035156,2285600
2025-09-26,118.84896850585938,123.0199966430664,123.44999694824219,122.04000091552734,122.13999938964844,2644400
2025-09-29,118.63642883300781,122.80000305175781,123.08000183105469,121.31999969482422,123.05000305175781,4210000
2025-09-30,119.5542221069336,123.75,123.93000030517578,122.62000274658203,122.9800033569336,3719800
2025-10-01,118.2403335571289,122.38999938964844,123.81999969482422,122.31999969482422,123.55999755859375,2489200
2025-10-02,117.44812774658203,121.56999969482422,122.08000183105469,120.94000244140625,121.5,3098800
2025-10-03,119.3513412475586,123.54000091552734,123.83000183105469,122.0,122.11000061035156,2761900
2025-10-06,120.16285705566406,124.37999725341797,124.45999908447266,122.77999877929688,123.43000030517578,2289000
2025-10-07,121.30284881591797,125.55999755859375,125.94999694824219,124.33999633789062,124.8499984741211,2723300
2025-10-08,120.98404693603516,125.2300033569336,126.31999969482422,124.4000015258789,126.26000213623047,2423000
2025-10-09,120.4816665649414,124.70999908447266,126.08999633789062,124.61000061035156,125.9000015258789,1500800
2025-10-10,122.71334838867188,127.0199966430664,127.2699966430664,125.0199966430664,125.29000091552734,2955400
2025-10-13,121.81488037109375,126.08999633789062,126.94999694824219,125.69000244140625,126.20999908447266,2136200
2025-10-14,123.4862289428711,127.81999969482422,128.49000549316406,126.29000091552734,126.91000366210938,2712900
2025-10-15,124.30740356445312,128.6699981689453,128.99000549316406,127.06999969482422,128.17999267578125,3023200
2025-10-16,123.0804672241211,127.4000015258789,129.50999450683594,127.4000015258789,128.83999633789062,2785200
2025-10-17,124.17214965820312,128.52999877929688,128.64999389648438,127.12000274658203,128.1699981689453,3120800
2025-10-20,124.56824493408203,128.94000244140625,129.1999969482422,127.69000244140625,129.0,3759300
2025-10-21,123.97893524169922,128.3300018310547,129.5,127.26000213623047,129.5,2628800
2025-10-22,124.65519714355469,129.02999877929688,130.02999877929688,127.48999786376953,128.5500030517578,3143000
2025-10-23,122.9452133178711,127.26000213623047,129.86000061035156,127.16999816894531,129.86000061035156,2531000
2025-10-24,123.05147552490234,127.37000274658203,128.44000244140625,126.9800033569336,127.30000305175781,2175000
2025-10-27,123.16741180419922,127.48999786376953,127.58000183105469,126.26000213623047,127.0,2308300
2025-10-28,121.3897933959961,125.6500015258789,127.3499984741211,125.37999725341797,126.86000061035156,3159200
2025-10-29,120.07591247558594,124.29000091552734,126.06999969482422,123.81999969482422,125.6500015258789,3686400
2025-10-30,120.9647216796875,125.20999908447266,125.87999725341797,124.37999725341797,124.5199966430664,2666400
2025-10-31,120.0855712890625,124.30000305175781,124.93000030517578,123.75,124.33999633789062,2961900
2025-11-03,119.4769287109375,123.66999816894531,124.0,122.2699966430664,123.87000274658203,3365700
2025-11-04,119.63151550292969,123.83000183105469,124.51000213623047,123.48999786376953,124.33999633789062,3169800
2025-11-05,119.57353973388672,123.7699966430664,124.4800033569336,123.16999816894531,123.79000091552734,3822300
2025-11-06,119.79574584960938,124.0,124.86000061035156,123.4000015258789,123.5999984741211,4674700
2025-11-07,119.46727752685547,123.66000366210938,125.72000122070312,122.41000366210938,124.0999984741211,5456800
2025-11-10,118.76202392578125,122.93000030517578,123.68000030517578,121.83999633789062,123.05000305175781,4442000
2025-11-11,119.4769287109375,123.66999816894531,124.22000122070312,122.30999755859375,123.12999725341797,3101600
2025-11-12,119.69913482666016,123.9000015258789,124.29000091552734,123.43000030517578,123.66000366210938,3238900
2025-11-13,119.3996353149414,123.58999633789062,124.58999633789062,123.0999984741211,123.76000213623047,3277900
2025-11-14,119.57992553710938,122.70999908447266,124.19999694824219,122.25,123.33000183105469,3878200
2025-11-17,121.98693084716797,125.18000030517578,125.20999908447266,122.86000061035156,123.33000183105469,3879900
2025-11-18,120.64212799072266,123.80000305175781,125.93000030517578,123.79000091552734,125.6500015258789,3774300
2025-11-19,119.11217498779297,122.2300033569336,123.87999725341797,121.44999694824219,123.87999725341797,3411000
2025-11-20,119.41426849365234,122.54000091552734,122.9800033569336,121.86000061035156,122.27999877929688,2639200
2025-11-21,119.66763305664062,122.80000305175781,123.38999938964844,121.91000366210938,122.94000244140625,4407000
2025-11-24,118.97573852539062,122.08999633789062,123.41000366210938,121.4000015258789,123.06999969482422,3442700
2025-11-25,118.81981658935547,121.93000030517578,122.9800033569336,121.58999633789062,122.26000213623047,2835100
2025-11-26,120.28157043457031,123.43000030517578,123.5999984741211,121.94999694824219,122.41000366210938,3374400
2025-11-28,120.77855682373047,123.94000244140625,124.12999725341797,123.04000091552734,123.1500015258789,1439800
2025-12-01,117.669921875,120.75,123.45999908447266,120.66999816894531,123.20999908447266,4050600
2025-12-02,116.636962890625,119.69000244140625,121.13999938964844,119.37000274658203,121.0999984741211,3554400
2025-12-03,115.59425354003906,118.62000274658203,120.55999755859375,118.37000274658203,119.87000274658203,3328400
2025-12-04,114.9608383178711,117.97000122070312,119.44000244140625,117.83999633789062,118.37999725341797,3151000
2025-12-05,113.54782104492188,116.5199966430664,118.18000030517578,116.4000015258789,117.83999633789062,3983100
2025-12-08,112.2809829711914,115.22000122070312,116.41999816894531,114.12999725341797,116.19999694824219,5217200
2025-12-09,112.30046844482422,115.23999786376953,116.20999908447266,115.05000305175781,115.80000305175781,2929700
2025-12-10,111.09210205078125,114.0,115.4000015258789,113.9000015258789,115.27999877929688,3366400
2025-12-11,111.47215270996094,114.38999938964844,115.5,113.98999786376953,114.55999755859375,2992300
2025-12-12,112.35894012451172,115.30000305175781,115.3499984741211,114.4000015258789,114.5,2955700
2025-12-15,113.7524642944336,116.7300033569336,116.94999694824219,115.41000366210938,115.80999755859375,3797200
2025-12-16,112.64154052734375,115.58999633789062,117.22000122070312,115.23999786376953,116.9800033569336,3222300
2025-12-17,114.43460845947266,117.43000030517578,117.91000366210938,115.4000015258789,115.47000122070312,4436700
2025-12-18,114.55155181884766,117.55000305175781,117.80999755859375,116.6500015258789,117.33999633789062,4611000
2025-12-19,112.6123046875,115.55999755859375,117.48999786376953,115.55000305175781,117.43000030517578,6898600
2025-12-22,113.33343505859375,116.30000305175781,116.45999908447266,115.0,115.30000305175781,2477200
2025-12-23,113.8109359741211,116.79000091552734,117.19000244140625,116.12000274658203,116.37000274658203,3627800
2025-12-24,114.48332977294922,117.4800033569336,117.51000213623047,116.81999969482422,117.19000244140625,1060600
2025-12-26,114.19098663330078,117.18000030517578,117.80000305175781,116.7699966430664,117.16000366210938,1440300
2025-12-29,114.52230834960938,117.5199966430664,118.02999877929688,117.08000183105469,117.30000305175781,2489100
2025-12-30,114.67823791503906,117.68000030517578,117.94000244140625,117.25,117.58999633789062,1834800
2025-12-31,114.22021484375,117.20999908447266,117.80999755859375,117.0999984741211,117.69999694824219,1973900
2026-01-02,114.4443588256836,117.44000244140625,118.06999969482422,116.37999725341797,117.18000030517578,2619600
2026-01-05,113.8304214477539,116.80999755859375,117.0,115.0999984741211,117.0,4310300
2026-01-06,114.73670196533203,117.73999786376953,117.91000366210938,116.4000015258789,116.76000213623047,3303700
2026-01-07,113.22624969482422,116.19000244140625,118.30000305175781,115.94999694824219,118.12000274658203,3227800
2026-01-08,114.3274154663086,117.31999969482422,118.5999984741211,116.19000244140625,116.51000213623047,3214100
2026-01-09,113.82068634033203,116.80000305175781,118.26000213623047,116.76000213623047,117.38999938964844,2884800
2026-01-12,113.73297882080078,116.70999908447266,117.48999786376953,116.2699966430664,116.7699966430664,3007800
2026-01-13,114.39562225341797,117.38999938964844,117.55999755859375,115.9800033569336,116.4800033569336,3284100
2026-01-14,115.65272521972656,118.68000030517578,119.29000091552734,117.3499984741211,117.56999969482422,4554900
2026-01-15,115.86711883544922,118.9000015258789,119.41000366210938,118.44999694824219,118.62999725341797,3716400
2026-01-16,116.178955078125,119.22000122070312,119.4000015258789,117.86000061035156,118.5,4499800
2026-01-20,116.50054168701172,119.55000305175781,119.6500015258789,118.0999984741211,119.06999969482422,4595000
2026-01-21,116.32512664794922,119.37000274658203,120.83999633789062,118.45999908447266,120.19000244140625,4751700
2026-01-22,114.70746612548828,117.70999908447266,119.51000213623047,117.62000274658203,119.1500015258789,3807200
2026-01-23,114.43460845947266,117.43000030517578,117.94000244140625,116.25,117.88999938964844,4491000
2026-01-26,115.75016784667969,118.77999877929688,119.69999694824219,118.01000213623047,118.16000366210938,3955600
2026-01-27,117.22166442871094,120.29000091552734,120.31999969482422,118.19999694824219,118.77999877929688,4812900
2026-01-28,117.17293548583984,120.23999786376953,121.0999984741211,119.5999984741211,120.19999694824219,4463400
2026-01-29,117.80635070800781,120.88999938964844,121.73999786376953,120.29000091552734,120.37999725341797,4298400
2026-01-30,118.25460815429688,121.3499984741211,121.43000030517578,120.0999984741211,120.72000122070312,5603000
2026-02-02,116.44206237792969,119.48999786376953,122.0,119.04000091552734,121.45999908447266,4273000
2026-02-03,118.56645202636719,121.66999816894531,121.9000015258789,119.4800033569336,119.4800033569336,4169300
2026-02-04,119.09268188476562,122.20999908447266,123.3499984741211,121.61000061035156,122.44000244140625,5679700
2026-02-05,120.26206970214844,123.41000366210938,124.05000305175781,122.43000030517578,123.02999877929688,4224100
2026-02-06,118.75161743164062,121.86000061035156,124.27999877929688,121.33999633789062,124.0,4412100
2026-02-09,118.61518096923828,121.72000122070312,122.05999755859375,120.77999877929688,121.48999786376953,4288500
2026-02-10,120.4862060546875,123.63999938964844,124.37000274658203,120.45999908447266,122.19999694824219,6608700
2026-02-11,122.00640869140625,125.19999694824219,125.4000015258789,122.91999816894531,124.2699966430664,5980300
2026-02-12,122.89319610595703,126.11000061035156,128.08999633789062,125.30999755859375,125.4000015258789,7095000
2026-02-13,125.99390411376953,128.1999969482422,128.25999450683594,124.9800033569336,125.11000061035156,5569400
2026-02-17,124.52955627441406,126.70999908447266,129.0,126.16999816894531,128.5,4252700
2026-02-18,123.08484649658203,125.23999786376953,126.9000015258789,124.77999877929688,126.9000015258789,4111700
2026-02-19,124.19540405273438,126.37000274658203,126.76000213623047,125.30000305175781,125.63999938964844,5483600
2026-02-20,124.59834289550781,126.77999877929688,127.30999755859375,125.08000183105469,127.18000030517578,5039300
2026-02-23,125.59097290039062,127.79000091552734,128.61000061035156,126.80999755859375,126.83000183105469,4891100
2026-02-24,126.24944305419922,128.4600067138672,128.57000732421875,126.5199966430664,127.86000061035156,4231900
2026-02-25,126.71134185791016,128.92999267578125,129.1699981689453,126.27999877929688,128.0800018310547,3853900
2026-02-26,127.00618743896484,129.22999572753906,129.8000030517578,128.24000549316406,129.27000427246094,3737800
2026-02-27,128.5983123779297,130.85000610351562,131.57000732421875,129.3000030517578,129.8699951171875,4691400
2026-03-02,129.36488342285156,131.6300048828125,132.1999969482422,130.5500030517578,131.0,5034200
2026-03-03,129.16831970214844,131.42999267578125,132.3000030517578,128.49000549316406,130.85000610351562,3579600
2026-03-04,129.610595703125,131.8800048828125,132.66000366210938,130.55999755859375,131.5,3702400
2026-03-05,129.34524536132812,131.61000061035156,131.72999572753906,129.52999877929688,131.00999450683594,4860500
2026-03-06,130.2199249267578,132.5,132.6300048828125,130.22999572753906,131.39999389648438,5041000
2026-03-09,128.82435607910156,131.0800018310547,132.47999572753906,130.5399932861328,131.86000061035156,7057200
2026-03-10,127.45828247070312,129.69000244140625,130.69000244140625,128.5500030517578,129.5,8176600
2026-03-11,127.79242706298828,130.02999877929688,130.5,129.16000366210938,129.5,4249500
2026-03-12,129.5516357421875,131.82000732421875,133.1999969482422,129.9600067138672,130.0,5842300
2026-03-13,130.8587188720703,133.14999389648438,134.1199951171875,132.49000549316406,132.49000549316406,4710200
2026-03-16,131.1634063720703,133.4600067138672,134.27000427246094,133.0500030517578,133.85000610351562,4974000
2026-03-17,130.66217041015625,132.9499969482422,134.49000549316406,132.7899932861328,134.27999877929688,3948800
2026-03-18,128.50003051757812,130.75,132.63999938964844,130.6999969482422,132.30999755859375,3454700
2026-03-19,127.5074234008789,129.74000549316406,131.41000366210938,128.8800048828125,130.75,5543100
2026-03-20,124.6278305053711,126.80999755859375,130.5399932861328,126.7699966430664,130.42999267578125,7644800
2026-03-23,125.1487045288086,127.33999633789062,128.1199951171875,126.94999694824219,127.91999816894531,4320600
2026-03-24,125.18801879882812,127.37999725341797,129.08999633789062,126.8499984741211,126.9800033569336,4423400
2026-03-25,125.95460510253906,128.16000366210938,129.0,127.18000030517578,128.1999969482422,3369100
2026-03-26,127.15361785888672,129.3800048828125,129.8800048828125,127.9000015258789,128.3300018310547,3182300
2026-03-27,127.75311279296875,129.99000549316406,131.2100067138672,129.02000427246094,129.5500030517578,4797600
2026-03-30,129.44351196289062,131.7100067138672,132.7100067138672,131.07000732421875,131.4499969482422,3968800
2026-03-31,128.686767578125,130.94000244140625,132.66000366210938,129.75,132.66000366210938,5376100
2026-04-01,128.64744567871094,130.89999389648438,131.8699951171875,129.86000061035156,130.42999267578125,4314900
2026-04-02,129.94473266601562,132.22000122070312,133.02999877929688,130.89999389648438,131.89999389648438,3720600
2026-04-06,129.148681640625,131.41000366210938,132.6999969482422,131.0,131.6300048828125,2819800
2026-04-07,129.5516357421875,131.82000732421875,132.8800048828125,131.14999389648438,131.5,2563300
2026-04-08,129.3354034423828,131.60000610351562,131.66000366210938,129.4600067138672,130.32000732421875,3716800
2026-04-09,130.7113037109375,133.0,134.1300048828125,131.27999877929688,131.27999877929688,3118700
2026-04-10,129.5221405029297,131.7899932861328,133.52000427246094,131.7899932861328,132.41000366210938,2758800
2026-04-13,128.1560516357422,130.39999389648438,132.1199951171875,129.75,131.8300018310547,3580000
2026-04-14,127.54672241210938,129.77999877929688,130.10000610351562,128.3800048828125,129.85000610351562,2506200
2026-04-15,125.77769470214844,127.9800033569336,129.25,127.93000030517578,129.25,3294800
2026-04-16,126.41651916503906,128.6300048828125,129.00999450683594,127.12000274658203,127.7300033569336,2712700
2026-04-17,125.82683563232422,128.02999877929688,128.1999969482422,125.93000030517578,127.51000213623047,3461600
2026-04-20,125.65975952148438,127.86000061035156,129.17999267578125,127.58000183105469,128.1300048828125,2710600
2026-04-21,123.5074462890625,125.66999816894531,128.50999450683594,125.63999938964844,128.47000122070312,2842800
2026-04-22,123.09467315673828,125.25,127.26000213623047,124.9000015258789,126.75,3053000
2026-04-23,125.83665466308594,128.0399932861328,128.32000732421875,126.0,126.4000015258789,2624800
2026-04-24,125.07991790771484,127.2699966430664,128.25,126.7699966430664,127.79000091552734,2399700
2026-04-27,124.90300750732422,127.08999633789062,128.33999633789062,126.86000061035156,127.66000366210938,2322600
2026-04-28,125.60079956054688,127.80000305175781,128.60000610351562,127.0999984741211,128.47000122070312,2167000
2026-04-29,124.33299255371094,126.51000213623047,127.94000244140625,126.3499984741211,127.30999755859375,2322100
2026-04-30,127.3206787109375,129.5500030517578,129.83999633789062,126.11000061035156,127.02999877929688,3799600
2026-05-01,126.38703155517578,128.60000610351562,130.6999969482422,128.58999633789062,129.44000244140625,2578900
2026-05-04,125.25682067871094,127.44999694824219,129.0,126.75,128.0,3365800
2026-05-05,125.38458251953125,127.58000183105469,129.2899932861328,127.55999755859375,128.89999389648438,3994000
2026-05-06,123.37968444824219,125.54000091552734,127.48999786376953,125.0,127.04000091552734,5947000
2026-05-07,122.72122192382812,124.87000274658203,125.0999984741211,124.05000305175781,125.0,3296400
2026-05-08,122.03326416015625,124.16999816894531,125.69000244140625,123.43000030517578,125.04000091552734,2585800
2026-05-11,122.75070190429688,124.9000015258789,125.36000061035156,124.37999725341797,124.52999877929688,2256300
2026-05-12,122.91777038574219,125.06999969482422,125.83000183105469,123.8499984741211,125.0,3337900
2026-05-13,121.76790618896484,123.9000015258789,124.52999877929688,122.83999633789062,123.98999786376953,3404400
2026-05-14,122.17085266113281,124.30999755859375,124.4000015258789,123.41000366210938,123.9000015258789,2483100
2026-05-15,119.8958511352539,120.94999694824219,123.26000213623047,120.9000015258789,122.94999694824219,3832100
2026-05-18,121.76937866210938,122.83999633789062,122.94999694824219,121.19999694824219,121.80000305175781,2865500
2026-05-19,123.4743881225586,124.55999755859375,124.66000366210938,122.51000213623047,122.80999755859375,4381600
2026-05-20,122.73092651367188,123.80999755859375,125.19999694824219,123.66999816894531,124.69999694824219,3988800
2026-05-21,123.57352447509766,124.66000366210938,124.80999755859375,123.25,123.68000030517578,2205900
2026-05-22,124.57471466064453,125.66999816894531,125.88999938964844,124.22000122070312,124.44999694824219,2446300
2026-05-26,123.88081359863281,124.97000122070312,125.80999755859375,124.94999694824219,125.69999694824219,2877000
2026-05-27,124.25749969482422,125.3499984741211,125.6500015258789,124.12000274658203,124.5199966430664,3128900
2026-05-28,122.68136596679688,123.76000213623047,125.94999694824219,123.6500015258789,125.16000366210938,3047800
2026-05-29,121.66033935546875,122.7300033569336,124.41999816894531,122.29000091552734,123.95999908447266,3903100
2026-06-01,118.8450927734375,119.88999938964844,122.16000366210938,119.79000091552734,121.41999816894531,3215700
2026-06-02,120.03462982177734,121.08999633789062,121.23999786376953,119.76000213623047,120.05999755859375,3445100
2026-06-03,119.98506927490234,121.04000091552734,123.47000122070312,121.0,121.33999633789062,3499900
2026-06-04,120.75827026367188,121.81999969482422,122.72000122070312,120.0999984741211,121.58000183105469,3481900
2026-06-05,123.1373519897461,124.22000122070312,125.30000305175781,122.2699966430664,122.5,3362900
2026-06-08,120.98626708984375,122.05000305175781,124.55999755859375,121.9000015258789,123.87000274658203,3058800
2026-06-09,122.74083709716797,123.81999969482422,124.9000015258789,121.61000061035156,122.38999938964844,3009400
2026-06-10,123.95020294189453,125.04000091552734,125.61000061035156,123.44999694824219,124.98999786376953,2883100
2026-06-11,123.10761260986328,124.19000244140625,126.25,124.08000183105469,125.54000091552734,3286600
2026-06-12,123.88081359863281,124.97000122070312,125.48999786376953,124.2300033569336,124.69000244140625,2451300
2026-06-15,124.1881103515625,125.27999877929688,126.0199966430664,123.05999755859375,124.0,4018800
2026-06-16,124.96131134033203,126.05999755859375,126.97000122070312,125.0,125.0199966430664,3559300
2026-06-17,122.65162658691406,123.7300033569336,125.80999755859375,123.01000213623047,125.19999694824219,3266500
2026-06-18,122.78048706054688,123.86000061035156,125.25,122.83000183105469,123.0,8866200
2026-06-22,122.44345092773438,123.5199966430664,124.72000122070312,123.3499984741211,123.4800033569336,3802800
2026-06-23,123.96012115478516,125.05000305175781,125.58000183105469,123.44999694824219,124.75,3674000
2026-06-24,125.42721557617188,126.52999877929688,126.54000091552734,124.7300033569336,125.86000061035156,4420100
2026-06-25,126.00216674804688,127.11000061035156,128.16000366210938,125.72000122070312,126.69000244140625,3985100
2026-06-26,127.28091430664062,128.39999389648438,128.47999572753906,127.5,127.8499984741211,4450300
2026-06-29,127.21153259277344,128.3300018310547,128.64999389648438,127.5999984741211,128.27000427246094,2818600
2026-06-30,125.4767837524414,126.58000183105469,127.93000030517578,126.38999938964844,127.6500015258789,3882100
2026-07-01,124.67383575439453,125.7699966430664,126.80999755859375,125.23999786376953,126.58000183105469,4257900
2026-07-02,128.47047424316406,129.60000610351562,129.66000366210938,126.30000305175781,126.5,5123300
2026-07-06,124.87210083007812,125.97000122070312,129.44000244140625,125.77999877929688,129.1699981689453,5757600
2026-07-07,127.10249328613281,128.22000122070312,130.3699951171875,126.91999816894531,127.44999694824219,3416100
2026-07-08,125.68495178222656,126.79000091552734,128.72000122070312,126.54000091552734,128.25,2570100
2026-07-09,124.16828918457031,125.26000213623047,127.19999694824219,124.77999877929688,126.5199966430664,3807500
2026-07-10,124.3863754272461,125.4800033569336,126.16000366210938,124.69000244140625,125.16000366210938,2801200
2026-07-13,125.75434112548828,126.86000061035156,127.27999877929688,125.5,125.5999984741211,2362000
2026-07-14,125.26861572265625,126.37000274658203,127.7300033569336,125.87999725341797,127.18000030517578,2391500
2026-07-15,123.25630187988281,124.33999633789062,126.76000213623047,124.0999984741211,126.20999908447266,3482200
2026-07-16,125.01087951660156,126.11000061035156,126.26000213623047,124.3499984741211,124.69999694824219,3518500
2026-07-17,123.92047119140625,125.01000213623047,129.25999450683594,124.66000366210938,127.95999908447266,4890200
2026-07-20,124.75314331054688,125.8499984741211,127.5199966430664,125.01000213623047,125.91000366210938,4309300
2026-07-21,124.81262969970703,125.91000366210938,125.91999816894531,124.62000274658203,125.0999984741211,4113000
2026-07-22,126.8348388671875,127.94999694824219,127.9800033569336,126.44999694824219,127.13999938964844,3410100
2026-07-23,128.1334228515625,129.25999450683594,129.7100067138672,127.55999755859375,128.85000610351562,3459800
2026-07-24,129.3824462890625,130.52000427246094,131.0,129.25999450683594,129.33999633789062,2856500
2026-07-27,127.7071762084961,128.8300018310547,130.8699951171875,128.63999938964844,129.75,2971200
2026-07-28,128.1136016845703,129.24000549316406,132.64999389648438,129.22000122070312,129.82000732421875,3641600
2026-07-29,127.95499420166016,129.0800018310547,130.2899932861328,128.36000061035156,129.75,3668300
2026-07-30,125.16947937011719,126.2699966430664,129.3000030517578,125.23999786376953,129.16000366210938,4743800
2026-07-31,124.33680725097656,125.43000030517578,126.37999725341797,124.62999725341797,125.6500015258789,4313200
2026-08-03,123.19683074951172,124.27999877929688,126.01000213623047,123.5,125.0,5075600
2026-08-04,123.1869125366211,124.2699966430664,124.87000274658203,121.80000305175781,123.51000213623047,5683300
2026-08-05,122.2650146484375,123.33999633789062,124.3499984741211,122.37000274658203,124.3499984741211,6787900
2026-08-06,122.82014465332031,123.9000015258789,125.11000061035156,122.58999633789062,124.94000244140625,5060500
2026-08-07,123.76185607910156,124.8499984741211,125.4000015258789,122.33999633789062,123.0,4309600
2026-08-10,120.1337661743164,121.19000244140625,124.0,120.7300033569336,124.0,11795800
2026-08-11,122.1163330078125,123.19000244140625,123.33999633789062,120.87000274658203,121.25,7042800
2026-08-12,122.41371154785156,123.48999786376953,123.73999786376953,122.5,122.70999908447266,3440900
2026-08-13,123.40499877929688,124.48999786376953,124.66000366210938,123.62000274658203,123.7699966430664,3336800
2026-08-14,123.91999816894531,123.91999816894531,124.43000030517578,123.01000213623047,123.18000030517578,4124800
2026-08-17,123.58000183105469,123.58000183105469,124.05000305175781,122.86000061035156,123.25,2896400
2026-08-18,123.98999786376953,123.98999786376953,125.66000366210938,123.91000366210938,124.95999908447266,5411500
2026-08-19,123.5999984741211,123.5999984741211,125.11000061035156,123.0,124.7300033569336,3525900
2026-08-20,122.69000244140625,122.69000244140625,124.27999877929688,122.66000366210938,123.25,3729200
2026-08-21,119.8499984741211,119.8499984741211,123.04000091552734,119.73999786376953,122.83999633789062,4844700
2026-08-24,121.97000122070312,121.97000122070312,122.20999908447266,119.98999786376953,120.19999694824219,3356300
2026-08-25,121.58999633789062,121.58999633789062,122.19999694824219,121.16000366210938,121.69999694824219,2766600
2026-08-26,121.88999938964844,121.88999938964844,122.56999969482422,121.58999633789062,121.5999984741211,2744100
2026-08-27,120.83999633789062,120.83999633789062,121.18000030517578,120.0999984741211,120.80000305175781,3208700
2026-08-28,120.25,120.25,121.58999633789062,119.72000122070312,121.41000366210938,2703000
2026-08-31,119.91000366210938,119.91000366210938,120.5199966430664,119.04000091552734,119.5999984741211,4283100
2026-09-01,120.38999938964844,120.38999938964844,121.25,119.76000213623047,120.4800033569336,3174700
2026-09-02,120.55999755859375,120.55999755859375,121.05999755859375,119.22000122070312,120.22000122070312,3419100
2026-09-03,121.4000015258789,121.4000015258789,121.9800033569336,120.76000213623047,120.80999755859375,3357200
2026-09-04,120.22000122070312,120.22000122070312,121.43000030517578,119.97000122070312,120.73999786376953,3208500
2026-09-08,121.23999786376953,121.23999786376953,121.62000274658203,120.0,120.20999908447266,3462300
2026-09-09,120.43000030517578,120.43000030517578,121.56999969482422,119.69000244140625,121.56999969482422,4079700
2026-09-10,119.33000183105469,119.33000183105469,121.26000213623047,119.2699966430664,120.9800033569336,923375
