Price,Adj Close,Close,High,Low,Open,Volume
Ticker,EMR,EMR,EMR,EMR,EMR,EMR
Date,,,,,,
2021-09-10,90.66358184814453,100.08999633789062,101.4800033569336,99.91999816894531,101.02999877929688,2428000
2021-09-13,89.8211898803711,99.16000366210938,101.30000305175781,98.4000015258789,100.81999969482422,3633700
2021-09-14,88.45337677001953,97.6500015258789,99.79000091552734,97.29000091552734,99.56999969482422,3967300
2021-09-15,89.97518920898438,99.33000183105469,99.55000305175781,97.13999938964844,97.66000366210938,3600200
2021-09-16,89.47697448730469,98.77999877929688,99.54000091552734,98.20999908447266,99.52999877929688,1871700
2021-09-17,87.3754653930664,96.45999908447266,98.22000122070312,96.0,97.12000274658203,4932800
2021-09-20,85.75404357910156,94.66999816894531,94.9800033569336,93.25,94.6500015258789,2992300
2021-09-21,84.88445281982422,93.70999908447266,95.43000030517578,93.5999984741211,95.1500015258789,2204400
2021-09-22,86.50586700439453,95.5,96.19999694824219,94.5199966430664,94.56999969482422,2729400
2021-09-23,87.82838439941406,96.95999908447266,97.7699966430664,96.12000274658203,96.29000091552734,2367500
2021-09-24,87.23959350585938,96.30999755859375,97.38999938964844,96.16999816894531,96.51000213623047,1712200
2021-09-27,87.62002563476562,96.7300033569336,97.62000274658203,96.47000122070312,96.47000122070312,2440000
2021-09-28,86.65987396240234,95.66999816894531,96.94000244140625,95.54000091552734,96.33000183105469,2093700
2021-09-29,86.63267517089844,95.63999938964844,96.19999694824219,95.27999877929688,95.87000274658203,2622800
2021-09-30,85.32832336425781,94.19999694824219,96.30999755859375,94.16999816894531,96.2699966430664,2659900
2021-10-01,86.1978988647461,95.16000366210938,95.62999725341797,93.56999969482422,94.44000244140625,2748300
2021-10-04,84.82105255126953,93.63999938964844,95.54000091552734,93.26000213623047,94.80999755859375,3906200
2021-10-05,86.48776245117188,95.4800033569336,96.0,93.62999725341797,93.93000030517578,2265100
2021-10-06,86.63267517089844,95.63999938964844,95.91999816894531,93.83999633789062,94.63999938964844,2855600
2021-10-07,88.1725845336914,97.33999633789062,99.16999816894531,97.06999969482422,97.06999969482422,3956200
2021-10-08,87.53851318359375,96.63999938964844,97.52999877929688,95.98999786376953,96.61000061035156,3192400
2021-10-11,85.31021118164062,94.18000030517578,95.76000213623047,92.58999633789062,92.62999725341797,4300200
2021-10-12,83.6253662109375,92.31999969482422,95.0999984741211,92.11000061035156,94.63999938964844,3533500
2021-10-13,83.2177505493164,91.87000274658203,92.79000091552734,90.36000061035156,92.79000091552734,4837600
2021-10-14,85.8265151977539,94.75,95.16000366210938,92.95999908447266,93.56999969482422,4219200
2021-10-15,86.71420288085938,95.7300033569336,96.55999755859375,95.16999816894531,95.55999755859375,5417300
2021-10-18,86.75045776367188,95.7699966430664,95.83999633789062,94.72000122070312,95.20999908447266,2371200
2021-10-19,87.3392333984375,96.41999816894531,96.58999633789062,95.62999725341797,96.44000244140625,1906300
2021-10-20,88.10916900634766,97.2699966430664,97.69000244140625,96.41000366210938,97.0,1912600
2021-10-21,87.54759979248047,96.6500015258789,97.01000213623047,95.79000091552734,96.79000091552734,2002300
2021-10-22,87.53851318359375,96.63999938964844,97.58000183105469,96.2699966430664,97.0,1728100
2021-10-25,87.45700073242188,96.55000305175781,97.29000091552734,95.9800033569336,96.43000030517578,2047300
2021-10-26,87.95520782470703,97.0999984741211,98.37000274658203,96.5199966430664,97.08999633789062,2841000
2021-10-27,87.09466552734375,96.1500015258789,98.0,96.12999725341797,97.12999725341797,1925800
2021-10-28,88.32656860351562,97.51000213623047,97.87999725341797,96.4000015258789,96.56999969482422,1587700
2021-10-29,87.87367248535156,97.01000213623047,98.02999877929688,96.5,97.19999694824219,2635800
2021-11-01,88.67982482910156,97.9000015258789,98.43000030517578,97.23999786376953,97.80999755859375,1842800
2021-11-02,90.71794128417969,100.1500015258789,100.47000122070312,97.62999725341797,98.1500015258789,3695400
2021-11-03,86.29753875732422,95.2699966430664,99.0,94.0,94.7699966430664,4225200
2021-11-04,88.0095443725586,97.16000366210938,97.48999786376953,95.9000015258789,96.37000274658203,2789500
2021-11-05,88.70702362060547,97.93000030517578,98.7699966430664,97.30000305175781,98.16000366210938,1793400
2021-11-08,88.54396057128906,97.75,99.44999694824219,97.5199966430664,99.1500015258789,2977300
2021-11-09,88.31751251220703,97.5,98.54000091552734,96.83999633789062,98.0,3974700
2021-11-10,88.3584976196289,97.02999877929688,97.48999786376953,96.43000030517578,96.93000030517578,1930200
2021-11-11,88.59526062011719,97.29000091552734,97.61000061035156,96.73999786376953,97.52999877929688,1635000
2021-11-12,88.7136459350586,97.41999816894531,97.73999786376953,96.81999969482422,97.63999938964844,1824400
2021-11-15,87.7665786743164,96.37999725341797,97.66000366210938,96.01000213623047,97.66000366210938,1544100
2021-11-16,87.61174774169922,96.20999908447266,97.27999877929688,95.97000122070312,96.68000030517578,2395700
2021-11-17,85.88157653808594,94.30999755859375,96.69000244140625,94.1500015258789,96.54000091552734,4046800
2021-11-18,86.11834716796875,94.56999969482422,95.5199966430664,93.62000274658203,94.33000183105469,5096200
2021-11-19,84.99825286865234,93.33999633789062,94.91000366210938,93.31999969482422,94.37000274658203,4019900
2021-11-22,85.99996948242188,94.44000244140625,95.98999786376953,93.86000061035156,94.06999969482422,5223200
2021-11-23,86.02726745605469,94.47000122070312,95.05000305175781,93.9800033569336,94.4800033569336,3099500
2021-11-24,85.80872344970703,94.2300033569336,95.1500015258789,93.9800033569336,93.9800033569336,2738400
2021-11-26,82.23907470703125,90.30999755859375,91.76000213623047,89.9000015258789,91.7300033569336,2767500
2021-11-29,82.73989868164062,90.86000061035156,92.19000244140625,90.2300033569336,91.30999755859375,3420200
2021-11-30,79.98980712890625,87.83999633789062,90.72000122070312,87.61000061035156,90.0,5950100
2021-12-01,79.03363800048828,86.79000091552734,90.44999694824219,86.72000122070312,89.9000015258789,4779500
2021-12-02,82.30278778076172,90.37999725341797,91.04000091552734,87.54000091552734,87.68000030517578,4290600
2021-12-03,82.21172332763672,90.27999877929688,91.41999816894531,89.29000091552734,90.80999755859375,2907500
2021-12-06,82.81275177001953,90.94000244140625,92.13999938964844,90.2300033569336,91.26000213623047,2592900
2021-12-07,83.98747253417969,92.2300033569336,92.91999816894531,91.52999877929688,91.83999633789062,3456700
2021-12-08,84.21514129638672,92.4800033569336,92.83999633789062,92.02999877929688,92.43000030517578,2265800
2021-12-09,83.7689437866211,91.98999786376953,92.73999786376953,91.80999755859375,92.0999984741211,2044100
2021-12-10,84.31529998779297,92.58999633789062,92.9800033569336,91.88999938964844,92.36000061035156,2883100
2021-12-13,84.07853698730469,92.33000183105469,93.05000305175781,91.9000015258789,92.7300033569336,2612900
2021-12-14,83.18611907958984,91.3499984741211,92.80999755859375,90.83999633789062,91.58999633789062,3204800
2021-12-15,84.44280242919922,92.7300033569336,92.9000015258789,91.16000366210938,91.54000091552734,2550800
2021-12-16,85.49910736083984,93.88999938964844,94.8499984741211,93.2300033569336,93.8499984741211,2943900
2021-12-17,82.58509063720703,90.69000244140625,93.41999816894531,90.41000366210938,93.16999816894531,6637400
2021-12-20,81.46503448486328,89.45999908447266,90.0,88.54000091552734,89.29000091552734,3041300
2021-12-21,82.89470672607422,91.02999877929688,91.20999908447266,90.13999938964844,90.16999816894531,2816500
2021-12-22,81.83837890625,89.87000274658203,91.3499984741211,89.55000305175781,90.69000244140625,3615200
2021-12-23,83.12238311767578,91.27999877929688,91.70999908447266,90.16999816894531,90.23999786376953,2367800
2021-12-27,83.93283081054688,92.16999816894531,92.27999877929688,91.30999755859375,91.33999633789062,1626500
2021-12-28,84.58848571777344,92.88999938964844,93.0999984741211,92.33999633789062,92.36000061035156,1271500
2021-12-29,84.64311218261719,92.94999694824219,93.25,92.2699966430664,92.54000091552734,1434200
2021-12-30,84.3790512084961,92.66000366210938,93.66000366210938,92.51000213623047,93.12000274658203,1202200
2021-12-31,84.66133117675781,92.97000122070312,93.43000030517578,92.19999694824219,92.44999694824219,1283500
2022-01-03,83.55946350097656,91.76000213623047,93.41999816894531,91.05999755859375,93.30000305175781,2435900
2022-01-04,87.2657241821289,95.83000183105469,96.2699966430664,92.48999786376953,93.25,4466700
2022-01-05,87.13824462890625,95.69000244140625,97.98999786376953,95.55999755859375,97.05999755859375,4180000
2022-01-06,87.62999725341797,96.2300033569336,96.88999938964844,95.2699966430664,95.91000366210938,2477000
2022-01-07,87.13824462890625,95.69000244140625,96.97000122070312,95.61000061035156,96.55000305175781,2863600
2022-01-10,86.78311157226562,95.30000305175781,95.61000061035156,94.19000244140625,95.20999908447266,2840000
2022-01-11,87.7665786743164,96.37999725341797,96.58999633789062,94.63999938964844,95.75,2144300
2022-01-12,88.25833892822266,96.91999816894531,97.7300033569336,96.26000213623047,97.29000091552734,2191200
2022-01-13,88.58613586425781,97.27999877929688,98.30000305175781,96.93000030517578,97.20999908447266,2131900
2022-01-14,88.75917053222656,97.47000122070312,97.58000183105469,95.69000244140625,96.4000015258789,2624400
2022-01-18,87.75748443603516,96.37000274658203,97.13999938964844,95.6500015258789,96.7699966430664,2777100
2022-01-19,86.43704986572266,94.91999816894531,96.94000244140625,94.83999633789062,96.55999755859375,2145000
2022-01-20,85.28056335449219,93.6500015258789,96.30000305175781,93.44999694824219,95.19999694824219,2417700
2022-01-21,84.87078094482422,93.19999694824219,94.70999908447266,92.66999816894531,93.83999633789062,3253500
2022-01-24,84.7250747680664,93.04000091552734,93.41999816894531,89.66000366210938,92.01000213623047,4210100
2022-01-25,83.05860900878906,91.20999908447266,92.05000305175781,89.80999755859375,91.41000366210938,3723000
2022-01-26,82.48491668701172,90.58000183105469,92.86000061035156,89.93000030517578,92.37000274658203,4230000
2022-01-27,82.53046417236328,90.62999725341797,92.73999786376953,89.94000244140625,91.43000030517578,2470700
2022-01-28,82.6032943725586,90.70999908447266,90.7699966430664,88.6500015258789,90.12999725341797,2937100
2022-01-31,83.73249053955078,91.94999694824219,92.08999633789062,89.8499984741211,90.69999694824219,3710300
2022-02-01,84.21514129638672,92.4800033569336,92.55999755859375,91.0999984741211,91.94999694824219,4371700
2022-02-02,88.84113311767578,97.55999755859375,97.76000213623047,94.25,94.26000213623047,4920800
2022-02-03,87.95780944824219,96.58999633789062,98.4800033569336,96.27999877929688,96.41999816894531,3306500
2022-02-04,86.85594940185547,95.37999725341797,97.12999725341797,94.0999984741211,96.56999969482422,4979300
2022-02-07,87.17466735839844,95.7300033569336,96.36000061035156,94.55999755859375,95.69000244140625,4505600
2022-02-08,88.44046020507812,97.12000274658203,97.66999816894531,95.72000122070312,96.12000274658203,4809400
2022-02-09,89.6242904663086,98.41999816894531,98.62999725341797,97.63999938964844,98.0999984741211,3700500
2022-02-10,88.67682647705078,96.87000274658203,98.83999633789062,96.48999786376953,96.98999786376953,4274400
2022-02-11,86.72696685791016,94.73999786376953,97.91000366210938,94.20999908447266,97.05000305175781,3620200
2022-02-14,86.0220947265625,93.97000122070312,95.06999969482422,92.94999694824219,95.06999969482422,2698400
2022-02-15,86.85513305664062,94.87999725341797,95.61000061035156,94.30999755859375,94.8499984741211,3251900
2022-02-16,87.7613754272461,95.87000274658203,96.23999786376953,94.63999938964844,94.69000244140625,3059800
2022-02-17,85.3080825805664,93.19000244140625,95.33999633789062,92.77999877929688,95.08000183105469,2689800
2022-02-18,84.92359161376953,92.7699966430664,93.95999908447266,92.27999877929688,93.0999984741211,2413300
2022-02-22,84.89613342285156,92.73999786376953,93.47000122070312,91.83999633789062,92.44000244140625,2891700
2022-02-23,83.2209243774414,90.91000366210938,93.0999984741211,90.61000061035156,93.06999969482422,2687100
2022-02-24,82.38787078857422,90.0,90.38999938964844,87.94999694824219,89.38999938964844,4244300
2022-02-25,84.9693603515625,92.81999969482422,93.25,90.06999969482422,90.06999969482422,2864900
2022-02-28,85.0609130859375,92.91999816894531,93.51000213623047,91.44999694824219,91.7699966430664,3874100
2022-03-01,81.9393310546875,89.51000213623047,93.33000183105469,89.05000305175781,92.87999725341797,3558100
2022-03-02,85.34469604492188,93.2300033569336,93.7699966430664,90.08999633789062,90.12000274658203,3281400
2022-03-03,85.33552551269531,93.22000122070312,94.27999877929688,92.20999908447266,93.9800033569336,2510000
2022-03-04,83.83422088623047,91.58000183105469,92.12999725341797,90.80000305175781,91.63999938964844,3063600
2022-03-07,83.88916015625,91.63999938964844,93.5,90.87999725341797,91.7300033569336,3546900
2022-03-08,85.77493286132812,93.69999694824219,96.9000015258789,92.13999938964844,92.19000244140625,4872400
2022-03-09,86.40656280517578,94.38999938964844,97.38999938964844,94.11000061035156,97.37000274658203,4150400
2022-03-10,86.72696685791016,94.73999786376953,95.0,93.61000061035156,94.12000274658203,3302200
2022-03-11,85.1341323852539,93.0,96.45999908447266,92.86000061035156,95.38999938964844,3239600
2022-03-14,84.51165008544922,92.31999969482422,94.12999725341797,91.27999877929688,93.55999755859375,3629000
2022-03-15,84.8137435913086,92.6500015258789,93.05000305175781,91.05999755859375,92.86000061035156,3984100
2022-03-16,85.82986450195312,93.76000213623047,94.52999877929688,91.55000305175781,93.11000061035156,4378800
2022-03-17,87.41352844238281,95.48999786376953,95.61000061035156,93.11000061035156,93.47000122070312,3643300
2022-03-18,88.79581451416016,97.0,97.27999877929688,93.87000274658203,95.3499984741211,16105100
2022-03-21,89.89431762695312,98.19999694824219,98.91999816894531,97.29000091552734,97.83999633789062,3708100
2022-03-22,89.72954559326172,98.0199966430664,98.9800033569336,97.20999908447266,98.6500015258789,3266600
2022-03-23,89.061279296875,97.29000091552734,98.18000030517578,97.16999816894531,97.66000366210938,2299600
2022-03-24,89.50071716308594,97.7699966430664,98.69999694824219,97.41999816894531,98.44999694824219,2122800
2022-03-25,90.17810821533203,98.51000213623047,98.58000183105469,97.47000122070312,97.76000213623047,2136000
2022-03-28,89.91263580322266,98.22000122070312,98.23999786376953,96.83000183105469,97.62000274658203,2184300
2022-03-29,90.68157196044922,99.05999755859375,99.3499984741211,96.55000305175781,98.73999786376953,2913400
2022-03-30,90.6083755493164,98.9800033569336,99.94999694824219,98.58999633789062,98.69000244140625,1596100
2022-03-31,89.75701904296875,98.05000305175781,100.0,98.0,98.79000091552734,2786700
2022-04-01,90.0957260131836,98.41999816894531,99.37999725341797,97.70999908447266,99.08000183105469,2413900
2022-04-04,89.98587799072266,98.30000305175781,98.69999694824219,97.1500015258789,98.08000183105469,2633400
2022-04-05,88.3930435180664,96.55999755859375,98.58999633789062,96.13999938964844,98.20999908447266,2741900
2022-04-06,88.04517364501953,96.18000030517578,96.76000213623047,94.83999633789062,95.4000015258789,2839200
2022-04-07,87.77970886230469,95.88999938964844,96.19000244140625,94.83999633789062,95.55999755859375,2853100
2022-04-08,86.57135009765625,94.56999969482422,96.22000122070312,94.05000305175781,96.12999725341797,3660300
2022-04-11,85.29891204833984,93.18000030517578,94.91999816894531,92.95999908447266,94.6500015258789,2798200
2022-04-12,84.9693603515625,92.81999969482422,94.44000244140625,92.4000015258789,93.58999633789062,2193300
2022-04-13,85.41791534423828,93.30999755859375,93.70999908447266,92.45999908447266,92.86000061035156,2020200
2022-04-14,85.00596618652344,92.86000061035156,93.95999908447266,92.66000366210938,93.58999633789062,5320000
2022-04-18,86.0220947265625,93.97000122070312,94.52999877929688,92.62999725341797,92.62999725341797,2051900
2022-04-19,87.59661865234375,95.69000244140625,95.87999725341797,94.16999816894531,94.63999938964844,2314800
2022-04-20,88.9239730834961,97.13999938964844,97.56999969482422,96.51000213623047,96.5199966430664,2055400
2022-04-21,88.53033447265625,96.70999908447266,99.02999877929688,96.45999908447266,97.9800033569336,2217600
2022-04-22,85.68339538574219,93.5999984741211,96.33000183105469,93.47000122070312,96.04000091552734,2565500
2022-04-25,84.41095733642578,92.20999908447266,93.0,89.5999984741211,92.91000366210938,2635500
2022-04-26,82.08577728271484,89.66999816894531,92.43000030517578,89.6500015258789,91.5999984741211,2508900
2022-04-27,82.94628143310547,90.61000061035156,91.5,89.52999877929688,89.83999633789062,1992000
2022-04-28,84.50247955322266,92.30999755859375,92.55999755859375,90.1500015258789,91.27999877929688,2320500
2022-04-29,82.55265045166016,90.18000030517578,92.52999877929688,89.98999786376953,91.98999786376953,2975000
2022-05-02,82.78152465820312,90.43000030517578,91.44999694824219,88.4000015258789,89.7699966430664,3409900
2022-05-03,82.82728576660156,90.4800033569336,91.05000305175781,88.9000015258789,89.83000183105469,3330500
2022-05-04,83.61455535888672,91.33999633789062,91.73999786376953,83.41999816894531,85.76000213623047,5737200
2022-05-05,81.68299865722656,89.2300033569336,91.83000183105469,88.19999694824219,91.26000213623047,2973100
2022-05-06,80.56617736816406,88.01000213623047,88.88999938964844,86.69000244140625,88.88999938964844,3262300
2022-05-09,77.27067565917969,84.41000366210938,86.75,83.93000030517578,86.55999755859375,4179300
2022-05-10,76.53833770751953,83.61000061035156,85.55999755859375,83.12000274658203,85.16000366210938,3286500
2022-05-11,76.09892272949219,83.12999725341797,85.33000183105469,82.95999908447266,83.95999908447266,3788900
2022-05-12,76.2232894897461,82.75,83.05999755859375,81.01000213623047,82.41999816894531,3683000
2022-05-13,77.0799331665039,83.68000030517578,84.3499984741211,82.5199966430664,83.19999694824219,3580400
2022-05-16,77.78919219970703,84.44999694824219,85.02999877929688,82.8499984741211,83.56999969482422,3454800
2022-05-17,79.57618713378906,86.38999938964844,87.2699966430664,85.7699966430664,86.29000091552734,4136200
2022-05-18,76.96939086914062,83.55999755859375,86.27999877929688,83.20999908447266,86.04000091552734,3346400
2022-05-19,76.72991180419922,83.30000305175781,84.37000274658203,82.2699966430664,82.75,2834100
2022-05-20,77.0430908203125,83.63999938964844,84.26000213623047,81.63999938964844,83.80000305175781,3120900
2022-05-23,78.26818084716797,84.97000122070312,85.19000244140625,83.69000244140625,84.12999725341797,2822300
2022-05-24,77.27336883544922,83.88999938964844,84.70999908447266,82.41999816894531,84.29000091552734,3318300
2022-05-25,77.58655548095703,84.2300033569336,84.4800033569336,82.95999908447266,83.75,2781600
2022-05-26,79.7696304321289,86.5999984741211,87.1500015258789,85.11000061035156,85.2699966430664,3062100
2022-05-27,81.42764282226562,88.4000015258789,88.44000244140625,86.80999755859375,86.80999755859375,2004800
2022-05-31,81.66714477539062,88.66000366210938,89.54000091552734,86.8499984741211,87.45999908447266,4198500
2022-06-01,81.58425903320312,88.56999969482422,89.45999908447266,87.62999725341797,89.08999633789062,2797300
2022-06-02,82.79092407226562,89.87999725341797,90.3499984741211,87.98999786376953,89.54000091552734,3016900
2022-06-03,83.15938568115234,90.27999877929688,90.37000274658203,89.2300033569336,89.29000091552734,2541900
2022-06-06,83.13172912597656,90.25,91.38999938964844,90.05999755859375,91.0999984741211,1675700
2022-06-07,84.310791015625,91.52999877929688,91.68000030517578,89.20999908447266,89.41000366210938,2007600
2022-06-08,83.96076202392578,91.1500015258789,92.22000122070312,90.9000015258789,91.66999816894531,1704100
2022-06-09,82.84620666503906,89.94000244140625,91.2699966430664,89.83999633789062,90.22000122070312,2195100
2022-06-10,80.19332885742188,87.05999755859375,88.80999755859375,86.7699966430664,88.80999755859375,2982400
2022-06-13,78.55374145507812,85.27999877929688,86.37000274658203,84.33999633789062,85.0,3161400
2022-06-14,78.01947784423828,84.69999694824219,86.16999816894531,83.97000122070312,85.41000366210938,2091200
2022-06-15,78.71954345703125,85.45999908447266,86.63999938964844,84.22000122070312,85.38999938964844,2630800
2022-06-16,74.61131286621094,81.0,83.79000091552734,80.75,83.30000305175781,4639300
2022-06-17,72.44667053222656,78.6500015258789,81.38999938964844,78.54000091552734,80.4800033569336,6444800
2022-06-21,73.89286041259766,80.22000122070312,81.20999908447266,79.1500015258789,79.8499984741211,3034100
2022-06-22,72.28084564208984,78.47000122070312,79.5,77.7300033569336,78.4800033569336,3985100
2022-06-23,71.65448760986328,77.79000091552734,79.0199966430664,76.7699966430664,78.58999633789062,4619100
2022-06-24,75.56006622314453,82.02999877929688,82.08999633789062,78.47000122070312,78.72000122070312,5699700
2022-06-27,75.9837875366211,82.48999786376953,82.80000305175781,81.58000183105469,82.56999969482422,2643800
2022-06-28,75.09028625488281,81.5199966430664,84.11000061035156,81.38999938964844,83.08999633789062,2934900
2022-06-29,74.15997314453125,80.51000213623047,81.63999938964844,79.83999633789062,81.58000183105469,2032600
2022-06-30,73.26646423339844,79.54000091552734,80.30999755859375,78.97000122070312,79.27999877929688,2861100
2022-07-01,74.02179718017578,80.36000061035156,81.05000305175781,79.22000122070312,79.63999938964844,2286300
2022-07-05,72.8887939453125,79.12999725341797,79.2699966430664,77.97000122070312,78.76000213623047,3048300
2022-07-06,73.45989990234375,79.75,80.56999969482422,78.25,79.3499984741211,3111100
2022-07-07,74.49156951904297,80.87000274658203,81.0,79.72000122070312,80.47000122070312,3097400
2022-07-08,74.30732727050781,80.66999816894531,81.48999786376953,79.69999694824219,81.30000305175781,2295400
2022-07-11,73.92969512939453,80.26000213623047,80.66999816894531,79.73999786376953,79.94999694824219,1755600
2022-07-12,72.81511688232422,79.05000305175781,80.63999938964844,78.77999877929688,79.66999816894531,2809200
2022-07-13,72.43746185302734,78.63999938964844,79.44999694824219,77.62000274658203,77.7699966430664,2632000
2022-07-14,71.5439682006836,77.66999816894531,77.75,76.16000366210938,76.7699966430664,2513200
2022-07-15,73.32173919677734,79.5999984741211,79.68000030517578,78.18000030517578,78.94999694824219,2675400
2022-07-18,73.10065460205078,79.36000061035156,80.69999694824219,79.04000091552734,80.36000061035156,1726800
2022-07-19,75.75350189208984,82.23999786376953,82.37999725341797,80.01000213623047,80.3499984741211,1826200
2022-07-20,76.11275482177734,82.62999725341797,82.86000061035156,81.80999755859375,82.58999633789062,1909300
2022-07-21,77.0983657836914,83.69999694824219,83.80000305175781,82.30000305175781,82.56999969482422,2042100
2022-07-22,76.5456771850586,83.0999984741211,84.33000183105469,82.48999786376953,84.11000061035156,1932400
2022-07-25,77.54971313476562,84.19000244140625,84.43000030517578,82.81999969482422,83.5,2033800
2022-07-26,77.43917846679688,84.06999969482422,85.29000091552734,83.88999938964844,84.55000305175781,2490300
2022-07-27,79.54855346679688,86.36000061035156,86.9800033569336,84.22000122070312,84.44999694824219,2595700
2022-07-28,81.41844177246094,88.38999938964844,88.63999938964844,86.93000030517578,87.20999908447266,2960200
2022-07-29,82.96593475341797,90.06999969482422,90.5,88.51000213623047,88.72000122070312,3568200
2022-08-01,82.29351043701172,89.33999633789062,89.7699966430664,88.44999694824219,89.19999694824219,1823700
2022-08-02,82.08164978027344,89.11000061035156,89.8499984741211,88.41000366210938,88.83999633789062,2173200
2022-08-03,82.73565673828125,89.81999969482422,90.0999984741211,88.77999877929688,89.4000015258789,1524200
2022-08-04,82.5237808227539,89.58999633789062,90.16000366210938,89.36000061035156,90.05000305175781,2082100
2022-08-05,83.26069641113281,90.38999938964844,90.44999694824219,89.06999969482422,89.2699966430664,2425600
2022-08-08,82.92909240722656,90.02999877929688,91.22000122070312,89.43000030517578,91.12999725341797,3600400
2022-08-09,79.7603988647461,86.58999633789062,87.91000366210938,86.08000183105469,87.69000244140625,4884300
2022-08-10,80.635498046875,87.54000091552734,88.3499984741211,87.04000091552734,88.3499984741211,3428600
2022-08-11,81.06635284423828,87.48999786376953,88.83000183105469,87.4000015258789,87.97000122070312,2929400
2022-08-12,82.6693344116211,89.22000122070312,89.25,87.55000305175781,87.55000305175781,2425600
2022-08-15,82.31721496582031,88.83999633789062,88.9800033569336,87.66000366210938,88.30000305175781,2014300
2022-08-16,83.34571075439453,89.94999694824219,90.16999816894531,88.52999877929688,88.52999877929688,2817600
2022-08-17,82.33575439453125,88.86000061035156,89.37000274658203,88.36000061035156,88.81999969482422,1966600
2022-08-18,83.66077423095703,90.29000091552734,90.5199966430664,89.0,89.44000244140625,2159000
2022-08-19,82.16898345947266,88.68000030517578,89.76000213623047,88.44000244140625,89.62000274658203,1880700
2022-08-22,79.91739654541016,86.25,87.44000244140625,85.91999816894531,87.11000061035156,2500100
2022-08-23,80.36213684082031,86.7300033569336,87.55999755859375,86.16999816894531,86.36000061035156,2562000
2022-08-24,80.5567398071289,86.94000244140625,87.25,86.27999877929688,86.94000244140625,1423700
2022-08-25,81.5111083984375,87.97000122070312,88.05999755859375,87.05000305175781,87.58999633789062,1964100
2022-08-26,78.44412994384766,84.66000366210938,88.16000366210938,84.5999984741211,88.16000366210938,2038300
2022-08-29,78.5923843383789,84.81999969482422,85.26000213623047,83.69000244140625,83.93000030517578,2001800
2022-08-30,77.20250701904297,83.31999969482422,85.05000305175781,82.93000030517578,85.0,2147400
2022-08-31,75.73851776123047,81.73999786376953,83.62999725341797,81.58999633789062,83.47000122070312,3576400
2022-09-01,75.98870086669922,82.01000213623047,82.06999969482422,80.41000366210938,81.04000091552734,2387800
2022-09-02,75.7477798461914,81.75,83.31999969482422,81.19999694824219,83.0199966430664,4156300
2022-09-06,75.52539825439453,81.51000213623047,82.29000091552734,80.62999725341797,82.23999786376953,3096300
2022-09-07,76.20181274414062,82.23999786376953,82.63999938964844,81.0199966430664,81.29000091552734,4764800
2022-09-08,77.52681732177734,83.66999816894531,83.72000122070312,81.56999969482422,81.79000091552734,2588000
2022-09-09,78.49046325683594,84.70999908447266,84.97000122070312,83.9800033569336,84.23999786376953,2512800
2022-09-12,79.27803802490234,85.55999755859375,85.70999908447266,84.87999725341797,85.30999755859375,2038100
2022-09-13,76.4334487915039,82.48999786376953,84.30000305175781,82.11000061035156,83.70999908447266,1993700
2022-09-14,76.25739288330078,82.30000305175781,82.76000213623047,81.52999877929688,82.37999725341797,2180500
2022-09-15,74.60808563232422,80.5199966430664,82.5199966430664,80.25,82.12000274658203,2220200
2022-09-16,72.46771240234375,78.20999908447266,79.44000244140625,77.94999694824219,79.26000213623047,5214600
2022-09-19,73.7556381225586,79.5999984741211,79.7300033569336,77.31999969482422,77.33999633789062,2484700
2022-09-20,72.2916488647461,78.0199966430664,78.83000183105469,77.1500015258789,78.7699966430664,3269800
2022-09-21,70.90177917480469,76.5199966430664,79.08000183105469,76.5199966430664,78.86000061035156,2235300
2022-09-22,69.98445892333984,75.52999877929688,76.9800033569336,75.5,76.4800033569336,2459500
2022-09-23,68.4185562133789,73.83999633789062,74.62000274658203,72.87000274658203,74.48999786376953,3258200
2022-09-26,67.76994323730469,73.13999938964844,74.55999755859375,72.91999816894531,73.52999877929688,2668300
2022-09-27,67.69581604003906,73.05999755859375,74.4000015258789,72.41000366210938,74.12000274658203,2658800
2022-09-28,69.51190185546875,75.0199966430664,75.5199966430664,73.33000183105469,74.0199966430664,3851100
2022-09-29,68.75210571289062,74.19999694824219,74.3499984741211,73.02999877929688,74.2300033569336,2304400
2022-09-30,67.84406280517578,73.22000122070312,74.83000183105469,73.11000061035156,74.18000030517578,2768000
2022-10-03,69.99373626708984,75.54000091552734,76.20999908447266,73.94000244140625,74.29000091552734,2950600
2022-10-04,72.50475311279297,78.25,78.5199966430664,77.05000305175781,77.18000030517578,2947400
2022-10-05,73.91315460205078,79.7699966430664,80.33999633789062,77.83999633789062,78.98999786376953,4965800
2022-10-06,73.63519287109375,79.47000122070312,80.80999755859375,79.12999725341797,79.12999725341797,3696900
2022-10-07,72.11560821533203,77.83000183105469,79.06999969482422,76.97000122070312,78.94999694824219,4655300
2022-10-10,72.61595916748047,78.37000274658203,78.9000015258789,77.36000061035156,78.63999938964844,4016800
2022-10-11,72.27311706542969,78.0,78.9000015258789,77.30999755859375,78.0,4205900
2022-10-12,71.80982208251953,77.5,78.75,77.43000030517578,78.16000366210938,2565100
2022-10-13,74.8582763671875,80.79000091552734,81.12000274658203,76.08000183105469,76.52999877929688,4100000
2022-10-14,72.4769515991211,78.22000122070312,81.16000366210938,77.91999816894531,81.05999755859375,3237200
2022-10-17,74.19112396240234,80.06999969482422,80.56999969482422,79.38999938964844,79.86000061035156,2649400
2022-10-18,75.60880279541016,81.5999984741211,82.08000183105469,80.36000061035156,81.77999877929688,2610700
2022-10-19,75.23816680908203,81.19999694824219,81.80000305175781,80.48999786376953,81.37999725341797,3058100
2022-10-20,74.26525115966797,80.1500015258789,81.72000122070312,79.63999938964844,81.25,2547500
2022-10-21,77.05425262451172,83.16000366210938,83.36000061035156,80.30999755859375,80.51000213623047,3168200
2022-10-24,77.73066711425781,83.88999938964844,84.5,83.19000244140625,83.6500015258789,2274600
2022-10-25,78.34220886230469,84.55000305175781,84.76000213623047,83.33000183105469,83.44000244140625,2385500
2022-10-26,78.94447326660156,85.19999694824219,85.94999694824219,83.98999786376953,84.97000122070312,2014700
2022-10-27,79.58380126953125,85.88999938964844,87.18000030517578,85.7699966430664,86.41999816894531,2412300
2022-10-28,80.98294830322266,87.4000015258789,87.5199966430664,85.55000305175781,86.1500015258789,2499400
2022-10-31,80.24169921875,86.5999984741211,88.20999908447266,86.38999938964844,87.66999816894531,6653600
2022-11-01,79.54676055908203,85.8499984741211,87.2300033569336,84.18000030517578,86.4000015258789,4960400
2022-11-02,78.71281433105469,84.94999694824219,88.44999694824219,84.68000030517578,85.7300033569336,6772100
2022-11-03,80.62158203125,87.01000213623047,88.33000183105469,84.1500015258789,84.1500015258789,5364900
2022-11-04,82.54886627197266,89.08999633789062,89.63999938964844,88.16000366210938,88.75,5107000
2022-11-07,84.54103088378906,91.23999786376953,91.52999877929688,89.37000274658203,89.69000244140625,3754800
2022-11-08,84.5595474243164,91.26000213623047,92.93000030517578,90.52999877929688,91.12999725341797,3714600
2022-11-09,83.98178100585938,90.12000274658203,92.25,89.98999786376953,90.11000061035156,3517100
2022-11-10,87.59748840332031,94.0,94.20999908447266,91.79000091552734,92.77999877929688,4138200
2022-11-11,88.9394302368164,95.44000244140625,96.36000061035156,94.0199966430664,94.11000061035156,4345200
2022-11-14,88.33368682861328,94.79000091552734,96.22000122070312,94.04000091552734,94.48999786376953,3046900
2022-11-15,89.62902069091797,96.18000030517578,97.0199966430664,95.16000366210938,95.5,3685700
2022-11-16,88.74372863769531,95.2300033569336,96.2300033569336,95.05000305175781,96.08000183105469,2820600
2022-11-17,88.16594696044922,94.61000061035156,94.6500015258789,93.62999725341797,93.7699966430664,2742800
2022-11-18,87.31793975830078,93.69999694824219,96.1500015258789,93.48999786376953,95.81999969482422,4213500
2022-11-21,88.22185516357422,94.66999816894531,94.83000183105469,93.1500015258789,93.36000061035156,3054200
2022-11-22,89.47991180419922,96.0199966430664,96.30000305175781,95.18000030517578,95.25,2571500
2022-11-23,89.35877227783203,95.88999938964844,96.61000061035156,95.19999694824219,95.9000015258789,2901000
2022-11-25,89.57310485839844,96.12000274658203,96.6500015258789,95.26000213623047,95.88999938964844,1324800
2022-11-28,87.80252075195312,94.22000122070312,95.30999755859375,93.62999725341797,94.83999633789062,3934600
2022-11-29,87.88639068603516,94.30999755859375,94.63999938964844,93.29000091552734,94.4000015258789,3414700
2022-11-30,89.2469482421875,95.7699966430664,95.7699966430664,93.2699966430664,94.45999908447266,4132900
2022-12-01,89.12579345703125,95.63999938964844,96.06999969482422,94.58000183105469,95.75,2893200
2022-12-02,90.27202606201172,96.87000274658203,97.11000061035156,94.72000122070312,94.79000091552734,3736500
2022-12-05,88.66917419433594,95.1500015258789,96.7699966430664,95.08999633789062,95.80000305175781,3202400
2022-12-06,87.92366790771484,94.3499984741211,95.6500015258789,93.41999816894531,95.19999694824219,3281200
2022-12-07,88.25914764404297,94.70999908447266,95.08999633789062,93.75,94.01000213623047,4378700
2022-12-08,88.46414947509766,94.93000030517578,95.63999938964844,94.58000183105469,95.19000244140625,2718800
2022-12-09,87.77455139160156,94.19000244140625,95.88999938964844,94.05000305175781,95.20999908447266,2579600
2022-12-12,89.60106658935547,96.1500015258789,96.19999694824219,94.36000061035156,94.58999633789062,2869500
2022-12-13,91.39027404785156,98.06999969482422,98.87999725341797,97.30999755859375,98.0,4060700
2022-12-14,91.06413269042969,97.72000122070312,99.08999633789062,97.36000061035156,98.44999694824219,4101200
2022-12-15,88.76236724853516,95.25,96.91999816894531,94.7300033569336,96.1500015258789,4251500
2022-12-16,88.49213409423828,94.95999908447266,95.43000030517578,93.88999938964844,94.31999969482422,5704700
2022-12-19,88.13799285888672,94.58000183105469,95.93000030517578,94.33000183105469,94.9800033569336,3527500
2022-12-20,88.56666564941406,95.04000091552734,95.8499984741211,94.58999633789062,94.58999633789062,3678300
2022-12-21,90.18815612792969,96.77999877929688,97.2699966430664,95.58000183105469,95.7300033569336,3541900
2022-12-22,88.60393524169922,95.08000183105469,96.72000122070312,93.83000183105469,96.0199966430664,4534200
2022-12-23,89.03260803222656,95.54000091552734,96.04000091552734,94.58999633789062,94.75,2977700
2022-12-27,90.07633209228516,96.66000366210938,96.7300033569336,95.54000091552734,95.8499984741211,3330000
2022-12-28,88.77168273925781,95.26000213623047,97.2300033569336,95.12999725341797,96.73999786376953,2222800
2022-12-29,89.79676818847656,96.36000061035156,96.68000030517578,95.80999755859375,95.83999633789062,1830000
2022-12-30,89.51718139648438,96.05999755859375,96.25,95.13999938964844,95.94999694824219,1422900
2023-01-03,89.56379699707031,96.11000061035156,96.98999786376953,94.94999694824219,96.5999984741211,2519100
2023-01-04,88.9207992553711,95.41999816894531,95.77999877929688,93.86000061035156,95.77999877929688,3965500
2023-01-05,88.53873443603516,95.01000213623047,95.48999786376953,93.9800033569336,94.80000305175781,2480000
2023-01-06,91.27847290039062,97.94999694824219,98.44999694824219,95.9000015258789,96.30999755859375,2610900
2023-01-09,90.63546752929688,97.26000213623047,99.6500015258789,97.19999694824219,98.41999816894531,3147700
2023-01-10,91.15730285644531,97.81999969482422,97.94000244140625,96.83999633789062,97.31999969482422,2929300
2023-01-11,91.51144409179688,98.19999694824219,98.33999633789062,97.2699966430664,98.33999633789062,2718800
2023-01-12,91.37165832519531,98.05000305175781,99.27999877929688,98.0199966430664,99.0,2524600
2023-01-13,91.25048828125,97.91999816894531,98.05000305175781,97.05000305175781,97.4800033569336,2229200
2023-01-17,85.02550506591797,91.23999786376953,95.44999694824219,90.43000030517578,95.44999694824219,8797700
2023-01-18,83.13374328613281,89.20999908447266,91.30999755859375,89.12000274658203,90.97000122070312,6030300
2023-01-19,80.97178649902344,86.88999938964844,88.80000305175781,86.81999969482422,88.58000183105469,4789600
2023-01-20,81.40045166015625,87.3499984741211,87.66000366210938,86.62000274658203,87.3499984741211,6212400
2023-01-23,82.93806457519531,89.0,89.9000015258789,88.06999969482422,88.23999786376953,5340500
2023-01-24,83.3853759765625,89.4800033569336,90.0,87.77999877929688,89.41000366210938,2805700
2023-01-25,83.01261901855469,89.08000183105469,89.3499984741211,88.04000091552734,88.18000030517578,3455900
2023-01-26,84.4477310180664,90.62000274658203,90.63999938964844,88.58000183105469,89.94000244140625,3293900
2023-01-27,83.33876037597656,89.43000030517578,90.58999633789062,89.33000183105469,90.54000091552734,3657400
2023-01-30,83.5810775756836,89.69000244140625,90.27999877929688,88.33999633789062,88.58000183105469,2965300
2023-01-31,84.07496643066406,90.22000122070312,90.43000030517578,89.0199966430664,90.0,3698400
2023-02-01,85.37960052490234,91.62000274658203,92.29000091552734,89.37999725341797,89.5199966430664,3742500
2023-02-02,85.2491455078125,91.4800033569336,91.66999816894531,90.55000305175781,91.16000366210938,4925300
2023-02-03,85.165283203125,91.38999938964844,91.8499984741211,90.56999969482422,90.98999786376953,3266300
2023-02-06,84.27066040039062,90.43000030517578,91.0,89.79000091552734,90.83999633789062,3252800
2023-02-07,84.9695816040039,91.18000030517578,91.5999984741211,89.44999694824219,90.13999938964844,3241500
2023-02-08,80.1330795288086,85.98999786376953,88.16000366210938,85.0,88.12000274658203,6672100
2023-02-09,79.35029602050781,85.1500015258789,86.69999694824219,84.58999633789062,86.20999908447266,6777200
2023-02-10,80.00261688232422,85.8499984741211,85.93000030517578,84.4000015258789,85.2300033569336,4813600
2023-02-13,80.99040222167969,86.91000366210938,87.16000366210938,85.66999816894531,85.87000274658203,3210000
2023-02-14,80.1330795288086,85.98999786376953,86.79000091552734,85.29000091552734,85.80000305175781,2910400
2023-02-15,80.99972534179688,86.91999816894531,87.25,85.27999877929688,85.44000244140625,3136600
2023-02-16,80.34347534179688,85.69999694824219,86.52999877929688,85.16000366210938,85.37000274658203,2096000
2023-02-17,80.09973907470703,85.44000244140625,85.80999755859375,84.43000030517578,85.33000183105469,2528900
2023-02-21,76.921630859375,82.05000305175781,84.95999908447266,81.70999908447266,84.55000305175781,4196700
2023-02-22,77.15599822998047,82.30000305175781,83.16000366210938,81.63999938964844,82.27999877929688,3932200
2023-02-23,77.16535949707031,82.30999755859375,83.38999938964844,81.5199966430664,83.01000213623047,3054000
2023-02-24,77.04350280761719,82.18000030517578,82.26000213623047,80.80000305175781,81.02999877929688,2863200
2023-02-27,76.968505859375,82.0999984741211,83.08000183105469,81.9800033569336,83.08000183105469,2910100
2023-02-28,77.54037475585938,82.70999908447266,83.05000305175781,82.06999969482422,82.12000274658203,3177400
2023-03-01,77.86849212646484,83.05999755859375,83.62000274658203,82.38999938964844,82.69000244140625,2960200
2023-03-02,78.56224060058594,83.80000305175781,84.05000305175781,82.55000305175781,82.72000122070312,2186500
2023-03-03,80.1934814453125,85.54000091552734,85.66999816894531,83.3499984741211,84.25,3807100
2023-03-06,81.70286560058594,87.1500015258789,88.41000366210938,86.62999725341797,86.9000015258789,5398500
2023-03-07,80.47473907470703,85.83999633789062,87.30999755859375,85.33000183105469,87.08000183105469,3938500
2023-03-08,80.26849365234375,85.62000274658203,86.20999908447266,84.76000213623047,85.80999755859375,3129300
2023-03-09,78.22474670410156,83.44000244140625,86.0999984741211,83.31999969482422,85.98999786376953,2802500
2023-03-10,77.03411102294922,82.16999816894531,83.91000366210938,81.75,83.51000213623047,3784800
2023-03-13,76.78099060058594,81.9000015258789,82.6500015258789,80.69999694824219,81.18000030517578,3225900
2023-03-14,77.89662170410156,83.08999633789062,83.94999694824219,82.2699966430664,83.6500015258789,3453900
2023-03-15,75.49661254882812,80.52999877929688,81.69000244140625,79.02999877929688,81.5199966430664,4213600
2023-03-16,76.79974365234375,81.91999816894531,82.2300033569336,79.6500015258789,80.12000274658203,3420600
2023-03-17,75.7872543334961,80.83999633789062,81.87000274658203,79.88999938964844,81.87000274658203,9040100
2023-03-20,77.12786865234375,82.2699966430664,82.69999694824219,81.31999969482422,81.37000274658203,2469000
2023-03-21,78.74036407470703,83.98999786376953,84.95999908447266,83.58000183105469,84.4000015258789,4290800
2023-03-22,78.18724822998047,83.4000015258789,84.91000366210938,83.33000183105469,84.0,3252200
2023-03-23,77.90599060058594,83.0999984741211,84.56999969482422,82.56999969482422,83.52999877929688,3184600
2023-03-24,77.70913696289062,82.88999938964844,82.91999816894531,81.30000305175781,82.38999938964844,2269200
2023-03-27,77.56849670410156,82.73999786376953,83.75,82.31999969482422,83.5,2233800
2023-03-28,78.468505859375,83.69999694824219,84.0,82.9800033569336,82.9800033569336,2306700
2023-03-29,79.6310043334961,84.94000244140625,85.12000274658203,83.98999786376953,84.80000305175781,2435600
2023-03-30,80.2403793334961,85.58999633789062,86.0,85.45999908447266,85.94999694824219,1920000
2023-03-31,81.69347381591797,87.13999938964844,87.19999694824219,85.73999786376953,86.11000061035156,2674000
2023-04-03,81.78722381591797,87.23999786376953,88.5,86.88999938964844,87.1500015258789,2838700
2023-04-04,79.85598754882812,85.18000030517578,87.33999633789062,84.75,87.1500015258789,1763700
2023-04-05,77.89662170410156,83.08999633789062,84.9000015258789,82.62999725341797,84.62000274658203,2647700
2023-04-06,78.093505859375,83.30000305175781,83.77999877929688,82.06999969482422,82.81999969482422,2966600
2023-04-10,79.17161560058594,84.44999694824219,84.47000122070312,82.94999694824219,83.16000366210938,1997100
2023-04-11,79.16223907470703,84.44000244140625,85.33999633789062,84.23999786376953,85.0,2071100
2023-04-12,78.41224670410156,83.63999938964844,83.97000122070312,82.38999938964844,83.19999694824219,8052400
2023-04-13,80.07162475585938,85.41000366210938,85.52999877929688,82.4000015258789,84.05999755859375,6979200
2023-04-14,80.96223449707031,86.36000061035156,87.86000061035156,85.66999816894531,85.69999694824219,6120600
2023-04-17,81.16848754882812,86.58000183105469,87.66999816894531,86.2300033569336,86.37000274658203,3005300
2023-04-18,81.81536102294922,87.2699966430664,88.44999694824219,86.88999938964844,87.7699966430664,3310700
2023-04-19,80.97161102294922,86.37000274658203,87.19999694824219,85.63999938964844,87.04000091552734,3244500
2023-04-20,80.50286865234375,85.87000274658203,86.38999938964844,85.5,85.94000244140625,2932300
2023-04-21,80.2497329711914,85.5999984741211,86.19000244140625,85.0999984741211,86.19000244140625,7833600
2023-04-24,80.2403793334961,85.58999633789062,86.01000213623047,85.19999694824219,85.70999908447266,2114900
2023-04-25,79.23723602294922,84.5199966430664,85.5,84.2300033569336,85.12000274658203,2100400
2023-04-26,77.32473754882812,82.4800033569336,84.18000030517578,82.0199966430664,83.9000015258789,3383700
2023-04-27,77.65287780761719,82.83000183105469,82.87000274658203,80.30999755859375,82.33999633789062,4838100
2023-04-28,78.05599975585938,83.26000213623047,83.54000091552734,82.30999755859375,82.44000244140625,3020300
2023-05-01,78.1403579711914,83.3499984741211,83.86000061035156,83.13999938964844,83.47000122070312,2340200
2023-05-02,77.08100128173828,82.22000122070312,83.26000213623047,81.0999984741211,82.83000183105469,3762700
2023-05-03,78.58097839355469,83.81999969482422,87.0,83.7699966430664,85.45999908447266,6211900
2023-05-04,77.56849670410156,82.73999786376953,83.86000061035156,82.38999938964844,83.73999786376953,4498500
2023-05-05,79.12474060058594,84.4000015258789,85.06999969482422,83.68000030517578,83.91999816894531,3885300
2023-05-08,78.57161712646484,83.80999755859375,85.13999938964844,83.55000305175781,85.13999938964844,1855300
2023-05-09,78.42161560058594,83.6500015258789,84.02999877929688,82.79000091552734,83.44999694824219,1941700
2023-05-10,77.32473754882812,82.4800033569336,84.45999908447266,81.69999694824219,84.20999908447266,2368600
2023-05-11,77.34362030029297,81.9800033569336,82.08999633789062,81.06999969482422,81.06999969482422,1953600
2023-05-12,77.85306549072266,82.5199966430664,82.9800033569336,81.61000061035156,82.66999816894531,2625200
2023-05-15,78.41914367675781,83.12000274658203,83.81999969482422,82.20999908447266,82.79000091552734,2208800
2023-05-16,76.5605697631836,81.1500015258789,82.91000366210938,81.12000274658203,82.48999786376953,2743300
2023-05-17,77.59833526611328,82.25,82.52999877929688,81.5,81.66000366210938,2853600
2023-05-18,77.64552307128906,82.30000305175781,82.56999969482422,81.37000274658203,82.01000213623047,3074400
2023-05-19,77.82476806640625,82.48999786376953,83.3499984741211,82.06999969482422,83.12999725341797,2489500
2023-05-22,77.0888671875,81.70999908447266,82.9000015258789,81.26000213623047,82.66999816894531,2229300
2023-05-23,76.52281951904297,81.11000061035156,82.0,80.88999938964844,81.1500015258789,2817500
2023-05-24,74.48497772216797,78.94999694824219,80.7699966430664,78.81999969482422,80.61000061035156,2537000
2023-05-25,74.55101013183594,79.0199966430664,79.13999938964844,78.05000305175781,78.86000061035156,3456400
2023-05-26,75.0133056640625,79.51000213623047,79.81999969482422,79.04000091552734,79.27999877929688,2533500
2023-05-30,73.9566421508789,78.38999938964844,79.63999938964844,77.93000030517578,79.3499984741211,2660800
2023-05-31,73.28681182861328,77.68000030517578,77.98999786376953,76.94000244140625,77.58999633789062,6147100
2023-06-01,74.86235046386719,79.3499984741211,79.63999938964844,76.95999908447266,77.95999908447266,3927800
2023-06-02,78.12667846679688,82.80999755859375,83.2300033569336,80.69000244140625,80.80000305175781,3723600
2023-06-05,77.54173278808594,82.19000244140625,83.37999725341797,82.05999755859375,83.08000183105469,2592300
2023-06-06,77.87194061279297,82.54000091552734,83.0,81.80999755859375,82.19000244140625,2876100
2023-06-07,79.47579193115234,84.23999786376953,84.2699966430664,82.3499984741211,82.9000015258789,3029700
2023-06-08,79.31541442871094,84.06999969482422,84.43000030517578,83.58999633789062,84.08999633789062,3019300
2023-06-09,79.43806457519531,84.19999694824219,84.37999725341797,83.58999633789062,84.2300033569336,2039500
2023-06-12,79.31541442871094,84.06999969482422,84.36000061035156,83.69000244140625,84.19000244140625,2021900
2023-06-13,81.25890350341797,86.12999725341797,86.33000183105469,84.30999755859375,84.43000030517578,2374700
2023-06-14,80.98532104492188,85.83999633789062,87.58000183105469,85.4800033569336,86.72000122070312,2273800
2023-06-15,83.05144500732422,88.02999877929688,88.62000274658203,86.37999725341797,86.4000015258789,4426100
2023-06-16,82.46653747558594,87.41000366210938,88.8499984741211,87.37999725341797,88.55000305175781,5522900
2023-06-20,81.87214660644531,86.77999877929688,87.05000305175781,85.86000061035156,86.63999938964844,2254900
2023-06-21,82.50426483154297,87.44999694824219,87.58999633789062,85.97000122070312,86.1500015258789,2111100
2023-06-22,82.4759521484375,87.41999816894531,87.83000183105469,87.02999877929688,87.44999694824219,3012400
2023-06-23,81.77780151367188,86.68000030517578,87.18000030517578,86.16000366210938,86.69000244140625,5603800
2023-06-26,83.31562805175781,88.30999755859375,88.44000244140625,86.87999725341797,87.22000122070312,2423500
2023-06-27,84.56096649169922,89.62999725341797,89.98999786376953,88.36000061035156,88.5,2571700
2023-06-28,84.29680633544922,89.3499984741211,89.94000244140625,88.97000122070312,89.66000366210938,3453900
2023-06-29,84.17415618896484,89.22000122070312,89.77999877929688,88.7300033569336,89.5,2661900
2023-06-30,85.27796936035156,90.38999938964844,90.7300033569336,89.45999908447266,89.58999633789062,2491100
2023-07-03,85.62706756591797,90.76000213623047,91.05999755859375,89.61000061035156,90.04000091552734,1217200
2023-07-05,84.35342407226562,89.41000366210938,90.5,89.41000366210938,90.0,1801400
2023-07-06,83.24956512451172,88.23999786376953,88.87999725341797,87.47000122070312,88.66000366210938,2197700
2023-07-07,83.91000366210938,88.94000244140625,89.55999755859375,87.80999755859375,87.83000183105469,1816500
2023-07-10,84.37228393554688,89.43000030517578,90.0199966430664,88.9800033569336,89.0199966430664,3332600
2023-07-11,86.60823822021484,91.80000305175781,91.94999694824219,89.9000015258789,89.9000015258789,3559100
2023-07-12,86.91014862060547,92.12000274658203,93.04000091552734,91.63999938964844,92.63999938964844,2871500
2023-07-13,87.09884643554688,92.31999969482422,92.6500015258789,91.9000015258789,92.30000305175781,1888800
2023-07-14,86.88185119628906,92.08999633789062,92.30999755859375,91.33000183105469,92.29000091552734,1738400
2023-07-17,86.15541076660156,91.31999969482422,92.04000091552734,90.9800033569336,91.83000183105469,1886800
2023-07-18,86.60823822021484,91.80000305175781,91.9800033569336,90.86000061035156,91.08999633789062,1841100
2023-07-19,86.48558807373047,91.66999816894531,91.91999816894531,90.51000213623047,91.31999969482422,1958400
2023-07-20,86.69314575195312,91.88999938964844,92.75,91.80000305175781,92.2699966430664,1844300
2023-07-21,86.07049560546875,91.2300033569336,92.05000305175781,91.16999816894531,91.81999969482422,1643600
2023-07-24,87.02335357666016,92.23999786376953,92.56999969482422,91.56999969482422,91.5999984741211,2205400
2023-07-25,87.35354614257812,92.58999633789062,92.7300033569336,91.7699966430664,91.7699966430664,1844900
2023-07-26,87.16487884521484,92.38999938964844,92.63999938964844,91.69000244140625,91.7699966430664,1789500
2023-07-27,86.64598846435547,91.83999633789062,92.94000244140625,91.56999969482422,92.63999938964844,1869800
2023-07-28,85.8251953125,90.97000122070312,92.6500015258789,90.58000183105469,92.52999877929688,2807600
2023-07-31,86.18370056152344,91.3499984741211,91.76000213623047,90.79000091552734,91.43000030517578,3971700
2023-08-01,86.44786071777344,91.62999725341797,91.86000061035156,90.41000366210938,90.75,3125900
2023-08-02,89.75936126708984,95.13999938964844,98.54000091552734,94.41000366210938,98.54000091552734,7346300
2023-08-03,90.4669418334961,95.88999938964844,97.30000305175781,95.45999908447266,96.11000061035156,4753700
2023-08-04,90.14616394042969,95.55000305175781,97.69000244140625,95.41999816894531,96.7699966430664,3560600
2023-08-07,91.72171783447266,97.22000122070312,97.4000015258789,96.1500015258789,96.30999755859375,2459400
2023-08-08,91.04243469238281,96.5,96.7300033569336,95.31999969482422,96.3499984741211,2099600
2023-08-09,90.60845947265625,96.04000091552734,97.4000015258789,95.97000122070312,96.73999786376953,2246800
2023-08-10,90.59896850585938,95.51000213623047,96.44999694824219,95.12000274658203,95.45999908447266,1614600
2023-08-11,90.817138671875,95.73999786376953,96.20999908447266,95.2699966430664,95.62999725341797,1338800
2023-08-14,90.96891021728516,95.9000015258789,95.98999786376953,95.30999755859375,95.48999786376953,2232700
2023-08-15,90.56101989746094,95.47000122070312,95.80000305175781,95.25,95.37000274658203,2026500
2023-08-16,91.07324981689453,96.01000213623047,96.68000030517578,95.37999725341797,95.37999725341797,2493900
2023-08-17,90.80764770507812,95.7300033569336,97.30999755859375,95.69999694824219,96.8499984741211,2561000
2023-08-18,90.86457824707031,95.79000091552734,96.26000213623047,95.0,95.05000305175781,1978800
2023-08-21,90.1720962524414,95.05999755859375,95.91000366210938,94.13999938964844,95.79000091552734,1842900
2023-08-22,91.13966369628906,96.08000183105469,97.2699966430664,95.5,96.4000015258789,2339300
2023-08-23,91.66136169433594,96.62999725341797,96.91999816894531,95.80999755859375,96.19000244140625,1975800
2023-08-24,90.82662963867188,95.75,97.29000091552734,95.70999908447266,96.43000030517578,2030500
2023-08-25,92.61943817138672,97.63999938964844,98.37999725341797,96.20999908447266,96.20999908447266,4124800
2023-08-28,93.07476806640625,98.12000274658203,98.81999969482422,97.94000244140625,98.38999938964844,2228800
2023-08-29,93.57750701904297,98.6500015258789,98.79000091552734,97.9000015258789,98.12000274658203,2235300
2023-08-30,93.23603057861328,98.29000091552734,99.0999984741211,97.63999938964844,98.79000091552734,3229700
2023-08-31,93.19808197021484,98.25,99.1500015258789,98.01000213623047,98.54000091552734,2604500
2023-09-01,93.83362579345703,98.91999816894531,99.38999938964844,98.3499984741211,98.3499984741211,1762300
2023-09-05,92.84709930419922,97.87999725341797,99.0,97.66000366210938,98.7699966430664,2897800
2023-09-06,93.59648895263672,98.66999816894531,98.94999694824219,97.51000213623047,97.7300033569336,2406300
2023-09-07,94.2889404296875,99.4000015258789,99.61000061035156,98.19000244140625,98.5199966430664,3304200
2023-09-08,93.86209106445312,98.94999694824219,99.6500015258789,98.58999633789062,99.02999877929688,1952200
2023-09-11,94.97193908691406,100.12000274658203,100.55999755859375,98.91000366210938,99.01000213623047,3921500
2023-09-12,94.78221130371094,99.91999816894531,100.62000274658203,99.79000091552734,100.13999938964844,2447900
2023-09-13,92.65739440917969,97.68000030517578,99.94000244140625,97.41999816894531,99.66000366210938,2497000
2023-09-14,93.53008270263672,98.5999984741211,99.05999755859375,98.04000091552734,98.4000015258789,2637000
2023-09-15,93.77672576904297,98.86000061035156,99.69000244140625,97.9000015258789,98.19999694824219,7287100
2023-09-18,94.48815155029297,99.61000061035156,100.37999725341797,98.77999877929688,98.87000274658203,2163200
2023-09-19,93.73876190185547,98.81999969482422,100.01000213623047,98.13999938964844,99.98999786376953,1891700
2023-09-20,92.97042846679688,98.01000213623047,99.66999816894531,97.88999938964844,99.04000091552734,1646300
2023-09-21,91.52857208251953,96.48999786376953,97.83999633789062,96.44000244140625,97.79000091552734,2181300
2023-09-22,92.1072006225586,97.0999984741211,97.63999938964844,96.33000183105469,96.5199966430664,2448700
2023-09-25,93.05579376220703,98.0999984741211,98.13999938964844,96.4000015258789,96.80000305175781,1869200
2023-09-26,90.684326171875,95.5999984741211,97.9800033569336,95.58999633789062,97.9800033569336,2496700
2023-09-27,91.87956237792969,96.86000061035156,97.25,95.56999969482422,96.43000030517578,2323600
2023-09-28,92.02183532714844,97.01000213623047,97.63999938964844,96.5999984741211,97.0199966430664,1861400
2023-09-29,91.60447692871094,96.56999969482422,97.93000030517578,96.44999694824219,97.79000091552734,2041500
2023-10-02,90.78868103027344,95.70999908447266,96.87999725341797,95.05000305175781,96.36000061035156,2600600
2023-10-03,89.97289276123047,94.8499984741211,95.8499984741211,94.02999877929688,95.25,2743200
2023-10-04,89.79267120361328,94.66000366210938,95.25,93.88999938964844,94.75,3361400
2023-10-05,88.7776870727539,93.58999633789062,94.66999816894531,93.33999633789062,94.30000305175781,2758400
2023-10-06,90.15312957763672,95.04000091552734,95.91999816894531,93.26000213623047,93.38999938964844,2154700
2023-10-09,90.94046020507812,95.87000274658203,95.98999786376953,94.7699966430664,95.04000091552734,2581100
2023-10-10,91.41474914550781,96.37000274658203,97.2300033569336,95.76000213623047,96.0,2688300
2023-10-11,92.09771728515625,97.08999633789062,97.22000122070312,96.06999969482422,96.38999938964844,2231300
2023-10-12,91.11119842529297,96.05000305175781,97.5,95.37999725341797,97.5,1853200
2023-10-13,89.88753509521484,94.76000213623047,96.80000305175781,94.48999786376953,96.38999938964844,2136200
2023-10-16,91.3957748413086,96.3499984741211,97.19000244140625,96.0199966430664,96.18000030517578,2670700
2023-10-17,91.03532409667969,95.97000122070312,96.95999908447266,95.79000091552734,96.16000366210938,2196500
2023-10-18,88.88201904296875,93.69999694824219,95.19999694824219,93.63999938964844,95.19999694824219,2503400
2023-10-19,88.35082244873047,93.13999938964844,95.11000061035156,93.0999984741211,93.80999755859375,2678600
2023-10-20,86.7667007446289,91.47000122070312,93.2300033569336,91.33000183105469,92.87000274658203,5700800
2023-10-23,85.52406311035156,90.16000366210938,91.93000030517578,90.0,91.52999877929688,2790800
2023-10-24,86.07423400878906,90.73999786376953,91.22000122070312,90.22000122070312,90.83000183105469,2566000
2023-10-25,84.26245880126953,88.83000183105469,90.66999816894531,88.4000015258789,90.66999816894531,3484300
2023-10-26,84.04426574707031,88.5999984741211,89.37000274658203,87.94000244140625,89.0999984741211,4452200
2023-10-27,83.5035629272461,88.02999877929688,89.0199966430664,87.52999877929688,88.44999694824219,2429300
2023-10-30,83.9019775390625,88.44999694824219,88.5999984741211,87.26000213623047,88.44999694824219,2772900
2023-10-31,84.39524841308594,88.97000122070312,89.06999969482422,88.05000305175781,88.3499984741211,4904100
2023-11-01,85.00234985351562,89.61000061035156,89.63999938964844,88.77999877929688,89.2300033569336,2771600
2023-11-02,86.47264099121094,91.16000366210938,91.41000366210938,89.38999938964844,89.95999908447266,4912200
2023-11-03,87.2409896850586,91.97000122070312,92.69999694824219,91.97000122070312,92.08999633789062,2686600
2023-11-06,87.0228271484375,91.73999786376953,92.18000030517578,90.76000213623047,92.16000366210938,3004000
2023-11-07,80.57247161865234,84.94000244140625,85.0999984741211,83.0999984741211,83.80000305175781,9919900
2023-11-08,80.39224243164062,84.75,86.18000030517578,84.61000061035156,85.48999786376953,5833500
2023-11-09,80.81909942626953,85.19999694824219,87.20999908447266,85.0,85.5,4765100
2023-11-10,82.05225372314453,86.5,86.81999969482422,85.16999816894531,85.75,2922700
2023-11-13,82.14710998535156,86.5999984741211,86.91999816894531,85.91000366210938,86.54000091552734,3123200
2023-11-14,83.99684143066406,88.55000305175781,89.48999786376953,87.51000213623047,87.69000244140625,3645800
2023-11-15,83.82609558105469,88.37000274658203,89.4000015258789,88.08999633789062,88.41999816894531,3273000
2023-11-16,83.49687957763672,87.5,88.23999786376953,87.16999816894531,87.73999786376953,2719600
2023-11-17,85.1858901977539,89.2699966430664,89.41999816894531,87.7300033569336,87.94999694824219,3494200
2023-11-20,84.72786712646484,88.79000091552734,89.36000061035156,88.58999633789062,89.30000305175781,2607000
2023-11-21,84.54656219482422,88.5999984741211,88.66000366210938,87.94000244140625,88.41000366210938,2467100
2023-11-22,84.77557373046875,88.83999633789062,89.13999938964844,88.0199966430664,88.55000305175781,2778800
2023-11-24,84.46067810058594,88.51000213623047,88.97000122070312,88.30999755859375,88.70999908447266,1248100
2023-11-27,83.96446990966797,87.98999786376953,88.48999786376953,87.83999633789062,88.11000061035156,2657800
2023-11-28,83.87859344482422,87.9000015258789,88.70999908447266,87.55000305175781,87.75,3418000
2023-11-29,84.26981353759766,88.30999755859375,88.7300033569336,87.66999816894531,88.5,2128400
2023-11-30,84.83282470703125,88.9000015258789,89.0999984741211,87.98999786376953,88.77999877929688,4201200
2023-12-01,85.99702453613281,90.12000274658203,90.30999755859375,89.05000305175781,89.26000213623047,2651200
2023-12-04,84.84236907958984,88.91000366210938,89.16999816894531,88.16999816894531,88.73999786376953,4068900
2023-12-05,84.30799102783203,88.3499984741211,88.69999694824219,87.77999877929688,88.51000213623047,3327700
2023-12-06,83.68773651123047,87.69999694824219,88.69999694824219,87.58999633789062,88.41000366210938,3336300
2023-12-07,84.66107177734375,88.72000122070312,89.1500015258789,87.70999908447266,88.11000061035156,3577200
2023-12-08,85.4531021118164,89.55000305175781,89.86000061035156,88.52999877929688,88.91999816894531,2365900
2023-12-11,85.6153335571289,89.72000122070312,90.54000091552734,89.45999908447266,89.5999984741211,3068200
2023-12-12,86.30237579345703,90.44000244140625,90.81999969482422,89.16999816894531,89.80000305175781,2905700
2023-12-13,88.01049041748047,92.2300033569336,92.98999786376953,90.66000366210938,91.08000183105469,4146100
2023-12-14,92.12330627441406,96.54000091552734,96.66999816894531,92.94000244140625,92.9800033569336,4417700
2023-12-15,91.2740249633789,95.6500015258789,96.55999755859375,95.30000305175781,95.58000183105469,5091600
2023-12-18,91.65570831298828,96.05000305175781,96.16000366210938,95.29000091552734,95.77999877929688,1889700
2023-12-19,91.35990142822266,95.73999786376953,96.51000213623047,95.55999755859375,96.19999694824219,1856100
2023-12-20,90.3293228149414,94.66000366210938,96.3499984741211,94.63999938964844,95.56999969482422,1782600
2023-12-21,91.3312759399414,95.70999908447266,95.91000366210938,95.01000213623047,95.18000030517578,2113000
2023-12-22,92.02789306640625,96.44000244140625,96.94000244140625,95.75,95.94999694824219,1634000
2023-12-26,93.05845642089844,97.5199966430664,97.69000244140625,96.66999816894531,96.77999877929688,1536400
2023-12-27,93.13480377197266,97.5999984741211,98.08999633789062,97.30000305175781,97.55000305175781,1844400
2023-12-28,92.64813232421875,97.08999633789062,97.75,96.91000366210938,97.66999816894531,1527700
2023-12-29,92.87715911865234,97.33000183105469,97.58000183105469,96.9000015258789,96.93000030517578,1448100
2024-01-02,91.49349212646484,95.87999725341797,96.91999816894531,95.37999725341797,96.5199966430664,2159900
2024-01-03,90.348388671875,94.68000030517578,95.38999938964844,94.25,95.19999694824219,2199000
2024-01-04,90.74917602539062,95.0999984741211,95.94999694824219,94.69000244140625,95.01000213623047,2221200
2024-01-05,91.10225677490234,95.47000122070312,95.58999633789062,94.76000213623047,95.02999877929688,1638300
2024-01-08,91.38853454589844,95.7699966430664,95.81999969482422,94.48999786376953,95.08000183105469,2045500
2024-01-09,90.29114532470703,94.62000274658203,95.62000274658203,94.41000366210938,95.31999969482422,2378500
2024-01-10,90.43428802490234,94.7699966430664,95.0199966430664,94.31999969482422,94.55000305175781,1665200
2024-01-11,90.4629135131836,94.80000305175781,95.11000061035156,93.66999816894531,95.01000213623047,2066900
2024-01-12,90.52969360351562,94.87000274658203,95.62999725341797,94.4800033569336,95.44000244140625,1572100
2024-01-16,88.99336242675781,93.26000213623047,94.37999725341797,92.97000122070312,94.36000061035156,2401700
2024-01-17,88.1917953491211,92.41999816894531,92.9000015258789,91.98999786376953,92.27999877929688,2894200
2024-01-18,89.39415740966797,93.68000030517578,93.80999755859375,92.5999984741211,92.91000366210938,2426300
2024-01-19,90.56787872314453,94.91000366210938,95.0,93.08000183105469,93.5199966430664,5133600
2024-01-22,91.74161529541016,96.13999938964844,96.37000274658203,95.0999984741211,95.0999984741211,2862900
2024-01-23,91.39807891845703,95.77999877929688,96.5999984741211,95.0999984741211,96.55000305175781,1768200
2024-01-24,90.07166290283203,94.38999938964844,96.73999786376953,94.30999755859375,96.73999786376953,2467300
2024-01-25,91.83702850341797,96.23999786376953,96.27999877929688,94.51000213623047,95.2300033569336,2344500
2024-01-26,90.71101379394531,95.05999755859375,96.4800033569336,94.70999908447266,96.4800033569336,2344500
2024-01-29,90.66329193115234,95.01000213623047,95.13999938964844,93.69999694824219,94.70999908447266,2856400
2024-01-30,90.4151840209961,94.75,95.02999877929688,93.73999786376953,94.33999633789062,2896500
2024-01-31,87.53336334228516,91.7300033569336,94.70999908447266,91.6500015258789,94.61000061035156,4273000
2024-02-01,89.47048950195312,93.76000213623047,93.9000015258789,92.44000244140625,92.66000366210938,2724600
2024-02-02,89.6804428100586,93.9800033569336,94.48999786376953,92.75,93.26000213623047,2128600
2024-02-05,89.12696075439453,93.4000015258789,93.4800033569336,92.16000366210938,93.29000091552734,2412800
2024-02-06,89.94762420654297,94.26000213623047,94.37999725341797,93.02999877929688,93.73999786376953,2776000
2024-02-07,99.32788848876953,104.08999633789062,105.70999908447266,100.30000305175781,101.87999725341797,9072200
2024-02-08,97.69612884521484,102.37999725341797,105.25,102.0199966430664,104.62999725341797,5305900
2024-02-09,98.4786148071289,103.19999694824219,103.31999969482422,102.04000091552734,102.45999908447266,3497200
2024-02-12,99.50919342041016,104.27999877929688,104.44999694824219,102.9000015258789,103.18000030517578,3904300
2024-02-13,99.89089965820312,104.68000030517578,104.7300033569336,102.62999725341797,103.41000366210938,5069100
2024-02-14,101.37953186035156,106.23999786376953,106.5999984741211,105.29000091552734,105.66000366210938,5078100
2024-02-15,101.37472534179688,105.70999908447266,106.58999633789062,105.44999694824219,106.06999969482422,3104800
2024-02-16,101.79669189453125,106.1500015258789,107.08000183105469,105.48999786376953,105.72000122070312,3167400
2024-02-20,100.50204467773438,104.80000305175781,106.08999633789062,104.5,106.0,2517500
2024-02-21,100.65548706054688,104.95999908447266,105.41000366210938,103.86000061035156,104.55999755859375,2138700
2024-02-22,100.97196197509766,105.29000091552734,106.16999816894531,105.20999908447266,105.72000122070312,2362600
2024-02-23,101.56654357910156,105.91000366210938,106.16000366210938,105.58000183105469,105.87000274658203,1819800
2024-02-26,101.8350601196289,106.19000244140625,106.52999877929688,105.37999725341797,105.7699966430664,2393700
2024-02-27,101.77750396728516,106.12999725341797,106.79000091552734,105.37000274658203,106.79000091552734,2235600
2024-02-28,101.23088073730469,105.55999755859375,106.2300033569336,105.25,106.19999694824219,2190000
2024-02-29,102.46798706054688,106.8499984741211,107.58000183105469,105.5199966430664,105.98999786376953,5067700
2024-03-01,103.705078125,108.13999938964844,109.18000030517578,107.58999633789062,108.48999786376953,3356800
2024-03-04,105.01889038085938,109.51000213623047,109.83000183105469,108.08999633789062,108.18000030517578,3703200
2024-03-05,104.54898834228516,109.0199966430664,109.66999816894531,108.91999816894531,109.06999969482422,3465000
2024-03-06,105.29700469970703,109.80000305175781,110.63999938964844,109.54000091552734,110.0,2561600
2024-03-07,105.75729370117188,110.27999877929688,111.05000305175781,110.01000213623047,110.30000305175781,2033800
2024-03-08,105.63263702392578,110.1500015258789,111.19999694824219,109.9800033569336,110.69000244140625,1655800
2024-03-11,105.15316009521484,109.6500015258789,109.7699966430664,108.4800033569336,109.62999725341797,1892200
2024-03-12,106.06417846679688,110.5999984741211,110.69000244140625,109.26000213623047,109.7300033569336,1755400
2024-03-13,105.8244400024414,110.3499984741211,111.12999725341797,109.88999938964844,110.70999908447266,1801900
2024-03-14,105.8819808959961,110.41000366210938,111.0,109.69000244140625,110.63999938964844,2883300
2024-03-15,106.05459594726562,110.58999633789062,111.06999969482422,109.58999633789062,109.69000244140625,6537600
2024-03-18,106.50531768798828,111.05999755859375,112.08000183105469,110.95999908447266,111.16999816894531,3071500
2024-03-19,106.72588348388672,111.29000091552734,111.7300033569336,110.19000244140625,110.66999816894531,2544000
2024-03-20,107.42594909667969,112.0199966430664,112.19999694824219,110.2300033569336,111.16000366210938,2195300
2024-03-21,107.98217010498047,112.5999984741211,113.3499984741211,112.0199966430664,112.4800033569336,2410900
2024-03-22,107.83832550048828,112.44999694824219,112.86000061035156,111.9800033569336,112.56999969482422,1479300
2024-03-25,107.14785766601562,111.7300033569336,112.69999694824219,111.63999938964844,112.33000183105469,1435900
2024-03-26,107.35881805419922,111.94999694824219,112.08000183105469,111.30999755859375,111.62000274658203,1812800
2024-03-27,108.79729461669922,113.44999694824219,113.45999908447266,111.6500015258789,112.0,1937300
2024-03-28,108.76852416992188,113.41999816894531,113.88999938964844,113.04000091552734,113.69000244140625,2322600
2024-04-01,108.88362121582031,113.54000091552734,114.11000061035156,113.18000030517578,113.2699966430664,2057200
2024-04-02,108.62468719482422,113.2699966430664,113.56999969482422,112.29000091552734,113.31999969482422,1964400
2024-04-03,108.88362121582031,113.54000091552734,114.19000244140625,113.08000183105469,113.44000244140625,1981800
2024-04-04,108.40412902832031,113.04000091552734,114.94000244140625,112.63999938964844,114.44999694824219,1888400
2024-04-05,109.84260559082031,114.54000091552734,114.7699966430664,113.30000305175781,113.61000061035156,1693800
2024-04-08,109.96726989746094,114.66999816894531,114.97000122070312,113.9800033569336,114.70999908447266,1775600
2024-04-09,109.56449890136719,114.25,115.26000213623047,113.0999984741211,115.0,1877500
2024-04-10,109.40145874023438,114.08000183105469,114.23999786376953,112.5199966430664,112.6500015258789,2012900
2024-04-11,108.86442565917969,113.5199966430664,114.20999908447266,112.95999908447266,114.02999877929688,1673000
2024-04-12,108.0301284790039,112.6500015258789,113.41999816894531,111.81999969482422,112.75,1981100
2024-04-15,107.17662811279297,111.76000213623047,114.37000274658203,111.44000244140625,114.26000213623047,1708500
2024-04-16,106.91768646240234,111.48999786376953,112.0199966430664,110.5,111.87000274658203,2326200
2024-04-17,105.30658721923828,109.80999755859375,112.33000183105469,109.5999984741211,112.05000305175781,2317300
2024-04-18,104.82707977294922,109.30999755859375,110.83000183105469,108.94000244140625,110.83000183105469,1677900
2024-04-19,104.12703704833984,108.58000183105469,110.12000274658203,108.36000061035156,109.58000183105469,2107900
2024-04-22,104.17497253417969,108.62999725341797,109.66999816894531,108.11000061035156,108.83000183105469,2448900
2024-04-23,105.26822662353516,109.7699966430664,110.44000244140625,108.69999694824219,109.0999984741211,2081900
2024-04-24,105.12438201904297,109.62000274658203,110.5,108.6500015258789,110.44000244140625,1876700
2024-04-25,105.1052017211914,109.5999984741211,110.30999755859375,107.80000305175781,108.44999694824219,1640100
2024-04-26,105.38330078125,109.88999938964844,110.7300033569336,109.0199966430664,109.36000061035156,1364500
2024-04-29,105.25863647460938,109.76000213623047,110.76000213623047,109.36000061035156,109.4000015258789,2057900
2024-04-30,103.3598403930664,107.77999877929688,109.9000015258789,107.58999633789062,109.5,3962900
2024-05-01,102.08438110351562,106.44999694824219,108.61000061035156,106.22000122070312,107.52999877929688,3875200
2024-05-02,102.0460433959961,106.41000366210938,107.86000061035156,105.2699966430664,107.19999694824219,3587700
2024-05-03,102.17070770263672,106.54000091552734,107.37999725341797,105.94999694824219,107.16999816894531,5925900
2024-05-06,101.88299560546875,106.23999786376953,107.41000366210938,104.93000030517578,107.02999877929688,7467900
2024-05-07,102.99542999267578,107.4000015258789,107.55999755859375,106.01000213623047,106.61000061035156,6898500
2024-05-08,108.0301284790039,112.6500015258789,113.0,103.9000015258789,104.19999694824219,6172800
2024-05-09,110.84954071044922,115.58999633789062,115.7699966430664,114.12999725341797,114.38999938964844,4983100
2024-05-10,110.81118774414062,115.55000305175781,116.76000213623047,115.16999816894531,116.30999755859375,2422500
2024-05-13,110.11112213134766,114.81999969482422,115.95999908447266,114.70999908447266,115.47000122070312,1857200
2024-05-14,109.66039276123047,114.3499984741211,115.0199966430664,113.97000122070312,114.63999938964844,1514900
2024-05-15,110.11112213134766,114.81999969482422,115.38999938964844,114.38999938964844,115.0,1948900
2024-05-16,108.69012451171875,112.81999969482422,114.63999938964844,112.79000091552734,114.0,1927700
2024-05-17,108.7479248046875,112.87999725341797,113.37999725341797,112.26000213623047,113.37999725341797,1619700
2024-05-20,109.53790283203125,113.69999694824219,114.55000305175781,113.01000213623047,113.11000061035156,1852500
2024-05-21,109.53790283203125,113.69999694824219,114.05000305175781,113.37999725341797,113.54000091552734,2357300
2024-05-22,110.4820327758789,114.68000030517578,114.68000030517578,113.36000061035156,113.68000030517578,1931100
2024-05-23,108.37220001220703,112.48999786376953,115.62000274658203,112.33999633789062,115.44000244140625,2642700
2024-05-24,109.26814270019531,113.41999816894531,113.66999816894531,112.66999816894531,113.04000091552734,1345000
2024-05-28,107.94831085205078,112.05000305175781,114.04000091552734,111.7699966430664,113.66000366210938,2257400
2024-05-29,106.85966491699219,110.91999816894531,111.54000091552734,110.5199966430664,111.29000091552734,1831600
2024-05-30,106.84040832519531,110.9000015258789,111.43000030517578,110.0999984741211,110.77999877929688,2051300
2024-05-31,108.05429077148438,112.16000366210938,112.25,109.54000091552734,110.75,4318100
2024-06-03,105.0388412475586,109.02999877929688,112.79000091552734,108.66999816894531,112.69000244140625,2870300
2024-06-04,102.95793914794922,106.87000274658203,108.87999725341797,106.5,108.27999877929688,3012900
2024-06-05,104.31631469726562,108.27999877929688,108.33000183105469,107.04000091552734,107.48999786376953,2030200
2024-06-06,102.09087371826172,105.97000122070312,108.52999877929688,105.80000305175781,108.36000061035156,2385000
2024-06-07,104.02729797363281,107.9800033569336,108.12999725341797,105.87000274658203,106.1500015258789,3173700
2024-06-10,104.74984741210938,108.7300033569336,109.51000213623047,107.69000244140625,107.9800033569336,1871400
2024-06-11,103.67083740234375,107.61000061035156,108.54000091552734,106.63999938964844,108.19999694824219,1566500
2024-06-12,104.52825164794922,108.5,109.13999938964844,107.25,108.54000091552734,2109700
2024-06-13,104.55715942382812,108.52999877929688,108.7300033569336,107.29000091552734,108.23999786376953,1865700
2024-06-14,102.56293487548828,106.45999908447266,107.75,105.87999725341797,107.36000061035156,1829200
2024-06-17,103.43962860107422,107.37000274658203,107.41000366210938,105.69999694824219,106.5199966430664,2017300
2024-06-18,104.70166778564453,108.68000030517578,108.83999633789062,106.77999877929688,107.3499984741211,2078200
2024-06-20,104.18143463134766,108.13999938964844,108.75,107.70999908447266,108.73999786376953,1984600
2024-06-21,104.4415512084961,108.41000366210938,108.61000061035156,106.69000244140625,108.25,3029100
2024-06-24,105.31822967529297,109.31999969482422,110.1500015258789,108.66999816894531,109.0199966430664,2043900
2024-06-25,103.92132568359375,107.87000274658203,109.55999755859375,107.5,109.20999908447266,2004300
2024-06-26,102.23538208007812,106.12000274658203,107.76000213623047,105.69999694824219,107.37999725341797,2500500
2024-06-27,104.32593536376953,108.29000091552734,108.31999969482422,106.25,106.5,3472900
2024-06-28,106.12748718261719,110.16000366210938,111.05000305175781,108.44000244140625,108.76000213623047,4756200
2024-07-01,104.0947265625,108.05000305175781,111.33999633789062,107.94000244140625,111.05999755859375,2422300
2024-07-02,105.27006530761719,109.2699966430664,109.33999633789062,107.86000061035156,108.0,2474900
2024-07-03,105.54944610595703,109.55999755859375,110.7300033569336,109.11000061035156,109.7300033569336,1074800
2024-07-05,105.453125,109.45999908447266,109.9000015258789,108.2699966430664,109.41999816894531,1468600
2024-07-08,105.94444274902344,109.97000122070312,110.87999725341797,109.93000030517578,110.51000213623047,1510900
2024-07-09,105.57835388183594,109.58999633789062,110.58999633789062,109.01000213623047,109.44999694824219,1266700
2024-07-10,107.4184341430664,111.5,111.61000061035156,109.62999725341797,109.70999908447266,1877700
2024-07-11,109.971435546875,114.1500015258789,114.29000091552734,111.44999694824219,111.7699966430664,2235900
2024-07-12,110.39531707763672,114.58999633789062,115.41999816894531,113.91000366210938,115.01000213623047,2082600
2024-07-15,112.68821716308594,116.97000122070312,117.3499984741211,114.73999786376953,114.83000183105469,2694400
2024-07-16,114.5186538696289,118.87000274658203,119.52999877929688,117.05000305175781,117.5,2423700
2024-07-17,113.9213638305664,118.25,118.75,117.13999938964844,118.3499984741211,3751200
2024-07-18,112.2739486694336,116.54000091552734,118.80000305175781,116.0199966430664,117.16000366210938,4304000
2024-07-19,111.44542694091797,115.68000030517578,117.43000030517578,114.95999908447266,117.36000061035156,2657800
2024-07-22,113.51673126220703,117.83000183105469,117.95999908447266,115.66999816894531,116.47000122070312,2424100
2024-07-23,113.31441497802734,117.62000274658203,118.66999816894531,117.12000274658203,117.5199966430664,1403300
2024-07-24,109.90398406982422,114.08000183105469,117.77999877929688,113.95999908447266,117.08999633789062,2151300
2024-07-25,110.39531707763672,114.58999633789062,116.43000030517578,113.51000213623047,114.33000183105469,2127200
2024-07-26,112.56295776367188,116.83999633789062,117.66000366210938,115.18000030517578,115.6500015258789,1488600
2024-07-29,113.48783111572266,117.80000305175781,118.06999969482422,116.36000061035156,116.9000015258789,1905000
2024-07-30,111.4646987915039,115.69999694824219,118.95999908447266,114.87000274658203,118.18000030517578,3039400
2024-07-31,112.82308197021484,117.11000061035156,118.04000091552734,116.62999725341797,117.58000183105469,2020000
2024-08-01,108.95024108886719,113.08999633789062,117.25,112.30000305175781,117.05999755859375,2533500
2024-08-02,105.2122802734375,109.20999908447266,111.0,107.4800033569336,110.94000244140625,3194500
2024-08-05,102.49549865722656,106.38999938964844,107.77999877929688,105.12999725341797,106.3499984741211,2618600
2024-08-06,103.83460998535156,107.77999877929688,109.36000061035156,106.44000244140625,106.81999969482422,3020300
2024-08-07,95.896240234375,99.54000091552734,106.0,99.29000091552734,103.63999938964844,8060500
2024-08-08,100.78065490722656,104.61000061035156,104.86000061035156,100.45999908447266,100.8499984741211,4877100
2024-08-09,99.89432525634766,103.69000244140625,104.56999969482422,102.25,104.45999908447266,3644600
2024-08-12,99.29702758789062,103.06999969482422,103.98999786376953,102.30000305175781,103.80999755859375,2542900
2024-08-13,100.28932189941406,104.0999984741211,104.30999755859375,102.95999908447266,103.6500015258789,2598600
2024-08-14,99.70165252685547,103.48999786376953,103.98999786376953,102.37000274658203,102.5,3921000
2024-08-15,100.47238159179688,104.29000091552734,105.47000122070312,103.7300033569336,105.0,3309700
2024-08-16,99.81878662109375,103.08999633789062,103.81999969482422,102.23999786376953,103.63999938964844,3416300
2024-08-19,100.54496765136719,103.83999633789062,104.37000274658203,102.93000030517578,103.6500015258789,1761800
2024-08-20,99.84783935546875,103.12000274658203,104.26000213623047,102.80000305175781,103.91999816894531,2500500
2024-08-21,100.71926879882812,104.0199966430664,104.69000244140625,103.08999633789062,103.23999786376953,2262000
2024-08-22,101.04849243164062,104.36000061035156,105.02999877929688,103.4800033569336,104.3499984741211,2419800
2024-08-23,101.31959533691406,104.63999938964844,105.7699966430664,104.02999877929688,105.0,2774400
2024-08-26,101.58103942871094,104.91000366210938,105.66999816894531,104.19000244140625,105.31999969482422,1773300
2024-08-27,100.56434631347656,103.86000061035156,104.87999725341797,103.7699966430664,104.55999755859375,1586600
2024-08-28,100.6127700805664,103.91000366210938,104.79000091552734,103.4800033569336,103.83999633789062,2414800
2024-08-29,100.78705596923828,104.08999633789062,105.45999908447266,103.73999786376953,104.22000122070312,2953600
2024-08-30,102.04580688476562,105.38999938964844,105.5,103.88999938964844,104.29000091552734,3476200
2024-09-03,98.78273010253906,102.0199966430664,104.80000305175781,101.55000305175781,104.58000183105469,3380600
2024-09-04,97.65955352783203,100.86000061035156,102.4000015258789,100.2300033569336,101.75,2767400
2024-09-05,96.79779815673828,99.97000122070312,100.58999633789062,98.31999969482422,100.37000274658203,4207700
2024-09-06,95.07427215576172,98.19000244140625,100.7699966430664,97.3499984741211,99.95999908447266,2780800
2024-09-09,96.420166015625,99.58000183105469,100.1500015258789,98.9000015258789,99.26000213623047,2843100
2024-09-10,95.95539093017578,99.0999984741211,99.83000183105469,98.0999984741211,99.76000213623047,3004700
2024-09-11,96.73969268798828,99.91000366210938,100.06999969482422,96.62000274658203,98.87000274658203,2335500
2024-09-12,98.25019073486328,101.47000122070312,101.5999984741211,99.13999938964844,100.23999786376953,3728800
2024-09-13,98.79241943359375,102.02999877929688,102.7300033569336,101.52999877929688,102.0,2156700
2024-09-16,99.14100646972656,102.38999938964844,103.5,102.0199966430664,102.69000244140625,2361900
2024-09-17,100.60308074951172,103.9000015258789,104.58000183105469,102.80999755859375,102.80999755859375,3125700
2024-09-18,100.39004516601562,103.68000030517578,105.4000015258789,103.41000366210938,104.18000030517578,2129800
2024-09-19,102.54931640625,105.91000366210938,106.25,105.0199966430664,106.05999755859375,2748300
2024-09-20,101.8230972290039,105.16000366210938,105.88999938964844,104.27999877929688,105.2300033569336,8125400
2024-09-23,101.71659851074219,105.05000305175781,106.45999908447266,104.55999755859375,105.73999786376953,2428200
2024-09-24,102.96564483642578,106.33999633789062,108.0,106.05000305175781,106.25,2909100
2024-09-25,101.08721923828125,104.4000015258789,106.94000244140625,104.30999755859375,106.37000274658203,2817200
2024-09-26,105.4444351196289,108.9000015258789,109.16000366210938,105.4800033569336,105.63999938964844,4063100
2024-09-27,105.75426483154297,109.22000122070312,110.45999908447266,108.87000274658203,109.47000122070312,3174200
2024-09-30,105.89952087402344,109.37000274658203,109.55999755859375,108.12000274658203,108.6500015258789,2917100
2024-10-01,105.79300689697266,109.26000213623047,110.23999786376953,108.51000213623047,109.19000244140625,2823700
2024-10-02,106.964599609375,110.47000122070312,110.98999786376953,108.94999694824219,109.26000213623047,3160400
2024-10-03,106.15126037597656,109.62999725341797,110.31999969482422,108.94999694824219,110.01000213623047,3236700
2024-10-04,107.90382385253906,111.44000244140625,111.87999725341797,109.93000030517578,111.87999725341797,2082200
2024-10-07,108.94955444335938,112.5199966430664,112.7699966430664,110.3499984741211,110.66000366210938,2776000
2024-10-08,105.94792938232422,109.41999816894531,111.62000274658203,108.56999969482422,111.44999694824219,2299500
2024-10-09,107.36158752441406,110.87999725341797,111.1500015258789,109.5999984741211,109.91000366210938,1531900
2024-10-10,107.36158752441406,110.87999725341797,111.27999877929688,109.8499984741211,110.79000091552734,1916100
2024-10-11,108.50415802001953,112.05999755859375,112.70999908447266,110.95999908447266,110.95999908447266,2113300
2024-10-14,109.06574249267578,112.63999938964844,112.75,111.44999694824219,112.05999755859375,1201900
2024-10-15,105.78330993652344,109.25,112.73999786376953,109.1500015258789,112.22000122070312,2585800
2024-10-16,107.08079528808594,110.58999633789062,111.18000030517578,109.16999816894531,109.63999938964844,1656900
2024-10-17,106.94524383544922,110.44999694824219,111.2699966430664,109.87000274658203,111.2699966430664,2099100
2024-10-18,106.93555450439453,110.44000244140625,110.98999786376953,109.79000091552734,110.98999786376953,2124100
2024-10-21,106.90650939941406,110.41000366210938,110.80999755859375,109.5999984741211,110.51000213623047,2077600
2024-10-22,106.00601959228516,109.4800033569336,110.01000213623047,108.55000305175781,108.9000015258789,1536600
2024-10-23,105.0667953491211,108.51000213623047,109.58000183105469,107.91000366210938,108.72000122070312,3743800
2024-10-24,104.82473754882812,108.26000213623047,108.66999816894531,107.44999694824219,108.6500015258789,1845200
2024-10-25,104.6988525390625,108.12999725341797,109.08000183105469,107.97000122070312,108.66999816894531,1524100
2024-10-28,105.21204376220703,108.66000366210938,109.29000091552734,108.1500015258789,108.36000061035156,2150900
2024-10-29,105.4541015625,108.91000366210938,109.66999816894531,107.77999877929688,108.26000213623047,1979300
2024-10-30,105.56062316894531,109.0199966430664,109.95999908447266,108.37000274658203,108.41000366210938,2345400
2024-10-31,104.83441925048828,108.2699966430664,109.44999694824219,107.81999969482422,108.54000091552734,3097500
2024-11-01,105.01838684082031,108.45999908447266,109.37000274658203,108.05000305175781,108.30000305175781,1853600
2024-11-04,106.32554626464844,109.80999755859375,110.76000213623047,107.45999908447266,107.75,3434100
2024-11-05,113.9361343383789,117.66999816894531,119.61000061035156,115.37999725341797,115.75,7193800
2024-11-06,122.83452606201172,126.86000061035156,127.73999786376953,123.12999725341797,126.47000122070312,7129100
2024-11-07,123.15404510498047,127.19000244140625,127.37999725341797,124.45999908447266,126.19999694824219,3582400
2024-11-08,123.22183990478516,127.26000213623047,128.55999755859375,126.31999969482422,126.31999969482422,2748200
2024-11-11,125.10026550292969,129.1999969482422,130.0,126.12000274658203,126.12000274658203,3139100
2024-11-12,124.32565307617188,128.39999389648438,130.3000030517578,127.47000122070312,129.17999267578125,3086000
2024-11-13,126.02980041503906,130.16000366210938,131.55999755859375,128.8000030517578,129.0,3125300
2024-11-14,124.90662384033203,129.0,130.75,128.9199981689453,129.77000427246094,3694200
2024-11-15,123.2615737915039,126.77999877929688,129.1199951171875,126.52999877929688,128.4600067138672,2672000
2024-11-18,125.57553100585938,129.16000366210938,129.47000122070312,126.83000183105469,126.93000030517578,3399100
2024-11-19,125.96442413330078,129.55999755859375,129.66000366210938,127.19999694824219,127.19999694824219,2729100
2024-11-20,125.51719665527344,129.10000610351562,130.57000732421875,128.49000549316406,130.10000610351562,2277300
2024-11-21,124.7102279663086,128.27000427246094,130.10000610351562,128.07000732421875,129.02999877929688,2810300
2024-11-22,126.46028137207031,130.07000732421875,130.60000610351562,128.2100067138672,128.69000244140625,2212800
2024-11-25,129.06590270996094,132.75,133.5399932861328,130.67999267578125,130.8000030517578,5740100
2024-11-26,129.30897521972656,133.0,134.1699981689453,132.3000030517578,132.9499969482422,3254600
2024-11-27,128.91033935546875,132.58999633789062,133.63999938964844,131.85000610351562,132.8699951171875,1869300
2024-11-29,128.92005920410156,132.60000610351562,133.5399932861328,132.2899932861328,132.8000030517578,1531700
2024-12-02,130.0576171875,133.77000427246094,134.0500030517578,132.61000061035156,133.5,2922000
2024-12-03,129.69786071777344,133.39999389648438,133.91000366210938,131.0399932861328,133.67999267578125,3092000
2024-12-04,130.60205078125,134.3300018310547,134.85000610351562,133.0500030517578,133.5399932861328,2632700
2024-12-05,129.45480346679688,133.14999389648438,134.4499969482422,132.75,134.16000366210938,2377900
2024-12-06,127.34501647949219,130.97999572753906,133.77000427246094,130.83999633789062,133.52999877929688,2628200
2024-12-09,126.8102798461914,130.42999267578125,132.7100067138672,130.32000732421875,131.27999877929688,2859400
2024-12-10,125.5657958984375,129.14999389648438,130.3800048828125,128.05999755859375,129.7100067138672,2838400
2024-12-11,127.2380599975586,130.8699951171875,131.2899932861328,129.88999938964844,130.55999755859375,2305500
2024-12-12,127.52001953125,131.16000366210938,132.0,130.25,130.9199981689453,2310600
2024-12-13,126.586669921875,130.1999969482422,131.94000244140625,129.64999389648438,131.36000061035156,3097700
2024-12-16,126.57695007324219,130.19000244140625,130.5800018310547,128.6999969482422,129.97999572753906,3205800
2024-12-17,124.5255126953125,128.0800018310547,130.42999267578125,127.54000091552734,129.69000244140625,3603800
2024-12-18,118.98369598388672,122.37999725341797,127.72000122070312,121.87999725341797,127.62999725341797,4162600
2024-12-19,118.95452117919922,122.3499984741211,125.37999725341797,122.1500015258789,124.22000122070312,3272200
2024-12-20,120.64623260498047,124.08999633789062,124.76000213623047,121.08999633789062,121.25,10502000
2024-12-23,120.49066925048828,123.93000030517578,124.41000366210938,122.58000183105469,123.80000305175781,2258900
2024-12-24,122.72685241699219,126.2300033569336,126.30000305175781,123.80999755859375,124.0999984741211,1243300
2024-12-26,122.88240051269531,126.38999938964844,126.83000183105469,125.22000122070312,126.11000061035156,1530200
2024-12-27,122.22127532958984,125.70999908447266,126.58000183105469,124.9000015258789,125.18000030517578,1653500
2024-12-30,120.81150817871094,124.26000213623047,124.97000122070312,122.98999786376953,124.19000244140625,2621000
2024-12-31,120.49066925048828,123.93000030517578,124.91000366210938,123.5,124.27999877929688,2171600
2025-01-02,118.78923797607422,122.18000030517578,125.5,121.23999786376953,125.4000015258789,1837700
2025-01-03,120.01426696777344,123.44000244140625,123.56999969482422,121.77999877929688,122.61000061035156,1621100
2025-01-06,118.70173645019531,122.08999633789062,124.61000061035156,121.75,124.12999725341797,2311000
2025-01-07,117.33086395263672,120.68000030517578,123.68000030517578,119.77999877929688,122.56999969482422,2622200
2025-01-08,116.96141815185547,120.30000305175781,120.5,118.58999633789062,120.5,2562500
2025-01-10,114.66690826416016,117.94000244140625,119.0999984741211,117.22000122070312,118.44000244140625,3736100
2025-01-13,115.18219757080078,118.47000122070312,118.5999984741211,116.5,116.7300033569336,2254900
2025-01-14,116.46556854248047,119.79000091552734,120.58999633789062,118.63999938964844,119.41000366210938,2074200
2025-01-15,117.36975860595703,120.72000122070312,122.5,120.0,122.06999969482422,2405500
2025-01-16,119.8684310913086,123.29000091552734,123.5,120.51000213623047,120.58000183105469,2872000
2025-01-17,121.07402801513672,124.52999877929688,125.41000366210938,123.69999694824219,124.5999984741211,4240200
2025-01-21,125.88663482666016,129.47999572753906,129.60000610351562,125.62999725341797,126.2300033569336,4432800
2025-01-22,126.3338851928711,129.94000244140625,131.6300048828125,129.8000030517578,131.1999969482422,2860500
2025-01-23,127.52974700927734,131.1699981689453,132.05999755859375,128.9199981689453,129.74000549316406,4078000
2025-01-24,126.9755630493164,130.60000610351562,131.80999755859375,130.22000122070312,131.33999633789062,2725900
2025-01-27,125.40052032470703,128.97999572753906,130.0,127.4000015258789,128.0,4261800
2025-01-28,126.39220428466797,130.0,130.75999450683594,127.30000305175781,129.61000061035156,3647900
2025-01-29,125.2741470336914,128.85000610351562,130.52999877929688,128.74000549316406,130.0,2188900
2025-01-30,126.81999969482422,130.44000244140625,131.7100067138672,129.0800018310547,129.6999969482422,2441400
2025-01-31,126.3436050415039,129.9499969482422,131.57000732421875,129.22999572753906,130.94000244140625,4718900
2025-02-03,124.30188751220703,127.8499984741211,129.08999633789062,126.23999786376953,126.87000274658203,3850900
2025-02-04,124.14632415771484,127.69000244140625,129.9499969482422,127.41000366210938,129.0500030517578,3209600
2025-02-05,121.2976303100586,124.76000213623047,127.05000305175781,122.37000274658203,127.02999877929688,4814900
2025-02-06,123.94215393066406,127.4800033569336,128.0,125.0199966430664,126.08000183105469,3931500
2025-02-07,120.91847229003906,124.37000274658203,128.24000549316406,123.79000091552734,128.24000549316406,3012400
2025-02-10,123.23240661621094,126.75,126.80000305175781,124.8499984741211,125.62000274658203,2444500
2025-02-11,123.38797760009766,126.91000366210938,127.08000183105469,125.5,126.1500015258789,1920600
2025-02-12,121.04485321044922,124.5,125.62000274658203,123.9000015258789,124.70999908447266,2078000
2025-02-13,121.8226547241211,125.30000305175781,125.3499984741211,123.93000030517578,124.5199966430664,1951800
2025-02-14,120.42449951171875,123.33999633789062,125.5,123.08000183105469,125.2699966430664,2151800
2025-02-18,122.05502319335938,125.01000213623047,125.69000244140625,123.58000183105469,124.30000305175781,2296100
2025-02-19,121.48873901367188,124.43000030517578,124.55000305175781,122.94000244140625,124.30000305175781,1781200
2025-02-20,121.8011703491211,124.75,124.80000305175781,122.95999908447266,124.44999694824219,1438900
2025-02-21,118.96971893310547,121.8499984741211,125.22000122070312,120.88999938964844,124.94999694824219,2334300
2025-02-24,117.82737731933594,120.68000030517578,122.27999877929688,119.88999938964844,122.02999877929688,2758800
2025-02-25,116.89006805419922,119.72000122070312,120.97000122070312,118.2300033569336,119.47000122070312,2529100
2025-02-26,117.0267562866211,119.86000061035156,121.4000015258789,119.63999938964844,120.58000183105469,2173300
2025-02-27,117.16344451904297,120.0,122.12999725341797,119.88999938964844,120.37000274658203,2575400
2025-02-28,118.73538970947266,121.61000061035156,121.83000183105469,119.12000274658203,120.13999938964844,2590400
2025-03-03,114.40035247802734,117.16999816894531,123.02999877929688,116.4000015258789,122.83999633789062,2585400
2025-03-04,111.33456420898438,114.02999877929688,116.66999816894531,112.62999725341797,115.12000274658203,4194500
2025-03-05,113.1017837524414,115.83999633789062,116.5999984741211,113.69000244140625,114.73999786376953,2853700
2025-03-06,113.58995819091797,116.33999633789062,116.87000274658203,113.58999633789062,114.5199966430664,3488600
2025-03-07,115.80630493164062,118.61000061035156,118.9000015258789,114.94000244140625,115.33000183105469,3986800
2025-03-10,109.18656921386719,111.83000183105469,115.1500015258789,110.80000305175781,113.0999984741211,5156100
2025-03-11,108.10282135009766,110.72000122070312,112.23999786376953,109.0199966430664,112.12999725341797,5095000
2025-03-12,108.219970703125,110.83999633789062,113.0,110.4000015258789,112.45999908447266,2263700
2025-03-13,106.61873626708984,109.19999694824219,111.58000183105469,108.68000030517578,110.55999755859375,2256900
2025-03-14,109.28421783447266,111.93000030517578,112.1500015258789,110.02999877929688,110.9000015258789,2058300
2025-03-17,110.90496826171875,113.58999633789062,114.31999969482422,111.41000366210938,112.0999984741211,2616800
2025-03-18,109.20609283447266,111.8499984741211,113.30999755859375,111.04000091552734,112.8499984741211,2724800
2025-03-19,109.73333740234375,112.38999938964844,112.94999694824219,110.9000015258789,111.88999938964844,4095400
2025-03-20,109.15728759765625,111.80000305175781,112.20999908447266,109.72000122070312,110.87000274658203,3573700
2025-03-21,110.43631744384766,113.11000061035156,113.12999725341797,109.93000030517578,110.66000366210938,9228700
2025-03-24,112.64290618896484,115.37000274658203,115.69999694824219,114.30000305175781,114.58999633789062,2781900
2025-03-25,112.57454681396484,115.30000305175781,116.25,114.58000183105469,115.61000061035156,1656200
2025-03-26,110.90496826171875,113.58999633789062,116.11000061035156,113.02999877929688,115.0,1986300
2025-03-27,109.4306640625,112.08000183105469,113.61000061035156,111.31999969482422,113.5999984741211,2719200
2025-03-28,106.07198333740234,108.63999938964844,111.8499984741211,108.0999984741211,111.56999969482422,3085400
2025-03-31,107.04833221435547,109.63999938964844,110.25,106.5,107.97000122070312,3372400
2025-04-01,107.39983367919922,110.0,110.4000015258789,108.18000030517578,109.3499984741211,2490600
2025-04-02,108.90342712402344,111.54000091552734,111.98999786376953,108.26000213623047,108.33999633789062,2036500
2025-04-03,99.48153686523438,101.88999938964844,107.22000122070312,101.44999694824219,105.98999786376953,3730000
2025-04-04,92.33456420898438,94.56999969482422,97.30999755859375,92.2300033569336,97.05000305175781,5816500
2025-04-07,94.67784118652344,96.97000122070312,99.91000366210938,90.05999755859375,94.0,6936700
2025-04-08,91.92448425292969,94.1500015258789,100.44999694824219,91.94000244140625,99.88999938964844,4819900
2025-04-09,101.96149444580078,104.43000030517578,105.06999969482422,92.36000061035156,93.29000091552734,4978100
2025-04-10,97.37258911132812,99.7300033569336,102.31999969482422,96.01000213623047,101.52999877929688,3565900
2025-04-11,98.11461639404297,100.48999786376953,101.3499984741211,97.61000061035156,99.19000244140625,3621100
2025-04-14,98.65161895751953,101.04000091552734,102.16000366210938,99.73999786376953,102.16000366210938,3388000
2025-04-15,98.06580352783203,100.44000244140625,101.63999938964844,99.87999725341797,100.86000061035156,2972500
2025-04-16,96.337646484375,98.66999816894531,100.36000061035156,97.72000122070312,99.5199966430664,2460400
2025-04-17,97.21636962890625,99.56999969482422,101.05000305175781,99.19999694824219,99.19999694824219,2879200
2025-04-21,94.14082336425781,96.41999816894531,98.54000091552734,95.30999755859375,97.88999938964844,2721600
2025-04-22,97.4311752319336,99.79000091552734,100.11000061035156,97.61000061035156,97.6500015258789,2797700
2025-04-23,98.68091583251953,101.06999969482422,106.79000091552734,100.79000091552734,103.30999755859375,3838100
2025-04-24,102.56684112548828,105.05000305175781,105.23999786376953,100.69000244140625,101.05000305175781,2762700
2025-04-25,102.79139709472656,105.27999877929688,105.97000122070312,104.5199966430664,104.62000274658203,2636100
2025-04-28,102.02983093261719,104.5,106.30000305175781,103.41999816894531,105.12000274658203,2676500
2025-04-29,102.60588836669922,105.08999633789062,105.4000015258789,103.80000305175781,104.30999755859375,1635300
2025-04-30,102.62541961669922,105.11000061035156,105.33000183105469,102.83999633789062,103.88999938964844,3842100
2025-05-01,103.30886840820312,105.80999755859375,107.0199966430664,104.5199966430664,105.63999938964844,2687200
2025-05-02,105.75953674316406,108.31999969482422,109.38999938964844,106.51000213623047,108.0,2569800
2025-05-05,105.818115234375,108.37999725341797,109.25,106.73999786376953,107.0999984741211,2551500
2025-05-06,104.73435974121094,107.2699966430664,108.55999755859375,106.52999877929688,107.05999755859375,4424700
2025-05-07,107.26313781738281,109.86000061035156,115.0,108.37000274658203,114.95999908447266,5066000
2025-05-08,109.72357177734375,112.37999725341797,113.44000244140625,109.52999877929688,110.5199966430664,3481500
2025-05-09,109.8895492553711,112.55000305175781,113.54000091552734,112.0,113.26000213623047,2581400
2025-05-12,116.58739471435547,119.41000366210938,120.13999938964844,117.01000213623047,118.7300033569336,4028400
2025-05-13,118.61822509765625,121.48999786376953,122.62000274658203,119.0199966430664,119.8499984741211,3944200
2025-05-14,118.59869384765625,121.47000122070312,122.23999786376953,121.0999984741211,121.3499984741211,3305100
2025-05-15,117.40755462646484,120.25,121.25,119.58999633789062,120.93000030517578,2496500
2025-05-16,118.27838134765625,120.61000061035156,120.70999908447266,119.30999755859375,120.19999694824219,2712200
2025-05-19,117.2682876586914,119.58000183105469,120.12000274658203,118.7699966430664,118.91999816894531,2651900
2025-05-20,115.70903015136719,117.98999786376953,119.37999725341797,117.45999908447266,118.68000030517578,2770600
2025-05-21,113.90459442138672,116.1500015258789,118.5199966430664,116.0999984741211,117.06999969482422,2243600
2025-05-22,115.08139038085938,117.3499984741211,118.25,114.83000183105469,115.79000091552734,3058500
2025-05-23,115.95419311523438,118.23999786376953,118.44000244140625,114.91000366210938,114.94999694824219,4430900
2025-05-27,118.63141632080078,120.97000122070312,121.0199966430664,118.87000274658203,119.97000122070312,2592000
2025-05-28,117.4251937866211,119.73999786376953,121.48999786376953,119.37999725341797,121.25,2372400
2025-05-29,117.6017074584961,119.91999816894531,120.62000274658203,118.87000274658203,120.4800033569336,1988700
2025-05-30,117.07215118408203,119.37999725341797,119.6500015258789,118.16000366210938,119.44999694824219,4057200
2025-06-02,116.56220245361328,118.86000061035156,119.16000366210938,117.16000366210938,119.01000213623047,2102100
2025-06-03,118.0626220703125,120.38999938964844,121.02999877929688,118.4800033569336,118.94999694824219,2626500
2025-06-04,119.259033203125,121.61000061035156,122.16999816894531,120.47000122070312,121.0,2481100
2025-06-05,120.1318359375,122.5,123.66999816894531,121.55999755859375,122.37999725341797,2823500
2025-06-06,121.122314453125,123.51000213623047,124.44999694824219,122.11000061035156,124.06999969482422,2668600
2025-06-09,123.17190551757812,125.5999984741211,126.4800033569336,124.0,124.18000030517578,3303700
2025-06-10,124.48600769042969,126.94000244140625,127.08000183105469,125.16999816894531,125.75,3314500
2025-06-11,124.0447006225586,126.48999786376953,128.0,125.70999908447266,126.44999694824219,3488600
2025-06-12,124.27025604248047,126.72000122070312,126.86000061035156,124.75,125.44000244140625,3605600
2025-06-13,123.11306762695312,125.54000091552734,126.94000244140625,125.25,125.91000366210938,3368300
2025-06-16,126.1923599243164,128.67999267578125,128.92999267578125,126.44999694824219,127.26000213623047,2853600
2025-06-17,124.90768432617188,127.37000274658203,128.8699951171875,127.3499984741211,128.1300048828125,2788000
2025-06-18,126.17276763916016,128.66000366210938,130.07000732421875,127.0199966430664,127.16999816894531,2429500
2025-06-20,125.84912872314453,128.3300018310547,129.83999633789062,127.8499984741211,129.4499969482422,5780000
2025-06-23,126.90824127197266,129.41000366210938,129.57000732421875,126.80000305175781,128.61000061035156,1901100
2025-06-24,128.20272827148438,130.72999572753906,131.3300018310547,129.63999938964844,130.2899932861328,2723100
2025-06-25,126.93768310546875,129.44000244140625,130.99000549316406,129.02999877929688,130.94000244140625,2589400
2025-06-26,130.1640625,132.72999572753906,133.00999450683594,130.02000427246094,130.25999450683594,3019100
2025-06-27,130.59556579589844,133.1699981689453,134.14999389648438,132.3300018310547,133.41000366210938,4287000
2025-06-30,130.75245666503906,133.3300018310547,133.55999755859375,132.47000122070312,133.33999633789062,2277900
2025-07-01,132.89031982421875,135.50999450683594,135.9600067138672,132.60000610351562,132.94000244140625,2724800
2025-07-02,135.12623596191406,137.7899932861328,138.1199951171875,134.66000366210938,135.8699951171875,2874600
2025-07-03,137.05816650390625,139.75999450683594,139.89999389648438,137.86000061035156,138.11000061035156,1476000
2025-07-07,135.72445678710938,138.39999389648438,139.66000366210938,137.5,139.07000732421875,5800800
2025-07-08,136.04808044433594,138.72999572753906,139.64999389648438,138.32000732421875,138.89999389648438,3312500
2025-07-09,137.09739685058594,139.8000030517578,139.91000366210938,138.02000427246094,139.6999969482422,1939700
2025-07-10,137.9505615234375,140.6699981689453,142.32000732421875,139.58999633789062,140.0,2237600
2025-07-11,137.3916015625,140.10000610351562,140.6199951171875,139.07000732421875,139.63999938964844,2107700
2025-07-14,137.19544982910156,139.89999389648438,140.07000732421875,138.9199981689453,139.60000610351562,1636100
2025-07-15,136.989501953125,139.69000244140625,141.10000610351562,139.27999877929688,140.83999633789062,2311500
2025-07-16,137.5877227783203,140.3000030517578,140.86000061035156,138.42999267578125,140.0500030517578,3253700
2025-07-17,141.59866333007812,144.38999938964844,144.55999755859375,140.5,141.0,3394400
2025-07-18,141.44175720214844,144.22999572753906,145.27999877929688,143.5,144.97000122070312,1918400
2025-07-21,140.1472625732422,142.91000366210938,144.94000244140625,142.86000061035156,144.94000244140625,1986200
2025-07-22,141.54962158203125,144.33999633789062,144.94000244140625,141.89999389648438,143.0399932861328,2684500
2025-07-23,144.04052734375,146.8800048828125,147.02000427246094,145.1699981689453,145.5399932861328,2996600
2025-07-24,143.981689453125,146.82000732421875,147.57000732421875,146.19000244140625,146.77999877929688,3024500
2025-07-25,146.7373504638672,149.6300048828125,149.83999633789062,146.58999633789062,147.49000549316406,2594100
2025-07-28,146.59024047851562,149.47999572753906,149.8300018310547,148.75999450683594,149.50999450683594,2528600
2025-07-29,144.7564239501953,147.61000061035156,150.27000427246094,146.13999938964844,150.0,3428100
2025-07-30,143.2363739013672,146.05999755859375,147.64999389648438,145.22999572753906,147.64999389648438,3814900
2025-07-31,142.69699096679688,145.50999450683594,147.25,144.9499969482422,146.16000366210938,4561600
2025-08-01,139.03912353515625,141.77999877929688,142.47999572753906,139.82000732421875,142.11000061035156,4078700
2025-08-04,139.86288452148438,142.6199951171875,143.13999938964844,141.61000061035156,142.49000549316406,4189900
2025-08-05,137.85250854492188,140.57000732421875,143.13999938964844,139.3699951171875,142.60000610351562,5765000
2025-08-06,131.3408660888672,133.92999267578125,134.38999938964844,123.70999908447266,130.7899932861328,12875800
2025-08-07,130.26214599609375,132.8300018310547,135.99000549316406,131.0,135.75,5119500
2025-08-08,130.17388916015625,132.74000549316406,134.1699981689453,131.8000030517578,133.2100067138672,2443700
2025-08-11,129.4089813232422,131.9600067138672,133.32000732421875,131.72999572753906,132.97999572753906,2259000
2025-08-12,130.3798065185547,132.9499969482422,133.36000061035156,131.13999938964844,132.1999969482422,3713000
2025-08-13,132.3901824951172,135.0,135.13999938964844,133.02999877929688,133.5,3274200
2025-08-14,131.77235412597656,134.3699951171875,135.05999755859375,132.86000061035156,134.25999450683594,3193400
2025-08-15,129.71270751953125,131.75,133.99000549316406,131.44000244140625,133.9199981689453,3316400
2025-08-18,129.79147338867188,131.8300018310547,132.33999633789062,130.6699981689453,131.02999877929688,2781700
2025-08-19,129.55517578125,131.58999633789062,132.8300018310547,130.5500030517578,132.0,1714700
2025-08-20,128.86599731445312,130.88999938964844,132.02999877929688,130.14999389648438,131.24000549316406,2062200
2025-08-21,128.078369140625,130.08999633789062,131.32000732421875,129.89999389648438,130.41000366210938,3035800
2025-08-22,131.70147705078125,133.77000427246094,134.5399932861328,130.22000122070312,130.94000244140625,3643200
2025-08-25,130.33297729492188,132.3800048828125,134.13999938964844,132.3800048828125,133.77999877929688,2123200
2025-08-26,131.28797912597656,133.35000610351562,133.50999450683594,132.24000549316406,132.35000610351562,3381400
2025-08-27,131.3864288330078,133.4499969482422,133.80999755859375,132.5500030517578,132.97000122070312,2520300
2025-08-28,132.46942138671875,134.5500030517578,135.08999633789062,133.77000427246094,134.0,3487700
2025-08-29,129.95884704589844,132.0,134.64999389648438,131.6300048828125,133.72000122070312,2345700
2025-09-02,129.3484344482422,131.3800048828125,131.41000366210938,129.0800018310547,130.27000427246094,2771700
2025-09-03,127.49750518798828,129.5,131.35000610351562,128.63999938964844,131.35000610351562,2060000
2025-09-04,131.04183959960938,133.10000610351562,133.13999938964844,129.57000732421875,129.9499969482422,2958700
2025-09-05,130.50033569335938,132.5500030517578,134.47000122070312,130.8000030517578,133.5800018310547,3207900
2025-09-08,130.6775360107422,132.72999572753906,133.82000732421875,131.64999389648438,133.1699981689453,2152400
2025-09-09,130.00807189941406,132.0500030517578,132.7899932861328,131.64999389648438,132.6199951171875,1590100
2025-09-10,131.60301208496094,133.6699981689453,135.4600067138672,132.41000366210938,132.66000366210938,2499300
2025-09-11,135.34425354003906,137.47000122070312,137.67999267578125,133.14999389648438,134.00999450683594,2678500
2025-09-12,133.0109100341797,135.10000610351562,137.5399932861328,135.02999877929688,137.35000610351562,1821900
2025-09-15,133.562255859375,135.66000366210938,136.6199951171875,134.7899932861328,136.00999450683594,1770900
2025-09-16,127.03477478027344,129.02999877929688,132.8699951171875,128.0,131.5800018310547,6082400
2025-09-17,128.9743194580078,131.0,132.52000427246094,129.2100067138672,129.52000427246094,5107000
2025-09-18,129.8702392578125,131.91000366210938,132.5500030517578,130.82000732421875,131.55999755859375,3261500
2025-09-19,130.29359436035156,132.33999633789062,132.66000366210938,130.8300018310547,132.1300048828125,3774200
2025-09-22,130.78585815429688,132.83999633789062,134.0,131.77999877929688,132.47000122070312,3109300
2025-09-23,129.42721557617188,131.4600067138672,133.5500030517578,130.6699981689453,133.38999938964844,2634300
2025-09-24,129.8800811767578,131.9199981689453,133.24000549316406,130.85000610351562,132.8800048828125,3712600
2025-09-25,128.0980682373047,130.11000061035156,130.69000244140625,129.33999633789062,130.0800018310547,1746600
2025-09-26,126.6114273071289,128.60000610351562,131.10000610351562,126.55000305175781,130.4600067138672,6874700
2025-09-29,127.25135803222656,129.25,130.1199951171875,128.52000427246094,129.52000427246094,3018200
2025-09-30,129.15151977539062,131.17999267578125,131.27000427246094,128.91000366210938,129.25999450683594,3589100
2025-10-01,129.16134643554688,131.19000244140625,131.6300048828125,129.57000732421875,129.9499969482422,1926600
2025-10-02,130.9925994873047,133.0500030517578,133.33999633789062,131.22999572753906,132.24000549316406,2424900
2025-10-03,132.67617797851562,134.75999450683594,135.8000030517578,133.14999389648438,133.27000427246094,2711900
2025-10-06,132.68600463867188,134.77000427246094,135.49000549316406,132.7899932861328,133.1999969482422,2218300
2025-10-07,129.45672607421875,131.49000549316406,135.77000427246094,130.88999938964844,135.77000427246094,2625400
2025-10-08,130.8843231201172,132.94000244140625,134.0399932861328,130.85000610351562,132.22000122070312,1699000
2025-10-09,129.49609375,131.52999877929688,134.22999572753906,130.82000732421875,133.4499969482422,1851000
2025-10-10,124.06147003173828,126.01000213623047,132.39999389648438,125.88999938964844,132.10000610351562,2712800
2025-10-13,126.19790649414062,128.17999267578125,129.72999572753906,127.66000366210938,128.5800018310547,2028800
2025-10-14,127.76332092285156,129.77000427246094,131.32000732421875,125.72000122070312,126.0,1981400
2025-10-15,128.25558471679688,130.27000427246094,132.4499969482422,128.4600067138672,131.14999389648438,2636000
2025-10-16,126.89694213867188,128.88999938964844,131.4499969482422,128.44000244140625,130.94000244140625,2430900
2025-10-17,127.28089141845703,129.27999877929688,129.85000610351562,128.00999450683594,128.39999389648438,1971800
2025-10-20,128.3343505859375,130.35000610351562,131.11000061035156,129.2899932861328,130.0500030517578,1813700
2025-10-21,130.12620544433594,132.1699981689453,133.07000732421875,129.27000427246094,129.97999572753906,1779100
2025-10-22,128.0980682373047,130.11000061035156,133.5399932861328,129.88999938964844,133.17999267578125,1913400
2025-10-23,131.1304473876953,133.19000244140625,133.25,130.42999267578125,130.47000122070312,1800600
2025-10-24,130.62831115722656,132.67999267578125,134.57000732421875,132.66000366210938,134.2100067138672,1251200
2025-10-27,132.3808135986328,134.4600067138672,134.89999389648438,133.17999267578125,133.69000244140625,2325500
2025-10-28,132.43988037109375,134.52000427246094,135.8699951171875,133.8300018310547,134.85000610351562,2525800
2025-10-29,134.32032775878906,136.42999267578125,137.82000732421875,134.0,134.75,3356600
2025-10-30,134.70431518554688,136.82000732421875,139.5800018310547,134.72000122070312,135.11000061035156,3160200
2025-10-31,137.4117889404297,139.57000732421875,140.27999877929688,136.4499969482422,136.61000061035156,4636900
2025-11-03,137.8646697998047,140.02999877929688,141.05999755859375,137.86000061035156,139.36000061035156,3373100
2025-11-04,135.610107421875,137.74000549316406,139.5,137.1300048828125,137.77999877929688,3866100
2025-11-05,130.40187072753906,132.4499969482422,135.3300018310547,128.50999450683594,129.49000549316406,4780300
2025-11-06,129.45672607421875,131.49000549316406,134.1300048828125,131.27999877929688,131.47000122070312,3634500
2025-11-07,127.48766326904297,129.49000549316406,131.3300018310547,128.47999572753906,130.00999450683594,4631000
2025-11-10,127.97992706298828,129.99000549316406,130.55999755859375,127.97000122070312,130.4199981689453,2509100
2025-11-11,127.52702331542969,129.52999877929688,131.0,129.25999450683594,130.22999572753906,1689900
2025-11-12,130.39205932617188,132.44000244140625,134.0399932861328,130.2100067138672,130.6199951171875,2564900
2025-11-13,126.47359466552734,128.4600067138672,132.6999969482422,127.88999938964844,131.4199981689453,2346900
2025-11-14,126.1522216796875,127.58000183105469,129.3699951171875,125.79000091552734,126.76000213623047,1955500
2025-11-17,125.50949096679688,126.93000030517578,129.89999389648438,126.68000030517578,127.22000122070312,2827200
2025-11-18,125.33151245117188,126.75,127.83999633789062,125.83000183105469,126.16000366210938,2235800
2025-11-19,126.7356185913086,128.1699981689453,128.97999572753906,126.51000213623047,126.66000366210938,2349100
2025-11-20,122.33541870117188,123.72000122070312,131.19000244140625,123.37999725341797,129.9600067138672,2930200
2025-11-21,126.78506469726562,128.22000122070312,129.35000610351562,123.66999816894531,124.0999984741211,3667900
2025-11-24,127.18058013916016,128.6199951171875,130.2100067138672,127.23999786376953,128.8800048828125,2982700
2025-11-25,129.43505859375,130.89999389648438,132.38999938964844,128.6300048828125,128.94000244140625,2357300
2025-11-26,129.96902465820312,131.44000244140625,132.3800048828125,130.82000732421875,131.52000427246094,1484500
2025-11-28,131.88731384277344,133.3800048828125,133.86000061035156,131.80999755859375,131.80999755859375,1136000
2025-12-01,130.4634246826172,131.94000244140625,133.77999877929688,131.8699951171875,132.1699981689453,2517800
2025-12-02,130.36453247070312,131.83999633789062,132.60000610351562,130.22999572753906,132.5,2049700
2025-12-03,133.38040161132812,134.88999938964844,135.10000610351562,131.0,131.99000549316406,2008800
2025-12-04,135.11082458496094,136.63999938964844,137.02999877929688,134.5399932861328,134.89999389648438,2675300
2025-12-05,135.85243225097656,137.38999938964844,138.08999633789062,136.0,136.33999633789062,1578700
2025-12-08,134.4087677001953,135.92999267578125,137.7100067138672,135.5399932861328,137.7100067138672,2541100
2025-12-09,133.7363739013672,135.25,136.88999938964844,135.22999572753906,135.49000549316406,1646500
2025-12-10,135.47666931152344,137.00999450683594,137.5800018310547,134.0399932861328,134.0399932861328,2651300
2025-12-11,138.00804138183594,139.57000732421875,140.85000610351562,137.0,137.0,2281600
2025-12-12,135.11082458496094,136.63999938964844,140.25999450683594,136.25,139.8300018310547,2240100
2025-12-15,135.72389221191406,137.25999450683594,138.13999938964844,136.52000427246094,138.0,2074500
2025-12-16,132.58935546875,134.08999633789062,137.6199951171875,133.6699981689453,137.36000061035156,3156200
2025-12-17,130.1667938232422,131.63999938964844,135.30999755859375,130.5,134.3000030517578,3510300
2025-12-18,130.1272430419922,131.60000610351562,134.3699951171875,131.5500030517578,133.4499969482422,2309800
2025-12-19,131.49179077148438,132.97999572753906,133.27000427246094,131.4499969482422,131.7899932861328,6229400
2025-12-22,133.4792938232422,134.99000549316406,135.75,133.64999389648438,134.1999969482422,2019100
2025-12-23,133.97369384765625,135.49000549316406,136.1699981689453,134.39999389648438,134.80999755859375,1816000
2025-12-24,134.77464294433594,136.3000030517578,137.25,135.4600067138672,135.4600067138672,916100
2025-12-26,134.1912384033203,135.7100067138672,136.24000549316406,135.1199951171875,136.13999938964844,740100
2025-12-29,133.70672607421875,135.22000122070312,136.22999572753906,135.0,135.30999755859375,1006400
2025-12-30,133.7759246826172,135.2899932861328,135.9499969482422,134.5,135.00999450683594,2246400
2025-12-31,131.23471069335938,132.72000122070312,135.50999450683594,132.64999389648438,135.35000610351562,1895100
2026-01-02,134.30001831054688,135.82000732421875,136.38999938964844,132.67999267578125,133.22999572753906,1889400
2026-01-05,141.2513427734375,142.85000610351562,144.3699951171875,138.0,138.0800018310547,5453300
2026-01-06,143.9903106689453,145.6199951171875,146.19000244140625,142.11000061035156,142.4499969482422,2981000
2026-01-07,140.5591583251953,142.14999389648438,146.3000030517578,142.1300048828125,145.77000427246094,2780900
2026-01-08,142.24014282226562,143.85000610351562,144.11000061035156,141.41000366210938,142.10000610351562,2594500
2026-01-09,142.5862274169922,144.1999969482422,144.72000122070312,142.02000427246094,143.14999389648438,2509400
2026-01-12,143.7332305908203,145.36000061035156,145.91000366210938,143.0500030517578,143.5399932861328,2267200
2026-01-13,144.712158203125,146.35000610351562,147.44000244140625,145.4600067138672,146.0399932861328,3821100
2026-01-14,146.4920196533203,148.14999389648438,148.4199981689453,145.8800048828125,145.92999267578125,4139900
2026-01-15,146.3634796142578,148.02000427246094,151.33999633789062,147.72000122070312,150.00999450683594,3013800
2026-01-16,147.78736877441406,149.4600067138672,150.57000732421875,148.60000610351562,148.9499969482422,3438100
2026-01-20,143.5948028564453,145.22000122070312,148.6999969482422,144.0,148.0,2725200
2026-01-21,147.89613342285156,149.57000732421875,150.5500030517578,145.8699951171875,146.85000610351562,2396500
2026-01-22,148.57838439941406,150.25999450683594,151.74000549316406,149.32000732421875,150.82000732421875,2061200
2026-01-23,146.0272674560547,147.67999267578125,151.3800048828125,147.6699981689453,149.75999450683594,3027400
2026-01-26,147.4610595703125,149.1300048828125,149.58999633789062,147.69000244140625,148.2899932861328,1912400
2026-01-27,146.0173797607422,147.6699981689453,148.75,147.13999938964844,148.0,2543200
2026-01-28,146.7589874267578,148.4199981689453,149.69000244140625,146.4199981689453,147.61000061035156,3351300
2026-01-29,149.03326416015625,150.72000122070312,152.5,148.5399932861328,149.89999389648438,3544800
2026-01-30,145.31532287597656,146.9600067138672,151.1999969482422,146.00999450683594,148.77999877929688,4716800
2026-02-02,146.96664428710938,148.6300048828125,149.19000244140625,147.05999755859375,147.39999389648438,4534100
2026-02-03,150.39781188964844,152.10000610351562,154.0399932861328,149.5500030517578,150.0,4908500
2026-02-04,155.5594024658203,157.32000732421875,160.1300048828125,154.39999389648438,159.47000122070312,9706700
2026-02-05,149.25079345703125,150.94000244140625,156.00999450683594,150.05999755859375,154.61000061035156,5617200
2026-02-06,155.61871337890625,157.3800048828125,157.52000427246094,152.2899932861328,152.7899932861328,3400800
2026-02-09,158.21929931640625,160.00999450683594,161.02999877929688,157.08999633789062,157.52999877929688,3058200
2026-02-10,159.8804931640625,161.69000244140625,163.5399932861328,159.9499969482422,160.1999969482422,3171200
2026-02-11,152.93905639648438,154.6699981689453,165.14999389648438,154.5,163.3000030517578,7595500
2026-02-12,143.3574981689453,144.97999572753906,158.02999877929688,144.85000610351562,155.74000549316406,9898100
2026-02-13,147.0351104736328,148.1300048828125,148.99000549316406,144.10000610351562,145.6999969482422,5181300
2026-02-17,147.7498016357422,148.85000610351562,150.1699981689453,145.0,146.4499969482422,4608200
2026-02-18,150.02284240722656,151.13999938964844,153.4199981689453,149.3300018310547,150.2100067138672,3699400
2026-02-19,150.18167114257812,151.3000030517578,152.25,150.42999267578125,151.0,2254000
2026-02-20,147.521484375,148.6199951171875,152.25,146.3800048828125,150.05999755859375,3140300
2026-02-23,144.43447875976562,145.50999450683594,148.60000610351562,143.8000030517578,147.3300018310547,2446400
2026-02-24,149.76478576660156,150.8800048828125,151.42999267578125,145.47000122070312,146.00999450683594,2927800
2026-02-25,147.3428192138672,148.44000244140625,151.63999938964844,146.8000030517578,151.36000061035156,2418700
2026-02-26,151.5911865234375,152.72000122070312,152.8000030517578,148.16000366210938,149.47999572753906,2676300
2026-02-27,149.6357421875,150.75,151.55999755859375,147.85000610351562,150.05999755859375,2904600
2026-03-02,150.95590209960938,152.0800018310547,152.8000030517578,147.97999572753906,148.0,2504600
2026-03-03,145.4866485595703,146.57000732421875,148.88999938964844,144.86000061035156,147.52999877929688,2915700
2026-03-04,144.13670349121094,145.2100067138672,148.3000030517578,144.00999450683594,147.2899932861328,2660000
2026-03-05,141.16879272460938,142.22000122070312,144.4199981689453,140.60000610351562,143.0,3889800
2026-03-06,137.33731079101562,138.36000061035156,140.0,137.8300018310547,138.94000244140625,2060900
2026-03-09,140.07691955566406,141.1199951171875,141.4499969482422,134.64999389648438,135.97000122070312,3149000
2026-03-10,139.06446838378906,140.10000610351562,142.85000610351562,140.02000427246094,141.39999389648438,3156500
2026-03-11,138.5383758544922,139.57000732421875,139.75,137.1999969482422,139.63999938964844,2043000
2026-03-12,131.20298767089844,132.17999267578125,138.13999938964844,131.61000061035156,137.55999755859375,3356800
2026-03-13,131.26255798339844,132.24000549316406,134.77999877929688,131.82000732421875,133.41000366210938,3531500
2026-03-16,132.1062774658203,133.08999633789062,134.63999938964844,131.91000366210938,133.64999389648438,2352700
2026-03-17,131.51071166992188,132.49000549316406,134.47000122070312,130.00999450683594,133.77999877929688,3407500
2026-03-18,128.92001342773438,129.8800048828125,132.91000366210938,129.63999938964844,132.00999450683594,1997500
2026-03-19,128.93984985351562,129.89999389648438,130.82000732421875,125.94999694824219,127.66000366210938,3141600
2026-03-20,127.2027816772461,128.14999389648438,130.35000610351562,126.62000274658203,129.61000061035156,3353000
2026-03-23,128.87037658691406,129.8300018310547,133.44000244140625,128.74000549316406,129.44000244140625,4006500
2026-03-24,129.18800354003906,130.14999389648438,131.0,127.23999786376953,127.73999786376953,2950600
2026-03-25,129.89276123046875,130.86000061035156,132.52000427246094,129.44000244140625,132.4600067138672,3087600
2026-03-26,125.37638854980469,126.30999755859375,130.52000427246094,125.97000122070312,129.16000366210938,2484400
2026-03-27,124.47311401367188,125.4000015258789,127.62999725341797,123.41999816894531,124.62999725341797,3474600
2026-03-30,122.38864135742188,123.30000305175781,126.83000183105469,122.63999938964844,126.63999938964844,2986500
2026-03-31,130.05157470703125,131.02000427246094,131.25999450683594,125.30000305175781,126.16000366210938,5004400
2026-04-01,131.39158630371094,132.3699951171875,134.39999389648438,131.44000244140625,132.14999389648438,2898100
2026-04-02,130.72653198242188,131.6999969482422,133.25,128.32000732421875,128.74000549316406,2562600
2026-04-06,131.67945861816406,132.66000366210938,132.82000732421875,130.41000366210938,130.97000122070312,2897800
2026-04-07,133.64480590820312,134.63999938964844,134.91000366210938,131.42999267578125,131.75,3030400
2026-04-08,141.6055450439453,142.66000366210938,145.0,140.22000122070312,141.36000061035156,4869700
2026-04-09,143.60067749023438,144.6699981689453,145.41000366210938,142.44000244140625,142.44000244140625,2344400
2026-04-10,142.70733642578125,143.77000427246094,145.77000427246094,143.6699981689453,145.63999938964844,2029400
2026-04-13,143.39224243164062,144.4600067138672,144.5,141.8800048828125,143.41000366210938,2606900
2026-04-14,143.49148559570312,144.55999755859375,145.8699951171875,143.24000549316406,145.42999267578125,1986100
2026-04-15,139.3622283935547,140.39999389648438,144.39999389648438,140.1300048828125,143.3800048828125,2565900
2026-04-16,139.33245849609375,140.3699951171875,141.75999450683594,139.36000061035156,140.67999267578125,3274100
2026-04-17,145.2682647705078,146.35000610351562,147.3800048828125,142.55999755859375,142.55999755859375,3831100
2026-04-20,145.68515014648438,146.77000427246094,147.0800018310547,144.97999572753906,145.4499969482422,2222700
2026-04-21,143.75949096679688,144.8300018310547,148.49000549316406,144.30999755859375,147.05999755859375,1706400
2026-04-22,141.7147216796875,142.77000427246094,147.02999877929688,142.5500030517578,146.35000610351562,2261800
2026-04-23,141.38717651367188,142.44000244140625,143.16000366210938,139.49000549316406,142.0,2660900
2026-04-24,140.3052215576172,141.35000610351562,142.47999572753906,140.2100067138672,142.3699951171875,2455200
2026-04-27,140.42433166503906,141.47000122070312,142.6999969482422,139.5800018310547,141.50999450683594,2595300
2026-04-28,137.39688110351562,138.4199981689453,140.7899932861328,138.0800018310547,140.3699951171875,1779300
2026-04-29,135.55062866210938,136.55999755859375,139.10000610351562,136.33999633789062,138.69000244140625,2866400
2026-04-30,139.40196228027344,140.44000244140625,140.89999389648438,137.25999450683594,137.25999450683594,2736900
2026-05-01,136.43405151367188,137.4499969482422,141.02999877929688,137.22999572753906,141.02999877929688,2759800
2026-05-04,134.45877075195312,135.4600067138672,139.47000122070312,135.42999267578125,137.0,3316600
2026-05-05,137.357177734375,138.3800048828125,140.6699981689453,136.89999389648438,138.32000732421875,4138800
2026-05-06,146.89614868164062,147.99000549316406,149.47000122070312,142.0,142.0,5843800
2026-05-07,140.04714965820312,141.08999633789062,147.9499969482422,139.85000610351562,147.9499969482422,3937800
2026-05-08,140.26551818847656,141.30999755859375,142.89999389648438,139.5,142.57000732421875,2534500
2026-05-11,138.39939880371094,139.42999267578125,141.5,139.08999633789062,141.3000030517578,2487500
2026-05-12,136.26528930664062,137.27999877929688,138.99000549316406,134.5,138.86000061035156,3433300
2026-05-13,136.7417449951172,137.75999450683594,138.4600067138672,135.10000610351562,136.7100067138672,2964600
2026-05-14,136.8608856201172,137.8800048828125,138.97999572753906,136.94000244140625,137.7899932861328,2088500
2026-05-15,132.60031127929688,133.0500030517578,135.4199981689453,131.1699981689453,135.4199981689453,3173400
2026-05-18,131.7731170654297,132.22000122070312,133.25999450683594,130.9499969482422,132.67999267578125,2107200
2026-05-19,130.2084197998047,130.64999389648438,133.00999450683594,128.1300048828125,130.0800018310547,4044400
2026-05-20,132.4109649658203,132.86000061035156,133.97000122070312,129.42999267578125,131.36000061035156,3295200
2026-05-21,134.44406127929688,134.89999389648438,135.1300048828125,130.83999633789062,131.5399932861328,3638000
2026-05-22,135.95892333984375,136.4199981689453,137.5,134.55999755859375,136.11000061035156,2950700
2026-05-26,140.49354553222656,140.97000122070312,141.1699981689453,136.80999755859375,137.75,2689600
2026-05-27,139.24777221679688,139.72000122070312,142.3800048828125,139.39999389648438,141.80999755859375,2388300
2026-05-28,141.31077575683594,141.7899932861328,142.61000061035156,137.94000244140625,139.00999450683594,2757100
2026-05-29,143.33392333984375,143.82000732421875,145.57000732421875,141.38999938964844,142.25,3868300
2026-06-01,141.17124938964844,141.64999389648438,142.60000610351562,140.11000061035156,140.66000366210938,2037500
2026-06-02,141.54995727539062,142.02999877929688,143.49000549316406,140.05999755859375,142.0399932861328,2260100
2026-06-03,140.4038543701172,140.8800048828125,143.1199951171875,140.0399932861328,140.3699951171875,2241800
2026-06-04,141.57986450195312,142.05999755859375,142.77999877929688,140.72000122070312,141.80999755859375,1838700
2026-06-05,137.65316772460938,138.1199951171875,141.16000366210938,137.2899932861328,140.92999267578125,2232600
2026-06-08,138.5999755859375,139.07000732421875,140.0,137.86000061035156,138.85000610351562,1599000
2026-06-09,141.9386444091797,142.4199981689453,142.94000244140625,138.00999450683594,140.32000732421875,2890400
2026-06-10,136.64659118652344,137.11000061035156,144.22999572753906,136.6300048828125,142.39999389648438,2952200
2026-06-11,141.60975646972656,142.08999633789062,142.60000610351562,136.4199981689453,138.88999938964844,2057600
2026-06-12,142.58645629882812,143.07000732421875,144.66000366210938,141.3800048828125,143.8800048828125,2213400
2026-06-15,146.02479553222656,146.52000427246094,149.57000732421875,145.22999572753906,146.25999450683594,2517800
2026-06-16,148.3070526123047,148.80999755859375,151.5800018310547,146.5,147.11000061035156,4229600
2026-06-17,148.49639892578125,149.0,152.75999450683594,148.6699981689453,149.80999755859375,2962300
2026-06-18,150.1508026123047,150.66000366210938,152.8800048828125,150.0800018310547,152.27999877929688,4090300
2026-06-22,149.7023162841797,150.2100067138672,152.0,149.3699951171875,150.72000122070312,2806400
2026-06-23,142.6562042236328,143.13999938964844,146.92999267578125,143.08999633789062,146.83999633789062,2925400
2026-06-24,140.9619598388672,141.44000244140625,144.77000427246094,140.89999389648438,143.25,3726800
2026-06-25,144.84877014160156,145.33999633789062,147.33999633789062,141.9600067138672,143.0,3135200
2026-06-26,143.00503540039062,143.49000549316406,144.83999633789062,141.7899932861328,143.60000610351562,5831700
2026-06-29,142.33729553222656,142.82000732421875,144.0500030517578,141.60000610351562,142.99000549316406,2329200
2026-06-30,142.66616821289062,143.14999389648438,144.1699981689453,141.91000366210938,142.86000061035156,2804700
2026-07-01,139.04844665527344,139.52000427246094,142.72999572753906,139.47000122070312,142.3300018310547,2160500
2026-07-02,138.5800323486328,139.0500030517578,142.0,137.27000427246094,140.5800018310547,2654900
2026-07-06,141.08154296875,141.55999755859375,141.74000549316406,138.5800018310547,139.0399932861328,1896200
2026-07-07,137.4438934326172,137.91000366210938,140.86000061035156,136.97999572753906,140.08999633789062,2159500
2026-07-08,136.0187225341797,136.47999572753906,137.05999755859375,134.1999969482422,136.24000549316406,2838200
2026-07-09,137.33425903320312,137.8000030517578,139.5,136.72999572753906,138.11000061035156,2341400
2026-07-10,138.41061401367188,138.8800048828125,140.38999938964844,138.22000122070312,139.0399932861328,1563400
2026-07-13,134.9224395751953,135.3800048828125,139.27999877929688,134.9499969482422,138.0,1742000
2026-07-14,135.63003540039062,136.08999633789062,138.0500030517578,134.5399932861328,137.2899932861328,1831600
2026-07-15,135.7895050048828,136.25,137.11000061035156,134.60000610351562,136.9499969482422,2249900
2026-07-16,138.6099395751953,139.0800018310547,139.30999755859375,133.5500030517578,133.91000366210938,2499300
2026-07-17,139.06837463378906,139.5399932861328,142.3699951171875,137.52000427246094,138.3000030517578,3253900
2026-07-20,136.11839294433594,136.5800018310547,140.0,135.25,139.4600067138672,2251200
2026-07-21,138.78932189941406,139.25999450683594,140.33999633789062,136.05999755859375,138.6199951171875,1612500
2026-07-22,139.1580810546875,139.6300048828125,140.9199981689453,139.02999877929688,139.1199951171875,1696300
2026-07-23,144.41026306152344,144.89999389648438,145.83999633789062,138.60000610351562,138.6999969482422,4274500
2026-07-24,147.4399871826172,147.94000244140625,149.17999267578125,144.3300018310547,144.89999389648438,3744000
2026-07-27,148.79539489746094,149.3000030517578,150.7899932861328,146.9199981689453,148.60000610351562,2835200
2026-07-28,151.29690551757812,151.80999755859375,152.08999633789062,147.6199951171875,149.0,2740100
2026-07-29,145.23745727539062,145.72999572753906,150.77999877929688,145.10000610351562,150.77999877929688,3601400
2026-07-30,148.1376190185547,148.63999938964844,149.61000061035156,146.75,149.2899932861328,2910900
2026-07-31,149.3136444091797,149.82000732421875,151.0,147.9499969482422,149.72999572753906,3725500
2026-08-03,154.32664489746094,154.85000610351562,154.97999572753906,150.0399932861328,150.6199951171875,3431800
2026-08-04,158.3031463623047,158.83999633789062,159.47999572753906,152.27999877929688,156.0,5333600
2026-08-05,161.92088317871094,162.47000122070312,164.8699951171875,155.5,157.27000427246094,5250800
2026-08-06,156.37966918945312,156.91000366210938,164.85000610351562,156.0,164.32000732421875,3831300
2026-08-07,157.72509765625,158.25999450683594,159.33999633789062,156.91000366210938,157.97000122070312,2826800
2026-08-10,158.17359924316406,158.7100067138672,159.80999755859375,157.35000610351562,158.42999267578125,3570200
2026-08-11,163.82443237304688,164.3800048828125,164.4199981689453,159.0,159.0,2530900
2026-08-12,163.2463836669922,163.8000030517578,166.35000610351562,162.82000732421875,165.9199981689453,2457100
2026-08-13,163.65499877929688,164.2100067138672,164.3699951171875,159.85000610351562,164.25999450683594,2695400
2026-08-14,163.1699981689453,163.1699981689453,164.8000030517578,162.3000030517578,164.25999450683594,2144400
2026-08-17,162.0500030517578,162.0500030517578,164.35000610351562,161.5500030517578,162.99000549316406,2054100
2026-08-18,157.77999877929688,157.77999877929688,161.5,157.72999572753906,161.08999633789062,2120300
2026-08-19,157.60000610351562,157.60000610351562,159.6999969482422,157.17999267578125,159.11000061035156,1554700
2026-08-20,154.72000122070312,154.72000122070312,157.25,154.0800018310547,155.77000427246094,1821600
2026-08-21,157.25999450683594,157.25999450683594,157.47999572753906,155.0800018310547,156.4499969482422,2081300
2026-08-24,157.57000732421875,157.57000732421875,158.1999969482422,156.2100067138672,157.3699951171875,1722000
2026-08-25,154.9600067138672,154.9600067138672,159.82000732421875,154.60000610351562,159.8000030517578,3112000
2026-08-26,158.2899932861328,158.2899932861328,158.6999969482422,155.5,155.5800018310547,2066500
2026-08-27,157.7100067138672,157.7100067138672,158.97999572753906,156.5500030517578,158.60000610351562,1710300
2026-08-28,155.17999267578125,155.17999267578125,158.63999938964844,154.4199981689453,158.27000427246094,1533800
2026-08-31,152.44000244140625,152.44000244140625,154.49000549316406,152.1300048828125,153.77000427246094,2285400
2026-09-01,147.6300048828125,147.6300048828125,152.25999450683594,146.97000122070312,151.47999572753906,2700400
2026-09-02,148.97999572753906,148.97999572753906,150.60000610351562,146.35000610351562,148.00999450683594,2885700
2026-09-03,150.2100067138672,150.2100067138672,151.10000610351562,147.14999389648438,150.25,1596400
2026-09-04,152.82000732421875,152.82000732421875,153.61000061035156,150.1699981689453,150.1699981689453,2036700
2026-09-08,152.14999389648438,152.14999389648438,153.9499969482422,151.6999969482422,153.17999267578125,1930100
2026-09-09,150.33999633789062,150.33999633789062,152.8800048828125,150.3000030517578,151.1999969482422,2038100
2026-09-10,148.389892578125,148.389892578125,150.14779663085938,146.50999450683594,148.57000732421875,754415
