Price,Adj Close,Close,High,Low,Open,Volume
Ticker,EQIX,EQIX,EQIX,EQIX,EQIX,EQIX
Date,,,,,,
2021-09-10,763.9972534179688,844.0,850.8900146484375,832.9099731445312,845.6699829101562,475200
2021-09-13,759.9599609375,839.5399780273438,852.9299926757812,833.4600219726562,850.0,435900
2021-09-14,755.7509155273438,834.8900146484375,852.5700073242188,832.7899780273438,847.0,609100
2021-09-15,763.4905395507812,843.4400024414062,850.1500244140625,833.0800170898438,843.7999877929688,466700
2021-09-16,772.3704833984375,853.25,855.4099731445312,838.2000122070312,841.5900268554688,514400
2021-09-17,789.8681640625,872.5800170898438,873.77001953125,844.0800170898438,848.75,3852500
2021-09-20,769.6368408203125,850.22998046875,871.239990234375,840.97998046875,861.8099975585938,856800
2021-09-21,767.79931640625,848.2000122070312,861.489990234375,848.1400146484375,850.0,392300
2021-09-22,778.5892944335938,860.1199951171875,864.3400268554688,842.719970703125,850.739990234375,557900
2021-09-23,767.6271362304688,848.010009765625,868.8200073242188,834.0499877929688,861.1099853515625,637200
2021-09-24,755.5606689453125,834.6799926757812,847.8400268554688,828.52001953125,846.510009765625,472800
2021-09-27,730.9844360351562,807.530029296875,828.9000244140625,807.0900268554688,827.6900024414062,489300
2021-09-28,723.2085571289062,798.9400024414062,802.9299926757812,786.8900146484375,800.0,517300
2021-09-29,725.5982055664062,801.5800170898438,810.760009765625,800.4199829101562,802.75,376400
2021-09-30,715.2335815429688,790.1300048828125,812.0700073242188,789.0700073242188,808.3699951171875,522100
2021-10-01,714.5003662109375,789.3200073242188,796.3800048828125,780.4400024414062,793.0,515100
2021-10-04,711.1419677734375,785.6099853515625,795.739990234375,779.5800170898438,790.8099975585938,405300
2021-10-05,688.0231323242188,760.0700073242188,776.780029296875,755.6500244140625,774.0,675400
2021-10-06,690.0597534179688,762.3200073242188,766.280029296875,747.8800048828125,762.0,725900
2021-10-07,693.83447265625,766.489990234375,774.9000244140625,760.8699951171875,765.719970703125,535500
2021-10-08,679.7764282226562,750.9600219726562,765.1400146484375,748.030029296875,762.6799926757812,468800
2021-10-11,678.9166870117188,750.010009765625,755.02001953125,744.7899780273438,754.1699829101562,320800
2021-10-12,687.4436645507812,759.4299926757812,760.4199829101562,746.219970703125,748.739990234375,352000
2021-10-13,691.082763671875,763.4500122070312,767.8900146484375,755.739990234375,755.739990234375,386600
2021-10-14,696.695068359375,769.6500244140625,776.25,766.1900024414062,769.3300170898438,353500
2021-10-15,707.322021484375,781.3900146484375,784.489990234375,768.0800170898438,772.22998046875,544200
2021-10-18,694.9931640625,767.77001953125,781.989990234375,766.8900146484375,775.4400024414062,475000
2021-10-19,705.7650756835938,779.6699829101562,780.0,769.1199951171875,775.02001953125,549700
2021-10-20,718.5919799804688,793.8400268554688,795.7999877929688,779.6699829101562,779.6699829101562,457700
2021-10-21,733.364990234375,810.1599731445312,815.1500244140625,792.739990234375,798.8499755859375,421000
2021-10-22,743.1956176757812,821.02001953125,824.5399780273438,811.780029296875,815.77001953125,308800
2021-10-25,744.7886962890625,822.780029296875,829.5,815.3499755859375,820.3099975585938,312100
2021-10-26,752.9990234375,831.8499755859375,834.5700073242188,824.22998046875,826.0999755859375,279600
2021-10-27,746.6353149414062,824.8200073242188,849.510009765625,824.4099731445312,843.5599975585938,305300
2021-10-28,766.9844970703125,847.2999877929688,847.8400268554688,824.8200073242188,824.8200073242188,331400
2021-10-29,757.7242431640625,837.0700073242188,849.1099853515625,833.4299926757812,842.010009765625,512400
2021-11-01,751.74072265625,830.4600219726562,836.7000122070312,821.1400146484375,836.7000122070312,365500
2021-11-02,757.5794067382812,836.9099731445312,845.9199829101562,829.1199951171875,833.2000122070312,279800
2021-11-03,758.4573974609375,837.8800048828125,847.0,828.1300048828125,843.5,212600
2021-11-04,727.417724609375,803.5900268554688,809.469970703125,784.8099975585938,808.0,636200
2021-11-05,707.8018798828125,781.9199829101562,809.9500122070312,780.239990234375,808.239990234375,547700
2021-11-08,712.3099365234375,786.9000244140625,792.8200073242188,770.0,783.0,424100
2021-11-09,722.1675415039062,797.7899780273438,804.5599975585938,788.1500244140625,790.760009765625,298200
2021-11-10,707.34033203125,781.4099731445312,801.989990234375,779.5599975585938,796.1199951171875,431400
2021-11-11,701.2390747070312,774.6699829101562,788.3400268554688,770.6199951171875,787.9500122070312,410000
2021-11-12,701.890869140625,775.3900146484375,781.8200073242188,774.2100219726562,781.8099975585938,575300
2021-11-15,722.212890625,797.8400268554688,800.0,775.3900146484375,775.75,739600
2021-11-16,722.3309326171875,795.0999755859375,802.0,794.780029296875,798.27001953125,427400
2021-11-17,724.9655151367188,798.0,803.6900024414062,795.6900024414062,799.8699951171875,594400
2021-11-18,720.2778930664062,792.8400268554688,799.989990234375,791.2100219726562,799.989990234375,330900
2021-11-19,716.3622436523438,788.530029296875,800.760009765625,787.4500122070312,800.0,656300
2021-11-22,706.078369140625,777.2100219726562,788.6199951171875,774.5700073242188,787.469970703125,531000
2021-11-23,708.0314331054688,779.3599853515625,782.1400146484375,771.030029296875,777.969970703125,725100
2021-11-24,724.5929565429688,797.5900268554688,798.1900024414062,771.0800170898438,782.1500244140625,325500
2021-11-26,721.1860961914062,793.8400268554688,813.7899780273438,789.5399780273438,796.6199951171875,325300
2021-11-29,744.9519653320312,820.0,822.1300048828125,790.6099853515625,796.8300170898438,589100
2021-11-30,737.865966796875,812.2000122070312,833.3800048828125,810.8099975585938,817.2899780273438,1068900
2021-12-01,729.916748046875,803.4500122070312,823.0,802.47998046875,815.52001953125,834000
2021-12-02,725.5195922851562,798.6099853515625,805.2100219726562,791.6799926757812,803.5800170898438,457700
2021-12-03,721.3588256835938,794.030029296875,807.6199951171875,783.6199951171875,807.02001953125,393200
2021-12-06,723.575439453125,796.469970703125,799.8599853515625,789.219970703125,795.530029296875,299300
2021-12-07,738.4655151367188,812.8599853515625,818.9199829101562,800.5900268554688,803.8300170898438,316500
2021-12-08,739.9191284179688,814.4600219726562,815.6199951171875,802.4099731445312,810.9199829101562,321900
2021-12-09,725.6923217773438,798.7999877929688,814.3400268554688,792.8300170898438,814.3400268554688,247400
2021-12-10,724.8656005859375,797.8900146484375,802.2000122070312,793.739990234375,801.1599731445312,305500
2021-12-13,741.4725341796875,816.1699829101562,820.9099731445312,793.7899780273438,793.7899780273438,408100
2021-12-14,732.078857421875,805.8300170898438,815.0,790.3200073242188,815.0,527300
2021-12-15,742.3084106445312,817.0900268554688,821.469970703125,807.5399780273438,811.27001953125,462600
2021-12-16,747.5865478515625,822.9000244140625,829.6900024414062,818.4500122070312,820.27001953125,385100
2021-12-17,747.0051879882812,822.260009765625,830.8800048828125,811.6300048828125,811.6300048828125,713000
2021-12-20,747.0869140625,822.3499755859375,826.8200073242188,812.02001953125,817.2100219726562,450900
2021-12-21,730.943359375,804.5800170898438,828.3800048828125,799.239990234375,826.47998046875,506500
2021-12-22,743.79833984375,818.72998046875,819.4199829101562,805.8900146484375,810.1599731445312,333200
2021-12-23,743.8255004882812,818.760009765625,821.8200073242188,813.9099731445312,820.0,433200
2021-12-27,758.6791381835938,835.1099853515625,835.1199951171875,818.4199829101562,823.1300048828125,296900
2021-12-28,761.313720703125,838.010009765625,842.2000122070312,829.8900146484375,835.1099853515625,242900
2021-12-29,764.9385986328125,842.0,843.9000244140625,833.3300170898438,840.010009765625,248700
2021-12-30,768.1090698242188,845.489990234375,847.0999755859375,833.5599975585938,842.8300170898438,239200
2021-12-31,768.427001953125,845.8400268554688,853.4199829101562,843.4000244140625,847.0700073242188,278600
2022-01-03,759.587646484375,836.1099853515625,847.7100219726562,819.72998046875,845.6799926757812,351800
2022-01-04,740.073486328125,814.6300048828125,839.0499877929688,810.989990234375,832.9000244140625,399000
2022-01-05,716.8799438476562,789.0999755859375,814.4199829101562,787.6599731445312,812.8699951171875,394800
2022-01-06,704.1431274414062,775.0800170898438,784.4500122070312,761.4199829101562,781.5499877929688,366700
2022-01-07,704.0159301757812,774.9400024414062,783.989990234375,759.7000122070312,759.7000122070312,355700
2022-01-10,694.3772583007812,764.3300170898438,764.5599975585938,743.6099853515625,756.780029296875,415300
2022-01-11,696.6937255859375,766.8800048828125,767.6500244140625,749.510009765625,759.75,322600
2022-01-12,694.4951782226562,764.4600219726562,777.2899780273438,762.030029296875,763.8499755859375,343300
2022-01-13,679.6505126953125,748.1199951171875,767.9000244140625,746.4400024414062,767.77001953125,424700
2022-01-14,678.4151000976562,746.760009765625,749.4000244140625,730.0499877929688,745.0900268554688,510800
2022-01-18,674.9447631835938,742.9400024414062,745.75,726.7100219726562,733.2999877929688,460800
2022-01-19,663.6342163085938,730.489990234375,752.1500244140625,729.5900268554688,742.7999877929688,471400
2022-01-20,663.65234375,730.510009765625,746.780029296875,728.9099731445312,732.9600219726562,425300
2022-01-21,655.5396118164062,721.5800170898438,741.739990234375,720.9299926757812,735.6199951171875,374600
2022-01-24,663.9521484375,730.8400268554688,731.6799926757812,700.97998046875,720.8599853515625,620500
2022-01-25,653.8045043945312,719.6699829101562,730.5,715.0,728.1599731445312,477800
2022-01-26,632.1463623046875,695.8300170898438,727.6699829101562,692.510009765625,720.0999755859375,559700
2022-01-27,620.5087890625,683.02001953125,705.1699829101562,680.5,700.4400024414062,487700
2022-01-28,642.8026733398438,707.5599975585938,707.739990234375,673.1599731445312,686.030029296875,619300
2022-01-31,658.5557861328125,724.9000244140625,725.6699829101562,708.9500122070312,712.6400146484375,679000
2022-02-01,649.8251953125,715.2899780273438,727.989990234375,707.6300048828125,726.75,508900
2022-02-02,650.969970703125,716.5499877929688,723.1300048828125,714.4400024414062,718.47998046875,393700
2022-02-03,647.6632080078125,712.9099731445312,719.030029296875,704.1300048828125,710.5800170898438,438600
2022-02-04,637.8877563476562,702.1500244140625,713.9199829101562,700.7899780273438,705.0,400500
2022-02-07,634.25390625,698.1500244140625,708.0,695.6400146484375,702.0900268554688,400300
2022-02-08,627.322265625,690.52001953125,704.0900268554688,689.5900268554688,693.0399780273438,750400
2022-02-09,652.84130859375,718.6099853515625,719.5599975585938,703.6300048828125,703.6300048828125,596700
2022-02-10,624.778564453125,687.719970703125,713.6099853515625,685.9099731445312,705.1599731445312,415700
2022-02-11,610.0611572265625,671.52001953125,695.760009765625,668.9199829101562,689.1799926757812,484100
2022-02-14,608.1170654296875,669.3800048828125,673.97998046875,662.4500122070312,666.8900146484375,539400
2022-02-15,611.7509765625,673.3800048828125,680.6799926757812,670.2999877929688,675.530029296875,443900
2022-02-16,611.9326782226562,673.5800170898438,677.6400146484375,666.239990234375,677.6400146484375,451300
2022-02-17,628.3125610351562,691.6099853515625,719.9500122070312,689.4400024414062,713.1400146484375,767100
2022-02-18,629.5208129882812,692.9400024414062,702.52001953125,688.219970703125,691.1799926757812,536400
2022-02-22,618.4647216796875,680.77001953125,691.7999877929688,676.0,679.0,588800
2022-02-23,612.4323120117188,674.1300048828125,693.1900024414062,672.3200073242188,681.8099975585938,415800
2022-02-24,640.9222412109375,705.489990234375,709.1900024414062,662.260009765625,668.0,832300
2022-02-25,650.2341918945312,715.739990234375,718.5900268554688,691.8599853515625,700.0,565800
2022-02-28,644.7741088867188,709.72998046875,711.02001953125,698.6099853515625,707.6699829101562,583100
2022-03-01,645.74609375,710.7999877929688,717.0599975585938,703.6599731445312,711.4500122070312,506300
2022-03-02,644.5288696289062,709.4600219726562,712.0,699.0399780273438,705.4400024414062,530500
2022-03-03,654.8492431640625,720.8200073242188,725.2999877929688,709.02001953125,710.280029296875,406900
2022-03-04,657.7688598632812,720.9199829101562,725.469970703125,713.3599853515625,717.719970703125,463800
2022-03-07,641.482421875,703.0700073242188,720.5599975585938,701.969970703125,717.9400024414062,460600
2022-03-08,621.7289428710938,681.4199829101562,703.780029296875,681.0700073242188,703.780029296875,702900
2022-03-09,642.513671875,704.2000122070312,713.77001953125,688.1199951171875,699.4500122070312,465300
2022-03-10,644.5936889648438,706.47998046875,708.260009765625,687.0,689.8099975585938,464900
2022-03-11,632.79638671875,693.5499877929688,711.0999755859375,693.530029296875,710.8200073242188,359900
2022-03-14,623.718017578125,683.5999755859375,702.239990234375,676.3900146484375,698.739990234375,355100
2022-03-15,640.1776733398438,701.6400146484375,704.0,681.3300170898438,693.1199951171875,330800
2022-03-16,642.3858032226562,704.0599975585938,711.219970703125,690.4199829101562,707.239990234375,434300
2022-03-17,656.8016967773438,719.8599853515625,720.3499755859375,705.77001953125,705.77001953125,312200
2022-03-18,668.1156005859375,732.260009765625,734.8400268554688,719.8599853515625,724.8800048828125,714700
2022-03-21,654.8765258789062,717.75,735.5,713.5999755859375,728.1500244140625,348800
2022-03-22,656.1083374023438,719.0999755859375,721.4000244140625,714.7999877929688,719.6099853515625,348800
2022-03-23,645.81640625,707.8200073242188,718.22998046875,701.969970703125,715.8599853515625,264800
2022-03-24,649.2926025390625,711.6300048828125,711.989990234375,702.5399780273438,708.9199829101562,273600
2022-03-25,647.9330444335938,710.1400146484375,717.739990234375,700.5499877929688,717.1199951171875,361400
2022-03-28,666.8927612304688,730.9199829101562,733.6400146484375,706.6900024414062,709.8900146484375,515500
2022-03-29,694.6846313476562,761.3800048828125,765.0700073242188,730.0,730.0,663200
2022-03-30,687.7776489257812,753.8099975585938,763.010009765625,746.6099853515625,759.0,331100
2022-03-31,676.6555786132812,741.6199951171875,763.8099975585938,740.8400268554688,758.0599975585938,556500
2022-04-01,696.1626586914062,763.0,763.6300048828125,738.6599731445312,741.72998046875,357000
2022-04-04,697.494873046875,764.4600219726562,769.2000122070312,760.5599975585938,761.6599731445312,347500
2022-04-05,695.615234375,762.4000244140625,775.9400024414062,757.5999755859375,758.5599975585938,310500
2022-04-06,699.4199829101562,766.5700073242188,767.6699829101562,751.7100219726562,758.4500122070312,371700
2022-04-07,692.7230224609375,759.22998046875,766.969970703125,754.0399780273438,764.739990234375,273200
2022-04-08,701.4364624023438,768.780029296875,769.3800048828125,755.739990234375,760.219970703125,367700
2022-04-11,685.7705688476562,751.6099853515625,774.0,749.1300048828125,768.0,267400
2022-04-12,676.6829833984375,741.6500244140625,751.9400024414062,737.8099975585938,749.5,275900
2022-04-13,686.0625610351562,751.9299926757812,752.8400268554688,741.3400268554688,742.5700073242188,263000
2022-04-14,670.8344116210938,735.239990234375,753.02001953125,734.1799926757812,753.02001953125,274400
2022-04-18,666.6556396484375,730.6599731445312,738.8200073242188,726.260009765625,738.8200073242188,264500
2022-04-19,688.15185546875,754.219970703125,756.7899780273438,730.6599731445312,730.6599731445312,464000
2022-04-20,700.8798828125,768.1699829101562,772.7999877929688,754.3200073242188,758.0,466700
2022-04-21,691.2630615234375,757.6300048828125,776.3499755859375,756.7999877929688,766.5499877929688,350800
2022-04-22,680.113525390625,745.4099731445312,759.1400146484375,744.6599731445312,757.6599731445312,312700
2022-04-25,686.6007690429688,752.52001953125,755.4099731445312,738.239990234375,749.780029296875,566900
2022-04-26,674.5206909179688,739.280029296875,757.5700073242188,738.3800048828125,750.0,434500
2022-04-27,655.0133666992188,717.9000244140625,744.0499877929688,716.7899780273438,733.0,488700
2022-04-28,690.1865234375,756.4500122070312,760.3499755859375,732.2000122070312,746.4099731445312,571900
2022-04-29,656.0899658203125,719.0800170898438,758.5599975585938,717.0700073242188,752.5399780273438,649000
2022-05-02,640.862060546875,702.3900146484375,721.6500244140625,686.530029296875,721.6500244140625,488800
2022-05-03,658.1337280273438,721.3200073242188,726.8099975585938,703.280029296875,707.5599975585938,419000
2022-05-04,668.0060424804688,732.1400146484375,734.1400146484375,709.1699829101562,721.4000244140625,352200
2022-05-05,650.8983764648438,713.3900146484375,735.6900024414062,708.0800170898438,735.6900024414062,470700
2022-05-06,650.9440307617188,713.4400024414062,715.8099975585938,698.7999877929688,708.0900268554688,295100
2022-05-09,596.88427734375,654.1900024414062,709.47998046875,651.72998046875,709.47998046875,664400
2022-05-10,574.8587646484375,630.0499877929688,668.7999877929688,623.1199951171875,663.47998046875,687800
2022-05-11,569.4940185546875,624.1699829101562,645.75,621.5499877929688,631.6199951171875,741700
2022-05-12,574.703857421875,629.8800048828125,631.5499877929688,621.3400268554688,623.9099731445312,711200
2022-05-13,602.0029296875,659.7999877929688,662.7999877929688,635.1699829101562,642.4199829101562,690800
2022-05-16,589.7948608398438,646.4199829101562,660.3200073242188,646.2000122070312,658.5,405600
2022-05-17,592.9945068359375,646.8099975585938,651.9099731445312,637.5399780273438,651.9099731445312,364000
2022-05-18,584.4041748046875,637.4400024414062,645.530029296875,633.3699951171875,644.0900268554688,461400
2022-05-19,582.249755859375,635.0900268554688,648.239990234375,632.5599975585938,632.5599975585938,448600
2022-05-20,597.5602416992188,651.7899780273438,653.3400268554688,639.8900146484375,645.2000122070312,587800
2022-05-23,608.3234252929688,663.530029296875,663.739990234375,649.4299926757812,658.3900146484375,475200
2022-05-24,615.9144897460938,671.8099975585938,674.989990234375,651.9099731445312,662.0800170898438,479800
2022-05-25,629.4097900390625,686.530029296875,689.3800048828125,672.2899780273438,673.219970703125,582100
2022-05-26,614.2550048828125,670.0,693.3499755859375,669.4199829101562,686.0599975585938,566700
2022-05-27,635.9649047851562,693.6799926757812,693.6900024414062,673.3499755859375,673.969970703125,613200
2022-05-31,629.9232788085938,687.0900268554688,692.4600219726562,676.9400024414062,689.219970703125,633600
2022-06-01,622.5062866210938,679.0,689.8699951171875,676.469970703125,689.8699951171875,369800
2022-06-02,636.8450317382812,694.6400146484375,694.760009765625,665.3400268554688,674.260009765625,369900
2022-06-03,621.9928588867188,678.4400024414062,688.9500122070312,677.0,688.9500122070312,402700
2022-06-06,634.7547607421875,692.3599853515625,692.8499755859375,680.0700073242188,687.8499755859375,527400
2022-06-07,634.01220703125,691.5499877929688,693.52001953125,671.25,688.3300170898438,549100
2022-06-08,613.026611328125,668.6599731445312,688.4500122070312,664.5800170898438,686.469970703125,612100
2022-06-09,603.6385498046875,658.4199829101562,678.489990234375,658.2000122070312,666.469970703125,411300
2022-06-10,595.1581420898438,649.1699829101562,656.0999755859375,637.4500122070312,649.4299926757812,614600
2022-06-13,565.0047607421875,616.280029296875,641.3300170898438,614.5800170898438,637.6400146484375,710400
2022-06-14,567.0491943359375,618.510009765625,627.4000244140625,606.1199951171875,620.010009765625,561100
2022-06-15,587.8970947265625,641.25,649.6500244140625,623.8300170898438,627.4400024414062,507200
2022-06-16,566.975830078125,618.4299926757812,633.1699829101562,615.1400146484375,626.6900024414062,594600
2022-06-17,580.1593627929688,632.8099975585938,639.5800170898438,621.6799926757812,622.760009765625,2385700
2022-06-21,586.9161987304688,640.1799926757812,646.6400146484375,629.4000244140625,629.7899780273438,512800
2022-06-22,603.2077026367188,657.9500122070312,666.9000244140625,635.8900146484375,635.8900146484375,444900
2022-06-23,621.0579223632812,677.4199829101562,680.030029296875,661.22998046875,661.989990234375,471700
2022-06-24,631.830078125,689.1699829101562,689.5499877929688,676.9199829101562,679.6799926757812,603700
2022-06-27,628.5297241210938,685.5700073242188,691.6599731445312,679.280029296875,685.0700073242188,313000
2022-06-28,613.4300537109375,669.0999755859375,690.4600219726562,667.6400146484375,687.9299926757812,295400
2022-06-29,595.460693359375,649.5,657.0800170898438,612.8099975585938,646.9500122070312,1134900
2022-06-30,602.3550415039062,657.02001953125,665.3499755859375,645.1300048828125,657.1900024414062,798200
2022-07-01,617.0328979492188,673.030029296875,674.0599975585938,654.8699951171875,654.8699951171875,337300
2022-07-05,611.6514892578125,667.1599731445312,670.469970703125,646.8900146484375,665.0800170898438,512000
2022-07-06,607.4066772460938,662.530029296875,674.6500244140625,660.5999755859375,668.219970703125,547400
2022-07-07,605.7656860351562,660.739990234375,674.719970703125,657.5800170898438,669.0,419700
2022-07-08,596.3958129882812,650.52001953125,661.3800048828125,646.52001953125,656.1900024414062,317100
2022-07-11,593.4529418945312,647.3099975585938,653.739990234375,638.47998046875,650.0,235000
2022-07-12,575.9786987304688,628.25,648.5999755859375,623.4600219726562,643.9400024414062,415800
2022-07-13,573.8151245117188,625.8900146484375,633.719970703125,616.3599853515625,621.4199829101562,392700
2022-07-14,561.0165405273438,611.9299926757812,622.4600219726562,610.3800048828125,618.7000122070312,362900
2022-07-15,568.1859130859375,619.75,628.25,614.469970703125,620.72998046875,442700
2022-07-18,563.8035888671875,614.969970703125,626.4099731445312,612.9099731445312,625.2899780273438,361900
2022-07-19,584.34912109375,637.3800048828125,637.719970703125,620.3800048828125,624.2999877929688,381700
2022-07-20,584.34912109375,637.3800048828125,648.719970703125,634.010009765625,639.4099731445312,332800
2022-07-21,596.0933227539062,650.1900024414062,650.4000244140625,637.0,644.1199951171875,354400
2022-07-22,599.3847045898438,653.780029296875,664.760009765625,649.1400146484375,655.780029296875,283000
2022-07-25,595.4424438476562,649.47998046875,657.1799926757812,645.4199829101562,650.22998046875,288600
2022-07-26,588.3098754882812,641.7000122070312,650.52001953125,636.0999755859375,647.7100219726562,338500
2022-07-27,597.9451904296875,652.2100219726562,653.469970703125,641.97998046875,646.9500122070312,385300
2022-07-28,652.1280517578125,711.3099975585938,712.1799926757812,675.1400146484375,679.0,1162400
2022-07-29,645.1878662109375,703.739990234375,715.489990234375,698.7899780273438,704.72998046875,524700
2022-08-01,636.6525268554688,694.4299926757812,703.0700073242188,689.5800170898438,703.0700073242188,359200
2022-08-02,631.4085083007812,688.7100219726562,699.22998046875,682.9299926757812,692.489990234375,400600
2022-08-03,638.2385864257812,696.1599731445312,700.0999755859375,689.75,689.75,408400
2022-08-04,639.0086669921875,697.0,700.0,688.0499877929688,700.0,333000
2022-08-05,639.4761962890625,697.510009765625,698.3699951171875,686.030029296875,688.7999877929688,295700
2022-08-08,639.0269775390625,697.02001953125,711.989990234375,695.25,706.0599975585938,418500
2022-08-09,639.6963500976562,697.75,700.02001953125,693.77001953125,698.969970703125,405500
2022-08-10,650.4320068359375,709.4600219726562,711.0,699.1199951171875,704.5700073242188,446200
2022-08-11,631.9583740234375,689.3099975585938,707.219970703125,686.260009765625,704.1500244140625,354100
2022-08-12,645.9395751953125,704.5599975585938,704.7000122070312,690.0999755859375,695.3200073242188,316900
2022-08-15,655.3184814453125,714.7899780273438,718.0399780273438,703.4299926757812,704.0399780273438,332200
2022-08-16,655.640869140625,712.0399780273438,716.6199951171875,702.010009765625,705.1599731445312,306000
2022-08-17,650.907958984375,706.9000244140625,713.0,699.8099975585938,699.8099975585938,226000
2022-08-18,645.8619995117188,701.4199829101562,713.6099853515625,695.219970703125,710.3200073242188,278500
2022-08-19,641.5987548828125,696.7899780273438,704.5599975585938,694.2100219726562,704.5599975585938,306800
2022-08-22,621.85693359375,675.3499755859375,694.5399780273438,674.3400268554688,692.5,422700
2022-08-23,614.8865356445312,667.780029296875,672.530029296875,662.1500244140625,668.27001953125,402800
2022-08-24,618.2843017578125,671.469970703125,678.7899780273438,666.1300048828125,669.9600219726562,349600
2022-08-25,634.9137573242188,689.530029296875,690.4000244140625,673.1799926757812,677.469970703125,412300
2022-08-26,617.612060546875,670.739990234375,689.77001953125,669.3699951171875,689.530029296875,364100
2022-08-29,607.1057739257812,659.3300170898438,668.8400268554688,658.8699951171875,662.8900146484375,237800
2022-08-30,603.9382934570312,655.8900146484375,667.280029296875,653.7100219726562,661.7100219726562,279900
2022-08-31,605.3011474609375,657.3699951171875,672.2100219726562,655.7999877929688,665.7899780273438,492900
2022-09-01,601.5533447265625,653.2999877929688,654.9199829101562,641.8699951171875,648.0399780273438,313200
2022-09-02,581.1671142578125,631.1599731445312,655.4500122070312,629.4199829101562,652.6900024414062,380100
2022-09-06,581.7933959960938,631.8400268554688,636.3699951171875,625.7000122070312,628.0,286300
2022-09-07,595.9365234375,647.2000122070312,648.77001953125,631.0999755859375,634.3300170898438,317900
2022-09-08,599.3436279296875,650.9000244140625,652.530029296875,640.02001953125,640.02001953125,263800
2022-09-09,605.7799072265625,657.8900146484375,660.2000122070312,648.8400268554688,649.2899780273438,215700
2022-09-12,612.7595825195312,665.469970703125,668.9500122070312,657.6400146484375,657.8900146484375,313800
2022-09-13,585.872314453125,636.27001953125,653.0900268554688,635.2000122070312,652.0499877929688,381700
2022-09-14,577.0419921875,626.6799926757812,636.22998046875,621.7000122070312,633.9500122070312,335300
2022-09-15,567.5025024414062,616.3200073242188,627.469970703125,612.3200073242188,625.280029296875,400200
2022-09-16,575.264892578125,624.75,626.1799926757812,612.0999755859375,619.030029296875,819700
2022-09-19,576.3790893554688,625.9600219726562,626.969970703125,612.22998046875,619.5599975585938,718900
2022-09-20,567.6683349609375,616.5,622.0800170898438,610.3400268554688,621.969970703125,926900
2022-09-21,571.0751953125,620.2000122070312,633.52001953125,618.8599853515625,623.4500122070312,563000
2022-09-22,561.0018310546875,609.260009765625,618.0999755859375,608.5499877929688,617.8800048828125,524300
2022-09-23,546.1494750976562,593.1300048828125,598.75,590.2100219726562,597.8099975585938,932400
2022-09-26,535.5235595703125,581.5900268554688,595.0599975585938,576.0499877929688,590.1799926757812,658300
2022-09-27,522.7244873046875,567.6900024414062,593.6300048828125,567.510009765625,583.8800048828125,498800
2022-09-28,530.8366088867188,576.5,578.7999877929688,563.489990234375,573.4299926757812,519700
2022-09-29,516.9235229492188,561.3900146484375,570.719970703125,558.6300048828125,567.8499755859375,546600
2022-09-30,523.7832641601562,568.8400268554688,573.5399780273438,563.489990234375,568.510009765625,602500
2022-10-03,533.0465087890625,578.9000244140625,581.469970703125,570.469970703125,573.1199951171875,425300
2022-10-04,541.2692260742188,587.8300170898438,595.760009765625,582.719970703125,583.0,519500
2022-10-05,532.5953369140625,578.4099731445312,582.969970703125,571.0,577.4600219726562,344800
2022-10-06,513.2771606445312,557.4299926757812,581.4099731445312,555.3800048828125,577.4400024414062,585100
2022-10-07,498.9404296875,541.8599853515625,554.27001953125,538.0800170898438,549.739990234375,473400
2022-10-10,486.11383056640625,527.9299926757812,548.4199829101562,527.7899780273438,545.3300170898438,487100
2022-10-11,482.7713623046875,524.2999877929688,530.3300170898438,512.5900268554688,528.2899780273438,556100
2022-10-12,471.316650390625,511.8599853515625,523.219970703125,511.2799987792969,519.530029296875,468000
2022-10-13,481.1231384277344,522.510009765625,526.8099975585938,494.8900146484375,496.260009765625,622900
2022-10-14,465.3591003417969,505.3900146484375,532.7000122070312,503.6099853515625,532.7000122070312,494900
2022-10-17,485.1838073730469,526.9199829101562,528.280029296875,518.2999877929688,518.2999877929688,549500
2022-10-18,497.421142578125,540.2100219726562,549.5499877929688,536.030029296875,540.0999755859375,449800
2022-10-19,483.8947448730469,525.52001953125,533.9299926757812,525.3499755859375,531.0800170898438,386200
2022-10-20,484.52081298828125,526.2000122070312,533.0700073242188,520.97998046875,526.7000122070312,439700
2022-10-21,492.2554016113281,534.5999755859375,534.6199951171875,518.5700073242188,524.530029296875,528800
2022-10-24,489.08782958984375,531.1599731445312,541.3599853515625,525.8900146484375,539.6300048828125,355200
2022-10-25,510.9382629394531,554.8900146484375,555.77001953125,534.7000122070312,534.7000122070312,478600
2022-10-26,511.1685791015625,555.1400146484375,560.4000244140625,548.77001953125,553.719970703125,424300
2022-10-27,510.9752197265625,554.9299926757812,565.5999755859375,551.6500244140625,558.4000244140625,499100
2022-10-28,523.055908203125,568.0499877929688,574.5700073242188,548.1900024414062,549.8300170898438,456100
2022-10-31,521.5735473632812,566.4400024414062,570.5399780273438,557.8300170898438,559.260009765625,540400
2022-11-01,510.5884704589844,554.510009765625,576.4000244140625,552.760009765625,572.9099731445312,590500
2022-11-02,505.7451171875,549.25,568.0,546.77001953125,552.0399780273438,677600
2022-11-03,538.985595703125,585.3499755859375,600.0,571.6400146484375,579.6199951171875,831200
2022-11-04,562.6868896484375,611.0900268554688,613.7999877929688,578.9000244140625,587.8800048828125,776800
2022-11-07,558.4788818359375,606.52001953125,617.3099975585938,606.2000122070312,611.77001953125,517600
2022-11-08,549.0223388671875,596.25,610.489990234375,593.3699951171875,607.5399780273438,544500
2022-11-09,550.5875244140625,597.9500122070312,609.0900268554688,592.9099731445312,598.47998046875,480100
2022-11-10,596.6732177734375,648.0,651.0999755859375,616.219970703125,616.219970703125,725600
2022-11-11,608.2752075195312,660.5999755859375,662.6199951171875,645.239990234375,645.239990234375,664100
2022-11-14,588.3309326171875,638.9400024414062,654.0999755859375,638.5,652.0399780273438,413900
2022-11-15,608.12255859375,657.22998046875,658.530029296875,643.1199951171875,644.1500244140625,474500
2022-11-16,599.4805908203125,647.8900146484375,659.5900268554688,647.6199951171875,658.6900024414062,492500
2022-11-17,592.1245727539062,639.9400024414062,643.5599975585938,632.4500122070312,638.8099975585938,331000
2022-11-18,599.036376953125,647.4099731445312,651.3300170898438,639.4299926757812,651.1799926757812,382500
2022-11-21,605.9575805664062,654.8900146484375,657.260009765625,642.2100219726562,645.25,415000
2022-11-22,607.0493774414062,656.0700073242188,656.5999755859375,648.6099853515625,654.5,427900
2022-11-23,621.5762939453125,671.77001953125,671.9500122070312,656.8300170898438,659.1199951171875,284700
2022-11-25,624.2501831054688,674.6599731445312,674.8599853515625,670.1099853515625,672.0700073242188,130500
2022-11-28,613.1007080078125,662.6099853515625,670.9400024414062,659.010009765625,665.9500122070312,595600
2022-11-29,620.8268432617188,670.9600219726562,672.9099731445312,655.9299926757812,661.760009765625,401500
2022-11-30,639.0455932617188,690.6500244140625,692.8800048828125,665.75,667.47998046875,781600
2022-12-01,645.9852294921875,698.1500244140625,707.5700073242188,690.7000122070312,695.0,474200
2022-12-02,639.80419921875,691.469970703125,694.1599731445312,679.760009765625,689.97998046875,524500
2022-12-05,633.1422729492188,684.27001953125,697.5900268554688,682.4500122070312,686.739990234375,345200
2022-12-06,635.5480346679688,686.8699951171875,689.1900024414062,675.22998046875,684.27001953125,377800
2022-12-07,633.9288330078125,685.1199951171875,696.8800048828125,682.0800170898438,687.3800048828125,346800
2022-12-08,632.2818603515625,683.3400268554688,691.9600219726562,679.25,685.8800048828125,360500
2022-12-09,625.3050537109375,675.7999877929688,690.0,673.47998046875,678.0,423700
2022-12-12,629.5336303710938,680.3699951171875,680.5499877929688,671.47998046875,676.219970703125,336100
2022-12-13,654.1832275390625,707.010009765625,714.97998046875,698.02001953125,704.22998046875,618700
2022-12-14,650.8707275390625,703.4299926757812,720.0,699.3800048828125,706.989990234375,553600
2022-12-15,639.7025146484375,691.3599853515625,704.239990234375,685.8900146484375,689.530029296875,583400
2022-12-16,617.9398193359375,667.8400268554688,688.9199829101562,661.280029296875,688.9199829101562,1426500
2022-12-19,609.0109252929688,658.1900024414062,668.239990234375,655.1400146484375,664.530029296875,409800
2022-12-20,603.4221801757812,652.1500244140625,660.8900146484375,648.0399780273438,655.510009765625,422900
2022-12-21,616.1910400390625,665.9500122070312,671.280029296875,655.7000122070312,658.3200073242188,343000
2022-12-22,606.1333618164062,655.0800170898438,660.7999877929688,640.9199829101562,654.0700073242188,350600
2022-12-23,608.5390625,657.6799926757812,658.5599975585938,641.6599731445312,651.1599731445312,214300
2022-12-27,605.6705322265625,654.5800170898438,661.3300170898438,649.3300170898438,661.3300170898438,189800
2022-12-28,603.7830200195312,652.5399780273438,661.739990234375,649.7100219726562,659.989990234375,303400
2022-12-29,615.654541015625,665.3699951171875,670.3300170898438,650.260009765625,656.97998046875,283900
2022-12-30,606.0869750976562,655.030029296875,665.3499755859375,648.22998046875,659.3599853515625,268500
2023-01-03,613.008056640625,662.510009765625,670.8499755859375,654.02001953125,663.2999877929688,371700
2023-01-04,629.330078125,680.1500244140625,688.97998046875,665.7100219726562,668.719970703125,433800
2023-01-05,611.2593383789062,660.6199951171875,674.1199951171875,659.9500122070312,674.1199951171875,267200
2023-01-06,623.5840454101562,673.9400024414062,676.1199951171875,650.6099853515625,661.3200073242188,391400
2023-01-09,630.2645263671875,681.1599731445312,687.8200073242188,670.9400024414062,673.4600219726562,584100
2023-01-10,643.2093505859375,695.1500244140625,695.8400268554688,677.4600219726562,680.0,547000
2023-01-11,661.6871948242188,715.1199951171875,721.9600219726562,698.8599853515625,700.260009765625,414500
2023-01-12,671.143798828125,725.3400268554688,725.7899780273438,706.0,714.5,336800
2023-01-13,667.9513549804688,721.8900146484375,726.6099853515625,714.0999755859375,716.0,210700
2023-01-17,664.3519897460938,718.0,724.1300048828125,713.0,717.8900146484375,376500
2023-01-18,650.1767578125,702.6799926757812,718.1699829101562,699.4000244140625,715.1199951171875,447800
2023-01-19,650.2507934570312,702.760009765625,709.9299926757812,700.2899780273438,702.27001953125,289900
2023-01-20,666.258056640625,720.0599975585938,720.780029296875,693.1799926757812,701.7000122070312,355900
2023-01-23,662.7975463867188,716.3200073242188,724.2000122070312,711.5999755859375,716.52001953125,290100
2023-01-24,665.8509521484375,719.6199951171875,730.6799926757812,714.5700073242188,716.2000122070312,248600
2023-01-25,665.98974609375,719.77001953125,721.97998046875,706.2100219726562,711.2000122070312,378800
2023-01-26,674.7058715820312,729.1900024414062,731.0900268554688,720.3400268554688,720.9000244140625,359200
2023-01-27,675.658935546875,730.219970703125,734.5800170898438,725.5999755859375,725.5999755859375,268400
2023-01-30,670.6994018554688,724.8599853515625,737.7100219726562,722.9500122070312,726.0399780273438,234400
2023-01-31,682.9779663085938,738.1300048828125,742.6699829101562,720.5800170898438,722.8499755859375,542700
2023-02-01,682.9779663085938,738.1300048828125,743.0,720.010009765625,733.0,414000
2023-02-02,696.71826171875,752.97998046875,762.510009765625,742.780029296875,744.5,442500
2023-02-03,678.2311401367188,733.0,744.1699829101562,724.5800170898438,741.3200073242188,425800
2023-02-06,669.7463989257812,723.8300170898438,728.02001953125,717.0499877929688,721.5499877929688,251100
2023-02-07,671.2731323242188,725.47998046875,729.27001953125,715.7000122070312,719.8300170898438,346600
2023-02-08,676.3715209960938,730.989990234375,732.7999877929688,723.6599731445312,725.47998046875,264000
2023-02-09,677.95361328125,732.7000122070312,746.7100219726562,730.7000122070312,741.030029296875,348800
2023-02-10,675.2239990234375,729.75,732.0700073242188,723.6199951171875,729.6199951171875,279500
2023-02-13,683.6626586914062,738.8699951171875,741.3699951171875,733.6199951171875,734.9199829101562,247700
2023-02-14,673.9933471679688,728.4199829101562,740.4500122070312,720.739990234375,734.0,336500
2023-02-15,672.9107666015625,727.25,728.9600219726562,715.9400024414062,717.530029296875,383400
2023-02-16,668.2289428710938,722.1900024414062,727.7899780273438,682.5700073242188,707.75,669500
2023-02-17,663.2047119140625,716.760009765625,718.5700073242188,706.219970703125,715.3300170898438,428000
2023-02-21,650.583740234375,703.1199951171875,711.9299926757812,698.1599731445312,711.3699951171875,463600
2023-02-22,646.28125,698.469970703125,706.6199951171875,693.8300170898438,705.0499877929688,354500
2023-02-23,653.544677734375,706.3200073242188,708.5499877929688,699.6900024414062,707.0,227000
2023-02-24,633.6326904296875,684.7999877929688,702.010009765625,683.4299926757812,702.010009765625,286200
2023-02-27,641.405029296875,693.2000122070312,699.3099975585938,687.719970703125,697.2999877929688,458400
2023-02-28,636.84326171875,688.27001953125,701.6199951171875,688.1900024414062,692.5999755859375,572900
2023-03-01,625.4717407226562,675.97998046875,687.1099853515625,671.1699829101562,684.8099975585938,443000
2023-03-02,636.5657348632812,687.969970703125,688.3300170898438,662.5700073242188,665.72998046875,471000
2023-03-03,652.70263671875,705.4099731445312,707.280029296875,688.27001953125,688.3800048828125,403000
2023-03-06,650.3132934570312,699.4299926757812,707.9199829101562,698.3400268554688,702.5,179600
2023-03-07,637.4173583984375,685.5599975585938,703.030029296875,683.780029296875,701.760009765625,275800
2023-03-08,645.2831420898438,694.02001953125,704.5399780273438,686.4199829101562,687.2899780273438,366900
2023-03-09,634.9253540039062,682.8800048828125,695.6199951171875,679.4600219726562,691.9099731445312,428600
2023-03-10,618.8867797851562,665.6300048828125,684.7899780273438,663.3200073242188,683.5399780273438,477100
2023-03-13,634.7579956054688,682.7000122070312,694.2000122070312,664.5999755859375,664.5999755859375,435800
2023-03-14,642.912109375,691.469970703125,696.6900024414062,682.030029296875,692.8400268554688,500800
2023-03-15,646.1849365234375,694.989990234375,698.7899780273438,685.72998046875,686.4400024414062,492100
2023-03-16,653.2420654296875,702.5800170898438,706.1199951171875,687.6400146484375,691.1300048828125,531400
2023-03-17,642.335693359375,690.8499755859375,707.0499877929688,690.010009765625,704.3200073242188,841400
2023-03-20,641.033935546875,689.4500122070312,693.219970703125,683.47998046875,690.6300048828125,429100
2023-03-21,639.6300048828125,687.9400024414062,692.27001953125,675.7000122070312,692.27001953125,501100
2023-03-22,616.4693603515625,663.030029296875,682.489990234375,662.3699951171875,681.0599975585938,513200
2023-03-23,619.5747680664062,666.3699951171875,682.1900024414062,661.8099975585938,663.0,385500
2023-03-24,633.8283081054688,681.7000122070312,681.7000122070312,661.6599731445312,666.3699951171875,367000
2023-03-27,639.33251953125,687.6199951171875,693.6699829101562,685.25,686.5900268554688,356800
2023-03-28,635.0835571289062,683.0499877929688,688.5599975585938,678.2899780273438,684.989990234375,284600
2023-03-29,645.7387084960938,694.510009765625,697.0499877929688,686.489990234375,691.5900268554688,414200
2023-03-30,652.7119140625,702.010009765625,702.969970703125,696.1699829101562,696.1699829101562,386900
2023-03-31,670.4054565429688,721.0399780273438,722.8800048828125,702.5599975585938,704.2100219726562,614200
2023-04-03,660.0944213867188,709.9500122070312,718.260009765625,705.52001953125,714.25,519300
2023-04-04,660.5870971679688,710.47998046875,715.3699951171875,700.510009765625,706.2100219726562,421100
2023-04-05,654.3948974609375,703.8200073242188,718.4000244140625,703.2899780273438,710.0,455700
2023-04-06,661.2845458984375,711.22998046875,711.7100219726562,697.9600219726562,705.27001953125,272700
2023-04-10,656.64501953125,706.239990234375,706.72998046875,693.3200073242188,704.7999877929688,310400
2023-04-11,656.9146728515625,706.530029296875,714.5,702.6799926757812,704.3599853515625,410000
2023-04-12,661.1077880859375,711.0399780273438,719.5499877929688,708.6099853515625,713.4000244140625,304500
2023-04-13,658.94140625,708.7100219726562,716.1099853515625,701.8800048828125,712.8599853515625,322900
2023-04-14,640.3179931640625,688.6799926757812,710.739990234375,684.4299926757812,706.5,354800
2023-04-17,658.2255249023438,707.9400024414062,708.530029296875,685.0599975585938,685.719970703125,336400
2023-04-18,656.0126342773438,705.5599975585938,708.8900146484375,700.3499755859375,708.8900146484375,336300
2023-04-19,657.314453125,706.9600219726562,710.969970703125,697.9600219726562,698.9600219726562,211300
2023-04-20,655.5106201171875,705.02001953125,709.72998046875,699.4000244140625,703.6699829101562,269300
2023-04-21,662.9302978515625,713.0,717.0800170898438,703.3699951171875,705.8499755859375,251900
2023-04-24,662.9581298828125,713.030029296875,714.25,706.780029296875,709.72998046875,276900
2023-04-25,660.2059936523438,710.0700073242188,713.1799926757812,703.5,706.22998046875,418900
2023-04-26,657.1192626953125,706.75,719.3900146484375,703.0,706.6400146484375,398400
2023-04-27,669.2898559570312,719.8400268554688,720.9199829101562,708.030029296875,709.27001953125,370800
2023-04-28,673.232177734375,724.0800170898438,725.5399780273438,713.0,715.0800170898438,370200
2023-05-01,671.3076171875,722.010009765625,724.8699951171875,716.5999755859375,722.9099731445312,280300
2023-05-02,653.7905883789062,703.1699829101562,722.719970703125,703.0399780273438,720.9199829101562,324000
2023-05-03,648.6395874023438,697.6300048828125,709.1400146484375,695.2000122070312,706.989990234375,377800
2023-05-04,678.1228637695312,729.3400268554688,733.47998046875,701.0,703.4199829101562,597700
2023-05-05,688.0342407226562,740.0,742.25,727.3200073242188,735.0,431300
2023-05-08,688.1456909179688,740.1199951171875,744.9299926757812,734.25,736.5800170898438,280200
2023-05-09,677.1187133789062,728.260009765625,737.0700073242188,725.7999877929688,733.7100219726562,382100
2023-05-10,697.6015014648438,750.2899780273438,752.6300048828125,727.3400268554688,729.3499755859375,378700
2023-05-11,691.2327270507812,743.4400024414062,751.469970703125,739.0900268554688,749.1099853515625,572700
2023-05-12,687.3182373046875,739.22998046875,747.0499877929688,733.3099975585938,744.010009765625,300700
2023-05-15,688.2760620117188,740.260009765625,743.7899780273438,735.4600219726562,740.8400268554688,328000
2023-05-16,665.9891967773438,716.2899780273438,738.2000122070312,715.469970703125,738.2000122070312,420100
2023-05-17,677.0071411132812,728.1400146484375,729.8099975585938,715.719970703125,719.25,336000
2023-05-18,670.5358276367188,721.1799926757812,726.4199829101562,716.530029296875,723.25,394100
2023-05-19,672.767333984375,723.5800170898438,729.260009765625,720.0499877929688,721.5700073242188,351600
2023-05-22,675.6868286132812,726.719970703125,735.8099975585938,720.3499755859375,723.739990234375,401500
2023-05-23,650.931396484375,696.8099975585938,725.5999755859375,692.260009765625,717.3499755859375,495200
2023-05-24,630.7257690429688,675.1799926757812,694.22998046875,672.8800048828125,692.4400024414062,492900
2023-05-25,660.6935424804688,707.260009765625,712.1900024414062,681.4400024414062,683.97998046875,840500
2023-05-26,681.1422119140625,729.1500244140625,737.719970703125,712.5,712.5,705200
2023-05-30,686.1494750976562,734.510009765625,752.9600219726562,730.239990234375,738.5599975585938,728400
2023-05-31,696.4624633789062,745.5499877929688,746.989990234375,732.3400268554688,737.1400146484375,1292000
2023-06-01,703.664794921875,753.260009765625,755.4199829101562,740.3099975585938,743.1099853515625,512500
2023-06-02,707.7283325195312,757.6099853515625,762.6900024414062,738.8800048828125,754.3900146484375,527700
2023-06-05,703.4967651367188,753.0800170898438,760.6599731445312,749.0499877929688,757.3200073242188,369600
2023-06-06,693.361083984375,742.22998046875,754.9099731445312,740.8499755859375,754.9099731445312,392100
2023-06-07,690.297119140625,738.9500122070312,742.75,725.989990234375,742.22998046875,392800
2023-06-08,700.8997802734375,750.2999877929688,750.52001953125,736.22998046875,738.9500122070312,259900
2023-06-09,694.7249145507812,743.6900024414062,755.7100219726562,742.3499755859375,753.4400024414062,320200
2023-06-12,704.2440185546875,753.8800048828125,754.3699951171875,742.1500244140625,743.8699951171875,368300
2023-06-13,706.775634765625,756.5900268554688,759.6300048828125,749.6699829101562,753.4600219726562,469100
2023-06-14,724.7021484375,775.780029296875,778.1799926757812,757.3800048828125,760.0,570000
2023-06-15,728.2798461914062,779.6099853515625,783.489990234375,767.7999877929688,772.489990234375,403500
2023-06-16,727.3457641601562,778.6099853515625,792.030029296875,778.25,784.780029296875,904600
2023-06-20,728.8684692382812,780.239990234375,781.510009765625,766.6699829101562,778.6599731445312,735100
2023-06-21,717.434326171875,768.0,783.3099975585938,737.530029296875,773.5,911100
2023-06-22,697.8076171875,746.989990234375,758.77001953125,737.239990234375,757.5999755859375,666000
2023-06-23,696.9856567382812,746.1099853515625,752.6500244140625,743.1500244140625,746.0800170898438,789400
2023-06-26,709.905029296875,759.9400024414062,763.1300048828125,747.9299926757812,751.469970703125,340600
2023-06-27,714.83740234375,765.219970703125,767.1699829101562,753.7000122070312,753.7000122070312,416000
2023-06-28,718.5553588867188,769.2000122070312,773.469970703125,764.4400024414062,768.5999755859375,479800
2023-06-29,725.8698120117188,777.030029296875,777.0499877929688,761.4000244140625,764.1900024414062,367000
2023-06-30,732.3248901367188,783.9400024414062,786.97998046875,771.780029296875,784.5999755859375,813000
2023-07-03,731.7830200195312,783.3599853515625,789.280029296875,771.7000122070312,773.0700073242188,252900
2023-07-05,738.0979614257812,790.1199951171875,793.25,782.9600219726562,785.5499877929688,399900
2023-07-06,729.8960571289062,781.3400268554688,786.2000122070312,771.2100219726562,783.1900024414062,462300
2023-07-07,721.4605712890625,772.3099975585938,783.1599731445312,771.5999755859375,778.75,252100
2023-07-10,731.866943359375,783.4500122070312,783.8400268554688,771.3200073242188,772.1400146484375,313400
2023-07-11,735.3048095703125,787.1300048828125,788.8400268554688,780.4600219726562,784.760009765625,341100
2023-07-12,738.8079223632812,790.8800048828125,796.489990234375,780.3900146484375,794.47998046875,499000
2023-07-13,748.6726684570312,801.4400024414062,802.530029296875,784.1400146484375,791.0900268554688,362800
2023-07-14,752.68017578125,805.72998046875,806.75,798.5800170898438,800.0399780273438,335200
2023-07-17,754.3990478515625,807.5700073242188,811.989990234375,802.4199829101562,804.1799926757812,358000
2023-07-18,743.5814208984375,795.989990234375,806.22998046875,792.0599975585938,804.8300170898438,469000
2023-07-19,759.2192993164062,812.72998046875,816.219970703125,802.510009765625,802.510009765625,363200
2023-07-20,757.1454467773438,810.510009765625,811.989990234375,795.9600219726562,806.1300048828125,358400
2023-07-21,753.9786987304688,807.1199951171875,814.5999755859375,806.1199951171875,810.1900024414062,312000
2023-07-24,765.1697387695312,819.0999755859375,819.5499877929688,803.22998046875,806.260009765625,329500
2023-07-25,762.7130126953125,816.469970703125,819.6799926757812,812.5,816.489990234375,297100
2023-07-26,759.4995727539062,813.030029296875,818.25,806.7999877929688,818.25,259500
2023-07-27,743.6561889648438,796.0700073242188,821.6300048828125,794.780029296875,820.0,416200
2023-07-28,744.861328125,797.3599853515625,815.0,797.030029296875,808.5499877929688,394000
2023-07-31,756.59423828125,809.9199829101562,811.0399780273438,795.25,798.4000244140625,431900
2023-08-01,752.1476440429688,805.1599731445312,809.9199829101562,803.25,804.9400024414062,298900
2023-08-02,752.5867309570312,805.6300048828125,812.510009765625,798.7000122070312,802.2000122070312,386100
2023-08-03,709.4193115234375,759.4199829101562,768.6400146484375,740.260009765625,752.010009765625,910900
2023-08-04,707.9807739257812,757.8800048828125,774.4299926757812,752.8400268554688,758.0,418700
2023-08-07,723.2916259765625,774.27001953125,777.760009765625,758.010009765625,758.4600219726562,296600
2023-08-08,723.4970092773438,774.489990234375,776.3300170898438,765.9600219726562,772.4299926757812,270400
2023-08-09,723.4970092773438,774.489990234375,776.4400024414062,766.9600219726562,774.3699951171875,260700
2023-08-10,723.1234741210938,774.0900268554688,787.1599731445312,772.030029296875,780.1799926757812,227400
2023-08-11,723.1981201171875,774.1699829101562,775.6699829101562,761.7000122070312,766.77001953125,252800
2023-08-14,719.4707641601562,770.1799926757812,779.7899780273438,767.3200073242188,769.3099975585938,406900
2023-08-15,710.1384887695312,760.1900024414062,769.469970703125,759.6799926757812,765.0,344300
2023-08-16,704.1226196289062,753.75,763.22998046875,753.25,760.1900024414062,290600
2023-08-17,704.2066040039062,753.8400268554688,760.5700073242188,753.3699951171875,755.6099853515625,295100
2023-08-18,700.4046630859375,749.77001953125,756.1199951171875,744.8599853515625,744.8599853515625,289600
2023-08-21,696.639892578125,745.739990234375,752.3400268554688,738.5499877929688,749.3400268554688,266500
2023-08-22,706.5218505859375,752.8599853515625,756.77001953125,744.3499755859375,747.6699829101562,222100
2023-08-23,713.400634765625,760.1900024414062,764.3900146484375,757.5499877929688,759.489990234375,311300
2023-08-24,718.064697265625,765.1599731445312,784.7999877929688,762.02001953125,771.4299926757812,471000
2023-08-25,723.4701538085938,770.9199829101562,775.0499877929688,762.760009765625,762.760009765625,243400
2023-08-28,730.574462890625,778.489990234375,786.739990234375,775.030029296875,776.52001953125,411000
2023-08-29,741.9295043945312,790.5900268554688,791.4400024414062,775.719970703125,778.0399780273438,387100
2023-08-30,743.759521484375,792.5399780273438,798.489990234375,789.3400268554688,794.1900024414062,330900
2023-08-31,733.2864379882812,781.3800048828125,792.0,780.22998046875,788.5800170898438,545900
2023-09-01,729.6641235351562,777.52001953125,791.6500244140625,775.8300170898438,788.3699951171875,234800
2023-09-05,721.255615234375,768.5599975585938,771.260009765625,762.1300048828125,769.0700073242188,426700
2023-09-06,720.6455078125,767.9099731445312,770.6699829101562,761.8800048828125,766.1500244140625,389000
2023-09-07,727.8152465820312,775.5499877929688,778.2899780273438,766.4500122070312,766.4500122070312,363200
2023-09-08,723.9581909179688,771.4400024414062,778.9500122070312,769.02001953125,775.0,251400
2023-09-11,726.9425048828125,774.6199951171875,777.1099853515625,770.6500244140625,775.3200073242188,283300
2023-09-12,725.5159912109375,773.0999755859375,777.4400024414062,768.6199951171875,769.219970703125,315300
2023-09-13,721.602783203125,768.9299926757812,774.0,765.0,773.2999877929688,229200
2023-09-14,734.0277709960938,782.1699829101562,786.4400024414062,772.0599975585938,777.0,260700
2023-09-15,728.4440307617188,776.219970703125,782.0399780273438,771.2999877929688,778.0999755859375,601100
2023-09-18,722.1094360351562,769.469970703125,777.0800170898438,766.75,772.260009765625,260500
2023-09-19,709.69384765625,756.239990234375,770.8499755859375,754.4000244140625,767.3099975585938,322000
2023-09-20,711.0733032226562,757.7100219726562,767.7999877929688,756.22998046875,762.030029296875,355400
2023-09-21,688.3628540039062,733.510009765625,752.0,733.0499877929688,752.0,306800
2023-09-22,686.8612060546875,731.9099731445312,743.2899780273438,730.6500244140625,735.0,419200
2023-09-25,688.2127075195312,733.3499755859375,737.7999877929688,727.6699829101562,731.4500122070312,376100
2023-09-26,667.2664184570312,711.030029296875,730.5599975585938,708.739990234375,729.7899780273438,385200
2023-09-27,663.578369140625,707.0999755859375,718.3699951171875,700.260009765625,715.0,430000
2023-09-28,676.5946655273438,720.969970703125,723.5700073242188,707.4299926757812,710.3099975585938,472000
2023-09-29,681.5590209960938,726.260009765625,735.4299926757812,721.9600219726562,732.97998046875,494500
2023-10-02,668.8148193359375,712.6799926757812,730.719970703125,705.0,722.9099731445312,368100
2023-10-03,658.022705078125,701.1799926757812,716.6400146484375,698.1799926757812,709.3300170898438,341700
2023-10-04,671.86474609375,715.9299926757812,718.1599731445312,701.8200073242188,708.1199951171875,371000
2023-10-05,676.6134033203125,720.989990234375,721.8200073242188,710.1799926757812,719.9099731445312,234800
2023-10-06,679.1190185546875,723.6599731445312,728.9400024414062,708.2999877929688,713.97998046875,284000
2023-10-09,686.3733520507812,731.3900146484375,732.3900146484375,719.7899780273438,720.7000122070312,180400
2023-10-10,693.3178100585938,738.7899780273438,745.7100219726562,727.25,731.0800170898438,267400
2023-10-11,708.0233154296875,754.4600219726562,755.780029296875,744.260009765625,745.8800048828125,445300
2023-10-12,697.5784912109375,743.3300170898438,757.3499755859375,739.3800048828125,754.4600219726562,270900
2023-10-13,696.9308471679688,742.6400146484375,749.22998046875,739.27001953125,746.0599975585938,263800
2023-10-16,705.1610107421875,751.4099731445312,753.6699829101562,742.3099975585938,748.489990234375,292000
2023-10-17,697.1936645507812,742.9199829101562,749.9400024414062,735.7000122070312,739.6199951171875,311200
2023-10-18,687.8184814453125,732.9299926757812,739.6900024414062,728.4099731445312,736.0,277300
2023-10-19,660.4909057617188,703.8099975585938,736.9199829101562,703.5999755859375,728.3099975585938,409600
2023-10-20,662.1893920898438,705.6199951171875,719.02001953125,704.8300170898438,706.260009765625,434000
2023-10-23,656.399169921875,699.4500122070312,710.719970703125,697.3599853515625,700.8800048828125,376800
2023-10-24,660.8099365234375,704.1500244140625,711.6799926757812,700.1199951171875,700.9099731445312,450700
2023-10-25,640.2483520507812,682.239990234375,700.4199829101562,677.7999877929688,696.9600219726562,610400
2023-10-26,675.2244873046875,719.510009765625,727.530029296875,685.780029296875,696.510009765625,671000
2023-10-27,666.6658935546875,710.3900146484375,726.8699951171875,707.6199951171875,726.8699951171875,338500
2023-10-30,671.3017578125,715.3300170898438,725.4500122070312,707.8599853515625,716.989990234375,608100
2023-10-31,684.73095703125,729.6400146484375,730.1699829101562,711.5599975585938,721.4299926757812,372700
2023-11-01,693.6369018554688,739.1300048828125,740.9400024414062,729.4000244140625,729.8099975585938,345800
2023-11-02,716.2160034179688,763.1900024414062,769.719970703125,745.0,745.0,476500
2023-11-03,723.3201293945312,770.760009765625,783.6099853515625,766.7999877929688,774.5999755859375,387200
2023-11-06,714.8365478515625,761.719970703125,770.8400268554688,754.75,767.9099731445312,407300
2023-11-07,711.345458984375,758.0,764.1799926757812,755.280029296875,764.1799926757812,343200
2023-11-08,713.166015625,759.9400024414062,764.989990234375,753.3200073242188,763.5599975585938,313600
2023-11-09,710.4163818359375,757.010009765625,765.219970703125,754.5499877929688,762.0499877929688,333100
2023-11-10,720.044921875,767.27001953125,768.0399780273438,754.239990234375,763.260009765625,274600
2023-11-13,715.60595703125,762.5399780273438,765.6099853515625,755.9299926757812,760.510009765625,275200
2023-11-14,741.79443359375,786.030029296875,787.6199951171875,775.989990234375,780.0,494300
2023-11-15,737.04736328125,781.0,785.8300170898438,777.1699829101562,785.8300170898438,376500
2023-11-16,736.452880859375,780.3699951171875,785.0,775.3200073242188,783.0999755859375,408600
2023-11-17,731.045166015625,774.6400146484375,786.5599975585938,773.3400268554688,786.5599975585938,357000
2023-11-20,740.199462890625,784.3400268554688,785.0,771.010009765625,772.1500244140625,270700
2023-11-21,743.9554443359375,788.3200073242188,793.1900024414062,783.9299926757812,785.1300048828125,276800
2023-11-22,749.6460571289062,794.3499755859375,797.7100219726562,790.239990234375,795.0,282000
2023-11-24,750.2596435546875,795.0,795.0,788.5499877929688,788.5499877929688,87800
2023-11-27,751.599609375,796.4199829101562,799.4400024414062,787.6300048828125,793.27001953125,234200
2023-11-28,752.0713500976562,796.9199829101562,799.1900024414062,791.5599975585938,794.3699951171875,301900
2023-11-29,762.8203735351562,808.3099975585938,811.02001953125,796.0800170898438,800.0,437400
2023-11-30,769.1434326171875,815.010009765625,816.1699829101562,804.780029296875,809.0,608800
2023-12-01,778.0238037109375,824.4199829101562,824.8599853515625,809.6199951171875,816.5499877929688,376000
2023-12-04,776.0514526367188,822.3300170898438,823.6699829101562,815.2100219726562,817.719970703125,479500
2023-12-05,775.2493286132812,821.47998046875,822.4500122070312,812.9600219726562,820.0,382100
2023-12-06,762.81103515625,808.2999877929688,823.97998046875,807.739990234375,822.8599853515625,343000
2023-12-07,764.5192260742188,810.1099853515625,815.0,803.9299926757812,809.22998046875,367200
2023-12-08,756.6484985351562,801.77001953125,808.530029296875,796.1300048828125,804.4099731445312,562900
2023-12-11,752.3168334960938,797.1799926757812,800.4099731445312,786.6300048828125,794.8599853515625,444800
2023-12-12,757.6770629882812,802.8599853515625,807.0,790.1799926757812,797.1799926757812,382800
2023-12-13,764.0472412109375,809.6099853515625,810.6400146484375,796.2899780273438,804.5599975585938,778500
2023-12-14,759.9703979492188,805.2899780273438,818.9000244140625,799.6199951171875,818.9000244140625,646400
2023-12-15,758.498291015625,803.72998046875,809.8099975585938,795.3300170898438,800.47998046875,1098900
2023-12-18,760.3951416015625,805.739990234375,812.8800048828125,796.2100219726562,811.4299926757812,510100
2023-12-19,763.9340209960938,809.489990234375,810.6199951171875,803.6300048828125,805.8400268554688,429900
2023-12-20,749.7216186523438,794.4299926757812,813.9400024414062,793.9099731445312,813.9400024414062,381500
2023-12-21,756.4879760742188,801.5999755859375,801.9000244140625,791.8699951171875,798.5999755859375,457900
2023-12-22,754.6760864257812,799.6799926757812,810.1599731445312,795.1699829101562,805.47998046875,222700
2023-12-26,758.8851318359375,804.1400146484375,805.6799926757812,797.530029296875,797.530029296875,166400
2023-12-27,761.4614868164062,806.8699951171875,807.8699951171875,801.989990234375,801.989990234375,231600
2023-12-28,768.2752685546875,814.0900268554688,814.6099853515625,807.780029296875,809.47998046875,219600
2023-12-29,760.064697265625,805.3900146484375,810.8900146484375,798.6799926757812,798.6799926757812,312900
2024-01-02,764.8682861328125,810.47998046875,812.6900024414062,800.0499877929688,802.739990234375,309900
2024-01-03,751.6749877929688,796.5,808.030029296875,793.0900268554688,804.8400268554688,304100
2024-01-04,750.146240234375,794.8800048828125,801.1199951171875,790.8499755859375,796.02001953125,376100
2024-01-05,744.0215454101562,788.3900146484375,798.8800048828125,786.52001953125,794.5999755859375,347500
2024-01-08,758.0546264648438,803.260009765625,804.6900024414062,787.0399780273438,788.8599853515625,374500
2024-01-09,753.7418212890625,798.6900024414062,803.489990234375,794.0800170898438,798.2100219726562,325000
2024-01-10,759.1210327148438,804.3900146484375,808.3599853515625,797.030029296875,803.989990234375,222300
2024-01-11,755.9595336914062,801.0399780273438,807.3499755859375,799.6799926757812,801.3800048828125,195100
2024-01-12,769.15283203125,815.02001953125,815.7999877929688,807.0499877929688,809.5700073242188,283700
2024-01-16,773.0221557617188,819.1199951171875,826.0,815.02001953125,819.5999755859375,323200
2024-01-17,753.9022216796875,798.8599853515625,813.4400024414062,790.8300170898438,808.469970703125,366500
2024-01-18,749.0704956054688,793.739990234375,802.239990234375,787.8400268554688,802.22998046875,607000
2024-01-19,757.516845703125,802.6900024414062,806.1300048828125,790.0,794.25,516200
2024-01-22,757.1204223632812,802.27001953125,816.260009765625,802.239990234375,804.4400024414062,408700
2024-01-23,754.0343017578125,799.0,812.4299926757812,796.6799926757812,809.6900024414062,263000
2024-01-24,750.4671020507812,795.219970703125,809.5900268554688,794.0,809.5900268554688,464600
2024-01-25,769.4265747070312,815.3099975585938,823.7999877929688,802.9299926757812,805.9000244140625,572200
2024-01-26,765.3402099609375,810.97998046875,820.6199951171875,806.8300170898438,820.6199951171875,411600
2024-01-29,784.9508056640625,831.760009765625,832.5599975585938,809.9400024414062,809.9400024414062,524600
2024-01-30,794.2181396484375,841.5800170898438,846.6500244140625,827.1799926757812,829.5,689000
2024-01-31,783.0728149414062,829.77001953125,846.8499755859375,829.1500244140625,845.4099731445312,540600
2024-02-01,798.7008056640625,846.3300170898438,847.989990234375,824.7899780273438,826.530029296875,535500
2024-02-02,796.001708984375,843.469970703125,846.8300170898438,828.9299926757812,845.4500122070312,457800
2024-02-05,789.3391723632812,836.4099731445312,842.489990234375,830.6699829101562,834.2899780273438,372100
2024-02-06,790.8490600585938,838.010009765625,846.030029296875,835.3900146484375,842.6400146484375,499800
2024-02-07,799.0781860351562,846.72998046875,848.719970703125,834.9400024414062,843.7100219726562,351000
2024-02-08,807.1943359375,855.3300170898438,859.719970703125,840.260009765625,840.260009765625,403900
2024-02-09,807.6001586914062,855.760009765625,856.8200073242188,844.9000244140625,856.280029296875,394200
2024-02-12,802.145263671875,849.97998046875,858.5800170898438,845.4400024414062,858.4600219726562,434400
2024-02-13,785.8189697265625,832.6799926757812,837.5499877929688,826.219970703125,837.5499877929688,448700
2024-02-14,785.941650390625,832.8099975585938,839.9500122070312,825.1400146484375,832.6799926757812,574600
2024-02-15,825.72900390625,874.969970703125,881.7999877929688,838.6599731445312,839.0,768800
2024-02-16,808.0436401367188,856.22998046875,874.0,850.260009765625,863.489990234375,842100
2024-02-20,806.637451171875,854.739990234375,863.7000122070312,848.8599853515625,855.1199951171875,568000
2024-02-21,816.0653076171875,864.72998046875,866.2899780273438,846.25,851.280029296875,448700
2024-02-22,831.2496948242188,880.8200073242188,883.4299926757812,868.3599853515625,868.3599853515625,516200
2024-02-23,832.6370239257812,882.2899780273438,886.0,879.0,885.52001953125,309700
2024-02-26,828.2298583984375,877.6199951171875,891.8800048828125,877.6199951171875,883.9099731445312,380300
2024-02-27,827.935791015625,873.0499877929688,882.3699951171875,869.4600219726562,882.3699951171875,363200
2024-02-28,845.783447265625,891.8699951171875,893.3900146484375,870.9299926757812,873.1699829101562,437200
2024-02-29,842.890869140625,888.8200073242188,897.9400024414062,886.0999755859375,895.5399780273438,704000
2024-03-01,853.9959106445312,900.530029296875,900.739990234375,882.0399780273438,884.9000244140625,497000
2024-03-04,866.4473876953125,913.6599731445312,914.9299926757812,888.8800048828125,894.5,578700
2024-03-05,849.2731323242188,895.5499877929688,914.8699951171875,890.9600219726562,909.1099853515625,449700
2024-03-06,859.7902221679688,906.6400146484375,908.6599731445312,895.0800170898438,900.530029296875,302100
2024-03-07,859.2401123046875,906.0599975585938,912.989990234375,898.47998046875,910.0,347200
2024-03-08,863.0712890625,910.0999755859375,913.5900268554688,905.4500122070312,912.0,408700
2024-03-11,847.385986328125,893.5599975585938,907.02001953125,883.780029296875,905.3099975585938,359100
2024-03-12,846.6748046875,892.8099975585938,900.4000244140625,888.2100219726562,893.5599975585938,383000
2024-03-13,822.4166259765625,867.22998046875,885.4099731445312,865.5800170898438,883.5,810500
2024-03-14,820.036376953125,864.719970703125,870.6300048828125,850.02001953125,865.77001953125,691000
2024-03-15,806.4468994140625,850.3900146484375,865.239990234375,848.1599731445312,860.989990234375,1090300
2024-03-18,816.1765747070312,860.6500244140625,862.0,853.1500244140625,860.0999755859375,464600
2024-03-19,800.9371337890625,844.5800170898438,859.0700073242188,841.0,859.0700073242188,867200
2024-03-20,782.255126953125,824.8800048828125,837.4299926757812,796.9000244140625,801.0,2372300
2024-03-21,769.69921875,811.6400146484375,825.0,804.8300170898438,825.0,1301600
2024-03-22,759.5805053710938,800.969970703125,809.719970703125,798.9299926757812,807.2100219726562,1087500
2024-03-25,751.5672607421875,792.52001953125,806.5399780273438,785.1599731445312,785.1599731445312,1323500
2024-03-26,758.7271118164062,800.0700073242188,805.5499877929688,792.3200073242188,792.3200073242188,930700
2024-03-27,773.1795043945312,815.3099975585938,816.9600219726562,800.6900024414062,809.0999755859375,945100
2024-03-28,782.6817626953125,825.3300170898438,827.4299926757812,813.0,818.8699951171875,789200
2024-04-01,758.7081298828125,800.0499877929688,826.8599853515625,797.6199951171875,826.0,674300
2024-04-02,751.7093505859375,792.6699829101562,797.9099731445312,788.6500244140625,793.989990234375,551500
2024-04-03,748.1436767578125,788.9099731445312,798.0900268554688,785.280029296875,790.5499877929688,442600
2024-04-04,740.6804809570312,781.0399780273438,795.6799926757812,778.6500244140625,788.9099731445312,469400
2024-04-05,743.8763427734375,784.4099731445312,789.9099731445312,780.0700073242188,781.5900268554688,446500
2024-04-08,747.4609375,788.1900024414062,789.72998046875,782.0,783.27001953125,607700
2024-04-09,759.8366088867188,801.239990234375,801.9199829101562,786.1300048828125,794.0,578500
2024-04-10,735.8723754882812,775.969970703125,786.8699951171875,772.1400146484375,782.6599731445312,758700
2024-04-11,733.8333740234375,773.8200073242188,779.97998046875,770.1599731445312,779.3800048828125,532000
2024-04-12,724.5684204101562,764.0499877929688,770.8499755859375,759.3400268554688,765.1799926757812,498200
2024-04-15,705.6587524414062,744.1099853515625,768.8300170898438,740.9500122070312,761.1500244140625,574800
2024-04-16,703.7905883789062,742.1400146484375,747.5999755859375,733.25,745.5700073242188,579900
2024-04-17,696.6021728515625,734.5599975585938,746.780029296875,734.25,743.5499877929688,510800
2024-04-18,701.6188354492188,739.8499755859375,747.1599731445312,731.5399780273438,736.1099853515625,483500
2024-04-19,709.3477783203125,748.0,748.3699951171875,736.239990234375,743.75,611900
2024-04-22,715.739501953125,754.739990234375,755.8900146484375,745.0,752.4000244140625,687400
2024-04-23,722.5294799804688,761.9000244140625,764.3400268554688,751.3900146484375,761.0800170898438,662900
2024-04-24,717.7310180664062,756.8400268554688,768.25,754.5399780273438,755.5900268554688,776000
2024-04-25,700.1964721679688,738.3499755859375,746.4099731445312,735.0,743.5999755859375,812600
2024-04-26,693.8046264648438,731.6099853515625,743.9400024414062,730.469970703125,735.7100219726562,779500
2024-04-29,688.8070068359375,726.3400268554688,738.9500122070312,719.1799926757812,738.9500122070312,1002900
2024-04-30,674.3639526367188,711.1099853515625,724.27001953125,706.47998046875,720.0800170898438,1090500
2024-05-01,659.3994140625,695.3300170898438,712.9600219726562,694.3800048828125,709.0499877929688,943900
2024-05-02,662.5952758789062,698.7000122070312,704.9199829101562,693.1099853515625,703.77001953125,1029600
2024-05-03,663.9988403320312,700.1799926757812,730.239990234375,697.989990234375,716.4099731445312,762400
2024-05-06,657.882080078125,693.72998046875,708.989990234375,688.0700073242188,708.989990234375,799000
2024-05-07,675.0847778320312,711.8699951171875,715.6099853515625,692.8099975585938,698.2100219726562,629200
2024-05-08,656.9148559570312,692.7100219726562,703.1799926757812,684.1400146484375,701.3599853515625,876100
2024-05-09,732.5152587890625,772.4299926757812,800.0,761.030029296875,778.0,2353500
2024-05-10,718.5275268554688,757.6799926757812,779.0,752.8699951171875,760.5499877929688,975400
2024-05-13,736.744873046875,776.8900146484375,777.6900024414062,755.4500122070312,760.4600219726562,652000
2024-05-14,749.0067749023438,789.8200073242188,796.530029296875,772.989990234375,778.0,905300
2024-05-15,767.8404541015625,809.6799926757812,812.52001953125,796.4099731445312,800.3200073242188,987000
2024-05-16,758.1865234375,799.5,813.2999877929688,794.4600219726562,812.97998046875,609000
2024-05-17,758.4995727539062,799.8300170898438,806.0700073242188,796.6199951171875,800.8200073242188,543400
2024-05-20,754.1845703125,795.280029296875,801.9600219726562,791.1900024414062,795.25,463800
2024-05-21,755.34765625,792.239990234375,796.739990234375,788.1400146484375,791.75,539400
2024-05-22,745.06982421875,781.4600219726562,797.3499755859375,778.6300048828125,792.8599853515625,426700
2024-05-23,731.7884521484375,767.530029296875,788.3599853515625,767.260009765625,784.6599731445312,491700
2024-05-24,730.444091796875,766.1199951171875,774.5999755859375,765.2899780273438,770.3300170898438,294600
2024-05-28,732.9135131835938,768.7100219726562,775.8599853515625,764.6300048828125,768.9600219726562,516400
2024-05-29,724.628173828125,760.02001953125,772.8400268554688,759.780029296875,765.4600219726562,357200
2024-05-30,725.209716796875,760.6300048828125,771.5399780273438,759.3900146484375,771.239990234375,381600
2024-05-31,727.4503173828125,762.97998046875,768.5499877929688,756.72998046875,761.8499755859375,1066500
2024-06-03,716.4667358398438,751.4600219726562,768.9199829101562,750.0599975585938,766.6599731445312,451600
2024-06-04,729.0711669921875,764.6799926757812,769.4000244140625,749.1799926757812,755.239990234375,461900
2024-06-05,723.2838134765625,758.6099853515625,768.3599853515625,758.469970703125,766.989990234375,380400
2024-06-06,727.3073120117188,762.8300170898438,763.4600219726562,749.6699829101562,756.6799926757812,603500
2024-06-07,718.3070068359375,753.3900146484375,757.0499877929688,747.0,750.010009765625,378400
2024-06-10,727.0213623046875,762.530029296875,766.010009765625,747.6500244140625,748.4099731445312,406700
2024-06-11,724.8760986328125,760.280029296875,766.0,756.260009765625,759.780029296875,364700
2024-06-12,725.9916381835938,761.4500122070312,777.75,759.4400024414062,774.6099853515625,447800
2024-06-13,730.90185546875,766.5999755859375,774.510009765625,762.1500244140625,763.02001953125,366100
2024-06-14,730.5775146484375,766.260009765625,771.0499877929688,761.6599731445312,768.3200073242188,275600
2024-06-17,726.8782348632812,762.3800048828125,769.5999755859375,760.0,765.0599975585938,285300
2024-06-18,737.8045043945312,773.8400268554688,774.9199829101562,763.0700073242188,768.3300170898438,385300
2024-06-20,728.04150390625,763.5999755859375,774.8099975585938,762.3400268554688,773.0,369600
2024-06-21,729.376220703125,765.0,766.7000122070312,757.760009765625,763.2000122070312,984800
2024-06-24,717.17236328125,752.2000122070312,769.9299926757812,751.5900268554688,767.3599853515625,559000
2024-06-25,708.2672119140625,742.8599853515625,753.2100219726562,735.5800170898438,753.010009765625,659300
2024-06-26,707.3233642578125,741.8699951171875,746.4000244140625,735.97998046875,737.010009765625,654900
2024-06-27,716.9434814453125,751.9600219726562,752.739990234375,741.75,744.5800170898438,380100
2024-06-28,721.3674926757812,756.5999755859375,761.9500122070312,753.5900268554688,756.9500122070312,1146800
2024-07-01,724.3040161132812,759.6799926757812,762.1400146484375,751.0499877929688,756.3400268554688,387700
2024-07-02,721.15771484375,756.3800048828125,767.1500244140625,753.2000122070312,761.5599975585938,372100
2024-07-03,714.1213989257812,749.0,759.1400146484375,747.6699829101562,759.1400146484375,236200
2024-07-05,719.3555908203125,754.489990234375,755.0999755859375,746.72998046875,750.3699951171875,371400
2024-07-08,721.6724853515625,756.9199829101562,760.1099853515625,750.1699829101562,753.6900024414062,292000
2024-07-09,731.1211547851562,766.8300170898438,769.77001953125,751.5499877929688,759.0900268554688,338900
2024-07-10,739.8258056640625,775.9600219726562,778.9299926757812,761.1900024414062,770.719970703125,325600
2024-07-11,760.6488647460938,797.7999877929688,803.219970703125,784.5,785.510009765625,459300
2024-07-12,767.3610229492188,804.8400268554688,814.239990234375,797.2999877929688,801.8099975585938,466200
2024-07-15,767.1893310546875,804.6599731445312,809.5999755859375,795.3400268554688,806.6199951171875,306600
2024-07-16,774.7787475585938,812.6199951171875,813.719970703125,797.4500122070312,810.0,261200
2024-07-17,765.740234375,803.1400146484375,819.4099731445312,799.1699829101562,810.0,397100
2024-07-18,758.0459594726562,795.0700073242188,812.3200073242188,792.9400024414062,801.8400268554688,339500
2024-07-19,750.1801147460938,786.8200073242188,800.0,783.3099975585938,796.010009765625,234300
2024-07-22,761.6594848632812,798.8599853515625,799.969970703125,783.3200073242188,786.8200073242188,266200
2024-07-23,765.5780639648438,802.969970703125,812.8699951171875,800.27001953125,806.2999877929688,243100
2024-07-24,757.1688232421875,794.1500244140625,807.0700073242188,790.0,802.0,353100
2024-07-25,733.4855346679688,769.3099975585938,801.739990234375,767.27001953125,797.2999877929688,538000
2024-07-26,736.4602661132812,772.4299926757812,779.97998046875,766.8699951171875,769.3099975585938,541000
2024-07-29,740.3883056640625,776.5499877929688,783.1300048828125,768.0700073242188,771.5499877929688,399100
2024-07-30,732.970703125,768.77001953125,784.3499755859375,768.1300048828125,776.5499877929688,665300
2024-07-31,753.4408569335938,790.239990234375,799.530029296875,770.5499877929688,778.27001953125,718700
2024-08-01,773.4058227539062,811.1799926757812,813.8599853515625,792.5,792.5,622700
2024-08-02,769.0867919921875,806.6500244140625,814.9500122070312,798.6799926757812,810.719970703125,379100
2024-08-05,732.4653930664062,768.239990234375,800.8099975585938,764.1099853515625,800.8099975585938,675400
2024-08-06,748.0729370117188,784.6099853515625,791.280029296875,763.489990234375,767.52001953125,410400
2024-08-07,743.9541625976562,780.2899780273438,799.989990234375,779.1500244140625,783.8599853515625,695000
2024-08-08,771.7849731445312,809.47998046875,812.75,772.0,775.739990234375,716700
2024-08-09,780.7472534179688,818.8800048828125,823.3400268554688,804.3699951171875,811.9500122070312,365900
2024-08-12,780.9474487304688,819.0900268554688,820.0,803.280029296875,815.0,409000
2024-08-13,791.0062255859375,829.6400146484375,831.469970703125,820.989990234375,825.0,429200
2024-08-14,802.3043212890625,841.489990234375,843.27001953125,828.8099975585938,831.75,566500
2024-08-15,791.4258422851562,830.0800170898438,839.0499877929688,827.1400146484375,838.1500244140625,553500
2024-08-16,790.07177734375,828.6599731445312,831.7000122070312,821.0,825.7999877929688,371700
2024-08-19,791.711669921875,830.3800048828125,834.5999755859375,820.7000122070312,820.9299926757812,304200
2024-08-20,791.1968383789062,829.8400268554688,833.5700073242188,824.780029296875,833.5700073242188,284100
2024-08-21,783.9229736328125,817.989990234375,826.9000244140625,816.010009765625,826.0,382700
2024-08-22,784.8429565429688,818.9500122070312,820.8499755859375,814.1300048828125,818.3900146484375,418300
2024-08-23,793.4777221679688,827.9600219726562,829.3900146484375,817.9600219726562,822.4199829101562,532500
2024-08-26,784.795166015625,818.9000244140625,833.0,816.0900268554688,830.3900146484375,284000
2024-08-27,783.9132690429688,817.97998046875,820.6799926757812,813.5999755859375,815.4199829101562,257100
2024-08-28,779.8117065429688,813.7000122070312,818.5,810.3099975585938,817.47998046875,218600
2024-08-29,784.6416625976562,818.739990234375,823.3800048828125,810.0,812.780029296875,310400
2024-08-30,799.6111450195312,834.3599853515625,836.47998046875,816.989990234375,820.3800048828125,521000
2024-09-03,797.4931640625,832.1500244140625,835.489990234375,825.2999877929688,829.469970703125,402400
2024-09-04,793.1231689453125,827.5900268554688,830.0,816.0,826.1900024414062,586300
2024-09-05,787.5167846679688,821.739990234375,829.0399780273438,816.5999755859375,826.239990234375,333700
2024-09-06,783.8942260742188,817.9600219726562,825.010009765625,809.5399780273438,821.530029296875,457700
2024-09-09,797.1577758789062,831.7999877929688,835.4000244140625,820.0800170898438,821.3400268554688,430100
2024-09-10,828.7642211914062,864.780029296875,865.4500122070312,835.3400268554688,835.9000244140625,598600
2024-09-11,831.562744140625,867.7000122070312,869.27001953125,847.0,854.47998046875,656300
2024-09-12,832.62646484375,868.8099975585938,874.7100219726562,855.4500122070312,874.7100219726562,344200
2024-09-13,835.2427368164062,871.5399780273438,875.6599731445312,869.9000244140625,869.9000244140625,282000
2024-09-16,840.063232421875,876.5700073242188,880.72998046875,871.3800048828125,871.3800048828125,249100
2024-09-17,828.3330688476562,864.3300170898438,881.9600219726562,861.719970703125,877.239990234375,322200
2024-09-18,825.0938110351562,860.9500122070312,872.8699951171875,859.9299926757812,862.2999877929688,288300
2024-09-19,834.7156372070312,870.989990234375,879.469970703125,868.719970703125,874.9500122070312,597000
2024-09-20,840.6670532226562,877.2000122070312,886.5,862.9500122070312,865.7999877929688,1240600
2024-09-23,845.1904296875,881.9199829101562,890.5999755859375,876.260009765625,883.8699951171875,452000
2024-09-24,850.6146850585938,887.5800170898438,892.0700073242188,880.4400024414062,881.9199829101562,435000
2024-09-25,852.9434204101562,890.010009765625,896.52001953125,888.010009765625,892.0800170898438,554100
2024-09-26,842.3729248046875,878.97998046875,896.6199951171875,876.489990234375,896.6199951171875,579500
2024-09-27,845.9284057617188,882.6900024414062,889.6099853515625,879.9500122070312,886.1500244140625,359000
2024-09-30,850.66259765625,887.6300048828125,889.5599975585938,879.4099731445312,879.4099731445312,534600
2024-10-01,846.2254638671875,883.0,894.97998046875,876.3699951171875,894.97998046875,419900
2024-10-02,849.675537109375,886.5999755859375,887.4099731445312,871.7899780273438,871.7899780273438,255300
2024-10-03,839.727783203125,876.219970703125,884.9199829101562,873.969970703125,884.9199829101562,209400
2024-10-04,840.3602905273438,876.8800048828125,883.969970703125,867.2899780273438,883.969970703125,236800
2024-10-07,833.7764892578125,870.010009765625,872.7000122070312,864.0800170898438,868.5599975585938,235000
2024-10-08,836.17236328125,872.510009765625,877.77001953125,871.4400024414062,876.6799926757812,245000
2024-10-09,840.245361328125,876.760009765625,877.77001953125,862.22998046875,870.1199951171875,239200
2024-10-10,834.2843017578125,870.5399780273438,890.0,870.3300170898438,876.760009765625,268500
2024-10-11,835.2619018554688,871.5599975585938,878.5700073242188,864.2899780273438,869.6300048828125,425200
2024-10-14,829.9526977539062,866.02001953125,873.5700073242188,863.3300170898438,867.8900146484375,418500
2024-10-15,841.46240234375,878.030029296875,882.02001953125,868.489990234375,872.1199951171875,558100
2024-10-16,843.5420532226562,880.2000122070312,882.7999877929688,873.2899780273438,878.6400146484375,260500
2024-10-17,851.8318481445312,888.8499755859375,890.0,875.4099731445312,880.9099731445312,447400
2024-10-18,857.9172973632812,895.2000122070312,895.22998046875,884.8599853515625,888.1500244140625,299400
2024-10-21,843.2929077148438,879.9400024414062,895.0399780273438,877.1199951171875,887.97998046875,396300
2024-10-22,841.7882080078125,878.3699951171875,883.0399780273438,877.4000244140625,878.6199951171875,264200
2024-10-23,854.0455932617188,891.1599731445312,891.8599853515625,873.010009765625,873.719970703125,400200
2024-10-24,858.4539794921875,895.760009765625,896.75,887.9000244140625,890.27001953125,425400
2024-10-25,876.250732421875,914.3300170898438,943.02001953125,913.0,917.4000244140625,1032100
2024-10-28,874.6118774414062,912.6199951171875,929.1500244140625,912.3099975585938,927.489990234375,447400
2024-10-29,868.1812744140625,905.9099731445312,920.1500244140625,903.9400024414062,912.0,534500
2024-10-30,872.3118286132812,910.219970703125,917.5999755859375,908.3699951171875,913.4000244140625,543000
2024-10-31,870.2609252929688,908.0800170898438,925.0,885.3599853515625,885.3599853515625,850700
2024-11-01,851.3047485351562,888.2999877929688,916.3099975585938,887.280029296875,914.0,451000
2024-11-04,858.6073608398438,895.9199829101562,898.1900024414062,887.1500244140625,888.0,335800
2024-11-05,871.1329345703125,908.989990234375,909.4600219726562,888.9000244140625,894.4000244140625,437500
2024-11-06,853.7197265625,890.8200073242188,895.8900146484375,869.5,895.0,671700
2024-11-07,869.93505859375,907.739990234375,909.4600219726562,891.1900024414062,898.6400146484375,366200
2024-11-08,882.700439453125,921.0599975585938,927.8200073242188,912.77001953125,916.1599731445312,535900
2024-11-11,875.4552001953125,913.5,927.5399780273438,911.6699829101562,921.0599975585938,289800
2024-11-12,865.4118041992188,903.02001953125,916.6799926757812,901.52001953125,915.3599853515625,810100
2024-11-13,867.7130126953125,901.1500244140625,910.0,900.52001953125,901.3900146484375,364100
2024-11-14,864.7954711914062,898.1199951171875,905.9199829101562,893.9400024414062,905.530029296875,414200
2024-11-15,864.0733032226562,897.3699951171875,903.6199951171875,885.97998046875,889.47998046875,368700
2024-11-18,875.7339477539062,909.47998046875,910.3900146484375,891.0,891.0,480200
2024-11-19,888.7523193359375,923.0,927.989990234375,905.02001953125,911.0,545000
2024-11-20,884.8429565429688,918.9400024414062,923.0599975585938,914.52001953125,916.2999877929688,664100
2024-11-21,889.3300170898438,923.5999755859375,930.1500244140625,913.760009765625,914.0,508100
2024-11-22,901.6261596679688,936.3699951171875,937.3200073242188,922.7100219726562,928.7000122070312,512800
2024-11-25,938.1968383789062,974.3499755859375,976.3499755859375,938.5499877929688,940.0,1977300
2024-11-26,941.9619140625,978.260009765625,982.6900024414062,961.3599853515625,974.0,708100
2024-11-27,942.7706909179688,979.0999755859375,994.030029296875,978.22998046875,986.0,459600
2024-11-29,945.0623168945312,981.47998046875,991.9299926757812,980.030029296875,983.8400268554688,362800
2024-12-02,929.039794921875,964.8400268554688,973.0900268554688,956.3099975585938,971.1799926757812,536100
2024-12-03,927.8939819335938,963.6500244140625,967.5999755859375,958.989990234375,961.9099731445312,386900
2024-12-04,929.8101196289062,965.6400146484375,969.489990234375,959.0,963.6500244140625,319600
2024-12-05,937.6673583984375,973.7999877929688,975.969970703125,953.739990234375,956.1500244140625,384800
2024-12-06,948.451904296875,985.0,986.6799926757812,971.1199951171875,981.8900146484375,541500
2024-12-09,933.0262451171875,968.97998046875,989.8400268554688,962.0800170898438,985.77001953125,476100
2024-12-10,926.0355224609375,961.719970703125,973.530029296875,951.25,973.530029296875,469400
2024-12-11,937.4458618164062,973.5700073242188,975.9199829101562,962.1400146484375,965.510009765625,387800
2024-12-12,939.1117553710938,975.2999877929688,986.5,972.72998046875,977.219970703125,284500
2024-12-13,929.1937866210938,965.0,982.97998046875,963.0399780273438,970.1500244140625,394500
2024-12-16,922.4343872070312,957.97998046875,972.02001953125,955.5,965.0,515200
2024-12-17,925.188232421875,960.8400268554688,971.4299926757812,945.4500122070312,954.27001953125,438700
2024-12-18,892.0068969726562,926.3800048828125,963.3400268554688,925.6400146484375,954.1799926757812,650600
2024-12-19,887.3753662109375,921.5700073242188,938.9600219726562,920.4000244140625,925.010009765625,685300
2024-12-20,892.815673828125,927.219970703125,936.469970703125,919.2899780273438,922.6199951171875,1434600
2024-12-23,904.726806640625,939.5900268554688,942.27001953125,923.010009765625,932.3300170898438,488700
2024-12-24,914.7600708007812,950.010009765625,950.010009765625,937.7000122070312,939.5900268554688,168400
2024-12-26,913.2001953125,948.3900146484375,952.22998046875,943.0,949.27001953125,234800
2024-12-27,907.6826782226562,942.6599731445312,950.1699829101562,939.510009765625,939.9000244140625,289700
2024-12-30,901.2025146484375,935.9299926757812,938.9600219726562,929.1900024414062,937.9199829101562,298600
2024-12-31,907.9041748046875,942.8900146484375,949.1699829101562,934.8499755859375,946.7000122070312,516500
2025-01-02,909.1945190429688,944.22998046875,953.77001953125,939.0,939.0,440400
2025-01-03,924.3505249023438,959.969970703125,963.8499755859375,948.1699829101562,950.0,284300
2025-01-06,905.1215209960938,940.0,964.72998046875,939.1900024414062,952.6099853515625,402700
2025-01-07,905.18896484375,940.0700073242188,951.1699829101562,922.6199951171875,943.9600219726562,641400
2025-01-08,915.7518920898438,951.0399780273438,951.6300048828125,938.8599853515625,941.1900024414062,344400
2025-01-10,866.4420166015625,899.8300170898438,934.469970703125,898.8300170898438,924.3300170898438,780900
2025-01-13,866.2687377929688,899.6500244140625,901.530029296875,888.52001953125,891.1300048828125,403400
2025-01-14,864.7665405273438,898.0900268554688,907.9299926757812,894.6500244140625,901.5999755859375,797700
2025-01-15,866.615234375,900.010009765625,928.3499755859375,893.1199951171875,920.5,552800
2025-01-16,885.7576904296875,919.8900146484375,921.6799926757812,899.989990234375,904.969970703125,514900
2025-01-17,881.6172485351562,915.5900268554688,932.1199951171875,914.969970703125,932.1199951171875,623400
2025-01-21,899.3441162109375,934.0,935.02001953125,923.6799926757812,923.6799926757812,665900
2025-01-22,890.8995361328125,925.22998046875,947.4500122070312,924.3200073242188,940.010009765625,375600
2025-01-23,906.0169067382812,940.9299926757812,941.530029296875,918.4199829101562,932.3900146484375,497400
2025-01-24,905.9398803710938,940.8499755859375,949.5999755859375,935.7000122070312,940.0,364400
2025-01-27,866.7019653320312,900.0999755859375,908.8300170898438,857.9000244140625,907.3900146484375,976200
2025-01-28,873.1630859375,906.8099975585938,910.7999877929688,886.219970703125,899.9400024414062,734100
2025-01-29,874.5303344726562,908.22998046875,915.47998046875,900.760009765625,909.27001953125,344800
2025-01-30,887.91455078125,922.1300048828125,936.6799926757812,915.3800048828125,921.1400146484375,401600
2025-01-31,879.7589111328125,913.6599731445312,939.4600219726562,912.969970703125,923.9000244140625,652000
2025-02-03,881.049072265625,915.0,917.8300170898438,900.8900146484375,911.1500244140625,393700
2025-02-04,889.98486328125,924.280029296875,927.3099975585938,905.1300048828125,906.0999755859375,311300
2025-02-05,901.7514038085938,936.5,937.1199951171875,924.1099853515625,934.9299926757812,326200
2025-02-06,903.5230712890625,938.3400268554688,944.02001953125,931.8300170898438,941.969970703125,241300
2025-02-07,898.6412353515625,933.27001953125,942.969970703125,928.9000244140625,942.1900024414062,357200
2025-02-10,908.1450805664062,943.1400146484375,943.6500244140625,928.0499877929688,935.8400268554688,373700
2025-02-11,908.62646484375,943.6400146484375,943.9400024414062,926.5399780273438,931.010009765625,437800
2025-02-12,900.4996948242188,935.2000122070312,941.9299926757812,923.469970703125,923.469970703125,518400
2025-02-13,888.7523193359375,923.0,924.6199951171875,890.0,899.0,930500
2025-02-14,898.9588623046875,933.5999755859375,953.4099731445312,921.3400268554688,923.02001953125,523400
2025-02-18,897.3220825195312,931.9000244140625,939.1599731445312,907.3400268554688,920.1599731445312,512900
2025-02-19,904.2356567382812,939.0800170898438,939.719970703125,924.6500244140625,931.0,529100
2025-02-20,905.3621826171875,940.25,940.7999877929688,927.030029296875,939.0800170898438,275400
2025-02-21,885.555419921875,919.6799926757812,935.4500122070312,916.5,935.02001953125,664100
2025-02-24,875.2813110351562,909.010009765625,920.0,894.4600219726562,918.0900268554688,648500
2025-02-25,873.0185546875,906.6599731445312,914.8699951171875,902.989990234375,908.0,853300
2025-02-26,881.0618286132812,910.280029296875,916.7000122070312,907.1799926757812,908.3300170898438,664600
2025-02-27,881.1586303710938,910.3800048828125,919.8300170898438,906.9600219726562,915.3400268554688,503700
2025-02-28,875.58349609375,904.6199951171875,914.0,897.8099975585938,910.0,1214800
2025-03-03,881.3522338867188,910.5800170898438,921.5900268554688,903.739990234375,912.0700073242188,547200
2025-03-04,880.8294677734375,910.0399780273438,917.6099853515625,895.6799926757812,909.72998046875,689600
2025-03-05,891.4570922851562,921.02001953125,927.0800170898438,904.489990234375,904.489990234375,486900
2025-03-06,843.913818359375,871.9000244140625,914.5,870.3099975585938,910.0999755859375,893500
2025-03-07,831.93115234375,859.52001953125,875.3599853515625,846.4400024414062,873.1300048828125,1003800
2025-03-10,803.968505859375,830.6300048828125,859.22998046875,822.0700073242188,856.3099975585938,915000
2025-03-11,809.3983154296875,836.239990234375,844.1799926757812,826.0,832.0800170898438,1092100
2025-03-12,827.5465698242188,854.989990234375,856.469970703125,843.75,846.9199829101562,717200
2025-03-13,807.1819458007812,833.9500122070312,851.8200073242188,829.260009765625,849.3099975585938,597300
2025-03-14,810.792236328125,837.6799926757812,842.6599731445312,829.2100219726562,835.3699951171875,695300
2025-03-17,829.7340087890625,857.25,860.1199951171875,834.219970703125,834.9600219726562,902500
2025-03-18,814.2572631835938,841.260009765625,863.7000122070312,836.4400024414062,863.7000122070312,691900
2025-03-19,827.8756713867188,855.3300170898438,863.719970703125,842.9299926757812,846.3200073242188,1079500
2025-03-20,824.3815307617188,851.719970703125,855.780029296875,846.1199951171875,852.2999877929688,532800
2025-03-21,807.8013916015625,834.5900268554688,848.6500244140625,831.780029296875,846.0,1624900
2025-03-24,825.0784912109375,852.4400024414062,858.3599853515625,843.77001953125,847.4099731445312,745800
2025-03-25,814.218505859375,841.219970703125,857.3099975585938,838.010009765625,848.1799926757812,581000
2025-03-26,804.375,831.0499877929688,851.4000244140625,825.8699951171875,847.0800170898438,764100
2025-03-27,798.8191528320312,825.3099975585938,833.4500122070312,820.510009765625,833.4500122070312,799600
2025-03-28,777.2254028320312,803.0,825.989990234375,797.3300170898438,823.47998046875,896500
2025-03-31,789.1788330078125,815.3499755859375,819.9000244140625,795.1199951171875,807.0,1083800
2025-04-01,790.7276000976562,816.9500122070312,819.8400268554688,800.8300170898438,816.47998046875,871800
2025-04-02,804.85888671875,831.5499877929688,833.760009765625,806.469970703125,806.469970703125,431100
2025-04-03,775.7154541015625,801.4400024414062,814.0999755859375,788.97998046875,810.5499877929688,1222700
2025-04-04,741.6162719726562,766.2100219726562,792.4099731445312,765.1199951171875,790.6699829101562,820500
2025-04-07,723.7390747070312,747.739990234375,780.1300048828125,725.9299926757812,750.6199951171875,927900
2025-04-08,716.3152465820312,740.0700073242188,780.3099975585938,730.1900024414062,780.3099975585938,812900
2025-04-09,771.8341064453125,797.4299926757812,798.5700073242188,701.4099731445312,728.8200073242188,753200
2025-04-10,746.0008544921875,770.739990234375,781.5999755859375,750.5900268554688,776.0599975585938,696100
2025-04-11,751.8953857421875,776.8300170898438,783.4500122070312,749.6400146484375,756.1400146484375,513900
2025-04-14,758.7092895507812,783.8699951171875,793.4299926757812,775.7999877929688,782.97998046875,621200
2025-04-15,762.2131958007812,787.489990234375,796.2999877929688,781.3099975585938,788.4199829101562,352500
2025-04-16,753.68603515625,778.6799926757812,788.7899780273438,773.7899780273438,780.1699829101562,405400
2025-04-17,764.787841796875,790.1500244140625,801.9600219726562,787.8200073242188,794.4099731445312,479700
2025-04-21,748.3817749023438,773.2000122070312,784.52001953125,759.0399780273438,783.7899780273438,493800
2025-04-22,765.7266235351562,791.1199951171875,796.4000244140625,782.25,782.25,556900
2025-04-23,783.4779663085938,809.4600219726562,826.030029296875,800.0599975585938,805.3300170898438,640100
2025-04-24,790.9598999023438,817.1900024414062,823.3200073242188,802.4600219726562,809.5999755859375,490900
2025-04-25,811.1986694335938,838.0999755859375,844.4199829101562,825.0,827.0,605300
2025-04-28,817.5674438476562,844.6799926757812,846.8099975585938,833.4600219726562,834.5800170898438,521000
2025-04-29,824.3137817382812,851.6500244140625,860.9099731445312,842.489990234375,848.2000122070312,696100
2025-04-30,833.12158203125,860.75,864.1400146484375,839.5700073242188,840.0,729100
2025-05-01,834.302490234375,861.969970703125,885.0,860.0700073242188,863.7000122070312,677300
2025-05-02,847.7369995117188,875.8499755859375,880.02001953125,870.47998046875,875.9400024414062,443300
2025-05-05,854.8607177734375,883.2100219726562,887.9500122070312,872.9400024414062,879.1099853515625,377600
2025-05-06,847.2821044921875,875.3800048828125,887.0700073242188,872.6400146484375,880.0,439200
2025-05-07,844.47509765625,872.47998046875,881.6400146484375,869.7000122070312,873.4299926757812,576800
2025-05-08,833.3539428710938,860.989990234375,882.8800048828125,859.5599975585938,875.6599731445312,496200
2025-05-09,836.6448974609375,864.3900146484375,869.0,837.3699951171875,850.0,226000
2025-05-12,842.5296630859375,870.469970703125,883.760009765625,862.0,883.760009765625,507200
2025-05-13,840.903564453125,868.7899780273438,874.3599853515625,862.3599853515625,872.3099975585938,774700
2025-05-14,831.631103515625,859.2100219726562,872.6400146484375,856.1500244140625,866.4299926757812,590100
2025-05-15,839.4033203125,867.239990234375,868.8300170898438,858.0999755859375,858.0999755859375,429300
2025-05-16,847.8046875,875.9199829101562,876.489990234375,861.2899780273438,869.4099731445312,589400
2025-05-19,849.40185546875,877.5700073242188,880.969970703125,863.0900268554688,863.0900268554688,412300
2025-05-20,847.7757568359375,875.8900146484375,876.5499877929688,865.4099731445312,868.3300170898438,296300
2025-05-21,836.0400390625,859.1400146484375,870.8800048828125,855.030029296875,866.8699951171875,793700
2025-05-22,843.2020263671875,866.5,870.25,858.1400146484375,863.4000244140625,413400
2025-05-23,840.2437744140625,863.4600219726562,867.2999877929688,857.5399780273438,864.9000244140625,441600
2025-05-27,853.23486328125,876.8099975585938,883.2000122070312,867.989990234375,871.0,502000
2025-05-28,856.9423828125,880.6199951171875,883.6699829101562,872.239990234375,883.6699829101562,373000
2025-05-29,863.5692749023438,887.4299926757812,896.1500244140625,872.0,880.6199951171875,290600
2025-05-30,864.9219360351562,888.8200073242188,894.47998046875,876.1799926757812,877.8300170898438,973100
2025-06-02,866.5469360351562,890.489990234375,890.6400146484375,874.4000244140625,884.2000122070312,338000
2025-06-03,870.780029296875,894.8400268554688,896.8099975585938,881.6900024414062,887.0800170898438,535900
2025-06-04,887.67333984375,912.2000122070312,913.9400024414062,890.0399780273438,895.8800048828125,573300
2025-06-05,885.2794189453125,909.739990234375,924.8800048828125,906.0900268554688,915.4299926757812,605900
2025-06-06,889.8433227539062,914.4299926757812,917.3900146484375,909.25,914.8200073242188,294200
2025-06-09,883.0802001953125,907.47998046875,915.2899780273438,906.3099975585938,911.8900146484375,336600
2025-06-10,882.9439086914062,907.3400268554688,911.3800048828125,895.5599975585938,907.8200073242188,439500
2025-06-11,869.6707763671875,893.7000122070312,913.1500244140625,893.1300048828125,905.989990234375,547400
2025-06-12,872.3175659179688,896.4199829101562,902.5,893.489990234375,893.7000122070312,493900
2025-06-13,868.6392822265625,892.6400146484375,894.3499755859375,883.3099975585938,892.5999755859375,502400
2025-06-16,864.27001953125,888.1500244140625,900.6500244140625,886.8400268554688,894.0800170898438,543100
2025-06-17,862.9173583984375,886.760009765625,898.7000122070312,883.4299926757812,890.3300170898438,606700
2025-06-18,863.0048828125,886.8499755859375,892.780029296875,882.0900268554688,883.6599731445312,550200
2025-06-20,859.1416625976562,882.8800048828125,894.6099853515625,882.02001953125,890.3599853515625,788100
2025-06-23,866.0507202148438,889.97998046875,897.0399780273438,883.75,885.6400146484375,693000
2025-06-24,882.1265258789062,906.5,910.5999755859375,886.0999755859375,896.5800170898438,436400
2025-06-25,802.1463623046875,824.3099975585938,905.3699951171875,818.239990234375,904.4600219726562,1352000
2025-06-26,725.484619140625,745.530029296875,794.5599975585938,710.52001953125,791.0399780273438,4005300
2025-06-27,764.0004272460938,785.1099853515625,792.280029296875,754.010009765625,763.8499755859375,2193300
2025-06-30,774.0818481445312,795.469970703125,796.4000244140625,776.4299926757812,792.6699829101562,1066900
2025-07-01,773.9942626953125,795.3800048828125,800.530029296875,782.9000244140625,797.25,971300
2025-07-02,773.7704467773438,795.1500244140625,796.969970703125,784.9000244140625,794.1199951171875,631000
2025-07-03,765.8395385742188,787.0,797.6900024414062,782.7899780273438,797.6900024414062,539900
2025-07-07,756.2252807617188,777.1199951171875,794.1599731445312,772.5599975585938,789.1099853515625,700800
2025-07-08,746.7568359375,767.3900146484375,781.9099731445312,761.27001953125,777.3900146484375,668400
2025-07-09,744.1489868164062,764.7100219726562,774.8599853515625,760.4000244140625,774.8599853515625,534700
2025-07-10,738.4853515625,758.8900146484375,777.77001953125,753.52001953125,776.3400268554688,751000
2025-07-11,736.3543090820312,756.7000122070312,759.3800048828125,743.8800048828125,750.0499877929688,587400
2025-07-14,739.7601928710938,760.2000122070312,764.260009765625,756.5599975585938,757.5499877929688,428000
2025-07-15,739.5266723632812,759.9600219726562,767.4000244140625,755.9600219726562,761.260009765625,580900
2025-07-16,745.053955078125,765.6400146484375,769.5399780273438,756.6500244140625,763.3300170898438,447200
2025-07-17,754.7169799804688,775.5700073242188,776.5800170898438,758.9400024414062,762.4500122070312,435600
2025-07-18,756.8676147460938,777.780029296875,782.47998046875,769.5999755859375,781.6400146484375,626100
2025-07-21,767.9707641601562,789.1900024414062,806.9600219726562,787.8099975585938,793.0,1003300
2025-07-22,779.0252075195312,800.5499877929688,803.8499755859375,789.3800048828125,789.3800048828125,566100
2025-07-23,774.802001953125,796.2100219726562,801.0700073242188,793.4299926757812,798.2100219726562,429300
2025-07-24,768.311279296875,789.5399780273438,795.5,785.3699951171875,794.0499877929688,370700
2025-07-25,779.8815307617188,801.4299926757812,803.4000244140625,786.75,791.3200073242188,482700
2025-07-28,772.281494140625,793.6199951171875,805.0800170898438,791.719970703125,801.6199951171875,578300
2025-07-29,789.32080078125,811.1300048828125,813.1799926757812,795.3400268554688,797.2899780273438,612900
2025-07-30,775.609619140625,797.0399780273438,815.0,791.719970703125,811.530029296875,572600
2025-07-31,764.0587768554688,785.1699829101562,809.469970703125,783.4600219726562,805.6599731445312,935200
2025-08-01,750.9996337890625,771.75,784.8300170898438,765.1599731445312,784.8300170898438,500600
2025-08-04,757.4611206054688,778.3900146484375,780.9400024414062,767.2100219726562,772.1599731445312,538400
2025-08-05,757.9962768554688,778.9400024414062,780.72998046875,773.2899780273438,778.5,456700
2025-08-06,752.2160034179688,773.0,783.1599731445312,772.219970703125,780.1400146484375,316300
2025-08-07,758.3855590820312,779.3400268554688,780.8400268554688,767.52001953125,775.3300170898438,325000
2025-08-08,755.330078125,776.2000122070312,780.22998046875,765.5,776.3800048828125,252800
2025-08-11,755.8651733398438,776.75,781.9099731445312,770.02001953125,772.8099975585938,311800
2025-08-12,766.1510009765625,787.3200073242188,787.8400268554688,773.6500244140625,780.0399780273438,337900
2025-08-13,762.9202880859375,784.0,794.0,783.0,788.0,420400
2025-08-14,754.5222778320312,775.3699951171875,778.8499755859375,765.0,776.6900024414062,506900
2025-08-15,760.3025512695312,781.3099975585938,786.0900268554688,774.0,777.8900146484375,545000
2025-08-18,748.9561157226562,769.6500244140625,785.6900024414062,768.7999877929688,781.5,478700
2025-08-19,752.6636962890625,773.4600219726562,777.780029296875,767.1300048828125,773.5599975585938,301300
2025-08-20,760.026123046875,776.2899780273438,782.989990234375,770.739990234375,773.8300170898438,417600
2025-08-21,756.011962890625,772.1900024414062,773.010009765625,765.4600219726562,771.260009765625,345200
2025-08-22,769.9927978515625,786.469970703125,793.0,777.72998046875,779.9000244140625,317000
2025-08-25,765.9884643554688,782.3800048828125,790.0,781.9000244140625,790.0,348900
2025-08-26,765.4108276367188,781.7899780273438,788.9400024414062,775.0,786.9199829101562,488400
2025-08-27,773.9971313476562,790.5599975585938,793.8599853515625,783.5999755859375,783.5999755859375,414000
2025-08-28,769.8753051757812,786.3499755859375,790.510009765625,782.219970703125,789.030029296875,337000
2025-08-29,769.7186279296875,786.1900024414062,790.3200073242188,783.239990234375,786.219970703125,321900
2025-09-02,755.3951416015625,771.5599975585938,779.6199951171875,769.0999755859375,777.4500122070312,457900
2025-09-03,746.2508544921875,762.219970703125,770.6099853515625,751.2899780273438,770.0,573000
2025-09-04,751.8412475585938,767.9299926757812,768.5900268554688,757.75,764.7999877929688,387200
2025-09-05,757.4707641601562,773.6799926757812,777.969970703125,766.9400024414062,769.0,322000
2025-09-08,749.4719848632812,765.510009765625,769.6199951171875,759.3800048828125,767.9299926757812,462100
2025-09-09,763.2079467773438,779.5399780273438,780.5800170898438,762.0599975585938,763.1500244140625,358200
2025-09-10,764.2457885742188,780.5999755859375,801.989990234375,780.4400024414062,782.2899780273438,488600
2025-09-11,780.7721557617188,797.47998046875,799.7100219726562,782.1599731445312,782.1599731445312,384400
2025-09-12,772.0879516601562,788.6099853515625,800.3800048828125,788.1699829101562,797.47998046875,367800
2025-09-15,775.0936279296875,791.6799926757812,798.1900024414062,789.1799926757812,791.3099975585938,509500
2025-09-16,762.9828491210938,779.3099975585938,791.1900024414062,771.1400146484375,791.1900024414062,486200
2025-09-17,762.4639892578125,778.780029296875,793.8499755859375,778.6300048828125,784.2100219726562,372300
2025-09-18,768.8473510742188,785.2999877929688,791.4500122070312,779.3300170898438,783.3800048828125,463300
2025-09-19,774.6727294921875,791.25,796.0,782.1900024414062,791.8400268554688,1214700
2025-09-22,781.3497924804688,798.0700073242188,801.2000122070312,782.6699829101562,782.969970703125,513600
2025-09-23,786.45068359375,803.280029296875,805.8200073242188,794.02001953125,798.0,530200
2025-09-24,773.2432250976562,789.7899780273438,803.219970703125,788.1699829101562,798.6500244140625,693200
2025-09-25,766.4779663085938,782.8800048828125,792.0,782.0399780273438,789.7899780273438,337800
2025-09-26,773.78173828125,790.3400268554688,791.3300170898438,781.0999755859375,788.260009765625,326200
2025-09-29,765.3423461914062,781.719970703125,794.5999755859375,779.2000122070312,794.5999755859375,623400
2025-09-30,766.8305053710938,783.239990234375,785.3699951171875,773.6300048828125,783.1799926757812,589400
2025-10-01,757.7351684570312,773.9500122070312,785.9600219726562,772.1599731445312,781.7899780273438,681700
2025-10-02,756.413330078125,772.5999755859375,777.97998046875,766.2899780273438,774.5599975585938,442900
2025-10-03,762.4248046875,778.739990234375,780.8400268554688,770.7999877929688,772.5900268554688,391900
2025-10-06,773.292236328125,789.8400268554688,792.3300170898438,773.1699829101562,779.4500122070312,425200
2025-10-07,770.5900268554688,787.0800170898438,790.8699951171875,778.9600219726562,789.989990234375,286700
2025-10-08,786.7835083007812,803.6199951171875,808.1500244140625,782.489990234375,787.239990234375,474900
2025-10-09,791.394775390625,808.3300170898438,808.530029296875,799.5,806.3300170898438,324000
2025-10-10,783.8267822265625,800.5999755859375,811.0499877929688,795.1199951171875,810.0,470400
2025-10-13,789.3975830078125,806.2899780273438,810.4199829101562,796.739990234375,802.0,446400
2025-10-14,800.2943725585938,817.4199829101562,822.530029296875,802.969970703125,804.7899780273438,502000
2025-10-15,805.013427734375,822.239990234375,831.25,816.0,819.780029296875,359500
2025-10-16,795.7417602539062,812.77001953125,832.1500244140625,811.719970703125,824.530029296875,468300
2025-10-17,796.8775024414062,813.9299926757812,816.2899780273438,806.989990234375,812.77001953125,350600
2025-10-20,807.8526611328125,825.1400146484375,827.7000122070312,814.0,817.739990234375,438500
2025-10-21,804.7784423828125,822.0,823.4600219726562,801.010009765625,819.6900024414062,384900
2025-10-22,811.6807250976562,829.0499877929688,829.8499755859375,817.8400268554688,824.6599731445312,433000
2025-10-23,814.5004272460938,831.9299926757812,833.8900146484375,818.5800170898438,830.0,375600
2025-10-24,821.9020385742188,839.489990234375,847.3599853515625,837.0499877929688,842.1400146484375,367700
2025-10-27,825.11328125,842.77001953125,851.0800170898438,834.8499755859375,843.0,468500
2025-10-28,799.0314331054688,816.1300048828125,842.4199829101562,815.9600219726562,841.1099853515625,603800
2025-10-29,781.0169067382812,797.72998046875,813.9600219726562,794.6500244140625,812.9500122070312,556900
2025-10-30,815.70458984375,833.1599731445312,853.8300170898438,801.3900146484375,801.3900146484375,1065200
2025-10-31,828.285400390625,846.010009765625,852.1900024414062,821.9199829101562,828.6199951171875,816900
2025-11-03,815.3914184570312,832.8400268554688,846.0,821.1699829101562,840.469970703125,506600
2025-11-04,812.522705078125,829.9099731445312,839.72998046875,824.1400146484375,834.0800170898438,435800
2025-11-05,804.8959350585938,822.1199951171875,829.280029296875,810.5800170898438,822.5399780273438,592000
2025-11-06,802.1644287109375,819.3300170898438,827.6699829101562,807.469970703125,817.0,671500
2025-11-07,807.4708251953125,824.75,825.25,812.6400146484375,824.1400146484375,306800
2025-11-10,810.780029296875,828.1300048828125,833.97998046875,816.280029296875,824.0,512900
2025-11-11,803.8385009765625,821.0399780273438,831.7999877929688,820.2899780273438,828.6900024414062,441100
2025-11-12,796.201904296875,813.239990234375,827.1599731445312,812.5700073242188,819.6400146484375,672300
2025-11-13,770.061279296875,786.5399780273438,812.6199951171875,780.6699829101562,810.9600219726562,574800
2025-11-14,769.1116943359375,785.5700073242188,787.02001953125,777.8699951171875,784.6900024414062,498300
2025-11-17,760.603759765625,776.8800048828125,790.510009765625,771.0,786.9099731445312,355200
2025-11-18,762.845703125,779.1699829101562,781.77001953125,769.6099853515625,777.5800170898438,397400
2025-11-19,753.5870361328125,765.0800170898438,774.7899780273438,755.4299926757812,773.3699951171875,512100
2025-11-20,741.5012817382812,752.8099975585938,781.1099853515625,752.239990234375,772.1799926757812,607500
2025-11-21,743.3431396484375,754.6799926757812,759.739990234375,744.4000244140625,755.6099853515625,536200
2025-11-24,749.1939697265625,760.6199951171875,760.8499755859375,743.1900024414062,754.0,1031600
2025-11-25,736.9113159179688,748.1500244140625,768.8499755859375,747.5,768.8499755859375,626200
2025-11-26,739.1373291015625,750.4099731445312,756.8099975585938,745.52001953125,747.469970703125,476400
2025-11-28,741.9937744140625,753.3099975585938,759.2100219726562,745.010009765625,748.6400146484375,301100
2025-12-01,722.2647705078125,733.280029296875,746.6300048828125,732.1599731445312,746.6300048828125,588200
2025-12-02,716.4532470703125,727.3800048828125,735.5700073242188,724.1599731445312,735.0,828200
2025-12-03,721.7130737304688,732.719970703125,735.1900024414062,724.4199829101562,728.7999877929688,991500
2025-12-04,715.1827392578125,726.0900268554688,738.0,720.6199951171875,722.0999755859375,720800
2025-12-05,730.4400634765625,741.5800170898438,747.8800048828125,724.7100219726562,727.489990234375,760900
2025-12-08,728.8147583007812,739.9299926757812,748.3900146484375,737.2100219726562,741.5900268554688,546300
2025-12-09,729.543701171875,740.6699829101562,747.0,730.8699951171875,737.02001953125,417400
2025-12-10,723.3678588867188,734.4000244140625,747.4600219726562,732.6500244140625,743.219970703125,429300
2025-12-11,742.8014526367188,754.1300048828125,757.1599731445312,730.8200073242188,737.4099731445312,555700
2025-12-12,739.0487060546875,750.3200073242188,764.5,726.9500122070312,755.8200073242188,697000
2025-12-15,749.952392578125,761.3900146484375,762.5499877929688,749.5,755.8599853515625,632800
2025-12-16,746.7611083984375,758.1500244140625,763.1099853515625,749.5,759.6599731445312,582200
2025-12-17,736.6453247070312,747.8800048828125,764.5,739.8099975585938,757.0,924500
2025-12-18,732.9024658203125,744.0800170898438,757.030029296875,740.75,752.5,723400
2025-12-19,747.1156616210938,758.510009765625,763.0599975585938,740.3300170898438,742.5599975585938,1371400
2025-12-22,746.5344848632812,757.9199829101562,762.9600219726562,751.219970703125,753.1500244140625,413200
2025-12-23,748.7113647460938,760.1300048828125,761.0399780273438,753.1099853515625,757.0,333800
2025-12-24,747.322509765625,758.719970703125,762.0,755.219970703125,759.4299926757812,122900
2025-12-26,751.8336791992188,763.2999877929688,763.8400268554688,757.8800048828125,759.4099731445312,164100
2025-12-29,753.5081787109375,765.0,769.22998046875,763.1500244140625,765.8300170898438,404900
2025-12-30,758.1473999023438,769.7100219726562,771.7000122070312,762.989990234375,765.4099731445312,276000
2025-12-31,754.6507568359375,766.1599731445312,771.3300170898438,764.5,769.7100219726562,340700
2026-01-02,752.6315307617188,764.1099853515625,766.5999755859375,758.4299926757812,766.1599731445312,556700
2026-01-05,760.4227294921875,772.02001953125,775.2000122070312,755.4000244140625,761.0800170898438,580300
2026-01-06,776.2217407226562,788.0599975585938,789.989990234375,769.6300048828125,772.0,452200
2026-01-07,764.8846435546875,776.5499877929688,795.25,776.3599853515625,791.8800048828125,440900
2026-01-08,770.1345825195312,781.8800048828125,783.8800048828125,767.530029296875,769.75,408400
2026-01-09,788.3270874023438,800.3499755859375,804.4000244140625,785.4400024414062,785.4400024414062,321700
2026-01-12,772.0848388671875,783.8599853515625,805.0,758.9000244140625,799.5499877929688,1237300
2026-01-13,789.272705078125,801.3099975585938,808.8499755859375,784.22998046875,784.22998046875,587600
2026-01-14,787.0171508789062,799.02001953125,800.9199829101562,785.8800048828125,797.4199829101562,399700
2026-01-15,789.7750854492188,801.8200073242188,813.4500122070312,797.8699951171875,800.5499877929688,443500
2026-01-16,789.7357177734375,801.780029296875,809.5599975585938,796.2899780273438,802.3200073242188,532400
2026-01-20,772.4197387695312,784.2000122070312,794.739990234375,782.010009765625,792.6300048828125,497000
2026-01-21,783.5302734375,795.47998046875,809.5399780273438,786.719970703125,790.0,566300
2026-01-22,780.8511352539062,792.760009765625,801.8599853515625,788.3699951171875,796.5999755859375,347000
2026-01-23,779.383544921875,791.27001953125,800.7999877929688,784.3499755859375,792.0900268554688,467400
2026-01-26,794.237060546875,806.3499755859375,810.02001953125,793.1799926757812,795.6799926757812,567200
2026-01-27,797.388916015625,809.5499877929688,812.6099853515625,796.8699951171875,809.9600219726562,526200
2026-01-28,803.8898315429688,816.1500244140625,831.719970703125,806.3099975585938,811.4199829101562,589600
2026-01-29,813.64111328125,826.0499877929688,826.9600219726562,813.3200073242188,818.25,685800
2026-01-30,808.5979614257812,820.9299926757812,823.1699829101562,808.3599853515625,822.02001953125,650100
2026-02-02,798.2064819335938,810.3800048828125,826.8300170898438,807.6300048828125,816.219970703125,603300
2026-02-03,789.784912109375,801.8300170898438,818.0,791.5399780273438,809.02001953125,499700
2026-02-04,790.0803833007812,802.1300048828125,815.0599975585938,799.8699951171875,806.3800048828125,520300
2026-02-05,795.4287719726562,807.5599975585938,814.4199829101562,792.8499755859375,803.7000122070312,595700
2026-02-06,835.3795166015625,848.1199951171875,848.8800048828125,813.6300048828125,815.9400024414062,615500
2026-02-09,844.8550415039062,857.739990234375,859.6699829101562,840.5999755859375,846.5700073242188,436700
2026-02-10,843.8700561523438,856.739990234375,864.6199951171875,847.5499877929688,853.7000122070312,510600
2026-02-11,854.4881591796875,867.52001953125,868.02001953125,851.8300170898438,860.1699829101562,652400
2026-02-12,943.4808349609375,957.8699951171875,992.9000244140625,940.9000244140625,956.4400024414062,2685300
2026-02-13,941.8261108398438,956.1900024414062,967.030029296875,942.1099853515625,956.780029296875,1063900
2026-02-17,937.66943359375,951.969970703125,958.2899780273438,933.0,952.5,700200
2026-02-18,910.3560791015625,924.239990234375,949.969970703125,918.2000122070312,948.2999877929688,837500
2026-02-19,904.2393798828125,918.030029296875,928.3699951171875,916.010009765625,924.239990234375,647800
2026-02-20,914.1679077148438,928.1099853515625,928.719970703125,911.4000244140625,915.52001953125,993600
2026-02-23,931.4345703125,945.6400146484375,950.1099853515625,924.4500122070312,926.02001953125,665100
2026-02-24,937.6005859375,951.9000244140625,956.0,940.7100219726562,946.2999877929688,486100
2026-02-25,951.24755859375,960.52001953125,962.4099731445312,945.0,947.8599853515625,639500
2026-02-26,938.8682250976562,948.02001953125,963.6300048828125,941.6900024414062,963.6300048828125,612300
2026-02-27,964.8548583984375,974.260009765625,975.0,943.6500244140625,948.02001953125,1141200
2026-03-02,956.7736206054688,966.0999755859375,970.7899780273438,954.3800048828125,959.6500244140625,409300
2026-03-03,962.6266479492188,972.010009765625,977.3599853515625,942.260009765625,942.260009765625,849500
2026-03-04,959.6852416992188,969.0399780273438,974.9299926757812,957.260009765625,970.47998046875,624700
2026-03-05,943.8001708984375,953.0,962.530029296875,946.0599975585938,954.5999755859375,692500
2026-03-06,928.1527099609375,937.2000122070312,956.6300048828125,933.9600219726562,945.0700073242188,688400
2026-03-09,935.7882080078125,944.9099731445312,947.3599853515625,918.280029296875,926.5,699400
2026-03-10,946.8405151367188,956.0700073242188,965.0,939.5700073242188,944.9099731445312,658400
2026-03-11,964.0328979492188,973.4299926757812,982.5,955.0,956.4600219726562,661200
2026-03-12,962.091796875,971.469970703125,981.4199829101562,955.5499877929688,961.1900024414062,756300
2026-03-13,960.5369873046875,969.9000244140625,983.3800048828125,962.6400146484375,979.22998046875,512300
2026-03-16,974.9564819335938,984.4600219726562,990.97998046875,974.9199829101562,975.030029296875,790300
2026-03-17,967.4495849609375,976.8800048828125,990.469970703125,975.3599853515625,985.4199829101562,422100
2026-03-18,964.1616821289062,973.5599975585938,984.22998046875,971.9500122070312,978.510009765625,462900
2026-03-19,965.3500366210938,974.760009765625,976.6599731445312,959.6300048828125,963.3400268554688,416300
2026-03-20,949.900634765625,959.1599731445312,979.3900146484375,953.719970703125,975.72998046875,1817800
2026-03-23,957.6253662109375,966.9600219726562,974.9099731445312,953.219970703125,965.7999877929688,576000
2026-03-24,955.2188110351562,964.530029296875,974.6400146484375,958.52001953125,964.780029296875,499400
2026-03-25,956.6251220703125,965.9500122070312,977.8300170898438,964.22998046875,970.1900024414062,380100
2026-03-26,954.08984375,963.3900146484375,971.3300170898438,954.0599975585938,960.77001953125,530200
2026-03-27,953.70361328125,963.0,968.1900024414062,958.27001953125,963.3800048828125,397500
2026-03-30,954.7434692382812,964.0499877929688,981.8300170898438,958.489990234375,972.25,717500
2026-03-31,970.777099609375,980.239990234375,986.8900146484375,963.3800048828125,973.8099975585938,647800
2026-04-01,986.3651733398438,995.97998046875,999.6699829101562,978.02001953125,985.1699829101562,476800
2026-04-02,990.7128295898438,1000.3699951171875,1006.5599975585938,986.010009765625,989.7999877929688,464300
2026-04-06,1006.2711791992188,1016.0800170898438,1016.3900146484375,997.8699951171875,999.4000244140625,301500
2026-04-07,997.5660400390625,1007.2899780273438,1008.739990234375,984.1099853515625,1003.22998046875,424300
2026-04-08,1007.8358764648438,1017.6599731445312,1023.469970703125,1002.22998046875,1018.010009765625,505800
2026-04-09,1021.611572265625,1031.5699462890625,1039.9000244140625,1017.97998046875,1017.97998046875,405800
2026-04-10,1020.2944946289062,1030.239990234375,1034.260009765625,1024.0400390625,1031.469970703125,342800
2026-04-13,1046.6376953125,1056.8399658203125,1057.8800048828125,1023.77001953125,1027.5899658203125,450700
2026-04-14,1047.16259765625,1057.3699951171875,1060.0699462890625,1044.1700439453125,1060.0699462890625,510600
2026-04-15,1042.81494140625,1052.97998046875,1059.77001953125,1043.2900390625,1059.77001953125,614000
2026-04-16,1060.56201171875,1070.9000244140625,1072.8800048828125,1051.0999755859375,1051.0999755859375,467500
2026-04-17,1078.1109619140625,1088.6199951171875,1093.030029296875,1068.9000244140625,1074.739990234375,463000
2026-04-20,1093.312744140625,1103.969970703125,1104.2900390625,1087.3199462890625,1093.1800537109375,373300
2026-04-21,1083.775634765625,1094.3399658203125,1108.18994140625,1087.1700439453125,1100.5400390625,507400
2026-04-22,1091.63916015625,1102.280029296875,1107.9300537109375,1095.9300537109375,1096.780029296875,519900
2026-04-23,1104.5235595703125,1115.2900390625,1123.9200439453125,1097.800048828125,1097.800048828125,563800
2026-04-24,1098.0565185546875,1108.760009765625,1128.6800537109375,1103.3199462890625,1121.8299560546875,610000
2026-04-27,1079.3291015625,1089.8499755859375,1108.469970703125,1084.8299560546875,1103.949951171875,589500
2026-04-28,1066.0089111328125,1076.4000244140625,1097.510009765625,1063.2900390625,1090.4100341796875,807100
2026-04-29,1078.5565185546875,1089.0699462890625,1093.6199951171875,1068.56005859375,1074.3599853515625,673000
2026-04-30,1072.376708984375,1082.8299560546875,1084.8499755859375,1045.0,1048.760009765625,1077300
2026-05-01,1074.5556640625,1085.030029296875,1091.68994140625,1070.0400390625,1086.1300048828125,658200
2026-05-04,1072.7431640625,1083.199951171875,1091.1800537109375,1075.2900390625,1087.18994140625,485500
2026-05-05,1068.0489501953125,1078.4599609375,1089.5799560546875,1067.0699462890625,1088.3900146484375,385800
2026-05-06,1077.4571533203125,1087.9599609375,1097.43994140625,1078.469970703125,1082.9000244140625,545400
2026-05-07,1056.4619140625,1066.760009765625,1090.5999755859375,1061.4200439453125,1084.1099853515625,443800
2026-05-08,1061.7305908203125,1072.0799560546875,1082.6199951171875,1064.949951171875,1072.4100341796875,428700
2026-05-11,1075.7340087890625,1086.219970703125,1094.8499755859375,1071.3299560546875,1072.6099853515625,679400
2026-05-12,1070.197998046875,1080.6300048828125,1085.0899658203125,1069.6800537109375,1080.7099609375,464100
2026-05-13,1066.88037109375,1077.280029296875,1085.93994140625,1060.9000244140625,1074.9100341796875,625800
2026-05-14,1069.25732421875,1079.6800537109375,1085.760009765625,1072.550048828125,1077.280029296875,479600
2026-05-15,1049.2125244140625,1059.43994140625,1077.43994140625,1055.199951171875,1077.43994140625,453700
2026-05-18,1052.3619384765625,1062.6199951171875,1065.510009765625,1047.75,1060.2900390625,423200
2026-05-19,1038.3089599609375,1048.4300537109375,1066.3800048828125,1044.699951171875,1059.97998046875,482700
2026-05-20,1059.9952392578125,1065.06005859375,1066.8599853515625,1044.300048828125,1044.8399658203125,496400
2026-05-21,1073.291748046875,1078.4200439453125,1079.4200439453125,1061.1500244140625,1063.3699951171875,535000
2026-05-22,1074.6552734375,1079.7900390625,1084.0999755859375,1068.550048828125,1078.4200439453125,427200
2026-05-26,1072.5054931640625,1077.6300048828125,1088.72998046875,1076.2900390625,1086.93994140625,1208900
2026-05-27,1065.130615234375,1070.219970703125,1079.219970703125,1066.93994140625,1068.510009765625,416600
2026-05-28,1064.3543701171875,1069.43994140625,1080.77001953125,1056.0,1065.9300537109375,443100
2026-05-29,1062.9610595703125,1068.0400390625,1072.5,1055.6400146484375,1069.25,943900
2026-06-01,1045.773193359375,1050.77001953125,1066.27001953125,1050.0,1066.27001953125,325300
2026-06-02,1066.7032470703125,1071.800048828125,1076.719970703125,1049.2900390625,1049.2900390625,465700
2026-06-03,1071.87841796875,1077.0,1107.1500244140625,1074.989990234375,1082.93994140625,724500
2026-06-04,1083.970703125,1089.1500244140625,1091.969970703125,1061.3399658203125,1079.9300537109375,488500
2026-06-05,1075.8095703125,1080.949951171875,1093.0,1076.800048828125,1079.4200439453125,524900
2026-06-08,1057.686279296875,1062.739990234375,1084.550048828125,1058.949951171875,1083.219970703125,404800
2026-06-09,1054.800048828125,1059.8399658203125,1073.7900390625,1056.0400390625,1072.489990234375,413600
2026-06-10,1033.392333984375,1038.3299560546875,1069.3299560546875,1032.719970703125,1068.489990234375,597500
2026-06-11,1038.2193603515625,1043.1800537109375,1048.22998046875,1032.0799560546875,1041.199951171875,584700
2026-06-12,1050.8289794921875,1055.8499755859375,1055.8800048828125,1043.75,1048.780029296875,500200
2026-06-15,1059.3184814453125,1064.3800048828125,1077.2099609375,1044.3399658203125,1050.449951171875,672800
2026-06-16,1089.4744873046875,1094.6800537109375,1107.219970703125,1071.9300537109375,1080.1300048828125,594300
2026-06-17,1083.34375,1088.52001953125,1106.1199951171875,1080.93994140625,1094.6800537109375,804100
2026-06-18,1086.9962158203125,1092.18994140625,1114.5999755859375,1088.6199951171875,1104.5,807800
2026-06-22,1110.6331787109375,1115.93994140625,1117.6800537109375,1087.550048828125,1100.22998046875,718400
2026-06-23,1110.6234130859375,1115.9300537109375,1124.0,1096.010009765625,1104.5999755859375,872800
2026-06-24,1089.7928466796875,1095.0,1117.97998046875,1088.969970703125,1116.0,812100
2026-06-25,1082.43798828125,1087.6099853515625,1106.0,1074.6800537109375,1096.6500244140625,721800
2026-06-26,1086.1104736328125,1091.300048828125,1094.8699951171875,1071.9300537109375,1081.239990234375,762300
2026-06-29,1080.0096435546875,1085.1700439453125,1106.4599609375,1075.31005859375,1097.0999755859375,478400
2026-06-30,1037.43310546875,1042.3900146484375,1070.6199951171875,1040.5699462890625,1067.72998046875,1295500
2026-07-01,1008.7998657226562,1013.6199951171875,1045.5400390625,1003.4000244140625,1027.550048828125,956400
2026-07-02,997.2550659179688,1002.02001953125,1028.6300048828125,994.0399780273438,1028.6300048828125,720100
2026-07-06,994.0901489257812,998.8400268554688,1016.72998046875,993.8099975585938,1012.1099853515625,560800
2026-07-07,1018.0655517578125,1022.9299926757812,1027.510009765625,994.4299926757812,994.6400146484375,518900
2026-07-08,1011.138671875,1015.969970703125,1030.6500244140625,1007.77001953125,1007.77001953125,496000
2026-07-09,1029.9488525390625,1034.8699951171875,1038.239990234375,1025.1300048828125,1030.2099609375,420300
2026-07-10,1046.2110595703125,1051.2099609375,1051.72998046875,1025.8599853515625,1035.8199462890625,330000
2026-07-13,1034.586669921875,1039.530029296875,1054.5400390625,1034.27001953125,1051.2099609375,324100
2026-07-14,1018.6726684570312,1023.5399780273438,1043.280029296875,1017.510009765625,1036.300048828125,428200
2026-07-15,1017.7371215820312,1022.5999755859375,1030.3499755859375,1002.5800170898438,1023.5399780273438,561100
2026-07-16,1004.3411865234375,1009.1400146484375,1019.8699951171875,999.7899780273438,1017.2899780273438,478400
2026-07-17,1015.1495361328125,1020.0,1024.010009765625,993.9199829101562,1005.6599731445312,567900
2026-07-20,1012.4722900390625,1017.3099975585938,1035.780029296875,1013.1500244140625,1026.4300537109375,458300
2026-07-21,1022.9920654296875,1027.8800048828125,1036.3299560546875,1018.4000244140625,1018.8400268554688,538400
2026-07-22,1023.8479614257812,1028.739990234375,1037.010009765625,1026.0999755859375,1035.199951171875,346700
2026-07-23,1028.6351318359375,1033.550048828125,1041.52001953125,1022.9600219726562,1022.9600219726562,401900
2026-07-24,1079.083984375,1084.239990234375,1104.989990234375,1055.5999755859375,1059.3699951171875,782900
2026-07-27,1041.8121337890625,1046.7900390625,1085.7099609375,1041.780029296875,1084.239990234375,514700
2026-07-28,1029.9388427734375,1034.8599853515625,1055.969970703125,1029.010009765625,1045.469970703125,603000
2026-07-29,1003.2265014648438,1008.02001953125,1044.1300048828125,1001.6099853515625,1043.3499755859375,751400
2026-07-30,1042.548583984375,1047.530029296875,1083.8599853515625,1044.0899658203125,1061.6300048828125,892800
2026-07-31,1014.4329833984375,1019.280029296875,1066.1300048828125,1016.9000244140625,1058.52001953125,728000
2026-08-03,1026.5350341796875,1031.43994140625,1032.969970703125,1003.52001953125,1016.739990234375,574300
2026-08-04,1046.5296630859375,1051.530029296875,1055.9000244140625,1011.2999877929688,1012.780029296875,740600
2026-08-05,1051.1773681640625,1056.199951171875,1063.4599609375,1036.760009765625,1056.9100341796875,599700
2026-08-06,1047.853271484375,1052.8599853515625,1063.0,1040.0,1062.5799560546875,954100
2026-08-07,1037.6619873046875,1042.6199951171875,1063.1600341796875,1041.47998046875,1059.469970703125,487600
2026-08-10,1038.4183349609375,1043.3800048828125,1048.6400146484375,1030.9100341796875,1038.9300537109375,821400
2026-08-11,1027.4906005859375,1032.4000244140625,1050.0,1031.5999755859375,1042.780029296875,588200
2026-08-12,1064.085693359375,1069.1700439453125,1069.969970703125,1044.5899658203125,1050.56005859375,681700
2026-08-13,1068.673828125,1073.780029296875,1080.0,1066.5999755859375,1073.3699951171875,291000
2026-08-14,1096.859130859375,1102.0999755859375,1105.93994140625,1072.5999755859375,1080.0,468700
2026-08-17,1092.390380859375,1097.6099853515625,1109.219970703125,1091.300048828125,1105.81005859375,750200
2026-08-18,1079.929931640625,1085.0899658203125,1107.4100341796875,1084.9000244140625,1103.5799560546875,418000
2026-08-19,1077.0799560546875,1077.0799560546875,1093.3699951171875,1043.989990234375,1089.0,509400
2026-08-20,1082.6099853515625,1082.6099853515625,1086.6700439453125,1064.6199951171875,1075.5,358100
2026-08-21,1065.3900146484375,1065.3900146484375,1098.3499755859375,1058.5899658203125,1098.3499755859375,554600
2026-08-24,1055.199951171875,1055.199951171875,1072.5,1033.8299560546875,1066.7099609375,681000
2026-08-25,1073.43994140625,1073.43994140625,1086.97998046875,1027.93994140625,1054.4000244140625,434300
2026-08-26,1079.6099853515625,1079.6099853515625,1084.199951171875,1062.5,1064.6300048828125,507800
2026-08-27,1076.449951171875,1076.449951171875,1100.6600341796875,1071.6099853515625,1086.5899658203125,513200
2026-08-28,1044.4100341796875,1044.4100341796875,1087.5,1035.2900390625,1081.9000244140625,477100
2026-08-31,1046.719970703125,1046.719970703125,1049.3499755859375,1025.0999755859375,1033.550048828125,739200
2026-09-01,1027.5899658203125,1027.5899658203125,1049.4300537109375,1024.9599609375,1040.2900390625,495100
2026-09-02,1019.239990234375,1019.239990234375,1025.6099853515625,1002.239990234375,1018.4299926757812,747700
2026-09-03,1040.8299560546875,1040.8299560546875,1041.3800048828125,1009.75,1020.9199829101562,461000
2026-09-04,1035.97998046875,1035.97998046875,1048.3399658203125,1031.260009765625,1035.010009765625,344600
2026-09-08,1041.2099609375,1041.2099609375,1053.969970703125,1021.969970703125,1022.3699951171875,431600
2026-09-09,1043.06005859375,1043.06005859375,1048.989990234375,1032.260009765625,1034.1800537109375,546500
2026-09-10,1034.489990234375,1034.489990234375,1049.6500244140625,1033.52001953125,1046.2099609375,120863
