Price,Adj Close,Close,High,Low,Open,Volume
Ticker,ETN,ETN,ETN,ETN,ETN,ETN
Date,,,,,,
2021-09-10,148.4210968017578,160.38999938964844,163.27999877929688,160.30999755859375,163.13999938964844,1654900
2021-09-13,146.4593048095703,158.27000427246094,162.0,156.19000244140625,161.0800018310547,2685200
2021-09-14,144.63629150390625,156.3000030517578,158.47000122070312,155.52000427246094,155.52000427246094,2784900
2021-09-15,148.56915283203125,160.5500030517578,161.13999938964844,155.75999450683594,156.00999450683594,2964900
2021-09-16,147.4031982421875,159.2899932861328,160.7100067138672,158.22999572753906,160.7100067138672,1479100
2021-09-17,145.77450561523438,157.52999877929688,158.16000366210938,156.1699981689453,157.97999572753906,3115100
2021-09-20,144.82139587402344,156.5,156.64999389648438,153.88999938964844,154.4499969482422,1700800
2021-09-21,143.05393981933594,154.58999633789062,157.52000427246094,153.88999938964844,157.08999633789062,1231900
2021-09-22,144.75657653808594,156.42999267578125,157.58999633789062,155.6300048828125,155.6300048828125,1343900
2021-09-23,146.20948791503906,158.0,158.4600067138672,157.36000061035156,157.5800018310547,2237600
2021-09-24,144.36795043945312,156.00999450683594,158.1999969482422,155.8800048828125,157.50999450683594,1045800
2021-09-27,143.5721435546875,155.14999389648438,157.30999755859375,155.0800018310547,155.97000122070312,1642500
2021-09-28,142.49868774414062,153.99000549316406,155.38999938964844,152.52000427246094,155.0,1806500
2021-09-29,142.01748657226562,153.47000122070312,154.63999938964844,153.1699981689453,154.3300018310547,1590300
2021-09-30,138.1679229736328,149.30999755859375,154.19000244140625,149.25,153.83999633789062,2122000
2021-10-01,139.40792846679688,150.64999389648438,151.6300048828125,148.19000244140625,149.72000122070312,1605900
2021-10-04,137.28880310058594,148.36000061035156,151.38999938964844,147.35000610351562,149.9499969482422,1748600
2021-10-05,139.97242736816406,151.25999450683594,152.1199951171875,148.1999969482422,149.02000427246094,1762300
2021-10-06,140.37954711914062,151.6999969482422,151.82000732421875,148.11000061035156,149.74000549316406,1067700
2021-10-07,142.43389892578125,153.9199981689453,154.64999389648438,153.2100067138672,153.38999938964844,1783400
2021-10-08,142.10076904296875,153.55999755859375,154.22000122070312,152.77000427246094,153.33999633789062,1154300
2021-10-11,141.17538452148438,152.55999755859375,154.75999450683594,152.42999267578125,153.42999267578125,1179900
2021-10-12,140.30552673339844,151.6199951171875,154.27999877929688,151.35000610351562,153.30999755859375,1270800
2021-10-13,141.94346618652344,153.38999938964844,154.4499969482422,151.5399932861328,152.36000061035156,1404200
2021-10-14,147.6623077392578,159.57000732421875,159.9499969482422,153.75,154.63999938964844,2075400
2021-10-15,149.40200805664062,161.4499969482422,162.4499969482422,159.52999877929688,160.86000061035156,1678800
2021-10-18,149.23541259765625,161.27000427246094,161.8800048828125,159.80999755859375,160.3699951171875,884200
2021-10-19,149.42974853515625,161.47999572753906,162.57000732421875,160.88999938964844,162.0800018310547,883300
2021-10-20,151.0214080810547,163.1999969482422,163.3300018310547,160.72999572753906,161.74000549316406,1146000
2021-10-21,150.02197265625,162.1199951171875,162.57000732421875,160.6699981689453,162.05999755859375,1368100
2021-10-22,150.26260375976562,162.3800048828125,164.0399932861328,162.27999877929688,162.74000549316406,771800
2021-10-25,150.3828887939453,162.50999450683594,163.94000244140625,161.3300018310547,162.1999969482422,1022900
2021-10-26,149.3001708984375,161.33999633789062,163.17999267578125,161.27000427246094,163.17999267578125,983600
2021-10-27,148.17123413085938,160.1199951171875,163.4499969482422,160.05999755859375,161.72999572753906,1029700
2021-10-28,152.65005493164062,164.9600067138672,165.07000732421875,160.1199951171875,160.1199951171875,1632900
2021-10-29,152.46498107910156,164.75999450683594,165.9600067138672,163.82000732421875,164.33999633789062,1678100
2021-11-01,152.07632446289062,164.33999633789062,165.94000244140625,163.25999450683594,165.1999969482422,1637300
2021-11-02,158.82232666015625,171.6300048828125,172.24000549316406,165.0,166.13999938964844,2398100
2021-11-03,156.84201049804688,169.49000549316406,172.00999450683594,167.3300018310547,169.63999938964844,1953900
2021-11-04,159.14620971679688,171.97999572753906,173.05999755859375,170.58999633789062,170.9199981689453,1147600
2021-11-05,158.51693725585938,171.3000030517578,173.4499969482422,170.27999877929688,172.92999267578125,1217600
2021-11-08,160.75634765625,173.72000122070312,174.80999755859375,172.3000030517578,174.3300018310547,1695300
2021-11-09,161.626220703125,174.66000366210938,175.24000549316406,173.42999267578125,173.88999938964844,1036900
2021-11-10,159.73947143554688,171.8699951171875,173.9499969482422,171.32000732421875,173.9499969482422,1314400
2021-11-11,157.92713928222656,169.9199981689453,172.1300048828125,169.50999450683594,172.02999877929688,1156000
2021-11-12,159.67440795898438,171.8000030517578,172.32000732421875,168.82000732421875,170.4600067138672,1188400
2021-11-15,160.54811096191406,172.74000549316406,173.2100067138672,171.55999755859375,171.99000549316406,1019600
2021-11-16,161.53326416015625,173.8000030517578,175.72000122070312,172.4199981689453,172.74000549316406,1434800
2021-11-17,160.8826904296875,173.10000610351562,174.3000030517578,171.50999450683594,173.8000030517578,1433300
2021-11-18,161.087158203125,173.32000732421875,173.5800018310547,171.66000366210938,173.16000366210938,900800
2021-11-19,160.13917541503906,172.3000030517578,173.80999755859375,171.9199981689453,173.3800048828125,1334200
2021-11-22,160.1577911376953,172.32000732421875,174.91000366210938,172.19000244140625,173.3800048828125,1254800
2021-11-23,160.39007568359375,172.57000732421875,172.94000244140625,171.27999877929688,172.02000427246094,1054300
2021-11-24,158.88441467285156,170.9499969482422,172.22999572753906,170.1699981689453,171.4600067138672,1235900
2021-11-26,155.68719482421875,167.50999450683594,168.17999267578125,164.41000366210938,166.63999938964844,1121000
2021-11-29,155.56639099121094,167.3800048828125,169.64999389648438,165.4499969482422,169.3800048828125,2068700
2021-11-30,150.62188720703125,162.05999755859375,166.91000366210938,161.3800048828125,166.07000732421875,4247200
2021-12-01,150.073486328125,161.47000122070312,167.25999450683594,161.3699951171875,165.47999572753906,1947100
2021-12-02,154.8693389892578,166.6300048828125,167.52999877929688,162.10000610351562,162.10000610351562,1413200
2021-12-03,154.6927490234375,166.44000244140625,168.10000610351562,164.47999572753906,167.3300018310547,1360800
2021-12-06,157.84347534179688,169.8300018310547,170.66000366210938,166.52999877929688,167.7899932861328,1733500
2021-12-07,158.54986572265625,170.58999633789062,174.47000122070312,170.25,172.1699981689453,1884600
2021-12-08,157.92713928222656,169.9199981689453,171.4499969482422,168.02999877929688,170.88999938964844,1986900
2021-12-09,156.69097900390625,168.58999633789062,170.0,167.4600067138672,169.77999877929688,1844800
2021-12-10,158.42898559570312,170.4600067138672,170.88999938964844,169.13999938964844,169.57000732421875,1432800
2021-12-13,157.72259521484375,169.6999969482422,171.35000610351562,168.8000030517578,170.63999938964844,1598800
2021-12-14,153.2056884765625,164.83999633789062,169.35000610351562,162.5500030517578,168.41000366210938,2838000
2021-12-15,157.31369018554688,169.25999450683594,169.5,165.39999389648438,166.14999389648438,2263800
2021-12-16,156.8861846923828,168.8000030517578,171.25,167.94000244140625,170.6699981689453,1403500
2021-12-17,153.41944885253906,165.07000732421875,169.49000549316406,164.72000122070312,168.52999877929688,2666700
2021-12-20,152.480712890625,164.05999755859375,164.5500030517578,161.16000366210938,163.32000732421875,2146700
2021-12-21,155.43629455566406,167.24000549316406,167.3699951171875,164.39999389648438,165.4199981689453,2014100
2021-12-22,154.97154235839844,166.74000549316406,167.67999267578125,166.32000732421875,166.75,1259800
2021-12-23,156.17977905273438,168.0399932861328,169.17999267578125,167.14999389648438,167.27000427246094,861800
2021-12-27,158.62416076660156,170.6699981689453,170.74000549316406,167.72999572753906,168.94000244140625,730700
2021-12-28,159.11680603027344,171.1999969482422,171.75999450683594,170.30999755859375,170.6199951171875,672300
2021-12-29,159.5907745361328,171.7100067138672,172.1199951171875,170.47999572753906,171.64999389648438,1467500
2021-12-30,159.3212432861328,171.4199981689453,172.52000427246094,171.22000122070312,172.0800018310547,884400
2021-12-31,160.62242126464844,172.82000732421875,173.67999267578125,170.97000122070312,170.97000122070312,838600
2022-01-03,156.75604248046875,168.66000366210938,173.38999938964844,167.9199981689453,173.38999938964844,1307200
2022-01-04,159.3584442138672,171.4600067138672,172.27999877929688,168.83999633789062,169.6300048828125,2065400
2022-01-05,157.0813446044922,169.00999450683594,172.91000366210938,168.8300018310547,171.88999938964844,1718600
2022-01-06,157.45314025878906,169.41000366210938,170.74000549316406,168.39999389648438,168.89999389648438,1433800
2022-01-07,156.00323486328125,167.85000610351562,170.8800048828125,167.80999755859375,169.5,2079800
2022-01-10,154.67417907714844,166.4199981689453,166.89999389648438,162.8000030517578,166.50999450683594,1896400
2022-01-11,155.91954040527344,167.75999450683594,168.02999877929688,164.64999389648438,167.0,1075600
2022-01-12,159.3584442138672,171.4600067138672,172.0,168.6999969482422,169.1699981689453,1983400
2022-01-13,159.09817504882812,171.17999267578125,172.2899932861328,170.3699951171875,171.5399932861328,1336100
2022-01-14,158.85653686523438,170.9199981689453,171.7100067138672,167.60000610351562,168.94000244140625,2824600
2022-01-18,154.8693389892578,166.6300048828125,169.1699981689453,164.69000244140625,168.50999450683594,2106900
2022-01-19,151.8579864501953,163.38999938964844,167.1300048828125,163.19000244140625,166.7899932861328,2368300
2022-01-20,149.6924591064453,161.05999755859375,165.32000732421875,160.77000427246094,163.99000549316406,2067500
2022-01-21,149.2091522216797,160.5399932861328,163.74000549316406,159.6199951171875,161.35000610351562,2242000
2022-01-24,149.37646484375,160.72000122070312,161.27000427246094,153.89999389648438,157.5399932861328,2614400
2022-01-25,146.3279571533203,157.44000244140625,159.38999938964844,153.3300018310547,158.07000732421875,2487000
2022-01-26,147.0714874267578,158.24000549316406,161.25999450683594,156.25999450683594,159.1300048828125,2024100
2022-01-27,144.4505157470703,155.4199981689453,161.0,154.25999450683594,160.41000366210938,1679300
2022-01-28,145.63084411621094,156.69000244140625,156.80999755859375,151.6300048828125,154.5500030517578,2339400
2022-01-31,147.248046875,158.42999267578125,158.5399932861328,154.5,155.6300048828125,2192600
2022-02-01,148.14031982421875,159.38999938964844,159.91000366210938,156.52000427246094,158.9499969482422,1571400
2022-02-02,150.01776123046875,161.41000366210938,161.85000610351562,158.9499969482422,159.77999877929688,1565600
2022-02-03,145.76104736328125,156.8300018310547,161.75,156.4499969482422,159.42999267578125,2492400
2022-02-04,140.34246826171875,151.0,155.9499969482422,150.24000549316406,154.57000732421875,4095500
2022-02-07,139.5338897705078,150.1300048828125,153.0399932861328,149.6699981689453,152.77000427246094,3515900
2022-02-08,140.8072052001953,151.5,152.0,148.6199951171875,150.19000244140625,2586400
2022-02-09,145.77960205078125,156.85000610351562,157.0500030517578,153.2100067138672,153.67999267578125,2809600
2022-02-10,143.864990234375,154.7899932861328,158.25999450683594,153.85000610351562,154.02000427246094,2450800
2022-02-11,140.02645874023438,150.66000366210938,154.89999389648438,149.39999389648438,154.89999389648438,2104900
2022-02-14,141.42990112304688,152.1699981689453,153.0,149.2899932861328,150.97999572753906,2206400
2022-02-15,144.5527801513672,155.52999877929688,156.1300048828125,153.85000610351562,154.3699951171875,2061600
2022-02-16,145.9468994140625,157.02999877929688,157.49000549316406,154.77999877929688,154.86000061035156,2194000
2022-02-17,141.64369201660156,152.39999389648438,156.11000061035156,152.0399932861328,155.77999877929688,1324800
2022-02-18,142.53591918945312,153.36000061035156,154.19000244140625,151.6999969482422,152.33999633789062,3466600
2022-02-22,141.04884338378906,151.75999450683594,154.36000061035156,150.7100067138672,153.2899932861328,1684000
2022-02-23,138.77175903320312,149.30999755859375,152.88999938964844,148.9199981689453,152.42999267578125,1506000
2022-02-24,139.70114135742188,150.30999755859375,150.7899932861328,144.25999450683594,145.86000061035156,2168800
2022-02-25,143.24229431152344,154.1199951171875,154.24000549316406,150.10000610351562,150.3000030517578,2427400
2022-02-28,143.40028381347656,154.2899932861328,155.0500030517578,151.25,151.80999755859375,2454800
2022-03-01,136.11363220214844,146.4499969482422,154.67999267578125,144.3699951171875,154.0,4790400
2022-03-02,141.42990112304688,152.1699981689453,152.8800048828125,147.36000061035156,147.7100067138672,1880700
2022-03-03,144.03228759765625,154.97000122070312,156.1999969482422,153.0800018310547,153.0800018310547,2861400
2022-03-04,139.2086181640625,149.77999877929688,153.4499969482422,147.80999755859375,151.99000549316406,2678900
2022-03-07,135.5001983642578,145.7899932861328,149.7899932861328,145.00999450683594,149.7899932861328,2411600
2022-03-08,135.8813018798828,146.1999969482422,151.57000732421875,145.57000732421875,146.92999267578125,2235300
2022-03-09,138.59518432617188,149.1199951171875,151.5,148.97999572753906,150.25,1794200
2022-03-10,138.4923858642578,148.1999969482422,149.05999755859375,145.08999633789062,145.08999633789062,1782300
2022-03-11,137.2962188720703,146.9199981689453,150.3300018310547,146.74000549316406,149.36000061035156,1350000
2022-03-14,138.73536682128906,148.4600067138672,150.82000732421875,147.16000366210938,147.89999389648438,1581600
2022-03-15,140.42677307128906,150.27000427246094,150.74000549316406,148.07000732421875,150.17999267578125,1541700
2022-03-16,143.295654296875,153.33999633789062,154.4499969482422,150.0399932861328,151.97999572753906,1892400
2022-03-17,144.55728149414062,154.69000244140625,154.7100067138672,151.00999450683594,151.92999267578125,1389900
2022-03-18,145.388916015625,155.5800018310547,155.97000122070312,151.50999450683594,155.25999450683594,2792200
2022-03-21,144.4731903076172,154.60000610351562,156.35000610351562,153.30999755859375,156.0800018310547,1934300
2022-03-22,145.08058166503906,155.25,156.00999450683594,154.1999969482422,155.77000427246094,1226800
2022-03-23,142.44529724121094,152.42999267578125,154.94000244140625,152.33999633789062,154.0500030517578,1331900
2022-03-24,143.1648406982422,153.1999969482422,153.64999389648438,152.36000061035156,153.39999389648438,1078300
2022-03-25,144.08067321777344,154.17999267578125,154.7899932861328,152.83999633789062,153.77000427246094,1196500
2022-03-28,144.1087188720703,154.2100067138672,154.2100067138672,152.13999938964844,153.25999450683594,1239800
2022-03-29,147.21124267578125,157.52999877929688,158.00999450683594,155.27000427246094,156.4600067138672,1530800
2022-03-30,145.27685546875,155.4600067138672,157.32000732421875,154.77000427246094,156.3300018310547,1294100
2022-03-31,141.8191680908203,151.75999450683594,156.36000061035156,151.58999633789062,155.05999755859375,2286200
2022-04-01,141.86590576171875,151.80999755859375,153.4499969482422,150.39999389648438,153.4499969482422,2098900
2022-04-04,141.03421020507812,150.9199981689453,151.0399932861328,148.32000732421875,150.9199981689453,1435100
2022-04-05,137.0065155029297,146.61000061035156,151.27999877929688,145.91000366210938,150.72999572753906,2046700
2022-04-06,135.37115478515625,144.86000061035156,145.27999877929688,142.83999633789062,144.36000061035156,2701400
2022-04-07,136.31500244140625,145.8699951171875,146.63999938964844,142.88999938964844,143.66000366210938,1788100
2022-04-08,135.67018127441406,145.17999267578125,147.30999755859375,144.4600067138672,145.6199951171875,1644400
2022-04-11,132.95083618164062,142.27000427246094,146.27999877929688,142.02999877929688,144.66000366210938,1800200
2022-04-12,131.5958251953125,140.82000732421875,144.97000122070312,140.02000427246094,142.88999938964844,1766200
2022-04-13,132.4835662841797,141.77000427246094,142.7100067138672,140.5800018310547,140.5800018310547,1530600
2022-04-14,130.7454376220703,139.91000366210938,142.7100067138672,139.41000366210938,141.00999450683594,1833000
2022-04-18,131.4462890625,140.66000366210938,142.11000061035156,139.60000610351562,139.67999267578125,1561100
2022-04-19,136.22157287597656,145.77000427246094,146.07000732421875,140.8000030517578,141.72000122070312,1826700
2022-04-20,139.5950927734375,149.3800048828125,150.55999755859375,147.3699951171875,147.3699951171875,1834600
2022-04-21,140.12779235839844,149.9499969482422,153.27000427246094,149.1999969482422,151.69000244140625,2293900
2022-04-22,136.473876953125,146.0399932861328,148.9600067138672,145.88999938964844,148.5,1655100
2022-04-25,137.4364013671875,147.07000732421875,147.08999633789062,142.72000122070312,145.89999389648438,1905500
2022-04-26,134.36192321777344,143.77999877929688,146.9499969482422,143.5,145.17999267578125,2313700
2022-04-27,136.16549682617188,145.7100067138672,146.88999938964844,143.47000122070312,143.75,1930300
2022-04-28,138.19334411621094,147.8800048828125,148.0800018310547,144.27999877929688,146.10000610351562,2473700
2022-04-29,135.5207061767578,145.02000427246094,149.8300018310547,144.77000427246094,147.75,2467500
2022-05-02,136.90374755859375,146.5,147.02000427246094,143.4199981689453,144.99000549316406,2732700
2022-05-03,136.97850036621094,146.5800018310547,150.9600067138672,144.50999450683594,144.50999450683594,3004900
2022-05-04,140.10903930664062,149.92999267578125,150.7100067138672,143.97999572753906,146.8000030517578,2558100
2022-05-05,138.6605682373047,148.3800048828125,150.8800048828125,147.10000610351562,148.72000122070312,3871000
2022-05-06,137.64198303222656,147.2899932861328,148.4600067138672,144.4499969482422,147.7899932861328,2101800
2022-05-09,138.26812744140625,147.9600067138672,149.30999755859375,145.0500030517578,145.33999633789062,3028900
2022-05-10,131.7452850341797,140.97999572753906,149.91000366210938,140.52999877929688,149.00999450683594,3543000
2022-05-11,131.58644104003906,140.80999755859375,144.3000030517578,140.22000122070312,141.1300048828125,1852300
2022-05-12,133.2312774658203,141.75,142.52999877929688,138.69000244140625,139.47000122070312,2251900
2022-05-13,132.8365020751953,141.3300018310547,143.44000244140625,139.64999389648438,142.85000610351562,2813100
2022-05-16,130.62777709960938,138.97999572753906,140.74000549316406,137.5500030517578,140.55999755859375,2551900
2022-05-17,134.76333618164062,143.3800048828125,143.83999633789062,140.7899932861328,141.41000366210938,1988500
2022-05-18,128.31561279296875,136.52000427246094,141.7899932861328,135.9600067138672,141.08999633789062,1946500
2022-05-19,127.90203094482422,136.0800018310547,138.00999450683594,132.3800048828125,135.0,2992300
2022-05-20,126.0786361694336,134.13999938964844,137.42999267578125,132.16000366210938,136.8699951171875,4686600
2022-05-23,128.54115295410156,136.75999450683594,136.8699951171875,133.16000366210938,135.6199951171875,2169600
2022-05-24,125.78726196289062,133.8300018310547,134.6199951171875,130.44000244140625,132.97999572753906,2709700
2022-05-25,126.02223205566406,134.0800018310547,135.27999877929688,131.5,133.50999450683594,1877500
2022-05-26,128.0900115966797,136.27999877929688,137.22000122070312,133.67999267578125,135.74000549316406,1366400
2022-05-27,131.4172821044922,139.82000732421875,139.8800048828125,137.08999633789062,137.60000610351562,1459000
2022-05-31,130.27061462402344,138.60000610351562,140.02999877929688,136.80999755859375,138.35000610351562,2900500
2022-06-01,129.44346618652344,137.72000122070312,140.25,136.4499969482422,139.94000244140625,1750800
2022-06-02,132.35719299316406,140.82000732421875,140.9199981689453,137.4499969482422,139.50999450683594,1289900
2022-06-03,131.9154052734375,140.35000610351562,140.9600067138672,139.35000610351562,139.63999938964844,1421300
2022-06-06,132.86473083496094,141.36000061035156,142.6999969482422,141.1300048828125,142.2899932861328,1659400
2022-06-07,136.6713409423828,145.41000366210938,145.49000549316406,139.6699981689453,140.60000610351562,2237400
2022-06-08,135.79722595214844,144.47999572753906,146.2899932861328,143.41000366210938,144.39999389648438,2274000
2022-06-09,133.93621826171875,142.5,145.2100067138672,142.42999267578125,143.3699951171875,1594800
2022-06-10,128.79493713378906,137.02999877929688,140.63999938964844,136.8300018310547,139.7899932861328,1543800
2022-06-13,124.86615753173828,132.85000610351562,134.77000427246094,132.0,134.77000427246094,1596700
2022-06-14,122.67620086669922,130.52000427246094,134.47000122070312,129.1999969482422,132.85000610351562,1927300
2022-06-15,123.13671875,131.00999450683594,132.75,128.8699951171875,131.5500030517578,1658600
2022-06-16,118.53121185302734,126.11000061035156,128.4600067138672,125.13999938964844,127.91000366210938,2006500
2022-06-17,117.97665405273438,125.5199966430664,127.3499984741211,124.56999969482422,125.12000274658203,3126500
2022-06-21,118.55938720703125,126.13999938964844,127.5199966430664,125.11000061035156,126.70999908447266,1584400
2022-06-22,118.63459014892578,126.22000122070312,126.94999694824219,123.69000244140625,123.69000244140625,1921700
2022-06-23,119.26432037353516,126.88999938964844,127.26000213623047,124.12000274658203,125.2699966430664,2022800
2022-06-24,123.90745544433594,131.8300018310547,131.91000366210938,127.58000183105469,128.47000122070312,1974200
2022-06-27,124.30220031738281,132.25,133.5,131.14999389648438,132.77000427246094,1597000
2022-06-28,121.54830169677734,129.32000732421875,133.92999267578125,129.25,132.83999633789062,1914900
2022-06-29,119.62147521972656,127.2699966430664,130.08999633789062,126.04000091552734,129.69000244140625,1740100
2022-06-30,118.41841125488281,125.98999786376953,127.06999969482422,124.66000366210938,125.11000061035156,2370100
2022-07-01,119.71548461914062,127.37000274658203,128.33999633789062,125.11000061035156,126.4000015258789,1749700
2022-07-05,119.06695556640625,126.68000030517578,126.80999755859375,123.18000030517578,125.56999969482422,1934200
2022-07-06,120.30762481689453,128.0,128.7899932861328,125.93000030517578,127.19999694824219,1734500
2022-07-07,121.80209350585938,129.58999633789062,129.9199981689453,127.37000274658203,129.38999938964844,1662700
2022-07-08,120.138427734375,127.81999969482422,129.08999633789062,126.70999908447266,129.0500030517578,1213600
2022-07-11,120.16663360595703,127.8499984741211,128.74000549316406,126.79000091552734,126.80000305175781,831200
2022-07-12,119.25491333007812,126.87999725341797,129.13999938964844,126.47000122070312,127.29000091552734,1051600
2022-07-13,118.16464233398438,125.72000122070312,126.6500015258789,123.5199966430664,124.62000274658203,1605000
2022-07-14,117.52550506591797,125.04000091552734,125.29000091552734,122.5,123.56999969482422,1274000
2022-07-15,121.2381362915039,128.99000549316406,129.47999572753906,125.51000213623047,127.18000030517578,1956400
2022-07-18,119.25491333007812,126.87999725341797,130.38999938964844,126.3499984741211,130.0,1441600
2022-07-19,124.34919738769531,132.3000030517578,132.75,128.3699951171875,128.64999389648438,1454500
2022-07-20,125.80606079101562,133.85000610351562,134.14999389648438,132.0,132.7899932861328,1282000
2022-07-21,129.08628845214844,137.33999633789062,137.47000122070312,133.50999450683594,134.14999389648438,2001200
2022-07-22,128.43775939941406,136.64999389648438,138.8800048828125,135.74000549316406,137.57000732421875,1763500
2022-07-25,128.86073303222656,137.10000610351562,137.16000366210938,135.32000732421875,136.6999969482422,955900
2022-07-26,130.7781219482422,139.13999938964844,139.6300048828125,136.30999755859375,137.14999389648438,2103100
2022-07-27,133.1560821533203,141.6699981689453,142.5800018310547,138.85000610351562,139.6699981689453,1490400
2022-07-28,137.47024536132812,146.25999450683594,146.9600067138672,143.39999389648438,143.77000427246094,2759900
2022-07-29,139.47225952148438,148.38999938964844,149.1300048828125,145.9499969482422,146.25,1609300
2022-08-01,138.6357421875,147.5,148.25999450683594,146.4199981689453,146.80999755859375,1886200
2022-08-02,137.59242248535156,146.38999938964844,151.47999572753906,146.25,148.5,2292500
2022-08-03,139.76361083984375,148.6999969482422,149.42999267578125,146.3000030517578,147.72999572753906,1377900
2022-08-04,139.77304077148438,148.7100067138672,149.9499969482422,148.3000030517578,149.22000122070312,1128900
2022-08-05,139.7165985107422,148.64999389648438,148.85000610351562,147.19000244140625,147.72999572753906,1243400
2022-08-08,139.03988647460938,147.92999267578125,150.6300048828125,147.5399932861328,150.1699981689453,1340600
2022-08-09,137.61123657226562,146.41000366210938,147.55999755859375,146.1999969482422,147.07000732421875,1170300
2022-08-10,140.3651580810547,149.33999633789062,149.99000549316406,148.25999450683594,149.60000610351562,1595300
2022-08-11,141.2345733642578,149.4499969482422,150.99000549316406,149.16000366210938,150.02999877929688,1434900
2022-08-12,144.06021118164062,152.44000244140625,152.50999450683594,149.89999389648438,150.16000366210938,1318600
2022-08-15,144.04127502441406,152.4199981689453,152.8699951171875,151.32000732421875,152.25999450683594,1123000
2022-08-16,144.6839599609375,153.10000610351562,153.57000732421875,150.25999450683594,150.7899932861328,1293600
2022-08-17,143.63497924804688,151.99000549316406,152.58999633789062,150.6199951171875,151.19000244140625,1036700
2022-08-18,144.9202117919922,153.35000610351562,153.82000732421875,151.5800018310547,152.27000427246094,1104800
2022-08-19,142.5481719970703,150.83999633789062,152.6999969482422,150.32000732421875,152.36000061035156,1308500
2022-08-22,138.68299865722656,146.75,148.8000030517578,146.2100067138672,148.3699951171875,1737000
2022-08-23,138.26715087890625,146.30999755859375,147.85000610351562,146.0399932861328,146.80999755859375,824500
2022-08-24,137.52061462402344,145.52000427246094,146.75,144.88999938964844,146.49000549316406,1030400
2022-08-25,139.9115447998047,148.0500030517578,148.0800018310547,146.17999267578125,146.6699981689453,1090700
2022-08-26,133.32467651367188,141.0800018310547,148.3699951171875,140.77000427246094,148.3699951171875,1743400
2022-08-29,132.97503662109375,140.7100067138672,142.00999450683594,139.22999572753906,139.94000244140625,1223900
2022-08-30,131.5858154296875,139.24000549316406,142.58999633789062,138.13999938964844,142.3800048828125,1153700
2022-08-31,129.1287384033203,136.63999938964844,139.94000244140625,136.10000610351562,139.94000244140625,2249900
2022-09-01,131.1416473388672,138.77000427246094,138.83999633789062,135.1699981689453,135.77999877929688,1538900
2022-09-02,129.75247192382812,137.3000030517578,140.69000244140625,136.8699951171875,140.47999572753906,1080200
2022-09-06,130.8487091064453,138.4600067138672,138.63999938964844,136.02000427246094,137.6999969482422,1388300
2022-09-07,133.50425720214844,141.27000427246094,142.1300048828125,138.10000610351562,138.4199981689453,2112600
2022-09-08,135.365966796875,143.24000549316406,143.3699951171875,139.63999938964844,140.41000366210938,1716400
2022-09-09,137.7001953125,145.7100067138672,146.25999450683594,143.58999633789062,143.80999755859375,1636900
2022-09-12,139.49571228027344,147.61000061035156,148.6199951171875,146.27999877929688,146.75,1570700
2022-09-13,134.6760711669922,142.50999450683594,145.47999572753906,141.82000732421875,144.13999938964844,1297800
2022-09-14,135.233642578125,143.10000610351562,143.67999267578125,141.42999267578125,143.3699951171875,1461800
2022-09-15,133.35304260253906,141.11000061035156,145.00999450683594,140.9600067138672,142.75,1759700
2022-09-16,130.66915893554688,138.27000427246094,139.85000610351562,136.58999633789062,139.72000122070312,3415700
2022-09-19,132.51194763183594,140.22000122070312,140.47999572753906,137.1199951171875,137.1199951171875,1372700
2022-09-20,131.52911376953125,139.17999267578125,139.97000122070312,137.6199951171875,138.8699951171875,1621600
2022-09-21,130.2533416748047,137.8300018310547,142.00999450683594,137.7899932861328,140.61000061035156,1112700
2022-09-22,127.70172882080078,135.1300048828125,137.75999450683594,134.52999877929688,136.92999267578125,1871600
2022-09-23,126.76619720458984,134.13999938964844,134.60000610351562,132.25999450683594,133.85000610351562,1726400
2022-09-26,126.18975067138672,133.52999877929688,135.4600067138672,132.38999938964844,133.88999938964844,1674200
2022-09-27,124.0822982788086,131.3000030517578,135.41000366210938,129.85000610351562,135.00999450683594,2236800
2022-09-28,126.54882049560547,133.91000366210938,134.58999633789062,131.33999633789062,132.38999938964844,2346100
2022-09-29,126.77561950683594,134.14999389648438,134.30999755859375,131.2100067138672,132.2899932861328,2711000
2022-09-30,126.029052734375,133.36000061035156,136.27000427246094,132.52999877929688,134.1699981689453,2739800
2022-10-03,130.21554565429688,137.7899932861328,139.4199981689453,133.8800048828125,134.47999572753906,1903900
2022-10-04,135.59274291992188,143.47999572753906,143.61000061035156,140.64999389648438,140.7899932861328,1996300
2022-10-05,136.55667114257812,144.5,145.75999450683594,141.8800048828125,142.1199951171875,2255400
2022-10-06,134.61936950683594,142.4499969482422,144.44000244140625,141.52999877929688,143.99000549316406,2381100
2022-10-07,129.30828857421875,136.8300018310547,140.63999938964844,135.82000732421875,140.42999267578125,1884600
2022-10-10,128.883056640625,136.3800048828125,137.77999877929688,134.82000732421875,137.77999877929688,1860700
2022-10-11,128.92086791992188,136.4199981689453,138.16000366210938,134.27000427246094,135.05999755859375,1566200
2022-10-12,128.00418090820312,135.4499969482422,136.9600067138672,135.27999877929688,136.5399932861328,2073400
2022-10-13,130.5084991455078,138.10000610351562,139.5800018310547,132.00999450683594,132.75,2423400
2022-10-14,126.92684173583984,134.30999755859375,140.22999572753906,133.88999938964844,139.10000610351562,1863500
2022-10-17,130.62191772460938,138.22000122070312,139.0800018310547,136.33999633789062,136.33999633789062,1510100
2022-10-18,132.9088897705078,140.63999938964844,142.57000732421875,138.69000244140625,141.92999267578125,2003500
2022-10-19,131.35903930664062,139.0,140.97999572753906,138.25,139.8300018310547,1845100
2022-10-20,127.82461547851562,135.25999450683594,139.8000030517578,134.83999633789062,139.0399932861328,2079300
2022-10-21,131.67088317871094,139.3300018310547,139.55999755859375,134.80999755859375,135.69000244140625,2346200
2022-10-24,133.78775024414062,141.57000732421875,142.5399932861328,139.64999389648438,141.0,1358500
2022-10-25,138.02146911621094,146.0500030517578,146.13999938964844,140.82000732421875,140.82000732421875,2782400
2022-10-26,137.52061462402344,145.52000427246094,147.86000061035156,144.61000061035156,147.10000610351562,2057500
2022-10-27,138.6262969970703,146.69000244140625,147.88999938964844,146.22999572753906,146.74000549316406,2015100
2022-10-28,142.01893615722656,150.27999877929688,151.02999877929688,146.67999267578125,147.07000732421875,2885100
2022-10-31,141.8205108642578,150.07000732421875,151.6300048828125,148.7899932861328,149.0,2773200
2022-11-01,143.30418395996094,151.63999938964844,152.9199981689453,146.75999450683594,151.9600067138672,3128500
2022-11-02,142.330810546875,150.61000061035156,156.72999572753906,150.47000122070312,152.0,2908100
2022-11-03,146.092041015625,154.58999633789062,157.1199951171875,148.97000122070312,149.0399932861328,3720700
2022-11-04,149.9666290283203,158.69000244140625,159.9600067138672,155.3800048828125,159.1300048828125,2915600
2022-11-07,149.69256591796875,158.39999389648438,159.8699951171875,157.10000610351562,158.58999633789062,2339700
2022-11-08,149.494140625,158.19000244140625,159.97999572753906,157.0800018310547,159.0,1604100
2022-11-09,148.46826171875,156.3000030517578,158.6300048828125,155.8800048828125,156.32000732421875,1485500
2022-11-10,154.00611877441406,162.1300048828125,162.5500030517578,159.5,160.5800018310547,2386300
2022-11-11,153.50271606445312,161.60000610351562,163.52000427246094,160.85000610351562,162.69000244140625,2361300
2022-11-14,153.5501708984375,161.64999389648438,164.22999572753906,160.50999450683594,161.0,1938400
2022-11-15,154.25308227539062,162.38999938964844,163.64999389648438,160.9600067138672,163.57000732421875,1485400
2022-11-16,153.6356964111328,161.74000549316406,162.77999877929688,160.2899932861328,161.86000061035156,1498500
2022-11-17,154.48106384277344,162.6300048828125,162.88999938964844,159.08999633789062,160.1300048828125,1523300
2022-11-18,156.74183654785156,165.00999450683594,165.1199951171875,162.47999572753906,164.27000427246094,1870100
2022-11-21,156.30487060546875,164.5500030517578,165.94000244140625,164.0500030517578,164.83999633789062,1227100
2022-11-22,158.13819885253906,166.47999572753906,166.8300018310547,164.72000122070312,165.25,1568900
2022-11-23,157.07424926757812,165.36000061035156,167.50999450683594,164.99000549316406,167.0,1401600
2022-11-25,157.78671264648438,166.11000061035156,167.22000122070312,165.77999877929688,166.41000366210938,628900
2022-11-28,154.4051055908203,162.5500030517578,165.75,161.8800048828125,164.69000244140625,1723100
2022-11-29,154.02511596679688,162.14999389648438,162.97999572753906,161.1199951171875,162.07000732421875,1073400
2022-11-30,155.2599639892578,163.4499969482422,163.7100067138672,159.05999755859375,161.7100067138672,2788400
2022-12-01,155.17449951171875,163.36000061035156,164.9199981689453,161.11000061035156,163.89999389648438,1486900
2022-12-02,155.126953125,163.30999755859375,163.57000732421875,159.07000732421875,161.05999755859375,1861700
2022-12-05,152.32481384277344,160.36000061035156,161.77999877929688,159.72999572753906,161.1999969482422,1313000
2022-12-06,149.902587890625,157.80999755859375,160.14999389648438,156.3300018310547,159.60000610351562,1567700
2022-12-07,149.38966369628906,157.27000427246094,158.4199981689453,156.58999633789062,157.08999633789062,1798000
2022-12-08,150.7954864501953,158.75,158.86000061035156,157.27999877929688,157.88999938964844,1323200
2022-12-09,150.3490447998047,158.27999877929688,159.42999267578125,157.41000366210938,159.02999877929688,1069000
2022-12-12,152.77127075195312,160.8300018310547,161.0,157.8699951171875,158.39999389648438,1518000
2022-12-13,155.44044494628906,163.63999938964844,165.3300018310547,161.74000549316406,165.0,2038900
2022-12-14,153.2747039794922,161.36000061035156,164.5500030517578,160.72999572753906,163.6300048828125,1616100
2022-12-15,147.59432983398438,155.3800048828125,159.4199981689453,154.83999633789062,158.92999267578125,1892400
2022-12-16,146.75843811035156,154.5,155.0800018310547,151.58999633789062,153.47999572753906,3378400
2022-12-19,146.75843811035156,154.5,156.66000366210938,154.0500030517578,154.64999389648438,1466000
2022-12-20,148.09780883789062,155.91000366210938,156.3300018310547,153.77999877929688,154.55999755859375,1441200
2022-12-21,150.1970672607422,158.1199951171875,158.44000244140625,156.6999969482422,157.27000427246094,1331100
2022-12-22,148.28775024414062,156.11000061035156,157.2100067138672,153.6300048828125,156.9600067138672,1124900
2022-12-23,148.9431915283203,156.8000030517578,157.00999450683594,155.22000122070312,155.66000366210938,908000
2022-12-27,149.45614624023438,157.33999633789062,158.27999877929688,156.42999267578125,157.39999389648438,1337600
2022-12-28,147.94578552246094,155.75,158.16000366210938,155.50999450683594,157.60000610351562,724700
2022-12-29,149.4656219482422,157.35000610351562,158.1699981689453,156.61000061035156,157.05999755859375,874800
2022-12-30,149.0856475830078,156.9499969482422,157.4499969482422,155.6199951171875,156.94000244140625,826800
2023-01-03,149.8455810546875,157.75,158.94000244140625,155.94000244140625,158.0800018310547,1185400
2023-01-04,150.8620147705078,158.82000732421875,159.5500030517578,156.75,159.3699951171875,1396400
2023-01-05,149.32313537597656,157.1999969482422,158.8000030517578,156.24000549316406,157.89999389648438,1494700
2023-01-06,153.0277099609375,161.10000610351562,162.22999572753906,157.75999450683594,159.0399932861328,1732500
2023-01-09,152.8187255859375,160.8800048828125,164.27000427246094,160.60000610351562,161.5,1235900
2023-01-10,152.372314453125,160.41000366210938,162.07000732421875,160.02999877929688,160.97999572753906,1709300
2023-01-11,155.86790466308594,164.08999633789062,164.17999267578125,160.4600067138672,160.88999938964844,1557400
2023-01-12,156.4568328857422,164.7100067138672,166.5,164.3000030517578,165.63999938964844,1656100
2023-01-13,156.20985412597656,164.4499969482422,165.11000061035156,163.17999267578125,163.9499969482422,1589900
2023-01-17,154.27207946777344,162.41000366210938,164.82000732421875,162.07000732421875,164.3699951171875,1823300
2023-01-18,149.63661193847656,157.52999877929688,163.22000122070312,157.30999755859375,162.8800048828125,1737000
2023-01-19,144.2506866455078,151.86000061035156,156.9199981689453,151.5800018310547,156.3699951171875,3001900
2023-01-20,147.71780395507812,155.50999450683594,155.60000610351562,150.86000061035156,152.52999877929688,1947800
2023-01-23,150.95697021484375,158.9199981689453,159.32000732421875,154.9499969482422,155.82000732421875,1513800
2023-01-24,153.58816528320312,161.69000244140625,162.52000427246094,156.60000610351562,159.25999450683594,1589800
2023-01-25,151.1659393310547,159.13999938964844,160.1300048828125,156.0800018310547,160.1300048828125,1341100
2023-01-26,152.83773803710938,160.89999389648438,161.55999755859375,158.4499969482422,160.49000549316406,1363100
2023-01-27,154.11062622070312,162.24000549316406,163.36000061035156,160.1199951171875,160.5,1283700
2023-01-30,152.8092498779297,160.8699951171875,162.60000610351562,160.6300048828125,161.00999450683594,1157700
2023-01-31,154.08212280273438,162.2100067138672,162.47999572753906,159.0800018310547,161.80999755859375,2146900
2023-02-01,155.15545654296875,163.33999633789062,164.72999572753906,160.88999938964844,161.6999969482422,1757800
2023-02-02,153.8446502685547,161.9600067138672,164.75999450683594,161.05999755859375,164.32000732421875,2637900
2023-02-03,155.0604705810547,163.24000549316406,163.75999450683594,160.72000122070312,161.1999969482422,1753200
2023-02-06,154.21510314941406,162.35000610351562,163.00999450683594,161.10000610351562,161.41000366210938,1681800
2023-02-07,156.2478790283203,164.49000549316406,164.7899932861328,161.27999877929688,161.27999877929688,2222400
2023-02-08,160.41790771484375,168.8800048828125,170.3699951171875,162.08999633789062,162.6300048828125,3937600
2023-02-09,158.88856506347656,167.27000427246094,170.8000030517578,166.97999572753906,169.38999938964844,3273600
2023-02-10,162.34617614746094,170.91000366210938,171.1699981689453,166.91000366210938,167.80999755859375,2256100
2023-02-13,165.58531188964844,174.32000732421875,175.61000061035156,171.4199981689453,171.5399932861328,2501600
2023-02-14,164.3029327392578,172.97000122070312,175.0399932861328,171.25999450683594,173.33999633789062,1244800
2023-02-15,165.0438995361328,173.75,173.83999633789062,171.66000366210938,172.44000244140625,1037600
2023-02-16,165.38584899902344,174.11000061035156,174.8000030517578,171.22999572753906,172.24000549316406,1497500
2023-02-17,166.45919799804688,175.24000549316406,176.19000244140625,172.92999267578125,174.0,1682700
2023-02-21,162.20370483398438,170.75999450683594,174.6199951171875,169.9499969482422,173.72000122070312,1484000
2023-02-22,162.72613525390625,171.30999755859375,173.14999389648438,170.4199981689453,171.22999572753906,1555400
2023-02-23,164.12246704101562,172.77999877929688,173.1699981689453,170.0,172.58999633789062,1286500
2023-02-24,164.5689239501953,173.25,173.2899932861328,170.0,170.41000366210938,1708100
2023-02-27,165.64230346679688,174.3800048828125,175.25,173.4199981689453,174.5500030517578,1927900
2023-02-28,166.1647491455078,174.92999267578125,175.41000366210938,173.47999572753906,173.99000549316406,2288500
2023-03-01,165.11988830566406,173.8300018310547,175.85000610351562,173.41000366210938,174.50999450683594,1676600
2023-03-02,166.3737030029297,175.14999389648438,175.4499969482422,171.9199981689453,172.82000732421875,1442200
2023-03-03,169.48565673828125,177.5500030517578,177.66000366210938,173.94000244140625,175.49000549316406,1546500
2023-03-06,169.10382080078125,177.14999389648438,178.75,176.83999633789062,177.72000122070312,1386100
2023-03-07,167.52871704101562,175.5,177.14999389648438,174.86000061035156,177.07000732421875,1605700
2023-03-08,169.1610870361328,177.2100067138672,177.4499969482422,175.1199951171875,175.74000549316406,1975500
2023-03-09,166.45005798339844,174.3699951171875,178.25999450683594,173.85000610351562,178.25999450683594,2014000
2023-03-10,162.56495666503906,170.3000030517578,174.67999267578125,169.8699951171875,174.64999389648438,2754200
2023-03-13,161.4862518310547,169.1699981689453,171.52999877929688,166.63999938964844,167.88999938964844,2337900
2023-03-14,164.0254669189453,171.8300018310547,173.38999938964844,169.3300018310547,172.1999969482422,2462300
2023-03-15,152.0359344482422,159.27000427246094,168.25,157.89999389648438,168.14999389648438,4526100
2023-03-16,156.913818359375,164.3800048828125,165.07000732421875,157.91000366210938,159.47000122070312,3451800
2023-03-17,152.8759307861328,160.14999389648438,163.92999267578125,158.9600067138672,163.55999755859375,6000400
2023-03-20,156.1310577392578,163.55999755859375,164.6699981689453,161.6199951171875,162.7899932861328,2009000
2023-03-21,159.35757446289062,166.94000244140625,167.44000244140625,165.58999633789062,166.08999633789062,1517500
2023-03-22,158.6129913330078,166.16000366210938,170.5500030517578,166.1300048828125,167.0,2213200
2023-03-23,157.06655883789062,164.5399932861328,168.33999633789062,163.13999938964844,166.1199951171875,2143400
2023-03-24,156.2074432373047,163.63999938964844,164.0399932861328,160.22999572753906,163.4499969482422,2194900
2023-03-27,156.43655395507812,163.8800048828125,165.16000366210938,163.1300048828125,165.0800018310547,1890900
2023-03-28,158.06887817382812,165.58999633789062,165.66000366210938,163.88999938964844,163.9600067138672,1637400
2023-03-29,160.0162353515625,167.6300048828125,167.82000732421875,165.74000549316406,167.13999938964844,1789600
2023-03-30,161.40989685058594,169.08999633789062,170.7899932861328,168.32000732421875,169.2100067138672,1699800
2023-03-31,163.5576934814453,171.33999633789062,171.75999450683594,169.27000427246094,170.24000549316406,2931500
2023-04-03,162.7940216064453,170.5399932861328,172.19000244140625,169.7899932861328,170.52000427246094,1352800
2023-04-04,154.88058471679688,162.25,170.63999938964844,161.5500030517578,170.63999938964844,3301300
2023-04-05,151.2722625732422,158.47000122070312,161.33999633789062,156.83999633789062,160.52999877929688,3049100
2023-04-06,149.15306091308594,156.25,158.89999389648438,155.7100067138672,157.8000030517578,2653200
2023-04-10,150.28904724121094,157.44000244140625,157.8699951171875,155.3800048828125,155.60000610351562,2701400
2023-04-11,151.58729553222656,158.8000030517578,159.30999755859375,157.3000030517578,157.97999572753906,2167300
2023-04-12,154.85194396972656,162.22000122070312,163.67999267578125,160.49000549316406,160.97000122070312,2271400
2023-04-13,153.3914337158203,160.69000244140625,161.52999877929688,156.8000030517578,161.25,2676400
2023-04-14,154.4701385498047,161.82000732421875,163.83999633789062,160.5800018310547,161.58999633789062,1178400
2023-04-17,155.65379333496094,163.05999755859375,163.89999389648438,162.05999755859375,162.61000061035156,1439200
2023-04-18,156.2551727294922,163.69000244140625,165.6300048828125,163.39999389648438,163.9499969482422,1620100
2023-04-19,155.97833251953125,163.39999389648438,164.77999877929688,161.27000427246094,163.82000732421875,1525600
2023-04-20,155.55833435058594,162.9600067138672,163.88999938964844,161.9600067138672,162.14999389648438,1119500
2023-04-21,155.48193359375,162.8800048828125,163.7899932861328,161.17999267578125,163.41000366210938,1046300
2023-04-24,156.35061645507812,163.7899932861328,163.94000244140625,162.75999450683594,162.75999450683594,1047500
2023-04-25,156.341064453125,163.77999877929688,168.1699981689453,163.6300048828125,164.83999633789062,2216000
2023-04-26,154.5655517578125,161.9199981689453,163.72000122070312,161.1199951171875,162.14999389648438,1504900
2023-04-27,160.34078979492188,167.97000122070312,168.02999877929688,162.0399932861328,163.10000610351562,2086600
2023-04-28,159.52935791015625,167.1199951171875,168.4199981689453,166.27000427246094,167.3300018310547,2140200
2023-05-01,161.11398315429688,168.77999877929688,170.4199981689453,166.52999877929688,167.2100067138672,1794100
2023-05-02,165.3809356689453,173.25,174.02999877929688,166.39999389648438,168.88999938964844,3755400
2023-05-03,164.55047607421875,172.3800048828125,176.89999389648438,172.00999450683594,174.9499969482422,2200800
2023-05-04,160.78941345214844,168.44000244140625,171.38999938964844,167.35000610351562,171.36000061035156,2115300
2023-05-05,164.11883544921875,171.0500030517578,171.66000366210938,169.1999969482422,169.5500030517578,1914900
2023-05-08,162.9962158203125,169.8800048828125,171.9499969482422,168.55999755859375,171.67999267578125,1657400
2023-05-09,163.6390380859375,170.5500030517578,171.0,168.27999877929688,169.30999755859375,1100200
2023-05-10,162.25743103027344,169.11000061035156,172.2100067138672,167.25,171.61000061035156,1435400
2023-05-11,161.6913604736328,168.52000427246094,168.69000244140625,166.9499969482422,167.9600067138672,1145900
2023-05-12,161.74888610839844,168.5800018310547,170.2899932861328,166.7100067138672,169.77999877929688,892100
2023-05-15,163.03457641601562,169.9199981689453,171.00999450683594,168.42999267578125,169.0399932861328,1317000
2023-05-16,159.66683959960938,166.41000366210938,168.69000244140625,165.24000549316406,168.6699981689453,2031300
2023-05-17,164.07083129882812,171.0,171.4600067138672,167.19000244140625,167.2899932861328,2022500
2023-05-18,167.53456115722656,174.61000061035156,174.9499969482422,170.39999389648438,170.6199951171875,2729900
2023-05-19,167.09320068359375,174.14999389648438,177.49000549316406,172.0800018310547,175.57000732421875,1762100
2023-05-22,167.12196350097656,174.17999267578125,176.1300048828125,172.13999938964844,174.2100067138672,1459200
2023-05-23,164.416259765625,171.36000061035156,174.27999877929688,170.97999572753906,172.7899932861328,1949000
2023-05-24,161.35549926757812,168.1699981689453,170.3000030517578,167.3300018310547,170.27999877929688,1952700
2023-05-25,169.77976989746094,176.9499969482422,177.3000030517578,172.6699981689453,174.50999450683594,3880800
2023-05-26,175.0664520263672,182.4600067138672,183.75,177.5800018310547,177.97999572753906,4137100
2023-05-30,174.44281005859375,181.80999755859375,184.97000122070312,180.41000366210938,183.50999450683594,2266900
2023-05-31,168.77227783203125,175.89999389648438,181.69000244140625,175.50999450683594,181.08999633789062,3138800
2023-06-01,171.78506469726562,179.0399932861328,180.02000427246094,175.2899932861328,176.50999450683594,2083700
2023-06-02,178.92356872558594,186.47999572753906,187.3800048828125,181.3000030517578,181.41000366210938,2763100
2023-06-05,176.1507110595703,183.58999633789062,186.3800048828125,183.1999969482422,186.3800048828125,1769400
2023-06-06,175.98756408691406,183.4199981689453,185.27000427246094,182.36000061035156,182.82000732421875,1176800
2023-06-07,180.95767211914062,188.60000610351562,188.72000122070312,182.1999969482422,183.47999572753906,2623000
2023-06-08,180.2092742919922,187.82000732421875,188.77999877929688,184.6999969482422,187.44000244140625,3045900
2023-06-09,179.71034240722656,187.3000030517578,188.22999572753906,185.0,187.89999389648438,1559300
2023-06-12,181.86917114257812,189.5500030517578,190.10000610351562,185.5500030517578,187.30999755859375,1434900
2023-06-13,186.00453186035156,193.86000061035156,193.89999389648438,188.35000610351562,189.2899932861328,1938500
2023-06-14,185.2465362548828,193.07000732421875,194.8800048828125,191.92999267578125,193.55999755859375,1836700
2023-06-15,188.91175842285156,196.88999938964844,197.49000549316406,192.1300048828125,192.69000244140625,2287400
2023-06-16,183.50985717773438,191.25999450683594,196.8800048828125,190.27999877929688,192.7899932861328,6249200
2023-06-20,186.35952758789062,194.22999572753906,194.57000732421875,189.25999450683594,189.58999633789062,2234900
2023-06-21,186.94483947753906,194.83999633789062,195.72000122070312,192.85000610351562,193.4499969482422,2497300
2023-06-22,187.67404174804688,195.60000610351562,196.47000122070312,193.14999389648438,194.9199981689453,2189800
2023-06-23,186.5802001953125,194.4600067138672,195.47999572753906,192.97000122070312,193.77999877929688,2299400
2023-06-26,188.1345672607422,196.0800018310547,197.92999267578125,194.25999450683594,194.47000122070312,1205900
2023-06-27,189.64096069335938,197.64999389648438,198.38999938964844,195.7100067138672,196.10000610351562,1560700
2023-06-28,186.8584442138672,194.75,197.9600067138672,194.14999389648438,197.9600067138672,2791100
2023-06-29,190.7923126220703,198.85000610351562,199.72000122070312,194.86000061035156,196.05999755859375,2471900
2023-06-30,192.95115661621094,201.10000610351562,202.36000061035156,199.17999267578125,199.80999755859375,1745600
2023-07-03,192.50018310546875,200.6300048828125,201.2100067138672,198.5,199.75,740900
2023-07-05,190.8402862548828,198.89999389648438,200.47999572753906,198.25999450683594,199.08999633789062,1585900
2023-07-06,189.73687744140625,197.75,198.75,196.35000610351562,197.5500030517578,1862900
2023-07-07,190.41812133789062,198.4600067138672,200.86000061035156,196.75999450683594,197.25,1586700
2023-07-10,194.8317413330078,203.05999755859375,203.14999389648438,198.94000244140625,199.19000244140625,1629100
2023-07-11,194.74539184570312,202.97000122070312,203.64999389648438,201.27000427246094,201.6699981689453,1769100
2023-07-12,193.73794555664062,201.9199981689453,205.02000427246094,201.66000366210938,205.0,1636500
2023-07-13,196.07904052734375,204.36000061035156,205.14999389648438,201.17999267578125,202.50999450683594,1498400
2023-07-14,195.2155303955078,203.4600067138672,204.33999633789062,202.10000610351562,203.9600067138672,1087000
2023-07-17,197.6142120361328,205.9600067138672,206.58999633789062,202.22000122070312,203.35000610351562,1385500
2023-07-18,201.81674194335938,210.33999633789062,210.72999572753906,205.97000122070312,206.2100067138672,2500100
2023-07-19,201.30821228027344,209.80999755859375,211.1999969482422,208.27999877929688,208.4199981689453,2516200
2023-07-20,202.3636474609375,210.91000366210938,211.8300018310547,209.86000061035156,210.8699951171875,1974400
2023-07-21,199.2741241455078,207.69000244140625,211.52000427246094,206.75999450683594,210.83999633789062,2583200
2023-07-24,198.9574737548828,207.36000061035156,209.67999267578125,207.0,208.3300018310547,1651300
2023-07-25,197.9308319091797,206.2899932861328,207.42999267578125,205.0800018310547,205.5800018310547,2275600
2023-07-26,194.81256103515625,203.0399932861328,205.97999572753906,200.86000061035156,204.83999633789062,2676100
2023-07-27,193.91064453125,202.10000610351562,204.60000610351562,201.47999572753906,204.60000610351562,3367200
2023-07-28,195.06199645996094,203.3000030517578,204.57000732421875,202.25,203.91000366210938,2031400
2023-07-31,197.0001678466797,205.32000732421875,205.52999877929688,203.25,204.69000244140625,2346400
2023-08-01,210.12579345703125,219.0,219.89999389648438,211.0,211.38999938964844,5024400
2023-08-02,210.00108337402344,218.8699951171875,225.75999450683594,216.38999938964844,218.0800018310547,3603800
2023-08-03,208.3027801513672,217.10000610351562,219.44000244140625,215.63999938964844,217.74000549316406,2133200
2023-08-04,207.97528076171875,215.89999389648438,219.27999877929688,215.6999969482422,217.92999267578125,2043800
2023-08-07,212.9748077392578,221.08999633789062,221.72999572753906,217.0,217.32000732421875,1478500
2023-08-08,212.11744689941406,220.1999969482422,220.55999755859375,217.94000244140625,219.99000549316406,1593000
2023-08-09,209.83441162109375,217.8300018310547,220.55999755859375,216.9199981689453,219.91000366210938,1709300
2023-08-10,208.9674835205078,216.92999267578125,220.0399932861328,215.89999389648438,217.6199951171875,1314000
2023-08-11,210.3450164794922,218.36000061035156,219.72000122070312,217.0500030517578,217.69000244140625,1034200
2023-08-14,211.00003051757812,219.0399932861328,220.13999938964844,217.27000427246094,217.27999877929688,1274300
2023-08-15,209.94041442871094,217.94000244140625,218.63999938964844,216.7899932861328,217.8000030517578,965600
2023-08-16,208.1583251953125,216.08999633789062,219.89999389648438,216.0,218.0,1245500
2023-08-17,206.51107788085938,214.3800048828125,218.47000122070312,213.86000061035156,216.86000061035156,1092100
2023-08-18,206.7711639404297,214.64999389648438,216.27000427246094,212.10000610351562,212.74000549316406,1728600
2023-08-21,207.82118225097656,215.74000549316406,216.22999572753906,213.05999755859375,215.47999572753906,1342900
2023-08-22,209.31427001953125,217.2899932861328,217.83999633789062,215.33999633789062,217.11000061035156,1492900
2023-08-23,213.17709350585938,221.3000030517578,222.7899932861328,217.77000427246094,217.77000427246094,1757700
2023-08-24,212.80140686035156,220.91000366210938,224.17999267578125,220.7100067138672,221.8000030517578,2822600
2023-08-25,216.01881408691406,224.25,225.5,219.63999938964844,222.0,2433500
2023-08-28,217.93576049804688,226.24000549316406,227.6999969482422,224.16000366210938,224.22000122070312,1611300
2023-08-29,219.7082061767578,228.0800018310547,228.83999633789062,225.08999633789062,225.08999633789062,1392100
2023-08-30,221.6348114013672,230.0800018310547,230.22999572753906,227.9600067138672,229.0399932861328,1235500
2023-08-31,221.91415405273438,230.3699951171875,232.24000549316406,229.38999938964844,230.0,2040900
2023-09-01,225.09303283691406,233.6699981689453,233.97999572753906,231.17999267578125,231.44000244140625,1423100
2023-09-05,221.14352416992188,229.57000732421875,233.57000732421875,228.52999877929688,233.0,1614500
2023-09-06,223.108642578125,231.61000061035156,232.5399932861328,229.13999938964844,229.57000732421875,1699300
2023-09-07,226.1912078857422,234.80999755859375,235.1999969482422,230.1199951171875,230.8000030517578,1751100
2023-09-08,227.46273803710938,236.1300048828125,236.19000244140625,233.8699951171875,234.44000244140625,1414700
2023-09-11,229.3026123046875,238.0399932861328,238.13999938964844,235.0,236.41000366210938,1539500
2023-09-12,219.53482055664062,227.89999389648438,240.44000244140625,225.63999938964844,236.9199981689453,5506800
2023-09-13,213.28305053710938,221.41000366210938,226.39999389648438,219.8699951171875,224.8000030517578,5816500
2023-09-14,213.9958953857422,222.14999389648438,224.44000244140625,221.1199951171875,223.39999389648438,2267700
2023-09-15,209.65139770507812,217.63999938964844,219.69000244140625,214.80999755859375,219.69000244140625,5063500
2023-09-18,211.10597229003906,219.14999389648438,221.6300048828125,216.41000366210938,217.27000427246094,2258400
2023-09-19,208.22572326660156,216.16000366210938,218.97000122070312,212.30999755859375,218.25,2551300
2023-09-20,206.7711639404297,214.64999389648438,220.22000122070312,214.33999633789062,217.44000244140625,1229400
2023-09-21,202.91798400878906,210.64999389648438,214.0,210.1300048828125,214.0,1937100
2023-09-22,204.8542022705078,212.66000366210938,214.17999267578125,209.02000427246094,209.77000427246094,2068300
2023-09-25,207.97528076171875,215.89999389648438,216.92999267578125,211.72999572753906,212.6699981689453,2133200
2023-09-26,203.3225860595703,211.07000732421875,215.4600067138672,210.61000061035156,214.47999572753906,1708300
2023-09-27,206.49180603027344,214.36000061035156,215.27000427246094,212.14999389648438,212.89999389648438,2033300
2023-09-28,207.61888122558594,215.52999877929688,217.33999633789062,213.07000732421875,213.6300048828125,1515700
2023-09-29,205.4514617919922,213.27999877929688,217.0,212.72999572753906,216.88999938964844,1317400
2023-10-02,202.52304077148438,210.24000549316406,214.61000061035156,207.94000244140625,213.44000244140625,1989400
2023-10-03,201.37673950195312,209.0500030517578,213.49000549316406,207.22999572753906,210.6999969482422,1676900
2023-10-04,201.6560821533203,209.33999633789062,210.35000610351562,206.5500030517578,208.85000610351562,1649700
2023-10-05,195.72216796875,203.17999267578125,209.1300048828125,202.91000366210938,208.72000122070312,2983300
2023-10-06,202.47488403320312,210.19000244140625,211.6300048828125,202.83999633789062,204.0,2546800
2023-10-09,205.4514617919922,213.27999877929688,213.47000122070312,208.32000732421875,210.27999877929688,1721300
2023-10-10,205.41293334960938,213.24000549316406,216.22000122070312,212.3300018310547,213.41000366210938,1743600
2023-10-11,207.9463653564453,215.8699951171875,215.99000549316406,213.3699951171875,214.25,1132000
2023-10-12,209.4683837890625,217.4499969482422,220.4600067138672,215.35000610351562,216.4499969482422,2489500
2023-10-13,200.94325256347656,208.60000610351562,217.44000244140625,207.14999389648438,215.42999267578125,2656100
2023-10-16,203.86204528808594,211.6300048828125,214.60000610351562,208.91000366210938,211.0800018310547,1486700
2023-10-17,203.9969024658203,211.77000427246094,213.44000244140625,208.80999755859375,210.63999938964844,1149500
2023-10-18,194.98045349121094,202.41000366210938,206.91000366210938,201.1199951171875,206.91000366210938,2520000
2023-10-19,192.5722198486328,199.91000366210938,204.74000549316406,199.00999450683594,202.10000610351562,2001300
2023-10-20,186.86952209472656,193.99000549316406,199.99000549316406,191.82000732421875,199.3699951171875,4930400
2023-10-23,188.29518127441406,195.47000122070312,197.8000030517578,193.25999450683594,194.27000427246094,2759400
2023-10-24,192.3121337890625,199.63999938964844,199.85000610351562,195.6699981689453,197.47999572753906,2360100
2023-10-25,188.06398010253906,195.22999572753906,203.08999633789062,195.07000732421875,201.89999389648438,1810900
2023-10-26,189.3355255126953,196.5500030517578,200.14999389648438,195.3000030517578,196.14999389648438,1699900
2023-10-27,188.14105224609375,195.30999755859375,198.42999267578125,193.77000427246094,196.44000244140625,1780900
2023-10-30,190.5203857421875,197.77999877929688,199.10000610351562,196.1199951171875,197.64999389648438,2518800
2023-10-31,200.278564453125,207.91000366210938,208.8800048828125,198.67999267578125,199.60000610351562,4811000
2023-11-01,206.944580078125,214.8300018310547,215.72000122070312,208.85000610351562,209.3300018310547,3716200
2023-11-02,208.22572326660156,216.16000366210938,219.64999389648438,214.13999938964844,216.60000610351562,2628600
2023-11-03,207.7324981689453,214.7899932861328,219.5399932861328,214.72000122070312,218.7100067138672,1852900
2023-11-06,209.318603515625,216.42999267578125,216.60000610351562,211.99000549316406,214.52000427246094,1584200
2023-11-07,208.7479705810547,215.83999633789062,218.22000122070312,214.02999877929688,214.80999755859375,1503600
2023-11-08,210.45018005371094,217.60000610351562,218.49000549316406,215.63999938964844,216.85000610351562,1508800
2023-11-09,211.20455932617188,218.3800048828125,223.27000427246094,217.61000061035156,219.5,2428900
2023-11-10,214.53150939941406,221.82000732421875,222.25999450683594,217.91000366210938,220.08999633789062,1632300
2023-11-13,215.2568817138672,222.57000732421875,223.02999877929688,220.24000549316406,221.57000732421875,1421800
2023-11-14,220.60519409179688,228.10000610351562,229.00999450683594,223.8699951171875,225.11000061035156,1801200
2023-11-15,218.23565673828125,225.64999389648438,228.97999572753906,225.22999572753906,228.0,2678000
2023-11-16,219.347900390625,226.8000030517578,228.25999450683594,225.88999938964844,226.5,1633000
2023-11-17,220.31503295898438,227.8000030517578,228.44000244140625,226.3800048828125,226.72000122070312,2036200
2023-11-20,219.46395874023438,226.9199981689453,227.55999755859375,225.25999450683594,226.92999267578125,2142300
2023-11-21,219.55096435546875,227.00999450683594,227.7100067138672,225.5800018310547,226.6300048828125,1568500
2023-11-22,221.38856506347656,228.91000366210938,231.42999267578125,227.6300048828125,227.8800048828125,1470600
2023-11-24,221.20481872558594,228.72000122070312,230.35000610351562,228.13999938964844,229.74000549316406,526200
2023-11-27,221.26283264160156,228.77999877929688,229.88999938964844,227.6999969482422,228.27999877929688,975200
2023-11-28,217.2104949951172,224.58999633789062,229.3300018310547,224.52000427246094,228.55999755859375,1886200
2023-11-29,218.3807373046875,225.8000030517578,228.5800018310547,225.3300018310547,227.4600067138672,1432200
2023-11-30,220.20863342285156,227.69000244140625,228.47000122070312,225.9199981689453,226.94000244140625,2210100
2023-12-01,222.88763427734375,230.4600067138672,232.00999450683594,227.60000610351562,227.8300018310547,1605600
2023-12-04,220.70187377929688,228.1999969482422,229.32000732421875,226.19000244140625,228.6199951171875,1592400
2023-12-05,218.18731689453125,225.60000610351562,227.8800048828125,224.61000061035156,227.4199981689453,1392600
2023-12-06,219.46395874023438,226.9199981689453,232.58999633789062,226.6300048828125,228.0399932861328,1305400
2023-12-07,220.4407196044922,227.92999267578125,229.33999633789062,226.8000030517578,227.74000549316406,1397900
2023-12-08,224.67684936523438,232.30999755859375,233.4499969482422,227.92999267578125,228.17999267578125,1909600
2023-12-11,226.96896362304688,234.67999267578125,236.67999267578125,232.6999969482422,233.72999572753906,1575200
2023-12-12,229.2611083984375,237.0500030517578,237.6199951171875,234.80999755859375,235.02999877929688,1258900
2023-12-13,229.00962829589844,236.7899932861328,238.0800018310547,234.36000061035156,237.4600067138672,1210300
2023-12-14,229.8897247314453,237.6999969482422,239.88999938964844,235.8699951171875,238.83999633789062,2209000
2023-12-15,229.60926818847656,237.41000366210938,238.47999572753906,233.91000366210938,234.25,4369800
2023-12-18,229.33848571777344,237.1300048828125,238.6999969482422,236.3699951171875,237.7100067138672,1523900
2023-12-19,230.32493591308594,238.14999389648438,239.05999755859375,236.64999389648438,237.69000244140625,1012900
2023-12-20,226.2629852294922,233.9499969482422,238.58999633789062,233.74000549316406,237.97999572753906,1435100
2023-12-21,229.49319458007812,237.2899932861328,237.4499969482422,234.17999267578125,235.72000122070312,1054500
2023-12-22,230.79884338378906,238.63999938964844,239.25999450683594,237.3000030517578,237.89999389648438,743100
2023-12-26,232.31727600097656,240.2100067138672,240.72000122070312,238.72999572753906,238.72999572753906,683900
2023-12-27,232.9072265625,240.82000732421875,241.36000061035156,239.82000732421875,240.02999877929688,938400
2023-12-28,232.8395233154297,240.75,241.83999633789062,238.38999938964844,239.5,773300
2023-12-29,232.9072265625,240.82000732421875,241.97000122070312,239.91000366210938,241.2899932861328,949000
2024-01-02,231.0503387451172,238.89999389648438,240.27000427246094,236.85000610351562,238.88999938964844,1309000
2024-01-03,225.4408721923828,233.10000610351562,237.44000244140625,231.83999633789062,237.39999389648438,1843200
2024-01-04,226.77552795410156,234.47999572753906,236.9499969482422,233.75999450683594,233.75999450683594,1303600
2024-01-05,227.14305114746094,234.86000061035156,235.55999755859375,233.72999572753906,234.5800018310547,985800
2024-01-08,231.12767028808594,238.97999572753906,239.1699981689453,234.1999969482422,236.1300048828125,1278600
2024-01-09,231.61126708984375,239.47999572753906,239.75999450683594,235.6699981689453,237.4499969482422,974300
2024-01-10,232.97494506835938,240.88999938964844,242.41000366210938,239.80999755859375,241.0,1233000
2024-01-11,235.42176818847656,243.4199981689453,243.64999389648438,239.22000122070312,241.39999389648438,1366600
2024-01-12,234.1548309326172,242.11000061035156,244.27000427246094,240.77000427246094,244.27000427246094,1011700
2024-01-16,233.79696655273438,241.74000549316406,243.25,239.1999969482422,241.17999267578125,1538300
2024-01-17,229.46417236328125,237.25999450683594,238.97999572753906,236.0399932861328,236.89999389648438,2041800
2024-01-18,232.23019409179688,240.1199951171875,240.67999267578125,236.1999969482422,237.3000030517578,1295300
2024-01-19,236.56300354003906,244.60000610351562,244.6199951171875,240.0500030517578,241.77000427246094,1500400
2024-01-22,235.88601684570312,243.89999389648438,246.9499969482422,243.66000366210938,245.75999450683594,1727400
2024-01-23,235.25738525390625,243.25,244.0,239.1699981689453,244.0,1959300
2024-01-24,233.63259887695312,241.57000732421875,244.99000549316406,241.4499969482422,244.92999267578125,1541900
2024-01-25,237.7429656982422,245.82000732421875,246.2899932861328,241.8699951171875,243.72999572753906,1678400
2024-01-26,237.81063842773438,245.88999938964844,247.5500030517578,245.00999450683594,246.0,1138600
2024-01-29,240.54762268066406,248.72000122070312,248.80999755859375,244.35000610351562,244.41000366210938,1464800
2024-01-30,242.0467071533203,250.27000427246094,251.13999938964844,248.05999755859375,248.80999755859375,1828000
2024-01-31,237.994384765625,246.0800018310547,250.63999938964844,245.66000366210938,248.75999450683594,2300900
2024-02-01,255.87684631347656,264.57000732421875,264.75,255.4600067138672,255.6300048828125,3663800
2024-02-02,261.22515869140625,270.1000061035156,271.7799987792969,265.260009765625,266.1300048828125,3172800
2024-02-05,260.5675048828125,269.4200134277344,270.70001220703125,266.55999755859375,269.3599853515625,1990000
2024-02-06,262.2116394042969,271.1199951171875,272.32000732421875,267.9599914550781,270.29998779296875,1919200
2024-02-07,263.88482666015625,272.8500061035156,274.010009765625,271.1499938964844,272.8800048828125,1377600
2024-02-08,264.2330017089844,273.2099914550781,274.70001220703125,272.3900146484375,273.0,1581000
2024-02-09,268.8268127441406,277.9599914550781,278.5799865722656,273.0,273.5400085449219,1557600
2024-02-12,265.0453186035156,274.04998779296875,277.510009765625,272.510009765625,276.92999267578125,1331700
2024-02-13,263.4302673339844,272.3800048828125,273.05999755859375,266.0,268.4100036621094,2512400
2024-02-14,266.56378173828125,275.6199951171875,277.1499938964844,272.6099853515625,274.2699890136719,1430900
2024-02-15,266.7281494140625,275.7900085449219,277.0400085449219,272.7799987792969,275.6199951171875,1398000
2024-02-16,268.4013366699219,277.5199890136719,278.94000244140625,273.79998779296875,276.07000732421875,1650900
2024-02-20,267.0183410644531,276.0899963378906,277.8599853515625,274.2099914550781,276.2300109863281,1263600
2024-02-21,268.05316162109375,277.1600036621094,278.0400085449219,274.1499938964844,275.29998779296875,1314700
2024-02-22,275.2294006347656,284.5799865722656,286.3699951171875,282.1600036621094,282.79998779296875,2496300
2024-02-23,275.56787109375,284.92999267578125,288.4599914550781,283.0,285.45001220703125,1230700
2024-02-26,274.9585876464844,284.29998779296875,287.54998779296875,284.17999267578125,286.0,1960300
2024-02-27,274.2525329589844,283.57000732421875,285.3999938964844,282.239990234375,284.5199890136719,1678200
2024-02-28,277.5311584472656,286.9599914550781,287.6400146484375,282.6700134277344,283.57000732421875,1278900
2024-02-29,279.504150390625,289.0,289.8599853515625,285.92999267578125,287.0,2534300
2024-03-01,284.04974365234375,293.70001220703125,294.44000244140625,288.80999755859375,289.3599853515625,2314600
2024-03-04,286.8350830078125,296.5799865722656,298.1300048828125,294.5299987792969,295.8900146484375,1943500
2024-03-05,282.3378601074219,291.92999267578125,295.07000732421875,289.3699951171875,294.3500061035156,2263300
2024-03-06,286.9897766113281,296.739990234375,298.3900146484375,294.8800048828125,295.32000732421875,1723900
2024-03-07,291.2356262207031,301.1300048828125,301.5299987792969,296.8999938964844,298.7300109863281,1869100
2024-03-08,288.6160888671875,297.489990234375,303.3999938964844,295.55999755859375,299.760009765625,1894400
2024-03-11,283.968994140625,292.70001220703125,295.7900085449219,289.6000061035156,295.5,1656600
2024-03-12,288.8586120605469,297.739990234375,298.30999755859375,291.94000244140625,293.4200134277344,2063200
2024-03-13,291.2840270996094,300.239990234375,300.69000244140625,295.67999267578125,296.4599914550781,1891100
2024-03-14,291.33258056640625,300.2900085449219,302.9800109863281,297.4599914550781,302.6700134277344,2236400
2024-03-15,289.01385498046875,297.8999938964844,302.67999267578125,297.760009765625,298.0299987792969,3024600
2024-03-18,289.8385009765625,298.75,303.25,298.5799865722656,300.80999755859375,1557200
2024-03-19,293.92291259765625,302.9599914550781,303.1700134277344,297.2699890136719,298.239990234375,1462100
2024-03-20,300.5686340332031,309.80999755859375,310.42999267578125,303.3599853515625,304.55999755859375,1946500
2024-03-21,306.1082458496094,315.5199890136719,315.7900085449219,310.20001220703125,311.7099914550781,2167400
2024-03-22,307.1366882324219,316.5799865722656,317.0199890136719,314.3599853515625,314.92999267578125,2046300
2024-03-25,302.576904296875,311.8800048828125,315.7799987792969,311.5,315.0,1703600
2024-03-26,302.7708435058594,312.0799865722656,316.29998779296875,311.4599914550781,311.6600036621094,2247200
2024-03-27,305.0216979980469,314.3999938964844,314.6400146484375,308.2200012207031,314.0,1874300
2024-03-28,303.35296630859375,312.67999267578125,314.75,312.0,314.69000244140625,1983400
2024-04-01,302.722412109375,312.0299987792969,314.1300048828125,311.07000732421875,313.0,1213200
2024-04-02,305.36126708984375,314.75,316.42999267578125,312.5799865722656,313.0400085449219,2773100
2024-04-03,311.3665771484375,320.94000244140625,322.3599853515625,315.5,315.5,2984500
2024-04-04,310.60992431640625,320.1600036621094,326.2099914550781,318.1700134277344,323.9100036621094,3039900
2024-04-05,320.651123046875,330.510009765625,331.4700012207031,322.7900085449219,323.92999267578125,2644200
2024-04-08,316.10107421875,325.82000732421875,329.3699951171875,323.6300048828125,326.29998779296875,2423700
2024-04-09,304.5074768066406,313.8699951171875,325.510009765625,313.0,324.94000244140625,4069100
2024-04-10,304.9925537109375,314.3699951171875,317.3699951171875,306.2099914550781,309.0,2425900
2024-04-11,307.7963562011719,317.260009765625,319.3599853515625,312.95001220703125,314.4100036621094,1547300
2024-04-12,308.9993896484375,318.5,318.6700134277344,314.2699890136719,314.2699890136719,2248300
2024-04-15,305.87542724609375,315.2799987792969,324.82000732421875,313.8900146484375,324.0,2447600
2024-04-16,305.9433898925781,315.3500061035156,317.5400085449219,311.32000732421875,312.8900146484375,1547300
2024-04-17,300.92755126953125,310.17999267578125,316.67999267578125,305.8500061035156,316.67999267578125,2204600
2024-04-18,299.7245788574219,308.94000244140625,315.7099914550781,308.4599914550781,313.75,1860300
2024-04-19,293.98114013671875,303.0199890136719,311.6600036621094,302.260009765625,309.0400085449219,3084700
2024-04-22,298.89990234375,308.0899963378906,310.3399963378906,304.1700134277344,305.3500061035156,2379200
2024-04-23,303.50823974609375,312.8399963378906,315.2799987792969,310.3999938964844,311.94000244140625,2781400
2024-04-24,309.2807922363281,318.7900085449219,325.4100036621094,313.95001220703125,324.0,3550500
2024-04-25,307.64111328125,317.1000061035156,318.8800048828125,312.1499938964844,314.04998779296875,2453100
2024-04-26,314.6263732910156,324.29998779296875,325.32000732421875,318.2099914550781,318.2099914550781,2305700
2024-04-29,316.7705078125,326.510009765625,327.19000244140625,321.4200134277344,324.9200134277344,3127300
2024-04-30,308.76654052734375,318.260009765625,333.05999755859375,312.5199890136719,330.0,5279700
2024-05-01,302.722412109375,312.0299987792969,319.4800109863281,311.739990234375,318.8299865722656,3416700
2024-05-02,305.86572265625,315.2699890136719,316.0899963378906,305.260009765625,313.2900085449219,3009900
2024-05-03,311.86956787109375,320.5,322.5899963378906,316.5899963378906,318.510009765625,1769800
2024-05-06,318.4280700683594,327.239990234375,327.42999267578125,322.3299865722656,322.3299865722656,1297000
2024-05-07,318.61297607421875,327.42999267578125,329.0,325.6199951171875,328.1099853515625,1792900
2024-05-08,321.50299072265625,330.3999938964844,333.1300048828125,326.82000732421875,327.3999938964844,1454300
2024-05-09,324.2859802246094,333.260009765625,333.45001220703125,329.9800109863281,330.0,1487100
2024-05-10,321.6684265136719,330.57000732421875,337.70001220703125,330.1099853515625,335.0,1955000
2024-05-13,319.6639404296875,328.510009765625,331.8800048828125,325.8599853515625,331.010009765625,1903200
2024-05-14,321.5516662597656,330.45001220703125,331.3699951171875,321.9700012207031,326.1600036621094,1588200
2024-05-15,328.8594055175781,337.9599914550781,338.1499938964844,332.0,332.0,1720100
2024-05-16,321.28887939453125,330.17999267578125,338.8800048828125,330.1300048828125,337.8999938964844,2203100
2024-05-17,321.3473205566406,330.239990234375,333.6099853515625,326.7099914550781,332.0,1881400
2024-05-20,324.2762756347656,333.25,335.7099914550781,329.0,330.0,1021000
2024-05-21,327.66253662109375,336.7300109863281,337.260009765625,332.4599914550781,332.6400146484375,1389200
2024-05-22,327.1273498535156,336.17999267578125,338.4100036621094,333.17999267578125,336.739990234375,1566500
2024-05-23,329.30706787109375,338.4200134277344,344.0,336.5799865722656,342.19000244140625,1772500
2024-05-24,331.7105407714844,340.8900146484375,345.19000244140625,338.92999267578125,339.0799865722656,1495600
2024-05-28,328.2755432128906,337.3599853515625,343.0,335.29998779296875,342.2900085449219,1772300
2024-05-29,323.9259338378906,332.8900146484375,336.42999267578125,332.69000244140625,335.29998779296875,1131300
2024-05-30,325.20068359375,334.20001220703125,335.17999267578125,331.4100036621094,332.2900085449219,1240900
2024-05-31,323.8870544433594,332.8500061035156,335.0,322.2200012207031,333.45001220703125,3837900
2024-06-03,315.7229309082031,324.4599914550781,335.0,318.6700134277344,334.0,2494500
2024-06-04,307.6562194824219,316.1700134277344,325.5,310.1499938964844,324.5199890136719,4143000
2024-06-05,317.79559326171875,326.5899963378906,327.5799865722656,319.3999938964844,319.7699890136719,2487300
2024-06-06,305.0191650390625,313.4599914550781,326.989990234375,311.3699951171875,325.0,3069100
2024-06-07,306.352294921875,314.8299865722656,317.8299865722656,310.7799987792969,313.4800109863281,2389500
2024-06-10,314.2828674316406,322.9800109863281,323.3900146484375,313.25,313.4599914550781,2050000
2024-06-11,310.5754089355469,319.1700134277344,322.0,317.44000244140625,320.69000244140625,1826200
2024-06-12,318.3599853515625,327.1700134277344,328.9100036621094,319.5,321.54998779296875,1682600
2024-06-13,319.5082092285156,328.3500061035156,329.1199951171875,321.8299865722656,326.42999267578125,2194700
2024-06-14,310.42938232421875,319.0199890136719,325.6400146484375,316.92999267578125,324.3699951171875,2055900
2024-06-17,316.5694885253906,325.3299865722656,326.6099853515625,317.010009765625,318.7799987792969,2552500
2024-06-18,318.7686767578125,327.5899963378906,330.17999267578125,321.20001220703125,324.0,1903900
2024-06-20,314.5357666015625,323.239990234375,329.8699951171875,320.0199890136719,328.1700134277344,1847700
2024-06-21,311.4414367675781,320.05999755859375,322.94000244140625,316.510009765625,322.94000244140625,3067700
2024-06-24,313.4070129394531,322.0799865722656,324.3900146484375,319.19000244140625,322.1000061035156,1581000
2024-06-25,314.0687255859375,322.760009765625,324.0799865722656,318.3299865722656,322.3599853515625,1576500
2024-06-26,306.78033447265625,315.2699890136719,321.05999755859375,313.510009765625,320.760009765625,1849800
2024-06-27,305.4862976074219,313.94000244140625,314.7900085449219,311.25,314.1600036621094,2549900
2024-06-28,305.1067199707031,313.54998779296875,319.6400146484375,310.3299865722656,312.8900146484375,2557600
2024-07-01,303.9584655761719,312.3699951171875,316.4800109863281,307.760009765625,316.45001220703125,1925900
2024-07-02,304.843994140625,313.2799987792969,313.75,309.45001220703125,309.45001220703125,2047700
2024-07-03,309.8455810546875,318.4200134277344,319.25,312.95001220703125,313.82000732421875,1123000
2024-07-05,308.8238220214844,317.3699951171875,320.3299865722656,314.489990234375,319.67999267578125,1557700
2024-07-08,310.3710021972656,318.9599914550781,322.8800048828125,318.2200012207031,320.1700134277344,1139800
2024-07-09,310.1278076171875,318.7099914550781,321.1400146484375,318.1199951171875,320.19000244140625,980900
2024-07-10,318.26263427734375,327.07000732421875,327.2200012207031,318.6099853515625,318.75,2083100
2024-07-11,319.965576171875,328.82000732421875,331.1300048828125,325.70001220703125,329.17999267578125,2061000
2024-07-12,321.5809020996094,330.4800109863281,333.7099914550781,326.2099914550781,330.75,1644800
2024-07-15,318.2237243652344,327.0299987792969,330.9599914550781,325.8399963378906,329.3399963378906,1416000
2024-07-16,323.5075378417969,332.4599914550781,335.1199951171875,328.760009765625,330.54998779296875,1671200
2024-07-17,303.1119079589844,311.5,327.6199951171875,311.1099853515625,326.9700012207031,3312800
2024-07-18,300.7473449707031,309.07000732421875,319.2300109863281,305.6600036621094,313.3900146484375,4377000
2024-07-19,303.4914855957031,311.8900146484375,316.30999755859375,310.70001220703125,312.2300109863281,2287600
2024-07-22,311.6944580078125,320.32000732421875,321.5,315.45001220703125,316.5,2252500
2024-07-23,313.2707824707031,321.94000244140625,325.3299865722656,319.6700134277344,320.0,1518500
2024-07-24,291.5323486328125,299.6000061035156,318.0799865722656,299.32000732421875,316.8399963378906,3876300
2024-07-25,284.99334716796875,292.8800048828125,300.2799987792969,286.8699951171875,298.7300109863281,5569700
2024-07-26,289.7711486816406,297.7900085449219,301.92999267578125,296.4200134277344,300.8800048828125,3090000
2024-07-29,288.6228332519531,296.6099853515625,300.3900146484375,294.55999755859375,298.6000061035156,2522600
2024-07-30,279.5052185058594,287.239990234375,302.5199890136719,285.4800109863281,297.55999755859375,4777200
2024-07-31,296.5826110839844,304.7900085449219,310.8699951171875,301.3699951171875,306.19000244140625,5108300
2024-08-01,289.8586730957031,297.8800048828125,304.2900085449219,288.0,290.0400085449219,5433400
2024-08-02,272.713134765625,280.260009765625,290.6400146484375,276.010009765625,290.0,4528000
2024-08-05,266.0740051269531,272.5199890136719,277.0199890136719,255.64999389648438,255.64999389648438,4621200
2024-08-06,271.0826721191406,277.6499938964844,282.0299987792969,274.6499938964844,274.6499938964844,3305000
2024-08-07,271.1119689941406,277.67999267578125,288.1000061035156,276.79998779296875,285.0,2857000
2024-08-08,280.6802062988281,287.4800109863281,288.05999755859375,278.1099853515625,282.04998779296875,3888100
2024-08-09,284.74176025390625,291.6400146484375,292.1700134277344,285.70001220703125,286.8599853515625,2190400
2024-08-12,281.607666015625,288.42999267578125,293.45001220703125,285.5299987792969,291.1199951171875,1840400
2024-08-13,288.403076171875,295.3900146484375,295.82000732421875,288.2699890136719,292.20001220703125,2256900
2024-08-14,291.2442321777344,298.29998779296875,300.04998779296875,294.42999267578125,296.010009765625,1974900
2024-08-15,295.3058166503906,302.4599914550781,304.7699890136719,298.0400085449219,302.1199951171875,2316600
2024-08-16,289.6625671386719,296.67999267578125,302.5299987792969,293.3800048828125,302.07000732421875,2768100
2024-08-19,290.0237731933594,297.04998779296875,298.42999267578125,293.19000244140625,297.19000244140625,1572500
2024-08-20,289.2329406738281,296.239990234375,299.6400146484375,294.5799865722656,297.9200134277344,1432400
2024-08-21,292.601318359375,299.69000244140625,301.6499938964844,296.1700134277344,296.45001220703125,1400600
2024-08-22,290.64862060546875,297.69000244140625,303.3999938964844,296.70001220703125,300.4599914550781,2035700
2024-08-23,292.90399169921875,300.0,302.0,297.7799987792969,300.0,1950700
2024-08-26,289.88714599609375,296.9100036621094,301.75,296.0,300.2799987792969,1579600
2024-08-27,289.0279235839844,296.0299987792969,299.8599853515625,292.3999938964844,295.0,1711700
2024-08-28,286.6554260253906,293.6000061035156,297.489990234375,292.2300109863281,296.82000732421875,2109300
2024-08-29,293.9682312011719,301.0899963378906,307.45001220703125,295.1400146484375,296.2300109863281,2426500
2024-08-30,299.6700744628906,306.92999267578125,307.6499938964844,300.1300048828125,301.489990234375,2320000
2024-09-03,282.876953125,289.7300109863281,304.80999755859375,289.4700012207031,304.1700134277344,3058900
2024-09-04,281.9396667480469,288.7699890136719,292.7900085449219,286.6199951171875,288.20001220703125,2098500
2024-09-05,278.9617614746094,285.7200012207031,289.2300109863281,282.55999755859375,287.45001220703125,1930600
2024-09-06,278.2294921875,284.9700012207031,292.20001220703125,281.3399963378906,288.6199951171875,2163800
2024-09-09,282.5352478027344,289.3800048828125,292.1000061035156,287.6199951171875,289.2099914550781,1756000
2024-09-10,281.4807434082031,288.29998779296875,291.8999938964844,284.4599914550781,291.2300109863281,1531200
2024-09-11,290.1116638183594,297.1400146484375,297.67999267578125,284.54998779296875,289.5,2389500
2024-09-12,296.2040710449219,303.3800048828125,304.4599914550781,294.8399963378906,296.8500061035156,2795400
2024-09-13,298.5668029785156,305.79998779296875,310.4599914550781,303.6700134277344,305.82000732421875,2022800
2024-09-16,299.299072265625,306.54998779296875,306.9800109863281,301.4800109863281,306.0,1536300
2024-09-17,304.3565673828125,311.7300109863281,312.4200134277344,304.6499938964844,308.4800109863281,2117000
2024-09-18,307.2074890136719,314.6499938964844,321.1499938964844,313.54998779296875,313.55999755859375,2931000
2024-09-19,321.1399841308594,328.9200134277344,329.7799987792969,319.8999938964844,323.75,3155700
2024-09-20,322.7802429199219,330.6000061035156,331.4200134277344,326.0,326.67999267578125,3632000
2024-09-23,321.9893798828125,329.7900085449219,333.2900085449219,329.4100036621094,331.8900146484375,1789100
2024-09-24,319.64617919921875,327.3900146484375,330.2300109863281,326.29998779296875,329.7099914550781,1964200
2024-09-25,320.7787170410156,328.54998779296875,330.8599853515625,327.3900146484375,328.30999755859375,1599100
2024-09-26,325.1429443359375,333.0199890136719,336.29998779296875,329.3399963378906,333.1700134277344,2614200
2024-09-27,320.68115234375,328.45001220703125,333.9100036621094,326.6499938964844,333.1099853515625,2061200
2024-09-30,323.6003723144531,331.44000244140625,331.70001220703125,324.69000244140625,326.69000244140625,2789400
2024-10-01,319.8316955566406,327.5799865722656,331.42999267578125,325.05999755859375,331.0299987792969,1000700
2024-10-02,320.2319641113281,327.989990234375,329.8699951171875,325.7099914550781,326.0,1150600
2024-10-03,319.226318359375,326.9599914550781,328.45001220703125,324.4200134277344,327.3399963378906,960600
2024-10-04,325.17230224609375,333.04998779296875,333.30999755859375,328.25,331.8999938964844,1129400
2024-10-07,326.7148742675781,334.6300048828125,335.32000732421875,330.19000244140625,330.8299865722656,1465900
2024-10-08,327.64239501953125,335.5799865722656,337.75,333.0299987792969,336.5,1136500
2024-10-09,330.249267578125,338.25,338.8599853515625,334.7200012207031,335.4800109863281,1103600
2024-10-10,328.9702453613281,336.94000244140625,337.8299865722656,332.69000244140625,335.3999938964844,1281000
2024-10-11,333.3150329589844,341.3900146484375,341.9800109863281,335.8999938964844,337.0,1162000
2024-10-14,337.4351806640625,345.6099853515625,345.94000244140625,341.57000732421875,343.0,883800
2024-10-15,330.0443115234375,338.0400085449219,347.3500061035156,337.4700012207031,346.4599914550781,1861800
2024-10-16,333.0318908691406,341.1000061035156,341.3800048828125,337.80999755859375,338.95001220703125,839900
2024-10-17,340.2470703125,348.489990234375,349.739990234375,340.8900146484375,345.0,1715300
2024-10-18,339.94439697265625,348.17999267578125,349.70001220703125,345.2699890136719,349.55999755859375,1173400
2024-10-21,338.86065673828125,347.07000732421875,348.7300109863281,345.25,348.0,1068600
2024-10-22,335.42388916015625,343.54998779296875,345.260009765625,340.82000732421875,343.8900146484375,1321800
2024-10-23,336.80059814453125,344.9599914550781,345.7200012207031,340.30999755859375,341.0,1975200
2024-10-24,337.1227722167969,345.2900085449219,346.67999267578125,340.510009765625,345.0,1407000
2024-10-25,336.3416748046875,344.489990234375,348.55999755859375,342.8999938964844,347.07000732421875,1176400
2024-10-28,337.33758544921875,345.510009765625,348.6199951171875,345.1099853515625,347.95001220703125,2177700
2024-10-29,337.3765563964844,345.54998779296875,347.4200134277344,337.8599853515625,342.7900085449219,1843200
2024-10-30,334.7013854980469,342.80999755859375,346.69000244140625,340.8599853515625,344.6499938964844,2258200
2024-10-31,323.7370300292969,331.5799865722656,333.94000244140625,321.3900146484375,325.0,3870600
2024-11-01,327.07611083984375,335.0,337.0199890136719,329.6499938964844,335.95001220703125,2369100
2024-11-04,324.20745849609375,331.1300048828125,335.510009765625,330.80999755859375,332.5,1943300
2024-11-05,330.42462158203125,337.4800109863281,338.2200012207031,331.82000732421875,331.8699951171875,1777300
2024-11-06,351.67095947265625,359.17999267578125,366.0799865722656,352.05999755859375,355.0,4019600
2024-11-07,353.02215576171875,360.55999755859375,363.1400146484375,357.92999267578125,360.0,2739600
2024-11-08,359.0044250488281,366.6700134277344,369.2900085449219,361.29998779296875,362.0299987792969,2390500
2024-11-11,364.17401123046875,371.95001220703125,373.3900146484375,368.6499938964844,371.7799987792969,1736300
2024-11-12,361.27587890625,368.989990234375,373.489990234375,365.6700134277344,371.6099853515625,2265400
2024-11-13,361.9319152832031,369.6600036621094,372.67999267578125,369.010009765625,369.739990234375,1437500
2024-11-14,354.2949523925781,361.8599853515625,371.1199951171875,361.010009765625,369.5,1816800
2024-11-15,351.4849548339844,358.989990234375,361.2200012207031,355.3800048828125,358.1199951171875,2231900
2024-11-18,350.34918212890625,357.8299865722656,361.2300109863281,356.5400085449219,359.5899963378906,1611900
2024-11-19,356.08673095703125,363.69000244140625,365.0299987792969,353.4200134277344,355.0,1868100
2024-11-20,352.9242248535156,360.4599914550781,367.5,358.54998779296875,365.19000244140625,1464000
2024-11-21,363.1949157714844,370.95001220703125,373.3900146484375,362.45001220703125,364.489990234375,1632100
2024-11-22,369.5198669433594,377.4100036621094,378.0,371.6099853515625,372.5,2407000
2024-11-25,368.8051452636719,376.67999267578125,379.1199951171875,372.1400146484375,378.0,3559500
2024-11-26,369.4023742675781,377.2900085449219,379.989990234375,375.1700134277344,378.5,2096100
2024-11-27,364.2033996582031,371.9800109863281,377.55999755859375,371.010009765625,375.5,1117300
2024-11-29,367.5715026855469,375.4200134277344,378.45001220703125,373.5199890136719,374.9700012207031,991700
2024-12-02,364.4383850097656,372.2200012207031,378.7900085449219,371.9200134277344,377.8599853515625,1131000
2024-12-03,365.9364318847656,373.75,375.44000244140625,368.6199951171875,372.2900085449219,1303400
2024-12-04,369.6275634765625,377.5199890136719,378.4700012207031,375.0199890136719,375.2699890136719,1479600
2024-12-05,363.2928161621094,371.04998779296875,377.82000732421875,370.0,377.5199890136719,1625000
2024-12-06,363.4593200683594,371.2200012207031,373.2799987792969,369.25,371.739990234375,1479100
2024-12-09,356.4490051269531,364.05999755859375,373.0,358.3299865722656,371.44000244140625,2338200
2024-12-10,350.99542236328125,358.489990234375,364.0199890136719,357.95001220703125,363.5400085449219,1891000
2024-12-11,354.3439025878906,361.9100036621094,365.0,353.3299865722656,364.4100036621094,2440700
2024-12-12,351.1423034667969,358.6400146484375,363.05999755859375,358.0799865722656,361.92999267578125,1223500
2024-12-13,348.5672912597656,356.010009765625,360.82000732421875,355.8900146484375,359.760009765625,1165000
2024-12-16,347.7252197265625,355.1499938964844,357.5,353.5400085449219,355.75,1506200
2024-12-17,339.8239440917969,347.0799865722656,351.54998779296875,344.6700134277344,351.3800048828125,2562500
2024-12-18,328.114013671875,335.1199951171875,349.5899963378906,334.7200012207031,349.0,2491600
2024-12-19,328.6231689453125,335.6400146484375,340.1000061035156,334.3299865722656,339.8999938964844,2667800
2024-12-20,331.05126953125,338.1199951171875,342.010009765625,332.1199951171875,333.2799987792969,4862500
2024-12-23,330.64984130859375,337.7099914550781,338.5199890136719,334.20001220703125,337.1300048828125,1704600
2024-12-24,334.3997802734375,341.5400085449219,341.69000244140625,337.20001220703125,338.67999267578125,507500
2024-12-26,333.04864501953125,340.1600036621094,341.8299865722656,338.75,340.8500061035156,1196500
2024-12-27,327.6342468261719,334.6300048828125,338.8500061035156,331.2799987792969,336.82000732421875,1601700
2024-12-30,325.4312744140625,332.3800048828125,334.07000732421875,327.5400085449219,329.1400146484375,1400300
2024-12-31,324.9319152832031,331.8699951171875,333.9800109863281,331.260009765625,332.25,1134600
2025-01-02,325.0200500488281,331.9599914550781,337.9100036621094,330.239990234375,334.67999267578125,1598400
2025-01-03,335.4179992675781,342.5799865722656,343.45001220703125,333.6499938964844,333.95001220703125,2570600
2025-01-06,341.27301025390625,348.55999755859375,353.3999938964844,346.67999267578125,348.0,3157200
2025-01-07,336.7202453613281,343.9100036621094,349.4800109863281,341.1400146484375,348.3500061035156,2350200
2025-01-08,337.8951416015625,345.1099853515625,345.67999267578125,338.0,341.6700134277344,2020400
2025-01-10,334.3116760253906,341.45001220703125,343.9599914550781,337.9700012207031,342.8900146484375,1828000
2025-01-13,333.7535705566406,340.8800048828125,343.0400085449219,333.8800048828125,333.8800048828125,2523400
2025-01-14,333.029052734375,340.1400146484375,347.239990234375,339.0,344.739990234375,3019000
2025-01-15,335.4179992675781,342.5799865722656,349.69000244140625,340.7099914550781,346.9100036621094,3434200
2025-01-16,337.97344970703125,345.19000244140625,347.7799987792969,342.70001220703125,346.760009765625,2424600
2025-01-17,339.0406799316406,346.2799987792969,349.4700012207031,345.75,348.2900085449219,2454300
2025-01-21,350.1534118652344,357.6300048828125,357.6700134277344,350.4800109863281,351.3999938964844,3575000
2025-01-22,363.4690856933594,371.2300109863281,377.92999267578125,365.0,372.2699890136719,3521500
2025-01-23,361.96124267578125,369.69000244140625,372.29998779296875,363.2200012207031,367.1400146484375,1961900
2025-01-24,361.2660827636719,368.9800109863281,378.0,367.1600036621094,377.1199951171875,1970800
2025-01-27,305.0367126464844,311.54998779296875,329.760009765625,306.1499938964844,329.489990234375,10210600
2025-01-28,306.1333312988281,312.6700134277344,313.6600036621094,298.2900085449219,311.760009765625,8863800
2025-01-29,310.9602966308594,317.6000061035156,319.54998779296875,310.1199951171875,313.5,4291600
2025-01-30,320.26165771484375,327.1000061035156,329.5899963378906,321.1099853515625,324.8299865722656,4758500
2025-01-31,319.6154479980469,326.44000244140625,330.54998779296875,314.3999938964844,322.0199890136719,6485100
2025-02-03,308.8160400390625,315.4100036621094,322.1000061035156,311.1199951171875,317.3399963378906,3304100
2025-02-04,308.120849609375,314.70001220703125,319.6000061035156,313.010009765625,319.010009765625,2346700
2025-02-05,308.6593933105469,315.25,316.760009765625,311.29998779296875,315.54998779296875,3084600
2025-02-06,309.2468566894531,315.8500061035156,323.67999267578125,312.7699890136719,316.0899963378906,3334200
2025-02-07,306.5053405761719,313.04998779296875,322.6400146484375,311.9700012207031,318.1000061035156,2634000
2025-02-10,313.192626953125,319.8800048828125,320.1499938964844,312.45001220703125,314.69000244140625,2748600
2025-02-11,309.89306640625,316.510009765625,318.25,311.1000061035156,317.3599853515625,3216000
2025-02-12,303.4017028808594,309.8800048828125,311.9599914550781,305.69000244140625,308.20001220703125,2649300
2025-02-13,301.37493896484375,307.80999755859375,312.760009765625,304.07000732421875,312.760009765625,3015500
2025-02-14,302.7065124511719,309.1700134277344,311.3800048828125,307.5,309.5199890136719,3175100
2025-02-18,306.57391357421875,313.1199951171875,316.5799865722656,310.3900146484375,313.1700134277344,2682300
2025-02-19,302.9610595703125,309.42999267578125,311.739990234375,307.29998779296875,310.5799865722656,2712500
2025-02-20,302.36383056640625,308.82000732421875,310.0,305.8399963378906,309.20001220703125,1982900
2025-02-21,291.1531677246094,297.3699951171875,309.3999938964844,295.0199890136719,308.739990234375,4401500
2025-02-24,283.7904052734375,289.8500061035156,298.7900085449219,285.510009765625,297.5400085449219,5861500
2025-02-25,281.5384826660156,287.54998779296875,292.6499938964844,282.42999267578125,287.20001220703125,6042100
2025-02-26,291.1335754394531,297.3500061035156,299.6000061035156,290.57000732421875,292.0899963378906,4302800
2025-02-27,284.30926513671875,290.3800048828125,301.9599914550781,288.9100036621094,300.45001220703125,4525900
2025-02-28,287.1878662109375,293.32000732421875,293.3800048828125,284.7900085449219,289.45001220703125,4806000
2025-03-03,272.63848876953125,278.4599914550781,296.7200012207031,276.20001220703125,294.9800109863281,4890700
2025-03-04,273.3825988769531,279.2200012207031,285.55999755859375,267.6300048828125,273.1199951171875,6809700
2025-03-05,281.7147521972656,287.7300109863281,288.760009765625,278.4599914550781,283.45001220703125,3752900
2025-03-06,271.7475280761719,277.54998779296875,280.6700134277344,272.2799987792969,277.2200012207031,3286400
2025-03-07,279.022216796875,284.9800109863281,286.1499938964844,273.7099914550781,275.54998779296875,4533900
2025-03-10,272.80181884765625,277.6099853515625,282.6700134277344,272.6700134277344,275.8800048828125,4149400
2025-03-11,277.42041015625,282.30999755859375,287.3900146484375,274.6000061035156,276.5299987792969,4482200
2025-03-12,286.9819030761719,292.0400085449219,300.0400085449219,285.5400085449219,297.4599914550781,5691800
2025-03-13,278.786376953125,283.70001220703125,291.0199890136719,280.4599914550781,290.0,5611100
2025-03-14,288.52471923828125,293.6099853515625,294.6099853515625,286.6000061035156,290.45001220703125,3316900
2025-03-17,292.08203125,297.2300109863281,300.760009765625,293.6199951171875,295.20001220703125,2949400
2025-03-18,285.60614013671875,290.6400146484375,295.5799865722656,288.3699951171875,293.82000732421875,2736800
2025-03-19,289.4582824707031,294.55999755859375,299.05999755859375,290.1700134277344,290.75,3216500
2025-03-20,290.41143798828125,295.5299987792969,300.239990234375,290.1199951171875,291.1000061035156,3421800
2025-03-21,290.32305908203125,295.44000244140625,296.25,289.489990234375,291.739990234375,3188200
2025-03-24,297.5948791503906,302.8399963378906,304.5400085449219,298.55999755859375,300.489990234375,2897000
2025-03-25,294.8040466308594,300.0,304.94000244140625,295.9800109863281,303.29998779296875,3394000
2025-03-26,280.5748596191406,285.5199890136719,297.9700012207031,283.67999267578125,297.9700012207031,4708600
2025-03-27,276.0447082519531,280.9100036621094,285.5400085449219,278.1600036621094,283.80999755859375,3454800
2025-03-28,269.4214782714844,274.1700134277344,279.7300109863281,271.6499938964844,278.260009765625,3254300
2025-03-31,267.1219482421875,271.8299865722656,273.45001220703125,262.67999267578125,268.0,4882900
2025-04-01,271.9075927734375,276.70001220703125,278.04998779296875,269.8500061035156,271.80999755859375,2468600
2025-04-02,278.9239501953125,283.8399963378906,285.6700134277344,270.0,270.69000244140625,2681500
2025-04-03,256.33209228515625,260.8500061035156,271.5,258.6000061035156,260.0299987792969,5553700
2025-04-04,242.25030517578125,246.52000427246094,252.0,236.5800018310547,249.4600067138672,5291000
2025-04-07,248.07760620117188,252.4499969482422,262.9200134277344,231.85000610351562,237.85000610351562,5543500
2025-04-08,247.14404296875,251.5,267.9200134277344,245.3000030517578,264.6499938964844,5127300
2025-04-09,278.67828369140625,283.5899963378906,286.6099853515625,248.17999267578125,249.4600067138672,6041200
2025-04-10,266.03118896484375,270.7200012207031,275.8999938964844,261.57000732421875,273.989990234375,4995900
2025-04-11,272.7232360839844,277.5299987792969,278.6499938964844,265.0899963378906,268.4700012207031,3833100
2025-04-14,273.01800537109375,277.8299865722656,283.0,274.0799865722656,282.82000732421875,2631800
2025-04-15,272.3203430175781,277.1199951171875,280.04998779296875,275.45001220703125,278.5,2217500
2025-04-16,264.4981994628906,269.1600036621094,276.20001220703125,264.82000732421875,272.44000244140625,3411300
2025-04-17,263.6726989746094,268.32000732421875,272.0,265.9700012207031,272.0,2539600
2025-04-21,254.97601318359375,259.4700012207031,264.4599914550781,255.10000610351562,264.1199951171875,2863500
2025-04-22,262.2871398925781,266.9100036621094,268.7900085449219,262.4100036621094,263.1499938964844,2270500
2025-04-23,270.8856506347656,275.6600036621094,288.95001220703125,274.94000244140625,288.95001220703125,3148900
2025-04-24,282.0488586425781,287.0199890136719,288.260009765625,275.9800109863281,277.6000061035156,2751600
2025-04-25,283.81768798828125,288.82000732421875,290.8800048828125,285.7699890136719,285.7699890136719,2177400
2025-04-28,282.7563781738281,287.739990234375,293.5400085449219,283.1099853515625,288.05999755859375,2969500
2025-04-29,285.6553039550781,290.69000244140625,291.69000244140625,284.82000732421875,287.9700012207031,1965300
2025-04-30,289.27154541015625,294.3699951171875,295.1000061035156,283.0,284.4200134277344,2541700
2025-05-01,296.4353332519531,301.6600036621094,306.1000061035156,300.25,302.0,4722700
2025-05-02,294.51904296875,299.7099914550781,303.9700012207031,286.6000061035156,293.7200012207031,5932000
2025-05-05,294.4303283691406,298.5799865722656,301.510009765625,293.07000732421875,296.1700134277344,2455000
2025-05-06,293.9668273925781,298.1099853515625,301.25,296.0899963378906,296.2799987792969,2460500
2025-05-07,298.0000305175781,302.20001220703125,303.29998779296875,296.92999267578125,299.510009765625,1888800
2025-05-08,302.7727355957031,307.0400085449219,310.0,304.2200012207031,304.5400085449219,2076700
2025-05-09,305.56341552734375,309.8699951171875,311.70001220703125,306.7699890136719,309.67999267578125,2038700
2025-05-12,317.6136169433594,322.0899963378906,324.95001220703125,319.1499938964844,324.95001220703125,3542400
2025-05-13,326.1531982421875,330.75,333.9599914550781,322.2900085449219,323.69000244140625,3438900
2025-05-14,324.5162658691406,329.0899963378906,333.9800109863281,328.2699890136719,330.6300048828125,1886600
2025-05-15,322.2778015136719,326.82000732421875,330.82000732421875,326.2099914550781,326.75,2300500
2025-05-16,324.4965515136719,329.07000732421875,329.5,325.1199951171875,328.4200134277344,1997400
2025-05-19,324.7135009765625,329.2900085449219,329.8699951171875,322.20001220703125,323.2200012207031,1482200
2025-05-20,323.68798828125,328.25,330.05999755859375,325.5,326.5299987792969,1654500
2025-05-21,317.8501892089844,322.3299865722656,329.8999938964844,322.010009765625,324.6000061035156,1725500
2025-05-22,316.6077575683594,321.07000732421875,323.75,315.7099914550781,319.9599914550781,1677800
2025-05-23,316.597900390625,321.05999755859375,322.8900146484375,312.9100036621094,315.19000244140625,1432300
2025-05-27,323.5992431640625,328.1600036621094,328.92999267578125,323.3699951171875,324.7200012207031,1568800
2025-05-28,321.143798828125,325.6700134277344,330.0,324.9100036621094,329.1199951171875,1982700
2025-05-29,320.2957458496094,324.80999755859375,330.7900085449219,323.3399963378906,329.8999938964844,1617500
2025-05-30,315.7498779296875,320.20001220703125,323.5,316.80999755859375,322.04998779296875,3788000
2025-06-02,314.4284362792969,318.8599853515625,319.9200134277344,311.8999938964844,319.4800109863281,1929100
2025-06-03,321.31146240234375,325.8399963378906,327.6600036621094,321.0899963378906,322.9599914550781,1978900
2025-06-04,322.5341796875,327.0799865722656,329.67999267578125,325.5299987792969,327.0,1669500
2025-06-05,321.94256591796875,326.4800109863281,328.92999267578125,324.44000244140625,328.8699951171875,1600800
2025-06-06,326.8434753417969,331.45001220703125,333.5,329.7799987792969,331.20001220703125,2206400
2025-06-09,321.2818908691406,325.80999755859375,333.3599853515625,325.4599914550781,332.010009765625,1621700
2025-06-10,319.7336730957031,324.239990234375,327.5,318.760009765625,327.5,1882100
2025-06-11,321.1832580566406,325.7099914550781,327.8699951171875,320.30999755859375,323.8599853515625,1424000
2025-06-12,325.7489013671875,330.3399963378906,331.4599914550781,322.45001220703125,322.9800109863281,1777300
2025-06-13,319.16180419921875,323.6600036621094,328.4200134277344,322.30999755859375,324.489990234375,1565300
2025-06-16,333.31231689453125,338.010009765625,339.7099914550781,328.29998779296875,330.0899963378906,3393400
2025-06-17,325.91656494140625,330.510009765625,338.3500061035156,329.82000732421875,336.6300048828125,1870000
2025-06-18,330.2060546875,334.8599853515625,338.1600036621094,329.79998779296875,329.8500061035156,2969000
2025-06-20,326.6265869140625,331.2300109863281,338.0,330.7900085449219,335.6600036621094,4407100
2025-06-23,328.3226623535156,332.95001220703125,333.45001220703125,324.3800048828125,331.32000732421875,1397800
2025-06-24,338.4893798828125,343.260009765625,345.1499938964844,335.29998779296875,335.29998779296875,2977800
2025-06-25,337.5920104980469,342.3500061035156,347.42999267578125,341.7900085449219,346.3500061035156,1930200
2025-06-26,343.3015441894531,348.1400146484375,349.2300109863281,342.2099914550781,343.6700134277344,2284500
2025-06-27,348.32080078125,353.2300109863281,357.6000061035156,351.6400146484375,353.3699951171875,3704400
2025-06-30,352.02850341796875,356.989990234375,358.2900085449219,352.1600036621094,353.8399963378906,2212400
2025-07-01,350.1056213378906,355.0400085449219,357.3800048828125,350.05999755859375,355.7799987792969,2407800
2025-07-02,353.21185302734375,358.19000244140625,358.6099853515625,353.45001220703125,355.2099914550781,1787500
2025-07-03,357.1858215332031,362.2200012207031,363.4200134277344,358.3500061035156,359.1099853515625,1088100
2025-07-07,353.5076904296875,358.489990234375,363.17999267578125,354.92999267578125,362.2200012207031,1800500
2025-07-08,352.0186767578125,356.9800109863281,360.79998779296875,353.9800109863281,359.9800109863281,1739300
2025-07-09,354.7797546386719,359.7799987792969,360.3800048828125,356.07000732421875,360.2699890136719,1196600
2025-07-10,352.66949462890625,357.6400146484375,361.7200012207031,345.739990234375,360.2099914550781,2809500
2025-07-11,355.60809326171875,360.6199951171875,361.6499938964844,353.79998779296875,356.94000244140625,1698100
2025-07-14,355.28265380859375,360.2900085449219,361.1600036621094,357.1000061035156,358.7900085449219,1179600
2025-07-15,357.07733154296875,362.1099853515625,371.1400146484375,361.510009765625,369.75,2062100
2025-07-16,357.8465576171875,362.8900146484375,364.30999755859375,356.7200012207031,362.1199951171875,1756200
2025-07-17,375.4287109375,380.7200012207031,380.80999755859375,374.9599914550781,375.8699951171875,3687400
2025-07-18,373.3578796386719,378.6199951171875,384.510009765625,378.0,382.7300109863281,2941000
2025-07-21,368.46685791015625,373.6600036621094,379.8999938964844,373.57000732421875,379.70001220703125,2445000
2025-07-22,367.4708557128906,372.6499938964844,373.8599853515625,365.0,372.1000061035156,1805100
2025-07-23,374.9553527832031,380.239990234375,382.20001220703125,375.8500061035156,376.5,2355000
2025-07-24,379.5506286621094,384.8999938964844,386.1700134277344,380.239990234375,382.0,1658900
2025-07-25,386.7196350097656,392.1700134277344,393.07000732421875,387.79998779296875,388.0,2107400
2025-07-28,387.3013916015625,392.760009765625,399.55999755859375,391.5199890136719,399.55999755859375,2334500
2025-07-29,384.589599609375,390.010009765625,395.6199951171875,387.05999755859375,394.260009765625,1777100
2025-07-30,384.66851806640625,390.0899963378906,393.8500061035156,387.260009765625,392.0899963378906,2727000
2025-07-31,379.3731384277344,384.7200012207031,396.2799987792969,384.1199951171875,390.1300048828125,2900000
2025-08-01,375.99078369140625,381.2900085449219,383.0,373.04998779296875,374.510009765625,2416800
2025-08-04,379.41259765625,384.760009765625,386.5299987792969,382.6099853515625,383.7099914550781,2741900
2025-08-05,351.49609375,356.45001220703125,363.7900085449219,353.70001220703125,360.94000244140625,7068200
2025-08-06,353.1822814941406,358.1600036621094,362.6700134277344,354.3299865722656,358.6000061035156,4507500
2025-08-07,356.18878173828125,360.1600036621094,361.2900085449219,354.0,360.0,3057700
2025-08-08,358.8392028808594,362.8399963378906,364.1199951171875,359.3999938964844,362.0,2139200
2025-08-11,356.1392822265625,360.1099853515625,363.25,358.010009765625,362.3999938964844,2850000
2025-08-12,359.2940979003906,363.29998779296875,363.6099853515625,358.8399963378906,361.69000244140625,2488900
2025-08-13,353.5481872558594,357.489990234375,365.20001220703125,351.7799987792969,364.20001220703125,2751600
2025-08-14,351.1845703125,355.1000061035156,358.69000244140625,352.0299987792969,353.6300048828125,1895500
2025-08-15,347.159423828125,351.0299987792969,355.0,350.2699890136719,355.0,1899700
2025-08-18,349.6021728515625,353.5,354.04998779296875,348.7099914550781,349.8699951171875,1158500
2025-08-19,345.15179443359375,349.0,353.5,347.239990234375,352.7200012207031,1870500
2025-08-20,342.4024963378906,346.2200012207031,347.55999755859375,339.260009765625,344.0400085449219,2454300
2025-08-21,341.57171630859375,345.3800048828125,348.6099853515625,344.2900085449219,345.19000244140625,1455400
2025-08-22,343.77716064453125,347.6099853515625,353.0799865722656,345.1000061035156,346.70001220703125,1964900
2025-08-25,341.94757080078125,345.760009765625,350.1300048828125,345.7200012207031,349.30999755859375,1251400
2025-08-26,348.13848876953125,352.0199890136719,353.1300048828125,345.7099914550781,346.29998779296875,1994900
2025-08-27,347.52532958984375,351.3999938964844,353.67999267578125,350.0,350.9599914550781,1434500
2025-08-28,351.421875,355.3399963378906,357.1600036621094,352.6700134277344,353.6600036621094,1773100
2025-08-29,345.290283203125,349.1400146484375,356.5199890136719,345.2699890136719,354.95001220703125,2386100
2025-09-02,339.9596862792969,343.75,344.6000061035156,339.8900146484375,343.1300048828125,2464100
2025-09-03,339.2080383300781,342.989990234375,346.07000732421875,339.6600036621094,345.7799987792969,1521200
2025-09-04,344.38043212890625,348.2200012207031,348.2699890136719,341.6099853515625,344.2200012207031,1859300
2025-09-05,345.1814880371094,349.0299987792969,351.2799987792969,342.2699890136719,350.4700012207031,2120700
2025-09-08,345.63641357421875,349.489990234375,352.5799865722656,347.7699890136719,350.0,1632000
2025-09-09,344.39031982421875,348.2300109863281,350.2699890136719,343.6400146484375,349.94000244140625,1763300
2025-09-10,358.25567626953125,362.25,365.42999267578125,357.0,359.5899963378906,3484000
2025-09-11,356.109619140625,360.0799865722656,365.30999755859375,359.3800048828125,363.67999267578125,2253200
2025-09-12,361.865478515625,365.8999938964844,367.67999267578125,358.7799987792969,359.92999267578125,3108400
2025-09-15,371.3992004394531,375.5400085449219,378.1600036621094,369.19000244140625,370.0199890136719,3031500
2025-09-16,367.0971374511719,371.19000244140625,378.9800109863281,369.6499938964844,378.0,2251100
2025-09-17,359.3435974121094,363.3500061035156,371.4599914550781,359.2799987792969,370.5899963378906,3481400
2025-09-18,367.1762390136719,371.2699890136719,374.05999755859375,364.45001220703125,366.9800109863281,1857900
2025-09-19,370.37060546875,374.5,375.3599853515625,369.9800109863281,373.6000061035156,3483100
2025-09-22,374.13861083984375,378.30999755859375,382.9200134277344,371.9200134277344,374.0799865722656,2399300
2025-09-23,364.4565734863281,368.5199890136719,382.0,366.05999755859375,381.760009765625,2776200
2025-09-24,368.1058654785156,372.2099914550781,373.6199951171875,368.2200012207031,369.82000732421875,2290800
2025-09-25,360.7182312011719,364.739990234375,368.1600036621094,360.3399963378906,366.8599853515625,2029100
2025-09-26,361.54901123046875,365.5799865722656,366.510009765625,360.2699890136719,365.010009765625,1625400
2025-09-29,363.1016845703125,367.1499938964844,370.9800109863281,367.0199890136719,370.010009765625,1466300
2025-09-30,370.1234130859375,374.25,374.989990234375,366.45001220703125,366.45001220703125,1805800
2025-10-01,369.7178955078125,373.8399963378906,378.0299987792969,369.0899963378906,369.6600036621094,1590400
2025-10-02,372.60577392578125,376.760009765625,381.5799865722656,370.79998779296875,376.07000732421875,1777800
2025-10-03,369.3421325683594,373.4599914550781,378.0400085449219,371.6099853515625,377.79998779296875,1372100
2025-10-06,375.8297424316406,380.0199890136719,385.6700134277344,377.55999755859375,380.0,1852100
2025-10-07,366.84991455078125,370.94000244140625,384.8599853515625,367.489990234375,382.0,2321600
2025-10-08,372.54638671875,376.70001220703125,378.94000244140625,370.2200012207031,372.6300048828125,2168600
2025-10-09,373.0309753417969,377.19000244140625,381.8699951171875,373.2900085449219,381.5799865722656,1723200
2025-10-10,365.0104064941406,369.0799865722656,387.6199951171875,369.0799865722656,379.3599853515625,2164700
2025-10-13,371.23101806640625,375.3699951171875,379.19000244140625,372.8299865722656,374.7300109863281,2089900
2025-10-14,370.2223205566406,374.3500061035156,379.1499938964844,364.3599853515625,368.7300109863281,1669400
2025-10-15,377.5110778808594,381.7200012207031,385.9599914550781,375.3999938964844,379.739990234375,1589200
2025-10-16,371.44866943359375,375.5899963378906,386.6700134277344,372.1499938964844,385.8900146484375,1597300
2025-10-17,369.1838684082031,373.29998779296875,379.010009765625,370.260009765625,373.3999938964844,1732900
2025-10-20,373.5254821777344,377.69000244140625,379.0199890136719,374.6000061035156,375.6199951171875,1331400
2025-10-21,369.3421325683594,373.4599914550781,378.4599914550781,371.44000244140625,377.6400146484375,2334700
2025-10-22,356.6239013671875,360.6000061035156,379.5799865722656,353.55999755859375,378.0899963378906,4029400
2025-10-23,368.2937927246094,372.3999938964844,373.82000732421875,361.3599853515625,361.3599853515625,1601600
2025-10-24,372.1408996582031,376.2900085449219,381.30999755859375,376.1199951171875,379.1400146484375,1650200
2025-10-27,375.5528564453125,379.739990234375,381.0,376.5299987792969,381.0,1772200
2025-10-28,371.864013671875,376.010009765625,381.05999755859375,373.42999267578125,379.8599853515625,1551400
2025-10-29,383.4745788574219,387.75,390.0,376.2799987792969,376.8800048828125,2245000
2025-10-30,378.86590576171875,383.0899963378906,390.1099853515625,379.260009765625,384.489990234375,3112800
2025-10-31,377.352783203125,381.55999755859375,393.5899963378906,379.2200012207031,386.0199890136719,2407300
2025-11-03,382.30755615234375,386.57000732421875,387.3900146484375,378.25,385.1099853515625,3254500
2025-11-04,373.55511474609375,377.7200012207031,382.6300048828125,352.1000061035156,360.6300048828125,7551400
2025-11-05,382.2424621582031,385.44000244140625,394.1400146484375,376.6600036621094,377.6099853515625,3075600
2025-11-06,374.2691650390625,377.3999938964844,386.6099853515625,373.8500061035156,384.07000732421875,2235800
2025-11-07,370.66925048828125,373.7699890136719,376.07000732421875,364.20001220703125,371.04998779296875,2604600
2025-11-10,376.4211730957031,379.57000732421875,382.55999755859375,372.3999938964844,380.9200134277344,1801700
2025-11-11,364.85791015625,367.9100036621094,380.0,366.75,377.2300109863281,3103300
2025-11-12,366.33551025390625,369.3999938964844,372.0,366.3699951171875,368.010009765625,1962100
2025-11-13,351.1326904296875,354.07000732421875,368.4800109863281,352.3699951171875,367.0899963378906,2762400
2025-11-14,349.4666442871094,352.3900146484375,361.0,347.0,350.0,3385200
2025-11-17,339.9066162109375,342.75,353.489990234375,339.8399963378906,351.9599914550781,3019500
2025-11-18,335.483642578125,338.2900085449219,343.0,335.1000061035156,340.3299865722656,3158100
2025-11-19,342.7825927734375,345.6499938964844,346.2200012207031,338.67999267578125,339.9700012207031,2650800
2025-11-20,325.4674377441406,328.19000244140625,357.7799987792969,326.95001220703125,356.3800048828125,4550600
2025-11-21,328.95819091796875,331.7099914550781,332.2200012207031,320.20001220703125,329.0400085449219,4397400
2025-11-24,327.6888122558594,330.42999267578125,335.6400146484375,329.2699890136719,334.7300109863281,3672800
2025-11-25,333.8572082519531,336.6499938964844,339.07000732421875,324.7099914550781,329.989990234375,3968800
2025-11-26,338.85540771484375,341.69000244140625,344.6000061035156,337.17999267578125,338.54998779296875,2474500
2025-11-28,343.02056884765625,345.8900146484375,347.8900146484375,341.6400146484375,344.3999938964844,935100
2025-12-01,336.8918151855469,339.7099914550781,343.8900146484375,338.3999938964844,342.6499938964844,2248800
2025-12-02,330.3465881347656,333.1099853515625,343.7799987792969,332.8800048828125,343.5,3850000
2025-12-03,332.78619384765625,335.57000732421875,336.20001220703125,323.57000732421875,330.5,3079400
2025-12-04,336.1183166503906,338.92999267578125,340.8999938964844,332.5,335.4800109863281,2351500
2025-12-05,334.8588562011719,337.6600036621094,341.4200134277344,336.0,338.8900146484375,1845400
2025-12-08,340.54132080078125,343.3900146484375,345.69000244140625,336.1300048828125,337.45001220703125,3734100
2025-12-09,338.9248352050781,341.760009765625,348.6400146484375,341.54998779296875,344.0899963378906,2149700
2025-12-10,350.5178527832031,353.45001220703125,354.3699951171875,342.2099914550781,343.8699951171875,2554100
2025-12-11,347.4534912109375,350.3599853515625,351.1400146484375,341.55999755859375,350.510009765625,2405600
2025-12-12,329.2259826660156,331.9800109863281,349.9800109863281,329.3999938964844,349.1700134277344,3921900
2025-12-15,330.4457702636719,333.2099914550781,336.0400085449219,331.7200012207031,334.5,2569000
2025-12-16,327.1929626464844,329.92999267578125,334.30999755859375,326.7099914550781,333.2200012207031,2527100
2025-12-17,313.2000427246094,315.82000732421875,331.1199951171875,311.9200134277344,329.25,7694400
2025-12-18,313.3289794921875,315.95001220703125,323.0799865722656,314.0,322.0400085449219,3826600
2025-12-19,315.1636047363281,317.79998779296875,320.7099914550781,315.45001220703125,315.67999267578125,7357000
2025-12-22,317.73211669921875,320.3900146484375,322.7699890136719,318.2699890136719,322.6099853515625,2080400
2025-12-23,320.13201904296875,322.80999755859375,324.2099914550781,319.20001220703125,319.6600036621094,2196900
2025-12-24,320.9848937988281,323.6700134277344,324.07000732421875,321.1499938964844,323.4200134277344,766500
2025-12-26,319.49737548828125,322.1700134277344,323.5299987792969,321.32000732421875,323.2799987792969,1100800
2025-12-29,318.7833557128906,321.45001220703125,325.42999267578125,320.6700134277344,322.3399963378906,1948700
2025-12-30,318.1982116699219,320.8599853515625,322.2799987792969,320.04998779296875,321.4800109863281,1727000
2025-12-31,315.8677062988281,318.510009765625,322.0,318.1300048828125,322.0,1553900
2026-01-02,324.5946960449219,327.30999755859375,328.2099914550781,321.2200012207031,323.2099914550781,2559600
2026-01-05,319.58660888671875,322.260009765625,330.94000244140625,321.92999267578125,324.4100036621094,3381700
2026-01-06,330.2077331542969,332.9700012207031,333.07000732421875,315.760009765625,322.3299865722656,3246600
2026-01-07,319.99322509765625,322.6700134277344,333.2699890136719,320.57000732421875,333.0,3166100
2026-01-08,317.9205322265625,320.5799865722656,320.8599853515625,315.7799987792969,320.1099853515625,4582300
2026-01-09,321.8179626464844,324.510009765625,325.2200012207031,320.7900085449219,322.1499938964844,2690000
2026-01-12,326.369873046875,329.1000061035156,330.1700134277344,323.0899963378906,323.0899963378906,2166600
2026-01-13,329.6226501464844,332.3800048828125,334.0,329.760009765625,329.8699951171875,2524500
2026-01-14,328.3929443359375,331.1400146484375,334.4700012207031,328.2300109863281,331.07000732421875,2148000
2026-01-15,330.69366455078125,333.4599914550781,341.1400146484375,332.5400085449219,336.5199890136719,2127500
2026-01-16,340.8983154296875,343.75,349.6000061035156,340.57000732421875,343.45001220703125,3768500
2026-01-20,334.7894287109375,337.5899963378906,344.70001220703125,336.5,337.7799987792969,2869500
2026-01-21,335.1563415527344,337.9599914550781,342.5899963378906,334.44000244140625,340.010009765625,3426200
2026-01-22,331.26885986328125,334.0400085449219,343.0,331.6099853515625,342.1199951171875,2549000
2026-01-23,328.4722595214844,331.2200012207031,336.7699890136719,330.67999267578125,335.6199951171875,2235400
2026-01-26,329.5234680175781,332.2799987792969,333.6300048828125,327.5,331.2200012207031,2812600
2026-01-27,338.35955810546875,341.19000244140625,341.9599914550781,329.2300109863281,332.70001220703125,2814700
2026-01-28,344.438720703125,347.32000732421875,349.2300109863281,340.0,341.0400085449219,3072500
2026-01-29,351.43023681640625,354.3699951171875,360.6300048828125,350.3599853515625,355.17999267578125,4065400
2026-01-30,348.5046691894531,351.4200134277344,355.4100036621094,347.0299987792969,350.8599853515625,4260900
2026-02-02,356.4581604003906,359.44000244140625,361.3299865722656,350.3500061035156,351.17999267578125,3867500
2026-02-03,359.5225524902344,362.5299987792969,375.8900146484375,344.6400146484375,349.510009765625,5853300
2026-02-04,361.9720458984375,365.0,377.1199951171875,355.0,365.6000061035156,5131600
2026-02-05,351.7277526855469,354.6700134277344,362.2099914550781,353.3500061035156,360.7799987792969,3303300
2026-02-06,370.7188720703125,373.82000732421875,374.8999938964844,357.69000244140625,359.30999755859375,3105600
2026-02-09,373.9319763183594,377.05999755859375,380.5199890136719,370.760009765625,373.0,2809400
2026-02-10,374.3385925292969,377.4700012207031,382.20001220703125,375.5299987792969,378.95001220703125,1795300
2026-02-11,392.80413818359375,396.0899963378906,401.0,390.6000061035156,394.0,3826600
2026-02-12,387.0918884277344,390.3299865722656,408.45001220703125,388.510009765625,400.0,4603600
2026-02-13,386.0208740234375,389.25,394.5,385.25,392.2099914550781,2253500
2026-02-17,388.2422790527344,391.489990234375,393.2300109863281,384.3599853515625,386.7799987792969,2094500
2026-02-18,377.2244567871094,380.3800048828125,397.0,379.0199890136719,393.8900146484375,2740000
2026-02-19,374.1898498535156,377.32000732421875,382.8999938964844,375.739990234375,379.0,2277400
2026-02-20,370.2825012207031,373.3800048828125,378.5,370.0199890136719,375.1700134277344,2600300
2026-02-23,359.0465087890625,362.04998779296875,368.5799865722656,359.8399963378906,367.1199951171875,2920800
2026-02-24,371.45269775390625,374.55999755859375,377.75,363.1700134277344,364.0,2387200
2026-02-25,370.4312744140625,373.5299987792969,377.05999755859375,368.8500061035156,374.17999267578125,2300100
2026-02-26,371.48248291015625,374.5899963378906,374.7200012207031,360.260009765625,373.1499938964844,2231100
2026-02-27,372.80145263671875,375.9200134277344,376.4599914550781,365.29998779296875,366.7799987792969,2169000
2026-03-02,374.2691650390625,377.3999938964844,378.07000732421875,367.6199951171875,369.8399963378906,1828400
2026-03-03,352.6103820800781,355.55999755859375,365.8299865722656,350.75,362.80999755859375,2864200
2026-03-04,351.51947021484375,354.4599914550781,360.989990234375,351.30999755859375,357.9200134277344,1793000
2026-03-05,351.84674072265625,354.7900085449219,356.29998779296875,345.7699890136719,351.2799987792969,3219700
2026-03-06,344.8651428222656,347.75,353.8500061035156,340.6600036621094,346.29998779296875,3795100
2026-03-09,350.934326171875,353.8699951171875,355.55999755859375,338.25,343.32000732421875,3409100
2026-03-10,359.1812438964844,361.05999755859375,368.2900085449219,351.5799865722656,353.6700134277344,3646400
2026-03-11,353.93865966796875,355.7900085449219,362.9700012207031,355.3999938964844,361.010009765625,2807300
2026-03-12,346.82586669921875,348.6400146484375,355.1300048828125,345.44000244140625,352.1700134277344,2429200
2026-03-13,353.5506591796875,355.3999938964844,360.989990234375,346.0,351.20001220703125,3581800
2026-03-16,359.1613464355469,361.0400085449219,368.0,359.3599853515625,360.9700012207031,3493900
2026-03-17,362.05621337890625,363.95001220703125,366.6300048828125,355.260009765625,365.7300109863281,1942300
2026-03-18,358.6639404296875,360.5400085449219,370.3800048828125,359.8399963378906,365.0,2240200
2026-03-19,358.3555603027344,360.2300109863281,362.989990234375,348.8500061035156,353.8800048828125,2144800
2026-03-20,354.9433898925781,356.79998779296875,367.04998779296875,353.6499938964844,361.489990234375,4219100
2026-03-23,357.86810302734375,359.739990234375,370.9700012207031,359.55999755859375,362.69000244140625,2618100
2026-03-24,372.15338134765625,374.1000061035156,375.92999267578125,356.6400146484375,359.67999267578125,2666100
2026-03-25,373.0487060546875,375.0,380.45001220703125,372.7699890136719,378.4700012207031,2527400
2026-03-26,355.2418518066406,357.1000061035156,373.3800048828125,356.6700134277344,370.75,2036900
2026-03-27,355.50048828125,357.3599853515625,363.32000732421875,355.5400085449219,356.5799865722656,2152100
2026-03-30,341.7424621582031,343.5299987792969,363.9200134277344,342.0,359.8900146484375,3239200
2026-03-31,355.80889892578125,357.6700134277344,359.2799987792969,346.1000061035156,347.2900085449219,2175100
2026-04-01,363.6578063964844,365.55999755859375,368.42999267578125,361.739990234375,362.05999755859375,1980500
2026-04-02,359.2210388183594,361.1000061035156,365.989990234375,351.6400146484375,354.32000732421875,1424600
2026-04-06,361.9965515136719,363.8900146484375,364.2099914550781,357.07000732421875,361.0,1360900
2026-04-07,366.93072509765625,368.8500061035156,369.1099853515625,359.7099914550781,363.0,2185300
2026-04-08,383.5736389160156,385.5799865722656,390.9700012207031,381.1700134277344,388.5,2255100
2026-04-09,398.3563232421875,400.44000244140625,401.1099853515625,385.7099914550781,386.0,2134100
2026-04-10,400.90301513671875,403.0,407.010009765625,401.1000061035156,404.2200012207031,2218700
2026-04-13,401.2611083984375,403.3599853515625,404.75,395.17999267578125,403.8500061035156,1818700
2026-04-14,399.8087463378906,401.8999938964844,407.8299865722656,397.489990234375,402.760009765625,1825900
2026-04-15,393.00433349609375,395.05999755859375,401.3399963378906,389.3999938964844,400.44000244140625,2266900
2026-04-16,390.68646240234375,392.7300109863281,395.9599914550781,387.6600036621094,394.010009765625,1815700
2026-04-17,404.0962829589844,406.2099914550781,410.9100036621094,394.2799987792969,395.260009765625,2624700
2026-04-20,405.4492492675781,407.57000732421875,409.6600036621094,403.9200134277344,407.0,2416200
2026-04-21,407.5681457519531,409.70001220703125,418.3800048828125,409.1300048828125,410.6199951171875,2022300
2026-04-22,411.7164306640625,413.8699951171875,419.4700012207031,411.8900146484375,417.30999755859375,2683000
2026-04-23,422.2911376953125,424.5,429.30999755859375,416.260009765625,417.2300109863281,2912100
2026-04-24,421.71417236328125,423.9200134277344,432.3399963378906,422.0299987792969,430.04998779296875,2490300
2026-04-27,414.6013488769531,416.7699890136719,426.3800048828125,414.20001220703125,425.3999938964844,2463900
2026-04-28,410.92059326171875,413.07000732421875,416.4100036621094,401.6499938964844,408.0,2483900
2026-04-29,408.632568359375,410.7699890136719,418.6300048828125,407.3599853515625,416.8599853515625,1932500
2026-04-30,430.7568664550781,433.010009765625,434.29998779296875,417.6499938964844,417.6600036621094,3251000
2026-05-01,423.3356628417969,425.54998779296875,435.42999267578125,422.8399963378906,435.0,2478400
2026-05-04,420.2418518066406,422.44000244140625,434.75,421.92999267578125,426.2300109863281,3298500
2026-05-05,408.7220764160156,410.8599853515625,415.92999267578125,388.260009765625,397.7699890136719,6876500
2026-05-06,419.19732666015625,421.3900146484375,423.9700012207031,409.0199890136719,423.9700012207031,3289700
2026-05-07,397.0730285644531,399.1499938964844,419.8999938964844,396.2099914550781,419.0,3590000
2026-05-08,400.5245666503906,401.510009765625,406.8500061035156,399.0,400.55999755859375,2386900
2026-05-11,417.97161865234375,419.0,420.8800048828125,396.44000244140625,402.0400085449219,3724700
2026-05-12,400.54449462890625,401.5299987792969,415.9800109863281,396.19000244140625,415.4800109863281,2953100
2026-05-13,405.94122314453125,406.94000244140625,409.6000061035156,400.55999755859375,406.1700134277344,2316800
2026-05-14,407.098388671875,408.1000061035156,409.989990234375,403.0799865722656,409.989990234375,2011900
2026-05-15,398.45965576171875,399.44000244140625,402.1199951171875,395.3500061035156,399.32000732421875,3253300
2026-05-18,380.9327697753906,381.8699951171875,398.2099914550781,375.55999755859375,398.2099914550781,2862900
2026-05-19,370.96728515625,371.8800048828125,377.1700134277344,367.6400146484375,372.4100036621094,2951900
2026-05-20,378.75811767578125,379.69000244140625,382.4599914550781,371.4599914550781,373.7699890136719,2684600
2026-05-21,380.57366943359375,381.510009765625,384.95001220703125,377.20001220703125,380.0,1933700
2026-05-22,390.3894958496094,391.3500061035156,395.2099914550781,380.55999755859375,385.3500061035156,2353500
2026-05-26,402.1405944824219,403.1300048828125,409.6499938964844,398.0,400.07000732421875,2855200
2026-05-27,405.37261962890625,406.3699951171875,406.8299865722656,395.29998779296875,402.7200012207031,2846000
2026-05-28,400.9534912109375,401.94000244140625,406.4800109863281,389.0,403.20001220703125,2318400
2026-05-29,399.6167907714844,400.6000061035156,404.2799987792969,397.5,402.3900146484375,3321300
2026-06-01,399.0980529785156,400.0799865722656,404.2300109863281,393.6000061035156,396.0799865722656,2339300
2026-06-02,416.5950012207031,417.6199951171875,419.67999267578125,404.75,405.6099853515625,2074500
2026-06-03,420.17620849609375,421.2099914550781,426.5899963378906,414.6600036621094,420.0,2181800
2026-06-04,417.58258056640625,418.6099853515625,421.57000732421875,408.760009765625,416.739990234375,1859800
2026-06-05,394.9682312011719,395.94000244140625,410.6099853515625,393.1700134277344,408.54998779296875,2538000
2026-06-08,402.15057373046875,403.1400146484375,406.510009765625,398.1000061035156,400.1300048828125,2100500
2026-06-09,400.7340393066406,401.7200012207031,413.25,386.6199951171875,407.0,2335800
2026-06-10,374.5384826660156,375.4599914550781,399.8299865722656,375.0400085449219,395.54998779296875,3555500
2026-06-11,392.67388916015625,393.6400146484375,396.17999267578125,378.05999755859375,382.0,2639800
2026-06-12,390.4294128417969,391.3900146484375,399.1300048828125,388.3399963378906,396.54998779296875,2175100
2026-06-15,406.0609436035156,407.05999755859375,412.0400085449219,402.95001220703125,403.0799865722656,2336700
2026-06-16,406.7093200683594,407.7099914550781,415.6199951171875,407.2300109863281,409.2799987792969,1788700
2026-06-17,408.6346130371094,409.6400146484375,419.1700134277344,408.0,414.1400146484375,2242500
2026-06-18,420.7348327636719,421.7699890136719,425.9200134277344,414.7300109863281,420.8399963378906,3715600
2026-06-22,434.71044921875,435.7799987792969,436.739990234375,422.6099853515625,426.9800109863281,2571500
2026-06-23,404.2853088378906,405.2799987792969,421.54998779296875,405.2799987792969,421.54998779296875,2459000
2026-06-24,403.59698486328125,404.5899963378906,412.7300109863281,400.510009765625,405.010009765625,2397000
2026-06-25,418.8394775390625,419.8699951171875,426.0,413.9700012207031,414.9100036621094,1896100
2026-06-26,401.6916809082031,402.67999267578125,413.1400146484375,398.1199951171875,410.54998779296875,5273200
2026-06-29,407.25799560546875,408.260009765625,411.739990234375,401.3299865722656,404.05999755859375,2201100
2026-06-30,425.07415771484375,426.1199951171875,427.92999267578125,409.92999267578125,411.0,2537600
2026-07-01,411.29803466796875,412.30999755859375,423.45001220703125,404.739990234375,419.989990234375,2379600
2026-07-02,397.5418701171875,398.5199890136719,414.739990234375,392.29998779296875,408.7699890136719,2601600
2026-07-06,412.40533447265625,413.4200134277344,420.25,404.3999938964844,405.5899963378906,1764800
2026-07-07,394.7088623046875,395.67999267578125,406.0,388.1000061035156,404.04998779296875,2330000
2026-07-08,398.579345703125,399.55999755859375,401.6099853515625,390.70001220703125,391.6199951171875,1754200
2026-07-09,404.8339538574219,405.8299865722656,414.8599853515625,403.6499938964844,411.54998779296875,1706200
2026-07-10,406.2803955078125,407.2799987792969,411.6700134277344,401.8399963378906,403.0199890136719,1404000
2026-07-13,401.86126708984375,402.8500061035156,407.2300109863281,397.1000061035156,403.1099853515625,1682900
2026-07-14,414.5001525878906,415.5199890136719,417.0,407.5,411.3999938964844,1918200
2026-07-15,411.8466796875,412.8599853515625,419.0,401.4599914550781,419.0,1946000
2026-07-16,395.2973937988281,396.2699890136719,406.6199951171875,390.8699951171875,401.7900085449219,3239100
2026-07-17,399.0082702636719,399.989990234375,404.7099914550781,382.0,385.4599914550781,2650000
2026-07-20,400.4248046875,401.4100036621094,413.4599914550781,399.2699890136719,408.2099914550781,1650900
2026-07-21,401.9610290527344,402.95001220703125,412.2099914550781,401.8999938964844,410.3800048828125,1883600
2026-07-22,405.91131591796875,406.9100036621094,412.4800109863281,397.8599853515625,398.04998779296875,1770900
2026-07-23,414.11114501953125,415.1300048828125,417.42999267578125,402.69000244140625,402.69000244140625,1828100
2026-07-24,403.0782775878906,404.07000732421875,414.9200134277344,400.8699951171875,409.8299865722656,1564100
2026-07-27,397.66162109375,398.6400146484375,407.6600036621094,387.5,404.0,2138900
2026-07-28,385.3119812011719,386.260009765625,388.57000732421875,375.75,383.2699890136719,2963500
2026-07-29,360.9918212890625,361.8800048828125,386.5199890136719,358.1300048828125,382.20001220703125,4513900
2026-07-30,385.9404602050781,386.8900146484375,389.3900146484375,378.5799865722656,381.5,3897300
2026-07-31,414.18096923828125,415.20001220703125,420.0,394.4100036621094,420.0,4550700
2026-08-03,437.1544494628906,438.2300109863281,438.760009765625,410.1499938964844,413.94000244140625,3635400
2026-08-04,443.6783752441406,444.7699890136719,451.9599914550781,434.29998779296875,451.2900085449219,3028300
2026-08-05,446.1822204589844,447.2799987792969,453.5,443.6700134277344,445.20001220703125,2178300
2026-08-06,447.0899963378906,448.19000244140625,457.7799987792969,442.0,444.95001220703125,1753600
2026-08-07,448.67999267578125,448.67999267578125,455.82000732421875,444.54998779296875,451.7699890136719,1721700
2026-08-10,444.9599914550781,444.9599914550781,453.92999267578125,444.07000732421875,453.8999938964844,1394600
2026-08-11,459.2900085449219,459.2900085449219,463.75,446.5,446.9700012207031,1840300
2026-08-12,459.9599914550781,459.9599914550781,478.0,459.0299987792969,476.0199890136719,1663000
2026-08-13,453.3299865722656,453.3299865722656,459.3800048828125,452.5,459.30999755859375,1565100
2026-08-14,451.510009765625,451.510009765625,456.6700134277344,449.010009765625,453.760009765625,1401000
2026-08-17,455.3999938964844,455.3999938964844,458.9599914550781,449.0,458.9599914550781,1605300
2026-08-18,431.3299865722656,431.3299865722656,444.8900146484375,428.8999938964844,444.19000244140625,2120700
2026-08-19,424.6700134277344,424.6700134277344,436.95001220703125,417.2200012207031,435.1199951171875,1748600
2026-08-20,415.2900085449219,415.2900085449219,425.4200134277344,415.1499938964844,422.04998779296875,1684300
2026-08-21,419.20001220703125,419.20001220703125,423.510009765625,416.2099914550781,419.5,1749400
2026-08-24,408.6700134277344,408.6700134277344,417.989990234375,406.95001220703125,415.2300109863281,1573400
2026-08-25,409.20001220703125,409.20001220703125,419.989990234375,407.4700012207031,418.3299865722656,1521400
2026-08-26,419.44000244140625,419.44000244140625,420.92999267578125,409.7799987792969,411.9700012207031,1792900
2026-08-27,416.0400085449219,416.0400085449219,427.9599914550781,415.2099914550781,427.6199951171875,1621800
2026-08-28,402.7799987792969,402.7799987792969,419.0299987792969,402.30999755859375,417.5,1822900
2026-08-31,401.8800048828125,401.8800048828125,406.9800109863281,399.75,403.0,2165900
2026-09-01,390.7099914550781,390.7099914550781,401.0,387.0,397.989990234375,2022300
2026-09-02,390.8500061035156,390.8500061035156,394.8900146484375,386.0,391.2799987792969,1631100
2026-09-03,397.1199951171875,397.1199951171875,397.8699951171875,384.7699890136719,390.0299987792969,1476800
2026-09-04,410.8500061035156,410.8500061035156,411.239990234375,400.04998779296875,400.8999938964844,1889700
2026-09-08,422.1300048828125,422.1300048828125,430.25,419.5,423.67999267578125,2035200
2026-09-09,415.2200012207031,415.2200012207031,424.2300109863281,415.1600036621094,420.04998779296875,1775100
2026-09-10,412.3349914550781,412.3349914550781,414.3699951171875,405.7550048828125,410.0,478068
