Price,Adj Close,Close,High,Low,Open,Volume
Ticker,FDX,FDX,FDX,FDX,FDX,FDX
Date,,,,,,
2021-09-10,188.53636169433594,207.53424072265625,211.29734802246094,207.28445434570312,210.7493896484375,2131418
2021-09-13,191.69146728515625,211.0072479248047,211.03948974609375,207.69540405273438,209.07333374023438,2293368
2021-09-14,186.81607055664062,205.64060974121094,211.8936309814453,205.2457733154297,211.28927612304688,3206124
2021-09-15,187.8336639404297,206.76068115234375,209.22642517089844,205.38275146484375,206.53504943847656,2836802
2021-09-16,189.14395141601562,208.20306396484375,209.0330352783203,206.31748962402344,207.8726806640625,2124468
2021-09-17,186.83070373535156,205.65672302246094,207.66317749023438,204.7461700439453,205.80177307128906,3825258
2021-09-20,183.59507751464844,202.09507751464844,204.65753173828125,199.9677734375,203.1506805419922,4311855
2021-09-21,184.5248260498047,203.1184539794922,204.5769500732422,200.4673614501953,203.8678436279297,5561045
2021-09-22,167.69525146484375,184.5930633544922,189.34730529785156,184.5124969482422,188.70265197753906,22080368
2021-09-23,167.578125,184.46414184570312,186.37388610839844,183.78726196289062,184.5850067138672,8802041
2021-09-24,165.9090576171875,182.6269073486328,184.5286102294922,182.5946807861328,183.72280883789062,6171989
2021-09-27,165.8139190673828,182.52215576171875,184.7300567626953,181.8533477783203,182.1112060546875,5380356
2021-09-28,162.80526733398438,179.21031188964844,183.76309204101562,178.69459533691406,181.96615600585938,5854666
2021-09-29,161.84625244140625,178.1547088623047,180.6929931640625,177.92103576660156,179.6938018798828,4637865
2021-09-30,160.52862548828125,176.7042694091797,179.83078002929688,176.49476623535156,178.5576171875,4788523
2021-10-01,162.90040588378906,179.3150634765625,180.58016967773438,175.80982971191406,177.28445434570312,5005077
2021-10-04,159.48912048339844,175.56002807617188,180.49960327148438,175.06849670410156,178.2755889892578,4869808
2021-10-05,164.17416381835938,180.7171630859375,182.48187255859375,174.3271484375,175.2618865966797,6610683
2021-10-06,164.12290954589844,180.66075134277344,181.25704956054688,177.139404296875,178.95245361328125,4533249
2021-10-07,163.20785522460938,179.65350341796875,183.44883728027344,179.2747802734375,182.91700744628906,4907038
2021-10-08,163.56658935546875,180.04835510253906,180.4512481689453,178.42062377929688,179.21031188964844,2934965
2021-10-11,160.91659545898438,177.13134765625,180.9669647216797,176.76068115234375,180.52377319335938,3579913
2021-10-12,162.01466369628906,178.3400421142578,178.95245361328125,177.01853942871094,177.13134765625,3154002
2021-10-13,163.77883911132812,180.2820281982422,181.6519012451172,176.8815460205078,178.90411376953125,5702767
2021-10-14,166.50204467773438,183.2796173095703,184.18211364746094,181.92587280273438,182.4335174560547,3526177
2021-10-15,167.72454833984375,184.62530517578125,184.93150329589844,183.18292236328125,184.0048370361328,5184774
2021-10-18,166.88999938964844,183.70669555664062,185.13294982910156,182.65914916992188,183.73892211914062,3321909
2021-10-19,167.87094116210938,184.78646850585938,185.64866638183594,183.46495056152344,184.64947509765625,2591332
2021-10-20,169.3203582763672,186.38194274902344,186.9137725830078,184.65753173828125,185.60032653808594,3123473
2021-10-21,170.44769287109375,187.6228790283203,188.04190063476562,185.84205627441406,186.38194274902344,4757249
2021-10-22,170.55020141601562,187.73570251464844,189.12167358398438,187.23609924316406,187.64706420898438,3198553
2021-10-25,172.3217315673828,189.68572998046875,190.39483642578125,187.34890747070312,188.02578735351562,3159338
2021-10-26,174.10060119628906,191.64382934570312,194.43191528320312,190.89443969726562,192.5785675048828,3804161
2021-10-27,172.2412109375,189.5970916748047,193.39242553710938,189.42788696289062,192.1837158203125,3322157
2021-10-28,172.73167419433594,190.13699340820312,190.2820281982422,187.8726806640625,189.81466674804688,2132907
2021-10-29,172.41690063476562,189.79049682617188,192.07896423339844,188.19500732421875,188.49314880371094,2481876
2021-11-01,172.49745178222656,189.87913513183594,191.30540466308594,189.11361694335938,191.2006378173828,1776740
2021-11-02,172.59259033203125,189.98388671875,191.28121948242188,189.36341857910156,190.54794311523438,1848345
2021-11-03,175.7037353515625,193.40853881835938,193.77920532226562,189.0572052001953,189.7018585205078,2518734
2021-11-04,179.35659790039062,197.4294891357422,197.8646240234375,193.93231201171875,194.79452514648438,3585994
2021-11-05,177.7168731689453,195.62449645996094,198.8557586669922,194.5527801513672,198.67848205566406,2462889
2021-11-08,181.9334259033203,200.2659149169922,201.1603546142578,197.115234375,197.27638244628906,3241740
2021-11-09,182.6288299560547,201.03143310546875,201.8452911376953,198.3078155517578,201.450439453125,2273636
2021-11-10,181.92608642578125,200.2578582763672,202.01451110839844,198.70265197753906,199.60516357421875,2308136
2021-11-11,183.73419189453125,202.24818420410156,204.0290069580078,200.4270782470703,200.9830780029297,2544546
2021-11-12,185.8497772216797,204.5769500732422,205.38275146484375,202.22401428222656,203.01370239257812,2625336
2021-11-15,184.6931610107422,203.3037872314453,205.680908203125,201.6519012451172,205.07655334472656,2473561
2021-11-16,185.33738708496094,204.0128936767578,205.72119140625,202.80418395996094,203.06204223632812,1996645
2021-11-17,181.069580078125,199.3150634765625,204.12570190429688,199.17002868652344,203.5535888671875,2612181
2021-11-18,179.14437866210938,197.19581604003906,200.62852478027344,194.39161682128906,199.79049682617188,2898604
2021-11-19,177.65829467773438,195.56002807617188,198.38839721679688,195.4391632080078,197.4053192138672,2519106
2021-11-22,181.53810119628906,199.83078002929688,202.33682250976562,195.0362548828125,195.56002807617188,2712454
2021-11-23,180.39610290527344,198.57373046875,199.5970916748047,196.92184448242188,199.0330352783203,1765447
2021-11-24,178.30245971679688,196.26913452148438,198.94439697265625,196.26107788085938,197.4214324951172,2042686
2021-11-26,174.33485412597656,191.9016876220703,192.91700744628906,189.77438354492188,191.22482299804688,2203768
2021-11-29,176.1063690185547,193.8517303466797,194.67364501953125,191.03948974609375,193.39242553710938,2103867
2021-11-30,168.6395721435547,185.63255310058594,192.5946807861328,185.2618865966797,191.94198608398438,4177206
2021-12-01,166.74363708496094,183.5455322265625,191.93392944335938,183.40853881835938,189.36341857910156,2900589
2021-12-02,172.24853515625,189.60516357421875,191.1603546142578,183.23931884765625,183.5535888671875,2659587
2021-12-03,176.30401611328125,194.06930541992188,194.48831176757812,190.4754180908203,190.6768798828125,3025930
2021-12-06,179.3859100341797,197.46173095703125,199.0169219970703,195.18130493164062,195.80982971191406,2270410
2021-12-07,180.85731506347656,199.08139038085938,200.63658142089844,198.38839721679688,199.13778686523438,2103247
2021-12-08,179.1663055419922,197.21998596191406,199.47622680664062,196.4383544921875,199.47622680664062,1607716
2021-12-09,179.5323028564453,197.6228790283203,199.33119201660156,195.89041137695312,196.21273803710938,1587239
2021-12-10,180.83932495117188,198.45286560058594,200.08058166503906,197.01853942871094,198.05801391601562,1582647
2021-12-13,176.88885498046875,194.11764526367188,197.80821228027344,193.79531860351562,197.19581604003906,2098283
2021-12-14,176.25738525390625,193.42465209960938,197.32473754882812,192.876708984375,193.39242553710938,2094560
2021-12-15,176.80075073242188,194.0209503173828,195.19741821289062,192.5946807861328,193.42465209960938,2109452
2021-12-16,175.14129638671875,192.19984436035156,197.21998596191406,192.1192626953125,195.4633331298828,5542182
2021-12-17,183.80581665039062,201.7082977294922,209.91136169433594,199.88719177246094,204.46414184570312,12555569
2021-12-20,180.3033447265625,197.8646240234375,203.77114868164062,197.78404235839844,201.6921844482422,3424043
2021-12-21,185.00274658203125,203.02175903320312,203.67445373535156,199.6938018798828,200.06446838378906,3137372
2021-12-22,183.54147338867188,201.418212890625,203.65834045410156,200.88638305664062,203.3440704345703,2884456
2021-12-23,186.3758087158203,204.5286102294922,206.4705810546875,201.97421264648438,202.1514892578125,2605231
2021-12-27,188.16014099121094,206.48670959472656,207.25221252441406,204.9556884765625,205.4713897705078,1834943
2021-12-28,188.2996368408203,206.63980102539062,208.18695068359375,205.86624145507812,206.30137634277344,1665918
2021-12-29,189.07066345214844,207.48590087890625,208.3078155517578,206.47865295410156,206.6720428466797,1821043
2021-12-30,189.85630798339844,208.3480987548828,209.67767333984375,207.49395751953125,207.80821228027344,2215557
2021-12-31,189.9150848388672,208.41256713867188,209.7018585205078,207.03465270996094,207.5503692626953,1578924
2022-01-03,189.84901428222656,208.3400421142578,210.87026977539062,207.05882263183594,209.34730529785156,2174728
2022-01-04,194.51904296875,213.46495056152344,214.294921875,208.95245361328125,209.22642517089844,3209971
2022-01-05,192.4777374267578,211.22482299804688,214.9798583984375,211.0072479248047,213.5374755859375,3025062
2022-01-06,193.25607299804688,212.07896423339844,213.5455322265625,209.61322021484375,211.11199951171875,2305530
2022-01-07,193.843505859375,212.72361755371094,214.83480834960938,211.1522979736328,211.6760711669922,2042686
2022-01-10,188.38040161132812,206.7284393310547,211.61965942382812,203.47300720214844,211.61965942382812,5651266
2022-01-11,187.6387939453125,205.91458129882812,207.4053192138672,203.17486572265625,206.7284393310547,2504710
2022-01-12,188.13076782226562,206.4544677734375,208.71072387695312,205.3021697998047,206.34971618652344,1754154
2022-01-13,189.2028045654297,207.6309356689453,209.5970916748047,206.52699279785156,207.26026916503906,2058199
2022-01-14,188.1381072998047,206.4625244140625,206.81707763671875,204.07736206054688,205.14907836914062,1729458
2022-01-18,186.01602172851562,204.13375854492188,204.86705017089844,201.6519012451172,203.5938720703125,2381107
2022-01-19,185.178955078125,203.21514892578125,206.1321563720703,203.20709228515625,204.13375854492188,1616775
2022-01-20,184.11422729492188,202.04673767089844,206.28524780273438,201.96615600585938,204.44802856445312,2074456
2022-01-21,179.83334350585938,197.34890747070312,201.4423828125,196.56729125976562,201.1522979736328,3801928
2022-01-24,180.4281768798828,198.00161743164062,198.18695068359375,190.85415649414062,193.03787231445312,3786912
2022-01-25,179.1945343017578,196.64785766601562,198.8235321044922,192.5946807861328,194.79452514648438,2521960
2022-01-26,178.54837036132812,195.9387664794922,200.040283203125,194.37550354003906,198.07412719726562,2495403
2022-01-27,177.64517211914062,194.94761657714844,199.5487518310547,193.1345672607422,197.6228790283203,2315334
2022-01-28,179.73789978027344,197.24415588378906,197.34890747070312,192.69137573242188,194.31103515625,2838912
2022-01-31,180.5309295654297,198.1144256591797,198.35617065429688,194.19822692871094,196.63980102539062,4214312
2022-02-01,185.03944396972656,203.06204223632812,206.6800994873047,202.49798583984375,205.3021697998047,5707111
2022-02-02,184.90728759765625,202.91700744628906,204.270751953125,200.52377319335938,204.22239685058594,2167903
2022-02-03,181.60299682617188,199.2908935546875,202.5624542236328,199.08139038085938,201.35374450683594,2237895
2022-02-04,179.24595642089844,196.7042694091797,199.08944702148438,195.0362548828125,198.42062377929688,2658222
2022-02-07,178.96688842773438,196.3980712890625,197.8565673828125,195.50363159179688,197.34085083007812,2013647
2022-02-08,179.0623779296875,196.50282287597656,198.48509216308594,195.80982971191406,197.21192932128906,2461027
2022-02-09,179.3413543701172,196.80902099609375,200.32232666015625,196.30137634277344,198.05801391601562,2145937
2022-02-10,176.52908325195312,193.72280883789062,196.4705810546875,193.02175903320312,195.3102264404297,3243974
2022-02-11,170.50796508789062,187.115234375,193.79531860351562,186.32554626464844,193.43270874023438,5809121
2022-02-14,167.75442504882812,184.09347534179688,187.123291015625,182.892822265625,186.4061279296875,3115282
2022-02-15,169.17889404296875,185.65672302246094,188.69459533691406,185.34246826171875,186.7203826904297,3247697
2022-02-16,168.15826416015625,184.5366668701172,185.64866638183594,180.83802795410156,184.5286102294922,3032508
2022-02-17,164.7511749267578,180.79774475097656,183.6099853515625,180.58016967773438,183.2635040283203,1757132
2022-02-18,163.1798095703125,179.07333374023438,181.36180114746094,177.92909240722656,180.20144653320312,2058199
2022-02-22,159.91961669921875,175.49557495117188,178.60595703125,174.319091796875,177.3972625732422,3129057
2022-02-23,157.75344848632812,173.1184539794922,177.30862426757812,173.04592895507812,176.21273803710938,2796345
2022-02-24,158.54649353027344,173.9887237548828,174.5124969482422,166.24496459960938,167.6067657470703,3725978
2022-02-25,162.07101440429688,177.8565673828125,179.40370178222656,174.18211364746094,174.48831176757812,2437200
2022-02-28,163.20916748046875,179.10556030273438,179.40370178222656,173.8195037841797,175.0040283203125,3074826
2022-03-01,157.8048553466797,173.17486572265625,178.8477020263672,171.34568786621094,178.1144256591797,2583514
2022-03-02,160.9916534423828,176.6720428466797,179.35536193847656,172.68331909179688,174.40773010253906,2817815
2022-03-03,162.5042724609375,178.3319854736328,181.26510620117188,177.4375457763672,179.39564514160156,3062416
2022-03-04,158.06884765625,172.876708984375,176.4705810546875,171.07171630859375,175.66477966308594,3049509
2022-03-07,148.1591796875,162.03868103027344,171.93392944335938,161.6760711669922,170.82997131347656,4307635
2022-03-08,150.29583740234375,164.37550354003906,168.71072387695312,160.37872314453125,163.23931884765625,3633896
2022-03-09,159.675048828125,174.63336181640625,175.9951629638672,168.41256713867188,168.41256713867188,3961768
2022-03-10,161.56118774414062,176.6962127685547,177.05076599121094,171.11199951171875,171.474609375,3146307
2022-03-11,157.0668182373047,171.78082275390625,177.6067657470703,171.418212890625,177.27638244628906,2911758
2022-03-14,155.55641174316406,170.12892150878906,173.18292236328125,168.25946044921875,171.24093627929688,2706249
2022-03-15,159.31399536132812,174.23851013183594,175.32635498046875,170.77357482910156,173.07815551757812,2306274
2022-03-16,166.4607696533203,182.05479431152344,182.1273193359375,176.26913452148438,176.4061279296875,3832208
2022-03-17,167.97116088867188,183.70669555664062,184.86705017089844,177.5906524658203,178.67042541503906,7075437
2022-03-18,161.2886199951172,176.3980712890625,177.4294891357422,171.57937622070312,177.27638244628906,11502084
2022-03-21,163.68312072753906,179.0169219970703,179.85494995117188,175.2377166748047,175.4391632080078,4262090
2022-03-22,166.93231201171875,182.5705108642578,184.286865234375,179.2828369140625,179.7663116455078,3260976
2022-03-23,163.17474365234375,178.46092224121094,182.1676025390625,178.1305389404297,181.09588623046875,2151398
2022-03-24,165.86398315429688,181.402099609375,181.6680145263672,177.76792907714844,179.43594360351562,2490191
2022-03-25,166.9249267578125,182.5624542236328,182.95729064941406,180.4673614501953,182.1031494140625,1803049
2022-03-28,169.49627685546875,185.37469482421875,185.4633331298828,181.80499267578125,182.78807067871094,2144572
2022-03-29,175.773681640625,192.24012756347656,194.65753173828125,190.20950317382812,190.77357482910156,5033248
2022-03-30,173.32760620117188,189.5648651123047,191.93392944335938,188.67848205566406,191.1764678955078,2620123
2022-03-31,170.4835968017578,186.4544677734375,190.0322265625,186.36582946777344,188.00967407226562,2207243
2022-04-01,163.01263427734375,178.2836456298828,186.6881561279297,178.0821990966797,186.4544677734375,4263704
2022-04-04,160.61073303222656,175.65672302246094,177.96937561035156,174.64947509765625,175.9790496826172,4318432
2022-04-05,155.48277282714844,170.04835510253906,176.34165954589844,169.7582550048828,173.51329040527344,3877008
2022-04-06,150.3031768798828,164.38356018066406,168.8154754638672,164.0209503173828,168.8154754638672,4334565
2022-04-07,150.13372802734375,164.19822692871094,165.22158813476562,160.52377319335938,164.15794372558594,4000115
2022-04-08,148.47596740722656,162.3851776123047,164.12570190429688,160.82997131347656,162.844482421875,2880609
2022-04-11,150.3916015625,164.48025512695312,167.32473754882812,160.84608459472656,160.84608459472656,2582521
2022-04-12,150.5831756591797,164.6897735595703,166.93795776367188,163.03787231445312,164.48831176757812,2521464
2022-04-13,152.00515747070312,166.24496459960938,167.24415588378906,163.65028381347656,164.7058868408203,1694586
2022-04-14,151.58517456054688,165.78565979003906,168.00967407226562,165.14907836914062,166.8412628173828,2385574
2022-04-18,149.7579803466797,163.78726196289062,166.78485107421875,162.74778747558594,165.60838317871094,1874034
2022-04-19,153.8470916748047,168.25946044921875,169.2908935546875,164.60113525390625,164.82675170898438,2185897
2022-04-20,154.1270751953125,168.565673828125,172.49798583984375,168.47703552246094,169.65350341796875,2264701
2022-04-21,152.41038513183594,166.6881561279297,169.82272338867188,165.59226989746094,169.20225524902344,2605480
2022-04-22,151.19471740722656,165.35858154296875,167.53424072265625,164.5930633544922,165.68896484375,2624467
2022-04-25,151.33465576171875,165.51168823242188,165.83399963378906,159.3070068359375,164.42385864257812,2683787
2022-04-26,147.35606384277344,161.1603546142578,165.4230499267578,159.7340850830078,164.7622833251953,2392028
2022-04-27,146.81085205078125,160.56405639648438,162.4174041748047,158.05801391601562,159.7260284423828,2002602
2022-04-28,152.40304565429688,166.6800994873047,166.8573760986328,161.63577270507812,162.6269073486328,2806397
2022-04-29,146.42774963378906,160.14505004882812,168.3078155517578,159.5487518310547,165.4633331298828,2902203
2022-05-02,145.15309143066406,158.75100708007812,161.54713439941406,155.37469482421875,160.3061981201172,2761970
2022-05-03,146.94342041015625,160.7091064453125,161.64382934570312,157.6148223876953,158.95245361328125,2429630
2022-05-04,154.34811401367188,168.8074188232422,169.24253845214844,160.4593048095703,161.64382934570312,3045910
2022-05-05,152.6903533935547,166.99435424804688,169.66156005859375,165.13294982910156,166.80096435546875,3284307
2022-05-06,154.8785858154297,169.38758850097656,171.1845245361328,163.77920532226562,166.33360290527344,2925782
2022-05-09,153.44924926757812,167.8243408203125,171.29734802246094,165.7373046875,167.05882263183594,2879865
2022-05-10,153.29454040527344,167.65512084960938,170.4673614501953,163.49717712402344,169.44400024414062,2827743
2022-05-11,152.66087341308594,166.96212768554688,170.9669647216797,166.34165954589844,167.3730926513672,3484604
2022-05-12,153.39767456054688,167.76792907714844,167.8807373046875,163.02175903320312,165.4472198486328,2910766
2022-05-13,155.67434692382812,170.2578582763672,173.2957305908203,168.1063690185547,168.1627655029297,2577681
2022-05-16,154.517578125,168.9927520751953,170.78163146972656,167.8887939453125,169.5970916748047,1615286
2022-05-17,163.19680786132812,178.48509216308594,179.3070068359375,172.3851776123047,172.8203125,3633028
2022-05-18,149.98638916015625,164.0370635986328,176.10797119140625,163.2635040283203,175.0362548828125,4617885
2022-05-19,146.65614318847656,160.39483642578125,163.71475219726562,157.5664825439453,162.03868103027344,3224987
2022-05-20,148.0191650390625,161.8855743408203,162.73973083496094,157.47784423828125,162.73973083496094,2797090
2022-05-23,150.81155395507812,164.93955993652344,166.77679443359375,161.6760711669922,162.92506408691406,2104984
2022-05-24,151.22415161132812,165.39080810546875,165.9951629638672,158.96856689453125,163.2957305908203,2394758
2022-05-25,150.53160095214844,164.63336181640625,165.55197143554688,160.20950317382812,163.36019897460938,2726849
2022-05-26,156.4110870361328,171.06365966796875,172.1192626953125,166.64785766601562,167.01046752929688,2189372
2022-05-27,161.84849548339844,177.01046752929688,177.35696411132812,171.54713439941406,171.54713439941406,2663931
2022-05-31,165.4661102294922,180.9669647216797,182.03868103027344,173.38436889648438,175.4875030517578,3802176
2022-06-01,161.11175537109375,176.20468139648438,182.3771209716797,174.2626953125,181.30540466308594,2466239
2022-06-02,163.21153259277344,178.50120544433594,180.82997131347656,175.86624145507812,176.1402130126953,2037846
2022-06-03,161.1338348388672,176.22885131835938,178.2997589111328,175.4552764892578,177.18775939941406,1712084
2022-06-06,164.19151306152344,179.5729217529297,181.42626953125,177.23609924316406,178.0821990966797,1939559
2022-06-07,163.10104370117188,178.38034057617188,178.8638153076172,174.5286102294922,176.4141845703125,1383839
2022-06-08,160.006591796875,174.9959716796875,177.70346069335938,173.8356170654297,175.56808471679688,1931368
2022-06-09,159.88131713867188,174.85897827148438,178.37228393554688,173.5697021484375,175.0201416015625,2291507
2022-06-10,152.3440704345703,166.61563110351562,173.3440704345703,166.50282287597656,172.5543975830078,2808755
2022-06-13,148.078125,161.95004272460938,165.2296600341797,159.88719177246094,162.3690643310547,2460903
2022-06-14,169.42262268066406,185.2941131591797,187.1796875,176.93795776367188,177.5987091064453,16143797
2022-06-15,171.5076904296875,187.5745391845703,192.75584411621094,184.81063842773438,185.9387664794922,6249428
2022-06-16,166.0039520263672,181.55519104003906,183.25543212890625,180.024169921875,182.4012908935547,3802052
2022-06-17,169.38580322265625,185.2538299560547,186.48670959472656,179.5809783935547,180.58016967773438,6561912
2022-06-21,169.84259033203125,185.75341796875,190.57211303710938,184.41578674316406,188.67848205566406,2906670
2022-06-22,168.7374267578125,184.5447235107422,186.74456787109375,183.02981567382812,183.03787231445312,2523698
2022-06-23,168.08169555664062,183.8275604248047,185.53585815429688,180.78968811035156,184.93150329589844,5342629
2022-06-24,180.12245178222656,196.0032196044922,200.4512481689453,190.4431915283203,190.9911346435547,10418443
2022-06-27,178.0712127685547,193.77114868164062,199.78244018554688,193.5535888671875,198.9846954345703,3148169
2022-06-28,177.78985595703125,193.46495056152344,199.959716796875,193.0862274169922,196.61563110351562,3211460
2022-06-29,173.13941955566406,188.40451049804688,195.0040283203125,182.67526245117188,194.19822692871094,4637369
2022-06-30,167.88172912597656,182.68331909179688,186.06768798828125,179.67767333984375,185.0443115234375,4562909
2022-07-01,165.586181640625,180.18533325195312,180.9750213623047,175.4311065673828,179.36341857910156,3216300
2022-07-05,170.02923583984375,185.0201416015625,186.11602783203125,176.24496459960938,177.75987243652344,3552611
2022-07-06,168.62965393066406,183.49717712402344,185.4713897705078,181.31346130371094,183.67445373535156,2077682
2022-07-07,171.31776428222656,186.4222412109375,186.8332061767578,181.9016876220703,185.4875030517578,2017866
2022-07-08,170.680908203125,185.729248046875,187.69540405273438,183.72280883789062,187.115234375,1355917
2022-07-11,166.01564025878906,180.65269470214844,186.34165954589844,180.37066650390625,184.24658203125,2131666
2022-07-12,165.11962890625,179.67767333984375,183.3360137939453,178.72683715820312,179.959716796875,2554847
2022-07-13,160.04713439941406,174.15794372558594,178.01773071289062,173.1506805419922,177.80821228027344,2472693
2022-07-14,158.68460083007812,172.67526245117188,172.81224060058594,169.5487518310547,170.6768798828125,1903198
2022-07-15,161.30599975585938,175.52780151367188,176.24496459960938,173.25543212890625,175.07655334472656,1564405
2022-07-18,161.41708374023438,175.64866638183594,178.68653869628906,174.93955993652344,176.55921936035156,1878502
2022-07-19,166.9339141845703,181.6519012451172,182.21595764160156,176.33360290527344,176.93795776367188,1710843
2022-07-20,168.5852508544922,183.44883728027344,184.16600036621094,180.6929931640625,182.04673767089844,1677212
2022-07-21,168.5852508544922,183.44883728027344,184.0370635986328,181.8775177001953,182.47381591796875,1249067
2022-07-22,168.31866455078125,183.1587371826172,185.58421325683594,181.61965942382812,184.36744689941406,1794238
2022-07-25,168.96290588378906,183.8597869873047,185.80177307128906,182.77195739746094,184.91539001464844,1209727
2022-07-26,166.5192108154297,181.2006378173828,182.63497924804688,178.17083740234375,179.6938018798828,1935836
2022-07-27,168.56304931640625,183.42465209960938,184.39967346191406,178.62208557128906,181.79693603515625,1516254
2022-07-28,170.1773223876953,185.18130493164062,185.59226989746094,183.1587371826172,183.73086547851562,1732684
2022-07-29,172.60623168945312,187.8243408203125,188.54150390625,182.00643920898438,184.62530517578125,2499002
2022-08-01,176.0199737548828,191.53907775878906,193.18292236328125,186.94601440429688,186.99435424804688,2365222
2022-08-02,172.73951721191406,187.96937561035156,190.6849365234375,186.56729125976562,190.07252502441406,1772769
2022-08-03,172.68028259277344,187.90492248535156,190.2417449951172,186.7284393310547,189.24253845214844,1290268
2022-08-04,174.83518981933594,190.2498016357422,190.4190216064453,188.03384399414062,188.38839721679688,1343879
2022-08-05,173.93917846679688,189.2747802734375,192.48187255859375,188.1547088623047,189.08944702148438,1870559
2022-08-08,169.59234619140625,184.5447235107422,190.2981414794922,184.15794372558594,190.16921997070312,2308508
2022-08-09,166.59326171875,181.28121948242188,183.65834045410156,179.5809783935547,183.65834045410156,2400342
2022-08-10,172.13230895996094,187.30862426757812,189.0008087158203,184.5366668701172,185.18936157226562,2712702
2022-08-11,169.75526428222656,184.7220001220703,188.5576171875,184.12570190429688,188.1466522216797,2533626
2022-08-12,170.82159423828125,185.88235473632812,185.93069458007812,183.6099853515625,185.39080810546875,2085749
2022-08-15,172.6951141357422,187.92103576660156,188.70265197753906,184.48831176757812,184.5608367919922,1955692
2022-08-16,176.40509033203125,191.95809936523438,194.11764526367188,187.47784423828125,187.8646240234375,2717045
2022-08-17,172.8505859375,188.0902557373047,190.82191467285156,187.6228790283203,189.7018585205078,1477535
2022-08-18,173.9243621826172,189.2586669921875,189.68572998046875,186.94601440429688,187.94520568847656,1233430
2022-08-19,171.59910583496094,186.7284393310547,188.9927520751953,185.52780151367188,188.69459533691406,1562667
2022-08-22,165.55653381347656,180.15310668945312,183.64222717285156,179.61322021484375,183.22320556640625,2317319
2022-08-23,166.80801391601562,181.51490783691406,182.3851776123047,179.65350341796875,179.9677734375,1267309
2022-08-24,167.40042114257812,182.1595458984375,183.24737548828125,179.61322021484375,181.20870971679688,1370312
2022-08-25,168.8592529296875,183.74697875976562,184.50442504882812,181.31346130371094,182.77195739746094,1444400
2022-08-26,161.55035400390625,175.79371643066406,184.85092163085938,175.680908203125,184.0290069580078,1920944
2022-08-29,160.4914093017578,174.64141845703125,176.0193328857422,173.03787231445312,174.21434020996094,1505333
2022-08-30,158.0847625732422,172.02256774902344,176.4625244140625,171.32151794433594,175.9387664794922,1762716
2022-08-31,156.1076202392578,169.87107849121094,173.23931884765625,169.5568084716797,172.78807067871094,2132286
2022-09-01,157.74566650390625,170.7171630859375,170.91055297851562,166.77679443359375,168.77517700195312,1963758
2022-09-02,155.40773010253906,168.18695068359375,172.77195739746094,166.98629760742188,172.6027374267578,1765571
2022-09-06,152.01988220214844,164.5205535888672,166.7203826904297,163.03787231445312,165.18130493164062,2927767
2022-09-07,150.12123107910156,162.46575927734375,163.07009887695312,158.65431213378906,162.28848266601562,3845611
2022-09-08,151.0519256591797,163.47300720214844,163.5858154296875,159.19419860839844,161.7082977294922,3071103
2022-09-09,155.6682891845703,168.46897888183594,168.8718719482422,164.81869506835938,165.0281982421875,2158595
2022-09-12,159.21994018554688,172.31265258789062,173.91619873046875,169.42788696289062,169.42788696289062,2828115
2022-09-13,152.89100646972656,165.4633331298828,169.43594360351562,164.46414184570312,168.3239288330078,1972942
2022-09-14,152.6453094482422,165.19741821289062,165.56002807617188,161.8936309814453,164.9556884765625,1874779
2022-09-15,152.54107666015625,165.08460998535156,166.1240997314453,163.75503540039062,164.86705017089844,3822528
2022-09-16,119.89146423339844,129.7501983642578,130.4109649658203,124.89927673339844,128.37228393554688,42444558
2022-09-19,121.291259765625,131.26510620117188,133.23931884765625,128.525390625,128.92828369140625,11696425
2022-09-20,117.19609832763672,126.83319854736328,129.88719177246094,126.5511703491211,129.87107849121094,6666776
2022-09-21,114.10612487792969,123.48912048339844,128.23529052734375,123.48912048339844,126.64786529541016,6815076
2022-09-22,115.06660461425781,124.52860260009766,129.46011352539062,121.14424133300781,122.9814682006836,12739486
2022-09-23,111.18738555908203,120.33037567138672,123.23932647705078,118.17082977294922,120.68492889404297,8929616
2022-09-26,106.3997802734375,115.1490707397461,121.5471420288086,114.74617004394531,119.63739013671875,7071466
2022-09-27,107.92615509033203,116.80096435546875,117.31668090820312,114.35939025878906,115.63255310058594,5542802
2022-09-28,111.67878723144531,120.8622055053711,121.76470947265625,116.63175201416016,117.42143249511719,6154367
2022-09-29,113.4062271118164,122.7316665649414,122.9734115600586,118.59790802001953,119.17808532714844,6452207
2022-09-30,110.54705810546875,119.63739013671875,123.5858154296875,119.53263854980469,121.63578033447266,4520467
2022-10-03,112.7733383178711,122.04673767089844,123.01370239257812,119.24254608154297,120.96696472167969,3352189
2022-10-04,118.4767837524414,128.21917724609375,128.614013671875,124.45608520507812,125.05237579345703,12520945
2022-10-05,116.80146789550781,126.40612030029297,128.07412719726562,124.52860260009766,125.09266662597656,8897101
2022-10-06,115.55059814453125,125.05237579345703,127.31668090820312,124.75422668457031,126.02739715576172,5279959
2022-10-07,114.96983337402344,124.4238510131836,124.57695770263672,120.03223419189453,122.89282989501953,9659324
2022-10-10,114.07633209228516,123.4568862915039,126.06768798828125,122.60273742675781,125.61643981933594,6590331
2022-10-11,113.23494720458984,122.54633331298828,124.56889343261719,121.74053192138672,122.10314178466797,7502590
2022-10-12,113.83806610107422,123.19903564453125,124.93150329589844,122.19983673095703,122.53827667236328,3062912
2022-10-13,116.33984375,125.90652465820312,127.34891510009766,120.008056640625,121.22481536865234,3714809
2022-10-14,116.86849212646484,126.47864532470703,127.64705657958984,124.82675170898438,126.4141845703125,2816822
2022-10-17,116.88337707519531,126.49475860595703,128.8235321044922,125.22159576416016,127.54230499267578,3955067
2022-10-18,116.3770751953125,125.94681549072266,130.07252502441406,124.94762420654297,129.48428344726562,3892024
2022-10-19,113.89019775390625,123.25543975830078,126.26913452148438,122.1273193359375,125.47945404052734,4261222
2022-10-20,111.79048919677734,120.98307800292969,125.22159576416016,120.76551055908203,123.24738311767578,4532256
2022-10-21,114.09122467041016,123.47300720214844,123.98065948486328,120.5801773071289,121.02336883544922,7538951
2022-10-24,115.23043060302734,124.70587921142578,126.09992218017578,122.0225601196289,122.63497161865234,3546282
2022-10-25,116.00479125976562,125.54391479492188,126.77679443359375,124.77840423583984,125.61643981933594,3819426
2022-10-26,117.61306762695312,127.2844467163086,128.25946044921875,125.36663818359375,126.01128387451172,4633646
2022-10-27,116.83125305175781,126.4383544921875,129.17002868652344,126.21273040771484,128.07412719726562,2043555
2022-10-28,119.4074935913086,129.22642517089844,129.35536193847656,125.51974487304688,126.94601440429688,3187633
2022-10-31,119.34049987792969,129.15391540527344,130.7252197265625,127.81627655029297,128.1385955810547,2371551
2022-11-01,117.78431701660156,127.46977996826172,130.9830780029297,126.2771987915039,130.49960327148438,2729580
2022-11-02,115.0815200805664,124.54472351074219,129.08944702148438,124.35133361816406,126.33360290527344,2831838
2022-11-03,115.34955596923828,124.83480834960938,125.8662338256836,121.95004272460938,123.28767395019531,7512021
2022-11-04,116.64511108398438,126.23690795898438,128.04190063476562,124.1740493774414,126.68815612792969,1828986
2022-11-07,118.56612396240234,128.3158721923828,128.67042541503906,126.5431137084961,127.23609924316406,2124468
2022-11-08,118.78950500488281,128.5576171875,131.57937622070312,126.77679443359375,128.92828369140625,4470951
2022-11-09,117.6726303100586,127.34891510009766,129.83883666992188,127.0104751586914,127.31668090820312,2801185
2022-11-10,123.59944915771484,133.76309204101562,135.0040283203125,131.10394287109375,131.10394287109375,4694827
2022-11-11,130.75479125976562,141.50685119628906,142.5463409423828,133.95648193359375,134.48025512695312,5505697
2022-11-14,130.1219482421875,140.82191467285156,144.14987182617188,140.62852478027344,140.62852478027344,3721883
2022-11-15,131.23880004882812,142.03062438964844,144.64947509765625,139.92747497558594,142.31265258789062,6474173
2022-11-16,127.15108489990234,137.6067657470703,141.51490783691406,136.63174438476562,140.20950317382812,2964004
2022-11-17,127.72439575195312,138.22723388671875,138.3078155517578,134.7300567626953,136.1804962158203,2036605
2022-11-18,130.09217834472656,140.78968811035156,141.1281280517578,138.68653869628906,140.20950317382812,2290762
2022-11-21,129.28797912597656,139.91941833496094,141.1442413330078,139.2989501953125,140.15310668945312,1719033
2022-11-22,130.79949951171875,141.55519104003906,142.51409912109375,140.65269470214844,140.9427947998047,1808509
2022-11-23,131.31324768066406,142.1112060546875,142.53826904296875,141.23287963867188,141.6680145263672,2181678
2022-11-25,131.56639099121094,142.3851776123047,143.24737548828125,141.82916259765625,142.828369140625,552617
2022-11-28,128.96786499023438,139.5729217529297,142.01451110839844,138.50926208496094,141.61965942382812,3297213
2022-11-29,132.40032958984375,143.2876739501953,143.79531860351562,140.4673614501953,140.80580139160156,2063659
2022-11-30,135.6764373779297,146.8332061767578,147.51007080078125,142.4254608154297,142.64303588867188,6222995
2022-12-01,134.35855102539062,145.4069366455078,147.90492248535156,144.93955993652344,146.6559295654297,1939063
2022-12-02,135.07334899902344,146.1804962158203,147.02659606933594,142.69137573242188,143.5616455078125,2556832
2022-12-05,131.49195861816406,142.30459594726562,144.9798583984375,142.07090759277344,144.68170166015625,1936829
2022-12-06,128.8487091064453,139.44400024414062,142.28042602539062,137.8646240234375,142.1756591796875,2561548
2022-12-07,128.27540588378906,138.8235321044922,140.4431915283203,138.3480987548828,138.8154754638672,1861748
2022-12-08,127.9999008178711,138.525390625,140.7413330078125,137.3972625732422,138.02578735351562,2766810
2022-12-09,129.17674255371094,138.8638153076172,140.87832641601562,137.107177734375,137.107177734375,1830475
2022-12-12,132.9546661376953,142.92506408691406,143.61805725097656,138.66236877441406,138.66236877441406,3054846
2022-12-13,132.58737182617188,142.53021240234375,148.581787109375,141.49073791503906,148.01773071289062,3418086
2022-12-14,133.47940063476562,143.48912048339844,145.79371643066406,141.6680145263672,142.1192626953125,2000120
2022-12-15,129.80642700195312,139.5406951904297,142.06285095214844,138.41256713867188,141.11199951171875,2237027
2022-12-16,128.71951293945312,138.37228393554688,139.959716796875,136.6559295654297,138.92828369140625,4199172
2022-12-19,126.51570892333984,136.0032196044922,138.36422729492188,134.5930633544922,137.21998596191406,3454696
2022-12-20,123.19502258300781,132.4335174560547,135.78565979003906,131.03143310546875,135.3102264404297,6765187
2022-12-21,127.42271423339844,136.97824096679688,140.83802795410156,135.50363159179688,140.64463806152344,9809857
2022-12-22,131.6953887939453,141.57131958007812,141.63577270507812,135.07655334472656,135.4149932861328,6356526
2022-12-23,131.8752899169922,141.76470947265625,144.286865234375,141.42626953125,141.58743286132812,3767552
2022-12-27,132.7147979736328,142.66720581054688,143.42465209960938,141.09588623046875,141.59548950195312,2403321
2022-12-28,129.71646118164062,139.44400024414062,143.1184539794922,139.41983032226562,142.73973083496094,2116153
2022-12-29,131.59043884277344,141.45849609375,142.52215576171875,139.89524841308594,140.08058166503906,1691359
2022-12-30,129.82887268066406,139.5648651123047,141.1442413330078,138.23529052734375,140.15310668945312,1933850
2023-01-03,132.8796844482422,142.844482421875,143.1023406982422,140.63658142089844,140.9911346435547,2722630
2023-01-04,136.0130157470703,146.21273803710938,147.50201416015625,144.21434020996094,144.23851013183594,2836926
2023-01-05,135.88555908203125,146.07574462890625,146.55921936035156,143.70669555664062,144.7622833251953,3030026
2023-01-06,139.25120544433594,149.6938018798828,150.2498016357422,145.75341796875,146.95407104492188,2530895
2023-01-09,142.22711181640625,152.892822265625,154.82675170898438,149.62933349609375,149.7018585205078,3591826
2023-01-10,141.47750854492188,152.08702087402344,153.03787231445312,150.2820281982422,152.00643920898438,2102750
2023-01-11,144.0710906982422,154.87510681152344,156.25302124023438,153.0942840576172,153.0942840576172,2374033
2023-01-12,143.83871459960938,154.62530517578125,155.63255310058594,153.46495056152344,154.81869506835938,1936705
2023-01-13,141.39505004882812,151.99838256835938,153.90814208984375,151.6599578857422,153.46495056152344,1667656
2023-01-17,141.02023315429688,151.59548950195312,151.8936309814453,149.91941833496094,151.45849609375,2300194
2023-01-18,140.67543029785156,151.22482299804688,154.48025512695312,151.10394287109375,151.6680145263672,1660210
2023-01-19,138.09686279296875,148.45286560058594,150.57211303710938,147.97743225097656,149.83078002929688,1639609
2023-01-20,140.08328247070312,150.58824157714844,150.66880798339844,148.44480895996094,149.21836853027344,1980512
2023-01-23,143.28404235839844,154.0290069580078,154.94761657714844,150.12892150878906,150.84608459472656,2037970
2023-01-24,141.85977172851562,152.49798583984375,154.83480834960938,152.1192626953125,152.28042602539062,1537475
2023-01-25,140.78036499023438,151.33763122558594,151.74859619140625,149.7582550048828,150.4512481689453,1266316
2023-01-26,142.52696228027344,153.21514892578125,153.35214233398438,150.52377319335938,152.21595764160156,1297838
2023-01-27,142.8417510986328,153.5535888671875,155.65672302246094,152.78807067871094,152.93312072753906,1781952
2023-01-30,137.98440551757812,148.3319854736328,151.93392944335938,147.93714904785156,151.53102111816406,2595676
2023-01-31,145.3154296875,156.21273803710938,156.28524780273438,148.581787109375,148.67042541503906,3007191
2023-02-01,151.49951171875,162.860595703125,164.43191528320312,155.16519165039062,155.60032653808594,6530266
2023-02-02,160.7869415283203,172.844482421875,175.17324829101562,168.63819885253906,168.63819885253906,4761097
2023-02-03,160.91436767578125,172.98146057128906,174.0048370361328,170.36260986328125,171.0233612060547,2798579
2023-02-06,157.85601806640625,169.6938018798828,172.8203125,168.565673828125,171.63577270507812,2345490
2023-02-07,157.34629821777344,169.14584350585938,169.7340850830078,165.9468231201172,168.9846954345703,2261474
2023-02-08,157.0240020751953,168.7993621826172,169.991943359375,167.80821228027344,168.60595703125,1769542
2023-02-09,156.37933349609375,168.1063690185547,170.024169921875,167.50201416015625,169.2989501953125,1545541
2023-02-10,156.94154357910156,168.71072387695312,169.48428344726562,166.08380126953125,166.30943298339844,1596795
2023-02-13,158.6581268310547,170.55599975585938,170.75746154785156,167.00241088867188,167.29251098632812,1438940
2023-02-14,159.4151611328125,171.36985778808594,171.6519012451172,168.0902557373047,169.49234008789062,1367458
2023-02-15,159.69252014160156,171.6680145263672,171.74053955078125,169.21836853027344,170.33843994140625,1182797
2023-02-16,158.66558837890625,170.56405639648438,171.4423828125,168.41256713867188,168.8315887451172,1586619
2023-02-17,157.63864135742188,169.46011352539062,170.7091064453125,168.60595703125,169.5245819091797,1232685
2023-02-21,154.153076171875,165.713134765625,167.5987091064453,163.65834045410156,166.54310607910156,2129432
2023-02-22,152.0392303466797,163.44078063964844,166.94601440429688,160.82997131347656,165.713134765625,2964625
2023-02-23,153.80076599121094,165.33441162109375,165.64866638183594,163.22320556640625,165.0443115234375,1669145
2023-02-24,152.3765411376953,163.8033905029297,164.49636840820312,161.6760711669922,163.77114868164062,1722012
2023-02-27,152.9612274169922,164.43191528320312,167.68734741210938,164.18211364746094,166.0273895263672,1643332
2023-02-28,152.33157348632812,163.75503540039062,166.59146118164062,163.64222717285156,164.41578674316406,1816948
2023-03-01,153.1636199951172,164.64947509765625,166.4544677734375,163.23931884765625,163.77920532226562,1464132
2023-03-02,155.11253356933594,166.74456787109375,167.30056762695312,163.23931884765625,163.8356170654297,1355793
2023-03-03,156.7241668701172,168.47703552246094,169.2989501953125,166.9057159423828,167.97743225097656,2000864
2023-03-06,157.51123046875,169.3231201171875,170.7413330078125,168.69459533691406,168.89605712890625,2665668
2023-03-07,154.65528869628906,166.25302124023438,168.9927520751953,166.1240997314453,168.9927520751953,1894883
2023-03-08,157.06898498535156,168.8477020263672,169.19419860839844,165.50363159179688,165.91458129882812,1332710
2023-03-09,155.78717041015625,167.46978759765625,171.8855743408203,167.04270935058594,170.08863830566406,2425659
2023-03-10,151.64903259277344,162.1192626953125,166.95407104492188,159.95164489746094,166.95407104492188,3149534
2023-03-13,148.7847442626953,159.0572052001953,160.65269470214844,156.36582946777344,158.71878051757812,2814464
2023-03-14,149.16163635253906,159.46011352539062,162.72361755371094,157.5664825439453,161.1603546142578,3205131
2023-03-15,147.20936584472656,157.3730926513672,157.3892059326172,153.77114868164062,156.32554626464844,3318806
2023-03-16,153.80479431152344,164.42385864257812,165.2699432373047,157.4053192138672,158.17083740234375,6290009
2023-03-17,166.0609130859375,177.52618408203125,182.1514892578125,176.08380126953125,182.1514892578125,15711681
2023-03-20,162.99310302734375,174.24658203125,178.3078155517578,173.63417053222656,177.26832580566406,4140472
2023-03-21,165.69912719726562,177.139404296875,178.95245361328125,175.72119140625,175.84205627441406,2490439
2023-03-22,163.61122131347656,174.90733337402344,180.17727661132812,174.89927673339844,177.6148223876953,2719031
2023-03-23,163.5056915283203,174.79452514648438,179.40370178222656,174.09347534179688,175.57614135742188,3206372
2023-03-24,164.01824951171875,175.34246826171875,175.83399963378906,172.98146057128906,174.7622833251953,2199797
2023-03-27,165.6915740966797,177.13134765625,178.37228393554688,174.9798583984375,175.11683654785156,2320546
2023-03-28,166.15890502929688,177.6309356689453,179.61322021484375,176.95407104492188,177.1796875,1685154
2023-03-29,168.5784912109375,180.21755981445312,180.37066650390625,178.70265197753906,178.70265197753906,2078551
2023-03-30,169.143798828125,180.82191467285156,181.82916259765625,179.62127685546875,181.09588623046875,2044051
2023-03-31,172.22669982910156,184.11764526367188,184.41578674316406,181.1603546142578,181.29734802246094,2053235
2023-04-03,172.49049377441406,184.39967346191406,184.42385864257812,182.48992919921875,183.17486572265625,2458297
2023-04-04,170.71917724609375,182.50604248046875,184.88316345214844,180.040283203125,184.16600036621094,2176094
2023-04-05,173.31210327148438,185.2779998779297,189.90330505371094,183.5616455078125,187.02659606933594,8192213
2023-04-06,174.94778442382812,187.02659606933594,190.01611328125,186.11602783203125,186.1482696533203,4561544
2023-04-10,174.5709228515625,186.62368774414062,188.05801391601562,184.21434020996094,184.81869506835938,2334197
2023-04-11,174.51812744140625,186.56729125976562,187.8323974609375,186.1724395751953,186.6720428466797,2446756
2023-04-12,172.96534729003906,184.90733337402344,187.21192932128906,184.7703399658203,186.75262451171875,3111808
2023-04-13,174.17135620117188,186.1966094970703,186.6881561279297,183.50523376464844,185.33441162109375,2231194
2023-04-14,173.88494873046875,185.89041137695312,187.4375457763672,184.84286499023438,186.22885131835938,1893394
2023-04-17,172.84478759765625,184.77841186523438,186.59146118164062,184.3271484375,185.9387664794922,1905431
2023-04-18,172.76939392089844,184.6978302001953,186.76873779296875,184.0048370361328,185.55197143554688,1591831
2023-04-19,172.98043823242188,184.92344665527344,184.9798583984375,183.06204223632812,183.22320556640625,1664057
2023-04-20,172.89752197265625,184.83480834960938,186.50282287597656,183.8275604248047,184.3271484375,1631791
2023-04-21,173.69650268554688,185.68896484375,187.34890747070312,184.31103515625,185.15713500976562,2705504
2023-04-24,174.9929962158203,187.07493591308594,187.46173095703125,185.2699432373047,186.1402130126953,1705506
2023-04-25,169.9503173828125,181.6841278076172,185.2941131591797,180.78163146972656,183.8033905029297,2731937
2023-04-26,167.9151611328125,179.5084686279297,182.4254608154297,178.64625549316406,180.85415649414062,2250554
2023-04-27,170.3045654296875,182.06285095214844,182.3851776123047,179.7018585205078,180.61241149902344,1905183
2023-04-28,171.6915283203125,183.5455322265625,184.21434020996094,180.19338989257812,180.19338989257812,1995900
2023-05-01,173.80203247070312,185.80177307128906,186.29330444335938,183.9806671142578,184.08541870117188,1392526
2023-05-02,172.1588592529297,184.0451202392578,185.31829833984375,182.53826904296875,184.66558837890625,1367706
2023-05-03,172.2493133544922,184.14181518554688,186.6962127685547,182.92506408691406,183.77114868164062,1683417
2023-05-04,170.6287078857422,182.4093475341797,184.39161682128906,181.31346130371094,183.8195037841797,1185279
2023-05-05,172.8372039794922,184.7703399658203,186.11602783203125,182.5705108642578,183.02981567382812,1436954
2023-05-08,173.91506958007812,185.92263793945312,186.6639862060547,184.5688934326172,184.5688934326172,1313102
2023-05-09,172.33221435546875,184.23045349121094,186.20468139648438,184.0128936767578,185.16519165039062,1203150
2023-05-10,170.59854125976562,182.3771209716797,185.49557495117188,180.4351348876953,185.06849670410156,1837673
2023-05-11,169.4754638671875,181.1764678955078,182.52215576171875,180.0,182.52215576171875,1596050
2023-05-12,168.03578186035156,179.63739013671875,182.09507751464844,177.48590087890625,181.49879455566406,2037474
2023-05-15,167.65135192871094,179.22642517089844,180.06446838378906,178.23529052734375,178.71072387695312,2313100
2023-05-16,166.78453063964844,178.2997589111328,179.98388671875,176.7364959716797,178.37228393554688,1898358
2023-05-17,170.2669219970703,182.02256774902344,182.1353759765625,178.18695068359375,178.46897888183594,3353678
2023-05-18,173.68899536132812,185.680908203125,188.67848205566406,184.0370635986328,184.60919189453125,3177705
2023-05-19,172.67140197753906,184.5930633544922,186.55116271972656,183.65028381347656,186.34971618652344,1965868
2023-05-22,172.36990356445312,184.270751953125,185.68896484375,183.24737548828125,184.5447235107422,1271280
2023-05-23,170.8321990966797,182.6269073486328,184.9556884765625,181.95004272460938,183.1265106201172,1114418
2023-05-24,168.5031280517578,180.13699340820312,182.04673767089844,179.3150634765625,181.30540466308594,1280588
2023-05-25,169.65635681152344,181.36985778808594,182.3932342529297,180.39483642578125,180.9830780029297,1260111
2023-05-26,168.9553680419922,180.62046813964844,182.79612731933594,180.4190216064453,181.93392944335938,1511414
2023-05-30,170.45533752441406,182.22401428222656,183.22320556640625,180.17727661132812,181.76470947265625,2573462
2023-05-31,164.30467224121094,175.64866638183594,180.4270782470703,175.51974487304688,180.2659149169922,3724986
2023-06-01,163.7845916748047,175.09266662597656,175.63255310058594,172.28848266601562,175.2699432373047,2693715
2023-06-02,167.1387939453125,178.67848205566406,179.41983032226562,175.92263793945312,176.09185791015625,1913126
2023-06-05,166.6413116455078,178.1466522216797,179.86300659179688,177.5584259033203,178.8557586669922,1474184
2023-06-06,165.4503631591797,176.8734893798828,177.8323974609375,176.10797119140625,177.27638244628906,1830103
2023-06-07,169.29457092285156,180.9830780029297,181.1603546142578,177.29251098632812,177.63900756835938,2657602
2023-06-08,169.60360717773438,181.31346130371094,182.4335174560547,178.9766387939453,181.36180114746094,2024692
2023-06-09,169.61117553710938,180.3061981201172,180.87832641601562,178.24334716796875,180.85415649414062,2052862
2023-06-12,170.2100372314453,180.9427947998047,181.37791442871094,179.46011352539062,180.84608459472656,1783317
2023-06-13,173.48460388183594,184.42385864257812,184.5205535888672,178.89605712890625,180.66075134277344,2906174
2023-06-14,174.0909881591797,185.06849670410156,187.31668090820312,183.77920532226562,185.14102172851562,2595179
2023-06-15,179.2227020263672,190.52377319335938,190.87832641601562,185.14907836914062,185.14907836914062,2881106
2023-06-16,176.96383666992188,188.1224822998047,191.78082275390625,188.04190063476562,191.25704956054688,4087358
2023-06-20,175.59185791015625,186.6639862060547,189.15391540527344,185.3021697998047,189.0330352783203,6472808
2023-06-21,171.1878204345703,181.98226928710938,187.23609924316406,179.88719177246094,180.33843994140625,8843366
2023-06-22,176.5620880126953,187.69540405273438,189.19419860839844,180.82191467285156,181.31346130371094,4457796
2023-06-23,176.11485290527344,187.21998596191406,188.38839721679688,185.4552764892578,185.85818481445312,3757748
2023-06-26,178.07806396484375,189.3070068359375,191.0153045654297,187.4214324951172,187.64706420898438,2737398
2023-06-27,187.04527282714844,198.8396453857422,198.94439697265625,190.17727661132812,190.2417449951172,5165042
2023-06-28,188.31874084472656,200.19338989257812,201.28927612304688,197.49395751953125,198.22723388671875,3699173
2023-06-29,189.4860382080078,201.434326171875,201.4423828125,199.959716796875,200.4029083251953,2872170
2023-06-30,187.909423828125,199.7582550048828,201.51490783691406,197.94520568847656,201.450439453125,3231812
2023-07-03,187.64413452148438,199.47622680664062,200.13699340820312,198.37228393554688,199.12167358398438,1590466
2023-07-05,188.22779846191406,200.09669494628906,201.74859619140625,198.38034057617188,198.39645385742188,2002105
2023-07-06,187.73509216308594,199.5729217529297,200.91055297851562,198.75100708007812,198.75100708007812,2125709
2023-07-07,190.44874572753906,202.4576873779297,203.9726104736328,198.8396453857422,198.8396453857422,3007564
2023-07-10,190.7822723388672,202.81224060058594,203.48912048339844,200.90249633789062,201.82110595703125,1952093
2023-07-11,195.86846923828125,208.21917724609375,208.60595703125,203.04592895507812,203.06204223632812,3771895
2023-07-12,198.30166625976562,210.80580139160156,211.62771606445312,209.0330352783203,209.45205688476562,2566760
2023-07-13,195.9139404296875,208.2675323486328,211.82110595703125,207.09912109375,211.1925811767578,2168772
2023-07-14,195.1483612060547,207.4536590576172,209.2908935546875,206.4141845703125,208.04995727539062,1296100
2023-07-17,193.08657836914062,205.2618865966797,207.01046752929688,204.5850067138672,206.59951782226562,1854550
2023-07-18,198.5745391845703,211.09588623046875,214.0209503173828,209.50039672851562,211.1200714111328,3433475
2023-07-19,197.27838134765625,209.7179718017578,210.9508514404297,207.8243408203125,210.7171630859375,3295476
2023-07-20,199.76458740234375,212.36099243164062,213.1506805419922,208.70265197753906,208.90411376953125,2654003
2023-07-21,196.8311309814453,209.24253845214844,211.49879455566406,208.91217041015625,209.86300659179688,2217419
2023-07-24,196.14891052246094,208.51731872558594,210.16921997070312,205.0281982421875,205.4794464111328,2494906
2023-07-25,196.82354736328125,209.23448181152344,210.91860961914062,205.18936157226562,208.0983123779297,2933352
2023-07-26,203.2438507080078,216.05963134765625,217.01853942871094,210.2498016357422,210.2900848388672,3414363
2023-07-27,201.15176391601562,213.8356170654297,217.78404235839844,213.51329040527344,216.55921936035156,2413869
2023-07-28,203.7895965576172,216.63980102539062,217.46978759765625,214.49636840820312,215.35052490234375,1313599
2023-07-31,204.62338256835938,217.52618408203125,218.3319854736328,216.05963134765625,216.63980102539062,1310000
2023-08-01,203.2666015625,216.08380126953125,218.03384399414062,214.0531768798828,216.98629760742188,1553608
2023-08-02,201.21240234375,213.90008544921875,216.22079467773438,213.6019287109375,215.14907836914062,1523203
2023-08-03,199.7494354248047,212.34487915039062,214.49636840820312,211.418212890625,213.22320556640625,2247203
2023-08-04,199.3553009033203,211.92587280273438,215.36663818359375,211.57937622070312,213.5374755859375,1977409
2023-08-07,200.3861541748047,213.02175903320312,214.9556884765625,211.31346130371094,212.53021240234375,1855171
2023-08-08,203.34239196777344,216.1643829345703,217.49395751953125,212.1595458984375,212.32876586914062,2545043
2023-08-09,201.23513793945312,213.92425537109375,216.1966094970703,213.51329040527344,215.56808471679688,1571478
2023-08-10,202.0310516357422,214.7703399658203,216.04351806640625,213.5294189453125,214.85897827148438,1289399
2023-08-11,201.45494079589844,214.15794372558594,214.7703399658203,212.73167419433594,213.88397216796875,1494785
2023-08-14,202.34182739257812,215.10072326660156,215.4794464111328,213.42465209960938,214.37550354003906,2739880
2023-08-15,201.28817749023438,213.9806671142578,215.2779998779297,213.47300720214844,214.93150329589844,1726355
2023-08-16,200.9243621826172,213.5938720703125,216.29330444335938,212.96534729003906,212.96534729003906,1830599
2023-08-17,200.80308532714844,213.46495056152344,215.05238342285156,212.32876586914062,213.65834045410156,2723623
2023-08-18,199.08998107910156,211.64382934570312,213.36019897460938,210.61241149902344,211.7163543701172,2448245
2023-08-21,197.03579711914062,209.46011352539062,212.24012756347656,208.62208557128906,210.9750213623047,2021093
2023-08-22,196.30810546875,208.68653869628906,210.58824157714844,207.123291015625,209.46011352539062,1828241
2023-08-23,197.42236328125,209.87107849121094,210.7332763671875,207.30862426757812,208.50926208496094,2052242
2023-08-24,196.15652465820312,208.525390625,210.7091064453125,207.70346069335938,208.43675231933594,2228464
2023-08-25,196.1186065673828,208.48509216308594,209.5406951904297,205.07655334472656,209.0008087158203,1756015
2023-08-28,195.83058166503906,208.17889404296875,211.8936309814453,207.29251098632812,209.33119201660156,1315212
2023-08-29,197.5209197998047,209.975830078125,210.01611328125,207.22804260253906,207.3892059326172,2225982
2023-08-30,200.02993774414062,212.64303588867188,213.39242553710938,209.41175842285156,210.85415649414062,1891780
2023-08-31,197.8544464111328,210.33038330078125,213.23931884765625,209.991943359375,212.46575927734375,1891656
2023-09-01,197.81655883789062,210.2900848388672,212.4174041748047,209.12973022460938,211.7244110107422,1782697
2023-09-05,194.51922607421875,206.78485107421875,209.77438354492188,206.60757446289062,209.65350341796875,1520101
2023-09-06,195.16351318359375,207.46978759765625,208.51731872558594,205.86624145507812,207.4536590576172,1364976
2023-09-07,194.17054748535156,206.4141845703125,207.4456024169922,205.10072326660156,207.4053192138672,1500493
2023-09-08,192.95936584472656,204.11764526367188,205.64866638183594,202.892822265625,205.06849670410156,1464008
2023-09-11,194.01820373535156,205.2377166748047,206.1402130126953,204.11764526367188,205.56808471679688,1568252
2023-09-12,191.55775451660156,202.63497924804688,205.18936157226562,202.02256774902344,204.41578674316406,1407046
2023-09-13,192.08335876464844,203.19097900390625,205.2377166748047,201.37791442871094,202.19178771972656,1892029
2023-09-14,195.7930908203125,207.115234375,208.04190063476562,204.45608520507812,204.67364501953125,1946012
2023-09-15,193.54586791992188,204.7381134033203,208.39645385742188,203.5616455078125,208.38839721679688,2575447
2023-09-18,189.90475463867188,200.88638305664062,205.2296600341797,200.6929931640625,204.50442504882812,2209601
2023-09-19,190.4303436279297,201.4423828125,202.4093475341797,198.2675323486328,200.64463806152344,2752042
2023-09-20,190.8341064453125,201.8694610595703,204.81869506835938,201.58743286132812,202.78001403808594,4982119
2023-09-21,199.4647216796875,210.9991912841797,216.26107788085938,208.88800048828125,211.1200714111328,8785660
2023-09-22,198.88577270507812,210.38677978515625,213.3360137939453,208.75906372070312,211.1442413330078,3507935
2023-09-25,202.95355224609375,214.6897735595703,216.30137634277344,209.68572998046875,209.7421417236328,2923672
2023-09-26,199.1143341064453,210.62852478027344,214.62530517578125,209.5326385498047,213.65028381347656,2939060
2023-09-27,200.11981201171875,211.6921844482422,211.99032592773438,209.5487518310547,211.03948974609375,2340278
2023-09-28,202.96115112304688,214.6978302001953,216.09185791015625,210.31427001953125,211.1684112548828,2529779
2023-09-29,201.8032989501953,213.47300720214844,217.93714904785156,212.4496307373047,217.07493591308594,2946382
2023-10-02,201.94802856445312,213.62611389160156,214.92344665527344,212.3771209716797,214.34327697753906,2374033
2023-10-03,198.20021057128906,209.66156005859375,213.94036865234375,208.94439697265625,212.99758911132812,2594062
2023-10-04,198.0935516357422,209.5487518310547,210.7171630859375,206.0193328857422,209.63739013671875,2671377
2023-10-05,197.4156036376953,208.8315887451172,209.5729217529297,207.48590087890625,208.46092224121094,1811984
2023-10-06,196.45579528808594,207.8162841796875,209.85494995117188,207.35696411132812,208.8557586669922,1961525
2023-10-09,194.79519653320312,206.05963134765625,206.98629760742188,203.77114868164062,205.4794464111328,2141842
2023-10-10,195.61026000976562,206.92184448242188,208.8718719482422,205.76954650878906,205.9709930419922,1862741
2023-10-11,194.59713745117188,205.85012817382812,207.02659606933594,203.5294189453125,206.6881561279297,2667157
2023-10-12,191.99191284179688,203.0942840576172,206.28524780273438,201.51490783691406,205.60838317871094,3120867
2023-10-13,184.98379516601562,195.680908203125,204.5124969482422,194.23045349121094,202.80418395996094,3622727
2023-10-16,188.57925415039062,199.48428344726562,202.30459594726562,195.93069458007812,196.82513427734375,2514018
2023-10-17,188.93728637695312,199.86300659179688,201.0072479248047,197.24415588378906,197.71151733398438,1814963
2023-10-18,185.5703582763672,196.30137634277344,198.2836456298828,194.93955993652344,197.50201416015625,2286418
2023-10-19,185.32662963867188,196.04351806640625,199.2506103515625,195.2779998779297,196.7364959716797,1723004
2023-10-20,183.29273986816406,193.89202880859375,198.07412719726562,192.28042602539062,196.92184448242188,2085128
2023-10-23,181.27410888671875,191.75665283203125,194.89122009277344,190.93472290039062,193.1506805419922,1666539
2023-10-24,184.1001739501953,194.7461700439453,195.86624145507812,192.65109252929688,192.83642578125,1823650
2023-10-25,179.171630859375,189.5326385498047,194.50442504882812,188.8235321044922,193.96453857421875,2000988
2023-10-26,173.6260986328125,183.66639709472656,189.94358825683594,181.05560302734375,188.89605712890625,3707860
2023-10-27,174.31927490234375,184.39967346191406,187.90492248535156,182.98953247070312,184.09347534179688,2487585
2023-10-30,180.3980712890625,190.82997131347656,191.48268127441406,184.5850067138672,184.9556884765625,2583390
2023-10-31,182.89662170410156,193.47300720214844,193.94036865234375,190.7332763671875,191.92587280273438,1924046
2023-11-01,185.2808837890625,195.9951629638672,197.67929077148438,193.1426239013672,193.8436737060547,2580411
2023-11-02,188.34312438964844,199.23448181152344,200.82997131347656,197.5987091064453,197.5987091064453,1849338
2023-11-03,188.25933837890625,199.14584350585938,201.450439453125,198.95245361328125,200.81385803222656,1749190
2023-11-06,186.8805694580078,197.68734741210938,199.5970916748047,194.93150329589844,199.3231201171875,1263338
2023-11-07,186.0198211669922,196.77679443359375,197.93714904785156,195.2618865966797,195.78565979003906,1177213
2023-11-08,186.91104125976562,197.71957397460938,197.8726806640625,195.705078125,197.4133758544922,1371057
2023-11-09,183.72691345214844,194.35133361816406,199.0330352783203,193.9967803955078,198.67042541503906,1171628
2023-11-10,187.41378784179688,198.25140380859375,198.8638153076172,193.9967803955078,195.14102172851562,1538220
2023-11-13,186.92626953125,197.73570251464844,198.25946044921875,195.2457733154297,197.33279418945312,1174234
2023-11-14,193.6220703125,204.81869506835938,206.20468139648438,200.04835510253906,200.60435485839844,2356783
2023-11-15,196.09014892578125,207.4294891357422,211.05560302734375,204.61724853515625,204.61724853515625,2633278
2023-11-16,194.20101928710938,205.4311065673828,207.68734741210938,202.68331909179688,206.99435424804688,1856660
2023-11-17,194.97039794921875,206.24496459960938,207.5584259033203,204.37550354003906,206.97018432617188,1528167
2023-11-20,194.65805053710938,205.91458129882812,206.76873779296875,203.36825561523438,205.76954650878906,1491186
2023-11-21,194.90182495117188,206.1724395751953,206.75262451171875,204.08541870117188,205.52780151367188,1056960
2023-11-22,195.35887145996094,206.6559295654297,207.5423126220703,205.57614135742188,207.5423126220703,1184783
2023-11-24,196.23486328125,207.5825958251953,208.8718719482422,206.6559295654297,207.27638244628906,561180
2023-11-27,193.18026733398438,204.35133361816406,206.96212768554688,202.78807067871094,206.1482696533203,2218163
2023-11-28,193.0355224609375,204.19822692871094,206.52699279785156,203.19097900390625,204.7220001220703,1417098
2023-11-29,193.43165588378906,204.61724853515625,207.30056762695312,204.21434020996094,205.9548797607422,1256016
2023-11-30,197.16421508789062,208.565673828125,208.8557586669922,203.19903564453125,204.5366668701172,2241991
2023-12-01,201.4224090576172,213.07009887695312,213.77920532226562,208.3239288330078,208.8235321044922,2475671
2023-12-04,202.32127380371094,214.0209503173828,215.79371643066406,211.03143310546875,211.62771606445312,1762592
2023-12-05,202.68692016601562,214.40773010253906,215.37469482421875,211.53102111816406,212.90895080566406,1459664
2023-12-06,203.5476837158203,215.31829833984375,216.79290771484375,214.65753173828125,215.49557495117188,2046781
2023-12-07,203.8676300048828,215.65672302246094,216.74456787109375,213.95648193359375,215.9548797607422,1739137
2023-12-08,208.33729553222656,219.34730529785156,220.59629821777344,215.4552764892578,215.4875030517578,2539582
2023-12-11,207.70205688476562,218.67848205566406,220.7091064453125,218.44480895996094,219.14584350585938,1607716
2023-12-12,208.94961547851562,219.991943359375,222.6027374267578,219.2908935546875,220.37066650390625,1911016
2023-12-13,209.5771942138672,220.65269470214844,221.49073791503906,216.4061279296875,219.21031188964844,1861500
2023-12-14,213.88613891601562,225.18936157226562,227.4294891357422,222.3771209716797,223.6099853515625,3586118
2023-12-15,215.28672790527344,226.6639862060547,229.2667236328125,223.1184539794922,223.89202880859375,3434840
2023-12-18,215.76890563964844,227.171630859375,230.08058166503906,226.1402130126953,228.24334716796875,3064153
2023-12-19,214.2994384765625,225.62449645996094,228.50926208496094,224.41578674316406,226.48670959472656,8538452
2023-12-20,188.46868896484375,198.42868041992188,203.6099853515625,198.17083740234375,198.63014221191406,23351277
2023-12-21,189.31822204589844,199.3231201171875,200.4431915283203,197.123291015625,199.92747497558594,7261960
2023-12-22,189.8310089111328,199.86300659179688,200.9830780029297,198.1063690185547,199.21031188964844,4154123
2023-12-26,192.86181640625,203.05398559570312,204.10153198242188,200.80580139160156,201.450439453125,4460775
2023-12-27,192.0582275390625,202.20790100097656,205.19741821289062,202.03062438964844,203.67445373535156,3889790
2023-12-28,194.07875061035156,204.33522033691406,204.65753173828125,201.93392944335938,202.07896423339844,2788403
2023-12-29,193.61187744140625,203.8436737060547,205.9871063232422,202.95729064941406,204.7300567626953,2418709
2024-01-02,193.05316162109375,203.25543212890625,203.8195037841797,201.63577270507812,202.66720581054688,3087608
2024-01-03,189.53253173828125,199.5487518310547,201.6680145263672,198.06607055664062,201.6680145263672,3660826
2024-01-04,187.73394775390625,197.65512084960938,199.62933349609375,197.48590087890625,199.23448181152344,3613544
2024-01-05,188.8972625732422,198.8799285888672,200.50765991210938,197.02659606933594,197.4536590576172,2814836
2024-01-08,190.25961303710938,200.31427001953125,201.32151794433594,198.3158721923828,200.05641174316406,2763335
2024-01-09,189.23402404785156,199.23448181152344,200.4109649658203,198.74295043945312,199.11361694335938,1878998
2024-01-10,191.95872497558594,202.1031494140625,202.32876586914062,198.25140380859375,198.8638153076172,2443157
2024-01-11,191.98934936523438,202.1353759765625,202.844482421875,200.15310668945312,201.56324768066406,2507316
2024-01-12,190.2443084716797,200.2981414794922,202.68331909179688,199.5165252685547,201.6680145263672,1990564
2024-01-16,187.54261779785156,197.4536590576172,199.23448181152344,196.34165954589844,199.23448181152344,3481005
2024-01-17,186.20326232910156,196.04351806640625,197.25221252441406,194.60113525390625,195.0040283203125,2363112
2024-01-18,186.80023193359375,196.6720428466797,197.35696411132812,195.0040283203125,197.35696411132812,2476167
2024-01-19,188.6829833984375,198.65431213378906,198.75100708007812,195.0201416015625,197.25221252441406,3016251
2024-01-22,191.8668975830078,202.00643920898438,202.844482421875,199.35536193847656,199.35536193847656,2854300
2024-01-23,191.98934936523438,202.1353759765625,202.93312072753906,200.88638305664062,202.4012908935547,2027422
2024-01-24,191.13214111328125,201.23287963867188,204.286865234375,200.4754180908203,203.19903564453125,3060927
2024-01-25,193.73434448242188,203.9726104736328,205.35858154296875,202.6269073486328,202.94117736816406,2127695
2024-01-26,192.52508544921875,202.69943237304688,205.0281982421875,202.07896423339844,204.20628356933594,2178948
2024-01-29,189.8310089111328,199.86300659179688,202.26429748535156,198.23529052734375,202.1434326171875,3241740
2024-01-30,186.5706329345703,196.4302978515625,199.07333374023438,194.48025512695312,196.06768798828125,4916222
2024-01-31,184.67254638671875,194.43191528320312,196.97824096679688,193.8275604248047,196.1402130126953,3711335
2024-02-01,185.17767333984375,194.9637451171875,195.4794464111328,192.73167419433594,194.5124969482422,2999621
2024-02-02,185.49147033691406,195.2941131591797,196.4705810546875,192.860595703125,194.60113525390625,2481007
2024-02-05,182.39178466796875,192.03062438964844,194.68170166015625,191.74053955078125,194.0290069580078,3257501
2024-02-06,184.69549560546875,194.45608520507812,196.4383544921875,192.35293579101562,192.50604248046875,3257625
2024-02-07,185.31541442871094,195.10877990722656,196.03546142578125,193.65834045410156,195.0201416015625,2674976
2024-02-08,185.02459716796875,194.80258178710938,196.08380126953125,193.72280883789062,194.92344665527344,2292499
2024-02-09,185.6904296875,195.50363159179688,195.66477966308594,193.49717712402344,195.05238342285156,2216798
2024-02-12,187.0834197998047,196.97018432617188,197.09912109375,194.89122009277344,195.57614135742188,2200541
2024-02-13,180.92227172851562,190.4834747314453,194.06930541992188,189.40370178222656,193.9967803955078,3119378
2024-02-14,181.25904846191406,190.83802795410156,191.53907775878906,189.61322021484375,191.31346130371094,1804414
2024-02-15,181.0218048095703,190.58824157714844,192.03868103027344,189.959716796875,190.38677978515625,1886816
2024-02-16,181.84068298339844,191.450439453125,191.93392944335938,188.92022705078125,190.01611328125,2621985
2024-02-20,183.33316040039062,193.02175903320312,193.1184539794922,189.62127685546875,190.58824157714844,2074456
2024-02-21,184.76437377929688,194.5286102294922,194.63336181640625,191.95004272460938,193.1667938232422,1856536
2024-02-22,186.86911010742188,196.74456787109375,196.8573760986328,194.66558837890625,195.11683654785156,1669021
2024-02-23,186.33334350585938,196.1804962158203,197.3811492919922,195.4230499267578,196.80096435546875,1400841
2024-02-26,184.5424041748047,194.294921875,196.52699279785156,193.8114471435547,194.6978302001953,1606723
2024-02-27,184.75672912597656,194.5205535888672,195.4875030517578,194.11764526367188,194.45608520507812,1278106
2024-02-28,187.02981567382812,196.9137725830078,197.03465270996094,192.64303588867188,192.8525390625,1790267
2024-02-29,190.55047607421875,200.62046813964844,201.0153045654297,197.5906524658203,198.04995727539062,3461397
2024-03-01,188.736572265625,198.71072387695312,200.78968811035156,197.8807373046875,199.87107849121094,2088107
2024-03-04,188.86668395996094,198.8477020263672,199.91941833496094,197.04270935058594,197.4536590576172,1978899
2024-03-05,190.35914611816406,200.4190216064453,200.4754180908203,197.5503692626953,197.8887939453125,1713821
2024-03-06,190.11419677734375,200.16116333007812,202.78001403808594,199.37953186035156,201.29734802246094,2047526
2024-03-07,191.52244567871094,201.64382934570312,202.3932342529297,200.63658142089844,201.21676635742188,1906921
2024-03-08,190.52247619628906,199.5809783935547,201.6841278076172,199.42788696289062,201.50685119628906,1386197
2024-03-11,194.3839874267578,203.62611389160156,204.19017028808594,199.7099151611328,199.7099151611328,1830475
2024-03-12,195.55322265625,204.85092163085938,208.06607055664062,204.0209503173828,204.06930541992188,2373164
2024-03-13,196.3224639892578,205.65672302246094,208.04190063476562,205.60838317871094,205.92263793945312,1851944
2024-03-14,196.56089782714844,205.90652465820312,206.57534790039062,204.31103515625,205.21353149414062,1655370
2024-03-15,194.8378448486328,204.10153198242188,206.1321563720703,203.3279571533203,203.76309204101562,4091205
2024-03-18,194.75320434570312,204.0128936767578,205.4311065673828,202.80418395996094,204.12570190429688,1934223
2024-03-19,197.3993377685547,206.78485107421875,207.30862426757812,203.47300720214844,203.8114471435547,1792376
2024-03-20,199.9916534423828,209.50039672851562,209.65350341796875,205.4875030517578,206.78485107421875,2345738
2024-03-21,203.7301025390625,213.41659545898438,213.96453857421875,209.13778686523438,209.14584350585938,6055335
2024-03-22,218.70700073242188,229.10556030273438,234.7058868408203,226.75262451171875,230.4593048095703,10159571
2024-03-25,217.36082458496094,227.69540405273438,228.05801391601562,223.65028381347656,226.25302124023438,3758244
2024-03-26,222.29928588867188,232.86865234375,234.38356018066406,227.92909240722656,228.1466522216797,5618752
2024-03-27,221.44541931152344,231.97421264648438,233.5294189453125,229.08944702148438,233.5294189453125,2217047
2024-03-28,222.87619018554688,233.47300720214844,234.0370635986328,230.82997131347656,231.49073791503906,2048519
2024-04-01,215.48391723632812,225.729248046875,231.33763122558594,225.11683654785156,229.0410919189453,3454944
2024-04-02,211.76084899902344,221.82916259765625,223.95648193359375,220.66075134277344,222.81224060058594,3122852
2024-04-03,214.22238159179688,224.40773010253906,225.33441162109375,221.59548950195312,222.94923400878906,2240998
2024-04-04,211.93008422851562,222.00643920898438,226.58340454101562,221.11199951171875,225.9709930419922,2279097
2024-04-05,210.39932250976562,220.4029083251953,222.36099243164062,219.3070068359375,221.59548950195312,1947005
2024-04-08,211.9762420654297,222.05479431152344,222.8203125,220.9991912841797,221.57937622070312,2542437
2024-04-09,212.59161376953125,222.69943237304688,222.844482421875,220.4673614501953,221.61965942382812,1518736
2024-04-10,207.92239379882812,217.80821228027344,220.6849365234375,215.76148986816406,219.36341857910156,3230447
2024-04-11,209.36854553222656,219.3231201171875,220.0322265625,217.32473754882812,217.8807373046875,1280588
2024-04-12,205.99932861328125,215.79371643066406,218.95245361328125,214.2626953125,218.46092224121094,1460037
2024-04-15,205.18394470214844,214.93955993652344,218.8638153076172,214.46414184570312,218.22723388671875,1239635
2024-04-16,203.79934692382812,213.48912048339844,215.0281982421875,212.05479431152344,214.81063842773438,1763585
2024-04-17,202.36087036132812,211.98226928710938,214.286865234375,211.29734802246094,213.05398559570312,1702404
2024-04-18,202.59165954589844,212.22401428222656,213.69862365722656,211.1845245361328,212.8203125,1319928
2024-04-19,205.37625122070312,215.14102172851562,216.8412628173828,212.29653930664062,212.92506408691406,2350826
2024-04-22,207.8070068359375,217.68734741210938,219.12973022460938,215.16519165039062,216.49476623535156,1547031
2024-04-23,209.0377960205078,218.9766387939453,220.7171630859375,217.5664825439453,217.90492248535156,1473067
2024-04-24,204.66854858398438,214.39967346191406,218.63819885253906,212.3932342529297,217.97743225097656,2105481
2024-04-25,204.24549865722656,213.95648193359375,214.18211364746094,211.6841278076172,212.68331909179688,1087240
2024-04-26,204.49163818359375,214.21434020996094,215.51168823242188,212.1756591796875,212.83642578125,1189995
2024-04-29,204.5070343017578,214.23045349121094,216.1482696533203,212.69943237304688,214.7703399658203,976419
2024-04-30,201.3685760498047,210.9427947998047,213.51329040527344,210.84608459472656,213.40853881835938,1059690
2024-05-01,200.5608673095703,210.09669494628906,211.95004272460938,209.33119201660156,210.83802795410156,1118141
2024-05-02,201.56089782714844,211.1442413330078,212.63497924804688,209.5165252685547,212.1595458984375,1627696
2024-05-03,200.49935913085938,210.0322265625,213.9967803955078,209.38758850097656,212.32876586914062,1346609
2024-05-06,200.22244262695312,209.7421417236328,211.92587280273438,209.64544677734375,211.79693603515625,1153634
2024-05-07,199.59165954589844,209.08139038085938,211.1522979736328,208.2917022705078,210.49960327148438,1682920
2024-05-08,198.4685821533203,207.90492248535156,208.70265197753906,206.1321563720703,207.71957397460938,1804290
2024-05-09,201.58395385742188,211.1684112548828,211.53102111816406,208.04190063476562,208.04190063476562,1146312
2024-05-10,204.4070281982422,214.12570190429688,214.302978515625,211.1684112548828,211.1684112548828,1355668
2024-05-13,205.29934692382812,215.06044006347656,216.22079467773438,213.5616455078125,214.36744689941406,2526924
2024-05-14,199.26089477539062,208.73489379882812,215.65672302246094,208.17889404296875,215.32635498046875,3144694
2024-05-15,199.47630310058594,208.96051025390625,210.09669494628906,208.04995727539062,209.5084686279297,1421690
2024-05-16,199.0609130859375,208.525390625,210.3061981201172,207.4214324951172,208.3480987548828,1410148
2024-05-17,197.88397216796875,207.29251098632812,209.5729217529297,206.51087951660156,209.5729217529297,1761848
2024-05-20,195.9301300048828,205.2457733154297,207.4214324951172,204.7300567626953,207.08299255371094,1116155
2024-05-21,194.09934997558594,203.3279571533203,205.31829833984375,202.19984436035156,204.67364501953125,1274755
2024-05-22,193.89938354492188,203.1184539794922,203.5938720703125,201.28121948242188,203.06204223632812,2191606
2024-05-23,191.7609405517578,200.87832641601562,203.18292236328125,198.95245361328125,202.69943237304688,1795107
2024-05-24,190.45323181152344,199.5084686279297,202.1676025390625,198.47703552246094,201.450439453125,1360881
2024-05-28,190.7993927001953,199.87107849121094,200.9911346435547,198.7993621826172,199.19419860839844,1526182
2024-05-29,188.54554748535156,197.51007080078125,199.0572052001953,196.8654327392578,198.0983123779297,1375028
2024-05-30,191.98397827148438,201.11199951171875,201.20870971679688,197.8323974609375,198.3480987548828,1345616
2024-05-31,195.3531951904297,204.64141845703125,204.93955993652344,199.93553161621094,201.450439453125,2167903
2024-06-03,191.24554443359375,200.33843994140625,204.66558837890625,198.7993621826172,204.17405700683594,1749562
2024-06-04,189.19171142578125,198.18695068359375,200.10475158691406,196.82513427734375,199.83883666992188,1555718
2024-06-05,190.80706787109375,199.87913513183594,200.11280822753906,196.99435424804688,199.7582550048828,1154378
2024-06-06,192.5147705078125,201.6680145263672,202.48992919921875,199.2828369140625,199.87913513183594,1453459
2024-06-07,190.56092834472656,199.62127685546875,202.5543975830078,199.15391540527344,199.80661010742188,1590838
2024-06-10,195.16860961914062,204.44802856445312,204.84286499023438,198.1627655029297,199.0330352783203,1830847
2024-06-11,194.17630004882812,203.40853881835938,203.5374755859375,201.36985778808594,203.19097900390625,1460533
2024-06-12,191.23016357421875,200.32232666015625,204.91539001464844,199.94358825683594,204.17405700683594,1930872
2024-06-13,191.23016357421875,200.32232666015625,201.04754638671875,196.82513427734375,200.75746154785156,1260360
2024-06-14,189.5609130859375,198.57373046875,199.7663116455078,195.745361328125,198.67042541503906,1546038
2024-06-17,192.35324096679688,201.49879455566406,201.82916259765625,197.30056762695312,197.8565673828125,1553980
2024-06-18,190.83786010742188,199.91136169433594,203.39242553710938,199.5165252685547,201.61160278320312,1869070
2024-06-20,194.2455291748047,203.48106384277344,204.14987182617188,200.21755981445312,200.4512481689453,1847353
2024-06-21,195.1224365234375,204.39967346191406,206.1966094970703,202.74778747558594,203.8517303466797,3899843
2024-06-24,198.3940887451172,206.6962127685547,207.34085083007812,203.9806671142578,204.65753173828125,2354425
2024-06-25,198.2935333251953,206.59146118164062,206.92990112304688,203.5455322265625,206.4061279296875,6933095
2024-06-26,229.0840301513672,238.67042541503906,239.21031188964844,228.8477020263672,232.4174041748047,13807490
2024-06-27,228.52716064453125,238.0902557373047,238.39645385742188,232.4012908935547,236.1966094970703,4950597
2024-06-28,231.90707397460938,241.61160278320312,243.68251037597656,236.4544677734375,236.82513427734375,5310115
2024-07-01,231.00990295410156,240.6768798828125,242.77195739746094,239.49234008789062,240.22561645507812,3064153
2024-07-02,230.65411376953125,240.3061981201172,242.71554565429688,238.91217041015625,238.91217041015625,2276490
2024-07-03,227.16590881347656,236.6720428466797,241.33763122558594,235.81788635253906,241.1281280517578,1581406
2024-07-05,227.3902130126953,236.9057159423828,237.68734741210938,235.35052490234375,236.6720428466797,1836928
2024-07-08,228.57354736328125,238.1385955810547,240.040283203125,236.59951782226562,237.31668090820312,1902453
2024-07-09,226.40794372558594,235.88235473632812,239.19419860839844,235.713134765625,238.51731872558594,1553856
2024-07-10,226.82557678222656,236.31748962402344,236.63174438476562,233.24737548828125,235.88235473632812,1820051
2024-07-11,231.67503356933594,241.36985778808594,242.49798583984375,237.4536590576172,237.70346069335938,2308260
2024-07-12,231.27285766601562,240.9508514404297,242.5543975830078,239.87107849121094,240.58016967773438,1794114
2024-07-15,235.91346740722656,245.78565979003906,246.24496459960938,240.9830780029297,242.1112060546875,2567257
2024-07-16,242.4876708984375,252.63497924804688,252.892822265625,246.3900146484375,246.4464111328125,3490437
2024-07-17,240.09779357910156,250.14505004882812,252.75584411621094,248.2675323486328,250.14505004882812,1970832
2024-07-18,237.15097045898438,247.07493591308594,252.34487915039062,246.28524780273438,248.9766387939453,1989323
2024-07-19,236.91119384765625,246.82513427734375,248.77517700195312,244.9798583984375,247.07493591308594,1606599
2024-07-22,237.77745056152344,247.72764587402344,247.97743225097656,242.86865234375,247.3811492919922,1755022
2024-07-23,232.6495819091797,242.3851776123047,245.0362548828125,239.92747497558594,240.93472290039062,2815084
2024-07-24,230.70050048828125,240.35455322265625,242.3932342529297,238.9846954345703,242.3932342529297,1912505
2024-07-25,230.94029235839844,240.60435485839844,244.39161682128906,240.13699340820312,240.36260986328125,1566887
2024-07-26,232.1391143798828,241.8533477783203,243.49717712402344,239.7018585205078,241.61965942382812,1490193
2024-07-29,231.43527221679688,241.1200714111328,243.3279571533203,240.17727661132812,241.99838256835938,1073341
2024-07-30,232.71144104003906,242.4496307373047,244.15794372558594,241.1845245361328,241.7082977294922,1288779
2024-07-31,233.7710723876953,243.5535888671875,246.26107788085938,242.4496307373047,242.5866241455078,1175723
2024-08-01,230.3524627685547,239.991943359375,246.4705810546875,238.75100708007812,244.33522033691406,1901957
2024-08-02,226.0753631591797,235.53585815429688,237.34085083007812,231.8533477783203,236.08380126953125,2795601
2024-08-05,218.95201110839844,228.1144256591797,233.02175903320312,225.3021697998047,229.33924865722656,3330844
2024-08-06,220.99388122558594,230.2417449951172,233.44078063964844,227.69540405273438,229.49234008789062,1767805
2024-08-07,215.11578369140625,224.11764526367188,232.876708984375,223.25543212890625,232.876708984375,2222631
2024-08-08,215.49478149414062,224.5124969482422,227.07493591308594,222.77195739746094,224.91539001464844,1952589
2024-08-09,214.5588836669922,223.5374755859375,223.9887237548828,220.91055297851562,223.5616455078125,1558820
2024-08-12,215.90467834472656,224.93955993652344,226.76068115234375,223.6019287109375,224.9879150390625,1547775
2024-08-13,218.9597625732422,228.1224822998047,228.35617065429688,224.9798583984375,225.80982971191406,1528912
2024-08-14,219.1376495361328,228.3078155517578,229.67767333984375,227.8968505859375,228.2917022705078,953336
2024-08-15,219.79505920410156,228.9927520751953,235.05238342285156,227.75181579589844,231.50685119628906,1604489
2024-08-16,220.73866271972656,229.975830078125,230.09669494628906,224.93955993652344,228.8477020263672,1636010
2024-08-19,223.07444763183594,232.4093475341797,232.77195739746094,230.07252502441406,230.36260986328125,997888
2024-08-20,223.0898895263672,232.4254608154297,232.876708984375,230.82997131347656,232.06285095214844,734300
2024-08-21,225.4720916748047,234.90733337402344,235.80177307128906,233.1103973388672,234.294921875,976915
2024-08-22,227.6067657470703,237.13134765625,237.4133758544922,234.22239685058594,235.77760314941406,1216180
2024-08-23,229.84971618652344,239.46817016601562,240.58824157714844,237.5825958251953,238.44480895996094,1074210
2024-08-26,229.89614868164062,239.5165252685547,241.1845245361328,238.3158721923828,240.58824157714844,957556
2024-08-27,228.08628845214844,237.6309356689453,239.83883666992188,235.88235473632812,239.5084686279297,1028293
2024-08-28,229.03762817382812,238.62208557128906,239.79049682617188,237.06687927246094,237.63900756835938,883840
2024-08-29,229.1304473876953,238.71878051757812,241.08782958984375,238.0821990966797,239.92747497558594,905930
2024-08-30,231.07948303222656,240.7493896484375,241.0153045654297,237.47784423828125,239.39564514160156,1361253
2024-09-03,226.98802185058594,236.48670959472656,239.45205688476562,234.93955993652344,238.565673828125,1413251
2024-09-04,226.4929962158203,235.9709930419922,238.00161743164062,235.2941131591797,236.8332061767578,892279
2024-09-05,220.66905212402344,229.90330505371094,236.8654327392578,228.64625549316406,236.4705810546875,1635638
2024-09-06,218.91331481933594,228.07412719726562,232.07896423339844,227.75987243652344,229.959716796875,1386693
2024-09-09,220.18800354003906,228.2836456298828,230.60435485839844,227.98548889160156,228.44480895996094,1092080
2024-09-10,220.61546325683594,228.72683715820312,229.5084686279297,225.68896484375,228.78323364257812,1166664
2024-09-11,221.4004669189453,229.5406951904297,229.95164489746094,223.92425537109375,227.76792907714844,1163686
2024-09-12,222.28651428222656,230.4593048095703,232.32070922851562,229.11361694335938,230.19338989257812,1064778
2024-09-13,222.58184814453125,230.76551818847656,231.7244110107422,226.32554626464844,231.7244110107422,1417967
2024-09-16,227.4395294189453,235.80177307128906,236.75262451171875,232.35293579101562,233.47300720214844,1416602
2024-09-17,231.10023498535156,239.5970916748047,242.1031494140625,237.46978759765625,238.51731872558594,1652143
2024-09-18,231.745361328125,240.2659149169922,242.5543975830078,238.1305389404297,238.1305389404297,1704514
2024-09-19,233.47076416015625,242.05479431152344,248.18695068359375,240.024169921875,245.06849670410156,5237641
2024-09-20,197.91268920898438,205.18936157226562,211.57131958007812,204.270751953125,210.12892150878906,21662276
2024-09-23,201.13819885253906,208.533447265625,210.09669494628906,205.88235473632812,205.89041137695312,4629675
2024-09-24,207.62026977539062,215.2538299560547,216.22079467773438,208.7993621826172,208.7993621826172,5099269
2024-09-25,205.00880432128906,212.5463409423828,215.76954650878906,211.80499267578125,214.35133361816406,3218782
2024-09-26,206.99847412109375,214.60919189453125,218.36422729492188,213.70669555664062,215.22158813476562,2311238
2024-09-27,207.94668579101562,215.59226989746094,217.95326232910156,214.7461700439453,215.2296600341797,2257627
2024-09-30,212.71107482910156,220.53182983398438,223.00564575195312,216.80902099609375,217.26026916503906,3606470
2024-10-01,209.50892639160156,217.21192932128906,221.8533477783203,215.9548797607422,220.6768798828125,2114416
2024-10-02,207.46482849121094,215.09266662597656,217.1796875,214.63336181640625,216.7042694091797,1745342
2024-10-03,203.69528198242188,211.1845245361328,214.5366668701172,210.61241149902344,214.34327697753906,2150777
2024-10-04,202.73150634765625,210.18533325195312,213.5616455078125,208.92022705078125,213.37631225585938,2031889
2024-10-07,202.46725463867188,209.91136169433594,210.4834747314453,207.97743225097656,209.0088653564453,1665794
2024-10-08,203.16676330566406,210.63658142089844,211.36180114746094,208.9927520751953,210.2659149169922,1331717
2024-10-09,205.68495178222656,213.24737548828125,215.22158813476562,211.7163543701172,212.35293579101562,1623600
2024-10-10,205.39736938476562,212.94923400878906,214.3271484375,212.08702087402344,212.20790100097656,1083145
2024-10-11,205.46734619140625,213.02175903320312,215.2941131591797,212.86865234375,213.8195037841797,1198434
2024-10-14,207.8689727783203,215.51168823242188,215.87429809570312,212.69137573242188,213.00564575195312,1144574
2024-10-15,206.67982482910156,214.27880859375,216.81707763671875,214.0531768798828,215.76954650878906,1691731
2024-10-16,211.24990844726562,219.0169219970703,219.90330505371094,216.28524780273438,216.76068115234375,2126702
2024-10-17,213.161865234375,220.9991912841797,222.03868103027344,217.69540405273438,218.95245361328125,1989323
2024-10-18,213.2706756591797,221.11199951171875,222.49798583984375,219.5890350341797,222.49798583984375,1510173
2024-10-21,208.92599487304688,216.60757446289062,220.2417449951172,215.76148986816406,219.77438354492188,1790763
2024-10-22,209.68768310546875,217.3972625732422,218.45286560058594,215.729248046875,215.9468231201172,1206252
2024-10-23,208.33529663085938,215.9951629638672,217.92103576660156,215.0120849609375,216.92184448242188,1430749
2024-10-24,212.08152770996094,219.87913513183594,224.5688934326172,218.21112060546875,223.94842529296875,2030028
2024-10-25,211.49862670898438,219.2747802734375,222.1434326171875,219.08139038085938,221.0072479248047,1036483
2024-10-28,214.0867919921875,221.95809936523438,222.28042602539062,219.2747802734375,219.67767333984375,1464132
2024-10-29,213.76809692382812,221.62771606445312,223.3037872314453,219.98388671875,220.49960327148438,1476914
2024-10-30,213.02197265625,220.85415649414062,224.44802856445312,220.7171630859375,220.85415649414062,1485229
2024-10-31,212.8432159423828,220.66880798339844,222.98146057128906,219.991943359375,220.2900848388672,1364480
2024-11-01,213.23182678222656,221.07171630859375,223.5938720703125,220.12086486816406,220.61241149902344,1700666
2024-11-04,210.76800537109375,218.51731872558594,221.57937622070312,218.1224822998047,220.78968811035156,1265820
2024-11-05,214.06346130371094,221.93392944335938,221.95809936523438,217.1796875,218.48509216308594,1177213
2024-11-06,217.6697998046875,225.6728515625,226.59146118164062,218.8718719482422,222.4012908935547,3275992
2024-11-07,220.1180419921875,228.21112060546875,230.05641174316406,225.62449645996094,227.18775939941406,1634645
2024-11-08,222.50413513183594,230.6849365234375,232.95729064941406,227.92909240722656,228.67042541503906,2152266
2024-11-11,225.23219299316406,233.51329040527344,236.4625244140625,232.63497924804688,232.63497924804688,1978030
2024-11-12,223.27359008789062,231.48268127441406,234.7058868408203,229.991943359375,233.44883728027344,1533256
2024-11-13,226.8643798828125,235.20547485351562,236.9057159423828,231.57131958007812,231.57131958007812,2354053
2024-11-14,227.17527770996094,235.52780151367188,237.90492248535156,235.06849670410156,236.1563262939453,1549140
2024-11-15,228.86183166503906,237.27638244628906,238.41256713867188,234.44802856445312,234.44802856445312,1868698
2024-11-18,229.44473266601562,237.8807373046875,239.79049682617188,236.4302978515625,236.59146118164062,1811860
2024-11-19,227.7737274169922,236.1482696533203,237.90492248535156,234.48025512695312,234.9637451171875,1829979
2024-11-20,223.86427307128906,232.09507751464844,237.25221252441406,229.85494995117188,236.8332061767578,1728465
2024-11-21,229.4058837890625,237.8404541015625,238.1466522216797,232.1112060546875,232.1112060546875,1981753
2024-11-22,233.1443634033203,241.7163543701172,243.65834045410156,237.8485107421875,238.67042541503906,2290638
2024-11-25,237.17034912109375,245.89041137695312,248.614013671875,242.21595764160156,243.06204223632812,2997760
2024-11-26,235.48377990722656,244.14181518554688,244.9637451171875,241.42626953125,244.20628356933594,2071601
2024-11-27,235.80247497558594,244.47219848632812,245.59226989746094,243.00564575195312,244.7542266845703,1140975
2024-11-29,235.2428436279297,243.89202880859375,245.57614135742188,243.24737548828125,244.19017028808594,825886
2024-12-02,230.5950469970703,239.07333374023438,243.36825561523438,236.76068115234375,243.02175903320312,1959167
2024-12-03,219.8382568359375,227.92103576660156,237.30862426757812,227.80015563964844,237.30862426757812,3262589
2024-12-04,220.28904724121094,228.38839721679688,230.37872314453125,225.64060974121094,227.00241088867188,2283564
2024-12-05,217.17236328125,225.15713500976562,230.2820281982422,224.9959716796875,229.0008087158203,1876888
2024-12-06,218.15167236328125,226.1724395751953,227.5987091064453,223.8114471435547,226.74456787109375,2580039
2024-12-09,218.33131408691406,225.2457733154297,227.8968505859375,224.81869506835938,226.34165954589844,1694958
2024-12-10,218.1672821044922,225.07655334472656,226.3980712890625,223.62611389160156,225.4713897705078,1120375
2024-12-11,219.6044464111328,226.55921936035156,227.3972625732422,224.62530517578125,225.38275146484375,1497887
2024-12-12,221.58053588867188,228.597900390625,229.2506103515625,225.11683654785156,226.8412628173828,1346361
2024-12-13,221.3696746826172,228.38034057617188,228.93634033203125,227.115234375,228.3078155517578,1197193
2024-12-16,221.38526916503906,228.39645385742188,230.6849365234375,227.8485107421875,228.3480987548828,1969591
2024-12-17,216.6910858154297,223.5535888671875,227.5906524658203,221.39404296875,226.4302978515625,3011038
2024-12-18,213.3559112548828,220.11280822753906,226.6800994873047,219.86300659179688,223.78726196289062,2367208
2024-12-19,215.4804229736328,222.30459594726562,224.39967346191406,220.13699340820312,221.20870971679688,5216544
2024-12-20,215.36325073242188,222.1837158203125,237.90492248535156,218.2917022705078,236.9057159423828,10085359
2024-12-23,210.11448669433594,216.76873779296875,221.6841278076172,213.6099853515625,221.59548950195312,4344369
2024-12-24,212.3249053955078,219.0491485595703,219.60516357421875,215.63255310058594,216.76068115234375,1257257
2024-12-26,217.6517791748047,224.5447235107422,225.86624145507812,217.80821228027344,217.8485107421875,2205629
2024-12-27,218.97958374023438,225.91458129882812,226.9137725830078,222.83642578125,223.47300720214844,1927521
2024-12-30,219.12799072265625,226.06768798828125,227.5664825439453,221.99838256835938,223.05398559570312,1969963
2024-12-31,219.73721313476562,226.6962127685547,228.95245361328125,226.09185791015625,226.8493194580078,1609329
2025-01-02,214.23069763183594,221.0153045654297,227.21998596191406,220.0322265625,226.8654327392578,1586246
2025-01-03,214.33224487304688,221.1200714111328,222.32070922851562,219.0169219970703,221.27316284179688,1465745
2025-01-06,213.98858642578125,220.76551818847656,224.5769500732422,219.47622680664062,222.30459594726562,2048891
2025-01-07,214.7930908203125,221.59548950195312,224.0128936767578,220.33038330078125,220.82997131347656,1883714
2025-01-08,214.7149658203125,221.51490783691406,223.1426239013672,220.85415649414062,221.61160278320312,2439310
2025-01-10,211.45791625976562,218.1547088623047,221.2006378173828,217.92909240722656,221.2006378173828,1831220
2025-01-13,214.47283935546875,221.26510620117188,221.76470947265625,216.1321563720703,216.35777282714844,1697316
2025-01-14,216.8394775390625,223.70669555664062,223.9806671142578,221.0072479248047,221.59548950195312,1688877
2025-01-15,216.03497314453125,222.876708984375,226.49476623535156,222.6269073486328,226.0273895263672,2293368
2025-01-16,216.64419555664062,223.50523376464844,223.9806671142578,220.56405639648438,222.884765625,1759242
2025-01-17,214.87118530273438,221.6760711669922,223.5777587890625,221.35374450683594,223.0862274169922,1963014
2025-01-21,215.23829650878906,222.05479431152344,224.254638671875,219.87107849121094,221.99032592773438,1818313
2025-01-22,211.22360229492188,217.91297912597656,221.450439453125,217.09104919433594,221.0072479248047,2430250
2025-01-23,210.9111785888672,217.5906524658203,218.63819885253906,216.0193328857422,218.04995727539062,2182547
2025-01-24,213.45745849609375,220.21755981445312,220.38677978515625,217.18775939941406,217.5664825439453,1916725
2025-01-27,219.89344787597656,226.8573760986328,227.155517578125,220.66075134277344,220.66075134277344,1927149
2025-01-28,217.64398193359375,224.5366668701172,226.48670959472656,224.06930541992188,226.4141845703125,1294611
2025-01-29,214.83993530273438,221.64382934570312,225.12489318847656,221.60354614257812,224.5366668701172,1338294
2025-01-30,210.2941131591797,216.95407104492188,218.46092224121094,212.1676025390625,213.5374755859375,3508803
2025-01-31,206.880859375,213.43270874023438,218.36422729492188,212.5624542236328,217.64706420898438,2905429
2025-02-03,193.1887969970703,199.3070068359375,208.533447265625,198.8074188232422,207.52618408203125,4684403
2025-02-04,196.0084686279297,202.21595764160156,202.47381591796875,199.0169219970703,200.66075134277344,2712454
2025-02-05,197.1488037109375,203.39242553710938,203.69862365722656,200.2417449951172,201.8452911376953,1904935
2025-02-06,202.11636352539062,208.51731872558594,209.2667236328125,203.8597869873047,204.254638671875,3151768
2025-02-07,200.01531982421875,206.34971618652344,208.90411376953125,205.37469482421875,208.65431213378906,1728589
2025-02-10,201.69461059570312,208.0821990966797,208.50120544433594,204.7381134033203,207.18775939941406,1509428
2025-02-11,204.06121826171875,210.52377319335938,211.20870971679688,207.107177734375,208.38034057617188,1755767
2025-02-12,205.1469268798828,211.64382934570312,212.30459594726562,207.80821228027344,207.94520568847656,2423301
2025-02-13,205.51402282714844,212.02256774902344,213.6019287109375,211.1522979736328,211.32957458496094,1617644
2025-02-14,209.14598083496094,215.76954650878906,216.34165954589844,213.04592895507812,213.04592895507812,1569865
2025-02-18,208.8960418701172,215.51168823242188,217.115234375,213.90814208984375,216.7203826904297,1151152
2025-02-19,208.44300842285156,215.0443115234375,216.3900146484375,213.01370239257812,214.60919189453125,1187885
2025-02-20,209.68490600585938,216.32554626464844,216.63980102539062,213.6099853515625,214.7381134033203,877511
2025-02-21,198.5391082763672,204.82675170898438,216.0112762451172,196.97824096679688,216.0112762451172,5375143
2025-02-24,198.03140258789062,204.302978515625,206.22079467773438,202.75584411621094,205.07655334472656,1801436
2025-02-25,200.32774353027344,206.6720428466797,206.8412628173828,204.319091796875,205.21353149414062,1650902
2025-02-26,200.04656982421875,206.38194274902344,208.60595703125,204.07736206054688,206.97824096679688,1360384
2025-02-27,201.93673706054688,208.3319854736328,210.76551818847656,205.90652465820312,207.23609924316406,1457430
2025-02-28,205.34219360351562,211.8452911376953,213.1023406982422,208.04190063476562,209.2989501953125,2436455
2025-03-03,202.11636352539062,208.51731872558594,213.5374755859375,207.21192932128906,212.4254608154297,1520721
2025-03-04,193.50123596191406,199.62933349609375,206.08380126953125,198.89605712890625,205.80177307128906,2897115
2025-03-05,195.58665466308594,201.78082275390625,203.2715606689453,199.44400024414062,199.91136169433594,1700915
2025-03-06,195.10240173339844,201.28121948242188,201.35374450683594,197.4214324951172,200.2498016357422,2361251
2025-03-07,198.32823181152344,204.60919189453125,204.62530517578125,199.7179718017578,201.1684112548828,1947501
2025-03-10,193.5926513671875,198.63819885253906,203.24737548828125,195.91458129882812,202.19178771972656,2057454
2025-03-11,190.80471801757812,195.77760314941406,199.12167358398438,194.82675170898438,198.1063690185547,2439806
2025-03-12,191.2366485595703,196.22079467773438,196.8493194580078,192.98953247070312,196.22885131835938,2113547
2025-03-13,189.24974060058594,194.18211364746094,198.39645385742188,193.1506805419922,196.4141845703125,1942661
2025-03-14,190.20785522460938,195.16519165039062,195.745361328125,193.1426239013672,195.0040283203125,1776864
2025-03-17,192.6423797607422,197.66317749023438,198.8638153076172,194.7461700439453,196.0273895263672,1575698
2025-03-18,193.03504943847656,198.06607055664062,199.17808532714844,196.28524780273438,197.64706420898438,1970212
2025-03-19,194.0717010498047,199.12973022460938,200.82191467285156,197.4214324951172,198.0821990966797,1850827
2025-03-20,193.35704040527344,198.39645385742188,201.61160278320312,195.81788635253906,197.33279418945312,3946504
2025-03-21,180.8859405517578,185.60032653808594,186.8412628173828,175.0362548828125,177.123291015625,11687986
2025-03-24,190.30209350585938,195.2618865966797,196.93795776367188,189.15391540527344,189.36341857910156,4962759
2025-03-25,189.32041931152344,194.254638671875,197.53424072265625,192.99758911132812,195.19741821289062,3312105
2025-03-26,191.36228942871094,196.34971618652344,197.52618408203125,193.39242553710938,195.0040283203125,2718907
2025-03-27,191.55862426757812,196.55116271972656,197.35696411132812,195.2296600341797,196.35777282714844,2077682
2025-03-28,189.8230438232422,194.7703399658203,197.23609924316406,193.90814208984375,195.89041137695312,2084632
2025-03-31,191.44866943359375,196.4383544921875,197.77598571777344,192.78807067871094,193.23931884765625,2582149
2025-04-01,190.0350799560547,194.9879150390625,196.97018432617188,192.77195739746094,196.61563110351562,1699674
2025-04-02,192.540283203125,197.5584259033203,198.00161743164062,193.65834045410156,193.8356170654297,1229707
2025-04-03,169.52215576171875,173.94036865234375,187.66317749023438,172.1756591796875,185.4794464111328,6287527
2025-04-04,165.01434326171875,169.3150634765625,172.4415740966797,164.302978515625,170.82997131347656,4490559
2025-04-07,161.174072265625,165.37469482421875,173.8436737060547,160.83802795410156,164.14987182617188,3752536
2025-04-08,155.5510711669922,159.60516357421875,170.3061981201172,157.5584259033203,168.25140380859375,2987832
2025-04-09,171.1556396484375,175.61643981933594,178.24334716796875,156.56729125976562,156.59951782226562,4379613
2025-04-10,162.09291076660156,166.31748962402344,172.03062438964844,162.28042602539062,171.1925811767578,3484108
2025-04-11,163.16879272460938,167.4214324951172,168.41256713867188,161.03948974609375,165.0201416015625,2727718
2025-04-14,165.27349853515625,169.5809783935547,172.5866241455078,168.65431213378906,170.63658142089844,1870435
2025-04-15,162.83895874023438,167.08299255371094,169.82272338867188,166.26107788085938,169.17002868652344,1341893
2025-04-16,159.86256408691406,164.0290069580078,166.80096435546875,161.99032592773438,165.59226989746094,1579048
2025-04-17,162.9960479736328,167.24415588378906,169.09750366210938,164.9879150390625,165.2457733154297,1373787
2025-04-21,161.08766174316406,165.2860565185547,166.23690795898438,162.04673767089844,166.23690795898438,1466986
2025-04-22,162.22640991210938,166.4544677734375,168.50120544433594,164.47219848632812,166.63980102539062,1699550
2025-04-23,165.73684692382812,170.05641174316406,176.05963134765625,169.3231201171875,170.9911346435547,1694958
2025-04-24,169.388671875,173.8033905029297,174.0612335205078,168.3239288330078,169.21836853027344,1405805
2025-04-25,166.14523315429688,170.4754180908203,172.1353759765625,167.6309356689453,171.78082275390625,1649165
2025-04-28,166.0980987548828,170.4270782470703,172.48187255859375,168.8557586669922,171.61965942382812,1688753
2025-04-29,164.8022918701172,169.09750366210938,170.07252502441406,167.4536590576172,167.78404235839844,2044299
2025-04-30,165.1792449951172,169.48428344726562,169.7099151611328,164.64947509765625,167.20387268066406,1587115
2025-05-01,164.9672393798828,169.2667236328125,170.7413330078125,167.47784423828125,169.47622680664062,1698184
2025-05-02,172.55355834960938,177.05076599121094,178.565673828125,170.7413330078125,172.8525390625,2706001
2025-05-05,170.4095916748047,174.85092163085938,177.09104919433594,174.39967346191406,175.06849670410156,1565770
2025-05-06,167.5980987548828,171.96615600585938,173.8356170654297,171.34568786621094,172.34487915039062,1370188
2025-05-07,169.28656005859375,173.69862365722656,174.7622833251953,172.08702087402344,172.5624542236328,1523576
2025-05-08,172.1530303955078,176.63980102539062,179.13778686523438,174.47219848632812,176.08380126953125,1655990
2025-05-09,171.06927490234375,175.52780151367188,177.5987091064453,174.93150329589844,176.1321563720703,1449364
2025-05-12,182.94351196289062,187.71151733398438,192.1112060546875,185.10072326660156,185.10072326660156,4208107
2025-05-13,181.52992248535156,186.26107788085938,189.40370178222656,185.6728515625,189.36341857910156,2793243
2025-05-14,182.04037475585938,186.78485107421875,187.1474609375,184.64141845703125,186.37388610839844,2778227
2025-05-15,181.4984893798828,186.22885131835938,188.5576171875,185.9548797607422,187.06687927246094,3257005
2025-05-16,180.24195861816406,184.93955993652344,187.34085083007812,182.63497924804688,186.55116271972656,2819552
2025-05-19,177.57969665527344,182.20790100097656,182.99758911132812,181.1522979736328,181.95004272460938,2298953
2025-05-20,173.66873168945312,178.19500732421875,181.03948974609375,177.28445434570312,179.77438354492188,3025062
2025-05-21,170.2682342529297,174.7058868408203,177.5825958251953,174.286865234375,177.05076599121094,2090340
2025-05-22,171.83889770507812,176.31748962402344,177.4375457763672,173.8195037841797,174.7381134033203,1877261
2025-05-23,170.1111602783203,174.5447235107422,175.68896484375,172.72361755371094,172.78001403808594,1856908
2025-05-27,172.5849609375,177.08299255371094,178.42062377929688,175.4633331298828,175.697021484375,2378997
2025-05-28,170.53524780273438,174.9798583984375,177.09104919433594,174.45608520507812,177.09104919433594,1548023
2025-05-29,172.97763061523438,177.48590087890625,178.0821990966797,175.18130493164062,175.56002807617188,1813970
2025-05-30,171.28131103515625,175.745361328125,176.8493194580078,173.9967803955078,176.8493194580078,2902823
2025-06-02,171.11639404296875,175.57614135742188,176.0032196044922,173.1023406982422,175.32635498046875,1705630
2025-06-03,172.6006622314453,177.09912109375,177.64706420898438,173.41659545898438,174.5608367919922,2918708
2025-06-04,171.90171813964844,176.38194274902344,178.40451049804688,176.28524780273438,178.1385955810547,1783317
2025-06-05,170.2053985595703,174.64141845703125,176.34971618652344,174.14181518554688,176.1966094970703,2433973
2025-06-06,172.4671630859375,176.96212768554688,178.0821990966797,176.56729125976562,176.8332061767578,2090092
2025-06-09,174.4854736328125,179.0330352783203,180.32232666015625,177.71957397460938,178.66236877441406,2663310
2025-06-10,179.02468872070312,183.69056701660156,183.90814208984375,180.0,180.2578582763672,2524194
2025-06-11,175.914794921875,180.49960327148438,185.22158813476562,179.87913513183594,184.43191528320312,2391531
2025-06-12,176.7001190185547,181.30540466308594,181.96615600585938,179.12167358398438,180.4834747314453,2308881
2025-06-13,176.2132110595703,180.80580139160156,181.24899291992188,178.96856689453125,178.96856689453125,2343504
2025-06-16,178.09014892578125,182.73167419433594,184.302978515625,181.54713439941406,182.05479431152344,2360878
2025-06-17,174.76034545898438,179.3150634765625,182.5463409423828,178.63014221191406,181.402099609375,2207615
2025-06-18,175.3650360107422,179.93553161621094,182.1112060546875,179.12167358398438,179.2828369140625,1884086
2025-06-20,177.51686096191406,182.1434326171875,182.91700744628906,180.65269470214844,181.6599578857422,2790016
2025-06-23,181.18435668945312,184.7139434814453,184.7622833251953,180.2900848388672,180.33843994140625,2537845
2025-06-24,181.4056396484375,184.93955993652344,187.50201416015625,184.14987182617188,187.26832580566406,5796215
2025-06-25,175.4697265625,178.88800048828125,182.08702087402344,174.18211364746094,176.1321563720703,10056692
2025-06-26,174.734619140625,178.1385955810547,182.3690643310547,177.115234375,180.4351348876953,5940791
2025-06-27,180.93141174316406,184.45608520507812,184.87510681152344,179.0410919189453,179.42788696289062,5029649
2025-06-30,179.666748046875,183.1667938232422,185.86624145507812,182.97340393066406,184.3271484375,3226352
2025-07-01,185.21539306640625,188.8235321044922,191.21676635742188,182.27235412597656,182.4335174560547,3376265
2025-07-02,189.01724243164062,192.69943237304688,192.97340393066406,188.96051025390625,189.83883666992188,3097288
2025-07-03,190.669189453125,194.38356018066406,198.03384399414062,193.48912048339844,196.4141845703125,2991306
2025-07-07,185.81610107421875,189.43594360351562,195.2457733154297,188.96051025390625,193.79531860351562,3238638
2025-07-08,188.67735290527344,192.35293579101562,193.3118438720703,189.36341857910156,190.0322265625,2432732
2025-07-09,186.9384765625,190.58016967773438,192.75584411621094,190.2981414794922,192.48992919921875,2405554
2025-07-10,188.69317626953125,192.3690643310547,193.68251037597656,190.66880798339844,190.87832641601562,2408036
2025-07-11,186.58279418945312,190.21755981445312,191.39404296875,189.0169219970703,191.07977294921875,2069243
2025-07-14,184.93873596191406,188.54150390625,189.84689331054688,186.6559295654297,189.5406951904297,1778353
2025-07-15,182.31460571289062,185.86624145507812,189.17808532714844,185.86624145507812,188.549560546875,2134396
2025-07-16,180.804931640625,184.3271484375,187.51812744140625,182.69137573242188,186.62368774414062,2365967
2025-07-17,180.50457763671875,184.0209503173828,185.49557495117188,182.4335174560547,184.5286102294922,1649165
2025-07-18,179.12136840820312,182.6107940673828,185.11683654785156,181.08782958984375,184.85092163085938,2205009
2025-07-21,178.4179229736328,181.8936309814453,184.270751953125,181.8452911376953,183.22320556640625,1426405
2025-07-22,183.13662719726562,186.7042694091797,187.06687927246094,182.29653930664062,182.53826904296875,2275498
2025-07-23,188.03712463378906,191.7002410888672,193.1667938232422,186.52699279785156,187.91297912597656,2798579
2025-07-24,186.9384765625,190.58016967773438,192.90087890625,190.4270782470703,191.37791442871094,2581032
2025-07-25,192.2262725830078,195.9709930419922,196.32554626464844,191.41015625,191.94198608398438,2249685
2025-07-28,191.6018524169922,195.33441162109375,196.93795776367188,192.94923400878906,193.69056701660156,2016005
2025-07-29,185.3813934326172,188.9927520751953,194.7220001220703,188.75906372070312,193.61805725097656,2567505
2025-07-30,176.93984985351562,180.38677978515625,188.5576171875,179.11361694335938,188.1063690185547,4489069
2025-07-31,176.6474151611328,180.08863830566406,181.36180114746094,178.06607055664062,179.41983032226562,2849584
2025-08-01,171.59671020507812,174.93955993652344,178.75906372070312,174.16600036621094,178.75100708007812,2747450
2025-08-04,171.9049835205078,175.2538299560547,176.06768798828125,174.13375854492188,175.66477966308594,2258496
2025-08-05,175.7937774658203,179.21836853027344,179.81466674804688,174.61724853515625,175.35858154296875,2448245
2025-08-06,178.98703002929688,182.47381591796875,183.6019287109375,178.60595703125,180.0322265625,2644199
2025-08-07,177.5721893310547,181.03143310546875,185.33441162109375,180.58824157714844,184.3271484375,1805159
2025-08-08,180.2516632080078,183.76309204101562,184.2626953125,179.22642517089844,182.1273193359375,1644077
2025-08-11,177.53265380859375,180.9911346435547,186.4625244140625,179.0572052001953,184.15794372558594,1889298
2025-08-12,182.1249237060547,185.6728515625,188.21112060546875,182.1514892578125,182.92506408691406,2383961
2025-08-13,182.18814086914062,185.7373046875,185.92263793945312,177.27638244628906,185.33441162109375,4202771
2025-08-14,182.63865661621094,186.1966094970703,188.03384399414062,182.95729064941406,184.0612335205078,2006449
2025-08-15,179.6272430419922,183.1265106201172,187.03465270996094,182.99758911132812,186.49476623535156,2232187
2025-08-18,179.99082946777344,183.49717712402344,184.09347534179688,180.2981414794922,181.53102111816406,1635638
2025-08-19,184.26690673828125,187.8565673828125,189.0410919189453,184.294921875,184.81869506835938,1749562
2025-08-20,179.5877227783203,183.0862274169922,188.0983123779297,183.02175903320312,187.04270935058594,1594809
2025-08-21,178.06224060058594,181.53102111816406,183.1587371826172,181.05560302734375,182.36099243164062,1776864
2025-08-22,187.1676788330078,190.81385803222656,191.8533477783203,182.73973083496094,182.73973083496094,2172246
2025-08-25,184.16415405273438,187.75181579589844,190.9750213623047,186.61563110351562,190.10475158691406,1824642
2025-08-26,182.66238403320312,186.22079467773438,187.6148223876953,185.3021697998047,187.34890747070312,2164056
2025-08-27,183.53973388671875,187.115234375,187.63900756835938,185.50363159179688,186.0032196044922,1345120
2025-08-28,182.7967529296875,186.35777282714844,187.74375915527344,183.74697875976562,187.74375915527344,1738021
2025-08-29,182.63865661621094,186.1966094970703,187.8807373046875,185.3102264404297,186.57534790039062,1843506
2025-09-02,177.19277954101562,180.64463806152344,183.07815551757812,179.5648651123047,182.1031494140625,2577929
2025-09-03,178.10968017578125,181.57937622070312,182.19178771972656,180.10475158691406,181.30540466308594,2139360
2025-09-04,178.06224060058594,181.53102111816406,181.8614044189453,178.3319854736328,181.8614044189453,2201286
2025-09-05,179.99082946777344,183.49717712402344,185.06044006347656,180.78968811035156,180.87026977539062,2066761
2025-09-08,178.98057556152344,181.30540466308594,182.90895080566406,178.93634033203125,182.90895080566406,2597041
2025-09-09,179.57717895507812,181.9097442626953,182.6027374267578,180.49960327148438,180.87026977539062,1480389
2025-09-10,179.52944946289062,181.8614044189453,183.72280883789062,180.92666625976562,181.82916259765625,1794734
2025-09-11,182.01132202148438,184.37550354003906,185.58421325683594,179.14584350585938,179.14584350585938,2396867
2025-09-12,182.59996032714844,184.9718017578125,186.09991455078125,182.90895080566406,183.1265106201172,2095801
2025-09-15,179.52944946289062,181.8614044189453,187.4214324951172,181.8372344970703,186.7203826904297,2670012
2025-09-16,181.1283416748047,183.48106384277344,185.33441162109375,181.98226928710938,184.35939025878906,2275622
2025-09-17,179.60104370117188,181.93392944335938,187.64706420898438,180.79774475097656,181.7244110107422,3876015
2025-09-18,180.17376708984375,182.51409912109375,184.60919189453125,181.1281280517578,183.62611389160156,7910258
2025-09-19,184.35000610351562,186.74456787109375,189.62127685546875,181.49879455566406,183.96453857421875,10410004
2025-09-22,183.05337524414062,185.4311065673828,186.1402130126953,181.6680145263672,185.34246826171875,4778595
2025-09-23,185.90115356445312,188.3158721923828,190.0322265625,185.65672302246094,185.86624145507812,3573708
2025-09-24,185.94093322753906,188.35617065429688,190.07252502441406,187.93714904785156,187.95326232910156,2093567
2025-09-25,188.06484985351562,190.50765991210938,190.7493896484375,187.34890747070312,188.03384399414062,2195081
2025-09-26,189.17848205566406,191.63577270507812,195.0040283203125,189.06527709960938,190.9750213623047,2852066
2025-09-29,188.19210815429688,190.63658142089844,192.92506408691406,188.8396453857422,192.6188507080078,1618885
2025-09-30,187.57960510253906,190.01611328125,190.10475158691406,186.8654327392578,189.38758850097656,1792128
2025-10-01,190.5546417236328,193.02981567382812,193.5938720703125,188.7993621826172,189.37147521972656,1777608
2025-10-02,192.7581024169922,195.2618865966797,197.72764587402344,192.5866241455078,193.25543212890625,2185773
2025-10-03,194.57974243164062,197.107177734375,197.95326232910156,195.61643981933594,195.87429809570312,2158595
2025-10-06,196.50474548339844,199.0572052001953,201.52296447753906,196.30137634277344,197.21998596191406,2524690
2025-10-07,192.7660369873047,195.2699432373047,200.53988647460938,195.18130493164062,199.5809783935547,1709229
2025-10-08,190.85691833496094,193.3360137939453,195.2941131591797,190.9750213623047,191.93392944335938,2031145
2025-10-09,188.5261993408203,190.9750213623047,195.4875030517578,189.94358825683594,194.60919189453125,1557083
2025-10-10,178.6862335205078,181.0072479248047,192.30459594726562,180.9911346435547,192.19178771972656,3023324
2025-10-13,182.67950439453125,185.05238342285156,185.93069458007812,182.21595764160156,183.04592895507812,1676839
2025-10-14,186.67274475097656,189.09750366210938,189.44400024414062,182.92506408691406,183.72280883789062,1523576
2025-10-15,187.57164001464844,190.008056640625,191.35374450683594,186.3980712890625,189.7582550048828,1803794
2025-10-16,188.45460510253906,190.90249633789062,192.5866241455078,187.75181579589844,190.9750213623047,1754898
2025-10-17,189.16258239746094,191.61965942382812,193.3118438720703,190.21755981445312,190.90249633789062,1975672
2025-10-20,190.76145935058594,193.23931884765625,194.68170166015625,191.59548950195312,191.92587280273438,1108585
2025-10-21,193.1717529296875,195.680908203125,198.41256713867188,192.07896423339844,192.50604248046875,1417470
2025-10-22,190.44329833984375,192.91700744628906,197.5825958251953,192.74778747558594,196.34971618652344,1355668
2025-10-23,189.45689392089844,191.9178009033203,194.5286102294922,188.9846954345703,193.5294189453125,1627572
2025-10-24,191.827392578125,194.319091796875,195.18936157226562,192.1353759765625,193.1426239013672,1371677
2025-10-27,196.75135803222656,199.3070068359375,200.21755981445312,196.8573760986328,197.23609924316406,1968474
2025-10-28,198.5093231201172,201.08782958984375,204.67364501953125,200.9669647216797,202.25624084472656,2223996
2025-10-29,198.58091735839844,201.1603546142578,203.5616455078125,199.83883666992188,200.6849365234375,1847229
2025-10-30,198.01617431640625,200.58824157714844,203.61805725097656,199.92747497558594,200.6929931640625,2193592
2025-10-31,201.906005859375,204.5286102294922,205.90652465820312,199.44400024414062,199.79855346679688,2038467
2025-11-03,201.24574279785156,203.8597869873047,205.19741821289062,201.31346130371094,203.70669555664062,1975548
2025-11-04,200.36277770996094,202.96534729003906,205.713134765625,202.25624084472656,202.25624084472656,1988827
2025-11-05,203.71966552734375,206.36582946777344,208.8557586669922,201.6519012451172,202.78001403808594,2087610
2025-11-06,205.91514587402344,208.58984375,210.56405639648438,206.24496459960938,206.34971618652344,2760480
2025-11-07,208.48452758789062,211.1925811767578,212.33682250976562,208.1144256591797,208.57373046875,2046161
2025-11-10,201.961669921875,204.5850067138672,211.49073791503906,204.42385864257812,211.1200714111328,2507813
2025-11-11,212.9630126953125,215.729248046875,217.8243408203125,204.67364501953125,205.14102172851562,4368444
2025-11-12,213.7187042236328,216.49476623535156,219.15391540527344,215.4713897705078,216.06768798828125,2173115
2025-11-13,212.66073608398438,215.4230499267578,218.533447265625,214.80258178710938,217.4536590576172,1623352
2025-11-14,212.8357391357422,215.60032653808594,217.31668090820312,213.04592895507812,213.94036865234375,1956809
2025-11-17,210.5845489501953,213.3199005126953,216.51893615722656,211.92587280273438,214.35133361816406,2196570
2025-11-18,209.27203369140625,211.99032592773438,213.49717712402344,209.33924865722656,211.466552734375,1923550
2025-11-19,208.86636352539062,211.57937622070312,214.0128936767578,210.19338989257812,211.99032592773438,1284807
2025-11-20,209.28794860839844,212.00643920898438,218.18695068359375,211.9178009033203,213.94036865234375,1951473
2025-11-21,214.32327270507812,217.107177734375,218.8557586669922,212.02256774902344,212.27235412597656,2138739
2025-11-24,212.37437438964844,215.13294982910156,217.91297912597656,214.24658203125,216.60757446289062,2383216
2025-11-25,217.8551483154297,220.6849365234375,221.59548950195312,215.9790496826172,216.7203826904297,1576566
2025-11-26,219.4142608642578,222.26429748535156,222.884765625,219.66156005859375,221.03143310546875,1271280
2025-11-28,219.29495239257812,222.1434326171875,223.1023406982422,221.11199951171875,221.78887939453125,628815
2025-12-01,217.4335479736328,220.2578582763672,222.32070922851562,219.7582550048828,221.6519012451172,1522831
2025-12-02,215.0709991455078,217.8646240234375,220.33843994140625,215.36663818359375,219.98388671875,2004587
2025-12-03,215.1346435546875,217.92909240722656,220.9589080810547,216.52699279785156,218.2836456298828,2119380
2025-12-04,217.99832153320312,220.82997131347656,222.26429748535156,214.34327697753906,218.9766387939453,2539831
2025-12-05,218.1892547607422,221.0233612060547,222.884765625,219.98388671875,220.78163146972656,1283194
2025-12-08,220.05860900878906,222.91700744628906,225.2457733154297,222.4415740966797,223.6019287109375,1626331
2025-12-09,218.85743713378906,221.7002410888672,224.18211364746094,221.57937622070312,222.80418395996094,1074954
2025-12-10,226.15985107421875,229.09750366210938,230.04835510253906,221.8372344970703,222.01451110839844,1625710
2025-12-11,226.53370666503906,229.47622680664062,232.4254608154297,229.12973022460938,229.37953186035156,1684782
2025-12-12,226.18370056152344,229.12167358398438,231.7002410888672,228.20306396484375,230.4593048095703,1519356
2025-12-15,224.85646057128906,226.61563110351562,228.04190063476562,224.5769500732422,227.47784423828125,2483241
2025-12-16,225.83990478515625,227.6067657470703,228.92022705078125,226.30943298339844,227.24415588378906,2023699
2025-12-17,225.64002990722656,227.4053192138672,229.65350341796875,226.7284393310547,227.5987091064453,1935588
2025-12-18,229.5657958984375,231.36180114746094,232.1112060546875,226.9137725830078,228.1547088623047,5041563
2025-12-19,230.89303588867188,232.69943237304688,234.13375854492188,218.21112060546875,219.22642517089844,7079657
2025-12-22,234.09121704101562,235.92263793945312,236.0032196044922,230.83802795410156,231.6599578857422,2980510
2025-12-23,236.03411865234375,237.8807373046875,238.06607055664062,234.35133361816406,236.09991455078125,2140973
2025-12-24,236.58583068847656,238.43675231933594,238.597900390625,235.87429809570312,237.20387268066406,799204
2025-12-26,236.9296112060547,238.78323364257812,239.0330352783203,237.07493591308594,237.97743225097656,869196
2025-12-29,234.17916870117188,236.0112762451172,239.3231201171875,234.5769500732422,238.51731872558594,1683789
2025-12-30,232.7160186767578,234.5366668701172,237.4294891357422,234.302978515625,235.76148986816406,1151152
2025-12-31,230.95700073242188,232.76390075683594,234.87510681152344,232.71554565429688,234.5850067138672,995530
2026-01-02,234.37107849121094,236.20468139648438,236.4222412109375,231.8694610595703,232.8203125,1613052
2026-01-05,237.83311462402344,239.6938018798828,240.12892150878906,234.79452514648438,235.32635498046875,2087362
2026-01-06,246.20436096191406,248.1305389404297,248.2675323486328,239.42788696289062,239.42788696289062,3756507
2026-01-07,245.72462463378906,247.64706420898438,250.31427001953125,245.2941131591797,246.49476623535156,2444894
2026-01-08,247.06788635253906,249.0008087158203,254.14987182617188,245.4069366455078,246.80096435546875,3096543
2026-01-09,249.74635314941406,251.7002410888672,256.9137878417969,249.0008087158203,253.03787231445312,2782198
2026-01-12,249.39454650878906,251.34568786621094,252.5785675048828,248.597900390625,250.17727661132812,1680935
2026-01-13,247.58758544921875,249.5245819091797,251.50685119628906,248.21112060546875,250.2820281982422,1769418
2026-01-14,250.69781494140625,252.65914916992188,252.76390075683594,248.581787109375,249.08944702148438,2077682
2026-01-15,250.385986328125,252.34487915039062,256.2449645996094,251.82916259765625,254.63336181640625,2350206
2026-01-16,246.40423583984375,248.3319854736328,253.75503540039062,247.76792907714844,252.21595764160156,2504834
2026-01-20,240.6875,242.5705108642578,249.79049682617188,241.82916259765625,245.90652465820312,3527046
2026-01-21,245.42079162597656,247.34085083007812,249.5729217529297,241.1361846923828,243.23126220703125,2387932
2026-01-22,247.70751953125,249.64544677734375,250.9830780029297,247.53424072265625,248.38034057617188,1755395
2026-01-23,243.23004150390625,245.13294982910156,249.64544677734375,243.69056701660156,248.79129028320312,2161326
2026-01-26,243.43792724609375,245.34246826171875,246.63980102539062,242.49798583984375,245.9468231201172,1877757
2026-01-27,249.79432678222656,251.74859619140625,253.1265106201172,244.84286499023438,245.76954650878906,2632533
2026-01-28,251.5773162841797,253.5455322265625,255.83399963378906,251.1684112548828,251.1925811767578,1729334
2026-01-29,255.79893493652344,257.8001708984375,257.8001708984375,253.38436889648438,255.63255310058594,2036977
2026-01-30,257.65386962890625,259.66961669921875,260.072509765625,254.270751953125,254.270751953125,3212453
2026-02-02,268.08795166015625,270.1853332519531,270.43511962890625,259.0652770996094,259.3472900390625,3231936
2026-02-03,282.583740234375,284.7945251464844,286.1805114746094,275.8259582519531,276.6639709472656,4958416
2026-02-04,289.8675842285156,292.1353759765625,294.3996887207031,286.5108642578125,286.9621276855469,3141592
2026-02-05,291.0029602050781,293.27960205078125,295.29412841796875,287.8726806640625,291.70025634765625,2903320
2026-02-06,295.216552734375,297.52618408203125,298.8396301269531,291.9580993652344,293.3763122558594,2725732
2026-02-09,291.5146789550781,293.7953186035156,297.8887939453125,292.6188659667969,296.4947509765625,1842265
2026-02-10,294.1931457519531,296.4947509765625,297.3327941894531,291.8936462402344,293.4729919433594,1834819
2026-02-11,293.5615234375,295.8581848144531,302.0144958496094,295.6728515625,298.14666748046875,2294609
2026-02-12,295.40045166015625,297.7115173339844,306.8976745605469,292.0306091308594,295.0201416015625,4569362
2026-02-13,299.6060791015625,301.9500427246094,305.0120849609375,293.8194885253906,298.14666748046875,2291879
2026-02-17,300.06982421875,302.41741943359375,307.8082275390625,301.36181640625,304.56085205078125,1446137
2026-02-18,306.2903137207031,308.6865539550781,309.0975036621094,302.1917724609375,302.1917724609375,1874282
2026-02-19,306.3382568359375,308.7348937988281,309.7502136230469,305.9468078613281,307.0104675292969,1487587
2026-02-20,310.6078186035156,313.0378723144531,315.28607177734375,307.0024108886719,307.6228942871094,1877385
2026-02-23,306.7939758300781,309.1941833496094,315.5922546386719,306.4383544921875,312.44964599609375,2010296
2026-02-24,309.07269287109375,311.49072265625,313.92425537109375,308.3239440917969,309.1941833496094,1115039
2026-02-25,305.89849853515625,308.29168701171875,314.2626953125,307.6390075683594,312.780029296875,1702776
2026-02-26,309.9681701660156,312.3932189941406,315.8662414550781,310.2256164550781,310.2336730957031,2217667
2026-02-27,309.42449951171875,311.84527587890625,316.5672912597656,310.6607666015625,311.369873046875,3411757
2026-03-02,309.6243896484375,312.0467224121094,312.2320861816406,307.46173095703125,309.71795654296875,1796720
2026-03-03,305.85052490234375,308.24334716796875,310.1853332519531,301.2167663574219,302.7558288574219,2065893
2026-03-04,307.0978088378906,309.5003967285156,311.84527587890625,305.6083679199219,309.2747802734375,2374902
2026-03-05,298.51068115234375,300.8460998535156,309.65350341796875,299.2022705078125,308.3481140136719,2340030
2026-03-06,287.1171569824219,289.3634033203125,294.0934753417969,285.1490783691406,294.0934753417969,3517118
2026-03-09,289.8867492675781,290.9750061035156,291.6921691894531,278.8154602050781,283.3279724121094,2373785
2026-03-10,288.5782165527344,289.66156005859375,296.8976745605469,288.8074035644531,292.7477722167969,1890415
2026-03-11,290.1195983886719,291.2087097167969,291.74859619140625,286.78485107421875,289.911376953125,1271901
2026-03-12,283.488525390625,284.5527648925781,289.7824401855469,283.86785888671875,286.6156311035156,1952217
2026-03-13,282.3244934082031,283.3843688964844,287.3489074707031,281.04754638671875,285.8179016113281,2116401
2026-03-16,282.86236572265625,283.92425537109375,288.0902404785156,283.89202880859375,286.3013610839844,1527919
2026-03-17,284.716796875,285.78564453125,288.18695068359375,282.44158935546875,288.18695068359375,1847725
2026-03-18,280.76708984375,281.82110595703125,286.85736083984375,281.07171630859375,285.777587890625,1518860
2026-03-19,285.880859375,286.9540710449219,287.4053039550781,277.3166809082031,278.4528503417969,6018726
2026-03-20,288.0804748535156,289.1619567871094,308.7671203613281,287.3005676269531,306.86541748046875,8647164
2026-03-23,285.6159362792969,286.6881408691406,298.0419006347656,286.5028076171875,294.1176452636719,3128189
2026-03-24,288.9715881347656,290.056396484375,290.33038330078125,282.796142578125,284.4963684082031,2609203
2026-03-25,287.0127868652344,288.0902404785156,291.70025634765625,284.254638671875,291.01531982421875,2761970
2026-03-26,280.61456298828125,281.6679992675781,286.3335876464844,281.514892578125,286.2771911621094,1972570
2026-03-27,276.135009765625,277.171630859375,281.2328796386719,275.72119140625,280.9186096191406,1980884
2026-03-30,274.36083984375,275.39080810546875,280.33843994140625,274.9798583984375,280.31427001953125,1600021
2026-03-31,285.9370422363281,287.0104675292969,287.55841064453125,277.50201416015625,278.92022705078125,2498133
2026-04-01,288.44976806640625,289.5326232910156,294.8670349121094,288.3158874511719,289.1941833496094,2365718
2026-04-02,290.312255859375,291.402099609375,293.7630920410156,284.8509216308594,285.2538146972656,1759986
2026-04-06,288.07244873046875,289.1539001464844,290.8058166503906,287.44561767578125,289.4520568847656,1583392
2026-04-07,286.5953369140625,287.6712341308594,290.2175598144531,285.9468078613281,288.4125671386719,1296845
2026-04-08,299.78515625,300.9105529785156,300.9347229003906,293.3118591308594,293.3118591308594,2327620
2026-04-09,302.6510925292969,303.7872619628906,306.3174743652344,299.5326232910156,300.4593200683594,2003346
2026-04-10,300.30694580078125,301.434326171875,305.2215881347656,300.5962829589844,304.238525390625,1413995
2026-04-13,298.5488586425781,299.66961669921875,301.3295593261719,296.84124755859375,298.3642272949219,1521838
2026-04-14,297.1439514160156,298.25946044921875,299.4923400878906,291.81304931640625,292.46575927734375,2707117
2026-04-15,292.95343017578125,294.0531921386719,298.14666748046875,290.5882263183594,296.4464111328125,2050753
2026-04-16,305.76593017578125,306.9137878417969,306.9218444824219,292.7558288574219,293.6986389160156,2042562
2026-04-17,314.99798583984375,316.1805114746094,316.5672912597656,308.0580139160156,308.92022705078125,2887187
2026-04-20,316.1058349609375,317.2925109863281,319.0169372558594,313.4488220214844,314.3835754394531,1440801
2026-04-21,316.77215576171875,317.9613342285156,322.0548095703125,315.6728515625,318.6784973144531,1842637
2026-04-22,309.8360595703125,310.99920654296875,319.2989501953125,310.5157165527344,319.0572204589844,1663685
2026-04-23,315.2468566894531,316.4302978515625,319.0975036621094,313.0137023925781,315.75341796875,1816079
2026-04-24,311.4657287597656,312.6349792480469,316.2771911621094,311.2087097167969,316.1885681152344,1065771
2026-04-27,311.3934631347656,312.56243896484375,316.15631103515625,309.8952331542969,312.53826904296875,1317446
2026-04-28,313.2559509277344,314.4319152832031,315.99517822265625,308.0338439941406,313.0217590332031,1501734
2026-04-29,311.9554138183594,313.12652587890625,318.6704406738281,308.63818359375,314.8912048339844,1633777
2026-04-30,323.7724609375,324.9879150390625,325.5680847167969,312.2401428222656,314.8106384277344,2408781
2026-05-01,316.0335693359375,317.219970703125,325.42303466796875,316.8976745605469,324.7381286621094,1329111
2026-05-04,287.2375793457031,288.3158874511719,305.8662414550781,285.36663818359375,305.8017578125,6236273
2026-05-05,291.21136474609375,292.3045959472656,294.56085205078125,287.6712341308594,287.6712341308594,2284433
2026-05-06,302.8036193847656,303.94036865234375,304.7945251464844,293.7147521972656,293.7147521972656,2822158
2026-05-07,301.7921142578125,302.925048828125,307.0104675292969,300.9347229003906,306.1966247558594,1961276
2026-05-08,303.91949462890625,305.0604248046875,308.87188720703125,302.57855224609375,304.7622985839844,1699798
2026-05-11,304.1763916015625,305.31829833984375,309.57293701171875,303.3199157714844,306.82513427734375,1155495
2026-05-12,302.18548583984375,303.3199157714844,306.01129150390625,299.959716796875,306.01129150390625,1236408
2026-05-13,296.7907409667969,297.9049072265625,306.12408447265625,295.8098449707031,304.8428649902344,1958050
2026-05-14,305.0434265136719,306.1885681152344,306.2691345214844,296.9701843261719,298.95245361328125,1797961
2026-05-15,301.6717224121094,302.80419921875,304.1498718261719,300.1611633300781,303.5858154296875,1443035
2026-05-18,296.8067932128906,297.9210205078125,302.57855224609375,295.8179016113281,301.78082275390625,1759614
2026-05-19,301.0214538574219,302.1514892578125,303.21514892578125,290.9830627441406,297.171630859375,1951100
2026-05-20,310.550537109375,311.71636962890625,313.4085388183594,302.58660888671875,303.6664123535156,1761475
2026-05-21,312.2123107910156,313.3843688964844,316.09991455078125,306.6156311035156,312.0386657714844,1165299
2026-05-22,316.45904541015625,317.6470642089844,321.353759765625,315.8742980957031,317.42144775390625,1871552
2026-05-26,321.115234375,322.3207092285156,324.7622985839844,320.072509765625,320.088623046875,1543184
2026-05-27,330.5720520019531,331.81304931640625,333.3601989746094,328.24334716796875,329.58905029296875,2300318
2026-05-28,330.2669982910156,331.5068359375,332.49798583984375,325.1571350097656,330.37872314453125,2408036
2026-05-29,330.5479736328125,331.78887939453125,333.4971923828125,329.66961669921875,331.5310363769531,2728711
2026-06-01,337.2240295410156,338.489990234375,341.1400146484375,321.80999755859375,325.010009765625,2399300
2026-06-02,327.76953125,329.0,337.3399963378906,327.0,337.3399963378906,3307800
2026-06-03,323.24652099609375,324.4599914550781,329.9700012207031,324.1700134277344,327.5199890136719,2005300
2026-06-04,326.7732849121094,328.0,334.42999267578125,327.760009765625,328.1600036621094,1894900
2026-06-05,329.7620544433594,331.0,333.3999938964844,326.1099853515625,327.7300109863281,2584700
2026-06-08,328.9849853515625,330.2200012207031,332.9700012207031,328.2200012207031,331.20001220703125,1761000
2026-06-09,330.51922607421875,331.760009765625,337.489990234375,325.54998779296875,333.739990234375,1656900
2026-06-10,318.0559997558594,319.25,331.4800109863281,318.9599914550781,326.5799865722656,1700400
2026-06-11,336.7358703613281,338.0,338.94000244140625,322.8399963378906,324.8800048828125,2521600
2026-06-12,337.0447082519531,338.30999755859375,342.80999755859375,335.0,342.0,1176600
2026-06-15,337.4830627441406,338.75,345.3699951171875,337.82000732421875,340.8599853515625,1956300
2026-06-16,334.48431396484375,335.739990234375,342.1400146484375,334.8599853515625,339.0899963378906,1367100
2026-06-17,324.71099853515625,325.92999267578125,338.17999267578125,325.0400085449219,335.75,1266200
2026-06-18,324.9800109863281,326.20001220703125,331.1000061035156,324.4700012207031,329.95001220703125,2531800
2026-06-22,328.7799987792969,328.7799987792969,332.3999938964844,325.6600036621094,326.30999755859375,2347400
2026-06-23,317.239990234375,317.239990234375,327.3999938964844,316.3599853515625,326.010009765625,3551000
2026-06-24,316.8299865722656,316.8299865722656,323.67999267578125,306.04998779296875,314.7699890136719,5960700
2026-06-25,329.44000244140625,329.44000244140625,329.489990234375,317.75,319.0400085449219,2707900
2026-06-26,318.5299987792969,318.5299987792969,327.6199951171875,316.1199951171875,327.5799865722656,3422600
2026-06-29,325.3999938964844,325.3999938964844,325.7300109863281,317.9100036621094,317.9100036621094,3053400
2026-06-30,313.1300048828125,313.1300048828125,325.7300109863281,309.0199890136719,324.55999755859375,3182400
2026-07-01,313.8900146484375,313.8900146484375,317.0799865722656,310.6099853515625,313.0,2115100
2026-07-02,313.0,313.0,317.989990234375,310.29998779296875,317.82000732421875,1249200
2026-07-06,309.92999267578125,309.92999267578125,317.0400085449219,307.6600036621094,313.04998779296875,1422100
2026-07-07,312.8800048828125,312.8800048828125,313.94000244140625,309.5,311.7900085449219,1381200
2026-07-08,309.760009765625,309.760009765625,314.1600036621094,306.3599853515625,312.760009765625,1749800
2026-07-09,310.8399963378906,310.8399963378906,320.57000732421875,304.05999755859375,313.25,2425600
2026-07-10,314.69000244140625,314.69000244140625,317.6400146484375,311.30999755859375,313.8500061035156,1640200
2026-07-13,313.739990234375,313.739990234375,317.25,311.5400085449219,315.7799987792969,1573900
2026-07-14,313.6600036621094,313.6600036621094,316.45001220703125,311.010009765625,315.1400146484375,1440100
2026-07-15,313.4200134277344,313.4200134277344,320.1600036621094,311.739990234375,316.0,1468200
2026-07-16,318.20001220703125,318.20001220703125,319.0400085449219,312.6000061035156,313.32000732421875,1435000
2026-07-17,312.9800109863281,312.9800109863281,318.6600036621094,312.1300048828125,316.1499938964844,1465300
2026-07-20,306.2200012207031,306.2200012207031,314.0,305.70001220703125,314.0,1832800
2026-07-21,315.19000244140625,315.19000244140625,317.0,309.0,312.0,1619000
2026-07-22,321.0199890136719,321.0199890136719,322.1300048828125,313.5,313.5799865722656,1607800
2026-07-23,315.6199951171875,315.6199951171875,321.5,314.30999755859375,319.9700012207031,1623800
2026-07-24,314.9599914550781,314.9599914550781,318.55999755859375,314.0,316.0400085449219,1076700
2026-07-27,310.7900085449219,310.7900085449219,315.989990234375,308.7099914550781,314.5,1782200
2026-07-28,312.6400146484375,312.6400146484375,313.75,303.0,310.8500061035156,1461200
2026-07-29,308.6099853515625,308.6099853515625,312.8500061035156,307.6600036621094,312.0,1833100
2026-07-30,308.54998779296875,308.54998779296875,311.3299865722656,304.17999267578125,311.2799987792969,1536300
2026-07-31,307.3999938964844,307.3999938964844,311.45001220703125,306.9800109863281,311.010009765625,1309100
2026-08-03,309.239990234375,309.239990234375,310.54998779296875,306.9100036621094,307.5199890136719,944400
2026-08-04,313.3399963378906,313.3399963378906,314.9599914550781,307.80999755859375,310.25,1273500
2026-08-05,310.7200012207031,310.7200012207031,313.739990234375,309.07000732421875,312.5,1283000
2026-08-06,315.8699951171875,315.8699951171875,318.5,312.3900146484375,312.6400146484375,1920200
2026-08-07,318.57000732421875,318.57000732421875,319.69000244140625,313.30999755859375,315.05999755859375,1214800
2026-08-10,325.0799865722656,325.0799865722656,326.1400146484375,316.8999938964844,317.6199951171875,1674700
2026-08-11,322.42999267578125,322.42999267578125,328.3500061035156,320.760009765625,327.2099914550781,2145400
2026-08-12,326.7699890136719,326.7699890136719,326.80999755859375,321.1199951171875,322.9599914550781,1449000
2026-08-13,339.3500061035156,339.3500061035156,340.25,326.989990234375,326.989990234375,2497000
2026-08-14,334.6400146484375,334.6400146484375,341.69000244140625,333.489990234375,339.0299987792969,1314900
2026-08-17,331.489990234375,331.489990234375,340.0899963378906,331.4200134277344,334.760009765625,1469200
2026-08-18,328.3800048828125,328.3800048828125,334.1499938964844,328.0400085449219,333.3800048828125,1072100
2026-08-19,328.3800048828125,328.3800048828125,338.0400085449219,327.05999755859375,330.95001220703125,1295600
2026-08-20,326.0400085449219,326.0400085449219,333.2300109863281,325.3800048828125,326.1700134277344,1666000
2026-08-21,325.0799865722656,325.0799865722656,330.6300048828125,324.6600036621094,328.29998779296875,1776700
2026-08-24,334.04998779296875,334.04998779296875,334.3699951171875,324.29998779296875,325.0,1489800
2026-08-25,333.7099914550781,333.7099914550781,336.9700012207031,328.8699951171875,336.9700012207031,1096900
2026-08-26,335.989990234375,335.989990234375,340.8299865722656,330.4100036621094,333.82000732421875,1169700
2026-08-27,331.4100036621094,331.4100036621094,335.0299987792969,331.20001220703125,333.45001220703125,815000
2026-08-28,330.8800048828125,330.8800048828125,334.0799865722656,328.8299865722656,332.3800048828125,956900
2026-08-31,327.3999938964844,327.3999938964844,329.57000732421875,324.70001220703125,328.6499938964844,1900200
2026-09-01,324.8800048828125,324.8800048828125,330.4800109863281,319.3599853515625,327.5400085449219,1813600
2026-09-02,316.5400085449219,316.5400085449219,325.6199951171875,315.8699951171875,325.4599914550781,1279700
2026-09-03,324.30999755859375,324.30999755859375,324.44000244140625,315.3299865722656,318.69000244140625,2529200
2026-09-04,322.5199890136719,322.5199890136719,325.04998779296875,321.0899963378906,323.75,1971800
2026-09-08,314.1300048828125,314.1300048828125,321.1499938964844,314.05999755859375,320.0,1677200
2026-09-09,309.19000244140625,309.19000244140625,313.0,308.5799865722656,311.8599853515625,1350800
2026-09-10,311.6600036621094,311.6600036621094,313.8349914550781,306.7900085449219,307.69000244140625,204552
