Price,Adj Close,Close,High,Low,Open,Volume
Ticker,FTNT,FTNT,FTNT,FTNT,FTNT,FTNT
Date,,,,,,
2021-09-10,62.097999572753906,62.097999572753906,62.9640007019043,61.715999603271484,62.645999908447266,3319500
2021-09-13,59.38399887084961,59.38399887084961,62.28799819946289,58.854000091552734,62.11199951171875,8885500
2021-09-14,60.11600112915039,60.11600112915039,61.13600158691406,59.263999938964844,59.599998474121094,6213000
2021-09-15,60.305999755859375,60.305999755859375,60.79800033569336,59.8380012512207,60.44599914550781,5027500
2021-09-16,60.8120002746582,60.8120002746582,60.875999450683594,59.7140007019043,60.178001403808594,3354000
2021-09-17,59.89799880981445,59.89799880981445,60.88199996948242,59.36199951171875,60.50600051879883,7779000
2021-09-20,59.41400146484375,59.41400146484375,59.54999923706055,56.827999114990234,58.402000427246094,5185500
2021-09-21,59.91999816894531,59.91999816894531,60.65800094604492,59.02399826049805,60.400001525878906,3565500
2021-09-22,60.32400131225586,60.32400131225586,60.63800048828125,59.470001220703125,60.20000076293945,3515000
2021-09-23,62.108001708984375,62.108001708984375,62.290000915527344,60.4739990234375,60.891998291015625,4887000
2021-09-24,62.380001068115234,62.380001068115234,62.566001892089844,61.42399978637695,61.63999938964844,3283000
2021-09-27,60.11399841308594,60.11399841308594,61.97600173950195,59.8380012512207,61.69200134277344,4127000
2021-09-28,57.57600021362305,57.57600021362305,60.189998626708984,57.41400146484375,59.57400131225586,7433000
2021-09-29,57.76599884033203,57.76599884033203,58.805999755859375,57.61600112915039,58.25,5604000
2021-09-30,58.40800094604492,58.40800094604492,59.02399826049805,57.678001403808594,57.678001403808594,4332000
2021-10-01,59.599998474121094,59.599998474121094,59.900001525878906,57.810001373291016,58.23400115966797,4479000
2021-10-04,57.77399826049805,57.77399826049805,58.86600112915039,56.95399856567383,58.507999420166016,5075500
2021-10-05,59.70399856567383,59.70399856567383,60.20000076293945,58.32400131225586,58.7239990234375,5241000
2021-10-06,60.36000061035156,60.36000061035156,60.94200134277344,58.577999114990234,58.88399887084961,4171000
2021-10-07,61.92399978637695,61.92399978637695,62.64799880981445,60.80400085449219,60.92599868774414,3705000
2021-10-08,61.433998107910156,61.433998107910156,62.448001861572266,61.06999969482422,62.0359992980957,2363000
2021-10-11,61.36000061035156,61.36000061035156,61.821998596191406,60.56999969482422,61.03200149536133,2524000
2021-10-12,61.316001892089844,61.316001892089844,62.172000885009766,61.145999908447266,62.172000885009766,2510500
2021-10-13,62.02000045776367,62.02000045776367,62.79999923706055,61.60200119018555,61.77799987792969,3788000
2021-10-14,62.762001037597656,62.762001037597656,63.7760009765625,62.220001220703125,62.97800064086914,4454000
2021-10-15,63.05799865722656,63.05799865722656,63.316001892089844,62.34600067138672,62.992000579833984,3697500
2021-10-18,65.3479995727539,65.3479995727539,65.37799835205078,63.09199905395508,63.09199905395508,4646500
2021-10-19,66.42400360107422,66.42400360107422,66.61799621582031,65.30000305175781,65.7699966430664,4547000
2021-10-20,66.69000244140625,66.69000244140625,67.3219985961914,65.7239990234375,66.84200286865234,3533000
2021-10-21,66.86799621582031,66.86799621582031,66.89199829101562,65.54000091552734,66.76799774169922,3108500
2021-10-22,67.05799865722656,67.05799865722656,67.76399993896484,66.26000213623047,66.97200012207031,2282500
2021-10-25,66.38200378417969,66.38200378417969,69.05000305175781,66.2040023803711,67.5199966430664,4970000
2021-10-26,64.5260009765625,64.5260009765625,66.81999969482422,64.0,66.79199981689453,7187000
2021-10-27,64.12200164794922,64.12200164794922,65.7040023803711,64.04399871826172,64.83999633789062,3491500
2021-10-28,65.47599792480469,65.47599792480469,65.52799987792969,64.13600158691406,64.13600158691406,2842500
2021-10-29,67.26799774169922,67.26799774169922,67.58799743652344,65.01000213623047,65.052001953125,4276500
2021-11-01,64.8219985961914,64.8219985961914,67.5979995727539,63.8120002746582,67.26799774169922,5875000
2021-11-02,65.68599700927734,65.68599700927734,66.39600372314453,64.94200134277344,64.99600219726562,3826500
2021-11-03,65.98400115966797,65.98400115966797,66.47200012207031,64.44400024414062,66.01200103759766,3431500
2021-11-04,67.68000030517578,67.68000030517578,67.70600128173828,65.71800231933594,65.73200225830078,5747500
2021-11-05,68.23799896240234,68.23799896240234,69.84600067138672,65.50199890136719,69.84600067138672,8395000
2021-11-08,70.23799896240234,70.23799896240234,71.06999969482422,68.27200317382812,69.0,6589000
2021-11-09,69.81199645996094,69.81199645996094,70.8280029296875,68.66200256347656,70.39399719238281,5009500
2021-11-10,66.63200378417969,66.63200378417969,69.19999694824219,65.87999725341797,69.13400268554688,5811500
2021-11-11,67.3759994506836,67.3759994506836,67.98200225830078,66.90799713134766,67.77799987792969,3304500
2021-11-12,68.43399810791016,68.43399810791016,68.74800109863281,67.8499984741211,67.86799621582031,2909000
2021-11-15,67.0260009765625,67.0260009765625,68.94999694824219,66.35800170898438,68.94999694824219,3757000
2021-11-16,68.2020034790039,68.2020034790039,68.49600219726562,66.4219970703125,66.4219970703125,3391000
2021-11-17,68.2699966430664,68.2699966430664,68.8280029296875,66.95800018310547,68.24600219726562,3756500
2021-11-18,68.7020034790039,68.7020034790039,69.27999877929688,67.61399841308594,68.19999694824219,3465000
2021-11-19,68.50199890136719,68.50199890136719,70.12799835205078,68.38400268554688,69.37200164794922,3608000
2021-11-22,66.16000366210938,66.16000366210938,68.90799713134766,65.06199645996094,68.73999786376953,5159500
2021-11-23,65.49600219726562,65.49600219726562,66.62999725341797,63.65399932861328,65.31400299072266,5327500
2021-11-24,66.64800262451172,66.64800262451172,66.6760025024414,63.99399948120117,65.37000274658203,2946000
2021-11-26,65.47799682617188,65.47799682617188,68.20800018310547,65.04199981689453,66.08999633789062,3236000
2021-11-29,68.66000366210938,68.66000366210938,69.0999984741211,66.36599731445312,66.5999984741211,5235500
2021-11-30,66.4219970703125,66.4219970703125,69.55400085449219,66.06600189208984,68.9280014038086,8660000
2021-12-01,61.051998138427734,61.051998138427734,67.61000061035156,60.902000427246094,67.5199966430664,11505500
2021-12-02,62.62200164794922,62.62200164794922,62.93199920654297,60.220001220703125,61.051998138427734,8490500
2021-12-03,60.56399917602539,60.56399917602539,62.650001525878906,59.33399963378906,62.17599868774414,10449000
2021-12-06,58.40800094604492,58.40800094604492,60.104000091552734,57.847999572753906,59.55799865722656,11292500
2021-12-07,63.448001861572266,63.448001861572266,63.540000915527344,60.597999572753906,60.63800048828125,6454000
2021-12-08,64.48799896240234,64.48799896240234,64.7760009765625,62.2859992980957,63.44599914550781,5147000
2021-12-09,63.284000396728516,63.284000396728516,64.89199829101562,62.96799850463867,64.57599639892578,4041500
2021-12-10,66.5260009765625,66.5260009765625,66.85600280761719,64.0199966430664,64.0199966430664,6902000
2021-12-13,66.31999969482422,66.31999969482422,67.8759994506836,65.75,66.91200256347656,7119500
2021-12-14,63.15999984741211,63.15999984741211,64.62999725341797,61.215999603271484,64.57599639892578,8491500
2021-12-15,67.35600280761719,67.35600280761719,67.52200317382812,63.183998107910156,63.20000076293945,8266000
2021-12-16,64.58399963378906,64.58399963378906,67.54000091552734,63.99599838256836,67.09600067138672,7288000
2021-12-17,66.76599884033203,66.76599884033203,67.43800354003906,63.02399826049805,63.27399826049805,48309500
2021-12-20,66.10600280761719,66.10600280761719,66.87200164794922,64.14600372314453,64.7300033569336,7360500
2021-12-21,67.8499984741211,67.8499984741211,67.95600128173828,64.63999938964844,66.95600128173828,5662000
2021-12-22,69.63200378417969,69.63200378417969,69.75800323486328,67.0,68.0,4233500
2021-12-23,69.80400085449219,69.80400085449219,70.96800231933594,69.21600341796875,69.5999984741211,3536000
2021-12-27,73.53399658203125,73.53399658203125,73.55799865722656,70.75199890136719,70.77799987792969,5094000
2021-12-28,73.19999694824219,73.19999694824219,74.0,72.30400085449219,74.0,3828500
2021-12-29,73.3479995727539,73.3479995727539,74.35399627685547,72.54199981689453,73.25,2975500
2021-12-30,71.95600128173828,71.95600128173828,74.05799865722656,71.76000213623047,73.44599914550781,3754000
2021-12-31,71.87999725341797,71.87999725341797,72.71199798583984,71.78600311279297,71.9520034790039,2640500
2022-01-03,66.6240005493164,66.6240005493164,72.42400360107422,66.48799896240234,72.42400360107422,9515000
2022-01-04,64.4280014038086,64.4280014038086,66.68399810791016,62.534000396728516,66.0999984741211,9829000
2022-01-05,60.698001861572266,60.698001861572266,63.939998626708984,60.582000732421875,63.17599868774414,12033000
2022-01-06,62.79999923706055,62.79999923706055,63.933998107910156,58.737998962402344,58.89799880981445,12004000
2022-01-07,62.93199920654297,62.93199920654297,63.965999603271484,61.816001892089844,61.88800048828125,8805000
2022-01-10,64.94200134277344,64.94200134277344,64.98200225830078,60.48400115966797,60.84400177001953,11657500
2022-01-11,64.71199798583984,64.71199798583984,64.80000305175781,62.79999923706055,63.54600143432617,7455500
2022-01-12,64.15799713134766,64.15799713134766,66.05000305175781,63.641998291015625,65.10800170898438,7013500
2022-01-13,61.57600021362305,61.57600021362305,64.55999755859375,61.45199966430664,64.10800170898438,6471000
2022-01-14,62.507999420166016,62.507999420166016,62.7760009765625,60.63199996948242,61.04999923706055,6412000
2022-01-18,61.694000244140625,61.694000244140625,63.52799987792969,60.61000061035156,60.816001892089844,7610000
2022-01-19,61.43199920654297,61.43199920654297,64.63200378417969,61.347999572753906,62.470001220703125,5922000
2022-01-20,60.99800109863281,60.99800109863281,63.5880012512207,60.93000030517578,61.99599838256836,5268000
2022-01-21,57.72999954223633,57.72999954223633,60.880001068115234,57.650001525878906,60.37200164794922,9746500
2022-01-24,58.07400131225586,58.07400131225586,58.150001525878906,52.56800079345703,56.53200149536133,16821500
2022-01-25,54.59000015258789,54.59000015258789,56.88600158691406,54.22600173950195,56.75600051879883,8703000
2022-01-26,54.22999954223633,54.22999954223633,57.301998138427734,53.6619987487793,56.36000061035156,8629000
2022-01-27,53.944000244140625,53.944000244140625,56.33399963378906,53.731998443603516,55.130001068115234,6165500
2022-01-28,56.43199920654297,56.43199920654297,56.512001037597656,53.040000915527344,54.75,7346500
2022-01-31,59.448001861572266,59.448001861572266,59.619998931884766,55.9119987487793,56.43199920654297,9103500
2022-02-01,60.43600082397461,60.43600082397461,60.625999450683594,58.358001708984375,59.56800079345703,6467000
2022-02-02,61.97600173950195,61.97600173950195,62.20000076293945,60.604000091552734,61.2239990234375,8535500
2022-02-03,59.400001525878906,59.400001525878906,62.10599899291992,59.07400131225586,59.895999908447266,8857500
2022-02-04,62.86600112915039,62.86600112915039,63.465999603271484,57.83599853515625,60.81399917602539,12722500
2022-02-07,61.444000244140625,61.444000244140625,63.380001068115234,61.15399932861328,62.284000396728516,5925000
2022-02-08,62.97200012207031,62.97200012207031,63.194000244140625,60.88999938964844,61.18600082397461,4988000
2022-02-09,65.96800231933594,65.96800231933594,66.052001953125,63.709999084472656,64.0,6909000
2022-02-10,65.0719985961914,65.0719985961914,66.47200012207031,64.10399627685547,64.25,5765000
2022-02-11,62.05400085449219,62.05400085449219,65.95600128173828,61.63800048828125,65.25800323486328,5881000
2022-02-14,62.06999969482422,62.06999969482422,63.35599899291992,61.290000915527344,62.2239990234375,5370000
2022-02-15,64.48400115966797,64.48400115966797,64.6719970703125,62.97999954223633,63.37200164794922,3830000
2022-02-16,64.0719985961914,64.0719985961914,64.30400085449219,62.06800079345703,63.492000579833984,4955500
2022-02-17,62.108001708984375,62.108001708984375,63.5260009765625,61.84600067138672,63.5260009765625,3957000
2022-02-18,60.970001220703125,60.970001220703125,62.86199951171875,60.78799819946289,62.2140007019043,4612000
2022-02-22,59.47999954223633,59.47999954223633,61.34000015258789,58.59000015258789,60.40599822998047,6688500
2022-02-23,56.902000427246094,56.902000427246094,60.7400016784668,56.683998107910156,60.09000015258789,6862000
2022-02-24,63.290000915527344,63.290000915527344,63.694000244140625,55.1879997253418,55.57600021362305,12905500
2022-02-25,64.99400329589844,64.99400329589844,65.11199951171875,62.0,63.391998291015625,6182500
2022-02-28,68.90399932861328,68.90399932861328,69.08999633789062,64.30400085449219,64.51000213623047,12006500
2022-03-01,67.56600189208984,67.56600189208984,70.30400085449219,66.84400177001953,69.20999908447266,8148000
2022-03-02,68.96199798583984,68.96199798583984,69.3740005493164,66.4739990234375,67.93000030517578,5867000
2022-03-03,67.2699966430664,67.2699966430664,69.65799713134766,66.30799865722656,69.22599792480469,5678000
2022-03-04,67.09200286865234,67.09200286865234,67.80999755859375,65.29199981689453,67.25599670410156,6077500
2022-03-07,58.27399826049805,58.27399826049805,67.59200286865234,58.167999267578125,66.74400329589844,12903000
2022-03-08,55.36600112915039,55.36600112915039,57.29999923706055,54.5,56.91400146484375,10565500
2022-03-09,57.486000061035156,57.486000061035156,57.86000061035156,54.805999755859375,57.02199935913086,10994500
2022-03-10,57.35200119018555,57.35200119018555,57.94599914550781,55.512001037597656,56.86000061035156,7338000
2022-03-11,55.82600021362305,55.82600021362305,58.4119987487793,55.70399856567383,58.4119987487793,6845000
2022-03-14,55.0880012512207,55.0880012512207,56.422000885009766,53.05400085449219,55.26599884033203,9983000
2022-03-15,56.66400146484375,56.66400146484375,56.79600143432617,54.75199890136719,55.689998626708984,6130000
2022-03-16,59.507999420166016,59.507999420166016,59.566001892089844,56.34000015258789,56.77000045776367,9152500
2022-03-17,60.69599914550781,60.69599914550781,60.70800018310547,57.84000015258789,58.742000579833984,8120000
2022-03-18,63.99399948120117,63.99399948120117,64.23200225830078,60.060001373291016,60.597999572753906,13095000
2022-03-21,62.90599822998047,62.90599822998047,63.77199935913086,61.1619987487793,63.06800079345703,7950500
2022-03-22,65.13800048828125,65.13800048828125,65.35600280761719,62.400001525878906,62.64400100708008,6457500
2022-03-23,64.28600311279297,64.28600311279297,65.91000366210938,63.63399887084961,64.75,3931500
2022-03-24,67.14199829101562,67.14199829101562,67.2699966430664,63.66600036621094,64.50399780273438,4998500
2022-03-25,66.5459976196289,66.5459976196289,67.2300033569336,64.40599822998047,66.5999984741211,4292500
2022-03-28,67.70600128173828,67.70600128173828,68.24600219726562,65.9219970703125,66.5999984741211,3872000
2022-03-29,69.49600219726562,69.49600219726562,69.71800231933594,67.27200317382812,68.91200256347656,6421000
2022-03-30,68.38600158691406,68.38600158691406,70.16000366210938,68.00199890136719,69.0,3578000
2022-03-31,68.3479995727539,68.3479995727539,70.59600067138672,68.25199890136719,68.25199890136719,6092500
2022-04-01,67.802001953125,67.802001953125,69.0199966430664,67.2040023803711,68.2020034790039,3621500
2022-04-04,69.33799743652344,69.33799743652344,69.5260009765625,68.06999969482422,68.49600219726562,3355000
2022-04-05,68.37799835205078,68.37799835205078,69.39600372314453,67.7300033569336,69.24800109863281,4341500
2022-04-06,66.41400146484375,66.41400146484375,67.55799865722656,65.7040023803711,67.06199645996094,4918500
2022-04-07,67.6240005493164,67.6240005493164,68.90399932861328,66.25399780273438,66.25399780273438,5227500
2022-04-08,67.16600036621094,67.16600036621094,68.34200286865234,66.77999877929688,67.02400207519531,3617500
2022-04-11,65.61399841308594,65.61399841308594,66.76799774169922,64.93000030517578,66.13800048828125,4485000
2022-04-12,66.0199966430664,66.0199966430664,68.34400177001953,65.48999786376953,67.06199645996094,3894000
2022-04-13,68.1719970703125,68.1719970703125,68.54000091552734,66.10399627685547,66.39800262451172,3954500
2022-04-14,66.35199737548828,66.35199737548828,68.6780014038086,66.20999908447266,68.56999969482422,3645000
2022-04-18,66.08399963378906,66.08399963378906,66.84400177001953,64.6500015258789,65.88600158691406,3188000
2022-04-19,67.03800201416016,67.03800201416016,67.23200225830078,65.09200286865234,65.8740005493164,3805000
2022-04-20,68.11599731445312,68.11599731445312,69.7300033569336,67.34600067138672,67.5999984741211,5339000
2022-04-21,64.25199890136719,64.25199890136719,71.51599884033203,64.08599853515625,68.91600036621094,6071000
2022-04-22,60.858001708984375,60.858001708984375,64.76799774169922,60.72800064086914,64.18000030517578,5262000
2022-04-25,64.697998046875,64.697998046875,64.86199951171875,60.20199966430664,60.42599868774414,6626000
2022-04-26,61.29999923706055,61.29999923706055,64.28800201416016,61.28799819946289,63.86600112915039,4976500
2022-04-27,60.06399917602539,60.06399917602539,63.14799880981445,59.928001403808594,61.316001892089844,5187000
2022-04-28,61.72999954223633,61.72999954223633,62.37799835205078,59.33399963378906,60.847999572753906,5961500
2022-04-29,57.801998138427734,57.801998138427734,61.97600173950195,57.52799987792969,61.24399948120117,6013000
2022-05-02,58.40399932861328,58.40399932861328,58.89799880981445,56.70600128173828,57.71200180053711,6456000
2022-05-03,57.305999755859375,57.305999755859375,58.79999923706055,56.72600173950195,58.40399932861328,5069500
2022-05-04,57.4739990234375,57.4739990234375,57.698001861572266,53.551998138427734,56.8380012512207,11359000
2022-05-05,56.90399932861328,56.90399932861328,61.27799987792969,55.15999984741211,60.599998474121094,13191000
2022-05-06,53.27399826049805,53.27399826049805,55.900001525878906,52.652000427246094,55.82400131225586,7995000
2022-05-09,49.04399871826172,49.04399871826172,52.380001068115234,48.72600173950195,51.95199966430664,10737000
2022-05-10,52.358001708984375,52.358001708984375,53.459999084472656,49.104000091552734,51.75600051879883,13170000
2022-05-11,52.19200134277344,52.19200134277344,55.74800109863281,51.875999450683594,52.31999969482422,15667500
2022-05-12,53.332000732421875,53.332000732421875,55.47999954223633,50.79999923706055,51.400001525878906,10798000
2022-05-13,56.310001373291016,56.310001373291016,56.698001861572266,54.46799850463867,54.512001037597656,8673500
2022-05-16,55.11399841308594,55.11399841308594,57.47600173950195,54.95600128173828,55.86000061035156,6360500
2022-05-17,56.5620002746582,56.5620002746582,57.400001525878906,55.034000396728516,56.68600082397461,7720500
2022-05-18,54.11600112915039,54.11600112915039,56.65599822998047,53.68600082397461,55.316001892089844,11199000
2022-05-19,55.03200149536133,55.03200149536133,56.321998596191406,53.14400100708008,53.518001556396484,8350500
2022-05-20,57.055999755859375,57.055999755859375,57.79999923706055,54.24599838256836,57.2599983215332,11468000
2022-05-23,57.27399826049805,57.27399826049805,58.50600051879883,56.71799850463867,57.290000915527344,7018000
2022-05-24,57.167999267578125,57.167999267578125,61.91999816894531,55.31399917602539,56.40800094604492,8979500
2022-05-25,57.4640007019043,57.4640007019043,58.14400100708008,56.0359992980957,56.189998626708984,6623500
2022-05-26,58.86000061035156,58.86000061035156,59.428001403808594,56.91600036621094,57.53799819946289,6211000
2022-05-27,59.57400131225586,59.57400131225586,59.928001403808594,58.45600128173828,59.43000030517578,9173000
2022-05-31,58.827999114990234,58.827999114990234,59.63199996948242,57.81399917602539,59.45399856567383,9866000
2022-06-01,57.8120002746582,57.8120002746582,59.849998474121094,57.444000244140625,59.25199890136719,5257000
2022-06-02,60.64400100708008,60.64400100708008,61.066001892089844,57.641998291015625,57.9119987487793,5513000
2022-06-03,59.327999114990234,59.327999114990234,59.928001403808594,58.395999908447266,59.624000549316406,4924500
2022-06-06,59.39400100708008,59.39400100708008,60.29800033569336,59.03200149536133,60.183998107910156,3275500
2022-06-07,61.07600021362305,61.07600021362305,61.29600143432617,58.54800033569336,58.74399948120117,4148000
2022-06-08,60.10599899291992,60.10599899291992,61.41600036621094,60.04199981689453,60.81999969482422,3418500
2022-06-09,60.70000076293945,60.70000076293945,62.40599822998047,59.534000396728516,60.512001037597656,5970000
2022-06-10,57.6619987487793,57.6619987487793,59.94200134277344,57.36399841308594,59.59199905395508,6866000
2022-06-13,53.29800033569336,53.29800033569336,55.83000183105469,53.0099983215332,55.597999572753906,6939000
2022-06-14,53.84600067138672,53.84600067138672,54.305999755859375,53.02399826049805,53.74800109863281,4913500
2022-06-15,55.50400161743164,55.50400161743164,56.5880012512207,54.13800048828125,54.4900016784668,5361000
2022-06-16,52.74599838256836,52.74599838256836,54.55400085449219,52.33599853515625,54.0880012512207,5731000
2022-06-17,53.79800033569336,53.79800033569336,54.29800033569336,52.599998474121094,52.624000549316406,11750500
2022-06-21,56.20199966430664,56.20199966430664,57.0,55.09400177001953,55.18000030517578,5768500
2022-06-22,55.6879997253418,55.6879997253418,56.9119987487793,55.099998474121094,55.198001861572266,4096500
2022-06-23,56.79999923706055,56.79999923706055,57.36000061035156,55.189998626708984,56.20000076293945,4602300
2022-06-24,59.130001068115234,59.130001068115234,59.380001068115234,56.380001068115234,57.5099983215332,7996900
2022-06-27,58.849998474121094,58.849998474121094,60.38999938964844,57.58000183105469,58.970001220703125,3179500
2022-06-28,57.290000915527344,57.290000915527344,60.59000015258789,57.060001373291016,59.61000061035156,4750500
2022-06-29,57.16999816894531,57.16999816894531,57.95000076293945,56.45000076293945,57.25,3357600
2022-06-30,56.58000183105469,56.58000183105469,57.36000061035156,55.849998474121094,56.75,4280000
2022-07-01,57.369998931884766,57.369998931884766,57.630001068115234,55.779998779296875,56.400001525878906,2661700
2022-07-05,59.0,59.0,59.20000076293945,56.040000915527344,56.130001068115234,3437600
2022-07-06,59.869998931884766,59.869998931884766,60.599998474121094,59.09000015258789,59.52000045776367,4152500
2022-07-07,61.619998931884766,61.619998931884766,61.91999816894531,59.810001373291016,60.25,5456500
2022-07-08,62.70000076293945,62.70000076293945,63.11000061035156,60.59000015258789,61.2599983215332,3691500
2022-07-11,62.279998779296875,62.279998779296875,62.63999938964844,61.36000061035156,62.22999954223633,3544000
2022-07-12,59.619998931884766,59.619998931884766,63.560001373291016,59.13999938964844,63.0,5614700
2022-07-13,58.90999984741211,58.90999984741211,59.90999984741211,57.439998626708984,58.099998474121094,3750900
2022-07-14,57.63999938964844,57.63999938964844,58.31999969482422,55.56999969482422,58.290000915527344,4630600
2022-07-15,60.220001220703125,60.220001220703125,60.58000183105469,58.08000183105469,58.08000183105469,4738200
2022-07-18,58.0,58.0,60.900001525878906,57.779998779296875,60.43000030517578,4819300
2022-07-19,59.20000076293945,59.20000076293945,59.59000015258789,58.34000015258789,59.31999969482422,7184900
2022-07-20,59.63999938964844,59.63999938964844,60.630001068115234,58.84000015258789,59.529998779296875,5244700
2022-07-21,61.86000061035156,61.86000061035156,61.93000030517578,59.02000045776367,59.970001220703125,3901200
2022-07-22,61.22999954223633,61.22999954223633,63.400001525878906,60.90999984741211,62.31999969482422,2397600
2022-07-25,61.0,61.0,61.2400016784668,59.95000076293945,61.18000030517578,3182800
2022-07-26,56.2599983215332,56.2599983215332,61.209999084472656,55.209999084472656,61.209999084472656,6507200
2022-07-27,57.93000030517578,57.93000030517578,58.540000915527344,56.349998474121094,57.310001373291016,4262400
2022-07-28,59.400001525878906,59.400001525878906,59.630001068115234,57.349998474121094,58.2599983215332,3886300
2022-07-29,59.650001525878906,59.650001525878906,59.93000030517578,58.529998779296875,59.459999084472656,4806100
2022-08-01,60.060001373291016,60.060001373291016,60.95000076293945,58.58000183105469,59.029998779296875,3960200
2022-08-02,60.369998931884766,60.369998931884766,61.029998779296875,59.400001525878906,59.54999923706055,4032500
2022-08-03,62.880001068115234,62.880001068115234,63.15999984741211,60.83000183105469,61.189998626708984,6500500
2022-08-04,52.61000061035156,52.61000061035156,56.959999084472656,52.0,56.83000183105469,19687500
2022-08-05,53.38999938964844,53.38999938964844,53.45000076293945,51.2400016784668,52.0,11779800
2022-08-08,53.31999969482422,53.31999969482422,54.369998931884766,53.16999816894531,53.52000045776367,6171000
2022-08-09,52.189998626708984,52.189998626708984,53.36000061035156,51.900001525878906,52.90999984741211,4391000
2022-08-10,53.88999938964844,53.88999938964844,54.31999969482422,53.34000015258789,54.040000915527344,6173500
2022-08-11,52.52000045776367,52.52000045776367,54.869998931884766,52.40999984741211,54.290000915527344,5496400
2022-08-12,54.290000915527344,54.290000915527344,54.40999984741211,52.790000915527344,53.06999969482422,5007700
2022-08-15,54.08000183105469,54.08000183105469,54.529998779296875,53.7599983215332,53.900001525878906,3109700
2022-08-16,52.939998626708984,52.939998626708984,54.27000045776367,52.31999969482422,53.84000015258789,4902300
2022-08-17,51.93000030517578,51.93000030517578,52.63999938964844,51.630001068115234,52.33000183105469,4814200
2022-08-18,52.27000045776367,52.27000045776367,52.560001373291016,51.81999969482422,52.06999969482422,3793700
2022-08-19,51.290000915527344,51.290000915527344,52.15999984741211,51.06999969482422,51.869998931884766,4369400
2022-08-22,50.31999969482422,50.31999969482422,50.790000915527344,49.709999084472656,50.279998779296875,6160800
2022-08-23,50.59000015258789,50.59000015258789,52.31999969482422,50.5099983215332,50.90999984741211,6809900
2022-08-24,50.15999984741211,50.15999984741211,50.900001525878906,49.97999954223633,50.7400016784668,3366000
2022-08-25,50.869998931884766,50.869998931884766,50.970001220703125,50.18000030517578,50.66999816894531,4258900
2022-08-26,49.56999969482422,49.56999969482422,51.220001220703125,49.41999816894531,51.220001220703125,7008600
2022-08-29,48.689998626708984,48.689998626708984,49.4900016784668,48.56999969482422,49.349998474121094,5837100
2022-08-30,49.040000915527344,49.040000915527344,49.36000061035156,48.310001373291016,49.189998626708984,6129900
2022-08-31,48.689998626708984,48.689998626708984,50.18000030517578,48.4900016784668,49.45000076293945,5860000
2022-09-01,48.54999923706055,48.54999923706055,48.599998474121094,47.369998931884766,48.040000915527344,5723800
2022-09-02,48.599998474121094,48.599998474121094,49.54999923706055,48.34000015258789,49.08000183105469,6405100
2022-09-06,49.650001525878906,49.650001525878906,49.939998626708984,48.029998779296875,48.68000030517578,7441800
2022-09-07,50.45000076293945,50.45000076293945,50.63999938964844,49.290000915527344,49.880001068115234,5120600
2022-09-08,51.709999084472656,51.709999084472656,51.84000015258789,49.97999954223633,50.209999084472656,4492200
2022-09-09,53.59000015258789,53.59000015258789,53.689998626708984,52.08000183105469,52.08000183105469,5488200
2022-09-12,55.84000015258789,55.84000015258789,55.939998626708984,53.75,53.779998779296875,7382400
2022-09-13,51.869998931884766,51.869998931884766,53.619998931884766,51.79999923706055,53.22999954223633,7693700
2022-09-14,51.939998626708984,51.939998626708984,52.31999969482422,51.04999923706055,52.25,4542200
2022-09-15,50.81999969482422,50.81999969482422,52.47999954223633,50.540000915527344,51.91999816894531,6011900
2022-09-16,50.41999816894531,50.41999816894531,50.63999938964844,49.599998474121094,50.189998626708984,10405500
2022-09-19,50.7400016784668,50.7400016784668,50.84000015258789,49.61000061035156,49.61000061035156,3593400
2022-09-20,50.77000045776367,50.77000045776367,51.099998474121094,50.16999816894531,50.33000183105469,3590100
2022-09-21,49.79999923706055,49.79999923706055,51.79999923706055,49.7599983215332,51.11000061035156,4367600
2022-09-22,48.7400016784668,48.7400016784668,50.16999816894531,48.63999938964844,49.5099983215332,4057600
2022-09-23,48.59000015258789,48.59000015258789,48.91999816894531,47.95000076293945,48.5,4248100
2022-09-26,48.290000915527344,48.290000915527344,49.540000915527344,48.209999084472656,48.77000045776367,3514600
2022-09-27,48.5,48.5,49.7400016784668,47.869998931884766,49.0099983215332,4214800
2022-09-28,49.970001220703125,49.970001220703125,50.22999954223633,48.400001525878906,48.939998626708984,3878500
2022-09-29,49.630001068115234,49.630001068115234,49.86000061035156,48.4900016784668,49.5,3470000
2022-09-30,49.130001068115234,49.130001068115234,50.59000015258789,49.060001373291016,49.59000015258789,4727200
2022-10-03,50.959999084472656,50.959999084472656,51.38999938964844,49.33000183105469,49.58000183105469,5040400
2022-10-04,52.68000030517578,52.68000030517578,53.08000183105469,52.11000061035156,52.27000045776367,3892400
2022-10-05,53.59000015258789,53.59000015258789,53.849998474121094,51.689998626708984,51.70000076293945,3368100
2022-10-06,53.7400016784668,53.7400016784668,54.75,53.560001373291016,53.790000915527344,4983300
2022-10-07,51.470001220703125,51.470001220703125,53.15999984741211,50.95000076293945,52.68000030517578,5489900
2022-10-10,51.22999954223633,51.22999954223633,53.84000015258789,50.83000183105469,53.310001373291016,6975000
2022-10-11,48.58000183105469,48.58000183105469,51.060001373291016,48.290000915527344,50.810001373291016,6377600
2022-10-12,48.209999084472656,48.209999084472656,48.95000076293945,47.400001525878906,48.810001373291016,4970400
2022-10-13,49.20000076293945,49.20000076293945,49.630001068115234,45.7400016784668,46.459999084472656,5114200
2022-10-14,48.130001068115234,48.130001068115234,50.27000045776367,48.06999969482422,50.060001373291016,4751700
2022-10-17,50.459999084472656,50.459999084472656,50.7400016784668,49.66999816894531,49.66999816894531,5594600
2022-10-18,51.560001373291016,51.560001373291016,52.75,50.65999984741211,52.189998626708984,5122000
2022-10-19,51.790000915527344,51.790000915527344,52.7400016784668,51.09000015258789,51.16999816894531,4373800
2022-10-20,51.59000015258789,51.59000015258789,53.130001068115234,51.29999923706055,52.02000045776367,4433500
2022-10-21,53.75,53.75,53.869998931884766,50.939998626708984,51.720001220703125,5512200
2022-10-24,54.900001525878906,54.900001525878906,55.5,52.83000183105469,54.34000015258789,5905900
2022-10-25,55.91999816894531,55.91999816894531,56.75,54.97999954223633,54.97999954223633,5524300
2022-10-26,55.4900016784668,55.4900016784668,57.25,54.79999923706055,55.09000015258789,5972700
2022-10-27,56.0099983215332,56.0099983215332,57.0,55.5099983215332,56.20000076293945,4246200
2022-10-28,57.099998474121094,57.099998474121094,57.15999984741211,55.27000045776367,56.36000061035156,3795400
2022-10-31,57.15999984741211,57.15999984741211,57.34000015258789,55.900001525878906,56.38999938964844,5405900
2022-11-01,56.41999816894531,56.41999816894531,58.290000915527344,56.38999938964844,57.86000061035156,4765900
2022-11-02,53.22999954223633,53.22999954223633,56.33000183105469,53.09000015258789,56.20000076293945,9976900
2022-11-03,45.93000030517578,45.93000030517578,47.34000015258789,42.61000061035156,45.54999923706055,16959800
2022-11-04,47.099998474121094,47.099998474121094,47.310001373291016,45.150001525878906,46.209999084472656,9579800
2022-11-07,47.86000061035156,47.86000061035156,48.27000045776367,45.939998626708984,47.220001220703125,6168100
2022-11-08,50.599998474121094,50.599998474121094,51.2400016784668,48.150001525878906,48.5099983215332,7081000
2022-11-09,49.880001068115234,49.880001068115234,50.52000045776367,49.59000015258789,50.25,4717300
2022-11-10,54.38999938964844,54.38999938964844,54.7400016784668,52.779998779296875,53.27000045776367,7428200
2022-11-11,56.130001068115234,56.130001068115234,56.22999954223633,53.7599983215332,54.0,6267100
2022-11-14,55.52000045776367,55.52000045776367,56.90999984741211,54.79999923706055,55.70000076293945,5687800
2022-11-15,56.20000076293945,56.20000076293945,57.38999938964844,55.65999984741211,56.900001525878906,4498100
2022-11-16,54.689998626708984,54.689998626708984,55.97999954223633,54.5099983215332,55.68000030517578,4280700
2022-11-17,54.13999938964844,54.13999938964844,54.540000915527344,52.68000030517578,53.459999084472656,5429300
2022-11-18,52.150001525878906,52.150001525878906,55.79999923706055,51.2599983215332,55.79999923706055,6357000
2022-11-21,52.31999969482422,52.31999969482422,52.59000015258789,51.400001525878906,51.560001373291016,3731600
2022-11-22,52.279998779296875,52.279998779296875,52.849998474121094,51.220001220703125,52.779998779296875,4935600
2022-11-23,53.349998474121094,53.349998474121094,53.58000183105469,51.84000015258789,52.25,2997200
2022-11-25,52.90999984741211,52.90999984741211,53.47999954223633,52.869998931884766,53.08000183105469,2117800
2022-11-28,52.08000183105469,52.08000183105469,53.2400016784668,51.88999938964844,52.970001220703125,3905800
2022-11-29,51.59000015258789,51.59000015258789,52.29999923706055,50.84000015258789,52.25,5729100
2022-11-30,53.15999984741211,53.15999984741211,53.189998626708984,50.47999954223633,51.22999954223633,11465700
2022-12-01,55.380001068115234,55.380001068115234,55.54999923706055,53.349998474121094,53.630001068115234,4410200
2022-12-02,53.61000061035156,53.61000061035156,54.36000061035156,52.959999084472656,54.11000061035156,4685400
2022-12-05,51.66999816894531,51.66999816894531,52.83000183105469,51.13999938964844,52.720001220703125,3644100
2022-12-06,50.849998474121094,50.849998474121094,51.88999938964844,50.630001068115234,51.77000045776367,3714300
2022-12-07,51.599998474121094,51.599998474121094,51.77000045776367,50.369998931884766,50.7400016784668,3172400
2022-12-08,52.90999984741211,52.90999984741211,53.38999938964844,51.16999816894531,51.91999816894531,4109000
2022-12-09,52.130001068115234,52.130001068115234,52.95000076293945,51.880001068115234,52.779998779296875,3784700
2022-12-12,53.63999938964844,53.63999938964844,54.060001373291016,52.29999923706055,52.459999084472656,3808500
2022-12-13,54.709999084472656,54.709999084472656,56.709999084472656,53.810001373291016,56.650001525878906,4640600
2022-12-14,54.27000045776367,54.27000045776367,55.79999923706055,53.68000030517578,55.0099983215332,3709400
2022-12-15,52.16999816894531,52.16999816894531,54.0,52.0099983215332,53.540000915527344,4501600
2022-12-16,51.91999816894531,51.91999816894531,52.5,51.369998931884766,51.540000915527344,14845300
2022-12-19,49.97999954223633,49.97999954223633,51.7400016784668,49.66999816894531,51.7400016784668,4871600
2022-12-20,50.470001220703125,50.470001220703125,50.72999954223633,49.2599983215332,49.52000045776367,4342100
2022-12-21,50.0099983215332,50.0099983215332,50.29999923706055,47.040000915527344,50.29999923706055,6803100
2022-12-22,49.150001525878906,49.150001525878906,49.9900016784668,48.45000076293945,49.63999938964844,4906400
2022-12-23,48.72999954223633,48.72999954223633,49.220001220703125,48.290000915527344,48.970001220703125,2958800
2022-12-27,48.54999923706055,48.54999923706055,49.22999954223633,47.900001525878906,48.439998626708984,2804500
2022-12-28,47.86000061035156,47.86000061035156,49.029998779296875,47.79999923706055,48.5,2633100
2022-12-29,49.209999084472656,49.209999084472656,49.369998931884766,48.0,48.099998474121094,2668100
2022-12-30,48.88999938964844,48.88999938964844,48.91999816894531,48.150001525878906,48.54999923706055,2338900
2023-01-03,48.52000045776367,48.52000045776367,50.25,48.02000045776367,49.529998779296875,4647500
2023-01-04,48.29999923706055,48.29999923706055,49.470001220703125,47.959999084472656,49.02000045776367,4674800
2023-01-05,47.45000076293945,47.45000076293945,48.18000030517578,46.54999923706055,47.77000045776367,6585100
2023-01-06,48.689998626708984,48.689998626708984,48.86000061035156,47.08000183105469,48.31999969482422,5223700
2023-01-09,49.40999984741211,49.40999984741211,50.66999816894531,49.29999923706055,49.40999984741211,4539700
2023-01-10,48.41999816894531,48.41999816894531,50.150001525878906,48.099998474121094,49.119998931884766,5314100
2023-01-11,48.79999923706055,48.79999923706055,49.060001373291016,48.150001525878906,48.84000015258789,4111100
2023-01-12,48.400001525878906,48.400001525878906,48.63999938964844,47.189998626708984,48.130001068115234,4932500
2023-01-13,48.869998931884766,48.869998931884766,49.040000915527344,45.880001068115234,46.25,6281700
2023-01-17,50.099998474121094,50.099998474121094,50.45000076293945,48.43000030517578,48.7599983215332,5436600
2023-01-18,48.380001068115234,48.380001068115234,51.52000045776367,48.310001373291016,50.68000030517578,4894800
2023-01-19,48.41999816894531,48.41999816894531,49.02000045776367,47.779998779296875,48.11000061035156,4631900
2023-01-20,49.27000045776367,49.27000045776367,49.36000061035156,48.5,48.54999923706055,5372900
2023-01-23,50.5099983215332,50.5099983215332,50.54999923706055,48.88999938964844,49.27000045776367,5771300
2023-01-24,51.09000015258789,51.09000015258789,51.45000076293945,50.099998474121094,50.470001220703125,4698000
2023-01-25,51.7599983215332,51.7599983215332,51.90999984741211,49.43000030517578,50.209999084472656,5872700
2023-01-26,53.209999084472656,53.209999084472656,54.56999969482422,51.939998626708984,53.33000183105469,6410600
2023-01-27,52.70000076293945,52.70000076293945,53.130001068115234,51.709999084472656,51.900001525878906,5257100
2023-01-30,51.04999923706055,51.04999923706055,52.40999984741211,50.91999816894531,52.34000015258789,5248800
2023-01-31,52.34000015258789,52.34000015258789,52.529998779296875,50.91999816894531,51.09000015258789,6031300
2023-02-01,53.09000015258789,53.09000015258789,53.59000015258789,51.41999816894531,52.150001525878906,9170600
2023-02-02,53.849998474121094,53.849998474121094,54.33000183105469,53.0,53.0099983215332,6790000
2023-02-03,53.0,53.0,53.7400016784668,52.540000915527344,52.869998931884766,5467600
2023-02-06,51.9900016784668,51.9900016784668,53.470001220703125,51.880001068115234,52.470001220703125,4853600
2023-02-07,53.779998779296875,53.779998779296875,54.189998626708984,51.790000915527344,52.54999923706055,9785500
2023-02-08,59.63999938964844,59.63999938964844,61.45000076293945,58.720001220703125,60.75,18344600
2023-02-09,57.81999969482422,57.81999969482422,60.83000183105469,57.650001525878906,60.7599983215332,9973100
2023-02-10,59.61000061035156,59.61000061035156,59.689998626708984,57.099998474121094,57.41999816894531,5564400
2023-02-13,60.150001525878906,60.150001525878906,60.459999084472656,59.33000183105469,59.7599983215332,4507500
2023-02-14,61.189998626708984,61.189998626708984,61.5,59.880001068115234,60.150001525878906,5190100
2023-02-15,62.810001373291016,62.810001373291016,63.02000045776367,60.709999084472656,60.9900016784668,5235100
2023-02-16,61.38999938964844,61.38999938964844,62.61000061035156,61.22999954223633,62.0,4033900
2023-02-17,60.63999938964844,60.63999938964844,61.29999923706055,60.290000915527344,60.869998931884766,3687200
2023-02-21,59.709999084472656,59.709999084472656,60.369998931884766,59.29999923706055,59.790000915527344,4515500
2023-02-22,60.209999084472656,60.209999084472656,61.25,59.77000045776367,60.599998474121094,5662900
2023-02-23,60.58000183105469,60.58000183105469,60.790000915527344,59.34000015258789,60.61000061035156,4123800
2023-02-24,58.86000061035156,58.86000061035156,59.849998474121094,58.56999969482422,59.38999938964844,3730400
2023-02-27,59.619998931884766,59.619998931884766,60.13999938964844,59.380001068115234,59.68000030517578,3597100
2023-02-28,59.439998626708984,59.439998626708984,60.09000015258789,59.08000183105469,59.630001068115234,3962300
2023-03-01,58.439998626708984,58.439998626708984,59.540000915527344,58.29999923706055,59.540000915527344,3353000
2023-03-02,59.63999938964844,59.63999938964844,60.040000915527344,58.15999984741211,58.40999984741211,3442100
2023-03-03,60.84000015258789,60.84000015258789,60.900001525878906,59.529998779296875,59.68000030517578,3870900
2023-03-06,61.310001373291016,61.310001373291016,61.7599983215332,60.65999984741211,61.11000061035156,2542900
2023-03-07,60.369998931884766,60.369998931884766,61.9900016784668,60.11000061035156,61.0,5258100
2023-03-08,61.790000915527344,61.790000915527344,61.9900016784668,59.75,60.65999984741211,5047400
2023-03-09,59.95000076293945,59.95000076293945,62.08000183105469,59.86000061035156,61.459999084472656,4940400
2023-03-10,58.7599983215332,58.7599983215332,60.470001220703125,58.599998474121094,60.02000045776367,4381600
2023-03-13,59.27000045776367,59.27000045776367,60.16999816894531,57.630001068115234,58.220001220703125,4772300
2023-03-14,60.88999938964844,60.88999938964844,61.09000015258789,59.88999938964844,60.349998474121094,3887400
2023-03-15,60.38999938964844,60.38999938964844,61.220001220703125,59.720001220703125,60.61000061035156,3450400
2023-03-16,61.880001068115234,61.880001068115234,61.970001220703125,59.900001525878906,60.34000015258789,3994000
2023-03-17,61.220001220703125,61.220001220703125,62.470001220703125,60.70000076293945,61.720001220703125,8197000
2023-03-20,61.540000915527344,61.540000915527344,61.58000183105469,60.7599983215332,60.90999984741211,4768300
2023-03-21,62.459999084472656,62.459999084472656,62.61000061035156,60.869998931884766,61.75,3661900
2023-03-22,61.209999084472656,61.209999084472656,63.20000076293945,61.16999816894531,62.29999923706055,2859400
2023-03-23,63.25,63.25,63.95000076293945,62.0,62.099998474121094,4429700
2023-03-24,62.9900016784668,62.9900016784668,63.25,62.02000045776367,62.91999816894531,3384500
2023-03-27,63.97999954223633,63.97999954223633,64.33000183105469,63.16999816894531,63.2599983215332,5029800
2023-03-28,64.2699966430664,64.2699966430664,64.5999984741211,63.5099983215332,63.72999954223633,3993200
2023-03-29,64.80999755859375,64.80999755859375,65.0999984741211,64.36000061035156,65.04000091552734,4280300
2023-03-30,65.80999755859375,65.80999755859375,65.87999725341797,65.08999633789062,65.19999694824219,3681600
2023-03-31,66.45999908447266,66.45999908447266,66.56999969482422,65.55000305175781,66.0199966430664,5714900
2023-04-03,66.30999755859375,66.30999755859375,66.37999725341797,65.6500015258789,65.81999969482422,3343000
2023-04-04,65.97000122070312,65.97000122070312,66.72000122070312,65.52999877929688,66.56999969482422,3401900
2023-04-05,65.1500015258789,65.1500015258789,66.26000213623047,64.70999908447266,65.68000030517578,3864900
2023-04-06,65.5199966430664,65.5199966430664,65.58000183105469,64.26000213623047,64.75,2772200
2023-04-10,66.91000366210938,66.91000366210938,67.44000244140625,64.6500015258789,64.80000305175781,5934700
2023-04-11,67.0,67.0,67.63999938964844,66.55000305175781,66.70999908447266,3107900
2023-04-12,67.19000244140625,67.19000244140625,68.18000030517578,66.95999908447266,67.56999969482422,3890200
2023-04-13,68.38999938964844,68.38999938964844,68.8499984741211,67.51000213623047,67.66999816894531,4195300
2023-04-14,68.06999969482422,68.06999969482422,69.06999969482422,67.41999816894531,68.2699966430664,4049500
2023-04-17,67.70999908447266,67.70999908447266,68.7699966430664,67.06999969482422,68.36000061035156,3342300
2023-04-18,67.81999969482422,67.81999969482422,68.69999694824219,67.55000305175781,68.51000213623047,3526700
2023-04-19,67.31999969482422,67.31999969482422,67.51000213623047,66.91999816894531,67.37000274658203,2458400
2023-04-20,66.9000015258789,66.9000015258789,67.62999725341797,66.52999877929688,66.83999633789062,2702500
2023-04-21,66.77999877929688,66.77999877929688,67.31999969482422,66.51000213623047,67.31999969482422,2876500
2023-04-24,66.25,66.25,67.20999908447266,65.69999694824219,67.08000183105469,2933600
2023-04-25,63.16999816894531,63.16999816894531,65.93000030517578,63.099998474121094,65.36000061035156,5726600
2023-04-26,63.400001525878906,63.400001525878906,64.12999725341797,63.09000015258789,63.27000045776367,3650200
2023-04-27,63.060001373291016,63.060001373291016,64.19999694824219,62.33000183105469,64.08000183105469,5012000
2023-04-28,63.04999923706055,63.04999923706055,63.08000183105469,61.72999954223633,62.66999816894531,5597600
2023-05-01,62.810001373291016,62.810001373291016,63.29999923706055,61.65999984741211,62.29999923706055,3827300
2023-05-02,61.439998626708984,61.439998626708984,62.83000183105469,61.0099983215332,62.599998474121094,5430000
2023-05-03,60.4900016784668,60.4900016784668,61.70000076293945,60.33000183105469,61.63999938964844,6497300
2023-05-04,61.18000030517578,61.18000030517578,61.61000061035156,60.369998931884766,61.290000915527344,5939300
2023-05-05,64.58999633789062,64.58999633789062,65.44999694824219,60.5,60.75,9353900
2023-05-08,66.08000183105469,66.08000183105469,66.4800033569336,64.5999984741211,65.73999786376953,5872800
2023-05-09,66.4000015258789,66.4000015258789,67.0,66.05999755859375,66.45999908447266,4814400
2023-05-10,67.01000213623047,67.01000213623047,67.80000305175781,66.54000091552734,66.97000122070312,4056000
2023-05-11,67.5,67.5,67.76000213623047,66.95999908447266,67.29000091552734,4397000
2023-05-12,67.7699966430664,67.7699966430664,68.18000030517578,66.95999908447266,67.68000030517578,3702900
2023-05-15,68.55999755859375,68.55999755859375,68.77999877929688,67.45999908447266,67.68000030517578,4580000
2023-05-16,68.30999755859375,68.30999755859375,68.97000122070312,68.22000122070312,68.48999786376953,3399100
2023-05-17,68.43000030517578,68.43000030517578,68.98999786376953,67.63999938964844,68.4000015258789,3466300
2023-05-18,68.13999938964844,68.13999938964844,68.76000213623047,67.75,68.68000030517578,4576200
2023-05-19,69.62999725341797,69.62999725341797,69.68000030517578,68.19000244140625,68.5,4745600
2023-05-22,69.5199966430664,69.5199966430664,71.29000091552734,69.47000122070312,69.75,4493100
2023-05-23,68.08999633789062,68.08999633789062,69.45999908447266,67.45999908447266,69.37000274658203,5495400
2023-05-24,66.58999633789062,66.58999633789062,69.45999908447266,66.01000213623047,68.5,9000600
2023-05-25,67.16999816894531,67.16999816894531,67.87999725341797,64.45999908447266,66.88999938964844,8565600
2023-05-26,67.7699966430664,67.7699966430664,68.81999969482422,67.30000305175781,67.36000061035156,5343700
2023-05-30,68.54000091552734,68.54000091552734,69.0999984741211,67.41000366210938,68.11000061035156,4419600
2023-05-31,68.33000183105469,68.33000183105469,69.2699966430664,67.86000061035156,68.33999633789062,6605100
2023-06-01,68.63999938964844,68.63999938964844,69.11000061035156,66.93000030517578,67.63999938964844,4694400
2023-06-02,68.12999725341797,68.12999725341797,69.37000274658203,67.8499984741211,68.63999938964844,4186200
2023-06-05,71.2699966430664,71.2699966430664,71.62999725341797,67.94999694824219,67.9800033569336,8966800
2023-06-06,69.54000091552734,69.54000091552734,71.37999725341797,68.83999633789062,71.3499984741211,5113000
2023-06-07,67.05999755859375,67.05999755859375,69.93000030517578,66.83999633789062,69.54000091552734,5446400
2023-06-08,69.0,69.0,69.3499984741211,67.0199966430664,67.06999969482422,4742700
2023-06-09,68.01000213623047,68.01000213623047,69.80000305175781,67.01000213623047,68.94999694824219,4212700
2023-06-12,69.83999633789062,69.83999633789062,69.9800033569336,68.12999725341797,68.19999694824219,5487200
2023-06-13,70.48999786376953,70.48999786376953,70.75,69.36000061035156,70.5,4761600
2023-06-14,71.4800033569336,71.4800033569336,71.58999633789062,69.69999694824219,70.06999969482422,4875400
2023-06-15,73.58999633789062,73.58999633789062,73.8499984741211,71.1500015258789,71.29000091552734,5438000
2023-06-16,72.77999877929688,72.77999877929688,74.7699966430664,72.37000274658203,74.45999908447266,10916000
2023-06-20,71.66000366210938,71.66000366210938,72.7699966430664,70.91999816894531,72.44999694824219,4286100
2023-06-21,71.11000061035156,71.11000061035156,71.83999633789062,70.58000183105469,71.66000366210938,7128100
2023-06-22,71.86000061035156,71.86000061035156,72.23999786376953,70.80999755859375,71.11000061035156,3234000
2023-06-23,71.58999633789062,71.58999633789062,71.76000213623047,70.1500015258789,71.11000061035156,14856000
2023-06-26,71.05999755859375,71.05999755859375,72.72000122070312,70.9000015258789,71.69000244140625,3416400
2023-06-27,73.66000366210938,73.66000366210938,73.88999938964844,71.55000305175781,71.63999938964844,4602500
2023-06-28,74.33000183105469,74.33000183105469,74.93000030517578,72.94999694824219,73.48999786376953,5834400
2023-06-29,75.08999633789062,75.08999633789062,75.30000305175781,73.9000015258789,74.54000091552734,6114400
2023-06-30,75.58999633789062,75.58999633789062,76.2699966430664,75.26000213623047,75.55000305175781,4578400
2023-07-03,74.66000366210938,74.66000366210938,75.36000061035156,73.6500015258789,75.30000305175781,2253900
2023-07-05,74.30999755859375,74.30999755859375,74.70999908447266,74.01000213623047,74.41999816894531,3763800
2023-07-06,74.6500015258789,74.6500015258789,74.7699966430664,72.44999694824219,73.83999633789062,4329100
2023-07-07,74.68000030517578,74.68000030517578,75.45999908447266,73.98999786376953,74.41000366210938,4011700
2023-07-10,77.86000061035156,77.86000061035156,78.66000366210938,74.79000091552734,74.79000091552734,8176700
2023-07-11,78.31999969482422,78.31999969482422,78.62999725341797,77.22000122070312,78.61000061035156,4294700
2023-07-12,76.72000122070312,76.72000122070312,79.02999877929688,75.51000213623047,78.87000274658203,6147900
2023-07-13,78.25,78.25,78.29000091552734,76.7300033569336,77.4000015258789,4709500
2023-07-14,78.91999816894531,78.91999816894531,80.02999877929688,78.33999633789062,78.55000305175781,4913700
2023-07-17,80.27999877929688,80.27999877929688,80.5999984741211,78.58000183105469,78.72000122070312,4185300
2023-07-18,80.23999786376953,80.23999786376953,80.44000244140625,79.16000366210938,79.95999908447266,4586200
2023-07-19,78.69000244140625,78.69000244140625,81.23999786376953,78.30000305175781,80.44999694824219,5985000
2023-07-20,77.69999694824219,77.69999694824219,79.37000274658203,77.52999877929688,78.66999816894531,3623900
2023-07-21,78.16000366210938,78.16000366210938,79.13999938964844,78.05999755859375,78.37000274658203,12134100
2023-07-24,77.2699966430664,77.2699966430664,78.81999969482422,76.31999969482422,78.69000244140625,3870200
2023-07-25,78.33999633789062,78.33999633789062,78.62000274658203,77.41000366210938,77.7300033569336,3679000
2023-07-26,77.26000213623047,77.26000213623047,78.75,76.86000061035156,77.55999755859375,3378500
2023-07-27,76.58000183105469,76.58000183105469,78.5199966430664,76.30999755859375,78.38999938964844,3957700
2023-07-28,76.80000305175781,76.80000305175781,77.62999725341797,76.1500015258789,77.23999786376953,3544400
2023-07-31,77.72000122070312,77.72000122070312,77.75,76.79000091552734,77.08999633789062,3543600
2023-08-01,78.02999877929688,78.02999877929688,78.58000183105469,76.91000366210938,77.63999938964844,2619600
2023-08-02,74.31999969482422,74.31999969482422,77.23999786376953,74.01000213623047,77.23999786376953,5674300
2023-08-03,75.76000213623047,75.76000213623047,76.0,74.1500015258789,74.19999694824219,6020300
2023-08-04,56.77000045776367,56.77000045776367,61.36000061035156,56.099998474121094,60.41999816894531,32831500
2023-08-07,57.70000076293945,57.70000076293945,58.18000030517578,56.86000061035156,57.58000183105469,14402400
2023-08-08,58.56999969482422,58.56999969482422,59.119998931884766,56.56999969482422,56.880001068115234,16011800
2023-08-09,59.779998779296875,59.779998779296875,60.349998474121094,58.459999084472656,58.84000015258789,13133500
2023-08-10,60.560001373291016,60.560001373291016,62.209999084472656,60.06999969482422,61.15999984741211,10993600
2023-08-11,59.68000030517578,59.68000030517578,61.209999084472656,59.349998474121094,60.04999923706055,7695700
2023-08-14,59.65999984741211,59.65999984741211,60.099998474121094,59.20000076293945,59.689998626708984,7340000
2023-08-15,59.16999816894531,59.16999816894531,60.22999954223633,59.0099983215332,59.56999969482422,7210700
2023-08-16,58.18000030517578,58.18000030517578,59.59000015258789,58.150001525878906,59.0,3596700
2023-08-17,57.40999984741211,57.40999984741211,58.83000183105469,57.34000015258789,58.599998474121094,5045600
2023-08-18,57.15999984741211,57.15999984741211,57.689998626708984,56.84000015258789,56.97999954223633,5390400
2023-08-21,58.38999938964844,58.38999938964844,58.720001220703125,57.790000915527344,58.06999969482422,6711700
2023-08-22,58.31999969482422,58.31999969482422,58.61000061035156,57.779998779296875,58.31999969482422,4841800
2023-08-23,59.189998626708984,59.189998626708984,59.5,58.13999938964844,58.810001373291016,4689700
2023-08-24,58.150001525878906,58.150001525878906,59.83000183105469,58.119998931884766,59.599998474121094,4833700
2023-08-25,58.810001373291016,58.810001373291016,58.959999084472656,57.959999084472656,58.20000076293945,4241100
2023-08-28,58.70000076293945,58.70000076293945,59.43000030517578,58.20000076293945,59.099998474121094,4840900
2023-08-29,60.630001068115234,60.630001068115234,60.93000030517578,58.5099983215332,58.70000076293945,5632200
2023-08-30,61.220001220703125,61.220001220703125,61.45000076293945,60.5,60.56999969482422,5045800
2023-08-31,60.209999084472656,60.209999084472656,61.83000183105469,60.16999816894531,61.5,6428600
2023-09-01,60.869998931884766,60.869998931884766,60.959999084472656,60.38999938964844,60.5,4957900
2023-09-05,61.90999984741211,61.90999984741211,61.970001220703125,60.560001373291016,60.91999816894531,4904800
2023-09-06,62.22999954223633,62.22999954223633,62.38999938964844,61.720001220703125,61.900001525878906,5225500
2023-09-07,63.16999816894531,63.16999816894531,63.33000183105469,61.619998931884766,61.880001068115234,5440700
2023-09-08,64.06999969482422,64.06999969482422,64.30000305175781,63.04999923706055,63.04999923706055,5817300
2023-09-11,65.06999969482422,65.06999969482422,65.45999908447266,64.5199966430664,64.81999969482422,4575500
2023-09-12,63.5,63.5,65.68000030517578,63.470001220703125,64.61000061035156,5316900
2023-09-13,62.619998931884766,62.619998931884766,63.880001068115234,62.56999969482422,63.27000045776367,3995900
2023-09-14,63.099998474121094,63.099998474121094,63.38999938964844,62.65999984741211,62.779998779296875,4289100
2023-09-15,61.02000045776367,61.02000045776367,62.66999816894531,60.68000030517578,62.5,10314000
2023-09-18,60.45000076293945,60.45000076293945,61.279998779296875,60.33000183105469,60.83000183105469,3429300
2023-09-19,60.439998626708984,60.439998626708984,60.5099983215332,58.45000076293945,59.95000076293945,4220100
2023-09-20,60.150001525878906,60.150001525878906,61.38999938964844,60.13999938964844,60.68000030517578,3451900
2023-09-21,58.779998779296875,58.779998779296875,60.150001525878906,58.66999816894531,59.65999984741211,4388800
2023-09-22,58.2400016784668,58.2400016784668,59.09000015258789,58.11000061035156,58.75,3458500
2023-09-25,58.11000061035156,58.11000061035156,58.150001525878906,57.630001068115234,57.84000015258789,3811300
2023-09-26,57.43000030517578,57.43000030517578,58.040000915527344,57.189998626708984,57.84000015258789,4347400
2023-09-27,58.13999938964844,58.13999938964844,58.34000015258789,57.5,57.939998626708984,3285600
2023-09-28,58.599998474121094,58.599998474121094,59.2400016784668,57.709999084472656,58.18000030517578,3545900
2023-09-29,58.68000030517578,58.68000030517578,59.66999816894531,58.349998474121094,59.63999938964844,4665100
2023-10-02,58.630001068115234,58.630001068115234,59.56999969482422,58.34000015258789,58.790000915527344,4098800
2023-10-03,57.61000061035156,57.61000061035156,58.369998931884766,57.08000183105469,58.029998779296875,6914100
2023-10-04,58.2599983215332,58.2599983215332,58.75,57.470001220703125,57.970001220703125,4875600
2023-10-05,58.02000045776367,58.02000045776367,58.310001373291016,56.63999938964844,58.11000061035156,7429100
2023-10-06,59.93000030517578,59.93000030517578,60.209999084472656,57.5,57.619998931884766,4752600
2023-10-09,59.5099983215332,59.5099983215332,60.599998474121094,58.45000076293945,59.720001220703125,4918300
2023-10-10,59.400001525878906,59.400001525878906,60.349998474121094,59.34000015258789,59.599998474121094,5051000
2023-10-11,58.970001220703125,58.970001220703125,59.470001220703125,57.0,59.43000030517578,9492400
2023-10-12,58.0,58.0,59.099998474121094,57.7599983215332,58.849998474121094,8388300
2023-10-13,57.7599983215332,57.7599983215332,58.04999923706055,56.06999969482422,56.61000061035156,11560900
2023-10-16,59.13999938964844,59.13999938964844,59.75,57.84000015258789,58.560001373291016,5498600
2023-10-17,58.650001525878906,58.650001525878906,59.369998931884766,57.709999084472656,58.41999816894531,4774700
2023-10-18,57.66999816894531,57.66999816894531,58.5,57.59000015258789,57.880001068115234,4671300
2023-10-19,57.77000045776367,57.77000045776367,58.45000076293945,57.459999084472656,57.630001068115234,7383300
2023-10-20,56.36000061035156,56.36000061035156,57.939998626708984,55.91999816894531,57.90999984741211,6500800
2023-10-23,56.099998474121094,56.099998474121094,56.56999969482422,55.52000045776367,56.0099983215332,4085000
2023-10-24,57.540000915527344,57.540000915527344,57.70000076293945,56.13999938964844,56.279998779296875,4714800
2023-10-25,55.939998626708984,55.939998626708984,57.45000076293945,55.900001525878906,57.08000183105469,4252300
2023-10-26,55.720001220703125,55.720001220703125,56.41999816894531,55.459999084472656,56.0,5490500
2023-10-27,56.2599983215332,56.2599983215332,56.56999969482422,55.58000183105469,55.790000915527344,5317800
2023-10-30,56.31999969482422,56.31999969482422,56.81999969482422,55.939998626708984,56.5099983215332,5594200
2023-10-31,57.16999816894531,57.16999816894531,57.400001525878906,56.08000183105469,56.4900016784668,4076500
2023-11-01,57.310001373291016,57.310001373291016,57.68000030517578,56.209999084472656,57.43000030517578,5825500
2023-11-02,57.59000015258789,57.59000015258789,58.189998626708984,57.150001525878906,57.34000015258789,9607500
2023-11-03,50.47999954223633,50.47999954223633,50.56999969482422,44.119998931884766,44.5,38074400
2023-11-06,50.099998474121094,50.099998474121094,50.79999923706055,48.290000915527344,50.09000015258789,16649700
2023-11-07,49.52000045776367,49.52000045776367,50.34000015258789,47.65999984741211,50.16999816894531,14908300
2023-11-08,50.2400016784668,50.2400016784668,51.34000015258789,49.439998626708984,49.81999969482422,13597000
2023-11-09,49.66999816894531,49.66999816894531,50.959999084472656,49.630001068115234,50.5099983215332,9651300
2023-11-10,50.81999969482422,50.81999969482422,50.83000183105469,49.900001525878906,50.0,6708900
2023-11-13,50.29999923706055,50.29999923706055,50.72999954223633,49.70000076293945,50.439998626708984,6038900
2023-11-14,51.31999969482422,51.31999969482422,51.97999954223633,50.90999984741211,51.0099983215332,6778100
2023-11-15,51.060001373291016,51.060001373291016,51.810001373291016,50.709999084472656,51.43000030517578,6946400
2023-11-16,50.41999816894531,50.41999816894531,51.2400016784668,49.970001220703125,50.709999084472656,8052100
2023-11-17,51.2599983215332,51.2599983215332,51.31999969482422,50.31999969482422,50.59000015258789,5021300
2023-11-20,51.90999984741211,51.90999984741211,52.08000183105469,51.27000045776367,51.59000015258789,4915200
2023-11-21,52.58000183105469,52.58000183105469,52.77000045776367,51.54999923706055,51.77000045776367,5441900
2023-11-22,52.970001220703125,52.970001220703125,53.709999084472656,52.7599983215332,52.900001525878906,5586800
2023-11-24,53.43000030517578,53.43000030517578,53.689998626708984,52.81999969482422,52.970001220703125,2847400
2023-11-27,53.7400016784668,53.7400016784668,53.95000076293945,53.209999084472656,53.31999969482422,7096000
2023-11-28,52.790000915527344,52.790000915527344,53.93000030517578,52.689998626708984,53.25,5731200
2023-11-29,53.599998474121094,53.599998474121094,53.93000030517578,52.84000015258789,53.47999954223633,7385000
2023-11-30,52.560001373291016,52.560001373291016,54.88999938964844,52.43000030517578,53.880001068115234,16805100
2023-12-01,52.4900016784668,52.4900016784668,52.70000076293945,51.689998626708984,52.04999923706055,7175500
2023-12-04,52.25,52.25,52.66999816894531,51.86000061035156,51.97999954223633,4726200
2023-12-05,52.52000045776367,52.52000045776367,52.970001220703125,51.83000183105469,52.06999969482422,4242000
2023-12-06,51.83000183105469,51.83000183105469,52.9900016784668,51.790000915527344,52.84000015258789,4055800
2023-12-07,51.31999969482422,51.31999969482422,51.90999984741211,50.650001525878906,51.90999984741211,6341100
2023-12-08,52.15999984741211,52.15999984741211,52.36000061035156,50.970001220703125,51.13999938964844,4620400
2023-12-11,53.63999938964844,53.63999938964844,53.75,52.20000076293945,52.38999938964844,5135300
2023-12-12,55.040000915527344,55.040000915527344,55.63999938964844,53.400001525878906,53.84000015258789,7815400
2023-12-13,55.349998474121094,55.349998474121094,55.529998779296875,54.66999816894531,55.099998474121094,5551300
2023-12-14,57.04999923706055,57.04999923706055,57.470001220703125,55.720001220703125,55.79999923706055,9119700
2023-12-15,57.83000183105469,57.83000183105469,58.0099983215332,56.380001068115234,57.04999923706055,16924000
2023-12-18,56.11000061035156,56.11000061035156,57.810001373291016,56.08000183105469,57.709999084472656,11621300
2023-12-19,57.7599983215332,57.7599983215332,57.810001373291016,55.79999923706055,56.29999923706055,6341800
2023-12-20,57.45000076293945,57.45000076293945,58.63999938964844,56.939998626708984,57.65999984741211,6049700
2023-12-21,58.5099983215332,58.5099983215332,58.65999984741211,57.540000915527344,57.77000045776367,4444300
2023-12-22,59.27000045776367,59.27000045776367,59.529998779296875,58.560001373291016,58.84000015258789,5057400
2023-12-26,59.79999923706055,59.79999923706055,59.869998931884766,59.130001068115234,59.459999084472656,3134400
2023-12-27,59.34000015258789,59.34000015258789,59.83000183105469,59.02000045776367,59.65999984741211,2878100
2023-12-28,59.400001525878906,59.400001525878906,59.58000183105469,59.060001373291016,59.5,2900100
2023-12-29,58.529998779296875,58.529998779296875,59.38999938964844,58.27000045776367,59.29999923706055,2880600
2024-01-02,57.779998779296875,57.779998779296875,58.77000045776367,57.349998474121094,58.099998474121094,6012300
2024-01-03,57.849998474121094,57.849998474121094,58.220001220703125,56.939998626708984,57.279998779296875,5329500
2024-01-04,58.38999938964844,58.38999938964844,58.72999954223633,57.779998779296875,58.0,5365400
2024-01-05,58.34000015258789,58.34000015258789,58.93000030517578,58.08000183105469,58.2599983215332,4914200
2024-01-08,61.2599983215332,61.2599983215332,61.29999923706055,58.45000076293945,58.54999923706055,6054500
2024-01-09,59.400001525878906,59.400001525878906,61.20000076293945,59.310001373291016,60.310001373291016,9085900
2024-01-10,61.369998931884766,61.369998931884766,61.599998474121094,59.130001068115234,59.380001068115234,6296100
2024-01-11,62.25,62.25,62.33000183105469,60.959999084472656,62.0,5072200
2024-01-12,62.439998626708984,62.439998626708984,63.040000915527344,61.7599983215332,62.630001068115234,4794000
2024-01-16,62.0,62.0,62.38999938964844,61.0099983215332,61.09000015258789,6578200
2024-01-17,60.619998931884766,60.619998931884766,61.619998931884766,59.72999954223633,61.20000076293945,5407700
2024-01-18,61.40999984741211,61.40999984741211,61.4900016784668,60.290000915527344,61.0,4429100
2024-01-19,60.900001525878906,60.900001525878906,62.099998474121094,60.08000183105469,61.54999923706055,9170500
2024-01-22,62.65999984741211,62.65999984741211,62.79999923706055,61.400001525878906,61.880001068115234,8398000
2024-01-23,64.41000366210938,64.41000366210938,64.77999877929688,63.77000045776367,64.26000213623047,8220600
2024-01-24,66.11000061035156,66.11000061035156,66.72000122070312,64.7699966430664,65.05999755859375,7735400
2024-01-25,65.55000305175781,65.55000305175781,67.36000061035156,65.0199966430664,67.2699966430664,6800400
2024-01-26,66.12000274658203,66.12000274658203,66.7699966430664,65.3499984741211,65.45999908447266,6691500
2024-01-29,66.44999694824219,66.44999694824219,66.63999938964844,65.66000366210938,65.80999755859375,4443400
2024-01-30,66.70999908447266,66.70999908447266,66.91999816894531,65.80000305175781,66.19000244140625,5830000
2024-01-31,64.48999786376953,64.48999786376953,65.27999877929688,63.59000015258789,64.87000274658203,9668100
2024-02-01,66.44999694824219,66.44999694824219,66.69000244140625,64.58999633789062,64.70999908447266,9622500
2024-02-02,66.44000244140625,66.44000244140625,66.98999786376953,65.9000015258789,66.33999633789062,8320000
2024-02-05,66.08999633789062,66.08999633789062,66.44000244140625,64.86000061035156,66.41000366210938,9137500
2024-02-06,67.4800033569336,67.4800033569336,67.55999755859375,65.88999938964844,66.5,13315800
2024-02-07,70.02999877929688,70.02999877929688,73.91000366210938,67.22000122070312,73.83000183105469,25551100
2024-02-08,67.8499984741211,67.8499984741211,70.63999938964844,67.76000213623047,69.79000091552734,8370900
2024-02-09,70.44000244140625,70.44000244140625,70.86000061035156,68.19999694824219,68.25,7522400
2024-02-12,70.26000213623047,70.26000213623047,71.08999633789062,70.12999725341797,70.66000366210938,4790800
2024-02-13,69.4000015258789,69.4000015258789,69.55999755859375,68.25,68.5199966430664,5427300
2024-02-14,70.87999725341797,70.87999725341797,70.94000244140625,69.93000030517578,70.08000183105469,3703400
2024-02-15,70.26000213623047,70.26000213623047,71.48999786376953,70.04000091552734,71.44999694824219,3186000
2024-02-16,68.4800033569336,68.4800033569336,70.08000183105469,67.9000015258789,70.08000183105469,4528400
2024-02-20,67.91000366210938,67.91000366210938,68.36000061035156,66.76000213623047,68.16000366210938,3271400
2024-02-21,65.33999633789062,65.33999633789062,65.5199966430664,61.0,62.029998779296875,12815400
2024-02-22,66.95999908447266,66.95999908447266,67.2300033569336,65.7699966430664,66.94999694824219,7627600
2024-02-23,67.63999938964844,67.63999938964844,67.88999938964844,67.19000244140625,67.5,3772600
2024-02-26,68.4000015258789,68.4000015258789,69.4800033569336,67.7699966430664,68.0,5205000
2024-02-27,69.94999694824219,69.94999694824219,70.27999877929688,68.87000274658203,69.31999969482422,4991500
2024-02-28,69.51000213623047,69.51000213623047,70.05000305175781,68.77999877929688,69.94999694824219,2744800
2024-02-29,69.11000061035156,69.11000061035156,70.1500015258789,68.1500015258789,70.05000305175781,5782100
2024-03-01,70.44000244140625,70.44000244140625,70.48999786376953,68.56999969482422,69.08999633789062,4840800
2024-03-04,71.38999938964844,71.38999938964844,71.69000244140625,70.5,70.69000244140625,4277700
2024-03-05,69.04000091552734,69.04000091552734,71.06999969482422,67.30999755859375,71.06999969482422,6840700
2024-03-06,71.31999969482422,71.31999969482422,71.7300033569336,69.11000061035156,70.97000122070312,7401200
2024-03-07,73.06999969482422,73.06999969482422,73.33000183105469,71.19000244140625,71.94999694824219,6314300
2024-03-08,71.3499984741211,71.3499984741211,73.5,71.08999633789062,73.26000213623047,5278900
2024-03-11,71.45999908447266,71.45999908447266,71.80000305175781,69.91000366210938,70.93000030517578,3139300
2024-03-12,71.33999633789062,71.33999633789062,71.94999694824219,70.73999786376953,71.68000030517578,3858500
2024-03-13,70.18000030517578,70.18000030517578,71.58999633789062,70.0,71.58999633789062,4078200
2024-03-14,68.04000091552734,68.04000091552734,69.75,67.62000274658203,69.29000091552734,6500100
2024-03-15,66.72000122070312,66.72000122070312,67.97000122070312,66.51000213623047,67.72000122070312,10118000
2024-03-18,67.55000305175781,67.55000305175781,68.18000030517578,66.80999755859375,66.98999786376953,3909000
2024-03-19,67.79000091552734,67.79000091552734,67.87999725341797,66.44999694824219,67.12999725341797,3059400
2024-03-20,67.87000274658203,67.87000274658203,68.05999755859375,67.0199966430664,67.79000091552734,4230300
2024-03-21,68.56999969482422,68.56999969482422,68.72000122070312,67.75,68.58000183105469,3716300
2024-03-22,68.30000305175781,68.30000305175781,68.93000030517578,67.52999877929688,68.91999816894531,2832800
2024-03-25,67.88999938964844,67.88999938964844,68.41000366210938,67.61000061035156,67.8499984741211,3296100
2024-03-26,67.44999694824219,67.44999694824219,68.16999816894531,67.04000091552734,67.95999908447266,3312400
2024-03-27,67.2699966430664,67.2699966430664,68.31999969482422,66.19000244140625,68.29000091552734,3535000
2024-03-28,68.30999755859375,68.30999755859375,68.5999984741211,67.0,67.20999908447266,3922200
2024-04-01,67.81999969482422,67.81999969482422,68.7300033569336,66.7300033569336,68.7300033569336,3003400
2024-04-02,68.8499984741211,68.8499984741211,68.93000030517578,66.5999984741211,66.97000122070312,4711600
2024-04-03,71.31999969482422,71.31999969482422,72.0199966430664,68.58000183105469,68.61000061035156,7868900
2024-04-04,69.2300033569336,69.2300033569336,73.62999725341797,69.20999908447266,72.02999877929688,6959700
2024-04-05,70.91000366210938,70.91000366210938,71.83000183105469,69.33999633789062,69.75,7475400
2024-04-08,68.38999938964844,68.38999938964844,70.23999786376953,68.2300033569336,70.04000091552734,5099900
2024-04-09,68.22000122070312,68.22000122070312,69.13999938964844,67.80000305175781,69.13999938964844,2799300
2024-04-10,68.12999725341797,68.12999725341797,68.5,67.08000183105469,67.08000183105469,3641300
2024-04-11,68.22000122070312,68.22000122070312,68.86000061035156,67.44000244140625,68.61000061035156,2917900
2024-04-12,66.44999694824219,66.44999694824219,67.72000122070312,65.93000030517578,67.47000122070312,5134700
2024-04-15,64.7300033569336,64.7300033569336,67.19000244140625,64.58000183105469,67.08000183105469,4911100
2024-04-16,64.4800033569336,64.4800033569336,65.56999969482422,64.26000213623047,64.62000274658203,3015000
2024-04-17,64.66000366210938,64.66000366210938,65.55000305175781,64.5,64.88999938964844,3278400
2024-04-18,64.02999877929688,64.02999877929688,65.01000213623047,63.529998779296875,64.7699966430664,3087300
2024-04-19,63.400001525878906,63.400001525878906,64.41000366210938,62.91999816894531,63.790000915527344,4836100
2024-04-22,63.689998626708984,63.689998626708984,64.2300033569336,62.61000061035156,63.970001220703125,3629200
2024-04-23,64.80000305175781,64.80000305175781,65.0999984741211,63.97999954223633,64.08000183105469,3544100
2024-04-24,65.44999694824219,65.44999694824219,65.80000305175781,64.58999633789062,64.88999938964844,3817100
2024-04-25,64.02999877929688,64.02999877929688,64.69000244140625,62.869998931884766,64.61000061035156,3670800
2024-04-26,64.18000030517578,64.18000030517578,65.1500015258789,63.900001525878906,64.41999816894531,4138200
2024-04-29,64.30000305175781,64.30000305175781,65.13999938964844,63.70000076293945,64.3499984741211,3824400
2024-04-30,63.18000030517578,63.18000030517578,64.44000244140625,63.15999984741211,63.790000915527344,5324400
2024-05-01,63.529998779296875,63.529998779296875,64.87000274658203,63.13999938964844,63.5099983215332,4337000
2024-05-02,65.19999694824219,65.19999694824219,65.26000213623047,63.0099983215332,63.150001525878906,8288900
2024-05-03,58.880001068115234,58.880001068115234,62.4900016784668,58.790000915527344,61.86000061035156,15896600
2024-05-06,58.810001373291016,58.810001373291016,60.349998474121094,58.43000030517578,59.25,14472600
2024-05-07,59.43000030517578,59.43000030517578,60.400001525878906,58.40999984741211,59.0,18440300
2024-05-08,59.630001068115234,59.630001068115234,59.79999923706055,57.84000015258789,59.41999816894531,10886900
2024-05-09,58.11000061035156,58.11000061035156,59.75,58.0099983215332,59.400001525878906,6929800
2024-05-10,58.15999984741211,58.15999984741211,59.400001525878906,58.06999969482422,58.25,3934500
2024-05-13,59.630001068115234,59.630001068115234,59.91999816894531,58.400001525878906,58.560001373291016,5492000
2024-05-14,60.20000076293945,60.20000076293945,60.5,59.22999954223633,59.79999923706055,4269800
2024-05-15,60.72999954223633,60.72999954223633,61.279998779296875,60.61000061035156,60.81999969482422,3551800
2024-05-16,61.2400016784668,61.2400016784668,61.349998474121094,59.58000183105469,60.61000061035156,4443100
2024-05-17,61.43000030517578,61.43000030517578,61.86000061035156,60.779998779296875,61.040000915527344,2799700
2024-05-20,62.34000015258789,62.34000015258789,62.40999984741211,60.86000061035156,61.16999816894531,2842400
2024-05-21,61.310001373291016,61.310001373291016,61.79999923706055,59.849998474121094,61.7400016784668,5127600
2024-05-22,61.56999969482422,61.56999969482422,61.689998626708984,60.75,61.43000030517578,3048400
2024-05-23,60.93000030517578,60.93000030517578,62.08000183105469,60.650001525878906,61.970001220703125,3714100
2024-05-24,61.349998474121094,61.349998474121094,61.7599983215332,60.68000030517578,61.11000061035156,2654000
2024-05-28,59.45000076293945,59.45000076293945,61.08000183105469,59.279998779296875,61.0,4875300
2024-05-29,59.72999954223633,59.72999954223633,60.29999923706055,58.70000076293945,58.93000030517578,4598000
2024-05-30,58.0,58.0,59.22999954223633,57.86000061035156,59.119998931884766,5437000
2024-05-31,59.31999969482422,59.31999969482422,59.40999984741211,57.709999084472656,58.869998931884766,16363000
2024-06-03,58.79999923706055,58.79999923706055,59.61000061035156,58.18000030517578,59.61000061035156,3565500
2024-06-04,58.63999938964844,58.63999938964844,59.47999954223633,58.61000061035156,58.65999984741211,3688000
2024-06-05,59.709999084472656,59.709999084472656,60.13999938964844,58.45000076293945,59.38999938964844,3614700
2024-06-06,59.75,59.75,60.060001373291016,59.209999084472656,59.84000015258789,3060300
2024-06-07,59.720001220703125,59.720001220703125,59.9900016784668,59.0099983215332,59.380001068115234,2613200
2024-06-10,60.09000015258789,60.09000015258789,60.25,58.939998626708984,59.11000061035156,3462500
2024-06-11,59.7400016784668,59.7400016784668,60.09000015258789,58.15999984741211,60.0,5133400
2024-06-12,60.619998931884766,60.619998931884766,60.75,59.04999923706055,59.689998626708984,5706000
2024-06-13,60.22999954223633,60.22999954223633,60.689998626708984,59.650001525878906,60.5099983215332,3574800
2024-06-14,60.779998779296875,60.779998779296875,60.88999938964844,60.130001068115234,60.45000076293945,3212900
2024-06-17,60.900001525878906,60.900001525878906,61.47999954223633,60.18000030517578,60.63999938964844,4979300
2024-06-18,59.150001525878906,59.150001525878906,61.25,59.0,60.880001068115234,5501800
2024-06-20,57.939998626708984,57.939998626708984,58.7599983215332,57.16999816894531,58.599998474121094,10407500
2024-06-21,58.560001373291016,58.560001373291016,58.650001525878906,57.77000045776367,58.279998779296875,16729000
2024-06-24,58.279998779296875,58.279998779296875,59.18000030517578,58.2599983215332,58.400001525878906,4147900
2024-06-25,58.689998626708984,58.689998626708984,59.08000183105469,57.900001525878906,58.439998626708984,5203700
2024-06-26,58.11000061035156,58.11000061035156,58.43000030517578,57.0,58.16999816894531,6374200
2024-06-27,60.040000915527344,60.040000915527344,60.18000030517578,57.93000030517578,58.310001373291016,5019500
2024-06-28,60.27000045776367,60.27000045776367,60.84000015258789,59.790000915527344,60.029998779296875,7987400
2024-07-01,59.849998474121094,59.849998474121094,60.43000030517578,59.58000183105469,60.43000030517578,4884500
2024-07-02,61.0099983215332,61.0099983215332,61.040000915527344,59.65999984741211,59.65999984741211,4604900
2024-07-03,60.72999954223633,60.72999954223633,61.47999954223633,60.65999984741211,61.13999938964844,3039800
2024-07-05,61.09000015258789,61.09000015258789,61.380001068115234,60.369998931884766,60.619998931884766,3120600
2024-07-08,60.11000061035156,60.11000061035156,61.04999923706055,59.52000045776367,60.97999954223633,4845400
2024-07-09,60.279998779296875,60.279998779296875,60.779998779296875,59.31999969482422,60.2599983215332,3563500
2024-07-10,59.59000015258789,59.59000015258789,60.54999923706055,58.97999954223633,60.5,3905200
2024-07-11,58.790000915527344,58.790000915527344,59.91999816894531,58.779998779296875,59.630001068115234,4377700
2024-07-12,59.54999923706055,59.54999923706055,59.900001525878906,58.77000045776367,58.93000030517578,4398900
2024-07-15,59.900001525878906,59.900001525878906,60.720001220703125,59.2599983215332,59.7400016784668,3879500
2024-07-16,59.47999954223633,59.47999954223633,60.27000045776367,59.40999984741211,60.150001525878906,4158800
2024-07-17,59.11000061035156,59.11000061035156,59.59000015258789,57.970001220703125,58.4900016784668,7022600
2024-07-18,58.130001068115234,58.130001068115234,60.5099983215332,58.06999969482422,60.47999954223633,5599000
2024-07-19,58.47999954223633,58.47999954223633,58.779998779296875,57.58000183105469,58.119998931884766,8563200
2024-07-22,58.45000076293945,58.45000076293945,59.0,58.040000915527344,59.0,4386500
2024-07-23,57.939998626708984,57.939998626708984,58.95000076293945,57.68000030517578,58.34000015258789,5989400
2024-07-24,56.63999938964844,56.63999938964844,58.70000076293945,56.52000045776367,57.83000183105469,5379100
2024-07-25,57.310001373291016,57.310001373291016,58.619998931884766,56.810001373291016,57.130001068115234,5262400
2024-07-26,57.0,57.0,57.810001373291016,56.84000015258789,57.65999984741211,4245000
2024-07-29,57.38999938964844,57.38999938964844,58.060001373291016,56.41999816894531,57.0,4001700
2024-07-30,57.5,57.5,58.45000076293945,56.93000030517578,57.4900016784668,4116100
2024-07-31,58.040000915527344,58.040000915527344,59.06999969482422,57.939998626708984,58.29999923706055,4676300
2024-08-01,57.20000076293945,57.20000076293945,58.29999923706055,56.470001220703125,58.029998779296875,4542900
2024-08-02,56.5099983215332,56.5099983215332,56.75,55.52000045776367,56.619998931884766,5940800
2024-08-05,55.38999938964844,55.38999938964844,56.36000061035156,54.56999969482422,54.90999984741211,7664700
2024-08-06,55.810001373291016,55.810001373291016,56.86000061035156,55.189998626708984,56.0,9433800
2024-08-07,69.93000030517578,69.93000030517578,71.81999969482422,65.0,65.68000030517578,23535600
2024-08-08,68.68000030517578,68.68000030517578,70.98999786376953,68.38999938964844,69.72000122070312,10955100
2024-08-09,69.69000244140625,69.69000244140625,69.9800033569336,67.97000122070312,68.98999786376953,6988600
2024-08-12,70.36000061035156,70.36000061035156,71.54000091552734,69.4000015258789,69.80000305175781,6173300
2024-08-13,71.5,71.5,71.58999633789062,69.6500015258789,70.31999969482422,5524300
2024-08-14,72.79000091552734,72.79000091552734,73.66999816894531,71.44000244140625,71.61000061035156,6099300
2024-08-15,73.4000015258789,73.4000015258789,73.83000183105469,72.52999877929688,73.27999877929688,4589800
2024-08-16,74.72000122070312,74.72000122070312,74.9000015258789,72.9000015258789,73.25,4798600
2024-08-19,74.7699966430664,74.7699966430664,75.19000244140625,74.36000061035156,74.69000244140625,5248300
2024-08-20,75.56999969482422,75.56999969482422,76.30999755859375,74.7699966430664,75.0,5733200
2024-08-21,75.41999816894531,75.41999816894531,75.80000305175781,74.63999938964844,75.30000305175781,3065800
2024-08-22,74.48999786376953,74.48999786376953,75.80999755859375,74.38999938964844,75.5999984741211,5006800
2024-08-23,74.7300033569336,74.7300033569336,75.0999984741211,73.75,74.87999725341797,3182500
2024-08-26,75.18000030517578,75.18000030517578,75.4000015258789,74.80000305175781,74.9800033569336,2751200
2024-08-27,75.97000122070312,75.97000122070312,75.98999786376953,74.61000061035156,74.8499984741211,2471100
2024-08-28,75.61000061035156,75.61000061035156,76.27999877929688,75.19000244140625,76.0,2635300
2024-08-29,76.2699966430664,76.2699966430664,77.18000030517578,75.54000091552734,76.0,3054500
2024-08-30,76.70999908447266,76.70999908447266,76.91000366210938,76.08000183105469,76.30999755859375,3585700
2024-09-03,77.12999725341797,77.12999725341797,78.08000183105469,76.08000183105469,76.62000274658203,5807900
2024-09-04,76.87000274658203,76.87000274658203,77.18000030517578,75.70999908447266,76.55000305175781,4181600
2024-09-05,75.80000305175781,75.80000305175781,76.66999816894531,75.25,76.44000244140625,4469100
2024-09-06,75.16000366210938,75.16000366210938,76.41999816894531,74.5999984741211,76.0199966430664,5364400
2024-09-09,75.0999984741211,75.0999984741211,75.91999816894531,74.91999816894531,75.2699966430664,4088900
2024-09-10,76.06999969482422,76.06999969482422,76.12999725341797,75.0199966430664,75.43000030517578,3853900
2024-09-11,76.63999938964844,76.63999938964844,76.83999633789062,74.70999908447266,75.77999877929688,4102300
2024-09-12,74.48999786376953,74.48999786376953,76.88999938964844,73.29000091552734,76.8499984741211,8617100
2024-09-13,75.01000213623047,75.01000213623047,75.5999984741211,74.12999725341797,74.66999816894531,4637500
2024-09-16,76.33999633789062,76.33999633789062,76.6500015258789,74.80000305175781,74.87000274658203,4401900
2024-09-17,75.61000061035156,75.61000061035156,76.47000122070312,75.37999725341797,76.0999984741211,2677900
2024-09-18,74.68000030517578,74.68000030517578,75.83999633789062,74.54000091552734,75.80999755859375,2876400
2024-09-19,75.66000366210938,75.66000366210938,76.19999694824219,74.8499984741211,76.08000183105469,3947400
2024-09-20,76.77999877929688,76.77999877929688,76.86000061035156,75.5199966430664,75.5199966430664,12542800
2024-09-23,77.44000244140625,77.44000244140625,77.81999969482422,76.97000122070312,77.19999694824219,3252200
2024-09-24,77.45999908447266,77.45999908447266,78.18000030517578,77.12999725341797,77.37000274658203,2943100
2024-09-25,76.61000061035156,76.61000061035156,77.83000183105469,75.94000244140625,77.41999816894531,4286300
2024-09-26,77.20999908447266,77.20999908447266,77.73999786376953,76.06999969482422,77.13999938964844,5170100
2024-09-27,77.44999694824219,77.44999694824219,77.77999877929688,76.43000030517578,77.19999694824219,2987900
2024-09-30,77.55000305175781,77.55000305175781,78.08000183105469,76.70999908447266,77.6500015258789,3453100
2024-10-01,76.48999786376953,76.48999786376953,78.5,76.18000030517578,78.20999908447266,3966200
2024-10-02,77.58999633789062,77.58999633789062,77.83000183105469,76.0,76.48999786376953,3000100
2024-10-03,76.9800033569336,76.9800033569336,77.61000061035156,76.77999877929688,77.30000305175781,3717000
2024-10-04,78.01000213623047,78.01000213623047,78.19999694824219,76.81999969482422,77.69000244140625,3144100
2024-10-07,77.4800033569336,77.4800033569336,79.08000183105469,77.33999633789062,78.0199966430664,4213000
2024-10-08,77.77999877929688,77.77999877929688,78.04000091552734,76.81999969482422,77.80999755859375,3879100
2024-10-09,80.33000183105469,80.33000183105469,80.37000274658203,78.0,78.06999969482422,4709400
2024-10-10,82.4800033569336,82.4800033569336,82.5,79.66000366210938,79.66000366210938,5288300
2024-10-11,82.87000274658203,82.87000274658203,83.04000091552734,81.91999816894531,82.44000244140625,2966200
2024-10-14,82.83000183105469,82.83000183105469,83.7699966430664,81.93000030517578,83.44999694824219,2777100
2024-10-15,82.63999938964844,82.63999938964844,82.98999786376953,82.18000030517578,82.66000366210938,5379000
2024-10-16,82.12000274658203,82.12000274658203,82.61000061035156,81.4000015258789,82.61000061035156,2696400
2024-10-17,80.86000061035156,80.86000061035156,81.72000122070312,79.55999755859375,80.0199966430664,4093100
2024-10-18,81.06999969482422,81.06999969482422,81.29000091552734,80.23999786376953,80.51000213623047,2955900
2024-10-21,82.05000305175781,82.05000305175781,83.22000122070312,81.7699966430664,82.66000366210938,3798900
2024-10-22,82.44000244140625,82.44000244140625,82.97000122070312,81.19999694824219,81.37999725341797,3046800
2024-10-23,80.37000274658203,80.37000274658203,82.88999938964844,80.23999786376953,82.02999877929688,4067900
2024-10-24,80.62000274658203,80.62000274658203,81.33999633789062,80.36000061035156,80.6500015258789,2828600
2024-10-25,80.33999633789062,80.33999633789062,81.80000305175781,80.22000122070312,80.79000091552734,3111700
2024-10-28,80.76000213623047,80.76000213623047,81.4800033569336,80.47000122070312,81.16000366210938,2492200
2024-10-29,79.37000274658203,79.37000274658203,80.38999938964844,78.51000213623047,79.7699966430664,3806000
2024-10-30,78.73999786376953,78.73999786376953,79.91999816894531,78.58999633789062,79.25,2595500
2024-10-31,78.66000366210938,78.66000366210938,79.51000213623047,78.1500015258789,78.98999786376953,4584900
2024-11-01,78.80000305175781,78.80000305175781,79.41999816894531,77.81999969482422,78.18000030517578,4055400
2024-11-04,78.83999633789062,78.83999633789062,79.37000274658203,77.80000305175781,78.62999725341797,3488000
2024-11-05,77.91999816894531,77.91999816894531,79.44999694824219,77.72000122070312,79.3499984741211,4408000
2024-11-06,80.87000274658203,80.87000274658203,81.08000183105469,79.77999877929688,80.20999908447266,5711300
2024-11-07,83.68000030517578,83.68000030517578,83.83000183105469,81.5,82.44999694824219,6375000
2024-11-08,92.04000091552734,92.04000091552734,92.52999877929688,84.26000213623047,84.5,13790400
2024-11-11,97.18000030517578,97.18000030517578,97.3499984741211,92.30000305175781,92.41999816894531,8393300
2024-11-12,99.1500015258789,99.1500015258789,99.51000213623047,96.91000366210938,97.16000366210938,7146000
2024-11-13,97.87999725341797,97.87999725341797,100.58999633789062,97.5999984741211,98.05000305175781,6571800
2024-11-14,94.45999908447266,94.45999908447266,97.05999755859375,94.11000061035156,96.54000091552734,7275800
2024-11-15,94.19999694824219,94.19999694824219,96.37999725341797,92.7300033569336,94.80000305175781,5915600
2024-11-18,91.87999725341797,91.87999725341797,96.73999786376953,90.95999908447266,94.56999969482422,8702100
2024-11-19,90.79000091552734,90.79000091552734,91.77999877929688,89.66999816894531,90.58999633789062,5706900
2024-11-20,92.44999694824219,92.44999694824219,92.48999786376953,90.61000061035156,91.30000305175781,5026800
2024-11-21,94.0199966430664,94.0199966430664,94.3499984741211,92.5199966430664,93.0,4379700
2024-11-22,92.7699966430664,92.7699966430664,94.5,92.33000183105469,94.31999969482422,4060500
2024-11-25,93.12000274658203,93.12000274658203,94.9000015258789,92.68000030517578,93.11000061035156,8804500
2024-11-26,96.44000244140625,96.44000244140625,96.69999694824219,93.97000122070312,93.97000122070312,4729300
2024-11-27,94.05999755859375,94.05999755859375,96.79000091552734,93.86000061035156,96.68000030517578,3834700
2024-11-29,95.05000305175781,95.05000305175781,95.47000122070312,94.11000061035156,94.33000183105469,2124100
2024-12-02,95.31999969482422,95.31999969482422,97.18000030517578,94.93000030517578,95.36000061035156,4379500
2024-12-03,95.29000091552734,95.29000091552734,95.79000091552734,93.37999725341797,95.0,3716700
2024-12-04,98.19000244140625,98.19000244140625,98.5,96.05000305175781,96.98999786376953,4979200
2024-12-05,98.45999908447266,98.45999908447266,99.73999786376953,97.69999694824219,98.30999755859375,3940700
2024-12-06,99.20999908447266,99.20999908447266,99.70999908447266,98.0999984741211,98.5199966430664,3219900
2024-12-09,97.04000091552734,97.04000091552734,100.4000015258789,96.19999694824219,99.70999908447266,4260800
2024-12-10,97.12999725341797,97.12999725341797,98.37000274658203,96.05999755859375,96.5199966430664,3915600
2024-12-11,98.04000091552734,98.04000091552734,98.68000030517578,97.02999877929688,98.0,3417400
2024-12-12,98.5999984741211,98.5999984741211,98.9000015258789,97.25,98.04000091552734,2859800
2024-12-13,97.94999694824219,97.94999694824219,99.19000244140625,96.86000061035156,98.29000091552734,3165900
2024-12-16,98.16000366210938,98.16000366210938,98.5,97.02999877929688,98.20999908447266,3822400
2024-12-17,97.62000274658203,97.62000274658203,99.37000274658203,97.01000213623047,98.16000366210938,4009800
2024-12-18,93.36000061035156,93.36000061035156,98.56999969482422,92.83000183105469,98.05000305175781,5751000
2024-12-19,94.8499984741211,94.8499984741211,96.87000274658203,94.2300033569336,95.94000244140625,4582600
2024-12-20,97.19000244140625,97.19000244140625,97.83000183105469,93.36000061035156,93.72000122070312,13324400
2024-12-23,96.41999816894531,96.41999816894531,97.06999969482422,95.33999633789062,96.93000030517578,3107900
2024-12-24,97.80999755859375,97.80999755859375,97.83000183105469,96.31999969482422,96.6500015258789,1764900
2024-12-26,97.29000091552734,97.29000091552734,97.5999984741211,96.7300033569336,97.16000366210938,1661500
2024-12-27,96.08000183105469,96.08000183105469,96.51000213623047,94.80000305175781,96.51000213623047,2774700
2024-12-30,95.12999725341797,95.12999725341797,95.7300033569336,94.0,94.87999725341797,2127900
2024-12-31,94.4800033569336,94.4800033569336,96.0,93.87000274658203,95.79000091552734,2183900
2025-01-02,94.75,94.75,96.16999816894531,93.20999908447266,95.36000061035156,2850700
2025-01-03,97.47000122070312,97.47000122070312,98.37999725341797,95.37000274658203,95.7300033569336,4270700
2025-01-06,97.94000244140625,97.94000244140625,101.0,97.12000274658203,100.87999725341797,4193200
2025-01-07,95.93000030517578,95.93000030517578,98.0,94.4000015258789,97.69000244140625,4006900
2025-01-08,96.04000091552734,96.04000091552734,96.2699966430664,93.33000183105469,95.19999694824219,4756100
2025-01-10,94.55999755859375,94.55999755859375,95.66999816894531,94.1500015258789,95.44000244140625,4019400
2025-01-13,93.83000183105469,93.83000183105469,94.3499984741211,92.63999938964844,93.97000122070312,4148800
2025-01-14,92.48999786376953,92.48999786376953,93.33000183105469,90.80000305175781,92.56999969482422,5432800
2025-01-15,93.05999755859375,93.05999755859375,94.16000366210938,92.76000213623047,93.87999725341797,4846800
2025-01-16,94.05000305175781,94.05000305175781,94.8499984741211,93.41000366210938,93.91999816894531,2907900
2025-01-17,94.2300033569336,94.2300033569336,96.08999633789062,93.87999725341797,96.08999633789062,4917000
2025-01-21,97.19999694824219,97.19999694824219,97.27999877929688,94.81999969482422,95.6500015258789,3850100
2025-01-22,98.23999786376953,98.23999786376953,98.33999633789062,96.58999633789062,98.0,3542100
2025-01-23,97.44999694824219,97.44999694824219,98.06999969482422,95.94000244140625,97.6500015258789,3704700
2025-01-24,96.9000015258789,96.9000015258789,97.56999969482422,96.11000061035156,97.56999969482422,4139600
2025-01-27,96.7699966430664,96.7699966430664,98.33000183105469,94.0999984741211,94.91000366210938,4245500
2025-01-28,99.83000183105469,99.83000183105469,100.37999725341797,95.55000305175781,96.52999877929688,4380100
2025-01-29,99.33000183105469,99.33000183105469,100.20999908447266,98.19999694824219,99.91999816894531,3124500
2025-01-30,100.93000030517578,100.93000030517578,102.16999816894531,100.0199966430664,100.41000366210938,4168500
2025-01-31,100.87999725341797,100.87999725341797,102.87000274658203,100.47000122070312,101.13999938964844,4089800
2025-02-03,100.9000015258789,100.9000015258789,101.41000366210938,98.12000274658203,98.87000274658203,4943900
2025-02-04,102.77999877929688,102.77999877929688,102.83000183105469,100.69999694824219,101.0,3900000
2025-02-05,105.06999969482422,105.06999969482422,105.12000274658203,101.8499984741211,103.1500015258789,4160000
2025-02-06,104.72000122070312,104.72000122070312,105.81999969482422,103.95999908447266,105.4000015258789,6937700
2025-02-07,107.66000366210938,107.66000366210938,110.52999877929688,102.37000274658203,109.48999786376953,11183600
2025-02-10,109.55000305175781,109.55000305175781,110.98999786376953,107.44999694824219,108.6500015258789,5111300
2025-02-11,108.33000183105469,108.33000183105469,110.33000183105469,107.80999755859375,109.5,4430100
2025-02-12,107.69999694824219,107.69999694824219,107.80000305175781,104.2699966430664,107.02999877929688,4412300
2025-02-13,109.9800033569336,109.9800033569336,110.02999877929688,107.61000061035156,108.98999786376953,3601400
2025-02-14,111.63999938964844,111.63999938964844,112.37000274658203,108.72000122070312,110.2699966430664,4981100
2025-02-18,114.26000213623047,114.26000213623047,114.81999969482422,112.45999908447266,112.69999694824219,6666600
2025-02-19,114.56999969482422,114.56999969482422,114.62999725341797,111.87999725341797,114.11000061035156,4912100
2025-02-20,114.20999908447266,114.20999908447266,114.52999877929688,110.83000183105469,113.80000305175781,6895600
2025-02-21,110.0199966430664,110.0199966430664,114.56999969482422,109.93000030517578,113.95999908447266,5172100
2025-02-24,108.69000244140625,108.69000244140625,110.0199966430664,107.33000183105469,109.31999969482422,5413900
2025-02-25,108.05999755859375,108.05999755859375,108.56999969482422,105.77999877929688,108.08000183105469,4429600
2025-02-26,109.0199966430664,109.0199966430664,110.29000091552734,107.83000183105469,108.45999908447266,3799700
2025-02-27,107.08999633789062,107.08999633789062,111.30999755859375,107.0,109.9800033569336,4305500
2025-02-28,108.01000213623047,108.01000213623047,108.26000213623047,105.9000015258789,106.9800033569336,5126300
2025-03-03,106.54000091552734,106.54000091552734,110.66999816894531,106.04000091552734,108.81999969482422,5292000
2025-03-04,106.4800033569336,106.4800033569336,107.70999908447266,103.93000030517578,106.80999755859375,5443000
2025-03-05,106.80000305175781,106.80000305175781,107.5,103.72000122070312,105.37999725341797,4953800
2025-03-06,101.72000122070312,101.72000122070312,106.68000030517578,101.5,105.6500015258789,4443100
2025-03-07,101.27999877929688,101.27999877929688,102.3499984741211,98.05000305175781,102.0,5560900
2025-03-10,96.04000091552734,96.04000091552734,99.54000091552734,95.72000122070312,99.31999969482422,5573600
2025-03-11,98.27999877929688,98.27999877929688,99.94000244140625,95.5,96.48999786376953,6312000
2025-03-12,97.93000030517578,97.93000030517578,100.8499984741211,97.61000061035156,99.52999877929688,4301600
2025-03-13,93.41999816894531,93.41999816894531,97.5,93.2699966430664,97.4000015258789,4261600
2025-03-14,96.25,96.25,96.69000244140625,94.0,94.63999938964844,3973000
2025-03-17,96.66999816894531,96.66999816894531,97.48999786376953,95.58000183105469,95.73999786376953,4146300
2025-03-18,96.91000366210938,96.91000366210938,97.29000091552734,94.80999755859375,96.08000183105469,3481400
2025-03-19,98.16999816894531,98.16999816894531,99.18000030517578,97.05999755859375,97.33000183105469,4320800
2025-03-20,98.44999694824219,98.44999694824219,99.58999633789062,97.11000061035156,97.13999938964844,4249100
2025-03-21,98.6500015258789,98.6500015258789,98.7300033569336,95.94000244140625,97.31999969482422,5778500
2025-03-24,99.79000091552734,99.79000091552734,100.29000091552734,98.80999755859375,100.0,4047000
2025-03-25,102.08999633789062,102.08999633789062,102.22000122070312,99.55000305175781,99.72000122070312,3423600
2025-03-26,101.01000213623047,101.01000213623047,102.33999633789062,100.41999816894531,101.62000274658203,2997300
2025-03-27,99.54000091552734,99.54000091552734,100.97000122070312,98.98999786376953,100.26000213623047,3358300
2025-03-28,96.5999984741211,96.5999984741211,99.4800033569336,95.37000274658203,99.06999969482422,4501200
2025-03-31,96.26000213623047,96.26000213623047,96.97000122070312,93.26000213623047,94.45999908447266,6285500
2025-04-01,96.66999816894531,96.66999816894531,96.83000183105469,94.54000091552734,95.22000122070312,4109000
2025-04-02,98.08000183105469,98.08000183105469,98.4000015258789,95.0,95.08000183105469,3438300
2025-04-03,89.44000244140625,89.44000244140625,93.4800033569336,89.33000183105469,92.76000213623047,8699100
2025-04-04,84.70999908447266,84.70999908447266,87.79000091552734,84.27999877929688,86.51000213623047,11174900
2025-04-07,88.0,88.0,91.37999725341797,81.69999694824219,82.31999969482422,11000400
2025-04-08,88.1500015258789,88.1500015258789,91.91999816894531,86.81999969482422,91.66000366210938,9188600
2025-04-09,99.93000030517578,99.93000030517578,100.5,87.83000183105469,88.80999755859375,9263400
2025-04-10,96.31999969482422,96.31999969482422,98.19000244140625,93.58000183105469,97.26000213623047,6807700
2025-04-11,97.7300033569336,97.7300033569336,98.18000030517578,94.97000122070312,96.01000213623047,5502900
2025-04-14,96.8499984741211,96.8499984741211,100.5,95.36000061035156,99.88999938964844,4615600
2025-04-15,99.19999694824219,99.19999694824219,99.23999786376953,97.19999694824219,97.38999938964844,3584000
2025-04-16,96.06999969482422,96.06999969482422,98.5999984741211,94.80000305175781,97.19999694824219,5678100
2025-04-17,96.12999725341797,96.12999725341797,97.3499984741211,95.80000305175781,96.83000183105469,2979100
2025-04-21,92.72000122070312,92.72000122070312,95.70999908447266,91.33000183105469,94.87000274658203,3071500
2025-04-22,94.37000274658203,94.37000274658203,95.05999755859375,91.23999786376953,93.51000213623047,4621000
2025-04-23,97.0,97.0,99.54000091552734,96.29000091552734,97.44999694824219,4330100
2025-04-24,100.72000122070312,100.72000122070312,101.19000244140625,96.75,96.98999786376953,4087900
2025-04-25,101.80000305175781,101.80000305175781,101.91999816894531,99.98999786376953,100.2699966430664,3350000
2025-04-28,102.63999938964844,102.63999938964844,103.08000183105469,100.94000244140625,102.38999938964844,3079100
2025-04-29,104.20999908447266,104.20999908447266,104.54000091552734,101.97000122070312,102.0199966430664,3128900
2025-04-30,103.76000213623047,103.76000213623047,103.9800033569336,100.33999633789062,101.86000061035156,5456900
2025-05-01,104.20999908447266,104.20999908447266,106.41000366210938,104.13999938964844,104.87999725341797,4088300
2025-05-02,106.18000030517578,106.18000030517578,106.6500015258789,104.62999725341797,105.70999908447266,3795600
2025-05-05,108.69000244140625,108.69000244140625,109.33000183105469,104.45999908447266,104.56999969482422,5447100
2025-05-06,107.13999938964844,107.13999938964844,108.51000213623047,105.43000030517578,105.98999786376953,4775200
2025-05-07,106.72000122070312,106.72000122070312,107.44000244140625,105.47000122070312,106.04000091552734,6859300
2025-05-08,97.73999786376953,97.73999786376953,99.2699966430664,93.25,97.5999984741211,15635100
2025-05-09,97.41999816894531,97.41999816894531,98.37999725341797,95.41999816894531,98.33000183105469,5721200
2025-05-12,102.04000091552734,102.04000091552734,102.12999725341797,99.19000244140625,99.8499984741211,6251500
2025-05-13,105.05000305175781,105.05000305175781,105.5,101.27999877929688,101.48999786376953,5890000
2025-05-14,103.2300033569336,103.2300033569336,105.97000122070312,102.68000030517578,105.0999984741211,4513500
2025-05-15,102.55999755859375,102.55999755859375,103.4000015258789,101.33999633789062,102.5,4680100
2025-05-16,104.58999633789062,104.58999633789062,105.11000061035156,102.69000244140625,103.2300033569336,4510500
2025-05-19,104.75,104.75,104.94999694824219,103.5,103.55999755859375,3562300
2025-05-20,104.79000091552734,104.79000091552734,104.88999938964844,103.19999694824219,104.88999938964844,3958300
2025-05-21,102.83999633789062,102.83999633789062,104.77999877929688,102.75,103.69999694824219,4423700
2025-05-22,103.62000274658203,103.62000274658203,104.69000244140625,103.08000183105469,103.33000183105469,3655100
2025-05-23,103.16000366210938,103.16000366210938,103.52999877929688,101.58000183105469,102.16000366210938,3768800
2025-05-27,104.73999786376953,104.73999786376953,106.05999755859375,104.16999816894531,104.19999694824219,4249100
2025-05-28,104.51000213623047,104.51000213623047,105.58000183105469,104.22000122070312,104.73999786376953,3740100
2025-05-29,102.04000091552734,102.04000091552734,105.5,100.9000015258789,105.22000122070312,4731600
2025-05-30,101.77999877929688,101.77999877929688,102.4800033569336,100.54000091552734,102.19999694824219,17093000
2025-06-02,102.47000122070312,102.47000122070312,102.5199966430664,99.8499984741211,101.0999984741211,5242600
2025-06-03,102.87999725341797,102.87999725341797,103.16999816894531,102.05999755859375,102.26000213623047,3789900
2025-06-04,101.62000274658203,101.62000274658203,102.83999633789062,101.31999969482422,102.5,3392800
2025-06-05,103.5,103.5,103.9800033569336,101.75,102.06999969482422,3368100
2025-06-06,104.94000244140625,104.94000244140625,105.19999694824219,103.7300033569336,104.31999969482422,3296600
2025-06-09,102.08000183105469,102.08000183105469,105.0,101.94000244140625,104.7300033569336,3904800
2025-06-10,101.62999725341797,101.62999725341797,102.9000015258789,101.06999969482422,102.33000183105469,3789300
2025-06-11,102.0199966430664,102.0199966430664,104.01000213623047,100.13999938964844,101.41999816894531,4220300
2025-06-12,101.66000366210938,101.66000366210938,102.79000091552734,101.47000122070312,101.83999633789062,2946600
2025-06-13,100.83000183105469,100.83000183105469,103.33999633789062,100.30999755859375,100.77999877929688,3425200
2025-06-16,101.94999694824219,101.94999694824219,103.2300033569336,101.0999984741211,101.0999984741211,3519800
2025-06-17,102.87999725341797,102.87999725341797,104.5,101.30000305175781,101.52999877929688,4096000
2025-06-18,100.81999969482422,100.81999969482422,103.4000015258789,99.83999633789062,103.26000213623047,4337300
2025-06-20,99.8499984741211,99.8499984741211,101.98999786376953,98.86000061035156,101.31999969482422,6944000
2025-06-23,103.1500015258789,103.1500015258789,103.45999908447266,98.5999984741211,99.77999877929688,4523500
2025-06-24,104.41999816894531,104.41999816894531,104.98999786376953,103.38999938964844,104.31999969482422,3540500
2025-06-25,103.69000244140625,103.69000244140625,105.79000091552734,103.5199966430664,104.87000274658203,2791900
2025-06-26,103.86000061035156,103.86000061035156,104.73999786376953,103.0999984741211,103.7300033569336,2816300
2025-06-27,103.11000061035156,103.11000061035156,104.47000122070312,102.94000244140625,103.91999816894531,5706100
2025-06-30,105.72000122070312,105.72000122070312,105.95999908447266,103.41000366210938,103.9000015258789,4095400
2025-07-01,102.43000030517578,102.43000030517578,105.8499984741211,100.91000366210938,105.36000061035156,6138000
2025-07-02,102.20999908447266,102.20999908447266,102.6500015258789,100.91000366210938,101.80999755859375,3749300
2025-07-03,105.66000366210938,105.66000366210938,106.12000274658203,102.62000274658203,102.68000030517578,2864100
2025-07-07,106.6500015258789,106.6500015258789,107.55999755859375,105.0199966430664,105.5999984741211,4762200
2025-07-08,107.54000091552734,107.54000091552734,107.83000183105469,103.36000061035156,106.97000122070312,5288500
2025-07-09,107.6500015258789,107.6500015258789,108.7699966430664,105.62000274658203,108.6500015258789,4442500
2025-07-10,100.19999694824219,100.19999694824219,108.08999633789062,99.91000366210938,107.70999908447266,5972600
2025-07-11,99.05999755859375,99.05999755859375,100.62000274658203,98.69999694824219,100.0,4132000
2025-07-14,102.97000122070312,102.97000122070312,103.55999755859375,99.25,99.36000061035156,6019600
2025-07-15,104.93000030517578,104.93000030517578,105.44000244140625,103.37999725341797,103.41000366210938,4172800
2025-07-16,103.44000244140625,103.44000244140625,105.19000244140625,101.55000305175781,104.93000030517578,3509300
2025-07-17,104.91999816894531,104.91999816894531,105.45999908447266,103.3499984741211,103.5,3480900
2025-07-18,105.41999816894531,105.41999816894531,106.56999969482422,104.72000122070312,105.70999908447266,3640800
2025-07-21,106.94000244140625,106.94000244140625,107.5199966430664,104.36000061035156,105.16000366210938,3533600
2025-07-22,104.80999755859375,104.80999755859375,107.4000015258789,104.63999938964844,106.93000030517578,2951400
2025-07-23,105.05999755859375,105.05999755859375,105.1500015258789,103.13999938964844,104.91000366210938,2582700
2025-07-24,104.7699966430664,104.7699966430664,106.19000244140625,104.02999877929688,105.30999755859375,2440000
2025-07-25,104.81999969482422,104.81999969482422,105.8499984741211,104.72000122070312,105.2300033569336,2087900
2025-07-28,104.87999725341797,104.87999725341797,106.20999908447266,104.12000274658203,104.9800033569336,2129000
2025-07-29,104.7699966430664,104.7699966430664,106.94999694824219,103.20999908447266,105.62999725341797,3246900
2025-07-30,101.70999908447266,101.70999908447266,104.87999725341797,99.77999877929688,104.87999725341797,5326200
2025-07-31,99.9000015258789,99.9000015258789,102.5999984741211,99.66999816894531,102.2699966430664,4311900
2025-08-01,97.36000061035156,97.36000061035156,99.37999725341797,96.83000183105469,99.37999725341797,4709400
2025-08-04,98.55000305175781,98.55000305175781,99.3499984741211,96.54000091552734,97.81999969482422,5383000
2025-08-05,96.20999908447266,96.20999908447266,99.4000015258789,96.12000274658203,98.44999694824219,4034200
2025-08-06,96.58000183105469,96.58000183105469,97.58999633789062,96.30000305175781,96.98999786376953,8765700
2025-08-07,75.30000305175781,75.30000305175781,75.3499984741211,70.12000274658203,74.30000305175781,47433000
2025-08-08,74.38999938964844,74.38999938964844,76.70999908447266,72.83000183105469,76.11000061035156,17024500
2025-08-11,74.56999969482422,74.56999969482422,76.9000015258789,73.80999755859375,74.0199966430664,13429600
2025-08-12,78.47000122070312,78.47000122070312,78.98999786376953,74.9800033569336,75.0,15463900
2025-08-13,79.33000183105469,79.33000183105469,80.0999984741211,78.05000305175781,79.87999725341797,14129000
2025-08-14,77.25,77.25,78.5999984741211,76.81999969482422,78.05000305175781,11823100
2025-08-15,79.11000061035156,79.11000061035156,79.81999969482422,77.04000091552734,77.68000030517578,10868800
2025-08-18,80.76000213623047,80.76000213623047,81.19999694824219,78.94000244140625,79.56999969482422,12268400
2025-08-19,78.08999633789062,78.08999633789062,81.27999877929688,77.0999984741211,81.27999877929688,15012600
2025-08-20,79.61000061035156,79.61000061035156,80.30000305175781,77.30000305175781,78.08999633789062,12247300
2025-08-21,77.75,77.75,79.11000061035156,76.86000061035156,78.91000366210938,9966800
2025-08-22,80.0199966430664,80.0199966430664,80.62000274658203,78.20999908447266,78.30999755859375,6175800
2025-08-25,77.63999938964844,77.63999938964844,79.98999786376953,77.61000061035156,79.9000015258789,7269000
2025-08-26,77.6500015258789,77.6500015258789,78.33000183105469,77.20999908447266,77.94999694824219,6114300
2025-08-27,78.12999725341797,78.12999725341797,78.33999633789062,77.51000213623047,78.04000091552734,5711000
2025-08-28,79.29000091552734,79.29000091552734,79.41000366210938,77.94000244140625,78.18000030517578,4929700
2025-08-29,78.7699966430664,78.7699966430664,79.5199966430664,78.31999969482422,79.16999816894531,4458200
2025-09-02,76.93000030517578,76.93000030517578,77.26000213623047,75.0,75.23999786376953,7353500
2025-09-03,76.58000183105469,76.58000183105469,77.12999725341797,76.0999984741211,76.7300033569336,4857800
2025-09-04,76.44000244140625,76.44000244140625,76.62999725341797,75.11000061035156,76.26000213623047,6127700
2025-09-05,78.83000183105469,78.83000183105469,79.48999786376953,76.87999725341797,76.91000366210938,10495900
2025-09-08,80.36000061035156,80.36000061035156,80.4000015258789,79.18000030517578,79.18000030517578,6728800
2025-09-09,79.83999633789062,79.83999633789062,80.4000015258789,79.25,80.4000015258789,4507700
2025-09-10,79.4800033569336,79.4800033569336,80.5999984741211,78.9000015258789,79.93000030517578,5899400
2025-09-11,80.88999938964844,80.88999938964844,81.22000122070312,79.68000030517578,80.04000091552734,6932300
2025-09-12,79.68000030517578,79.68000030517578,81.2699966430664,79.6500015258789,80.93000030517578,4428900
2025-09-15,81.0,81.0,81.05999755859375,79.61000061035156,80.25,6220500
2025-09-16,79.77999877929688,79.77999877929688,81.0,79.48999786376953,80.94000244140625,5585100
2025-09-17,80.29000091552734,80.29000091552734,80.87000274658203,79.72000122070312,79.8499984741211,4978200
2025-09-18,80.98999786376953,80.98999786376953,81.87000274658203,80.76000213623047,81.33000183105469,5119700
2025-09-19,84.20999908447266,84.20999908447266,84.69999694824219,82.16999816894531,82.45999908447266,22847000
2025-09-22,85.01000213623047,85.01000213623047,85.12000274658203,81.9000015258789,83.12999725341797,6172900
2025-09-23,85.2699966430664,85.2699966430664,86.05999755859375,84.13999938964844,85.12000274658203,5370400
2025-09-24,83.5999984741211,83.5999984741211,86.20999908447266,83.33999633789062,85.29000091552734,5658600
2025-09-25,83.20999908447266,83.20999908447266,83.4000015258789,81.76000213623047,82.95999908447266,4756400
2025-09-26,84.31999969482422,84.31999969482422,84.88999938964844,82.97000122070312,83.19999694824219,4171900
2025-09-29,84.6500015258789,84.6500015258789,85.16000366210938,83.5999984741211,84.87999725341797,4652000
2025-09-30,84.08000183105469,84.08000183105469,84.98999786376953,83.5,84.33000183105469,3967000
2025-10-01,85.18000030517578,85.18000030517578,85.33000183105469,83.66999816894531,83.91999816894531,4314900
2025-10-02,86.29000091552734,86.29000091552734,86.38999938964844,84.66000366210938,85.25,4639200
2025-10-03,85.79000091552734,85.79000091552734,87.23999786376953,85.54000091552734,86.80000305175781,4247400
2025-10-06,86.37999725341797,86.37999725341797,87.19000244140625,85.95999908447266,86.3499984741211,3844800
2025-10-07,84.91999816894531,84.91999816894531,87.05000305175781,84.66000366210938,86.36000061035156,4330300
2025-10-08,86.45999908447266,86.45999908447266,86.7300033569336,85.12999725341797,85.5999984741211,5614300
2025-10-09,86.19000244140625,86.19000244140625,86.5199966430664,84.1500015258789,85.69999694824219,3926700
2025-10-10,83.04000091552734,83.04000091552734,87.0999984741211,82.9800033569336,86.5,4604600
2025-10-13,84.19999694824219,84.19999694824219,85.19999694824219,83.58999633789062,84.69999694824219,4433600
2025-10-14,83.08000183105469,83.08000183105469,83.9000015258789,82.19999694824219,82.5,4915200
2025-10-15,83.58000183105469,83.58000183105469,84.77999877929688,83.06999969482422,83.72000122070312,4136100
2025-10-16,83.13999938964844,83.13999938964844,84.33999633789062,82.16999816894531,83.73999786376953,4020000
2025-10-17,83.44000244140625,83.44000244140625,83.7699966430664,82.30999755859375,82.58999633789062,4162000
2025-10-20,84.86000061035156,84.86000061035156,84.95999908447266,83.05000305175781,83.05000305175781,3968300
2025-10-21,84.77999877929688,84.77999877929688,85.12000274658203,81.0999984741211,83.41000366210938,4828900
2025-10-22,84.66000366210938,84.66000366210938,85.48999786376953,84.06999969482422,85.0,4101800
2025-10-23,84.93000030517578,84.93000030517578,85.47000122070312,84.33999633789062,84.66000366210938,2548700
2025-10-24,85.55999755859375,85.55999755859375,85.86000061035156,84.9800033569336,85.7699966430664,3367500
2025-10-27,85.29000091552734,85.29000091552734,86.55999755859375,85.13999938964844,86.12999725341797,4166100
2025-10-28,85.87000274658203,85.87000274658203,87.04000091552734,84.9800033569336,86.06999969482422,4895600
2025-10-29,84.22000122070312,84.22000122070312,85.0,83.55999755859375,84.8499984741211,5430700
2025-10-30,84.19999694824219,84.19999694824219,85.5999984741211,84.1500015258789,84.58000183105469,4575300
2025-10-31,86.43000030517578,86.43000030517578,86.83000183105469,84.0,84.20999908447266,4680400
2025-11-03,87.5199966430664,87.5199966430664,87.66000366210938,84.87999725341797,86.0199966430664,6239600
2025-11-04,85.22000122070312,85.22000122070312,86.83999633789062,84.41999816894531,86.5,5906500
2025-11-05,85.98999786376953,85.98999786376953,86.31999969482422,84.0,84.61000061035156,8713500
2025-11-06,80.54000091552734,80.54000091552734,81.69000244140625,75.30999755859375,76.05000305175781,13371800
2025-11-07,81.79000091552734,81.79000091552734,81.9800033569336,79.55000305175781,79.77999877929688,7152600
2025-11-10,82.27999877929688,82.27999877929688,82.62000274658203,80.2699966430664,82.30000305175781,6447900
2025-11-11,83.66000366210938,83.66000366210938,84.23999786376953,82.08999633789062,82.27999877929688,5108100
2025-11-12,82.13999938964844,82.13999938964844,84.02999877929688,81.76000213623047,83.3499984741211,4786400
2025-11-13,81.02999877929688,81.02999877929688,82.55000305175781,80.94999694824219,81.44999694824219,4735300
2025-11-14,82.30999755859375,82.30999755859375,83.26000213623047,79.75,80.13999938964844,5149800
2025-11-17,81.94000244140625,81.94000244140625,82.95999908447266,81.7699966430664,82.0999984741211,4479000
2025-11-18,80.1500015258789,80.1500015258789,82.26000213623047,79.13999938964844,81.5999984741211,6448400
2025-11-19,79.7300033569336,79.7300033569336,80.37000274658203,79.31999969482422,79.81999969482422,4190100
2025-11-20,78.04000091552734,78.04000091552734,81.20999908447266,77.79000091552734,80.5,5994200
2025-11-21,78.86000061035156,78.86000061035156,79.5,77.16999816894531,77.80000305175781,5531300
2025-11-24,79.7699966430664,79.7699966430664,80.01000213623047,78.69999694824219,78.88999938964844,8416900
2025-11-25,80.87000274658203,80.87000274658203,81.19000244140625,79.30000305175781,79.37999725341797,3816400
2025-11-26,80.55000305175781,80.55000305175781,80.86000061035156,78.62999725341797,80.80999755859375,4527000
2025-11-28,81.12999725341797,81.12999725341797,81.36000061035156,80.36000061035156,80.66999816894531,2199100
2025-12-01,81.81999969482422,81.81999969482422,82.0999984741211,80.43000030517578,80.48999786376953,4092800
2025-12-02,82.94000244140625,82.94000244140625,83.2699966430664,82.0,82.51000213623047,3869700
2025-12-03,82.76000213623047,82.76000213623047,82.95999908447266,81.41999816894531,82.20999908447266,5133700
2025-12-04,85.18000030517578,85.18000030517578,85.23999786376953,82.41000366210938,82.9800033569336,6709900
2025-12-05,86.91999816894531,86.91999816894531,86.94000244140625,85.19999694824219,85.54000091552734,6172200
2025-12-08,83.52999877929688,83.52999877929688,87.11000061035156,83.26000213623047,86.95999908447266,6075000
2025-12-09,83.5,83.5,84.16000366210938,82.1500015258789,83.08999633789062,3991200
2025-12-10,81.5999984741211,81.5999984741211,83.22000122070312,80.23999786376953,82.9000015258789,7383600
2025-12-11,82.47000122070312,82.47000122070312,83.22000122070312,81.44999694824219,81.5999984741211,4523600
2025-12-12,82.22000122070312,82.22000122070312,82.66000366210938,81.66000366210938,81.9800033569336,4283800
2025-12-15,81.5199966430664,81.5199966430664,82.83000183105469,80.79000091552734,82.0999984741211,5101400
2025-12-16,82.47000122070312,82.47000122070312,82.83000183105469,81.12999725341797,81.30999755859375,5264000
2025-12-17,79.37999725341797,79.37999725341797,81.44000244140625,79.37999725341797,80.08999633789062,9268900
2025-12-18,79.75,79.75,80.5999984741211,78.56999969482422,80.54000091552734,8070000
2025-12-19,80.23999786376953,80.23999786376953,80.44000244140625,79.0,79.7300033569336,20115500
2025-12-22,81.73999786376953,81.73999786376953,81.83000183105469,80.12999725341797,81.3499984741211,4714500
2025-12-23,80.66000366210938,80.66000366210938,81.70999908447266,80.0999984741211,81.61000061035156,3465700
2025-12-24,81.18000030517578,81.18000030517578,81.37999725341797,80.27999877929688,80.52999877929688,1241000
2025-12-26,81.55999755859375,81.55999755859375,81.6500015258789,80.58999633789062,80.91000366210938,2973900
2025-12-29,80.81999969482422,80.81999969482422,81.79000091552734,80.41999816894531,81.27999877929688,4864300
2025-12-30,80.30999755859375,80.30999755859375,80.87000274658203,80.27999877929688,80.61000061035156,2493900
2025-12-31,79.41000366210938,79.41000366210938,80.41000366210938,79.37000274658203,80.12000274658203,2867600
2026-01-02,77.87999725341797,77.87999725341797,79.97000122070312,77.18000030517578,79.97000122070312,7548800
2026-01-05,77.94000244140625,77.94000244140625,79.9000015258789,77.83000183105469,78.51000213623047,6068200
2026-01-06,78.44000244140625,78.44000244140625,79.19999694824219,77.5999984741211,77.7300033569336,6477800
2026-01-07,80.0199966430664,80.0199966430664,80.86000061035156,78.3499984741211,78.61000061035156,6870600
2026-01-08,78.05000305175781,78.05000305175781,79.54000091552734,77.76000213623047,79.54000091552734,6441700
2026-01-09,79.22000122070312,79.22000122070312,79.37000274658203,77.97000122070312,78.1500015258789,5003200
2026-01-12,78.66000366210938,78.66000366210938,79.08000183105469,77.98999786376953,78.91999816894531,3857900
2026-01-13,78.33000183105469,78.33000183105469,79.72000122070312,77.76000213623047,78.69999694824219,5748700
2026-01-14,76.38999938964844,76.38999938964844,78.30999755859375,75.80999755859375,76.44999694824219,10181100
2026-01-15,76.31999969482422,76.31999969482422,78.33000183105469,76.18000030517578,76.54000091552734,6345400
2026-01-16,75.37999725341797,75.37999725341797,76.61000061035156,75.1500015258789,76.54000091552734,7913700
2026-01-20,75.45999908447266,75.45999908447266,75.5999984741211,73.55000305175781,74.11000061035156,6870600
2026-01-21,75.75,75.75,76.0199966430664,74.70999908447266,75.80999755859375,6368300
2026-01-22,77.62000274658203,77.62000274658203,77.80999755859375,76.33000183105469,76.48999786376953,4853300
2026-01-23,81.63999938964844,81.63999938964844,85.05999755859375,81.0999984741211,83.5,10960100
2026-01-26,83.06999969482422,83.06999969482422,83.12999725341797,81.04000091552734,81.6500015258789,5708800
2026-01-27,81.70999908447266,81.70999908447266,83.55999755859375,81.26000213623047,83.20999908447266,4818400
2026-01-28,82.08000183105469,82.08000183105469,82.55000305175781,81.63999938964844,82.18000030517578,3918000
2026-01-29,81.51000213623047,81.51000213623047,82.11000061035156,79.73999786376953,81.5,6266300
2026-01-30,81.26000213623047,81.26000213623047,81.4800033569336,80.18000030517578,80.63999938964844,7499100
2026-02-02,81.29000091552734,81.29000091552734,82.36000061035156,80.1500015258789,80.86000061035156,7788200
2026-02-03,79.30000305175781,79.30000305175781,81.2300033569336,77.79000091552734,80.9800033569336,6663400
2026-02-04,81.12000274658203,81.12000274658203,81.44999694824219,77.79000091552734,78.87000274658203,7824800
2026-02-05,78.93000030517578,78.93000030517578,81.77999877929688,78.02999877929688,80.94999694824219,12691300
2026-02-06,82.76000213623047,82.76000213623047,83.5199966430664,77.2699966430664,81.80000305175781,15226300
2026-02-09,85.93000030517578,85.93000030517578,86.16999816894531,81.37000274658203,82.2699966430664,9897000
2026-02-10,85.52999877929688,85.52999877929688,87.48999786376953,85.16999816894531,86.3499984741211,7859100
2026-02-11,87.81999969482422,87.81999969482422,88.30000305175781,84.19999694824219,85.41000366210938,7987300
2026-02-12,84.26000213623047,84.26000213623047,88.5999984741211,82.97000122070312,87.55000305175781,7805800
2026-02-13,85.55999755859375,85.55999755859375,86.52999877929688,83.5999984741211,84.55000305175781,8091300
2026-02-17,81.69000244140625,81.69000244140625,85.41999816894531,81.05000305175781,85.16999816894531,6061100
2026-02-18,80.69000244140625,80.69000244140625,81.26000213623047,79.33999633789062,80.9000015258789,5853300
2026-02-19,81.66999816894531,81.66999816894531,81.7699966430664,80.23999786376953,81.01000213623047,4584100
2026-02-20,80.0,80.0,83.08000183105469,79.4000015258789,81.16999816894531,6703800
2026-02-23,75.5999984741211,75.5999984741211,79.4800033569336,74.66000366210938,78.41999816894531,8323500
2026-02-24,75.2300033569336,75.2300033569336,77.05000305175781,74.30999755859375,75.37000274658203,10049400
2026-02-25,77.3499984741211,77.3499984741211,77.5999984741211,74.3499984741211,74.48999786376953,5527400
2026-02-26,79.19999694824219,79.19999694824219,79.73999786376953,76.8499984741211,77.31999969482422,5872000
2026-02-27,79.02999877929688,79.02999877929688,79.12000274658203,76.63999938964844,77.30000305175781,7548200
2026-03-02,79.18000030517578,79.18000030517578,79.7699966430664,77.55999755859375,78.29000091552734,5247300
2026-03-03,81.0999984741211,81.0999984741211,81.9800033569336,77.19000244140625,77.26000213623047,7475200
2026-03-04,82.79000091552734,82.79000091552734,83.9800033569336,80.94999694824219,81.04000091552734,6280700
2026-03-05,84.41999816894531,84.41999816894531,84.7300033569336,82.25,82.27999877929688,5544100
2026-03-06,83.66999816894531,83.66999816894531,84.4800033569336,82.9000015258789,83.98999786376953,5658000
2026-03-09,83.80999755859375,83.80999755859375,84.5999984741211,82.18000030517578,83.05999755859375,6446500
2026-03-10,84.19999694824219,84.19999694824219,85.05000305175781,81.62000274658203,84.29000091552734,5829400
2026-03-11,83.4800033569336,83.4800033569336,85.37000274658203,82.3499984741211,84.30000305175781,5437700
2026-03-12,84.4000015258789,84.4000015258789,85.06999969482422,82.30999755859375,82.91999816894531,5220900
2026-03-13,83.44000244140625,83.44000244140625,85.0999984741211,82.80999755859375,84.4000015258789,3963600
2026-03-16,84.48999786376953,84.48999786376953,85.86000061035156,83.97000122070312,84.38999938964844,5725100
2026-03-17,83.16000366210938,83.16000366210938,86.41999816894531,83.05999755859375,84.58000183105469,3938200
2026-03-18,83.38999938964844,83.38999938964844,84.33000183105469,82.19999694824219,82.44000244140625,4343600
2026-03-19,83.12000274658203,83.12000274658203,84.94999694824219,82.29000091552734,83.5199966430664,4539100
2026-03-20,81.4000015258789,81.4000015258789,82.95999908447266,80.2699966430664,82.95999908447266,16257800
2026-03-23,82.7699966430664,82.7699966430664,83.72000122070312,81.22000122070312,82.01000213623047,5000000
2026-03-24,79.33999633789062,79.33999633789062,82.80000305175781,79.12000274658203,82.33000183105469,6174000
2026-03-25,78.88999938964844,78.88999938964844,81.5199966430664,78.45999908447266,80.12999725341797,6052900
2026-03-26,81.02999877929688,81.02999877929688,81.72000122070312,78.29000091552734,78.29000091552734,4489100
2026-03-27,78.19999694824219,78.19999694824219,79.69000244140625,76.41999816894531,79.69000244140625,8771200
2026-03-30,79.05000305175781,79.05000305175781,80.94000244140625,78.08000183105469,78.11000061035156,7015900
2026-03-31,81.72000122070312,81.72000122070312,81.83000183105469,79.55999755859375,79.75,6045200
2026-04-01,81.1500015258789,81.1500015258789,82.13999938964844,80.0,81.7699966430664,5255500
2026-04-02,82.52999877929688,82.52999877929688,82.55999755859375,80.0199966430664,80.8499984741211,4139300
2026-04-06,82.29000091552734,82.29000091552734,83.37999725341797,81.83000183105469,82.73999786376953,3459300
2026-04-07,83.72000122070312,83.72000122070312,83.94999694824219,81.62999725341797,81.86000061035156,5591500
2026-04-08,83.51000213623047,83.51000213623047,86.13999938964844,82.27999877929688,85.0999984741211,5954900
2026-04-09,80.66000366210938,80.66000366210938,83.70999908447266,79.55999755859375,83.2699966430664,6656500
2026-04-10,76.69999694824219,76.69999694824219,80.5199966430664,76.01000213623047,80.5199966430664,12401100
2026-04-13,78.73999786376953,78.73999786376953,78.80000305175781,76.0999984741211,76.94999694824219,6716300
2026-04-14,78.69999694824219,78.69999694824219,80.0199966430664,77.7300033569336,79.05999755859375,5838500
2026-04-15,79.63999938964844,79.63999938964844,80.06999969482422,77.41000366210938,78.81999969482422,6151400
2026-04-16,82.4000015258789,82.4000015258789,82.5,79.88999938964844,79.9800033569336,5517900
2026-04-17,81.83999633789062,81.83999633789062,84.25,81.0199966430664,83.94999694824219,4968300
2026-04-20,82.5999984741211,82.5999984741211,83.33000183105469,81.47000122070312,82.0999984741211,4049300
2026-04-21,85.26000213623047,85.26000213623047,85.68000030517578,82.0999984741211,82.2300033569336,5158100
2026-04-22,87.08999633789062,87.08999633789062,87.63999938964844,85.77999877929688,86.2699966430664,4443100
2026-04-23,82.76000213623047,82.76000213623047,85.3499984741211,81.80999755859375,85.05999755859375,5417700
2026-04-24,84.33999633789062,84.33999633789062,84.55999755859375,82.5,83.0999984741211,5778400
2026-04-27,85.66999816894531,85.66999816894531,86.76000213623047,83.77999877929688,84.0999984741211,5679500
2026-04-28,85.72000122070312,85.72000122070312,87.44000244140625,85.44000244140625,86.73999786376953,3890500
2026-04-29,86.11000061035156,86.11000061035156,86.38999938964844,84.43000030517578,85.41999816894531,3061400
2026-04-30,84.30999755859375,84.30999755859375,85.22000122070312,82.44000244140625,85.12000274658203,5810500
2026-05-01,86.29000091552734,86.29000091552734,86.75,84.97000122070312,86.12000274658203,4041100
2026-05-04,89.23999786376953,89.23999786376953,89.76000213623047,86.36000061035156,86.51000213623047,5451900
2026-05-05,89.91999816894531,89.91999816894531,90.29000091552734,88.55000305175781,89.69999694824219,3965300
2026-05-06,89.94999694824219,89.94999694824219,90.11000061035156,87.29000091552734,88.77999877929688,8050800
2026-05-07,107.97000122070312,107.97000122070312,112.38999938964844,104.51000213623047,105.26000213623047,18110100
2026-05-08,114.06999969482422,114.06999969482422,114.66000366210938,106.66999816894531,107.30000305175781,9904400
2026-05-11,115.44000244140625,115.44000244140625,115.48999786376953,112.0999984741211,112.0999984741211,6718100
2026-05-12,113.87000274658203,113.87000274658203,116.45999908447266,113.16000366210938,115.19000244140625,4910400
2026-05-13,117.69000244140625,117.69000244140625,117.83999633789062,112.70999908447266,113.20999908447266,5236600
2026-05-14,121.86000061035156,121.86000061035156,121.97000122070312,115.7699966430664,118.02999877929688,5784300
2026-05-15,122.77999877929688,122.77999877929688,123.33000183105469,119.48999786376953,121.16999816894531,5533800
2026-05-18,126.5,126.5,126.61000061035156,120.87000274658203,121.69000244140625,5624900
2026-05-19,127.63999938964844,127.63999938964844,128.1999969482422,123.76000213623047,127.80999755859375,7005900
2026-05-20,130.0,130.0,130.36000061035156,125.33000183105469,125.91000366210938,5981000
2026-05-21,129.4600067138672,129.4600067138672,129.7100067138672,127.4000015258789,128.91000366210938,4266200
2026-05-22,133.92999267578125,133.92999267578125,134.19000244140625,128.57000732421875,130.0,5819100
2026-05-26,133.9600067138672,133.9600067138672,134.91000366210938,130.60000610351562,132.97999572753906,4820100
2026-05-27,127.93000030517578,127.93000030517578,131.5,126.77999877929688,129.5500030517578,6861400
2026-05-28,129.6999969482422,129.6999969482422,129.94000244140625,126.61000061035156,128.5800018310547,5806200
2026-05-29,137.97000122070312,137.97000122070312,138.11000061035156,129.0,129.58999633789062,9627800
2026-06-01,147.13999938964844,147.13999938964844,147.49000549316406,140.25,141.16000366210938,7537400
2026-06-02,148.86000061035156,148.86000061035156,149.02999877929688,141.75,144.33999633789062,7275600
2026-06-03,146.47999572753906,146.47999572753906,148.47000122070312,143.38999938964844,145.3800048828125,7983400
2026-06-04,149.6699981689453,149.6699981689453,150.07000732421875,144.32000732421875,146.1999969482422,5393000
2026-06-05,144.67999267578125,144.67999267578125,149.0500030517578,143.4600067138672,148.4600067138672,7122700
2026-06-08,143.0399932861328,143.0399932861328,147.0,142.50999450683594,145.50999450683594,5333500
2026-06-09,138.38999938964844,138.38999938964844,144.3000030517578,133.0500030517578,143.1300048828125,7801500
2026-06-10,138.8800048828125,138.8800048828125,141.3000030517578,137.00999450683594,137.8000030517578,6267100
2026-06-11,145.05999755859375,145.05999755859375,146.30999755859375,139.39999389648438,141.00999450683594,7433800
2026-06-12,146.3000030517578,146.3000030517578,146.3800048828125,142.14999389648438,143.63999938964844,5083700
2026-06-15,149.49000549316406,149.49000549316406,149.5,143.97999572753906,146.32000732421875,5207300
2026-06-16,147.02000427246094,147.02000427246094,148.8800048828125,144.3300018310547,148.8800048828125,5194600
2026-06-17,144.13999938964844,144.13999938964844,148.0,141.69000244140625,145.80999755859375,7649100
2026-06-18,144.72999572753906,144.72999572753906,147.1999969482422,139.7899932861328,143.49000549316406,18432900
2026-06-22,145.38999938964844,145.38999938964844,149.19000244140625,143.58999633789062,146.36000061035156,5607500
2026-06-23,148.0,148.0,148.36000061035156,143.47000122070312,144.8300018310547,5921200
2026-06-24,145.27999877929688,145.27999877929688,148.82000732421875,144.57000732421875,147.6999969482422,4742300
2026-06-25,149.92999267578125,149.92999267578125,151.97000122070312,144.6199951171875,144.6199951171875,6546900
2026-06-26,151.35000610351562,151.35000610351562,152.77000427246094,147.5500030517578,150.80999755859375,9199700
2026-06-29,155.4199981689453,155.4199981689453,159.07000732421875,152.1300048828125,152.97000122070312,6780300
2026-06-30,153.6199951171875,153.6199951171875,154.47000122070312,150.72999572753906,151.0399932861328,6678700
2026-07-01,158.97999572753906,158.97999572753906,159.8000030517578,152.5399932861328,154.74000549316406,4734400
2026-07-02,156.25,156.25,158.9600067138672,156.1999969482422,158.63999938964844,4490600
2026-07-06,162.35000610351562,162.35000610351562,163.57000732421875,153.42999267578125,154.75,5163700
2026-07-07,158.6699981689453,158.6699981689453,163.30999755859375,155.67999267578125,162.38999938964844,5828000
2026-07-08,156.7100067138672,156.7100067138672,159.4499969482422,154.4199981689453,157.0,4770200
2026-07-09,163.72999572753906,163.72999572753906,164.00999450683594,152.25,153.27000427246094,4626500
2026-07-10,157.50999450683594,157.50999450683594,165.27999877929688,156.6199951171875,164.44000244140625,3519000
2026-07-13,160.6199951171875,160.6199951171875,161.9499969482422,155.72000122070312,157.6699981689453,4099000
2026-07-14,166.8300018310547,166.8300018310547,167.27000427246094,158.05999755859375,158.77999877929688,4685200
2026-07-15,164.50999450683594,164.50999450683594,170.35000610351562,163.02999877929688,169.38999938964844,5089000
2026-07-16,160.77999877929688,160.77999877929688,165.0,159.0800018310547,164.07000732421875,4145300
2026-07-17,161.61000061035156,161.61000061035156,163.8300018310547,158.92999267578125,160.5,5651600
2026-07-20,160.36000061035156,160.36000061035156,164.57000732421875,160.0,160.63999938964844,3775400
2026-07-21,158.10000610351562,158.10000610351562,163.5,156.02000427246094,163.3800048828125,5548700
2026-07-22,155.0500030517578,155.0500030517578,159.0,154.50999450683594,158.57000732421875,4570400
2026-07-23,151.5399932861328,151.5399932861328,156.49000549316406,150.9199981689453,155.2899932861328,4590500
2026-07-24,152.3699951171875,152.3699951171875,154.32000732421875,151.47999572753906,152.6999969482422,2817200
2026-07-27,152.3800048828125,152.3800048828125,157.1300048828125,151.67999267578125,157.1300048828125,4796100
2026-07-28,149.97999572753906,149.97999572753906,153.24000549316406,146.1199951171875,152.60000610351562,6016800
2026-07-29,153.22000122070312,153.22000122070312,154.99000549316406,143.77000427246094,148.27000427246094,12380400
2026-07-30,154.25,154.25,169.25999450683594,152.22999572753906,164.0,11018600
2026-07-31,161.9499969482422,161.9499969482422,162.57000732421875,153.61000061035156,154.00999450683594,6085500
2026-08-03,163.2100067138672,163.2100067138672,164.5,159.32000732421875,163.30999755859375,5916900
2026-08-04,168.2899932861328,168.2899932861328,169.11000061035156,162.77000427246094,164.11000061035156,6437400
2026-08-05,164.1300048828125,164.1300048828125,172.08999633789062,163.94000244140625,170.35000610351562,4578500
2026-08-06,160.11000061035156,160.11000061035156,162.72999572753906,158.27000427246094,160.07000732421875,4996300
2026-08-07,159.63999938964844,159.63999938964844,165.5,158.55999755859375,165.02000427246094,4826800
2026-08-10,164.2100067138672,164.2100067138672,167.19000244140625,159.63999938964844,159.89999389648438,5726200
2026-08-11,161.88999938964844,161.88999938964844,163.9199981689453,160.74000549316406,163.24000549316406,4156400
2026-08-12,160.83999633789062,160.83999633789062,165.11000061035156,160.0,161.47999572753906,3850500
2026-08-13,165.44000244140625,165.44000244140625,165.75,160.13999938964844,162.63999938964844,4262300
2026-08-14,160.00999450683594,160.00999450683594,165.75,159.10000610351562,165.75,2861500
2026-08-17,155.85000610351562,155.85000610351562,160.42999267578125,155.57000732421875,160.0500030517578,3834600
2026-08-18,158.00999450683594,158.00999450683594,159.97000122070312,155.6999969482422,156.0,4055100
2026-08-19,152.85000610351562,152.85000610351562,158.55999755859375,151.66000366210938,157.97000122070312,3812300
2026-08-20,150.7899932861328,150.7899932861328,154.44000244140625,150.16000366210938,152.0,5157700
2026-08-21,153.50999450683594,153.50999450683594,154.11000061035156,148.25,151.89999389648438,4054200
2026-08-24,151.99000549316406,151.99000549316406,153.85000610351562,150.39999389648438,152.42999267578125,3422500
2026-08-25,153.66000366210938,153.66000366210938,154.3300018310547,151.6699981689453,152.86000061035156,3459800
2026-08-26,157.5399932861328,157.5399932861328,158.44000244140625,149.5,151.5,2990700
2026-08-27,172.77999877929688,172.77999877929688,173.88999938964844,159.8800048828125,160.24000549316406,6902800
2026-08-28,166.0,166.0,173.0,162.67999267578125,172.5800018310547,5095000
2026-08-31,170.92999267578125,170.92999267578125,172.50999450683594,165.7100067138672,166.60000610351562,6596900
2026-09-01,161.85000610351562,161.85000610351562,169.92999267578125,160.60000610351562,167.4199981689453,5492000
2026-09-02,154.5399932861328,154.5399932861328,162.27999877929688,151.8000030517578,162.19000244140625,5173700
2026-09-03,156.36000061035156,156.36000061035156,158.69000244140625,154.47999572753906,157.5,3123000
2026-09-04,156.2899932861328,156.2899932861328,158.47000122070312,154.0,154.6999969482422,3060100
2026-09-08,157.47000122070312,157.47000122070312,157.75,152.0,153.44000244140625,3575300
2026-09-09,157.22000122070312,157.22000122070312,158.83999633789062,156.0399932861328,158.02000427246094,2822000
2026-09-10,161.02999877929688,161.02999877929688,161.97999572753906,154.00010681152344,155.4250030517578,1072083
