Price,Adj Close,Close,High,Low,Open,Volume
Ticker,GM,GM,GM,GM,GM,GM
Date,,,,,,
2021-09-10,47.435611724853516,49.4900016784668,50.41999816894531,48.689998626708984,48.689998626708984,22774700
2021-09-13,48.71039581298828,50.81999969482422,50.95000076293945,49.599998474121094,50.11000061035156,18506500
2021-09-14,48.633731842041016,50.7400016784668,51.41999816894531,50.5,51.220001220703125,12587300
2021-09-15,49.66889953613281,51.81999969482422,51.93000030517578,50.540000915527344,50.790000915527344,13658500
2021-09-16,49.381343841552734,51.52000045776367,51.900001525878906,50.90999984741211,51.59000015258789,12617300
2021-09-17,49.199241638183594,51.33000183105469,51.93000030517578,50.9900016784668,51.33000183105469,45115700
2021-09-20,47.320594787597656,49.369998931884766,49.540000915527344,48.369998931884766,49.45000076293945,24540600
2021-09-21,47.320594787597656,49.369998931884766,49.779998779296875,48.790000915527344,49.56999969482422,14172700
2021-09-22,48.672061920166016,50.779998779296875,51.220001220703125,50.029998779296875,50.029998779296875,14038300
2021-09-23,49.764739990234375,51.91999816894531,52.08000183105469,51.040000915527344,51.099998474121094,14043200
2021-09-24,50.06187438964844,52.22999954223633,52.630001068115234,51.720001220703125,51.880001068115234,11643500
2021-09-27,51.02994918823242,53.2400016784668,53.56999969482422,52.380001068115234,52.40999984741211,13861400
2021-09-28,50.6561393737793,52.849998474121094,54.209999084472656,52.70000076293945,53.77000045776367,16422900
2021-09-29,50.732810974121094,52.93000030517578,53.36000061035156,52.529998779296875,53.29999923706055,10881100
2021-09-30,50.52193832397461,52.709999084472656,53.20000076293945,52.18000030517578,52.93000030517578,16324300
2021-10-01,50.92451477050781,53.130001068115234,53.380001068115234,52.25,53.029998779296875,16660400
2021-10-04,51.73923110961914,53.97999954223633,55.63999938964844,53.68000030517578,54.900001525878906,29206700
2021-10-05,52.08428192138672,54.34000015258789,54.7400016784668,53.650001525878906,54.189998626708984,18201500
2021-10-06,51.691307067871094,53.93000030517578,55.5,53.150001525878906,54.4900016784668,29520800
2021-10-07,54.09710693359375,56.439998626708984,56.7400016784668,54.439998626708984,54.849998474121094,31006000
2021-10-08,56.1386833190918,58.56999969482422,59.209999084472656,56.380001068115234,56.540000915527344,33724900
2021-10-11,55.678619384765625,58.09000015258789,59.349998474121094,57.77000045776367,58.790000915527344,17665700
2021-10-12,56.51249694824219,58.959999084472656,59.33000183105469,57.86000061035156,58.52000045776367,17095000
2021-10-13,55.37190246582031,57.77000045776367,58.939998626708984,57.08000183105469,58.939998626708984,18813800
2021-10-14,55.295230865478516,57.689998626708984,58.290000915527344,57.45000076293945,58.099998474121094,11450100
2021-10-15,55.59236145019531,58.0,58.709999084472656,57.849998474121094,58.34000015258789,12914600
2021-10-18,54.52842330932617,56.88999938964844,57.58000183105469,56.849998474121094,57.40999984741211,12667900
2021-10-19,54.49007797241211,56.849998474121094,57.060001373291016,56.529998779296875,57.0,10589000
2021-10-20,55.27605056762695,57.66999816894531,58.2400016784668,56.220001220703125,56.36000061035156,13399900
2021-10-21,55.98533248901367,58.40999984741211,58.66999816894531,57.72999954223633,58.0,11585400
2021-10-22,55.37190246582031,57.77000045776367,58.70000076293945,57.63999938964844,58.369998931884766,11077600
2021-10-25,55.362308502197266,57.7599983215332,58.310001373291016,56.84000015258789,58.04999923706055,14151000
2021-10-26,54.98851013183594,57.369998931884766,58.29999923706055,56.959999084472656,58.02000045776367,16335800
2021-10-27,52.00760269165039,54.2599983215332,55.7599983215332,54.15999984741211,55.599998474121094,36397600
2021-10-28,51.988441467285156,54.2400016784668,55.58000183105469,54.060001373291016,54.599998474121094,23020300
2021-10-29,52.17053985595703,54.43000030517578,55.040000915527344,53.61000061035156,53.900001525878906,16680700
2021-11-01,53.186546325683594,55.4900016784668,55.7400016784668,54.41999816894531,54.849998474121094,15677600
2021-11-02,53.28239059448242,55.59000015258789,55.97999954223633,54.68000030517578,55.029998779296875,16377500
2021-11-03,53.67537307739258,56.0,56.16999816894531,55.09000015258789,55.2599983215332,14419400
2021-11-04,56.205780029296875,58.63999938964844,58.77000045776367,56.27000045776367,56.470001220703125,24026100
2021-11-05,56.09077072143555,58.52000045776367,59.349998474121094,58.04999923706055,59.150001525878906,16302200
2021-11-08,57.12593460083008,59.599998474121094,60.33000183105469,58.47999954223633,58.7599983215332,14385500
2021-11-09,56.18661117553711,58.619998931884766,59.93000030517578,57.810001373291016,59.810001373291016,13822900
2021-11-10,56.809635162353516,59.27000045776367,60.560001373291016,57.72999954223633,57.849998474121094,22778600
2021-11-11,59.25377655029297,61.81999969482422,62.150001525878906,59.310001373291016,59.81999969482422,29033900
2021-11-12,60.7681999206543,63.400001525878906,64.02999877929688,61.279998779296875,61.59000015258789,31152400
2021-11-15,60.35604476928711,62.970001220703125,63.72999954223633,62.630001068115234,63.65999984741211,14372100
2021-11-16,60.010990142822266,62.61000061035156,63.279998779296875,61.93000030517578,63.2400016784668,16115000
2021-11-17,61.92796325683594,64.61000061035156,65.06999969482422,62.380001068115234,63.33000183105469,29983400
2021-11-18,59.742618560791016,62.33000183105469,65.18000030517578,62.09000015258789,64.33000183105469,23308100
2021-11-19,59.234615325927734,61.79999923706055,62.970001220703125,61.560001373291016,62.47999954223633,19520600
2021-11-22,61.40079116821289,64.05999755859375,64.95999908447266,61.7599983215332,61.95000076293945,19836200
2021-11-23,60.432716369628906,63.04999923706055,64.04000091552734,62.2599983215332,63.72999954223633,16225100
2021-11-24,59.60841751098633,62.189998626708984,62.599998474121094,61.630001068115234,62.29999923706055,12685000
2021-11-26,57.672279357910156,60.16999816894531,60.56999969482422,59.459999084472656,59.79999923706055,13272600
2021-11-29,57.37513732910156,59.86000061035156,61.540000915527344,59.650001525878906,61.11000061035156,15033100
2021-11-30,55.46773910522461,57.869998931884766,59.84000015258789,57.439998626708984,59.20000076293945,21282200
2021-12-01,55.649864196777344,58.060001373291016,60.59000015258789,58.0099983215332,59.25,26353700
2021-12-02,58.48698806762695,61.02000045776367,61.29999923706055,58.70000076293945,58.75,25365100
2021-12-03,57.23136901855469,59.709999084472656,61.689998626708984,58.869998931884766,61.2400016784668,19596100
2021-12-06,57.3559684753418,59.84000015258789,60.72999954223633,58.70000076293945,60.470001220703125,16728200
2021-12-07,58.97581100463867,61.529998779296875,62.380001068115234,60.70000076293945,60.90999984741211,14135700
2021-12-08,58.256954193115234,60.779998779296875,61.810001373291016,60.41999816894531,61.650001525878906,10004100
2021-12-09,57.14509963989258,59.619998931884766,60.630001068115234,59.59000015258789,60.380001068115234,12964800
2021-12-10,60.58607482910156,63.209999084472656,63.290000915527344,60.099998474121094,60.099998474121094,22839800
2021-12-13,56.67544937133789,59.130001068115234,62.18000030517578,59.02000045776367,62.06999969482422,27327000
2021-12-14,55.97574234008789,58.400001525878906,59.20000076293945,57.70000076293945,57.970001220703125,17928700
2021-12-15,56.17703628540039,58.61000061035156,58.88999938964844,57.040000915527344,58.29999923706055,14471600
2021-12-16,55.96616744995117,58.38999938964844,60.619998931884766,58.029998779296875,59.400001525878906,17772200
2021-12-17,52.870243072509766,55.15999984741211,56.38999938964844,54.5099983215332,56.20000076293945,42175800
2021-12-20,51.796730041503906,54.040000915527344,54.540000915527344,53.13999938964844,54.02000045776367,19073900
2021-12-21,52.5156135559082,54.790000915527344,54.900001525878906,53.84000015258789,54.5,15571300
2021-12-22,53.75205993652344,56.08000183105469,56.349998474121094,54.75,54.790000915527344,16694000
2021-12-23,54.54759979248047,56.90999984741211,57.09000015258789,55.77000045776367,56.06999969482422,13722300
2021-12-27,55.046016693115234,57.43000030517578,57.75,56.529998779296875,56.88999938964844,9078900
2021-12-28,54.73929977416992,57.11000061035156,58.119998931884766,57.0099983215332,57.400001525878906,8577700
2021-12-29,54.85432052612305,57.22999954223633,57.70000076293945,56.7400016784668,57.11000061035156,7982300
2021-12-30,55.71695327758789,58.130001068115234,58.779998779296875,57.2599983215332,57.45000076293945,11965900
2021-12-31,56.196197509765625,58.630001068115234,59.04999923706055,57.91999816894531,58.0,9856300
2022-01-03,58.63075637817383,61.16999816894531,61.56999969482422,59.7400016784668,59.869998931884766,20980200
2022-01-04,63.011043548583984,65.73999786376953,65.9800033569336,61.959999084472656,61.959999084472656,44691300
2022-01-05,60.135589599609375,62.7400016784668,67.20999908447266,62.599998474121094,65.5199966430664,43578700
2022-01-06,60.260189056396484,62.869998931884766,63.5,61.66999816894531,63.16999816894531,20650900
2022-01-07,59.68510055541992,62.27000045776367,63.90999984741211,61.41999816894531,63.810001373291016,17136100
2022-01-10,58.534908294677734,61.06999969482422,62.0,60.040000915527344,61.52000045776367,18980400
2022-01-11,58.908729553222656,61.459999084472656,61.560001373291016,60.150001525878906,61.25,16463800
2022-01-12,58.4965705871582,61.029998779296875,62.720001220703125,59.63999938964844,62.470001220703125,20215000
2022-01-13,59.20585250854492,61.77000045776367,63.380001068115234,61.150001525878906,61.45000076293945,19283000
2022-01-14,58.563663482666016,61.099998474121094,61.77000045776367,59.9900016784668,61.099998474121094,16180300
2022-01-18,56.349552154541016,58.790000915527344,60.349998474121094,58.540000915527344,60.130001068115234,18299100
2022-01-19,53.9054069519043,56.2400016784668,59.84000015258789,56.130001068115234,59.310001373291016,20576000
2022-01-20,52.38142013549805,54.650001525878906,57.33000183105469,54.41999816894531,56.02000045776367,21554100
2022-01-21,51.06828689575195,53.279998779296875,54.70000076293945,52.689998626708984,54.52000045776367,25692800
2022-01-24,50.4548454284668,52.63999938964844,52.65999984741211,49.369998931884766,51.400001525878906,32931800
2022-01-25,49.745567321777344,51.900001525878906,52.5099983215332,50.81999969482422,51.599998474121094,22164500
2022-01-26,50.17688751220703,52.349998474121094,53.9900016784668,51.470001220703125,53.56999969482422,23174300
2022-01-27,49.31425857543945,51.45000076293945,53.349998474121094,51.06999969482422,52.849998474121094,21357400
2022-01-28,48.154483795166016,50.2400016784668,51.25,49.2400016784668,51.25,26732600
2022-01-31,50.5411262512207,52.72999954223633,52.75,49.970001220703125,50.5,20255200
2022-02-01,51.82548904418945,54.06999969482422,54.2400016784668,52.119998931884766,52.849998474121094,23169600
2022-02-02,51.279151916503906,53.5,55.54999923706055,51.68000030517578,54.91999816894531,34371700
2022-02-03,50.905338287353516,53.11000061035156,54.41999816894531,52.54999923706055,52.599998474121094,23751800
2022-02-04,49.16089630126953,51.290000915527344,51.849998474121094,50.52000045776367,51.619998931884766,22794900
2022-02-07,48.6049690246582,50.709999084472656,52.0,50.52000045776367,51.4900016784668,18046500
2022-02-08,47.4068489074707,49.459999084472656,49.880001068115234,47.58000183105469,48.7400016784668,38629700
2022-02-09,48.614559173583984,50.720001220703125,51.68000030517578,50.15999984741211,50.310001373291016,24290800
2022-02-10,48.25033187866211,50.34000015258789,51.790000915527344,49.599998474121094,49.72999954223633,17017600
2022-02-11,46.803016662597656,48.83000183105469,50.970001220703125,48.540000915527344,50.63999938964844,20183800
2022-02-14,46.3908576965332,48.400001525878906,49.189998626708984,48.0,48.869998931884766,17549800
2022-02-15,47.60813903808594,49.66999816894531,49.90999984741211,48.93000030517578,49.36000061035156,15238500
2022-02-16,48.33659362792969,50.43000030517578,50.56999969482422,49.2599983215332,49.43000030517578,13865500
2022-02-17,46.79343032836914,48.81999969482422,49.849998474121094,48.65999984741211,49.810001373291016,13482800
2022-02-18,46.582557678222656,48.599998474121094,49.209999084472656,47.91999816894531,48.91999816894531,16615900
2022-02-22,44.828529357910156,46.77000045776367,47.939998626708984,46.15999984741211,47.779998779296875,19620300
2022-02-23,44.454715728759766,46.380001068115234,48.29999923706055,46.2599983215332,47.2599983215332,13667700
2022-02-24,44.42594909667969,46.349998474121094,46.40999984741211,43.90999984741211,44.150001525878906,21003700
2022-02-25,45.46112823486328,47.43000030517578,47.47999954223633,45.849998474121094,46.349998474121094,13465100
2022-02-28,44.78059768676758,46.720001220703125,47.119998931884766,45.84000015258789,46.2400016784668,18226700
2022-03-01,42.67192459106445,44.52000045776367,46.15999984741211,44.15999984741211,46.02000045776367,21534200
2022-03-02,44.39719772338867,46.31999969482422,46.599998474121094,44.560001373291016,44.68000030517578,19006400
2022-03-03,43.03615188598633,44.900001525878906,46.7400016784668,44.61000061035156,46.209999084472656,18956300
2022-03-04,40.639930725097656,42.400001525878906,44.15999984741211,41.9900016784668,44.029998779296875,26534700
2022-03-07,38.176612854003906,39.83000183105469,42.439998626708984,39.75,42.290000915527344,25949900
2022-03-08,38.53125,40.20000076293945,42.310001373291016,39.959999084472656,40.84000015258789,24145100
2022-03-09,40.524906158447266,42.279998779296875,42.86000061035156,41.79999923706055,42.2599983215332,21309000
2022-03-10,40.11275863647461,41.849998474121094,42.22999954223633,40.849998474121094,41.40999984741211,17991200
2022-03-11,39.786865234375,41.5099983215332,42.34000015258789,41.47999954223633,42.08000183105469,13617900
2022-03-14,39.13509750366211,40.83000183105469,42.43000030517578,40.369998931884766,41.7400016784668,18914000
2022-03-15,40.381134033203125,42.130001068115234,42.25,40.79999923706055,40.83000183105469,16051000
2022-03-16,42.02973556518555,43.849998474121094,44.16999816894531,42.369998931884766,43.0,17014500
2022-03-17,41.84761428833008,43.65999984741211,43.83000183105469,42.599998474121094,42.91999816894531,13909000
2022-03-18,42.9594612121582,44.81999969482422,45.040000915527344,43.130001068115234,43.22999954223633,19834400
2022-03-21,41.7996940612793,43.61000061035156,44.66999816894531,43.220001220703125,44.279998779296875,17903900
2022-03-22,42.71025848388672,44.560001373291016,45.27000045776367,44.09000015258789,44.2400016784668,14703000
2022-03-23,41.962642669677734,43.779998779296875,44.52000045776367,43.77000045776367,44.0,15142300
2022-03-24,42.50898361206055,44.349998474121094,44.86000061035156,43.95000076293945,44.04999923706055,11106200
2022-03-25,41.838035583496094,43.650001525878906,44.310001373291016,43.400001525878906,44.279998779296875,10351200
2022-03-28,42.384368896484375,44.220001220703125,44.25,43.279998779296875,43.900001525878906,12175200
2022-03-29,44.339691162109375,46.2599983215332,46.7400016784668,45.2400016784668,45.40999984741211,16784100
2022-03-30,43.34286880493164,45.220001220703125,46.029998779296875,45.040000915527344,45.63999938964844,12818800
2022-03-31,41.92430114746094,43.7400016784668,44.900001525878906,43.7400016784668,44.84000015258789,17335000
2022-04-01,41.17668533325195,42.959999084472656,44.45000076293945,42.40999984741211,44.15999984741211,16791500
2022-04-04,41.38754653930664,43.18000030517578,43.41999816894531,42.529998779296875,43.27000045776367,12593000
2022-04-05,39.70060729980469,41.41999816894531,43.15999984741211,41.31999969482422,42.959999084472656,19853900
2022-04-06,37.86030960083008,39.5,41.33000183105469,39.47999954223633,40.790000915527344,29254900
2022-04-07,37.11268997192383,38.720001220703125,39.529998779296875,37.599998474121094,39.290000915527344,28297600
2022-04-08,37.716529846191406,39.349998474121094,40.04999923706055,38.16999816894531,38.349998474121094,22086800
2022-04-11,38.65585708618164,40.33000183105469,41.34000015258789,38.689998626708984,38.810001373291016,25015300
2022-04-12,38.37789535522461,40.040000915527344,40.779998779296875,39.63999938964844,40.61000061035156,17212800
2022-04-13,38.5504264831543,40.220001220703125,40.45000076293945,39.54999923706055,39.619998931884766,10897600
2022-04-14,38.46415710449219,40.130001068115234,40.779998779296875,40.09000015258789,40.150001525878906,13315700
2022-04-18,38.94340896606445,40.630001068115234,40.93000030517578,39.95000076293945,40.130001068115234,11798000
2022-04-19,40.33320617675781,42.08000183105469,42.189998626708984,40.810001373291016,40.810001373291016,13852800
2022-04-20,39.98816680908203,41.720001220703125,43.2400016784668,41.689998626708984,42.25,12989800
2022-04-21,39.02007293701172,40.709999084472656,43.0,40.560001373291016,42.7599983215332,12544000
2022-04-22,38.186187744140625,39.84000015258789,40.7400016784668,39.779998779296875,40.459999084472656,17718400
2022-04-25,38.167022705078125,39.81999969482422,39.9900016784668,38.66999816894531,39.349998474121094,18704400
2022-04-26,36.46092224121094,38.040000915527344,39.45000076293945,37.88999938964844,39.220001220703125,21679500
2022-04-27,37.05517578125,38.65999984741211,39.52000045776367,37.70000076293945,38.290000915527344,19827700
2022-04-28,37.141441345214844,38.75,39.61000061035156,37.310001373291016,39.349998474121094,22795600
2022-04-29,36.3363151550293,37.90999984741211,39.41999816894531,37.779998779296875,38.810001373291016,16737800
2022-05-02,36.85389709472656,38.45000076293945,38.4900016784668,37.25,37.66999816894531,16119900
2022-05-03,38.282039642333984,39.939998626708984,40.27000045776367,38.81999969482422,39.31999969482422,19132700
2022-05-04,39.46098327636719,41.16999816894531,41.2400016784668,39.29999923706055,39.599998474121094,15813700
2022-05-05,38.2916374206543,39.95000076293945,40.75,39.349998474121094,40.31999969482422,15317100
2022-05-06,37.93698501586914,39.58000183105469,40.119998931884766,38.79999923706055,39.790000915527344,14684900
2022-05-09,36.67177963256836,38.2599983215332,40.220001220703125,38.08000183105469,38.97999954223633,18508800
2022-05-10,37.09351348876953,38.70000076293945,39.4900016784668,37.52000045776367,39.38999938964844,20206400
2022-05-11,35.72288131713867,37.27000045776367,39.439998626708984,37.16999816894531,38.779998779296875,18050800
2022-05-12,34.083866119384766,35.560001373291016,36.20000076293945,34.58000183105469,35.459999084472656,43172200
2022-05-13,36.62385940551758,38.209999084472656,38.4900016784668,36.06999969482422,36.18000030517578,22997300
2022-05-16,35.559932708740234,37.099998474121094,38.040000915527344,36.7599983215332,38.0099983215332,16512200
2022-05-17,36.51842498779297,38.099998474121094,38.54999923706055,37.349998474121094,38.029998779296875,15505700
2022-05-18,34.3426628112793,35.83000183105469,37.77000045776367,35.59000015258789,37.5,19255700
2022-05-19,34.62062072753906,36.119998931884766,36.650001525878906,35.150001525878906,35.380001068115234,15545100
2022-05-20,33.930511474609375,35.400001525878906,37.08000183105469,34.38999938964844,37.0099983215332,24408000
2022-05-23,34.505592346191406,36.0,36.61000061035156,35.09000015258789,35.93000030517578,19959800
2022-05-24,33.74839401245117,35.209999084472656,35.56999969482422,34.310001373291016,35.529998779296875,16717000
2022-05-25,34.48643112182617,35.97999954223633,36.349998474121094,34.900001525878906,34.900001525878906,15409500
2022-05-26,35.86664581298828,37.41999816894531,37.7599983215332,36.380001068115234,36.380001068115234,14568400
2022-05-27,36.96891403198242,38.56999969482422,38.59000015258789,37.36000061035156,37.79999923706055,15684100
2022-05-31,37.074344635009766,38.68000030517578,38.95000076293945,37.959999084472656,38.61000061035156,19857900
2022-06-01,36.681373596191406,38.27000045776367,39.63999938964844,37.900001525878906,39.0099983215332,12190800
2022-06-02,37.25646209716797,38.869998931884766,39.25,38.36000061035156,38.400001525878906,10735500
2022-06-03,36.048770904541016,37.61000061035156,38.290000915527344,37.47999954223633,38.09000015258789,11670500
2022-06-06,36.2596321105957,37.83000183105469,38.43000030517578,37.5099983215332,38.349998474121094,11029000
2022-06-07,36.7772216796875,38.369998931884766,38.459999084472656,36.81999969482422,37.220001220703125,14517600
2022-06-08,36.12544250488281,37.689998626708984,38.77000045776367,37.630001068115234,38.34000015258789,10210300
2022-06-09,35.12861633300781,36.650001525878906,37.68000030517578,36.630001068115234,37.47999954223633,9306500
2022-06-10,33.556697845458984,35.0099983215332,36.369998931884766,35.0,35.72999954223633,15875500
2022-06-13,30.940013885498047,32.279998779296875,34.08000183105469,32.150001525878906,33.86000061035156,23202000
2022-06-14,31.82182502746582,33.20000076293945,33.59000015258789,32.470001220703125,32.66999816894531,17891000
2022-06-15,32.76115417480469,34.18000030517578,34.599998474121094,33.349998474121094,33.36000061035156,19116000
2022-06-16,30.115720748901367,31.420000076293945,32.849998474121094,30.920000076293945,32.849998474121094,22783200
2022-06-17,30.556623458862305,31.8799991607666,32.38999938964844,30.649999618530273,31.450000762939453,23649700
2022-06-21,31.28507423400879,32.63999938964844,33.099998474121094,31.889999389648438,32.83000183105469,16627600
2022-06-22,31.467193603515625,32.83000183105469,33.5099983215332,32.029998779296875,32.189998626708984,14974100
2022-06-23,31.620548248291016,32.9900016784668,33.349998474121094,32.22999954223633,32.91999816894531,14410100
2022-06-24,33.37458801269531,34.81999969482422,35.0,33.060001373291016,33.11000061035156,18401600
2022-06-27,33.192466735839844,34.630001068115234,35.31999969482422,34.34000015258789,34.9900016784668,10443100
2022-06-28,32.579044342041016,33.9900016784668,36.130001068115234,33.95000076293945,35.189998626708984,15197100
2022-06-29,32.06145095825195,33.45000076293945,33.869998931884766,32.65999984741211,33.79999923706055,11426700
2022-06-30,30.44160270690918,31.760000228881836,32.7400016784668,31.40999984741211,32.59000015258789,20144800
2022-07-01,30.8537540435791,32.189998626708984,32.880001068115234,31.260000228881836,31.280000686645508,21175000
2022-07-05,31.026281356811523,32.369998931884766,32.43000030517578,30.329999923706055,31.110000610351562,19646200
2022-07-06,29.97194480895996,31.270000457763672,32.4900016784668,30.940000534057617,32.04999923706055,17101100
2022-07-07,31.304244995117188,32.65999984741211,32.849998474121094,31.950000762939453,32.0,14022900
2022-07-08,30.96877670288086,32.310001373291016,33.130001068115234,32.25,32.689998626708984,11765200
2022-07-11,29.588552474975586,30.8700008392334,32.20000076293945,30.790000915527344,31.90999984741211,17121600
2022-07-12,30.221153259277344,31.530000686645508,32.060001373291016,30.799999237060547,30.920000076293945,19773400
2022-07-13,30.403263092041016,31.719999313354492,31.850000381469727,30.360000610351562,30.850000381469727,16196700
2022-07-14,30.278663635253906,31.59000015258789,31.649999618530273,30.670000076293945,31.149999618530273,14450400
2022-07-15,31.505521774291992,32.869998931884766,32.91999816894531,31.709999084472656,32.25,12982900
2022-07-18,31.26590347290039,32.619998931884766,33.59000015258789,32.47999954223633,33.29999923706055,12679300
2022-07-19,32.972015380859375,34.400001525878906,34.630001068115234,33.279998779296875,33.349998474121094,13186300
2022-07-20,33.31707000732422,34.7599983215332,35.02000045776367,34.04999923706055,34.18000030517578,10110600
2022-07-21,33.67171096801758,35.130001068115234,35.130001068115234,34.36000061035156,34.7599983215332,10857400
2022-07-22,33.23080062866211,34.66999816894531,35.20000076293945,34.290000915527344,35.16999816894531,13616700
2022-07-25,33.087032318115234,34.52000045776367,35.04999923706055,34.130001068115234,34.86000061035156,14782700
2022-07-26,31.95600700378418,33.34000015258789,34.08000183105469,33.040000915527344,34.029998779296875,14533000
2022-07-27,33.24040222167969,34.68000030517578,34.79999923706055,33.630001068115234,34.02000045776367,12292800
2022-07-28,34.25638961791992,35.7400016784668,35.75,34.599998474121094,35.0099983215332,11802100
2022-07-29,34.75480651855469,36.2599983215332,36.439998626708984,35.38999938964844,35.75,14375900
2022-08-01,35.24363708496094,36.77000045776367,36.97999954223633,35.599998474121094,36.060001373291016,12224200
2022-08-02,34.63019943237305,36.130001068115234,36.959999084472656,36.11000061035156,36.31999969482422,13124000
2022-08-03,35.7612190246582,37.310001373291016,38.189998626708984,36.75,36.790000915527344,16047700
2022-08-04,34.726051330566406,36.22999954223633,37.15999984741211,36.06999969482422,37.02000045776367,16882100
2022-08-05,34.563114166259766,36.060001373291016,36.279998779296875,35.59000015258789,35.91999816894531,10878600
2022-08-08,36.00084686279297,37.560001373291016,38.18000030517578,36.459999084472656,36.619998931884766,17398800
2022-08-09,35.0998649597168,36.619998931884766,37.349998474121094,36.220001220703125,37.27000045776367,12752200
2022-08-10,36.37464904785156,37.95000076293945,38.47999954223633,37.4900016784668,37.689998626708984,10663300
2022-08-11,36.86347579956055,38.459999084472656,39.040000915527344,38.18000030517578,38.689998626708984,10221400
2022-08-12,37.841148376464844,39.47999954223633,39.5099983215332,38.47999954223633,38.83000183105469,8905300
2022-08-15,37.764461517333984,39.400001525878906,39.689998626708984,38.810001373291016,38.880001068115234,9626400
2022-08-16,37.37147903442383,38.9900016784668,39.599998474121094,38.720001220703125,38.95000076293945,13944400
2022-08-17,36.805973052978516,38.400001525878906,38.689998626708984,37.650001525878906,38.189998626708984,10656700
2022-08-18,37.11268997192383,38.720001220703125,38.900001525878906,38.060001373291016,38.33000183105469,7004100
2022-08-19,38.05201721191406,39.70000076293945,40.279998779296875,39.09000015258789,39.2400016784668,23306500
2022-08-22,36.94974899291992,38.54999923706055,38.81999969482422,37.91999816894531,38.2400016784668,20921400
2022-08-23,36.959327697753906,38.560001373291016,39.40999984741211,38.41999816894531,38.959999084472656,15394400
2022-08-24,37.62068176269531,39.25,39.72999954223633,38.31999969482422,38.61000061035156,12710300
2022-08-25,38.71337127685547,40.38999938964844,40.779998779296875,39.34000015258789,39.36000061035156,15211900
2022-08-26,37.60151290893555,39.22999954223633,41.09000015258789,39.220001220703125,40.75,16179500
2022-08-29,37.86988830566406,39.5099983215332,39.97999954223633,38.70000076293945,38.77000045776367,13408900
2022-08-30,37.59130096435547,39.130001068115234,39.880001068115234,38.58000183105469,39.7599983215332,15090600
2022-08-31,36.70747756958008,38.209999084472656,39.22999954223633,38.119998931884766,39.20000076293945,15390300
2022-09-01,37.04370880126953,38.560001373291016,38.599998474121094,37.5099983215332,37.810001373291016,11370800
2022-09-02,36.95724868774414,38.470001220703125,39.529998779296875,38.33000183105469,39.31999969482422,10860500
2022-09-06,37.18781661987305,38.709999084472656,39.470001220703125,38.40999984741211,38.810001373291016,19717300
2022-09-07,38.53276062011719,40.11000061035156,40.16999816894531,38.400001525878906,38.52000045776367,15832400
2022-09-08,38.90742492675781,40.5,40.66999816894531,39.349998474121094,39.45000076293945,15754700
2022-09-09,39.66636276245117,41.290000915527344,41.540000915527344,40.70000076293945,40.75,12912900
2022-09-12,40.396480560302734,42.04999923706055,42.36000061035156,41.40999984741211,41.65999984741211,16332900
2022-09-13,38.93624496459961,40.529998779296875,41.41999816894531,40.349998474121094,40.599998474121094,14841600
2022-09-14,39.022701263427734,40.619998931884766,40.849998474121094,39.7400016784668,40.7400016784668,15239200
2022-09-15,39.061134338378906,40.65999984741211,42.130001068115234,40.540000915527344,40.56999969482422,15193900
2022-09-16,38.39826583862305,39.970001220703125,40.56999969482422,39.709999084472656,40.060001373291016,20899600
2022-09-19,39.762428283691406,41.38999938964844,41.439998626708984,39.43000030517578,39.5,13267700
2022-09-20,37.524051666259766,39.060001373291016,40.599998474121094,38.900001525878906,40.22999954223633,25401500
2022-09-21,36.19832229614258,37.68000030517578,39.689998626708984,37.66999816894531,39.15999984741211,20455600
2022-09-22,35.91011428833008,37.380001068115234,38.040000915527344,37.189998626708984,37.810001373291016,13519700
2022-09-23,34.0848274230957,35.47999954223633,36.720001220703125,34.84000015258789,36.470001220703125,17888900
2022-09-26,33.66212844848633,35.040000915527344,36.04999923706055,34.66999816894531,35.099998474121094,16777700
2022-09-27,33.345096588134766,34.709999084472656,35.68000030517578,34.06999969482422,35.54999923706055,13541700
2022-09-28,33.86387634277344,35.25,35.5,34.36000061035156,34.75,12046200
2022-09-29,31.952125549316406,33.2599983215332,34.380001068115234,32.81999969482422,34.0099983215332,14825100
2022-09-30,30.828126907348633,32.09000015258789,33.209999084472656,32.04999923706055,32.93000030517578,16159900
2022-10-03,31.57745361328125,32.869998931884766,33.290000915527344,31.610000610351562,32.459999084472656,14697300
2022-10-04,34.392242431640625,35.79999923706055,35.79999923706055,33.91999816894531,34.20000076293945,19811700
2022-10-05,33.46998596191406,34.84000015258789,35.02000045776367,33.810001373291016,34.380001068115234,18679400
2022-10-06,33.26824951171875,34.630001068115234,35.16999816894531,34.380001068115234,34.58000183105469,11435800
2022-10-07,32.29796600341797,33.619998931884766,34.2599983215332,33.400001525878906,34.060001373291016,11193900
2022-10-10,31.020267486572266,32.290000915527344,32.619998931884766,31.110000610351562,32.380001068115234,22996100
2022-10-11,30.828126907348633,32.09000015258789,32.869998931884766,31.280000686645508,32.0099983215332,16763800
2022-10-12,30.933807373046875,32.20000076293945,32.529998779296875,31.600000381469727,32.119998931884766,10810300
2022-10-13,31.471792221069336,32.7599983215332,32.970001220703125,31.270000457763672,31.290000915527344,17199800
2022-10-14,31.59667205810547,32.88999938964844,33.220001220703125,32.45000076293945,33.06999969482422,11994100
2022-10-17,32.24993896484375,33.56999969482422,33.95000076293945,33.060001373291016,33.70000076293945,10960500
2022-10-18,32.90319061279297,34.25,34.900001525878906,33.97999954223633,34.779998779296875,11144700
2022-10-19,32.30757522583008,33.630001068115234,34.189998626708984,33.29999923706055,33.790000915527344,10311300
2022-10-20,32.12504577636719,33.439998626708984,34.150001525878906,33.13999938964844,33.7400016784668,13579800
2022-10-21,33.623695373535156,35.0,35.0099983215332,33.31999969482422,33.5,14094700
2022-10-24,34.31538391113281,35.720001220703125,35.880001068115234,34.459999084472656,34.90999984741211,18575100
2022-10-25,35.554656982421875,37.0099983215332,37.47999954223633,35.83000183105469,36.45000076293945,25537500
2022-10-26,36.371238708496094,37.86000061035156,38.27000045776367,37.18000030517578,37.36000061035156,19638600
2022-10-27,36.6594352722168,38.15999984741211,38.63999938964844,37.40999984741211,38.040000915527344,13842600
2022-10-28,37.32230758666992,38.849998474121094,38.880001068115234,38.09000015258789,38.20000076293945,10459800
2022-10-31,37.706573486328125,39.25,39.65999984741211,38.36000061035156,38.54999923706055,13957700
2022-11-01,37.80263900756836,39.349998474121094,40.099998474121094,38.849998474121094,39.91999816894531,10840600
2022-11-02,37.00529479980469,38.52000045776367,40.06999969482422,38.459999084472656,39.220001220703125,13324200
2022-11-03,36.99567794799805,38.5099983215332,38.7400016784668,37.650001525878906,37.779998779296875,12128600
2022-11-04,37.466407775878906,39.0,39.7400016784668,38.459999084472656,39.38999938964844,15089600
2022-11-07,37.84107208251953,39.38999938964844,39.470001220703125,38.689998626708984,39.36000061035156,11526900
2022-11-08,37.51445388793945,39.04999923706055,39.5099983215332,38.5099983215332,39.470001220703125,10946400
2022-11-09,36.56337356567383,38.060001373291016,38.869998931884766,38.029998779296875,38.54999923706055,10526200
2022-11-10,38.17731475830078,39.7400016784668,40.599998474121094,38.86000061035156,39.150001525878906,20197600
2022-11-11,39.5030403137207,41.119998931884766,41.58000183105469,39.81999969482422,39.86000061035156,13035200
2022-11-14,38.35984802246094,39.93000030517578,41.189998626708984,39.91999816894531,41.0099983215332,14968900
2022-11-15,38.657657623291016,40.2400016784668,41.369998931884766,40.0099983215332,40.70000076293945,12390000
2022-11-16,36.95724868774414,38.470001220703125,39.86000061035156,38.470001220703125,39.75,12032500
2022-11-17,37.12056350708008,38.63999938964844,39.599998474121094,37.470001220703125,38.029998779296875,26006900
2022-11-18,38.20613098144531,39.77000045776367,39.9900016784668,39.040000915527344,39.5,22849200
2022-11-21,37.96596908569336,39.52000045776367,39.720001220703125,39.0,39.439998626708984,12281900
2022-11-22,38.39826583862305,39.970001220703125,40.27000045776367,39.630001068115234,39.88999938964844,8394400
2022-11-23,38.53276062011719,40.11000061035156,40.20000076293945,39.56999969482422,39.849998474121094,9097000
2022-11-25,38.868995666503906,40.459999084472656,40.470001220703125,39.810001373291016,39.810001373291016,4615300
2022-11-28,37.83146667480469,39.380001068115234,40.369998931884766,39.310001373291016,39.91999816894531,19395400
2022-11-29,38.18692398071289,39.75,40.040000915527344,39.540000915527344,39.619998931884766,10582400
2022-11-30,38.96506881713867,40.560001373291016,40.560001373291016,39.22999954223633,39.97999954223633,14805900
2022-12-01,38.926551818847656,40.43000030517578,41.380001068115234,40.41999816894531,40.77000045776367,12335100
2022-12-02,38.41626739501953,39.900001525878906,40.13999938964844,39.54999923706055,39.86000061035156,9224100
2022-12-05,37.34754943847656,38.790000915527344,39.619998931884766,38.689998626708984,39.470001220703125,7633200
2022-12-06,36.606178283691406,38.02000045776367,39.09000015258789,37.349998474121094,38.93000030517578,12775500
2022-12-07,36.54840087890625,37.959999084472656,38.33000183105469,37.560001373291016,37.66999816894531,11613800
2022-12-08,36.779483795166016,38.20000076293945,38.2599983215332,37.599998474121094,38.06999969482422,8622500
2022-12-09,36.856502532958984,38.279998779296875,38.560001373291016,37.779998779296875,37.849998474121094,8865500
2022-12-12,37.05869674682617,38.4900016784668,38.66999816894531,38.02000045776367,38.31999969482422,13873200
2022-12-13,37.32828140258789,38.77000045776367,40.0099983215332,38.529998779296875,39.65999984741211,12154500
2022-12-14,36.933528900146484,38.36000061035156,39.09000015258789,37.959999084472656,38.7400016784668,11964600
2022-12-15,36.221046447753906,37.619998931884766,37.79999923706055,37.189998626708984,37.790000915527344,11293600
2022-12-16,34.80570983886719,36.150001525878906,37.20000076293945,35.869998931884766,37.029998779296875,27530500
2022-12-19,34.10285568237305,35.41999816894531,36.400001525878906,35.36000061035156,36.279998779296875,12248000
2022-12-20,33.89103698730469,35.20000076293945,35.59000015258789,34.779998779296875,35.2599983215332,10934300
2022-12-21,34.56501007080078,35.900001525878906,36.029998779296875,35.470001220703125,35.720001220703125,9959900
2022-12-22,32.28314208984375,33.529998779296875,35.18000030517578,33.279998779296875,35.16999816894531,20227800
2022-12-23,32.57198715209961,33.83000183105469,33.880001068115234,33.18000030517578,33.68000030517578,10619100
2022-12-27,32.08094787597656,33.31999969482422,33.75,33.02000045776367,33.52000045776367,9984400
2022-12-28,31.320323944091797,32.529998779296875,33.5,32.52000045776367,33.31999969482422,9550900
2022-12-29,32.41792678833008,33.66999816894531,33.66999816894531,32.81999969482422,32.81999969482422,11634900
2022-12-30,32.3890495300293,33.63999938964844,33.7599983215332,33.22999954223633,33.33000183105469,11807400
2023-01-03,32.562355041503906,33.81999969482422,34.34000015258789,33.400001525878906,34.02000045776367,11793300
2023-01-04,33.400001525878906,34.689998626708984,34.95000076293945,34.09000015258789,34.290000915527344,11326300
2023-01-05,33.69847106933594,35.0,35.439998626708984,34.119998931884766,34.20000076293945,11932000
2023-01-06,34.57463836669922,35.90999984741211,36.0099983215332,34.54999923706055,34.689998626708984,9783500
2023-01-09,34.584251403808594,35.91999816894531,36.84000015258789,35.849998474121094,36.529998779296875,11617900
2023-01-10,35.73000717163086,37.11000061035156,37.13999938964844,35.900001525878906,36.13999938964844,10280400
2023-01-11,36.41361618041992,37.81999969482422,38.11000061035156,37.150001525878906,37.349998474121094,15190300
2023-01-12,36.90464401245117,38.33000183105469,38.61000061035156,37.83000183105469,38.13999938964844,15318500
2023-01-13,35.152320861816406,36.5099983215332,36.72999954223633,35.810001373291016,36.47999954223633,21242800
2023-01-17,35.24860763549805,36.61000061035156,37.13999938964844,36.209999084472656,36.5,13916100
2023-01-18,35.084922790527344,36.439998626708984,37.529998779296875,36.41999816894531,37.060001373291016,11322700
2023-01-19,34.401329040527344,35.72999954223633,36.02000045776367,35.130001068115234,35.650001525878906,11403600
2023-01-20,34.035465240478516,35.349998474121094,36.0099983215332,35.279998779296875,35.68000030517578,17187200
2023-01-23,35.084922790527344,36.439998626708984,36.599998474121094,35.529998779296875,35.689998626708984,17001900
2023-01-24,34.853851318359375,36.20000076293945,36.65999984741211,35.81999969482422,36.0,12072100
2023-01-25,34.969390869140625,36.31999969482422,36.54999923706055,35.380001068115234,35.9900016784668,13715600
2023-01-26,35.12343978881836,36.47999954223633,37.18000030517578,36.22999954223633,36.9900016784668,19559000
2023-01-27,36.53878402709961,37.95000076293945,38.2400016784668,36.439998626708984,36.58000183105469,21995400
2023-01-30,34.940513610839844,36.290000915527344,37.279998779296875,36.220001220703125,36.75,23596800
2023-01-31,37.85783386230469,39.31999969482422,39.72999954223633,38.33000183105469,38.93000030517578,47396300
2023-02-01,37.83857345581055,39.29999923706055,39.84000015258789,38.560001373291016,39.45000076293945,25569500
2023-02-02,39.95676040649414,41.5,42.04999923706055,39.91999816894531,40.279998779296875,28757000
2023-02-03,39.600521087646484,41.130001068115234,41.9900016784668,40.310001373291016,40.650001525878906,18566700
2023-02-06,39.802711486816406,41.34000015258789,41.61000061035156,40.77000045776367,40.900001525878906,14285700
2023-02-07,39.8604850769043,41.400001525878906,41.779998779296875,40.7400016784668,41.2599983215332,11542500
2023-02-08,40.02416229248047,41.56999969482422,42.099998474121094,40.97999954223633,41.08000183105469,12318500
2023-02-09,40.08192825317383,41.630001068115234,42.9900016784668,41.4900016784668,42.09000015258789,20848900
2023-02-10,39.81234359741211,41.349998474121094,41.630001068115234,40.959999084472656,41.2400016784668,11447400
2023-02-13,40.45742416381836,42.02000045776367,42.08000183105469,40.720001220703125,40.72999954223633,12854800
2023-02-14,40.8521842956543,42.43000030517578,42.72999954223633,41.689998626708984,41.70000076293945,13012400
2023-02-15,41.352840423583984,42.95000076293945,42.97999954223633,42.04999923706055,42.13999938964844,11660100
2023-02-16,41.49726486206055,43.099998474121094,43.630001068115234,42.22999954223633,42.38999938964844,14549600
2023-02-17,41.564659118652344,43.16999816894531,43.16999816894531,42.189998626708984,43.0,13034100
2023-02-21,39.600521087646484,41.130001068115234,43.08000183105469,41.09000015258789,42.43000030517578,12320100
2023-02-22,39.369449615478516,40.88999938964844,41.470001220703125,40.630001068115234,41.22999954223633,9870000
2023-02-23,37.790435791015625,39.25,41.2599983215332,38.869998931884766,41.04999923706055,19930700
2023-02-24,37.72303771972656,39.18000030517578,39.31999969482422,38.459999084472656,38.90999984741211,12929600
2023-02-27,37.84820556640625,39.310001373291016,40.0099983215332,39.13999938964844,39.529998779296875,17310600
2023-02-28,37.299400329589844,38.7400016784668,39.2400016784668,38.4900016784668,39.209999084472656,17166700
2023-03-01,37.280147552490234,38.720001220703125,39.33000183105469,38.63999938964844,38.68000030517578,14164800
2023-03-02,38.14869689941406,39.529998779296875,39.560001373291016,38.119998931884766,38.40999984741211,12908600
2023-03-03,39.57698440551758,41.0099983215332,41.349998474121094,40.25,40.38999938964844,13429700
2023-03-06,39.03655242919922,40.45000076293945,41.189998626708984,40.25,41.02000045776367,9810000
2023-03-07,38.35136032104492,39.7400016784668,40.43000030517578,39.619998931884766,40.220001220703125,12126900
2023-03-08,38.37066650390625,39.7599983215332,40.02000045776367,39.369998931884766,39.70000076293945,10674800
2023-03-09,36.498451232910156,37.81999969482422,39.70000076293945,37.7599983215332,39.52000045776367,15604100
2023-03-10,35.243873596191406,36.52000045776367,37.779998779296875,36.2599983215332,37.70000076293945,14139400
2023-03-13,34.51042938232422,35.7599983215332,36.310001373291016,34.86000061035156,35.619998931884766,21584200
2023-03-14,34.356021881103516,35.599998474121094,36.66999816894531,35.08000183105469,36.459999084472656,18938200
2023-03-15,33.130409240722656,34.33000183105469,34.619998931884766,33.630001068115234,34.61000061035156,17992100
2023-03-16,33.40061950683594,34.61000061035156,34.91999816894531,33.7599983215332,33.849998474121094,23883900
2023-03-17,32.213592529296875,33.380001068115234,34.279998779296875,33.119998931884766,34.279998779296875,27743500
2023-03-20,32.44520950317383,33.619998931884766,34.25,33.27000045776367,33.45000076293945,14938800
2023-03-21,33.873497009277344,35.099998474121094,35.31999969482422,34.459999084472656,34.630001068115234,13685100
2023-03-22,32.86017990112305,34.04999923706055,35.31999969482422,34.029998779296875,35.130001068115234,12929700
2023-03-23,32.5610237121582,33.7400016784668,34.7599983215332,33.16999816894531,34.369998931884766,12585400
2023-03-24,32.532066345214844,33.709999084472656,33.779998779296875,32.9900016784668,33.459999084472656,11912100
2023-03-27,33.2462043762207,34.45000076293945,34.540000915527344,33.75,34.31999969482422,11318400
2023-03-28,33.02424621582031,34.220001220703125,34.650001525878906,34.04999923706055,34.459999084472656,12214200
2023-03-29,34.4525260925293,35.70000076293945,35.72999954223633,34.709999084472656,34.88999938964844,13290000
2023-03-30,34.73239517211914,35.9900016784668,36.47999954223633,35.869998931884766,36.25,9300200
2023-03-31,35.398284912109375,36.68000030517578,36.720001220703125,36.130001068115234,36.27000045776367,10872700
2023-04-03,35.00260925292969,36.27000045776367,36.81999969482422,35.9900016784668,36.380001068115234,10887900
2023-04-04,34.49113082885742,35.7400016784668,36.540000915527344,35.290000915527344,36.5099983215332,11279900
2023-04-05,33.86384963989258,35.09000015258789,35.380001068115234,34.400001525878906,35.27000045776367,10949400
2023-04-06,33.381317138671875,34.59000015258789,35.09000015258789,34.470001220703125,35.0,10068100
2023-04-10,34.481475830078125,35.72999954223633,35.7400016784668,34.2599983215332,34.349998474121094,11530400
2023-04-11,34.172664642333984,35.40999984741211,35.970001220703125,35.34000015258789,35.880001068115234,16410500
2023-04-12,33.41025924682617,34.619998931884766,36.060001373291016,34.529998779296875,35.9900016784668,12027400
2023-04-13,33.32340621948242,34.529998779296875,34.689998626708984,33.720001220703125,34.560001373291016,16066200
2023-04-14,33.28480911254883,34.4900016784668,35.290000915527344,34.25,34.75,9162900
2023-04-17,33.91209411621094,35.13999938964844,35.150001525878906,34.33000183105469,34.380001068115234,10248900
2023-04-18,34.095462799072266,35.33000183105469,35.56999969482422,35.06999969482422,35.45000076293945,9444600
2023-04-19,33.371665954589844,34.58000183105469,34.880001068115234,34.220001220703125,34.869998931884766,11002300
2023-04-20,32.368011474609375,33.540000915527344,33.72999954223633,32.84000015258789,33.279998779296875,15294800
2023-04-21,32.37765121459961,33.54999923706055,33.77000045776367,32.970001220703125,33.529998779296875,12358700
2023-04-24,33.09180450439453,34.290000915527344,34.400001525878906,33.560001373291016,33.77000045776367,16836800
2023-04-25,31.760019302368164,32.90999984741211,34.08000183105469,32.68000030517578,33.9900016784668,34044400
2023-04-26,31.09412956237793,32.220001220703125,33.119998931884766,32.08000183105469,32.900001525878906,18780900
2023-04-27,31.57666015625,32.720001220703125,32.81999969482422,31.84000015258789,32.36000061035156,19730100
2023-04-28,31.88547134399414,33.040000915527344,33.29999923706055,32.40999984741211,32.41999816894531,15510700
2023-05-01,32.31010055541992,33.47999954223633,34.279998779296875,33.439998626708984,34.0,16892300
2023-05-02,31.92408561706543,33.08000183105469,33.40999984741211,32.5099983215332,33.20000076293945,14527600
2023-05-03,31.34503936767578,32.47999954223633,33.38999938964844,32.369998931884766,32.7599983215332,13494400
2023-05-04,30.58264923095703,31.690000534057617,32.66999816894531,31.559999465942383,32.29999923706055,14807400
2023-05-05,32.09779357910156,33.2599983215332,33.400001525878906,32.209999084472656,32.31999969482422,17191100
2023-05-08,32.48381805419922,33.65999984741211,33.7400016784668,33.130001068115234,33.38999938964844,11267400
2023-05-09,32.11709213256836,33.279998779296875,33.56999969482422,33.060001373291016,33.31999969482422,11841900
2023-05-10,31.92408561706543,33.08000183105469,33.970001220703125,32.599998474121094,33.869998931884766,15418400
2023-05-11,31.962677001953125,33.119998931884766,33.279998779296875,32.849998474121094,32.849998474121094,12319500
2023-05-12,31.267841339111328,32.400001525878906,33.279998779296875,32.130001068115234,33.25,13035500
2023-05-15,31.238889694213867,32.369998931884766,32.470001220703125,32.119998931884766,32.38999938964844,18841100
2023-05-16,30.43789291381836,31.540000915527344,32.2400016784668,31.5,32.060001373291016,11069600
2023-05-17,31.306438446044922,32.439998626708984,32.59000015258789,31.639999389648438,31.809999465942383,11269500
2023-05-18,31.750375747680664,32.900001525878906,32.959999084472656,32.25,32.279998779296875,14241000
2023-05-19,31.518753051757812,32.65999984741211,33.16999816894531,32.4900016784668,33.119998931884766,12603900
2023-05-22,31.711763381958008,32.86000061035156,32.93000030517578,32.38999938964844,32.709999084472656,8866400
2023-05-23,32.252197265625,33.41999816894531,33.84000015258789,32.939998626708984,33.0,17717900
2023-05-24,31.15203285217285,32.279998779296875,33.040000915527344,32.0099983215332,33.0,13357500
2023-05-25,31.27749252319336,32.40999984741211,32.63999938964844,32.130001068115234,32.15999984741211,10492700
2023-05-26,32.12674331665039,33.290000915527344,33.4900016784668,32.349998474121094,32.619998931884766,13656800
2023-05-30,32.19429397583008,33.36000061035156,34.279998779296875,33.31999969482422,33.70000076293945,12671700
2023-05-31,31.27749252319336,32.40999984741211,33.04999923706055,31.860000610351562,32.95000076293945,17934200
2023-06-01,31.954912185668945,33.02000045776367,33.29999923706055,32.13999938964844,32.4900016784668,12466700
2023-06-02,33.174259185791016,34.279998779296875,34.47999954223633,33.470001220703125,33.65999984741211,15316600
2023-06-05,33.02910232543945,34.130001068115234,34.45000076293945,33.65999984741211,34.45000076293945,10067800
2023-06-06,34.103302001953125,35.2400016784668,35.380001068115234,33.97999954223633,34.0,15596900
2023-06-07,35.05169677734375,36.220001220703125,36.459999084472656,35.22999954223633,35.38999938964844,23167200
2023-06-08,34.693626403808594,35.849998474121094,36.439998626708984,35.68000030517578,36.20000076293945,16196100
2023-06-09,35.061363220214844,36.22999954223633,38.16999816894531,36.22999954223633,37.4900016784668,24318900
2023-06-12,35.4871711730957,36.66999816894531,37.02000045776367,36.2599983215332,36.27000045776367,14901900
2023-06-13,36.43556594848633,37.650001525878906,37.84000015258789,36.959999084472656,36.959999084472656,16449900
2023-06-14,36.15492630004883,37.36000061035156,37.970001220703125,37.040000915527344,37.84000015258789,14879200
2023-06-15,36.80331039428711,38.029998779296875,38.2599983215332,37.18000030517578,37.189998626708984,15692500
2023-06-16,36.735565185546875,37.959999084472656,38.25,37.650001525878906,38.119998931884766,14523200
2023-06-20,36.116214752197266,37.31999969482422,37.84000015258789,36.91999816894531,37.70000076293945,14380100
2023-06-21,35.81620407104492,37.0099983215332,37.310001373291016,36.880001068115234,37.310001373291016,9085800
2023-06-22,35.477500915527344,36.65999984741211,36.959999084472656,36.36000061035156,36.779998779296875,8616300
2023-06-23,35.01298141479492,36.18000030517578,36.439998626708984,35.79999923706055,35.93000030517578,10201800
2023-06-26,35.51621627807617,36.70000076293945,36.9900016784668,36.029998779296875,36.029998779296875,11904900
2023-06-27,36.27104949951172,37.47999954223633,37.52000045776367,36.45000076293945,37.0099983215332,9125200
2023-06-28,36.95814514160156,38.189998626708984,38.209999084472656,37.40999984741211,37.5,12882100
2023-06-29,36.967830657958984,38.20000076293945,38.619998931884766,38.0,38.33000183105469,10460300
2023-06-30,37.31621551513672,38.560001373291016,38.86000061035156,38.0,38.310001373291016,11613700
2023-07-03,37.70330810546875,38.959999084472656,39.13999938964844,38.630001068115234,38.7400016784668,5578300
2023-07-05,38.14847183227539,39.41999816894531,39.540000915527344,38.90999984741211,39.099998474121094,12110000
2023-07-06,38.18718338012695,39.459999084472656,39.470001220703125,38.599998474121094,38.91999816894531,13108100
2023-07-07,38.332340240478516,39.61000061035156,39.97999954223633,39.31999969482422,39.540000915527344,10608500
2023-07-10,38.36138153076172,39.63999938964844,39.75,39.189998626708984,39.58000183105469,10507300
2023-07-11,38.68072509765625,39.970001220703125,40.099998474121094,39.15999984741211,39.56999969482422,11395900
2023-07-12,39.10655212402344,40.40999984741211,40.970001220703125,40.380001068115234,40.84000015258789,14534200
2023-07-13,39.19363784790039,40.5,41.040000915527344,40.40999984741211,40.720001220703125,12446400
2023-07-14,38.70976257324219,40.0,40.70000076293945,39.939998626708984,40.61000061035156,11047700
2023-07-17,37.50008773803711,38.75,39.540000915527344,38.5099983215332,39.47999954223633,16143000
2023-07-18,37.867828369140625,39.130001068115234,39.189998626708984,38.54999923706055,38.7400016784668,13304800
2023-07-19,37.964603424072266,39.22999954223633,39.58000183105469,39.15999984741211,39.29999923706055,12775300
2023-07-20,37.99363327026367,39.2599983215332,39.33000183105469,38.720001220703125,38.970001220703125,10626400
2023-07-21,37.30653381347656,38.54999923706055,39.66999816894531,38.34000015258789,39.63999938964844,13621900
2023-07-24,38.0323371887207,39.29999923706055,39.47999954223633,38.7599983215332,38.869998931884766,18209200
2023-07-25,36.69685363769531,37.91999816894531,38.779998779296875,37.11000061035156,37.72999954223633,30599100
2023-07-26,37.054927825927734,38.290000915527344,38.45000076293945,37.63999938964844,37.959999084472656,15673500
2023-07-27,37.71299743652344,38.970001220703125,39.45000076293945,38.529998779296875,38.72999954223633,17589300
2023-07-28,36.822654724121094,38.04999923706055,38.97999954223633,37.7400016784668,38.75,17473700
2023-07-31,37.1323356628418,38.369998931884766,38.369998931884766,37.79999923706055,38.150001525878906,12138200
2023-08-01,36.89040756225586,38.119998931884766,38.36000061035156,37.900001525878906,38.040000915527344,10232100
2023-08-02,36.18395233154297,37.38999938964844,37.83000183105469,37.2599983215332,37.630001068115234,15516400
2023-08-03,35.7291145324707,36.91999816894531,37.189998626708984,36.630001068115234,37.189998626708984,14754800
2023-08-04,35.39040756225586,36.56999969482422,37.09000015258789,36.369998931884766,36.849998474121094,12408900
2023-08-07,35.89363098144531,37.09000015258789,37.099998474121094,36.36000061035156,36.83000183105469,9910700
2023-08-08,35.65169143676758,36.84000015258789,36.880001068115234,36.099998474121094,36.279998779296875,10281700
2023-08-09,35.09040069580078,36.2599983215332,36.810001373291016,36.209999084472656,36.5,8254500
2023-08-10,33.05813980102539,34.15999984741211,36.36000061035156,34.0,36.29999923706055,25601500
2023-08-11,32.796844482421875,33.88999938964844,34.16999816894531,33.41999816894531,34.029998779296875,20519900
2023-08-14,32.97105026245117,34.06999969482422,34.209999084472656,33.41999816894531,33.45000076293945,15853800
2023-08-15,32.22587203979492,33.29999923706055,33.779998779296875,33.220001220703125,33.599998474121094,13365800
2023-08-16,31.761363983154297,32.81999969482422,33.279998779296875,32.709999084472656,33.150001525878906,15254600
2023-08-17,31.858135223388672,32.91999816894531,33.33000183105469,32.7599983215332,33.06999969482422,11476100
2023-08-18,32.05168533325195,33.119998931884766,33.20000076293945,32.56999969482422,32.58000183105469,11779900
2023-08-21,32.19684982299805,33.27000045776367,33.40999984741211,32.97999954223633,33.25,10766100
2023-08-22,31.867813110351562,32.93000030517578,33.47999954223633,32.849998474121094,33.470001220703125,8633800
2023-08-23,32.47749710083008,33.560001373291016,33.56999969482422,32.7599983215332,32.84000015258789,10262700
2023-08-24,31.819433212280273,32.880001068115234,33.58000183105469,32.7599983215332,33.400001525878906,7875600
2023-08-25,31.887168884277344,32.95000076293945,33.29999923706055,32.04999923706055,33.06999969482422,14298000
2023-08-28,32.05168533325195,33.119998931884766,33.45000076293945,32.93000030517578,33.2599983215332,7393500
2023-08-29,32.38071823120117,33.459999084472656,33.5099983215332,33.08000183105469,33.220001220703125,7511900
2023-08-30,32.31298065185547,33.38999938964844,33.70000076293945,33.349998474121094,33.459999084472656,7856500
2023-08-31,32.51675033569336,33.5099983215332,34.029998779296875,33.290000915527344,33.5099983215332,10168400
2023-09-01,32.545860290527344,33.540000915527344,33.84000015258789,33.2599983215332,33.59000015258789,8804800
2023-09-05,32.29357147216797,33.279998779296875,33.47999954223633,33.029998779296875,33.36000061035156,9169600
2023-09-06,31.847200393676758,32.81999969482422,33.40999984741211,32.529998779296875,33.04999923706055,11731900
2023-09-07,31.604616165161133,32.56999969482422,32.619998931884766,32.02000045776367,32.40999984741211,12291800
2023-09-08,31.973350524902344,32.95000076293945,33.130001068115234,32.540000915527344,32.599998474121094,12121900
2023-09-11,31.653135299682617,32.619998931884766,33.27000045776367,32.5,33.08000183105469,11777000
2023-09-12,32.47793960571289,33.470001220703125,33.77000045776367,32.7599983215332,32.7599983215332,15578400
2023-09-13,32.66231155395508,33.65999984741211,34.29999923706055,33.43000030517578,33.939998626708984,14287400
2023-09-14,32.66231155395508,33.65999984741211,33.79999923706055,33.029998779296875,33.599998474121094,11797300
2023-09-15,32.94371032714844,33.95000076293945,34.599998474121094,33.41999816894531,33.540000915527344,19709700
2023-09-18,32.35178756713867,33.34000015258789,33.95000076293945,33.310001373291016,33.75,10471500
2023-09-19,32.95341110229492,33.959999084472656,34.310001373291016,33.349998474121094,33.45000076293945,9546700
2023-09-20,32.215946197509766,33.20000076293945,34.130001068115234,33.15999984741211,34.08000183105469,10807900
2023-09-21,31.74046516418457,32.709999084472656,33.439998626708984,32.689998626708984,32.90999984741211,11338000
2023-09-22,31.614322662353516,32.58000183105469,33.58000183105469,32.5,33.0,14272000
2023-09-25,32.08009338378906,33.060001373291016,33.189998626708984,32.27000045776367,32.380001068115234,7283400
2023-09-26,31.303804397583008,32.2599983215332,33.0099983215332,32.209999084472656,32.61000061035156,8250800
2023-09-27,31.39113998413086,32.349998474121094,32.54999923706055,31.969999313354492,32.40999984741211,8339100
2023-09-28,32.177127838134766,33.15999984741211,33.400001525878906,32.06999969482422,32.290000915527344,12673800
2023-09-29,31.992767333984375,32.970001220703125,33.41999816894531,32.7599983215332,33.310001373291016,13587900
2023-10-02,31.507585525512695,32.470001220703125,33.060001373291016,32.15999984741211,32.84000015258789,10966100
2023-10-03,30.44988250732422,31.3799991607666,32.189998626708984,31.309999465942383,32.04999923706055,13060900
2023-10-04,30.11996841430664,31.040000915527344,31.5,30.6299991607666,31.350000381469727,13412200
2023-10-05,29.41160011291504,30.309999465942383,31.139999389648438,29.719999313354492,30.780000686645508,25255400
2023-10-06,29.984113693237305,30.899999618530273,31.360000610351562,29.8700008392334,30.100000381469727,22422200
2023-10-09,30.071443557739258,30.989999771118164,31.270000457763672,30.329999923706055,30.489999771118164,9112000
2023-10-10,30.546918869018555,31.479999542236328,31.65999984741211,30.709999084472656,30.889999389648438,11985700
2023-10-11,30.061744689941406,30.979999542236328,31.979999542236328,30.780000686645508,31.729999542236328,10673700
2023-10-12,29.421302795410156,30.31999969482422,30.700000762939453,30.030000686645508,30.690000534057617,11355500
2023-10-13,28.780866622924805,29.65999984741211,30.229999542236328,29.540000915527344,30.0,16710500
2023-10-16,29.169010162353516,30.059999465942383,30.18000030517578,29.649999618530273,29.90999984741211,14711500
2023-10-17,29.431011199951172,30.329999923706055,30.610000610351562,29.780000686645508,29.799999237060547,19812300
2023-10-18,28.606203079223633,29.479999542236328,29.989999771118164,29.459999084472656,29.84000015258789,14318900
2023-10-19,28.460649490356445,29.329999923706055,29.959999084472656,29.059999465942383,29.100000381469727,18053800
2023-10-20,28.780866622924805,29.65999984741211,30.25,29.450000762939453,29.8799991607666,21643500
2023-10-23,28.353910446166992,29.219999313354492,29.899999618530273,29.209999084472656,29.329999923706055,17917700
2023-10-24,27.713470458984375,28.559999465942383,29.780000686645508,28.010000228881836,28.389999389648438,26058100
2023-10-25,28.15013313293457,29.010000228881836,29.139999389648438,27.709999084472656,28.549999237060547,24400400
2023-10-26,27.70376968383789,28.549999237060547,30.219999313354492,28.43000030517578,29.809999465942383,22788200
2023-10-27,26.413190841674805,27.219999313354492,28.6299991607666,27.1200008392334,28.489999771118164,25825600
2023-10-30,26.549043655395508,27.360000610351562,27.719999313354492,26.790000915527344,27.549999237060547,23227300
2023-10-31,27.364145278930664,28.200000762939453,28.309999465942383,27.34000015258789,27.5,17507200
2023-11-01,27.17007064819336,28.0,28.799999237060547,27.729999542236328,28.729999542236328,17364000
2023-11-02,27.94635581970215,28.799999237060547,28.860000610351562,28.15999984741211,28.440000534057617,15531400
2023-11-03,28.88760757446289,29.770000457763672,30.059999465942383,29.329999923706055,29.3799991607666,17424100
2023-11-06,28.247167587280273,29.110000610351562,29.81999969482422,28.989999771118164,29.770000457763672,12412100
2023-11-07,27.56791877746582,28.40999984741211,28.950000762939453,28.059999465942383,28.809999465942383,18254100
2023-11-08,26.743114471435547,27.559999465942383,28.360000610351562,27.520000457763672,28.34000015258789,18282600
2023-11-09,25.860090255737305,26.649999618530273,27.709999084472656,26.6299991607666,27.709999084472656,16045900
2023-11-10,26.054162979125977,26.850000381469727,27.0,26.299999237060547,26.709999084472656,16946700
2023-11-13,26.10267448425293,26.899999618530273,27.110000610351562,26.639999389648438,26.729999542236328,16394300
2023-11-14,27.364145278930664,28.200000762939453,28.420000076293945,27.40999984741211,27.450000762939453,24219700
2023-11-15,27.30592155456543,28.139999389648438,28.229999542236328,27.729999542236328,28.06999969482422,19628900
2023-11-16,26.665483474731445,27.479999542236328,28.190000534057617,27.420000076293945,27.93000030517578,16692000
2023-11-17,27.199180603027344,28.030000686645508,28.030000686645508,27.530000686645508,27.860000610351562,19919800
2023-11-20,27.67466163635254,28.520000457763672,28.770000457763672,28.139999389648438,28.18000030517578,19348500
2023-11-21,27.073036193847656,27.899999618530273,28.56999969482422,27.700000762939453,28.25,19693500
2023-11-22,27.267108917236328,28.100000381469727,28.350000381469727,27.84000015258789,28.059999465942383,11338100
2023-11-24,27.344738006591797,28.18000030517578,28.5,28.1200008392334,28.170000076293945,6941400
2023-11-27,27.655250549316406,28.5,28.520000457763672,27.940000534057617,28.020000457763672,19878800
2023-11-28,28.033693313598633,28.889999389648438,29.0,28.329999923706055,28.440000534057617,18156700
2023-11-29,30.663362503051758,31.600000381469727,32.290000915527344,31.420000076293945,31.8700008392334,85193700
2023-11-30,30.75094985961914,31.600000381469727,32.27000045776367,31.579999923706055,31.75,45236500
2023-12-01,31.49052619934082,32.36000061035156,32.59000015258789,31.520000457763672,31.520000457763672,31661700
2023-12-04,32.181453704833984,33.06999969482422,33.439998626708984,32.599998474121094,32.66999816894531,29590100
2023-12-05,31.80193328857422,32.68000030517578,33.43000030517578,32.65999984741211,32.959999084472656,25717600
2023-12-06,32.02574920654297,32.90999984741211,33.66999816894531,32.869998931884766,33.04999923706055,21736200
2023-12-07,32.60962677001953,33.5099983215332,33.619998931884766,32.810001373291016,32.97999954223633,20158800
2023-12-08,32.84318542480469,33.75,34.31999969482422,33.5099983215332,33.5099983215332,20280200
2023-12-11,32.677757263183594,33.58000183105469,34.02000045776367,33.439998626708984,33.5,23314400
2023-12-12,32.52204513549805,33.41999816894531,33.90999984741211,33.36000061035156,33.5,22492100
2023-12-13,33.07673645019531,33.9900016784668,34.060001373291016,32.83000183105469,33.29999923706055,28807100
2023-12-14,35.27600860595703,36.25,36.31999969482422,34.54999923706055,34.619998931884766,35593100
2023-12-15,34.769981384277344,35.72999954223633,36.4900016784668,35.619998931884766,36.29999923706055,34158100
2023-12-18,34.48776626586914,35.439998626708984,36.15999984741211,35.43000030517578,35.779998779296875,18151800
2023-12-19,34.90622329711914,35.869998931884766,35.9900016784668,35.369998931884766,35.5099983215332,11875400
2023-12-20,34.5169677734375,35.470001220703125,36.400001525878906,35.459999084472656,35.72999954223633,16585400
2023-12-21,35.27600860595703,36.25,36.31999969482422,35.689998626708984,35.83000183105469,18421900
2023-12-22,35.05218505859375,36.02000045776367,36.619998931884766,35.84000015258789,36.11000061035156,15027600
2023-12-26,35.159236907958984,36.130001068115234,36.41999816894531,36.02000045776367,36.02000045776367,10733900
2023-12-27,35.11057662963867,36.08000183105469,36.2599983215332,35.70000076293945,36.099998474121094,11128500
2023-12-28,35.227359771728516,36.20000076293945,36.2400016784668,35.90999984741211,36.0,9719400
2023-12-29,34.95487594604492,35.91999816894531,36.459999084472656,35.86000061035156,36.130001068115234,14127700
2024-01-02,35.08137893676758,36.04999923706055,36.630001068115234,35.439998626708984,35.63999938964844,17501300
2024-01-03,34.32233810424805,35.27000045776367,35.619998931884766,34.70000076293945,35.5099983215332,20308800
2024-01-04,34.53643035888672,35.4900016784668,35.97999954223633,35.279998779296875,35.65999984741211,20138000
2024-01-05,35.02299118041992,35.9900016784668,36.61000061035156,35.439998626708984,35.5099983215332,15019200
2024-01-08,35.71391677856445,36.70000076293945,36.849998474121094,35.81999969482422,35.83000183105469,13774800
2024-01-09,35.55821228027344,36.540000915527344,36.72999954223633,36.189998626708984,36.349998474121094,13892800
2024-01-10,35.33439636230469,36.310001373291016,36.619998931884766,35.9900016784668,36.56999969482422,16042600
2024-01-11,34.896484375,35.86000061035156,36.25,35.61000061035156,36.11000061035156,14628200
2024-01-12,34.31260681152344,35.2599983215332,36.119998931884766,35.20000076293945,35.66999816894531,16651500
2024-01-16,34.439117431640625,35.38999938964844,35.58000183105469,34.619998931884766,34.72999954223633,18287200
2024-01-17,34.06932067871094,35.0099983215332,35.209999084472656,34.72999954223633,34.83000183105469,15352800
2024-01-18,33.650882720947266,34.58000183105469,35.36000061035156,34.31999969482422,35.29999923706055,22571800
2024-01-19,34.555885314941406,35.5099983215332,35.65999984741211,34.34000015258789,34.59000015258789,17599000
2024-01-22,34.370994567871094,35.31999969482422,36.04999923706055,35.279998779296875,35.54999923706055,15127100
2024-01-23,34.28340530395508,35.22999954223633,35.7599983215332,34.939998626708984,35.619998931884766,16822800
2024-01-24,33.76765823364258,34.70000076293945,35.599998474121094,34.560001373291016,35.290000915527344,15483400
2024-01-25,34.215293884277344,35.15999984741211,35.2599983215332,34.709999084472656,34.959999084472656,21520300
2024-01-26,34.23476028442383,35.18000030517578,35.54999923706055,35.040000915527344,35.15999984741211,14190100
2024-01-29,34.439117431640625,35.38999938964844,35.61000061035156,34.93000030517578,35.20000076293945,24054800
2024-01-30,37.12495422363281,38.150001525878906,38.959999084472656,37.400001525878906,38.349998474121094,57982600
2024-01-31,37.75749206542969,38.79999923706055,39.75,38.130001068115234,38.20000076293945,34203100
2024-02-01,37.82561111450195,38.869998931884766,39.310001373291016,38.529998779296875,39.18000030517578,21343000
2024-02-02,37.864532470703125,38.90999984741211,39.189998626708984,38.290000915527344,38.529998779296875,19818300
2024-02-05,36.774635314941406,37.790000915527344,38.689998626708984,37.68000030517578,38.529998779296875,19722400
2024-02-06,37.008174896240234,38.029998779296875,38.66999816894531,37.599998474121094,37.599998474121094,16280200
2024-02-07,37.67964172363281,38.720001220703125,39.119998931884766,38.099998474121094,38.540000915527344,19093800
2024-02-08,37.61152267456055,38.650001525878906,38.939998626708984,38.41999816894531,38.84000015258789,15864500
2024-02-09,37.5239372253418,38.560001373291016,38.97999954223633,38.45000076293945,38.619998931884766,13066000
2024-02-12,38.22459411621094,39.279998779296875,39.529998779296875,38.5099983215332,38.540000915527344,18113100
2024-02-13,37.28065872192383,38.310001373291016,38.939998626708984,37.83000183105469,38.79999923706055,18979000
2024-02-14,37.33904266357422,38.369998931884766,38.75,38.04999923706055,38.58000183105469,13278500
2024-02-15,37.94239044189453,38.9900016784668,39.5099983215332,38.63999938964844,38.66999816894531,15688600
2024-02-16,37.66018295288086,38.70000076293945,39.060001373291016,38.619998931884766,38.79999923706055,12396700
2024-02-20,37.96185302734375,39.0099983215332,39.16999816894531,38.130001068115234,38.349998474121094,16971300
2024-02-21,38.428958892822266,39.4900016784668,39.81999969482422,38.959999084472656,38.959999084472656,15977200
2024-02-22,38.282981872558594,39.34000015258789,39.79999923706055,39.15999984741211,39.54999923706055,11458100
2024-02-23,38.565185546875,39.630001068115234,39.95000076293945,39.31999969482422,39.36000061035156,15194400
2024-02-26,38.720890045166016,39.790000915527344,40.72999954223633,39.599998474121094,39.63999938964844,16610200
2024-02-27,39.10041046142578,40.18000030517578,40.599998474121094,39.849998474121094,40.22999954223633,11507700
2024-02-28,39.53832244873047,40.630001068115234,41.08000183105469,40.04999923706055,40.060001373291016,15697500
2024-02-29,39.997047424316406,40.97999954223633,41.34000015258789,40.63999938964844,40.77000045776367,18005200
2024-03-01,40.00680160522461,40.9900016784668,41.79999923706055,40.400001525878906,40.810001373291016,13079600
2024-03-04,39.9482421875,40.93000030517578,41.52000045776367,40.7599983215332,41.0,14703100
2024-03-05,39.67496871948242,40.650001525878906,40.88999938964844,40.130001068115234,40.70000076293945,18913500
2024-03-06,39.18696212768555,40.150001525878906,40.7400016784668,39.83000183105469,40.650001525878906,15511200
2024-03-07,38.40614318847656,39.349998474121094,40.31999969482422,39.2599983215332,40.16999816894531,15428000
2024-03-08,38.55254364013672,39.5,40.150001525878906,39.310001373291016,39.349998474121094,12923900
2024-03-11,38.58182907104492,39.529998779296875,39.810001373291016,39.220001220703125,39.279998779296875,11659100
2024-03-12,38.26950454711914,39.209999084472656,39.619998931884766,38.959999084472656,39.58000183105469,19442500
2024-03-13,39.2943229675293,40.2599983215332,40.470001220703125,39.34000015258789,39.459999084472656,19081300
2024-03-14,38.435428619384766,39.380001068115234,40.34000015258789,38.95000076293945,40.18000030517578,18012900
2024-03-15,39.7140007019043,40.689998626708984,40.81999969482422,39.27000045776367,39.27000045776367,82751200
2024-03-18,39.84088897705078,40.81999969482422,40.91999816894531,40.33000183105469,40.88999938964844,16126600
2024-03-19,40.51434326171875,41.5099983215332,41.68000030517578,40.720001220703125,40.91999816894531,15936400
2024-03-20,41.82218933105469,42.849998474121094,42.88999938964844,41.36000061035156,41.41999816894531,16909300
2024-03-21,42.37852096557617,43.41999816894531,43.59000015258789,42.84000015258789,42.91999816894531,15268300
2024-03-22,42.02716064453125,43.060001373291016,43.65999984741211,43.0,43.29999923706055,9393800
2024-03-25,42.50540542602539,43.54999923706055,43.959999084472656,43.060001373291016,43.060001373291016,14644700
2024-03-26,42.944610595703125,44.0,44.56999969482422,43.43000030517578,43.689998626708984,15961300
2024-03-27,43.52046203613281,44.59000015258789,44.810001373291016,44.04999923706055,44.060001373291016,22172100
2024-03-28,44.262229919433594,45.349998474121094,45.540000915527344,44.599998474121094,44.630001068115234,14766400
2024-04-01,44.31102752685547,45.400001525878906,45.72999954223633,44.97999954223633,45.130001068115234,11008300
2024-04-02,43.813255310058594,44.88999938964844,45.2599983215332,44.59000015258789,44.970001220703125,13061900
2024-04-03,44.0865478515625,45.16999816894531,45.41999816894531,44.63999938964844,44.66999816894531,14377100
2024-04-04,42.632286071777344,43.68000030517578,46.040000915527344,43.619998931884766,45.709999084472656,16988600
2024-04-05,43.169097900390625,44.22999954223633,44.310001373291016,43.459999084472656,43.720001220703125,11210500
2024-04-08,43.276458740234375,44.34000015258789,44.849998474121094,44.279998779296875,44.43000030517578,8250400
2024-04-09,43.6571044921875,44.72999954223633,44.869998931884766,44.06999969482422,44.58000183105469,8793800
2024-04-10,42.88604736328125,43.939998626708984,44.54999923706055,43.5099983215332,43.900001525878906,11636400
2024-04-11,42.7884521484375,43.84000015258789,43.9900016784668,43.189998626708984,43.900001525878906,19563000
2024-04-12,42.04668045043945,43.08000183105469,43.58000183105469,42.650001525878906,43.5,11903900
2024-04-15,41.66603088378906,42.689998626708984,43.97999954223633,42.52000045776367,43.72999954223633,13499600
2024-04-16,41.63675308227539,42.65999984741211,42.91999816894531,42.130001068115234,42.4900016784668,12384900
2024-04-17,41.441551208496094,42.459999084472656,43.15999984741211,42.290000915527344,42.90999984741211,10663300
2024-04-18,41.42203140258789,42.439998626708984,42.84000015258789,42.0099983215332,42.77000045776367,14180500
2024-04-19,41.35370635986328,42.369998931884766,42.959999084472656,42.189998626708984,42.5099983215332,15515000
2024-04-22,42.17356491088867,43.209999084472656,43.560001373291016,42.209999084472656,42.68000030517578,21315100
2024-04-23,44.01822280883789,45.099998474121094,45.959999084472656,44.369998931884766,45.88999938964844,28767300
2024-04-24,43.998714447021484,45.08000183105469,45.310001373291016,44.619998931884766,45.310001373291016,15013900
2024-04-25,44.52574920654297,45.619998931884766,45.849998474121094,44.4900016784668,44.66999816894531,14912500
2024-04-26,44.74047088623047,45.84000015258789,46.16999816894531,45.40999984741211,45.599998474121094,12153300
2024-04-29,44.93568420410156,46.040000915527344,46.150001525878906,45.540000915527344,46.0,10550300
2024-04-30,43.4619026184082,44.529998779296875,45.41999816894531,44.2599983215332,45.209999084472656,15951300
2024-05-01,43.40333938598633,44.470001220703125,45.20000076293945,44.380001068115234,44.5,13986800
2024-05-02,43.598541259765625,44.66999816894531,45.150001525878906,44.56999969482422,44.900001525878906,13214900
2024-05-03,43.78398513793945,44.86000061035156,45.54999923706055,44.5099983215332,45.029998779296875,10046000
2024-05-06,43.97918701171875,45.060001373291016,45.540000915527344,44.959999084472656,45.099998474121094,10301600
2024-05-07,44.19390106201172,45.279998779296875,45.84000015258789,45.16999816894531,45.189998626708984,9135900
2024-05-08,43.969425201416016,45.04999923706055,45.400001525878906,44.58000183105469,44.849998474121094,7568500
2024-05-09,44.271995544433594,45.36000061035156,45.65999984741211,44.79999923706055,44.97999954223633,9349800
2024-05-10,44.12559127807617,45.209999084472656,45.630001068115234,45.04999923706055,45.58000183105469,7917800
2024-05-13,44.0865478515625,45.16999816894531,45.97999954223633,45.08000183105469,45.560001373291016,13826400
2024-05-14,43.94990158081055,45.029998779296875,45.790000915527344,44.75,45.5,10894300
2024-05-15,44.39887619018555,45.4900016784668,45.63999938964844,45.06999969482422,45.5,11054700
2024-05-16,44.76976013183594,45.869998931884766,46.099998474121094,45.369998931884766,45.380001068115234,11335900
2024-05-17,44.66239547729492,45.7599983215332,46.08000183105469,45.59000015258789,46.06999969482422,11412800
2024-05-20,44.02798843383789,45.11000061035156,45.90999984741211,45.06999969482422,45.75,9070700
2024-05-21,43.8425407409668,44.91999816894531,45.18000030517578,44.560001373291016,44.970001220703125,9911000
2024-05-22,42.91532516479492,43.970001220703125,44.63999938964844,43.72999954223633,44.599998474121094,11874500
2024-05-23,42.68108367919922,43.72999954223633,44.060001373291016,43.380001068115234,43.970001220703125,10643700
2024-05-24,43.05197525024414,44.11000061035156,44.31999969482422,43.869998931884766,44.06999969482422,7373000
2024-05-28,42.05643844604492,43.09000015258789,43.77000045776367,42.79999923706055,43.70000076293945,13749200
2024-05-29,41.61723327636719,42.63999938964844,42.75,42.27000045776367,42.619998931884766,13262300
2024-05-30,42.36875915527344,43.40999984741211,43.47999954223633,42.619998931884766,42.810001373291016,9267800
2024-05-31,43.91087341308594,44.9900016784668,45.02000045776367,43.0,43.209999084472656,32674600
2024-06-03,44.642879486083984,45.7400016784668,45.959999084472656,44.959999084472656,44.959999084472656,15698500
2024-06-04,44.17438888549805,45.2599983215332,45.77000045776367,45.040000915527344,45.31999969482422,9505400
2024-06-05,44.52574920654297,45.619998931884766,45.689998626708984,44.81999969482422,45.54999923706055,24724900
2024-06-06,44.515995025634766,45.61000061035156,45.97999954223633,45.43000030517578,45.58000183105469,10169800
2024-06-07,44.74106979370117,45.720001220703125,46.08000183105469,45.20000076293945,45.349998474121094,10811700
2024-06-10,46.551456451416016,47.56999969482422,47.7599983215332,45.63999938964844,45.689998626708984,18571900
2024-06-11,47.177757263183594,48.209999084472656,48.95000076293945,47.68000030517578,48.2599983215332,21187000
2024-06-12,47.8138313293457,48.86000061035156,49.349998474121094,48.630001068115234,48.84000015258789,14222200
2024-06-13,46.62974548339844,47.650001525878906,48.720001220703125,47.38999938964844,48.619998931884766,19451700
2024-06-14,45.76858901977539,46.77000045776367,47.38999938964844,45.93000030517578,47.13999938964844,14716500
2024-06-17,46.38510513305664,47.400001525878906,47.529998779296875,46.709999084472656,46.779998779296875,9720600
2024-06-18,46.42424011230469,47.439998626708984,48.040000915527344,47.279998779296875,47.290000915527344,9691100
2024-06-20,46.7471809387207,47.77000045776367,47.95000076293945,47.2599983215332,47.310001373291016,10118000
2024-06-21,46.698246002197266,47.720001220703125,47.86000061035156,47.04999923706055,47.779998779296875,16699700
2024-06-24,47.07989501953125,48.11000061035156,48.689998626708984,47.77000045776367,47.77000045776367,46697700
2024-06-25,45.416297912597656,46.40999984741211,48.099998474121094,45.93000030517578,48.0,16419100
2024-06-26,44.790000915527344,45.77000045776367,46.130001068115234,45.52000045776367,45.900001525878906,13055900
2024-06-27,44.60407257080078,45.58000183105469,46.04999923706055,45.29999923706055,45.689998626708984,10409800
2024-06-28,45.46522521972656,46.459999084472656,46.65999984741211,45.970001220703125,46.029998779296875,15020200
2024-07-01,45.68051528930664,46.68000030517578,47.16999816894531,46.290000915527344,46.52000045776367,10825100
2024-07-02,45.94473648071289,46.95000076293945,47.08000183105469,46.369998931884766,46.400001525878906,11338300
2024-07-03,45.709869384765625,46.709999084472656,47.06999969482422,46.279998779296875,46.97999954223633,5440700
2024-07-05,45.52394104003906,46.52000045776367,47.09000015258789,46.189998626708984,46.619998931884766,11452700
2024-07-08,45.55329513549805,46.54999923706055,47.47999954223633,46.220001220703125,46.79999923706055,10868900
2024-07-09,45.269508361816406,46.2599983215332,46.84000015258789,46.189998626708984,46.45000076293945,9657500
2024-07-10,45.53371810913086,46.529998779296875,46.77000045776367,46.36000061035156,46.5099983215332,6711700
2024-07-11,46.90375518798828,47.93000030517578,48.0,46.83000183105469,46.900001525878906,16676900
2024-07-12,47.96061706542969,49.0099983215332,49.349998474121094,47.90999984741211,48.02000045776367,16289600
2024-07-15,48.24441146850586,49.29999923706055,50.0,49.15999984741211,49.5,11073400
2024-07-16,48.70435333251953,49.77000045776367,49.9900016784668,48.810001373291016,49.31999969482422,10192500
2024-07-17,48.831565856933594,49.900001525878906,49.970001220703125,49.13999938964844,49.400001525878906,9158500
2024-07-18,48.58692169189453,49.650001525878906,50.5,49.16999816894531,50.0,12268000
2024-07-19,47.26582336425781,48.29999923706055,49.560001373291016,48.15999984741211,49.540000915527344,16931000
2024-07-22,48.49885177612305,49.560001373291016,49.70000076293945,48.2599983215332,48.459999084472656,17064700
2024-07-23,45.386940002441406,46.380001068115234,49.5,45.83000183105469,49.34000015258789,41152100
2024-07-24,45.49458312988281,46.4900016784668,46.599998474121094,45.119998931884766,45.290000915527344,21134900
2024-07-25,43.18511962890625,44.130001068115234,45.77000045776367,44.11000061035156,45.66999816894531,27256400
2024-07-26,43.175323486328125,44.119998931884766,44.54999923706055,43.65999984741211,44.279998779296875,18411100
2024-07-29,43.20468521118164,44.150001525878906,44.27000045776367,43.65999984741211,44.130001068115234,12521500
2024-07-30,43.28297424316406,44.22999954223633,44.970001220703125,44.150001525878906,44.150001525878906,12171700
2024-07-31,43.371036529541016,44.31999969482422,45.08000183105469,43.66999816894531,44.310001373291016,14112000
2024-08-01,42.44138717651367,43.369998931884766,45.150001525878906,43.119998931884766,44.66999816894531,15919000
2024-08-02,40.28848648071289,41.16999816894531,42.41999816894531,40.9900016784668,42.380001068115234,21627000
2024-08-05,39.094608306884766,39.95000076293945,40.29999923706055,38.959999084472656,39.400001525878906,23849400
2024-08-06,39.740482330322266,40.61000061035156,41.150001525878906,39.779998779296875,40.02000045776367,14702000
2024-08-07,39.77962875366211,40.650001525878906,41.5099983215332,40.52000045776367,41.22999954223633,11245300
2024-08-08,41.81508255004883,42.72999954223633,42.97999954223633,41.09000015258789,41.09000015258789,17717900
2024-08-09,42.54903030395508,43.47999954223633,44.11000061035156,42.459999084472656,42.599998474121094,14119700
2024-08-12,42.06952667236328,42.9900016784668,43.599998474121094,42.7400016784668,43.34000015258789,9336100
2024-08-13,42.39246368408203,43.31999969482422,43.349998474121094,42.52000045776367,43.060001373291016,10304300
2024-08-14,42.676246643066406,43.61000061035156,43.95000076293945,43.45000076293945,43.619998931884766,10772200
2024-08-15,43.89948272705078,44.86000061035156,45.189998626708984,44.619998931884766,44.77000045776367,12913900
2024-08-16,44.349632263183594,45.31999969482422,45.43000030517578,44.650001525878906,44.75,10592600
2024-08-19,44.78021240234375,45.7599983215332,45.93000030517578,45.18000030517578,45.45000076293945,9598100
2024-08-20,44.99550247192383,45.97999954223633,46.470001220703125,45.66999816894531,45.70000076293945,9188700
2024-08-21,45.563087463378906,46.560001373291016,46.91999816894531,46.25,46.25,11897000
2024-08-22,45.46522521972656,46.459999084472656,46.970001220703125,46.380001068115234,46.689998626708984,6629400
2024-08-23,47.53004455566406,48.56999969482422,48.630001068115234,47.189998626708984,47.310001373291016,12918100
2024-08-26,47.70619583129883,48.75,49.16999816894531,48.63999938964844,48.869998931884766,8800700
2024-08-27,48.19548797607422,49.25,49.459999084472656,48.560001373291016,48.560001373291016,10256500
2024-08-28,47.9997673034668,49.04999923706055,49.45000076293945,48.84000015258789,49.0,7397300
2024-08-29,48.41078186035156,49.470001220703125,49.81999969482422,49.11000061035156,49.4900016784668,8448600
2024-08-30,48.714134216308594,49.779998779296875,49.86000061035156,49.11000061035156,49.689998626708984,15736900
2024-09-03,47.37346649169922,48.40999984741211,49.86000061035156,48.119998931884766,49.150001525878906,14946800
2024-09-04,47.412620544433594,48.45000076293945,49.279998779296875,48.189998626708984,48.66999816894531,8293300
2024-09-05,47.11904525756836,48.150001525878906,49.06999969482422,47.900001525878906,48.68000030517578,14888500
2024-09-06,46.24592590332031,47.13999938964844,48.650001525878906,47.0099983215332,48.06999969482422,16080900
2024-09-09,46.5009880065918,47.400001525878906,47.88999938964844,47.04999923706055,47.33000183105469,11374300
2024-09-10,43.96991729736328,44.81999969482422,46.5099983215332,44.22999954223633,45.97999954223633,18918200
2024-09-11,43.82276153564453,44.66999816894531,44.88999938964844,43.79999923706055,44.689998626708984,15847700
2024-09-12,45.245262145996094,46.119998931884766,46.619998931884766,44.619998931884766,44.689998626708984,14596000
2024-09-13,45.421852111816406,46.29999923706055,47.04999923706055,46.16999816894531,46.310001373291016,8986300
2024-09-16,45.981040954589844,46.869998931884766,47.689998626708984,46.45000076293945,46.45000076293945,9928000
2024-09-17,46.618709564208984,47.52000045776367,48.18000030517578,47.08000183105469,47.36000061035156,8941600
2024-09-18,47.737091064453125,48.65999984741211,49.54999923706055,47.70000076293945,47.720001220703125,14533800
2024-09-19,47.69784164428711,48.619998931884766,49.86000061035156,48.20000076293945,49.4900016784668,13490200
2024-09-20,47.952919006347656,48.880001068115234,49.0,47.900001525878906,48.2400016784668,18091600
2024-09-23,47.12885665893555,48.040000915527344,48.279998779296875,46.97999954223633,47.599998474121094,14181200
2024-09-24,47.15827941894531,48.06999969482422,48.77000045776367,47.58000183105469,48.459999084472656,9501000
2024-09-25,44.8626594543457,45.72999954223633,46.439998626708984,44.97999954223633,45.95000076293945,22910600
2024-09-26,44.94114303588867,45.810001373291016,46.119998931884766,45.45000076293945,45.720001220703125,11892100
2024-09-27,45.59844207763672,46.47999954223633,47.06999969482422,45.9900016784668,46.369998931884766,13298600
2024-09-30,43.98954391479492,44.84000015258789,45.900001525878906,44.470001220703125,44.91999816894531,20251000
2024-10-01,44.028785705566406,44.880001068115234,45.47999954223633,44.380001068115234,45.150001525878906,15157200
2024-10-02,43.96991729736328,44.81999969482422,45.540000915527344,44.72999954223633,44.779998779296875,10730100
2024-10-03,44.12688446044922,44.97999954223633,45.029998779296875,44.060001373291016,44.41999816894531,9409900
2024-10-04,44.8136100769043,45.68000030517578,46.150001525878906,45.5,45.810001373291016,11428900
2024-10-07,45.10791778564453,45.97999954223633,46.119998931884766,45.2599983215332,45.41999816894531,11276700
2024-10-08,45.13734817504883,46.0099983215332,47.349998474121094,45.77000045776367,46.06999969482422,16608400
2024-10-09,47.02093505859375,47.93000030517578,47.97999954223633,45.66999816894531,46.040000915527344,17185700
2024-10-10,46.78548812866211,47.689998626708984,47.959999084472656,47.36000061035156,47.619998931884766,9740100
2024-10-11,46.962074279785156,47.869998931884766,48.25,47.290000915527344,47.369998931884766,9181000
2024-10-14,47.70766067504883,48.630001068115234,48.77000045776367,47.630001068115234,47.75,6773900
2024-10-15,46.94245147705078,47.849998474121094,48.90999984741211,47.810001373291016,48.220001220703125,12532100
2024-10-16,48.080448150634766,49.0099983215332,49.27000045776367,48.36000061035156,48.4900016784668,10152800
2024-10-17,48.44343566894531,49.380001068115234,49.4900016784668,48.63999938964844,49.0,8333600
2024-10-18,48.24722671508789,49.18000030517578,49.75,49.099998474121094,49.63999938964844,9500100
2024-10-21,48.00197219848633,48.93000030517578,49.599998474121094,48.630001068115234,49.2599983215332,11492100
2024-10-22,52.71092987060547,53.72999954223633,54.18000030517578,49.9900016784668,50.02000045776367,42657700
2024-10-23,51.916290283203125,52.91999816894531,54.189998626708984,52.52000045776367,54.04999923706055,16109800
2024-10-24,51.72008514404297,52.720001220703125,54.29999923706055,52.47999954223633,53.650001525878906,11800700
2024-10-25,51.08240509033203,52.06999969482422,53.40999984741211,51.90999984741211,53.20000076293945,8445100
2024-10-28,51.729896545410156,52.72999954223633,52.86000061035156,52.04999923706055,52.25,11504900
2024-10-29,50.56246566772461,51.540000915527344,52.220001220703125,50.970001220703125,52.130001068115234,13807600
2024-10-30,50.98431396484375,51.970001220703125,52.72999954223633,51.5,51.5,8179600
2024-10-31,49.79725646972656,50.7599983215332,52.119998931884766,50.7400016784668,51.75,9364600
2024-11-01,49.99346923828125,50.959999084472656,51.779998779296875,50.790000915527344,51.150001525878906,10289500
2024-11-04,50.817535400390625,51.79999923706055,52.77000045776367,50.9900016784668,50.9900016784668,9778500
2024-11-05,52.6815071105957,53.70000076293945,53.7400016784668,51.5099983215332,51.65999984741211,11534000
2024-11-06,54.00589370727539,55.04999923706055,55.380001068115234,53.13999938964844,54.47999954223633,19150100
2024-11-07,54.33944320678711,55.38999938964844,55.93000030517578,54.20000076293945,55.130001068115234,10964800
2024-11-08,54.52584457397461,55.58000183105469,56.08000183105469,54.849998474121094,55.099998474121094,10247500
2024-11-11,56.56638717651367,57.65999984741211,58.220001220703125,55.959999084472656,56.16999816894531,11276500
2024-11-12,56.32113265991211,57.40999984741211,58.290000915527344,57.02000045776367,57.5,10219700
2024-11-13,56.61543655395508,57.709999084472656,58.41999816894531,57.540000915527344,57.61000061035156,10048600
2024-11-14,56.52714920043945,57.619998931884766,59.38999938964844,57.16999816894531,57.790000915527344,17750200
2024-11-15,55.958152770996094,57.040000915527344,57.83000183105469,56.939998626708984,57.529998779296875,12625000
2024-11-18,55.183135986328125,56.25,57.52000045776367,55.84000015258789,57.4900016784668,12273200
2024-11-19,54.06475830078125,55.11000061035156,56.779998779296875,54.77000045776367,55.02000045776367,14530600
2024-11-20,53.82931137084961,54.869998931884766,55.4900016784668,54.58000183105469,55.0,12183700
2024-11-21,54.62394714355469,55.68000030517578,55.810001373291016,54.72999954223633,55.20000076293945,11326700
2024-11-22,57.41988754272461,58.529998779296875,58.900001525878906,55.650001525878906,55.7400016784668,14591700
2024-11-25,59.05821228027344,60.20000076293945,61.2400016784668,58.900001525878906,59.15999984741211,25347300
2024-11-26,53.750823974609375,54.790000915527344,58.31999969482422,54.72999954223633,57.650001525878906,25817300
2024-11-27,54.44735336303711,55.5,56.06999969482422,55.150001525878906,55.20000076293945,11386800
2024-11-29,54.53564453125,55.59000015258789,56.9900016784668,55.59000015258789,56.43000030517578,8064700
2024-12-02,53.99608612060547,55.040000915527344,55.619998931884766,54.689998626708984,55.5,10602600
2024-12-03,52.64225387573242,53.65999984741211,55.209999084472656,53.47999954223633,55.099998474121094,14234800
2024-12-04,52.34794998168945,53.36000061035156,53.83000183105469,52.7599983215332,53.619998931884766,13225700
2024-12-05,52.377376556396484,53.38999938964844,53.90999984741211,53.0099983215332,53.61000061035156,10017900
2024-12-06,52.51503372192383,53.40999984741211,53.900001525878906,53.0099983215332,53.709999084472656,8625900
2024-12-09,51.826759338378906,52.709999084472656,54.459999084472656,52.65999984741211,54.0,7959600
2024-12-10,51.85626220703125,52.7400016784668,53.77000045776367,52.34000015258789,53.77000045776367,7722000
2024-12-11,51.16798782348633,52.040000915527344,53.45000076293945,51.29999923706055,53.25,12609100
2024-12-12,51.42363357543945,52.29999923706055,52.689998626708984,51.939998626708984,52.400001525878906,9454900
2024-12-13,51.649776458740234,52.529998779296875,52.81999969482422,51.900001525878906,52.25,8849300
2024-12-16,51.36463928222656,52.2400016784668,52.619998931884766,51.279998779296875,52.04999923706055,11688400
2024-12-17,50.292903900146484,51.150001525878906,51.93000030517578,51.130001068115234,51.59000015258789,11201600
2024-12-18,49.15233612060547,49.9900016784668,51.86000061035156,49.959999084472656,51.2599983215332,13565000
2024-12-19,49.49647903442383,50.34000015258789,51.34000015258789,50.290000915527344,50.619998931884766,11211900
2024-12-20,50.94184494018555,51.810001373291016,52.13999938964844,50.06999969482422,50.09000015258789,23917800
2024-12-23,51.67927551269531,52.560001373291016,52.59000015258789,51.36000061035156,51.4900016784668,7553100
2024-12-24,52.61335372924805,53.5099983215332,53.630001068115234,52.52000045776367,52.70000076293945,4541100
2024-12-26,53.272132873535156,54.18000030517578,54.380001068115234,53.13999938964844,53.369998931884766,6071900
2024-12-27,53.37044906616211,54.279998779296875,54.86000061035156,53.7599983215332,53.810001373291016,5884400
2024-12-30,52.76084518432617,53.65999984741211,54.099998474121094,52.93000030517578,53.7400016784668,7246800
2024-12-31,52.37738037109375,53.27000045776367,54.220001220703125,52.95000076293945,53.88999938964844,4734400
2025-01-02,50.50921630859375,51.369998931884766,53.470001220703125,51.02000045776367,53.31999969482422,10167700
2025-01-03,50.90251922607422,51.77000045776367,51.959999084472656,50.459999084472656,51.5,8949900
2025-01-06,52.63302230834961,53.529998779296875,54.400001525878906,52.25,52.7599983215332,9728200
2025-01-07,51.10898971557617,51.97999954223633,53.70000076293945,51.91999816894531,53.70000076293945,9093300
2025-01-08,50.145416259765625,51.0,51.75,50.310001373291016,51.75,7243700
2025-01-10,49.014686584472656,49.849998474121094,50.84000015258789,49.7599983215332,50.779998779296875,7847700
2025-01-13,49.093345642089844,49.93000030517578,50.099998474121094,49.02000045776367,49.040000915527344,7950900
2025-01-14,50.08641815185547,50.939998626708984,51.41999816894531,50.20000076293945,50.43000030517578,7170100
2025-01-15,50.83369445800781,51.70000076293945,52.95000076293945,51.619998931884766,52.20000076293945,7518900
2025-01-16,50.971343994140625,51.84000015258789,52.02000045776367,51.15999984741211,51.65999984741211,6415400
2025-01-17,50.11591720581055,50.970001220703125,52.189998626708984,50.72999954223633,51.93000030517578,9620000
2025-01-21,52.98698425292969,53.88999938964844,54.060001373291016,51.290000915527344,51.790000915527344,12962100
2025-01-22,51.87592315673828,52.7599983215332,53.45000076293945,52.43000030517578,53.33000183105469,7778100
2025-01-23,53.311458587646484,54.220001220703125,54.349998474121094,52.7400016784668,53.040000915527344,7452900
2025-01-24,53.006656646728516,53.90999984741211,54.599998474121094,53.709999084472656,54.189998626708984,6619600
2025-01-27,53.99972915649414,54.91999816894531,55.060001373291016,54.08000183105469,54.2599983215332,12075400
2025-01-28,49.20150375366211,50.040000915527344,50.97999954223633,48.720001220703125,50.97999954223633,33776700
2025-01-29,48.94586181640625,49.779998779296875,50.61000061035156,49.119998931884766,50.279998779296875,15123000
2025-01-30,48.67055130004883,49.5,50.9900016784668,47.7599983215332,50.45000076293945,16443200
2025-01-31,48.631221771240234,49.459999084472656,51.72999954223633,49.18000030517578,49.66999816894531,20564000
2025-02-03,47.09736251831055,47.900001525878906,49.22999954223633,46.369998931884766,46.5,28555900
2025-02-04,47.75613784790039,48.56999969482422,48.939998626708984,47.11000061035156,47.16999816894531,9746700
2025-02-05,47.00886917114258,47.810001373291016,48.790000915527344,47.7400016784668,48.709999084472656,10719400
2025-02-06,47.126861572265625,47.93000030517578,48.38999938964844,47.439998626708984,47.9900016784668,9218400
2025-02-07,46.595909118652344,47.38999938964844,48.31999969482422,47.209999084472656,47.689998626708984,9608500
2025-02-10,45.789649963378906,46.56999969482422,47.599998474121094,46.439998626708984,47.400001525878906,9017200
2025-02-11,45.91746520996094,46.70000076293945,46.84000015258789,46.2599983215332,46.36000061035156,7058500
2025-02-12,46.8908805847168,47.689998626708984,47.9900016784668,46.2599983215332,46.41999816894531,10572400
2025-02-13,47.087528228759766,47.88999938964844,48.630001068115234,47.349998474121094,48.13999938964844,7748300
2025-02-14,47.55949020385742,48.369998931884766,48.68000030517578,47.91999816894531,48.38999938964844,5630000
2025-02-18,47.32350540161133,48.130001068115234,48.709999084472656,47.599998474121094,48.70000076293945,6967300
2025-02-19,46.99904251098633,47.79999923706055,47.970001220703125,47.220001220703125,47.72999954223633,6836000
2025-02-20,47.087528228759766,47.88999938964844,47.90999984741211,46.7599983215332,47.790000915527344,5801800
2025-02-21,45.514339447021484,46.290000915527344,48.09000015258789,45.93000030517578,47.93000030517578,6775700
2025-02-24,45.789649963378906,46.56999969482422,46.90999984741211,46.040000915527344,46.66999816894531,8127100
2025-02-25,45.927303314208984,46.709999084472656,47.02000045776367,45.689998626708984,46.720001220703125,7903500
2025-02-26,47.647972106933594,48.459999084472656,50.189998626708984,48.15999984741211,48.90999984741211,17082000
2025-02-27,46.831886291503906,47.630001068115234,48.93000030517578,47.560001373291016,47.79999923706055,14881100
2025-02-28,48.3067512512207,49.130001068115234,49.4900016784668,47.130001068115234,47.52000045776367,21380500
2025-03-03,46.5860710144043,47.380001068115234,50.5,46.7400016784668,49.97999954223633,16880500
2025-03-04,44.46226501464844,45.220001220703125,46.41999816894531,44.40999984741211,46.41999816894531,20786800
2025-03-05,47.66764450073242,48.47999954223633,49.06999969482422,46.22999954223633,46.70000076293945,27954200
2025-03-06,46.40909194946289,47.20000076293945,48.33000183105469,46.38999938964844,47.77000045776367,14332000
2025-03-07,46.76396179199219,47.439998626708984,47.81999969482422,46.040000915527344,47.779998779296875,13824400
2025-03-10,47.39484405517578,48.08000183105469,48.18000030517578,46.77000045776367,46.810001373291016,21621600
2025-03-11,47.59198760986328,48.279998779296875,48.81999969482422,46.029998779296875,48.0,21879900
2025-03-12,47.2174072265625,47.900001525878906,48.7400016784668,46.93000030517578,48.5,10041800
2025-03-13,46.43866729736328,47.11000061035156,49.27000045776367,46.869998931884766,47.77000045776367,14189900
2025-03-14,47.6511344909668,48.34000015258789,48.75,47.63999938964844,47.790000915527344,14143900
2025-03-17,48.301734924316406,49.0,49.27000045776367,48.279998779296875,48.5099983215332,14102400
2025-03-18,47.9764289855957,48.66999816894531,49.83000183105469,48.189998626708984,49.349998474121094,19265400
2025-03-19,49.08047103881836,49.790000915527344,50.209999084472656,48.70000076293945,48.83000183105469,13291600
2025-03-20,48.73545837402344,49.439998626708984,49.97999954223633,48.75,48.810001373291016,12906900
2025-03-21,49.09032440185547,49.79999923706055,50.040000915527344,48.7400016784668,48.97999954223633,37624900
2025-03-24,50.7266731262207,51.459999084472656,51.88999938964844,50.459999084472656,50.7599983215332,16024400
2025-03-25,51.840572357177734,52.59000015258789,52.7599983215332,51.5,51.5,14836200
2025-03-26,50.22393798828125,50.95000076293945,53.290000915527344,50.650001525878906,52.689998626708984,20510100
2025-03-27,46.527381896972656,47.20000076293945,48.400001525878906,46.2599983215332,46.9900016784668,35799000
2025-03-28,46.014793395996094,46.68000030517578,47.13999938964844,45.810001373291016,46.90999984741211,18820100
2025-03-31,46.359798431396484,47.029998779296875,47.27000045776367,45.61000061035156,45.65999984741211,15878600
2025-04-01,46.586524963378906,47.2599983215332,47.77000045776367,46.5,47.0099983215332,14065600
2025-04-02,47.2962646484375,47.97999954223633,48.27000045776367,46.869998931884766,46.869998931884766,12305600
2025-04-03,45.245906829833984,45.900001525878906,47.779998779296875,45.849998474121094,46.95000076293945,18871200
2025-04-04,43.5504150390625,44.18000030517578,44.72999954223633,42.72999954223633,44.459999084472656,26717400
2025-04-07,42.90967559814453,43.529998779296875,45.349998474121094,41.599998474121094,41.75,25522100
2025-04-08,41.8746452331543,42.47999954223633,45.400001525878906,41.939998626708984,44.939998626708984,16415600
2025-04-09,45.08818817138672,45.7400016784668,46.29999923706055,41.63999938964844,41.86000061035156,23918100
2025-04-10,43.10683059692383,43.72999954223633,44.459999084472656,42.619998931884766,44.15999984741211,17437900
2025-04-11,43.00825881958008,43.630001068115234,43.939998626708984,42.75,43.5,10735600
2025-04-14,44.49673843383789,45.13999938964844,45.869998931884766,43.11000061035156,43.869998931884766,22020900
2025-04-15,43.9052848815918,44.540000915527344,44.869998931884766,44.130001068115234,44.20000076293945,9799300
2025-04-16,43.589847564697266,44.220001220703125,45.060001373291016,43.88999938964844,44.36000061035156,9877000
2025-04-17,43.93486022949219,44.56999969482422,45.279998779296875,43.93000030517578,44.27000045776367,11707500
2025-04-21,43.75742721557617,44.38999938964844,44.689998626708984,43.77000045776367,44.470001220703125,6424600
2025-04-22,44.516448974609375,45.15999984741211,45.650001525878906,44.7400016784668,45.099998474121094,8438500
2025-04-23,45.186763763427734,45.84000015258789,47.41999816894531,45.68000030517578,46.5,9032800
2025-04-24,46.211936950683594,46.880001068115234,47.06999969482422,45.84000015258789,46.209999084472656,7509200
2025-04-25,46.43866729736328,47.11000061035156,47.560001373291016,46.540000915527344,46.540000915527344,8108100
2025-04-28,46.56680679321289,47.2400016784668,47.810001373291016,46.650001525878906,47.20000076293945,15269800
2025-04-29,46.27108383178711,46.939998626708984,47.459999084472656,45.34000015258789,45.90999984741211,24183100
2025-04-30,44.595314025878906,45.2400016784668,46.540000915527344,44.720001220703125,46.209999084472656,17948600
2025-05-01,44.40802001953125,45.04999923706055,46.540000915527344,44.720001220703125,46.5,15875500
2025-05-02,44.65445327758789,45.29999923706055,45.81999969482422,44.95000076293945,45.709999084472656,11649800
2025-05-05,44.73331832885742,45.380001068115234,45.75,45.150001525878906,45.279998779296875,8084300
2025-05-06,44.81217575073242,45.459999084472656,45.970001220703125,44.84000015258789,45.0099983215332,9638200
2025-05-07,44.8220329284668,45.470001220703125,45.939998626708984,44.970001220703125,45.709999084472656,8711100
2025-05-08,46.67524337768555,47.349998474121094,47.720001220703125,46.09000015258789,46.099998474121094,14499500
2025-05-09,46.8231086730957,47.5,47.970001220703125,47.25,47.560001373291016,8582900
2025-05-12,48.903038024902344,49.61000061035156,50.13999938964844,48.869998931884766,49.7400016784668,13160600
2025-05-13,49.74092102050781,50.459999084472656,50.619998931884766,49.400001525878906,49.560001373291016,10427600
2025-05-14,49.59306335449219,50.310001373291016,50.810001373291016,50.09000015258789,50.36000061035156,8949300
2025-05-15,49.4057731628418,50.119998931884766,50.2400016784668,49.58000183105469,49.790000915527344,7286600
2025-05-16,49.65220642089844,50.369998931884766,50.38999938964844,49.849998474121094,50.11000061035156,6099800
2025-05-19,49.31705093383789,50.029998779296875,50.349998474121094,49.18000030517578,49.709999084472656,9406500
2025-05-20,49.49448776245117,50.209999084472656,50.54999923706055,49.900001525878906,50.2599983215332,6565400
2025-05-21,48.66645431518555,49.369998931884766,50.540000915527344,49.290000915527344,49.880001068115234,7515600
2025-05-22,48.57773971557617,49.279998779296875,49.68000030517578,48.900001525878906,49.349998474121094,6378200
2025-05-23,47.99614334106445,48.689998626708984,49.16999816894531,48.310001373291016,48.369998931884766,5611900
2025-05-27,48.39044952392578,49.09000015258789,49.459999084472656,48.5,49.16999816894531,8936800
2025-05-28,47.444129943847656,48.130001068115234,49.09000015258789,48.02000045776367,49.09000015258789,8419600
2025-05-29,47.89756774902344,48.59000015258789,48.619998931884766,47.970001220703125,48.45000076293945,8400400
2025-05-30,48.903038024902344,49.61000061035156,49.939998626708984,48.290000915527344,48.459999084472656,17722800
2025-06-02,47.01039505004883,47.689998626708984,49.189998626708984,47.040000915527344,49.099998474121094,13019200
2025-06-03,48.36087417602539,49.060001373291016,49.13999938964844,47.290000915527344,47.54999923706055,12403500
2025-06-04,46.990684509277344,47.66999816894531,49.099998474121094,47.599998474121094,49.060001373291016,9889300
2025-06-05,46.57666778564453,47.25,47.849998474121094,46.81999969482422,47.5099983215332,10095800
2025-06-06,46.94255828857422,47.470001220703125,47.84000015258789,47.20000076293945,47.63999938964844,7949200
2025-06-09,47.39744567871094,47.93000030517578,48.56999969482422,47.72999954223633,47.869998931884766,6467700
2025-06-10,48.38633346557617,48.93000030517578,49.33000183105469,47.84000015258789,48.09000015258789,7942600
2025-06-11,49.31589126586914,49.869998931884766,50.400001525878906,49.27000045776367,49.33000183105469,10605800
2025-06-12,48.71266555786133,49.2599983215332,49.540000915527344,48.599998474121094,49.459999084472656,6602200
2025-06-13,48.10944747924805,48.650001525878906,49.18000030517578,48.40999984741211,48.619998931884766,8701700
2025-06-16,48.722557067871094,49.27000045776367,49.470001220703125,48.650001525878906,49.25,5884700
2025-06-17,47.743553161621094,48.279998779296875,49.25,48.25,48.869998931884766,9078700
2025-06-18,47.555667877197266,48.09000015258789,48.70000076293945,47.939998626708984,48.29999923706055,8418000
2025-06-20,47.66444778442383,48.20000076293945,48.7400016784668,47.790000915527344,48.41999816894531,22249800
2025-06-23,47.98089599609375,48.52000045776367,48.58000183105469,47.630001068115234,47.959999084472656,10626500
2025-06-24,48.455562591552734,49.0,49.369998931884766,48.849998474121094,48.959999084472656,12550400
2025-06-25,47.59522247314453,48.130001068115234,49.099998474121094,47.81999969482422,49.02000045776367,6906500
2025-06-26,48.61377716064453,49.15999984741211,49.189998626708984,47.720001220703125,48.040000915527344,10386300
2025-06-27,49.12800216674805,49.68000030517578,50.13999938964844,49.08000183105469,49.31999969482422,10695800
2025-06-30,48.6632194519043,49.209999084472656,49.619998931884766,48.93000030517578,49.58000183105469,9634700
2025-07-01,51.45188903808594,52.029998779296875,52.130001068115234,48.79999923706055,48.81999969482422,13748000
2025-07-02,52.09466552734375,52.68000030517578,52.77000045776367,51.959999084472656,52.029998779296875,9461800
2025-07-03,52.30233383178711,52.88999938964844,53.959999084472656,52.70000076293945,52.790000915527344,6612300
2025-07-07,51.244224548339844,51.81999969482422,53.27000045776367,51.40999984741211,52.279998779296875,11028600
2025-07-08,51.610111236572266,52.189998626708984,52.86000061035156,52.0,52.15999984741211,7523400
2025-07-09,51.98588943481445,52.56999969482422,52.790000915527344,52.2599983215332,52.630001068115234,5322600
2025-07-10,52.559452056884766,53.150001525878906,53.290000915527344,52.2599983215332,52.439998626708984,6397200
2025-07-11,52.796775817871094,53.38999938964844,53.560001373291016,52.560001373291016,52.81999969482422,7698200
2025-07-14,52.737449645996094,53.33000183105469,53.689998626708984,52.689998626708984,53.349998474121094,6934000
2025-07-15,52.124332427978516,52.709999084472656,53.75,52.689998626708984,53.459999084472656,7702700
2025-07-16,52.589115142822266,53.18000030517578,53.52000045776367,52.7400016784668,52.7400016784668,8242500
2025-07-17,52.6187744140625,53.209999084472656,53.88999938964844,52.88999938964844,53.29999923706055,6827000
2025-07-18,52.62866973876953,53.220001220703125,53.709999084472656,52.880001068115234,53.40999984741211,6497300
2025-07-21,52.6187744140625,53.209999084472656,54.29999923706055,53.18000030517578,53.349998474121094,13055500
2025-07-22,48.34678268432617,48.88999938964844,52.09000015258789,48.869998931884766,51.720001220703125,33792400
2025-07-23,52.539669036865234,53.130001068115234,53.27000045776367,49.869998931884766,49.900001525878906,25657000
2025-07-24,51.758445739746094,52.34000015258789,53.400001525878906,52.2400016784668,52.970001220703125,10219800
2025-07-25,52.806671142578125,53.400001525878906,53.470001220703125,52.08000183105469,52.86000061035156,6491300
2025-07-28,52.856117248535156,53.45000076293945,53.939998626708984,53.029998779296875,53.220001220703125,6954500
2025-07-29,51.531005859375,52.11000061035156,53.790000915527344,52.08000183105469,53.790000915527344,8443000
2025-07-30,51.531005859375,52.11000061035156,52.75,51.689998626708984,52.38999938964844,7854200
2025-07-31,52.74733352661133,53.34000015258789,54.709999084472656,52.459999084472656,52.56999969482422,14455100
2025-08-01,51.94633483886719,52.529998779296875,53.029998779296875,51.880001068115234,52.150001525878906,9540500
2025-08-04,52.18367385864258,52.77000045776367,53.2400016784668,52.47999954223633,52.70000076293945,7417700
2025-08-05,51.99577713012695,52.58000183105469,53.33000183105469,52.25,53.31999969482422,6913100
2025-08-06,51.887001037597656,52.470001220703125,53.130001068115234,52.09000015258789,52.72999954223633,5390500
2025-08-07,52.361671447753906,52.95000076293945,53.43000030517578,52.540000915527344,52.79999923706055,6029200
2025-08-08,52.93522644042969,53.529998779296875,53.81999969482422,53.09000015258789,53.099998474121094,4126600
2025-08-11,53.40989303588867,54.0099983215332,54.75,53.34000015258789,53.95000076293945,6690700
2025-08-12,53.5582275390625,54.15999984741211,54.75,53.95000076293945,54.31999969482422,6780600
2025-08-13,54.96244812011719,55.58000183105469,55.790000915527344,54.15999984741211,54.47999954223633,6942100
2025-08-14,55.793113708496094,56.41999816894531,56.5099983215332,54.81999969482422,55.630001068115234,6647600
2025-08-15,55.6843376159668,56.310001373291016,56.9900016784668,56.29999923706055,56.91999816894531,5597300
2025-08-18,55.60521697998047,56.22999954223633,56.54999923706055,56.09000015258789,56.130001068115234,6740600
2025-08-19,56.42599868774414,57.060001373291016,57.40999984741211,56.310001373291016,56.47999954223633,5987900
2025-08-20,56.139225006103516,56.77000045776367,57.189998626708984,56.63999938964844,56.900001525878906,7258200
2025-08-21,55.882110595703125,56.5099983215332,56.630001068115234,55.09000015258789,56.38999938964844,8192100
2025-08-22,57.72144317626953,58.369998931884766,58.779998779296875,57.0,57.04999923706055,6320200
2025-08-25,57.6324462890625,58.279998779296875,58.41999816894531,57.880001068115234,58.20000076293945,3802000
2025-08-26,58.146663665771484,58.79999923706055,58.939998626708984,58.099998474121094,58.2400016784668,7311100
2025-08-27,58.09722137451172,58.75,59.22999954223633,58.41999816894531,58.560001373291016,9848100
2025-08-28,57.840118408203125,58.4900016784668,59.0,57.7599983215332,58.9900016784668,7209300
2025-08-29,57.93899917602539,58.59000015258789,58.66999816894531,57.86000061035156,58.47999954223633,4972500
2025-09-02,57.87966537475586,58.529998779296875,58.63999938964844,56.9900016784668,57.540000915527344,5675900
2025-09-03,57.108333587646484,57.75,58.849998474121094,57.70000076293945,58.119998931884766,6762600
2025-09-04,57.50389862060547,58.150001525878906,58.2400016784668,57.47999954223633,58.0,5880100
2025-09-05,57.77157974243164,58.27000045776367,58.810001373291016,57.7599983215332,58.08000183105469,7378100
2025-09-08,57.70218276977539,58.20000076293945,58.2599983215332,57.400001525878906,58.130001068115234,6399200
2025-09-09,57.51380157470703,58.0099983215332,58.15999984741211,57.599998474121094,58.13999938964844,4616400
2025-09-10,56.84953308105469,57.34000015258789,57.880001068115234,56.61000061035156,57.880001068115234,7207400
2025-09-11,58.20781707763672,58.709999084472656,58.709999084472656,57.470001220703125,57.540000915527344,5808500
2025-09-12,57.99961471557617,58.5,60.0,58.47999954223633,59.849998474121094,12020300
2025-09-15,58.445762634277344,58.95000076293945,59.02000045776367,58.31999969482422,58.959999084472656,4773400
2025-09-16,57.95995330810547,58.459999084472656,59.38999938964844,58.15999984741211,58.97999954223633,6786900
2025-09-17,58.22764205932617,58.72999954223633,59.56999969482422,58.220001220703125,58.27000045776367,6252600
2025-09-18,58.753108978271484,59.2599983215332,59.400001525878906,58.47999954223633,58.79999923706055,5922800
2025-09-19,58.47550964355469,58.97999954223633,59.52000045776367,58.72999954223633,59.5,13159600
2025-09-22,58.37636184692383,58.880001068115234,59.18000030517578,58.459999084472656,58.779998779296875,7633800
2025-09-23,58.07892990112305,58.58000183105469,59.91999816894531,58.459999084472656,59.04999923706055,5898800
2025-09-24,59.40746307373047,59.91999816894531,60.15999984741211,59.060001373291016,60.099998474121094,10756100
2025-09-25,60.07173538208008,60.59000015258789,60.630001068115234,59.11000061035156,59.529998779296875,7740100
2025-09-26,60.7161750793457,61.2400016784668,61.97999954223633,60.459999084472656,60.650001525878906,8641400
2025-09-29,60.597198486328125,61.119998931884766,62.13999938964844,60.75,61.849998474121094,9788400
2025-09-30,60.448482513427734,60.970001220703125,62.060001373291016,60.54999923706055,61.709999084472656,6964800
2025-10-01,60.8153190612793,61.34000015258789,61.59000015258789,60.130001068115234,60.939998626708984,8094400
2025-10-02,58.85225296020508,59.36000061035156,61.5,59.209999084472656,61.47999954223633,9614600
2025-10-03,59.61567306518555,60.130001068115234,60.61000061035156,58.66999816894531,59.31999969482422,13031900
2025-10-06,57.69226837158203,58.189998626708984,59.939998626708984,58.130001068115234,59.939998626708984,8921500
2025-10-07,56.77022171020508,57.2599983215332,58.65999984741211,56.630001068115234,58.630001068115234,10702900
2025-10-08,55.91757583618164,56.400001525878906,57.70000076293945,56.2400016784668,57.33000183105469,5430000
2025-10-09,55.44167709350586,55.91999816894531,56.869998931884766,55.90999984741211,56.779998779296875,5441800
2025-10-10,54.87655258178711,55.349998474121094,56.54999923706055,55.220001220703125,56.2400016784668,5454400
2025-10-13,55.14424514770508,55.619998931884766,56.20000076293945,55.349998474121094,55.900001525878906,3993600
2025-10-14,56.66115951538086,57.150001525878906,57.25,54.33000183105469,54.5099983215332,9005000
2025-10-15,57.305599212646484,57.79999923706055,58.25,57.0099983215332,57.2599983215332,7976900
2025-10-16,56.84953308105469,57.34000015258789,58.400001525878906,56.810001373291016,57.88999938964844,6061300
2025-10-17,57.88064193725586,58.380001068115234,59.16999816894531,57.54999923706055,57.72999954223633,7956200
2025-10-20,57.50389099121094,58.0,58.560001373291016,57.68000030517578,58.540000915527344,10184600
2025-10-21,66.05015563964844,66.62000274658203,67.55000305175781,62.36000061035156,63.7599983215332,43706500
2025-10-22,66.73426055908203,67.30999755859375,67.58999633789062,65.88999938964844,67.05000305175781,18831900
2025-10-23,66.27818298339844,66.8499984741211,68.4800033569336,66.56999969482422,67.97000122070312,12647200
2025-10-24,69.06415557861328,69.66000366210938,69.69999694824219,67.29000091552734,67.45999908447266,12571000
2025-10-27,68.78655242919922,69.37999725341797,69.62999725341797,68.79000091552734,69.56999969482422,9724800
2025-10-28,69.2723617553711,69.87000274658203,70.19000244140625,68.66000366210938,69.45999908447266,13072200
2025-10-29,68.53868865966797,69.12999725341797,70.23999786376953,68.58999633789062,69.61000061035156,10575900
2025-10-30,68.08262634277344,68.66999816894531,69.77999877929688,68.38999938964844,68.66000366210938,7559500
2025-10-31,68.4990234375,69.08999633789062,69.31999969482422,68.62999725341797,68.77999877929688,6993600
2025-11-03,67.63646697998047,68.22000122070312,68.93000030517578,67.77999877929688,68.88999938964844,10252300
2025-11-04,66.29801940917969,66.87000274658203,68.12999725341797,66.75,68.0,8478200
2025-11-05,68.18177032470703,68.7699966430664,69.26000213623047,67.04000091552734,67.04000091552734,7807000
2025-11-06,68.25116729736328,68.83999633789062,69.4000015258789,68.20999908447266,68.69000244140625,6086300
2025-11-07,70.14483642578125,70.75,70.76000213623047,68.58000183105469,68.94999694824219,8408500
2025-11-10,70.44226837158203,71.05000305175781,71.33999633789062,69.87000274658203,71.0,8592700
2025-11-11,70.61080169677734,71.22000122070312,71.63999938964844,70.98999786376953,71.12000274658203,6164000
2025-11-12,71.22550201416016,71.83999633789062,72.38999938964844,70.98999786376953,71.16999816894531,9167200
2025-11-13,71.27508544921875,71.88999938964844,72.87000274658203,71.4800033569336,72.16000366210938,9004300
2025-11-14,69.91679382324219,70.5199966430664,71.7699966430664,70.44000244140625,71.36000061035156,7100900
2025-11-17,67.32913208007812,67.91000366210938,70.45999908447266,67.48999786376953,70.30999755859375,8031700
2025-11-18,67.34895324707031,67.93000030517578,68.41999816894531,67.05999755859375,67.83000183105469,6092400
2025-11-19,67.91407775878906,68.5,69.66000366210938,67.61000061035156,68.0,10557100
2025-11-20,67.45801544189453,68.04000091552734,69.88999938964844,67.77999877929688,68.94000244140625,9385200
2025-11-21,69.72843170166016,70.33000183105469,70.52999877929688,68.19000244140625,68.29000091552734,10852400
2025-11-24,70.39269256591797,71.0,71.22000122070312,70.25,70.4800033569336,13768100
2025-11-25,72.157470703125,72.77999877929688,73.11000061035156,71.1500015258789,71.1500015258789,12089700
2025-11-26,72.18721008300781,72.80999755859375,73.44999694824219,72.22000122070312,72.44000244140625,7704300
2025-11-28,72.8911361694336,73.5199966430664,73.86000061035156,72.91000366210938,72.94000244140625,3755000
2025-12-01,72.32601165771484,72.94999694824219,73.93000030517578,72.91000366210938,73.08999633789062,9826900
2025-12-02,73.02994537353516,73.66000366210938,73.83999633789062,72.08999633789062,73.1500015258789,8973700
2025-12-03,74.05113220214844,74.69000244140625,74.91999816894531,73.61000061035156,73.61000061035156,8392400
2025-12-04,74.64599609375,75.29000091552734,76.2300033569336,74.9000015258789,75.0,12659100
2025-12-05,75.55001831054688,76.05000305175781,77.0,75.0,75.08000183105469,8817800
2025-12-08,75.21224975585938,75.70999908447266,76.66999816894531,75.19999694824219,76.31999969482422,10018200
2025-12-09,76.65272521972656,77.16000366210938,77.3499984741211,75.88999938964844,76.08000183105469,7970100
2025-12-10,80.26878356933594,80.80000305175781,80.94999694824219,77.0999984741211,77.16000366210938,14421300
2025-12-11,80.31845092773438,80.8499984741211,81.22000122070312,80.30000305175781,80.33000183105469,9686800
2025-12-12,80.35819244384766,80.88999938964844,81.55000305175781,80.63999938964844,80.86000061035156,9649500
2025-12-15,81.44103240966797,81.9800033569336,82.0199966430664,80.58000183105469,80.6500015258789,14362200
2025-12-16,81.22248077392578,81.76000213623047,83.04000091552734,81.18000030517578,82.06999969482422,10732600
2025-12-17,79.9806900024414,80.51000213623047,81.48999786376953,80.38999938964844,81.18000030517578,8864300
2025-12-18,80.63634490966797,81.16999816894531,81.9800033569336,80.38999938964844,80.5,9086200
2025-12-19,81.80859375,82.3499984741211,82.69000244140625,81.08999633789062,81.08999633789062,23751000
2025-12-22,82.48411560058594,83.02999877929688,83.68000030517578,82.58000183105469,82.5999984741211,9119900
2025-12-23,82.20596313476562,82.75,83.43000030517578,82.66000366210938,82.7300033569336,4819900
2025-12-24,82.3351058959961,82.87999725341797,83.1500015258789,82.5999984741211,82.75,2370100
2025-12-26,82.51392364501953,83.05999755859375,83.08000183105469,82.55999755859375,82.80000305175781,3411600
2025-12-29,82.38477325439453,82.93000030517578,83.36000061035156,82.5,83.06999969482422,4759400
2025-12-30,81.78872680664062,82.33000183105469,83.20999908447266,82.18000030517578,83.16999816894531,3240500
2025-12-31,80.78536987304688,81.31999969482422,82.2699966430664,81.25,82.25,4483700
2026-01-02,80.4476089477539,80.9800033569336,81.48999786376953,79.55999755859375,81.41000366210938,7468900
2026-01-05,82.60333251953125,83.1500015258789,83.37999725341797,79.97000122070312,80.54000091552734,10468400
2026-01-06,81.63971710205078,82.18000030517578,82.80000305175781,81.18000030517578,82.69999694824219,7972900
2026-01-07,81.37149047851562,81.91000366210938,82.69999694824219,81.58999633789062,82.0999984741211,6362000
2026-01-08,84.5703125,85.12999725341797,85.18000030517578,82.43000030517578,82.80000305175781,11643400
2026-01-09,82.32518005371094,82.87000274658203,84.41000366210938,81.0,83.51000213623047,12142900
2026-01-12,82.35498809814453,82.9000015258789,82.9000015258789,81.05999755859375,82.19999694824219,7376400
2026-01-13,82.69274139404297,83.23999786376953,83.86000061035156,82.62000274658203,82.97000122070312,6022800
2026-01-14,80.69596099853516,81.2300033569336,83.69000244140625,80.94999694824219,83.0,7550000
2026-01-15,80.37806701660156,80.91000366210938,82.16000366210938,80.62000274658203,81.87000274658203,6416800
2026-01-16,80.28865814208984,80.81999969482422,81.63999938964844,80.2300033569336,81.0,9838700
2026-01-20,77.2984390258789,77.80999755859375,79.98999786376953,77.3499984741211,79.75,12071700
2026-01-21,80.39793395996094,80.93000030517578,81.26000213623047,79.02999877929688,79.26000213623047,8215400
2026-01-22,80.60655212402344,81.13999938964844,82.27999877929688,80.76000213623047,81.20999908447266,6789300
2026-01-23,79.1561508178711,79.68000030517578,80.75,79.2300033569336,80.66999816894531,6865600
2026-01-26,78.90779113769531,79.43000030517578,80.62000274658203,79.16999816894531,79.25,10939200
2026-01-27,85.81209564208984,86.37999725341797,87.30999755859375,82.41000366210938,83.62999725341797,23632000
2026-01-28,84.34183502197266,84.9000015258789,86.06999969482422,84.43000030517578,86.06999969482422,10072700
2026-01-29,85.69288635253906,86.26000213623047,86.62000274658203,85.13999938964844,86.19000244140625,9696200
2026-01-30,83.44774627685547,84.0,86.43000030517578,83.41000366210938,86.01000213623047,7767200
2026-02-02,83.71597290039062,84.2699966430664,84.52999877929688,83.0999984741211,84.25,6948400
2026-02-03,85.1465072631836,85.70999908447266,86.62999725341797,84.87999725341797,85.47000122070312,6903000
2026-02-04,85.72269439697266,86.29000091552734,87.62000274658203,85.31999969482422,86.16000366210938,8838900
2026-02-05,82.75235748291016,83.30000305175781,85.70999908447266,83.2699966430664,85.1500015258789,9142700
2026-02-06,83.68617248535156,84.23999786376953,84.69999694824219,82.63999938964844,83.54000091552734,8052700
2026-02-09,80.14957427978516,80.68000030517578,82.4000015258789,80.58000183105469,82.2699966430664,9766800
2026-02-10,79.74226379394531,80.2699966430664,81.5,79.44999694824219,81.05000305175781,7425800
2026-02-11,79.29522705078125,79.81999969482422,82.0,79.08000183105469,80.48999786376953,9654400
2026-02-12,79.40450286865234,79.93000030517578,82.16999816894531,79.5999984741211,80.20999908447266,6863400
2026-02-13,80.54694366455078,81.08000183105469,81.51000213623047,80.05000305175781,80.48999786376953,6314100
2026-02-17,80.68602752685547,81.22000122070312,81.37999725341797,79.5999984741211,80.94000244140625,7953300
2026-02-18,83.11991119384766,83.66999816894531,83.93000030517578,81.69999694824219,81.94999694824219,8426900
2026-02-19,80.93437194824219,81.47000122070312,83.5,81.0199966430664,83.25,6062600
2026-02-20,80.97412109375,81.51000213623047,82.02999877929688,80.5999984741211,81.19999694824219,8602300
2026-02-23,79.13628387451172,79.66000366210938,81.52999877929688,78.44000244140625,81.06999969482422,7490500
2026-02-24,80.75556182861328,81.29000091552734,82.58999633789062,79.75,80.01000213623047,5814200
2026-02-25,81.8880615234375,82.43000030517578,83.05999755859375,81.37000274658203,81.44000244140625,9309300
2026-02-26,80.25885009765625,80.79000091552734,82.91999816894531,80.01000213623047,82.4000015258789,6403700
2026-02-27,78.19252014160156,78.70999908447266,80.08000183105469,77.83000183105469,79.98999786376953,13351400
2026-03-02,77.248779296875,77.76000213623047,77.76000213623047,75.04000091552734,77.36000061035156,8948700
2026-03-03,76.76199340820312,77.2699966430664,77.44000244140625,74.19000244140625,75.41999816894531,9271800
2026-03-04,78.08324432373047,78.5999984741211,79.33999633789062,78.04000091552734,78.22000122070312,8510600
2026-03-05,75.69902801513672,76.19999694824219,78.16999816894531,75.06999969482422,78.0,8641900
2026-03-06,74.89244842529297,75.20999908447266,75.22000122070312,73.3499984741211,74.73999786376953,8190700
2026-03-09,74.37464141845703,74.69000244140625,74.69999694824219,71.91999816894531,73.4000015258789,8829600
2026-03-10,74.6136245727539,74.93000030517578,77.19999694824219,74.83999633789062,74.83999633789062,8915600
2026-03-11,74.4742202758789,74.79000091552734,76.58000183105469,74.37000274658203,75.45999908447266,5636100
2026-03-12,73.13987731933594,73.44999694824219,74.0199966430664,73.0999984741211,73.23999786376953,7341000
2026-03-13,72.08435821533203,72.38999938964844,73.94000244140625,72.08999633789062,73.58999633789062,7229700
2026-03-16,72.64198303222656,72.94999694824219,73.8499984741211,72.43000030517578,73.31999969482422,7471500
2026-03-17,73.72738647460938,74.04000091552734,74.56999969482422,73.55000305175781,73.58999633789062,4689900
2026-03-18,73.21953582763672,73.52999877929688,74.80999755859375,73.41999816894531,73.52999877929688,6000500
2026-03-19,73.47844696044922,73.79000091552734,74.4000015258789,72.5,72.5,9495200
2026-03-20,72.50257873535156,72.80999755859375,73.9000015258789,72.0999984741211,73.5199966430664,17760000
2026-03-23,75.40029907226562,75.72000122070312,76.8499984741211,74.5999984741211,74.75,7694800
2026-03-24,76.2467041015625,76.56999969482422,76.87000274658203,74.7699966430664,74.9800033569336,7122200
2026-03-25,76.28653717041016,76.61000061035156,78.29000091552734,76.38999938964844,77.9000015258789,7190700
2026-03-26,75.28079986572266,75.5999984741211,77.16999816894531,74.91000366210938,75.97000122070312,8470900
2026-03-27,72.67186737060547,72.9800033569336,75.26000213623047,72.68000030517578,75.20999908447266,7563200
2026-03-30,72.45278930664062,72.76000213623047,74.2300033569336,72.41999816894531,73.70999908447266,7192300
2026-03-31,74.1854476928711,74.5,75.08999633789062,73.41000366210938,74.05000305175781,5778200
2026-04-01,74.7231674194336,75.04000091552734,75.87000274658203,74.72000122070312,75.19999694824219,5147700
2026-04-02,72.23371887207031,72.54000091552734,73.68000030517578,71.66999816894531,73.33999633789062,8182800
2026-04-06,73.11996459960938,73.43000030517578,73.62999725341797,72.1500015258789,72.5199966430664,5065000
2026-04-07,72.45278930664062,72.76000213623047,73.18000030517578,71.5999984741211,72.9800033569336,5904600
2026-04-08,76.41598510742188,76.73999786376953,77.05999755859375,75.72000122070312,76.0199966430664,7248800
2026-04-09,76.40603637695312,76.7300033569336,77.30999755859375,75.37999725341797,75.58999633789062,6674900
2026-04-10,76.09733581542969,76.41999816894531,77.47000122070312,76.13999938964844,77.11000061035156,4069500
2026-04-13,76.50560760498047,76.83000183105469,76.86000061035156,75.1500015258789,75.61000061035156,3970200
2026-04-14,79.12450408935547,79.45999908447266,79.86000061035156,78.0999984741211,78.62999725341797,5859600
2026-04-15,77.45159912109375,77.77999877929688,79.54000091552734,77.76000213623047,79.54000091552734,6475600
2026-04-16,77.72045135498047,78.05000305175781,78.3499984741211,77.01000213623047,77.58999633789062,5615100
2026-04-17,80.97664642333984,81.31999969482422,82.66999816894531,79.4000015258789,79.4000015258789,7298200
2026-04-20,80.19994354248047,80.54000091552734,81.16000366210938,80.33000183105469,80.86000061035156,3958700
2026-04-21,78.71623992919922,79.05000305175781,81.19999694824219,79.0,80.44000244140625,5355900
2026-04-22,78.66644287109375,79.0,79.80000305175781,78.62999725341797,79.58999633789062,3170200
2026-04-23,78.18846893310547,78.5199966430664,79.0999984741211,77.16000366210938,78.94000244140625,4741500
2026-04-24,77.72045135498047,78.05000305175781,78.5199966430664,76.91999816894531,78.2300033569336,6123400
2026-04-27,77.6308364868164,77.95999908447266,78.83000183105469,76.61000061035156,76.61000061035156,8322700
2026-04-28,78.61665344238281,78.94999694824219,79.4000015258789,74.77999877929688,78.0199966430664,15041700
2026-04-29,76.29649353027344,76.62000274658203,78.30999755859375,75.37999725341797,78.19999694824219,9250200
2026-04-30,76.56535339355469,76.88999938964844,78.08000183105469,76.51000213623047,77.12000274658203,11020300
2026-05-01,75.45008087158203,75.7699966430664,77.5,75.5199966430664,77.12000274658203,7161900
2026-05-04,75.38037109375,75.69999694824219,77.01000213623047,75.20999908447266,75.91000366210938,7765400
2026-05-05,75.82847595214844,76.1500015258789,77.16000366210938,76.0199966430664,76.2699966430664,5115800
2026-05-06,78.36771392822266,78.69999694824219,79.44999694824219,77.83000183105469,78.19999694824219,5434800
2026-05-07,78.07894134521484,78.41000366210938,79.37000274658203,78.16999816894531,78.81999969482422,6735000
2026-05-08,78.46729278564453,78.80000305175781,79.33000183105469,78.06999969482422,79.12999725341797,2950300
2026-05-11,74.97210693359375,75.29000091552734,79.0,75.11000061035156,78.80000305175781,6366900
2026-05-12,76.11725616455078,76.44000244140625,76.88999938964844,74.95999908447266,75.4000015258789,5272400
2026-05-13,75.48990631103516,75.80999755859375,77.66000366210938,75.44999694824219,76.22000122070312,8101600
2026-05-14,77.42172241210938,77.75,79.2699966430664,75.87999725341797,75.87999725341797,8035000
2026-05-15,74.5439224243164,74.86000061035156,77.16000366210938,74.80000305175781,76.5999984741211,8477500
2026-05-18,72.79135131835938,73.0999984741211,74.9800033569336,73.08999633789062,74.81999969482422,5651700
2026-05-19,72.3233413696289,72.62999725341797,72.87999725341797,70.43000030517578,72.23999786376953,6995600
2026-05-20,75.81851959228516,76.13999938964844,76.16000366210938,73.19999694824219,73.38999938964844,8069100
2026-05-21,76.88400268554688,77.20999908447266,77.37000274658203,75.0,75.37999725341797,6362600
2026-05-22,78.45732879638672,78.79000091552734,79.8499984741211,77.69000244140625,78.0,6440900
2026-05-26,79.45310974121094,79.79000091552734,80.16999816894531,78.66999816894531,79.30000305175781,5021700
2026-05-27,83.76483154296875,84.12000274658203,84.5199966430664,80.6500015258789,80.6500015258789,10368600
2026-05-28,83.99385070800781,84.3499984741211,85.19000244140625,83.37999725341797,83.5999984741211,7658000
2026-05-29,82.88854217529297,83.23999786376953,85.01000213623047,81.22000122070312,84.80000305175781,15552600
2026-06-01,82.3309097290039,82.68000030517578,83.44000244140625,80.44999694824219,83.43000030517578,7510600
2026-06-02,81.38491821289062,81.7300033569336,84.20999908447266,81.0199966430664,82.88999938964844,10550800
2026-06-03,81.35504150390625,81.69999694824219,84.12000274658203,80.33999633789062,80.70999908447266,9719500
2026-06-04,82.8686294555664,83.22000122070312,83.63999938964844,81.63999938964844,82.05999755859375,6859300
2026-06-05,81.94054412841797,82.11000061035156,83.0999984741211,81.4000015258789,81.97000122070312,7371600
2026-06-08,83.59711456298828,83.7699966430664,84.16999816894531,81.51000213623047,81.66999816894531,8935300
2026-06-09,83.58714294433594,83.76000213623047,85.0999984741211,81.66000366210938,84.55000305175781,8987000
2026-06-10,79.23613739013672,79.4000015258789,83.79000091552734,79.0,83.51000213623047,11366200
2026-06-11,80.68314361572266,80.8499984741211,81.08999633789062,79.08999633789062,80.04000091552734,6020800
2026-06-12,81.33180236816406,81.5,82.12999725341797,80.5,81.72000122070312,4953800
2026-06-15,83.89649963378906,84.06999969482422,84.95999908447266,82.63999938964844,82.63999938964844,7893300
2026-06-16,82.3397216796875,82.51000213623047,85.41000366210938,82.22000122070312,84.6500015258789,7894200
2026-06-17,79.415771484375,79.58000183105469,83.18000030517578,79.16000366210938,82.5,11406000
2026-06-18,79.1263656616211,79.29000091552734,80.94999694824219,78.94000244140625,80.61000061035156,18900900
2026-06-22,80.2640151977539,80.43000030517578,83.31999969482422,80.06999969482422,80.80000305175781,10845600
2026-06-23,78.78706359863281,78.94999694824219,80.20999908447266,78.5999984741211,79.19000244140625,7860800
2026-06-24,78.78706359863281,78.94999694824219,80.56999969482422,78.94000244140625,79.12999725341797,9359000
2026-06-25,78.36793518066406,78.52999877929688,80.43000030517578,78.38999938964844,79.0999984741211,8450200
2026-06-26,77.9388198852539,78.0999984741211,79.5,77.80999755859375,78.38999938964844,12592000
2026-06-29,77.18038940429688,77.33999633789062,78.45999908447266,77.05999755859375,78.25,7111000
2026-06-30,76.92092895507812,77.08000183105469,77.26000213623047,75.9000015258789,77.26000213623047,7845300
2026-07-01,75.36414337158203,75.5199966430664,77.5199966430664,75.19999694824219,76.98999786376953,7662000
2026-07-02,75.84315490722656,76.0,77.19999694824219,74.22000122070312,76.88999938964844,6018600
2026-07-06,77.68933868408203,77.8499984741211,78.06999969482422,76.12000274658203,76.52999877929688,9015700
2026-07-07,75.87309265136719,76.02999877929688,77.72000122070312,75.63999938964844,77.72000122070312,7825500
2026-07-08,76.08265686035156,76.23999786376953,76.30999755859375,74.58000183105469,75.22000122070312,5273500
2026-07-09,76.49181365966797,76.6500015258789,76.9000015258789,75.44999694824219,76.37000274658203,4201900
2026-07-10,77.68933868408203,77.8499984741211,78.66999816894531,76.87999725341797,76.88999938964844,4783500
2026-07-13,76.5616683959961,76.72000122070312,78.5,76.43000030517578,78.05000305175781,3253700
2026-07-14,76.71136474609375,76.87000274658203,77.33999633789062,75.95999908447266,76.77999877929688,4962900
2026-07-15,77.47976684570312,77.63999938964844,78.16000366210938,76.79000091552734,77.23999786376953,6293200
2026-07-16,77.55960845947266,77.72000122070312,77.97000122070312,76.62000274658203,77.5,5396800
2026-07-17,75.91300964355469,76.06999969482422,77.94000244140625,75.98999786376953,77.13999938964844,5828100
2026-07-20,75.64356994628906,75.80000305175781,77.19000244140625,75.36000061035156,76.98999786376953,8809200
2026-07-21,79.35588836669922,79.5199966430664,80.0999984741211,74.80000305175781,76.08999633789062,11919800
2026-07-22,81.96050262451172,82.12999725341797,84.33000183105469,80.04000091552734,80.5,13059500
2026-07-23,80.5035171508789,80.66999816894531,81.73999786376953,79.0,81.36000061035156,9512900
2026-07-24,82.46945190429688,82.63999938964844,83.76000213623047,80.43000030517578,80.54000091552734,5605600
2026-07-27,86.8603744506836,87.04000091552734,87.08000183105469,84.0999984741211,85.0,9870000
2026-07-28,90.1136474609375,90.30000305175781,91.1500015258789,87.20999908447266,87.61000061035156,13382300
2026-07-29,89.21549987792969,89.4000015258789,91.8499984741211,89.11000061035156,90.69999694824219,7981500
2026-07-30,88.21756744384766,88.4000015258789,89.7699966430664,86.61000061035156,89.73999786376953,6229000
2026-07-31,88.6766128540039,88.86000061035156,89.11000061035156,87.04000091552734,88.8499984741211,6678000
2026-08-03,87.49905395507812,87.68000030517578,90.30000305175781,87.29000091552734,89.51000213623047,4813400
2026-08-04,88.12774658203125,88.30999755859375,88.58999633789062,86.02999877929688,87.41000366210938,5329800
2026-08-05,88.97599792480469,89.16000366210938,89.9800033569336,88.26000213623047,88.45999908447266,6860200
2026-08-06,86.76058197021484,86.94000244140625,89.30000305175781,86.5,89.16000366210938,5431300
2026-08-07,87.39926147460938,87.58000183105469,87.87999725341797,86.33000183105469,86.88999938964844,4024000
2026-08-10,87.77847290039062,87.95999908447266,88.80999755859375,86.37999725341797,87.41999816894531,3446600
2026-08-11,89.16560363769531,89.3499984741211,89.73999786376953,87.87999725341797,88.12999725341797,4792100
2026-08-12,86.58094787597656,86.76000213623047,89.12000274658203,86.72000122070312,89.12000274658203,4832300
2026-08-13,86.21171569824219,86.38999938964844,87.3499984741211,86.2300033569336,86.8499984741211,3541900
2026-08-14,86.59092712402344,86.7699966430664,87.18000030517578,86.1500015258789,86.81999969482422,3493600
2026-08-17,84.19588470458984,84.37000274658203,86.48999786376953,84.33999633789062,86.25,4734800
2026-08-18,83.53723907470703,83.70999908447266,84.86000061035156,83.58999633789062,84.86000061035156,3725300
2026-08-19,84.78466033935547,84.95999908447266,86.0999984741211,84.12000274658203,84.4800033569336,4730100
2026-08-20,85.97220611572266,86.1500015258789,86.44000244140625,83.7300033569336,84.19999694824219,4918500
2026-08-21,87.74853515625,87.93000030517578,88.36000061035156,85.79000091552734,85.79000091552734,5270500
2026-08-24,86.80049896240234,86.9800033569336,88.2699966430664,85.70999908447266,87.94000244140625,4746600
2026-08-25,85.63290405273438,85.80999755859375,87.0999984741211,85.63999938964844,87.01000213623047,4852000
2026-08-26,86.15184020996094,86.33000183105469,86.55999755859375,84.91999816894531,85.9800033569336,5397500
2026-08-27,86.00214385986328,86.18000030517578,87.08999633789062,85.87999725341797,85.87999725341797,7592500
2026-08-28,86.09195709228516,86.2699966430664,88.2699966430664,85.63999938964844,87.62999725341797,7348400
2026-08-31,86.14185333251953,86.31999969482422,87.19000244140625,86.01000213623047,86.27999877929688,8256300
2026-09-01,85.45327758789062,85.62999725341797,87.19000244140625,85.22000122070312,86.31999969482422,5360000
2026-09-02,84.69485473632812,84.87000274658203,86.63999938964844,83.94999694824219,85.63999938964844,5887800
2026-09-03,87.04000091552734,87.22000122070312,87.37999725341797,85.12000274658203,85.7300033569336,5215900
2026-09-04,87.76000213623047,87.76000213623047,87.76000213623047,85.69000244140625,86.41000366210938,5440300
2026-09-08,85.79000091552734,85.79000091552734,87.8499984741211,85.30999755859375,87.37999725341797,6236200
2026-09-09,83.76000213623047,83.76000213623047,86.30000305175781,83.76000213623047,85.22000122070312,7775700
2026-09-10,85.04000091552734,85.04000091552734,85.27999877929688,82.85820007324219,83.80000305175781,2019709
