Price,Adj Close,Close,High,Low,Open,Volume
Ticker,GS,GS,GS,GS,GS,GS
Date,,,,,,
2021-09-10,357.4339599609375,403.4800109863281,409.7900085449219,403.1600036621094,408.0,1956000
2021-09-13,362.5543518066406,409.260009765625,409.3699951171875,403.79998779296875,407.4100036621094,1802800
2021-09-14,357.6199951171875,403.69000244140625,417.010009765625,402.7799987792969,410.29998779296875,3263200
2021-09-15,356.07855224609375,401.95001220703125,403.6099853515625,396.2099914550781,398.0,3199800
2021-09-16,351.40997314453125,396.67999267578125,405.9800109863281,394.8900146484375,404.5199890136719,2882900
2021-09-17,346.78570556640625,391.4599914550781,399.1600036621094,388.8299865722656,396.32000732421875,3843700
2021-09-20,334.9769592285156,378.1300048828125,380.8599853515625,372.5,377.82000732421875,3834500
2021-09-21,332.9482727050781,375.8399963378906,381.5,374.0799865722656,380.8500061035156,2377300
2021-09-22,341.47930908203125,385.4700012207031,389.2900085449219,379.7099914550781,380.79998779296875,2991300
2021-09-23,347.1400451660156,391.8599853515625,393.739990234375,388.17999267578125,390.3900146484375,2518000
2021-09-24,346.245361328125,390.8500061035156,392.489990234375,388.6000061035156,390.4700012207031,1789700
2021-09-27,354.1828308105469,399.80999755859375,401.0,395.17999267578125,396.5799865722656,2788500
2021-09-28,345.0494079589844,389.5,404.2099914550781,388.3900146484375,400.45001220703125,2609000
2021-09-29,340.9654846191406,384.8900146484375,392.3900146484375,384.29998779296875,390.67999267578125,1955000
2021-09-30,334.8883361816406,378.0299987792969,388.0199890136719,376.6199951171875,388.0,2665700
2021-10-01,336.6335754394531,380.0,382.7200012207031,375.8500061035156,379.44000244140625,2382300
2021-10-04,331.451171875,374.1499938964844,386.8699951171875,372.82000732421875,380.2099914550781,2895600
2021-10-05,341.780517578125,385.80999755859375,388.2200012207031,375.5,378.1000061035156,2508100
2021-10-06,343.76483154296875,388.04998779296875,389.54998779296875,378.6600036621094,382.3800048828125,2111800
2021-10-07,346.0415344238281,390.6199951171875,397.8500061035156,389.760009765625,392.9100036621094,2348000
2021-10-08,347.98162841796875,392.80999755859375,394.30999755859375,388.17999267578125,390.8299865722656,1446700
2021-10-11,341.2754821777344,385.239990234375,396.95001220703125,385.0199890136719,392.8999938964844,1787400
2021-10-12,342.4183654785156,386.5299987792969,388.5899963378906,381.0199890136719,386.2200012207031,2088200
2021-10-13,342.2234802246094,386.30999755859375,388.3800048828125,378.6300048828125,388.0,2391600
2021-10-14,346.555419921875,391.20001220703125,393.6600036621094,382.20001220703125,392.0,3380900
2021-10-15,359.7283630371094,406.07000732421875,407.2699890136719,396.3399963378906,402.30999755859375,6451400
2021-10-18,366.4787902832031,413.69000244140625,415.94000244140625,407.6000061035156,408.010009765625,3832300
2021-10-19,365.1234130859375,412.1600036621094,415.8500061035156,409.69000244140625,415.17999267578125,2568300
2021-10-20,361.3407287597656,407.8900146484375,414.3299865722656,406.20001220703125,411.0,2453400
2021-10-21,361.07489013671875,407.5899963378906,412.6600036621094,404.6199951171875,406.79998779296875,2162100
2021-10-22,367.036865234375,414.32000732421875,415.3599853515625,409.1000061035156,409.989990234375,2411000
2021-10-25,367.4178161621094,414.75,419.489990234375,413.2699890136719,416.2099914550781,1824700
2021-10-26,369.95147705078125,417.6099853515625,419.80999755859375,413.760009765625,416.3699951171875,1843300
2021-10-27,364.0869140625,410.989990234375,418.05999755859375,410.54998779296875,416.54998779296875,2067200
2021-10-28,367.4799499511719,414.82000732421875,414.9200134277344,409.05999755859375,412.0,1444700
2021-10-29,366.1775817871094,413.3500061035156,415.9599914550781,411.17999267578125,414.0199890136719,2061700
2021-11-01,369.14520263671875,416.70001220703125,418.7300109863281,413.25,417.07000732421875,1820800
2021-11-02,375.4793395996094,423.8500061035156,426.1600036621094,412.7900085449219,415.1000061035156,3000800
2021-11-03,370.20831298828125,417.8999938964844,424.0,412.55999755859375,423.1199951171875,3542400
2021-11-04,361.5001525878906,408.07000732421875,415.989990234375,403.0299987792969,414.6499938964844,3802300
2021-11-05,360.62310791015625,407.0799865722656,414.45001220703125,406.1000061035156,411.3999938964844,2105600
2021-11-08,361.7392883300781,408.3399963378906,413.6499938964844,407.9599914550781,409.8900146484375,1728400
2021-11-09,359.090576171875,405.3500061035156,407.5799865722656,400.05999755859375,406.1099853515625,2246900
2021-11-10,353.5715026855469,399.1199951171875,405.54998779296875,397.25,402.3299865722656,2243900
2021-11-11,356.42413330078125,402.3399963378906,403.760009765625,398.510009765625,400.1400146484375,1252400
2021-11-12,358.7007751464844,404.9100036621094,405.1000061035156,399.20001220703125,403.0,1360100
2021-11-15,358.6121520996094,404.80999755859375,407.3399963378906,403.9100036621094,406.0,1436500
2021-11-16,357.0884094238281,403.0899963378906,405.8399963378906,399.0,403.9100036621094,1311000
2021-11-17,346.86541748046875,391.54998779296875,402.6499938964844,391.4700012207031,401.8500061035156,2927000
2021-11-18,346.70599365234375,391.3699951171875,393.9200134277344,385.67999267578125,392.29998779296875,1847400
2021-11-19,343.18023681640625,387.3900146484375,390.239990234375,381.0400085449219,382.3800048828125,2610400
2021-11-22,350.9493713378906,396.1600036621094,402.489990234375,390.17999267578125,393.1600036621094,3058700
2021-11-23,359.9675598144531,406.3399963378906,406.9599914550781,397.510009765625,400.25,2402300
2021-11-24,353.633544921875,399.19000244140625,407.4800109863281,398.29998779296875,405.0,2186300
2021-11-26,344.9519958496094,389.3900146484375,391.7099914550781,382.7200012207031,384.4800109863281,2687900
2021-11-29,342.42718505859375,386.5400085449219,396.3699951171875,382.45001220703125,394.0,2883400
2021-11-30,337.51055908203125,380.989990234375,386.8299865722656,377.260009765625,383.5299987792969,4570400
2021-12-01,335.2752990722656,376.4800109863281,390.1600036621094,376.2099914550781,383.82000732421875,2476000
2021-12-02,345.1247863769531,387.5400085449219,389.0899963378906,376.0299987792969,378.0,3343700
2021-12-03,340.8412170410156,382.7300109863281,389.8800048828125,379.0299987792969,389.8800048828125,2807500
2021-12-06,346.6921691894531,389.29998779296875,393.6000061035156,383.489990234375,388.6700134277344,1990200
2021-12-07,356.31903076171875,400.1099853515625,401.75,393.05999755859375,393.5799865722656,2441000
2021-12-08,353.83441162109375,397.32000732421875,401.7099914550781,395.1400146484375,401.2300109863281,1635200
2021-12-09,353.0951843261719,396.489990234375,400.19000244140625,393.0,395.70001220703125,2111500
2021-12-10,348.2594909667969,391.05999755859375,398.8599853515625,388.6600036621094,398.0,1893800
2021-12-13,342.5422058105469,384.6400146484375,391.19000244140625,382.6600036621094,391.19000244140625,2313300
2021-12-14,346.2647705078125,388.82000732421875,392.5,383.260009765625,383.55999755859375,2788500
2021-12-15,347.23541259765625,389.9100036621094,391.3999938964844,380.6000061035156,389.5,2802300
2021-12-16,353.8789367675781,397.3699951171875,399.8399963378906,391.79998779296875,395.1300048828125,3578200
2021-12-17,340.0130310058594,381.79998779296875,393.6700134277344,380.6300048828125,389.2099914550781,7058600
2021-12-20,330.93829345703125,371.6099853515625,375.6300048828125,366.6499938964844,375.5199890136719,3735600
2021-12-21,338.69500732421875,380.32000732421875,382.0899963378906,374.760009765625,376.42999267578125,2942800
2021-12-22,340.4850158691406,382.3299865722656,384.010009765625,379.2699890136719,380.4200134277344,1487900
2021-12-23,342.8984375,385.0400085449219,387.6099853515625,383.57000732421875,383.7900085449219,1624000
2021-12-27,345.5700988769531,388.0400085449219,389.1099853515625,385.0,386.989990234375,1430400
2021-12-28,345.1871337890625,387.6099853515625,391.3299865722656,386.239990234375,388.92999267578125,1528200
2021-12-29,343.9313659667969,386.20001220703125,389.4599914550781,384.4200134277344,387.9700012207031,1327800
2021-12-30,343.3258972167969,385.5199890136719,389.7799987792969,385.20001220703125,387.75,1160100
2021-12-31,340.6809387207031,382.54998779296875,387.0,380.8399963378906,385.0,1601300
2022-01-03,352.062255859375,395.3299865722656,399.29998779296875,387.3399963378906,389.0,3334300
2022-01-04,362.8824157714844,407.4800109863281,410.2799987792969,401.17999267578125,402.2300109863281,3916400
2022-01-05,355.0010681152344,398.6300048828125,412.6600036621094,397.8900146484375,409.79998779296875,3469600
2022-01-06,353.487060546875,396.92999267578125,401.20001220703125,386.42999267578125,401.0,2960900
2022-01-07,354.0036315917969,397.510009765625,400.54998779296875,394.5299987792969,397.6700134277344,2360700
2022-01-10,355.48199462890625,399.1700134277344,404.3699951171875,394.2200012207031,401.32000732421875,3009400
2022-01-11,358.93719482421875,403.04998779296875,403.3399963378906,396.30999755859375,400.25,1748800
2022-01-12,347.591552734375,390.30999755859375,404.1199951171875,388.55999755859375,403.239990234375,4158000
2022-01-13,348.0279846191406,390.79998779296875,396.8699951171875,389.75,394.04998779296875,2497800
2022-01-14,339.24713134765625,380.94000244140625,384.3900146484375,375.0,382.1300048828125,4685300
2022-01-18,315.6118469238281,354.3999938964844,361.57000732421875,347.2300109863281,360.0400085449219,13123500
2022-01-19,309.3067626953125,347.32000732421875,359.7099914550781,346.3900146484375,358.3399963378906,7426100
2022-01-20,310.00140380859375,348.1000061035156,357.17999267578125,346.1400146484375,348.8999938964844,4599900
2022-01-21,306.2699890136719,343.9100036621094,348.989990234375,340.7200012207031,345.5400085449219,4904100
2022-01-24,305.80694580078125,343.3900146484375,344.07000732421875,326.2300109863281,337.32000732421875,6569800
2022-01-25,304.1683044433594,341.54998779296875,342.92999267578125,330.9100036621094,337.8599853515625,3959300
2022-01-26,305.17462158203125,342.67999267578125,350.4800109863281,338.4100036621094,346.6000061035156,3745900
2022-01-27,303.7052307128906,341.0299987792969,348.7699890136719,337.7200012207031,345.6700134277344,2573400
2022-01-28,309.0306701660156,347.010009765625,347.1499938964844,333.45001220703125,337.7300109863281,3714600
2022-01-31,315.8612365722656,354.67999267578125,355.2099914550781,343.44000244140625,344.6000061035156,3312400
2022-02-01,324.2146301269531,364.05999755859375,364.5400085449219,354.04998779296875,356.1300048828125,3303700
2022-02-02,323.32403564453125,363.05999755859375,368.5299987792969,357.8299865722656,363.5,2742400
2022-02-03,319.6015319824219,358.8800048828125,365.760009765625,358.1600036621094,362.82000732421875,2372900
2022-02-04,327.36724853515625,367.6000061035156,370.95001220703125,361.0199890136719,362.1700134277344,3762300
2022-02-07,327.8569641113281,368.1499938964844,371.4700012207031,363.3500061035156,365.489990234375,2635600
2022-02-08,329.59356689453125,370.1000061035156,372.6499938964844,366.25,371.0799865722656,3422300
2022-02-09,333.5386657714844,374.5299987792969,376.2799987792969,370.8999938964844,373.0,2250400
2022-02-10,330.01214599609375,370.57000732421875,377.3999938964844,368.8299865722656,371.7099914550781,2406200
2022-02-11,323.32403564453125,363.05999755859375,374.8999938964844,360.7699890136719,368.54998779296875,3142100
2022-02-14,320.812744140625,360.239990234375,364.2900085449219,357.17999267578125,363.05999755859375,2585600
2022-02-15,324.107666015625,363.94000244140625,365.8900146484375,361.3599853515625,364.0899963378906,1846400
2022-02-16,320.6435546875,360.04998779296875,363.0199890136719,356.5299987792969,361.3500061035156,2165300
2022-02-17,310.8562927246094,349.05999755859375,360.9599914550781,347.8399963378906,358.7799987792969,3102400
2022-02-18,308.1668701171875,346.0400085449219,350.0,343.3699951171875,345.57000732421875,2910900
2022-02-22,306.5905456542969,344.2699890136719,349.0,341.20001220703125,342.4599914550781,2590800
2022-02-23,303.8476867675781,341.19000244140625,349.260009765625,339.82000732421875,347.57000732421875,2217300
2022-02-24,302.9570617675781,340.19000244140625,341.0,326.95001220703125,328.57000732421875,4564000
2022-02-25,311.80035400390625,350.1199951171875,350.70001220703125,340.19000244140625,340.19000244140625,2980500
2022-02-28,303.936767578125,341.2900085449219,343.8399963378906,337.54998779296875,340.25,4245700
2022-03-01,294.0022277832031,328.20001220703125,338.1600036621094,327.0199890136719,337.3999938964844,5631500
2022-03-02,301.3299560546875,336.3800048828125,338.0,327.3999938964844,331.6000061035156,3469900
2022-03-03,298.6784362792969,333.4200134277344,341.5,330.1300048828125,338.8699951171875,2393700
2022-03-04,295.3191223144531,329.6700134277344,330.6600036621094,324.0,327.0,3293100
2022-03-07,288.3497314453125,321.8900146484375,327.7900085449219,320.8500061035156,326.82000732421875,3689900
2022-03-08,287.8840026855469,321.3699951171875,330.55999755859375,318.54998779296875,322.5,3596400
2022-03-09,298.83062744140625,333.5899963378906,337.4700012207031,330.0299987792969,331.67999267578125,3202100
2022-03-10,295.525146484375,329.8999938964844,331.8399963378906,324.760009765625,327.6300048828125,2232600
2022-03-11,292.9273376464844,327.0,336.6099853515625,326.7099914550781,334.3699951171875,2613500
2022-03-14,291.1178283691406,324.9800109863281,331.6199951171875,322.8999938964844,329.2099914550781,2342200
2022-03-15,294.8622131347656,329.1600036621094,331.8999938964844,324.8399963378906,327.07000732421875,2140700
2022-03-16,305.25360107421875,340.760009765625,341.3299865722656,334.260009765625,335.07000732421875,3468500
2022-03-17,307.5020446777344,343.2699890136719,343.6000061035156,334.8999938964844,337.3699951171875,2403500
2022-03-18,309.3921203613281,345.3800048828125,346.7699890136719,337.29998779296875,338.8699951171875,5861900
2022-03-21,303.6769714355469,339.0,346.29998779296875,337.1499938964844,345.260009765625,3401200
2022-03-22,307.2691345214844,343.010009765625,346.239990234375,340.1199951171875,342.20001220703125,2840200
2022-03-23,300.6401672363281,335.6099853515625,340.8299865722656,335.1300048828125,340.0,2196800
2022-03-24,301.195556640625,336.2300109863281,337.5,334.29998779296875,336.44000244140625,1944100
2022-03-25,302.3243103027344,337.489990234375,341.8299865722656,335.4800109863281,337.42999267578125,1580800
2022-03-28,300.3624267578125,335.29998779296875,338.5,331.510009765625,338.1499938964844,2182600
2022-03-29,304.2681579589844,339.6600036621094,344.0,336.7300109863281,342.4700012207031,2378700
2022-03-30,300.6222229003906,335.5899963378906,339.8599853515625,333.6300048828125,339.0,2650200
2022-03-31,295.7043151855469,330.1000061035156,336.5,330.1000061035156,336.1300048828125,2632000
2022-04-01,295.81182861328125,330.2200012207031,334.1600036621094,327.57000732421875,333.92999267578125,2444800
2022-04-04,294.01123046875,328.2099914550781,331.8699951171875,325.8599853515625,330.0,2569400
2022-04-05,290.2041015625,323.9599914550781,329.739990234375,323.4800109863281,327.3599853515625,2573900
2022-04-06,283.306396484375,316.260009765625,320.6199951171875,315.75,320.0,3151300
2022-04-07,281.4162292480469,314.1499938964844,315.8299865722656,308.20001220703125,315.0,3562600
2022-04-08,287.90191650390625,321.3900146484375,323.67999267578125,313.0,313.5799865722656,3294200
2022-04-11,287.33758544921875,320.760009765625,328.8999938964844,319.0299987792969,320.6099853515625,2747700
2022-04-12,286.4595642089844,319.7799987792969,327.1199951171875,318.010009765625,321.67999267578125,2365200
2022-04-13,288.4214172363281,321.9700012207031,322.6300048828125,314.7200012207031,315.79998779296875,3022900
2022-04-14,288.1258544921875,321.6400146484375,333.0299987792969,319.0299987792969,328.4700012207031,5460900
2022-04-18,295.5072021484375,329.8800048828125,332.6600036621094,320.6499938964844,320.6499938964844,3653400
2022-04-19,300.9446716308594,335.95001220703125,337.20001220703125,330.4700012207031,330.4700012207031,2774800
2022-04-20,305.52227783203125,341.05999755859375,344.8999938964844,337.5,338.1000061035156,3040100
2022-04-21,299.46661376953125,334.29998779296875,347.3500061035156,333.3599853515625,344.3299865722656,3097800
2022-04-22,286.45068359375,319.7699890136719,332.5,319.4700012207031,332.30999755859375,3125200
2022-04-25,287.9287414550781,321.4200134277344,322.1600036621094,312.739990234375,316.3800048828125,3093600
2022-04-26,280.4935607910156,313.1199951171875,321.6000061035156,312.79998779296875,317.95001220703125,2791700
2022-04-27,280.5921630859375,313.2300109863281,319.239990234375,312.1400146484375,312.1400146484375,2469300
2022-04-28,285.2323913574219,318.4100036621094,319.3599853515625,312.1499938964844,317.1199951171875,2176000
2022-04-29,273.65863037109375,305.489990234375,319.0799865722656,304.7099914550781,317.25,3129600
2022-05-02,278.07489013671875,310.4200134277344,311.3699951171875,302.2099914550781,305.80999755859375,2968100
2022-05-03,281.8730773925781,314.6600036621094,319.5199890136719,311.32000732421875,311.5199890136719,2606200
2022-05-04,290.33837890625,324.1099853515625,324.79998779296875,312.1700134277344,315.8299865722656,2629400
2022-05-05,280.44879150390625,313.07000732421875,320.67999267578125,308.69000244140625,320.5,2622100
2022-05-06,280.3502197265625,312.9599914550781,313.7099914550781,306.05999755859375,312.2799987792969,2375600
2022-05-09,276.704345703125,308.8900146484375,313.7699890136719,304.9800109863281,308.9200134277344,3234000
2022-05-10,273.2734069824219,305.05999755859375,315.1499938964844,300.6499938964844,311.7200012207031,2798400
2022-05-11,270.1291198730469,301.54998779296875,310.9100036621094,301.0,305.05999755859375,2320600
2022-05-12,268.212158203125,299.4100036621094,302.8900146484375,293.8999938964844,300.0,3408300
2022-05-13,275.0023193359375,306.989990234375,309.6300048828125,303.57000732421875,303.6300048828125,2152500
2022-05-16,271.8221740722656,303.44000244140625,306.4700012207031,300.54998779296875,305.95001220703125,1568800
2022-05-17,280.35931396484375,312.9700012207031,314.32000732421875,308.1300048828125,309.8699951171875,2096200
2022-05-18,274.76953125,306.7300109863281,312.8599853515625,304.8800048828125,309.0,2033200
2022-05-19,276.0862731933594,308.20001220703125,309.989990234375,303.3900146484375,303.82000732421875,2108800
2022-05-20,274.83209228515625,306.79998779296875,312.5899963378906,299.4100036621094,311.260009765625,2201100
2022-05-23,283.6199645996094,316.6099853515625,321.8299865722656,311.07000732421875,312.7200012207031,2653000
2022-05-24,281.2371826171875,313.95001220703125,315.79998779296875,306.42999267578125,315.3500061035156,1870900
2022-05-25,282.088134765625,314.8999938964844,317.6000061035156,309.9800109863281,311.25,1929500
2022-05-26,289.9084777832031,323.6300048828125,325.5,317.9800109863281,318.29998779296875,2440400
2022-05-27,294.3427429199219,328.5799865722656,328.6700134277344,323.19000244140625,326.75,2106700
2022-05-31,294.5860595703125,326.8500061035156,329.7200012207031,322.6600036621094,324.010009765625,2722900
2022-06-01,290.0796203613281,321.8500061035156,329.2699890136719,315.8299865722656,327.0,2330200
2022-06-02,292.2426452636719,324.25,325.20001220703125,319.2300109863281,320.5899963378906,1957500
2022-06-03,287.2225646972656,318.67999267578125,322.5,317.5,320.8800048828125,1238900
2022-06-06,288.8719177246094,320.510009765625,325.2099914550781,319.7900085449219,323.0,1099700
2022-06-07,289.77313232421875,321.510009765625,321.8399963378906,316.6600036621094,318.2799987792969,2516800
2022-06-08,283.6173095703125,314.67999267578125,319.54998779296875,312.79998779296875,318.3399963378906,1438100
2022-06-09,274.18988037109375,304.2200012207031,314.1400146484375,304.0199890136719,313.55999755859375,2896500
2022-06-10,258.687744140625,287.0199890136719,298.6499938964844,286.8500061035156,296.989990234375,3866900
2022-06-13,255.35302734375,283.32000732421875,286.4200134277344,278.32000732421875,279.0,4218100
2022-06-14,254.64996337890625,282.5400085449219,289.17999267578125,281.29998779296875,284.3299865722656,2487700
2022-06-15,261.43670654296875,290.07000732421875,294.4800109863281,284.1700134277344,287.1600036621094,2725800
2022-06-16,256.84912109375,284.9800109863281,286.1300048828125,279.1499938964844,282.67999267578125,2777300
2022-06-17,252.1714324951172,279.7900085449219,286.260009765625,278.1499938964844,282.1300048828125,5234400
2022-06-21,256.6958923339844,284.80999755859375,288.07000732421875,282.9800109863281,287.7699890136719,2506300
2022-06-22,256.4525146484375,284.5400085449219,286.010009765625,281.0400085449219,282.2900085449219,2463100
2022-06-23,257.92169189453125,286.1700134277344,286.5899963378906,278.92999267578125,283.760009765625,2547000
2022-06-24,272.86505126953125,302.75,303.1300048828125,290.0,291.0,3984300
2022-06-27,271.08941650390625,300.7799987792969,304.32000732421875,298.8800048828125,303.05999755859375,2091700
2022-06-28,269.92681884765625,299.489990234375,308.9700012207031,299.17999267578125,305.8999938964844,2276600
2022-06-29,273.3426818847656,303.2799987792969,307.44000244140625,299.9100036621094,303.3699951171875,2475900
2022-06-30,267.7005615234375,297.0199890136719,300.3299865722656,292.2300109863281,296.5799865722656,2669500
2022-07-01,269.6924743652344,299.2300109863281,300.3299865722656,291.7200012207031,295.2699890136719,1749400
2022-07-05,267.86279296875,297.20001220703125,297.3500061035156,288.3599853515625,293.0,2480900
2022-07-06,264.7624206542969,293.760009765625,297.3399963378906,290.6000061035156,296.2699890136719,1774500
2022-07-07,269.1246337890625,298.6000061035156,299.07000732421875,293.6000061035156,297.6600036621094,2046500
2022-07-08,267.20489501953125,296.4700012207031,300.8900146484375,295.07000732421875,300.5,1438900
2022-07-11,264.2396545410156,293.17999267578125,296.5400085449219,291.8800048828125,293.20001220703125,1519400
2022-07-12,263.6537780761719,292.5299987792969,299.0799865722656,289.510009765625,289.7099914550781,1772600
2022-07-13,261.5086975097656,290.1499938964844,291.19000244140625,285.80999755859375,290.510009765625,1884100
2022-07-14,253.79371643066406,281.5899963378906,284.239990234375,277.8399963378906,284.239990234375,3171900
2022-07-15,264.8615417480469,293.8699951171875,296.42999267578125,285.1499938964844,286.5,3457600
2022-07-18,271.52203369140625,301.260009765625,311.25,298.7099914550781,305.760009765625,6767900
2022-07-19,286.6546630859375,318.04998779296875,319.1400146484375,303.5,303.5899963378906,5641100
2022-07-20,289.71905517578125,321.45001220703125,322.1700134277344,316.30999755859375,317.2799987792969,3489800
2022-07-21,294.306640625,326.5400085449219,327.1600036621094,319.8500061035156,320.510009765625,2518800
2022-07-22,291.9542541503906,323.92999267578125,329.04998779296875,322.19000244140625,327.1099853515625,1830300
2022-07-25,292.12554931640625,324.1199951171875,327.2900085449219,322.6000061035156,325.9700012207031,4024500
2022-07-26,287.1053466796875,318.54998779296875,324.2900085449219,317.760009765625,321.7699890136719,2054700
2022-07-27,292.5041198730469,324.5400085449219,326.3900146484375,318.3800048828125,320.2900085449219,2081900
2022-07-28,296.6229553222656,329.1099853515625,329.9800109863281,321.8900146484375,325.29998779296875,1820700
2022-07-29,300.4804382324219,333.3900146484375,335.17999267578125,329.5,329.5,2112200
2022-08-01,299.2997741699219,332.0799865722656,334.79998779296875,329.010009765625,331.7300109863281,1476500
2022-08-02,295.51446533203125,327.8800048828125,331.8299865722656,327.2200012207031,329.5,1862900
2022-08-03,300.2821960449219,333.1700134277344,335.510009765625,329.6199951171875,332.07000732421875,1770600
2022-08-04,299.1105041503906,331.8699951171875,334.29998779296875,330.6199951171875,333.2799987792969,1533400
2022-08-05,301.6341857910156,334.6700134277344,336.9100036621094,329.6700134277344,330.8999938964844,1876400
2022-08-08,301.6431579589844,334.67999267578125,338.8399963378906,334.3399963378906,337.1099853515625,1460000
2022-08-09,303.3915710449219,336.6199951171875,338.1700134277344,334.57000732421875,336.1499938964844,1587900
2022-08-10,313.567138671875,347.9100036621094,349.70001220703125,341.3500061035156,341.3599853515625,2459500
2022-08-11,316.9649963378906,351.67999267578125,356.04998779296875,349.7799987792969,350.0,2360800
2022-08-12,318.893798828125,353.82000732421875,354.55999755859375,350.1499938964844,353.44000244140625,2369000
2022-08-15,320.7234191894531,355.8500061035156,358.6199951171875,349.04998779296875,351.0,2045700
2022-08-16,319.9302978515625,354.9700012207031,356.4700012207031,352.0199890136719,352.989990234375,1740900
2022-08-17,318.8216552734375,353.739990234375,355.5899963378906,350.7699890136719,351.8999938964844,1576300
2022-08-18,319.52471923828125,354.5199890136719,355.1000061035156,350.8599853515625,352.6600036621094,1102200
2022-08-19,314.79290771484375,349.2699890136719,351.8599853515625,347.5,351.0,1812300
2022-08-22,308.619140625,342.4200134277344,344.5299987792969,340.760009765625,342.44000244140625,1723900
2022-08-23,306.6001281738281,340.17999267578125,344.07000732421875,339.0299987792969,341.95001220703125,1538000
2022-08-24,308.1864929199219,341.94000244140625,344.32000732421875,338.489990234375,339.0199890136719,1530800
2022-08-25,312.2873229980469,346.489990234375,346.8599853515625,342.1099853515625,344.45001220703125,1763900
2022-08-26,303.1933288574219,336.3999938964844,348.739990234375,336.0,348.3399963378906,1703900
2022-08-29,300.9581298828125,333.9200134277344,336.3999938964844,332.010009765625,333.9200134277344,1835600
2022-08-30,300.69677734375,333.6300048828125,336.010009765625,331.17999267578125,335.0,1830300
2022-08-31,302.0952453613281,332.6700134277344,335.1400146484375,329.67999267578125,331.54998779296875,2488000
2022-09-01,302.84893798828125,333.5,333.69000244140625,324.6199951171875,329.8699951171875,1575100
2022-09-02,301.0146484375,331.4800109863281,340.32000732421875,329.9700012207031,334.67999267578125,2215400
2022-09-06,296.4831848144531,326.489990234375,333.25,323.4599914550781,332.32000732421875,1578100
2022-09-07,300.1791687011719,330.55999755859375,332.1600036621094,323.25,324.25,1496600
2022-09-08,304.5561828613281,335.3800048828125,335.80999755859375,327.3599853515625,330.2900085449219,1755600
2022-09-09,308.8424377441406,340.1000061035156,341.0299987792969,337.0299987792969,337.9800109863281,1445600
2022-09-12,311.0944519042969,342.5799865722656,344.3699951171875,340.0899963378906,341.6600036621094,1563200
2022-09-13,298.2086181640625,328.3900146484375,336.5199890136719,326.8299865722656,336.0799865722656,2242100
2022-09-14,297.1824645996094,327.260009765625,330.92999267578125,323.5,328.45001220703125,1953300
2022-09-15,301.1417236328125,331.6199951171875,335.2799987792969,327.5899963378906,328.7300109863281,1489400
2022-09-16,296.2289123535156,326.2099914550781,329.0,319.7900085449219,326.3800048828125,2946800
2022-09-19,298.45379638671875,328.6600036621094,329.2900085449219,320.5400085449219,320.57000732421875,1652700
2022-09-20,293.5501403808594,323.260009765625,326.79998779296875,320.010009765625,325.70001220703125,1569900
2022-09-21,291.234375,320.7099914550781,329.7900085449219,320.6300048828125,324.9200134277344,1796700
2022-09-22,284.16046142578125,312.9200134277344,323.3900146484375,311.20001220703125,322.32000732421875,2239900
2022-09-23,274.216796875,301.9700012207031,309.7900085449219,297.4599914550781,307.54998779296875,2918500
2022-09-26,267.5422668457031,294.6199951171875,302.1000061035156,292.30999755859375,299.0,2308800
2022-09-27,264.6001281738281,291.3800048828125,299.1499938964844,288.6199951171875,297.5,2007400
2022-09-28,273.14532470703125,300.7900085449219,302.4100036621094,292.4599914550781,294.0,2289700
2022-09-29,268.8953552246094,296.1099853515625,299.3500061035156,291.54998779296875,297.07000732421875,1930800
2022-09-30,266.1165771484375,293.04998779296875,301.0899963378906,292.70001220703125,296.0,1970800
2022-10-03,271.6559753417969,299.1499938964844,301.2300109863281,291.1000061035156,297.1700134277344,1938800
2022-10-04,285.93115234375,314.8699951171875,315.1600036621094,305.8800048828125,306.79998779296875,2399500
2022-10-05,280.60064697265625,309.0,310.2099914550781,303.6000061035156,306.5799865722656,1992800
2022-10-06,276.66864013671875,304.6700134277344,309.0799865722656,303.4200134277344,307.3900146484375,1367400
2022-10-07,273.4085693359375,301.0799865722656,305.1499938964844,299.1499938964844,304.0,1790100
2022-10-10,272.9182434082031,300.5400085449219,304.7200012207031,298.42999267578125,303.6300048828125,1309600
2022-10-11,267.16998291015625,294.2099914550781,302.5199890136719,293.9200134277344,298.010009765625,2392800
2022-10-12,268.1688537597656,295.30999755859375,299.7799987792969,291.7099914550781,293.989990234375,1763800
2022-10-13,278.84808349609375,307.07000732421875,308.760009765625,287.75,290.4200134277344,2724900
2022-10-14,272.4187316894531,299.989990234375,311.6199951171875,299.07000732421875,307.4599914550781,2397600
2022-10-17,278.5211486816406,306.7099914550781,311.6199951171875,304.1400146484375,304.4100036621094,3118600
2022-10-18,285.0049133300781,313.8500061035156,324.4800109863281,312.0,321.6700134277344,6428600
2022-10-19,283.1069641113281,311.760009765625,314.7900085449219,308.05999755859375,312.6099853515625,2363800
2022-10-20,282.2442626953125,310.80999755859375,316.04998779296875,309.0,312.1000061035156,2382300
2022-10-21,295.220947265625,325.1000061035156,325.7699890136719,309.489990234375,311.0,3545700
2022-10-24,298.4901428222656,328.70001220703125,331.239990234375,325.8500061035156,328.5,2232600
2022-10-25,301.8500671386719,332.3999938964844,333.6000061035156,325.9200134277344,327.8599853515625,1837700
2022-10-26,304.83770751953125,335.69000244140625,338.6700134277344,334.1400146484375,334.5199890136719,2176700
2022-10-27,306.1907043457031,337.17999267578125,341.92999267578125,336.5299987792969,339.30999755859375,1998800
2022-10-28,310.4043273925781,341.82000732421875,342.5799865722656,336.0,338.5199890136719,1677100
2022-10-31,312.8470764160156,344.510009765625,346.17999267578125,340.57000732421875,341.07000732421875,2224000
2022-11-01,316.5429992675781,348.5799865722656,348.69000244140625,343.7699890136719,345.1300048828125,2316600
2022-11-02,317.64178466796875,349.7900085449219,357.44000244140625,346.739990234375,347.6199951171875,3221200
2022-11-03,316.8063049316406,348.8699951171875,350.6700134277344,342.5899963378906,347.5,2515600
2022-11-04,325.0155334472656,357.9100036621094,358.3800048828125,351.2300109863281,354.0,3172700
2022-11-07,329.23809814453125,362.55999755859375,362.9599914550781,358.5199890136719,360.010009765625,2526900
2022-11-08,330.56396484375,364.0199890136719,367.19000244140625,361.4599914550781,362.29998779296875,3501300
2022-11-09,328.7295837402344,362.0,367.1499938964844,360.8800048828125,362.95001220703125,3047200
2022-11-10,343.5406188964844,378.30999755859375,380.42999267578125,369.739990234375,370.0,3790400
2022-11-11,349.7701110839844,385.1700134277344,387.0,378.75,380.0,3409100
2022-11-14,347.21832275390625,382.3599853515625,387.29998779296875,380.5,384.0,2609100
2022-11-15,347.69061279296875,382.8800048828125,389.5799865722656,380.6499938964844,385.9800109863281,3192400
2022-11-16,347.1911315917969,382.3299865722656,385.3999938964844,380.010009765625,383.2099914550781,2303700
2022-11-17,344.8754577636719,379.7799987792969,381.7200012207031,375.010009765625,377.1499938964844,2297600
2022-11-18,344.3487854003906,379.20001220703125,382.8299865722656,377.3900146484375,381.2799987792969,2384500
2022-11-21,345.26593017578125,380.2099914550781,380.7699890136719,375.4200134277344,378.8999938964844,1877500
2022-11-22,348.5895690917969,383.8699951171875,385.8299865722656,381.3999938964844,381.3999938964844,2019400
2022-11-23,350.7508239746094,386.25,388.20001220703125,383.4100036621094,383.8999938964844,1865400
2022-11-25,353.1210021972656,388.8599853515625,389.44000244140625,385.17999267578125,385.760009765625,1129300
2022-11-28,347.21832275390625,382.3599853515625,388.3900146484375,380.8900146484375,385.42999267578125,2232200
2022-11-29,348.4443359375,383.7099914550781,384.92999267578125,379.260009765625,381.1300048828125,1746900
2022-11-30,352.959716796875,386.1499938964844,386.1499938964844,375.1000061035156,382.5,2964100
2022-12-01,350.82080078125,383.80999755859375,386.5,380.45001220703125,386.5,1706300
2022-12-02,347.8684387207031,380.5799865722656,382.5199890136719,378.3999938964844,381.5199890136719,1932300
2022-12-05,339.6054992675781,371.5400085449219,378.8699951171875,369.30999755859375,378.54998779296875,2329600
2022-12-06,331.71722412109375,362.9100036621094,370.3699951171875,360.3299865722656,369.4800109863281,3081900
2022-12-07,328.9842834472656,359.9200134277344,365.29998779296875,358.1499938964844,362.489990234375,2128200
2022-12-08,327.3023376464844,358.0799865722656,362.5899963378906,356.05999755859375,362.0299987792969,1967800
2022-12-09,328.27130126953125,359.1400146484375,361.6400146484375,356.2099914550781,356.7099914550781,1588800
2022-12-12,331.9639892578125,363.17999267578125,364.010009765625,356.3399963378906,358.57000732421875,1750400
2022-12-13,337.00042724609375,368.69000244140625,378.55999755859375,365.510009765625,374.6300048828125,3062600
2022-12-14,329.4046936035156,360.3800048828125,368.8299865722656,359.45001220703125,367.010009765625,2519700
2022-12-15,319.76141357421875,349.8299865722656,356.1099853515625,347.94000244140625,354.4800109863281,3163700
2022-12-16,316.58056640625,346.3500061035156,347.7799987792969,343.4100036621094,345.0799865722656,5008800
2022-12-19,314.9901428222656,344.6099853515625,348.3999938964844,342.6300048828125,346.2699890136719,1646700
2022-12-20,314.8804016113281,344.489990234375,347.4200134277344,343.489990234375,345.989990234375,1623000
2022-12-21,320.0631408691406,350.1600036621094,350.8800048828125,346.8900146484375,348.260009765625,1923100
2022-12-22,315.87677001953125,345.5799865722656,348.04998779296875,339.8800048828125,347.1600036621094,1528900
2022-12-23,315.81280517578125,345.510009765625,347.760009765625,343.1099853515625,344.8399963378906,1062000
2022-12-27,312.5770568847656,341.9700012207031,347.75,341.7900085449219,346.510009765625,1035000
2022-12-28,311.5715637207031,340.8699951171875,342.8500061035156,339.29998779296875,340.5,1117200
2022-12-29,313.9114990234375,343.42999267578125,344.6400146484375,341.239990234375,342.44000244140625,1273600
2022-12-30,313.8658447265625,343.3800048828125,343.69000244140625,339.3999938964844,341.739990234375,1031400
2023-01-03,316.4617614746094,346.2200012207031,348.6000061035156,342.80999755859375,345.5,1589700
2023-01-04,317.8145751953125,347.70001220703125,350.30999755859375,345.0799865722656,348.0299987792969,1881000
2023-01-05,314.21319580078125,343.760009765625,345.1400146484375,340.1400146484375,344.25,1397800
2023-01-06,318.1618957519531,348.0799865722656,349.0,340.95001220703125,347.29998779296875,3097800
2023-01-09,322.6589660644531,353.0,356.5,349.5,351.8800048828125,1989000
2023-01-10,326.64422607421875,357.3599853515625,357.5,350.5,352.6400146484375,1610100
2023-01-11,333.1522521972656,364.4800109863281,365.5,356.2099914550781,358.8699951171875,2127000
2023-01-12,338.14306640625,369.94000244140625,370.1000061035156,362.57000732421875,366.239990234375,2103100
2023-01-13,341.8539733886719,374.0,374.3500061035156,362.3599853515625,363.489990234375,3310200
2023-01-17,319.8437805175781,349.9200134277344,366.7900085449219,344.0,364.79998779296875,14448300
2023-01-18,319.0850524902344,349.0899963378906,354.7900085449219,347.79998779296875,348.32000732421875,5585200
2023-01-19,320.6024169921875,350.75,352.1600036621094,345.5199890136719,346.0299987792969,3100400
2023-01-20,312.4582824707031,341.8399963378906,352.25,338.2099914550781,349.8699951171875,11247200
2023-01-23,319.1307678222656,349.1400146484375,349.55999755859375,336.1600036621094,341.6700134277344,4915700
2023-01-24,318.3903503417969,348.3299865722656,350.29998779296875,340.0,340.0,2372000
2023-01-25,319.57867431640625,349.6300048828125,349.9599914550781,343.8999938964844,344.75,1985200
2023-01-26,324.4596862792969,354.9700012207031,355.0,349.5199890136719,351.7300109863281,1919200
2023-01-27,323.298828125,353.70001220703125,355.989990234375,351.8299865722656,351.95001220703125,2427400
2023-01-30,326.73565673828125,357.4599914550781,362.3299865722656,352.3999938964844,353.2900085449219,3184500
2023-01-31,334.3679504394531,365.80999755859375,365.9200134277344,356.8599853515625,359.1600036621094,2311500
2023-02-01,334.27655029296875,365.7099914550781,368.94000244140625,358.760009765625,359.1000061035156,2889400
2023-02-02,337.71337890625,369.4700012207031,372.8900146484375,364.54998779296875,368.0,2619600
2023-02-03,338.1520690917969,369.95001220703125,374.57000732421875,365.44000244140625,365.6199951171875,2243100
2023-02-06,338.92901611328125,370.79998779296875,371.260009765625,365.7799987792969,369.0,1816200
2023-02-07,342.2195739746094,374.3999938964844,376.30999755859375,367.3399963378906,368.1700134277344,2205500
2023-02-08,342.85943603515625,375.1000061035156,378.3500061035156,371.9800109863281,372.9200134277344,1893200
2023-02-09,336.3605651855469,367.989990234375,379.67999267578125,367.79998779296875,377.0400085449219,2052500
2023-02-10,339.3677673339844,371.2799987792969,372.2300109863281,364.55999755859375,367.0,1933400
2023-02-13,341.8723449707031,374.0199890136719,375.05999755859375,368.0,369.0899963378906,1570600
2023-02-14,339.8247985839844,371.7799987792969,377.04998779296875,369.3800048828125,373.94000244140625,2155500
2023-02-15,342.1647644042969,374.3399963378906,374.3699951171875,368.25,368.739990234375,1687200
2023-02-16,338.380615234375,370.20001220703125,374.25,368.79998779296875,370.75,1947800
2023-02-17,336.8267517089844,368.5,371.05999755859375,366.8599853515625,368.04998779296875,1857300
2023-02-21,330.08111572265625,361.1199951171875,366.7200012207031,360.0899963378906,366.7200012207031,2403000
2023-02-22,329.870849609375,360.8900146484375,363.0,358.0400085449219,361.6300048828125,2203800
2023-02-23,332.2930908203125,363.5400085449219,367.8800048828125,359.6099853515625,363.20001220703125,1931400
2023-02-24,332.57647705078125,363.8500061035156,365.17999267578125,359.5299987792969,360.1700134277344,2428600
2023-02-27,334.1119689941406,365.5299987792969,370.29998779296875,364.510009765625,368.2200012207031,2842400
2023-02-28,321.4250183105469,351.6499938964844,366.010009765625,351.3299865722656,366.0,4945600
2023-03-01,318.73687744140625,346.2300109863281,352.5400085449219,345.9599914550781,349.3900146484375,2717400
2023-03-02,321.3789367675781,349.1000061035156,349.7799987792969,340.489990234375,343.989990234375,3259800
2023-03-03,328.73455810546875,357.0899963378906,357.7699890136719,349.55999755859375,350.6400146484375,2396200
2023-03-06,328.6977233886719,357.04998779296875,358.8599853515625,353.7300109863281,358.05999755859375,1614200
2023-03-07,318.5988464355469,346.0799865722656,356.20001220703125,345.6300048828125,355.54998779296875,2048500
2023-03-08,321.55389404296875,349.2900085449219,349.69000244140625,345.1700134277344,346.19000244140625,1584600
2023-03-09,314.92559814453125,342.0899963378906,354.2900085449219,341.04998779296875,349.20001220703125,3177800
2023-03-10,301.65069580078125,327.6700134277344,339.92999267578125,326.0299987792969,338.8699951171875,4559700
2023-03-13,290.456298828125,315.510009765625,326.1099853515625,314.5400085449219,319.6700134277344,5660700
2023-03-14,296.5690002441406,322.1499938964844,326.3800048828125,318.95001220703125,324.7699890136719,3785900
2023-03-15,287.39984130859375,312.19000244140625,312.510009765625,304.4100036621094,310.7699890136719,6596700
2023-03-16,290.0696105957031,315.0899963378906,318.32000732421875,304.9200134277344,309.0,4399100
2023-03-17,279.43682861328125,303.5400085449219,310.3999938964844,301.8699951171875,310.0899963378906,6369800
2023-03-20,284.95111083984375,309.5299987792969,312.20001220703125,306.260009765625,306.7799987792969,3963700
2023-03-21,292.0856628417969,317.2799987792969,320.32000732421875,315.3500061035156,317.6199951171875,3242400
2023-03-22,288.76239013671875,313.6700134277344,322.2200012207031,313.489990234375,317.2799987792969,2505900
2023-03-23,289.84869384765625,314.8500061035156,321.3599853515625,312.6400146484375,315.2099914550781,2585900
2023-03-24,287.74981689453125,312.57000732421875,312.75,305.3599853515625,310.1499938964844,2456700
2023-03-27,293.2364501953125,318.5299987792969,320.8999938964844,317.1700134277344,318.6199951171875,2300600
2023-03-28,293.1536560058594,318.44000244140625,320.6099853515625,316.1199951171875,319.0899963378906,1224300
2023-03-29,295.2525634765625,320.7200012207031,322.7099914550781,318.67999267578125,322.5,1475900
2023-03-30,295.6392517089844,321.1400146484375,324.8699951171875,319.8800048828125,324.55999755859375,1456300
2023-03-31,301.1351623535156,327.1099853515625,327.3299865722656,322.4200134277344,323.4700012207031,2281100
2023-04-03,300.5919189453125,326.5199890136719,328.9800109863281,323.1499938964844,326.1400146484375,1808800
2023-04-04,297.029296875,322.6499938964844,326.8699951171875,320.1199951171875,326.82000732421875,1536800
2023-04-05,295.998291015625,321.5299987792969,322.20001220703125,319.3699951171875,319.6199951171875,1329300
2023-04-06,296.7991943359375,322.3999938964844,323.2300109863281,319.9800109863281,320.3800048828125,1311000
2023-04-10,299.1558837890625,324.9599914550781,324.989990234375,321.30999755859375,322.3999938964844,1114400
2023-04-11,301.37451171875,327.3699951171875,329.20001220703125,323.6700134277344,326.04998779296875,1559600
2023-04-12,304.0166015625,330.239990234375,332.07000732421875,327.17999267578125,331.7200012207031,1862400
2023-04-13,305.75653076171875,332.1300048828125,332.94000244140625,327.0,330.0799865722656,1765500
2023-04-14,310.16619873046875,336.9200134277344,339.6300048828125,334.32000732421875,336.5299987792969,2275700
2023-04-17,312.70703125,339.67999267578125,340.45001220703125,333.67999267578125,336.0,3012100
2023-04-18,307.3951416015625,333.9100036621094,336.54998779296875,326.1300048828125,328.0,7549500
2023-04-19,310.1385803222656,336.8900146484375,336.989990234375,331.6700134277344,332.9800109863281,2625400
2023-04-20,311.81402587890625,338.7099914550781,339.30999755859375,334.32000732421875,334.95001220703125,2217900
2023-04-21,314.5297546386719,341.6600036621094,342.3599853515625,336.0,339.0,2278900
2023-04-24,316.6471862792969,343.9599914550781,345.05999755859375,341.5299987792969,341.989990234375,1966300
2023-04-25,312.5228576660156,339.4800109863281,343.4700012207031,338.3299865722656,341.0,2138200
2023-04-26,309.83477783203125,336.55999755859375,340.6000061035156,334.6400146484375,337.5799865722656,2041900
2023-04-27,314.47454833984375,341.6000061035156,343.3599853515625,338.760009765625,340.1400146484375,1768200
2023-04-28,316.16845703125,343.44000244140625,344.1000061035156,339.70001220703125,340.04998779296875,1714100
2023-05-01,313.52630615234375,340.57000732421875,347.4599914550781,340.3699951171875,344.04998779296875,1375000
2023-05-02,306.8980712890625,333.3699951171875,339.8900146484375,330.0,339.010009765625,2397600
2023-05-03,302.5528259277344,328.6499938964844,334.8299865722656,328.25,332.3599853515625,1825400
2023-05-04,295.74969482421875,321.260009765625,326.9800109863281,318.55999755859375,325.95001220703125,2965100
2023-05-05,301.0522766113281,327.0199890136719,327.8699951171875,322.4200134277344,325.05999755859375,2413400
2023-05-08,300.58282470703125,326.510009765625,330.29998779296875,325.6700134277344,329.6400146484375,1607300
2023-05-09,298.98095703125,324.7699890136719,327.17999267578125,323.29998779296875,325.0400085449219,1253300
2023-05-10,296.9372253417969,322.54998779296875,329.9200134277344,319.0799865722656,329.9200134277344,1752200
2023-05-11,295.2525634765625,320.7200012207031,321.94000244140625,318.17999267578125,319.6600036621094,1515200
2023-05-12,294.1294860839844,319.5,323.2200012207031,317.32000732421875,322.0400085449219,1099100
2023-05-15,296.495361328125,322.07000732421875,323.25,318.05999755859375,320.4200134277344,1178200
2023-05-16,295.3354187011719,320.80999755859375,323.07000732421875,320.5,322.5,1618900
2023-05-17,303.9613952636719,330.17999267578125,330.3900146484375,322.6600036621094,322.6600036621094,2098100
2023-05-18,303.40899658203125,329.5799865722656,330.6000061035156,325.6600036621094,330.0,1645400
2023-05-19,300.2513427734375,326.1499938964844,331.95001220703125,324.7900085449219,330.0,1546100
2023-05-22,299.119140625,324.9200134277344,327.3399963378906,322.42999267578125,326.1499938964844,1498900
2023-05-23,297.87628173828125,323.57000732421875,327.1400146484375,322.80999755859375,323.6000061035156,1550900
2023-05-24,294.4148254394531,319.80999755859375,321.8999938964844,318.79998779296875,320.3900146484375,1439100
2023-05-25,298.16168212890625,323.8800048828125,325.17999267578125,318.79998779296875,318.9200134277344,1618500
2023-05-26,305.64605712890625,332.010009765625,332.8699951171875,324.0,324.7200012207031,2718700
2023-05-30,304.5597839355469,330.8299865722656,332.5299987792969,327.7300109863281,332.0799865722656,1998600
2023-05-31,300.450439453125,323.8999938964844,327.25,321.82000732421875,326.07000732421875,2938000
2023-06-01,293.4933776855469,316.3999938964844,324.67999267578125,314.0199890136719,324.510009765625,3339700
2023-06-02,300.2185363769531,323.6499938964844,325.2699890136719,317.04998779296875,318.239990234375,3987700
2023-06-05,298.5117492675781,321.80999755859375,323.489990234375,320.32000732421875,322.92999267578125,1462900
2023-06-06,303.1404724121094,326.79998779296875,328.07000732421875,321.3999938964844,322.42999267578125,1495600
2023-06-07,311.44256591796875,335.75,337.8399963378906,326.32000732421875,327.6400146484375,3382700
2023-06-08,311.1828308105469,335.4700012207031,336.3299865722656,331.3399963378906,335.3599853515625,2009500
2023-06-09,311.6930847167969,336.0199890136719,336.20001220703125,332.5400085449219,335.2099914550781,1702100
2023-06-12,314.9117126464844,339.489990234375,340.0899963378906,336.3500061035156,338.44000244140625,2290800
2023-06-13,317.7039489746094,342.5,345.2799987792969,339.45001220703125,340.20001220703125,1772400
2023-06-14,313.9192810058594,338.4200134277344,347.7300109863281,337.2300109863281,344.7799987792969,1819400
2023-06-15,315.1437072753906,339.739990234375,344.0,335.70001220703125,337.32000732421875,3322700
2023-06-16,313.8172607421875,338.30999755859375,341.3999938964844,337.1099853515625,341.3800048828125,4544900
2023-06-20,306.7767639160156,330.7200012207031,335.3800048828125,329.2300109863281,335.32000732421875,3208100
2023-06-21,301.5357971191406,325.07000732421875,330.0,324.9200134277344,328.45001220703125,2158700
2023-06-22,296.4432373046875,319.5799865722656,324.260009765625,319.010009765625,323.69000244140625,2409100
2023-06-23,291.9258117675781,314.7099914550781,317.7099914550781,314.07000732421875,316.55999755859375,2612000
2023-06-26,289.74591064453125,312.3599853515625,316.6400146484375,312.1700134277344,315.1300048828125,2481000
2023-06-27,290.7570495605469,313.45001220703125,315.67999267578125,310.55999755859375,312.4100036621094,2156800
2023-06-28,290.9518127441406,313.6600036621094,314.8999938964844,310.69000244140625,311.7200012207031,2423500
2023-06-29,299.6991271972656,323.0899963378906,325.5,316.25,317.8500061035156,3553600
2023-06-30,299.18890380859375,322.5400085449219,326.0299987792969,322.45001220703125,325.82000732421875,2361800
2023-07-03,302.96429443359375,326.6099853515625,329.3999938964844,322.4100036621094,322.4100036621094,1106800
2023-07-05,296.87921142578125,320.04998779296875,324.6099853515625,319.6300048828125,323.95001220703125,2561000
2023-07-06,290.3396301269531,313.0,318.6400146484375,312.8399963378906,318.0,2896900
2023-07-07,292.3525390625,315.1700134277344,317.3699951171875,312.70001220703125,313.20001220703125,2903100
2023-07-10,293.5584716796875,316.4700012207031,320.0799865722656,316.0,316.6700134277344,1775800
2023-07-11,297.6491394042969,320.8800048828125,321.0400085449219,314.5799865722656,318.8299865722656,2041700
2023-07-12,302.76953125,326.3999938964844,333.3500061035156,324.25,324.5799865722656,2741300
2023-07-13,304.8844299316406,328.67999267578125,329.2799987792969,325.69000244140625,327.3500061035156,2787800
2023-07-14,302.57464599609375,326.19000244140625,332.4800109863281,325.0199890136719,331.989990234375,1815200
2023-07-17,303.5116271972656,327.20001220703125,327.489990234375,324.3599853515625,325.8900146484375,1777400
2023-07-18,312.85247802734375,337.2699890136719,338.25,327.29998779296875,327.29998779296875,3887400
2023-07-19,315.8950500488281,340.54998779296875,345.8800048828125,331.29998779296875,338.0,6037400
2023-07-20,325.4586181640625,350.8599853515625,351.67999267578125,339.1600036621094,339.1600036621094,3915000
2023-07-21,326.4789733886719,351.9599914550781,355.0799865722656,346.7799987792969,351.7799987792969,3217400
2023-07-24,332.94439697265625,358.92999267578125,361.6199951171875,352.0,352.8299865722656,3517500
2023-07-25,329.0206604003906,354.70001220703125,360.82000732421875,353.9800109863281,357.4200134277344,2893000
2023-07-26,331.6735534667969,357.55999755859375,360.260009765625,354.2799987792969,354.489990234375,2281600
2023-07-27,328.8444519042969,354.510009765625,360.5400085449219,354.1700134277344,358.1300048828125,2010800
2023-07-28,327.6570129394531,353.2300109863281,356.5,351.6099853515625,356.1099853515625,1827400
2023-07-31,330.10595703125,355.8699951171875,357.20001220703125,354.0199890136719,354.8800048828125,1385500
2023-08-01,331.822021484375,357.7200012207031,357.8699951171875,353.3900146484375,354.0,2024300
2023-08-02,325.68121337890625,351.1000061035156,354.989990234375,348.8699951171875,354.989990234375,2106600
2023-08-03,327.5921325683594,353.1600036621094,355.2099914550781,348.6199951171875,349.989990234375,1840400
2023-08-04,327.6477966308594,353.2200012207031,358.7300109863281,352.510009765625,353.3399963378906,1725300
2023-08-07,329.818359375,355.55999755859375,357.6700134277344,353.9200134277344,355.3999938964844,1260300
2023-08-08,323.0469055175781,348.260009765625,352.0,342.0299987792969,351.70001220703125,1917300
2023-08-09,317.8801574707031,342.69000244140625,348.4599914550781,342.489990234375,346.82000732421875,1326000
2023-08-10,315.75592041015625,340.3999938964844,347.260009765625,339.79998779296875,344.07000732421875,1345900
2023-08-11,316.0620422363281,340.7300109863281,341.7900085449219,337.54998779296875,339.92999267578125,1256800
2023-08-14,313.28851318359375,337.739990234375,338.45001220703125,334.8599853515625,337.4100036621094,1347000
2023-08-15,308.15887451171875,332.2099914550781,334.0299987792969,330.4800109863281,333.29998779296875,1657800
2023-08-16,305.283203125,329.1099853515625,332.9200134277344,328.9700012207031,330.5400085449219,3340300
2023-08-17,303.8084411621094,327.5199890136719,333.989990234375,324.0,330.0,3135200
2023-08-18,301.4059143066406,324.92999267578125,327.6199951171875,323.20001220703125,324.32000732421875,1730500
2023-08-21,298.7436828613281,322.05999755859375,326.3900146484375,319.3900146484375,325.3900146484375,1983500
2023-08-22,295.71044921875,318.7900085449219,322.6400146484375,318.30999755859375,322.4800109863281,1810300
2023-08-23,298.99407958984375,322.3299865722656,322.45001220703125,318.0,320.6199951171875,1429000
2023-08-24,296.7956848144531,319.9599914550781,327.489990234375,319.510009765625,322.1499938964844,1185600
2023-08-25,296.97198486328125,320.1499938964844,322.7200012207031,318.19000244140625,320.79998779296875,1159600
2023-08-28,302.37060546875,325.9700012207031,326.6000061035156,321.3399963378906,321.3399963378906,1440100
2023-08-29,308.47418212890625,332.54998779296875,332.70001220703125,324.67999267578125,325.55999755859375,1831700
2023-08-30,307.3331298828125,328.5799865722656,331.9100036621094,327.6499938964844,330.0,1131500
2023-08-31,306.51934814453125,327.7099914550781,330.489990234375,325.9599914550781,329.4100036621094,1271100
2023-09-01,306.2294616699219,327.3999938964844,331.6199951171875,326.2099914550781,329.6700134277344,1201400
2023-09-05,302.8154296875,323.75,328.4800109863281,322.6300048828125,327.3399963378906,1846000
2023-09-06,300.3648376464844,321.1300048828125,324.1400146484375,319.30999755859375,322.30999755859375,2120800
2023-09-07,301.14117431640625,321.9599914550781,324.2200012207031,320.1300048828125,320.6199951171875,1471100
2023-09-08,304.4710388183594,325.5199890136719,325.9700012207031,321.6600036621094,321.9200134277344,2026400
2023-09-11,303.6571960449219,324.6499938964844,330.1499938964844,324.2900085449219,328.260009765625,1283100
2023-09-12,309.5030822753906,330.8999938964844,335.2799987792969,324.0,324.010009765625,2054700
2023-09-13,313.3193054199219,334.9800109863281,337.010009765625,330.82000732421875,333.5,2165000
2023-09-14,322.2892150878906,344.57000732421875,345.1199951171875,336.8500061035156,339.0,2822700
2023-09-15,320.39044189453125,342.5400085449219,346.19000244140625,341.8599853515625,345.1499938964844,3063900
2023-09-18,321.1199951171875,343.32000732421875,344.260009765625,339.2699890136719,342.5400085449219,1356600
2023-09-19,319.7825012207031,341.8900146484375,344.9700012207031,337.9700012207031,343.4599914550781,1660200
2023-09-20,314.9280700683594,336.70001220703125,343.79998779296875,336.2900085449219,342.6099853515625,1224400
2023-09-21,308.88580322265625,330.239990234375,334.69000244140625,330.0799865722656,334.5,1685100
2023-09-22,306.6877746582031,327.8900146484375,331.5400085449219,326.8299865722656,330.1000061035156,1669100
2023-09-25,307.5762939453125,328.8399963378906,329.2900085449219,325.2799987792969,327.07000732421875,833300
2023-09-26,302.88092041015625,323.82000732421875,327.42999267578125,322.4200134277344,325.6099853515625,1481800
2023-09-27,301.1318664550781,321.95001220703125,325.0,318.9800109863281,324.9800109863281,1493000
2023-09-28,304.1717224121094,325.20001220703125,326.8399963378906,320.2099914550781,320.2099914550781,1389600
2023-09-29,302.6470947265625,323.57000732421875,327.9599914550781,322.2699890136719,327.20001220703125,1403900
2023-10-02,297.9049377441406,318.5,323.5799865722656,317.1000061035156,322.0299987792969,1303800
2023-10-03,286.325439453125,306.1199951171875,315.67999267578125,304.3900146484375,315.2699890136719,3118600
2023-10-04,288.6451110839844,308.6000061035156,309.05999755859375,303.4800109863281,304.8500061035156,1872000
2023-10-05,290.4222717285156,310.5,310.54998779296875,304.2099914550781,307.3599853515625,1584600
2023-10-06,292.274169921875,312.4800109863281,315.32000732421875,307.1700134277344,308.1099853515625,1595100
2023-10-09,292.39581298828125,312.6099853515625,313.4800109863281,308.3699951171875,308.8999938964844,1094400
2023-10-10,294.4161071777344,314.7699890136719,316.8500061035156,312.2900085449219,314.4700012207031,1193800
2023-10-11,292.77923583984375,313.0199890136719,316.6300048828125,311.6000061035156,315.42999267578125,1672500
2023-10-12,289.8142395019531,309.8500061035156,314.25,308.0199890136719,314.1499938964844,1727700
2023-10-13,289.2998046875,309.29998779296875,316.17999267578125,308.1700134277344,312.0,1785200
2023-10-16,294.0607604980469,314.3900146484375,315.8999938964844,310.25,313.17999267578125,2273900
2023-10-17,289.35595703125,309.3599853515625,316.17999267578125,305.9100036621094,313.3800048828125,4123000
2023-10-18,282.4344482421875,301.9599914550781,307.2200012207031,301.4800109863281,307.0,3460300
2023-10-19,279.84356689453125,299.19000244140625,305.3399963378906,298.6300048828125,301.9599914550781,3211800
2023-10-20,280.64794921875,300.04998779296875,303.25,298.1000061035156,298.5,2329000
2023-10-23,279.87164306640625,299.2200012207031,303.54998779296875,298.19000244140625,298.2900085449219,2959800
2023-10-24,279.8341979980469,299.17999267578125,303.1000061035156,299.0799865722656,300.0,1697100
2023-10-25,277.5707092285156,296.760009765625,300.0,295.0299987792969,298.6000061035156,1809300
2023-10-26,277.78582763671875,296.989990234375,300.1400146484375,294.7799987792969,296.9599914550781,2011200
2023-10-27,271.1636657714844,289.9100036621094,298.2699890136719,289.3599853515625,297.54998779296875,2601700
2023-10-30,281.37750244140625,300.8299865722656,301.80999755859375,293.2900085449219,293.45001220703125,3065200
2023-10-31,283.97772216796875,303.6099853515625,304.2900085449219,300.70001220703125,301.67999267578125,2611000
2023-11-01,287.29827880859375,307.1600036621094,308.25,302.8399963378906,303.3299865722656,2345400
2023-11-02,293.471435546875,313.760009765625,314.5400085449219,308.0,309.69000244140625,2597000
2023-11-03,306.4351501464844,327.6199951171875,329.3299865722656,317.92999267578125,318.4599914550781,3742000
2023-11-06,302.9651184082031,323.9100036621094,328.8999938964844,322.1000061035156,326.6600036621094,2087600
2023-11-07,303.0025634765625,323.95001220703125,326.3900146484375,321.2900085449219,322.1300048828125,1505000
2023-11-08,303.5730285644531,324.55999755859375,326.6600036621094,323.6700134277344,323.95001220703125,1484400
2023-11-09,300.0374755859375,320.7799987792969,326.6499938964844,319.6600036621094,326.0,1787900
2023-11-10,304.4616394042969,325.510009765625,326.05999755859375,321.6499938964844,323.32000732421875,1781400
2023-11-13,305.7711181640625,326.9100036621094,328.7200012207031,323.5299987792969,324.1600036621094,1403300
2023-11-14,316.81744384765625,338.7200012207031,341.7799987792969,332.4700012207031,333.5299987792969,3592700
2023-11-15,315.7699279785156,337.6000061035156,341.0799865722656,335.3399963378906,339.8999938964844,2534500
2023-11-16,314.8999938964844,336.6700134277344,339.75,335.010009765625,337.760009765625,1620400
2023-11-17,317.257080078125,339.19000244140625,340.45001220703125,338.1199951171875,339.5,1465200
2023-11-20,317.5002746582031,339.45001220703125,341.32000732421875,337.5,340.0,3146000
2023-11-21,313.3099365234375,334.9700012207031,339.0899963378906,334.54998779296875,338.3599853515625,1900900
2023-11-22,316.7426452636719,338.6400146484375,338.9100036621094,335.3699951171875,336.94000244140625,1235200
2023-11-24,317.2196350097656,339.1499938964844,340.2699890136719,337.6400146484375,338.79998779296875,460100
2023-11-27,315.87274169921875,337.7099914550781,340.0199890136719,335.739990234375,339.19000244140625,1250500
2023-11-28,315.81658935546875,337.6499938964844,338.3999938964844,334.8699951171875,337.3800048828125,1419000
2023-11-29,320.8712158203125,340.260009765625,343.5299987792969,336.510009765625,337.0,2038100
2023-11-30,322.07830810546875,341.5400085449219,344.760009765625,340.0899963378906,341.67999267578125,1903600
2023-12-01,328.57568359375,348.42999267578125,348.8900146484375,340.4200134277344,341.4599914550781,3623300
2023-12-04,329.48095703125,349.3900146484375,350.489990234375,345.2900085449219,346.29998779296875,2178100
2023-12-05,322.2763366699219,341.75,346.8299865722656,340.5400085449219,346.6000061035156,2429700
2023-12-06,322.4837951660156,341.9700012207031,347.0,341.6000061035156,343.510009765625,1869300
2023-12-07,324.9827880859375,344.6199951171875,344.69000244140625,342.0,343.7099914550781,2162400
2023-12-08,330.8388671875,350.8299865722656,352.2900085449219,343.7799987792969,344.30999755859375,2238800
2023-12-11,331.7159423828125,351.760009765625,353.0299987792969,349.04998779296875,351.44000244140625,1636000
2023-12-12,332.5174865722656,352.6099853515625,354.0,349.5799865722656,351.4100036621094,1597600
2023-12-13,342.0608215332031,362.7300109863281,362.8500061035156,351.6000061035156,352.94000244140625,2876500
2023-12-14,361.6189880371094,383.4700012207031,386.20001220703125,365.0,366.5,5376300
2023-12-15,358.8277282714844,380.510009765625,385.8999938964844,379.32000732421875,380.19000244140625,4522300
2023-12-18,354.951904296875,376.3999938964844,382.760009765625,375.9100036621094,381.260009765625,2740900
2023-12-19,360.6571350097656,382.45001220703125,383.7699890136719,374.54998779296875,376.010009765625,2091800
2023-12-20,356.008056640625,377.5199890136719,385.1300048828125,377.25,380.7300109863281,1836500
2023-12-21,358.8843078613281,380.57000732421875,381.489990234375,377.010009765625,380.04998779296875,1301600
2023-12-22,358.95965576171875,380.6499938964844,383.489990234375,379.4100036621094,382.0,1538200
2023-12-26,359.864990234375,381.6099853515625,382.6099853515625,380.04998779296875,380.6499938964844,837300
2023-12-27,362.57147216796875,384.4800109863281,385.75,380.30999755859375,381.20001220703125,1367200
2023-12-28,364.3915100097656,386.4100036621094,387.760009765625,383.6300048828125,384.5199890136719,1024700
2023-12-29,363.7879638671875,385.7699890136719,386.6400146484375,383.57000732421875,385.57000732421875,881300
2024-01-02,366.1737976074219,388.29998779296875,389.1400146484375,382.19000244140625,383.0,2263100
2024-01-03,360.0347900390625,381.7900085449219,385.3999938964844,376.760009765625,383.8800048828125,2265300
2024-01-04,361.128662109375,382.95001220703125,387.0899963378906,381.95001220703125,383.54998779296875,1618300
2024-01-05,364.4197998046875,386.44000244140625,389.4700012207031,381.0799865722656,381.9200134277344,2913900
2024-01-08,366.70184326171875,388.8599853515625,389.0799865722656,382.0299987792969,385.9700012207031,1902600
2024-01-09,361.8736267089844,383.739990234375,385.95001220703125,381.7699890136719,384.6000061035156,1708800
2024-01-10,360.1950378417969,381.9599914550781,383.04998779296875,378.5299987792969,381.3500061035156,1547300
2024-01-11,358.11102294921875,379.75,380.9800109863281,374.67999267578125,380.8900146484375,2209900
2024-01-12,356.2249755859375,377.75,385.8500061035156,376.5799865722656,383.3399963378906,2223800
2024-01-16,358.77105712890625,380.45001220703125,385.010009765625,374.32000732421875,378.3599853515625,3926600
2024-01-17,355.6874084472656,377.17999267578125,380.20001220703125,374.1300048828125,375.20001220703125,2415100
2024-01-18,355.4328308105469,376.9100036621094,381.6400146484375,374.55999755859375,380.3299865722656,1771200
2024-01-19,360.42144775390625,382.20001220703125,383.29998779296875,372.07000732421875,376.7300109863281,2603300
2024-01-22,363.9671325683594,385.9599914550781,392.7300109863281,384.55999755859375,386.3599853515625,2922700
2024-01-23,359.0729064941406,380.7699890136719,383.3599853515625,378.6300048828125,379.9800109863281,3313300
2024-01-24,357.7809753417969,379.3999938964844,384.6099853515625,379.17999267578125,381.80999755859375,2235800
2024-01-25,360.8929443359375,382.70001220703125,386.7099914550781,382.010009765625,382.69000244140625,2376300
2024-01-26,356.2626953125,377.7900085449219,380.8999938964844,376.75,378.6499938964844,3464700
2024-01-29,358.8748474121094,380.55999755859375,380.8399963378906,374.239990234375,375.8900146484375,1632300
2024-01-30,364.8252868652344,386.8699951171875,387.9200134277344,381.5899963378906,384.0,3897900
2024-01-31,362.1282043457031,384.010009765625,393.9100036621094,383.70001220703125,386.0,3421100
2024-02-01,361.9774169921875,383.8500061035156,389.5400085449219,378.79998779296875,384.42999267578125,2138500
2024-02-02,365.75885009765625,387.8599853515625,388.739990234375,380.6000061035156,381.79998779296875,2180900
2024-02-05,361.19464111328125,383.0199890136719,385.3299865722656,381.0,384.6000061035156,2231100
2024-02-06,363.05242919921875,384.989990234375,386.82000732421875,383.0,383.0199890136719,1487800
2024-02-07,364.6272277832031,386.6600036621094,387.07000732421875,382.5,385.30999755859375,1963200
2024-02-08,363.09954833984375,385.0400085449219,388.1099853515625,381.3399963378906,386.0,1913700
2024-02-09,362.364013671875,384.260009765625,386.1300048828125,382.5899963378906,384.7699890136719,2028200
2024-02-12,370.2664489746094,392.6400146484375,396.3500061035156,384.32000732421875,385.0,2797200
2024-02-13,357.1679992675781,378.75,389.1600036621094,375.20001220703125,387.5899963378906,3030800
2024-02-14,356.4984436035156,378.0400085449219,381.4800109863281,375.7799987792969,380.8800048828125,2041300
2024-02-15,363.4578857421875,385.4200134277344,387.2099914550781,379.1400146484375,379.4200134277344,2218900
2024-02-16,362.5338134765625,384.44000244140625,387.5799865722656,380.95001220703125,383.239990234375,2376800
2024-02-20,362.60919189453125,384.5199890136719,385.5799865722656,380.8500061035156,380.95001220703125,2358900
2024-02-21,366.1454772949219,388.2699890136719,388.6600036621094,381.260009765625,381.8399963378906,1772500
2024-02-22,368.2201843261719,390.4700012207031,395.6000061035156,389.0,389.2300109863281,2326800
2024-02-23,368.7670593261719,391.04998779296875,396.7900085449219,389.2099914550781,390.0,2247400
2024-02-26,367.98443603515625,390.2200012207031,396.05999755859375,388.82000732421875,391.04998779296875,1797800
2024-02-27,368.540771484375,390.80999755859375,395.8999938964844,389.3299865722656,392.260009765625,1724900
2024-02-28,373.4032287597656,393.17999267578125,393.260009765625,387.0,387.19000244140625,2572900
2024-02-29,369.4809265136719,389.04998779296875,395.9800109863281,385.6700134277344,395.2200012207031,3139100
2024-03-01,368.5787658691406,388.1000061035156,391.0400085449219,385.25,389.6300048828125,1697700
2024-03-04,372.52001953125,392.25,396.57000732421875,386.20001220703125,388.80999755859375,1955100
2024-03-05,371.2474365234375,390.9100036621094,397.489990234375,390.30999755859375,390.7200012207031,2697800
2024-03-06,369.9748229980469,389.57000732421875,395.2900085449219,384.5199890136719,395.0,2692400
2024-03-07,368.89215087890625,388.42999267578125,394.510009765625,387.05999755859375,391.8999938964844,2033100
2024-03-08,367.5245666503906,386.989990234375,395.6199951171875,386.7099914550781,388.7300109863281,1657200
2024-03-11,366.736328125,386.1600036621094,386.4100036621094,381.4200134277344,385.6700134277344,1654200
2024-03-12,368.6547546386719,388.17999267578125,389.1300048828125,383.7799987792969,387.6199951171875,1703900
2024-03-13,372.5770263671875,392.30999755859375,395.25,388.17999267578125,388.9100036621094,2370600
2024-03-14,369.06317138671875,388.6099853515625,396.3800048828125,385.45001220703125,394.42999267578125,3029500
2024-03-15,367.73358154296875,387.2099914550781,391.1300048828125,386.3999938964844,388.8699951171875,3763900
2024-03-18,365.036376953125,384.3699951171875,389.0299987792969,383.4100036621094,388.6499938964844,2069000
2024-03-19,369.1106262207031,388.6600036621094,390.7799987792969,383.7099914550781,384.07000732421875,1858200
2024-03-20,376.5278015136719,396.4700012207031,396.5,386.0,386.3599853515625,2157400
2024-03-21,392.9006042480469,413.7099914550781,414.0199890136719,399.0899963378906,399.7699890136719,4613800
2024-03-22,386.35711669921875,406.82000732421875,416.760009765625,405.7799987792969,414.3999938964844,2190300
2024-03-25,384.5716857910156,404.94000244140625,410.4599914550781,403.8599853515625,406.8699951171875,1683900
2024-03-26,385.7493591308594,406.17999267578125,409.3299865722656,404.5199890136719,406.0899963378906,1407000
2024-03-27,394.3631591796875,415.25,415.489990234375,408.3699951171875,409.6199951171875,2353600
2024-03-28,396.6803894042969,417.69000244140625,419.20001220703125,414.9800109863281,416.2099914550781,2409700
2024-04-01,392.7106628417969,413.510009765625,417.95001220703125,412.0,416.67999267578125,1863900
2024-04-02,389.5196533203125,410.1499938964844,413.1700134277344,407.6199951171875,410.739990234375,1976000
2024-04-03,393.1760559082031,414.0,416.6300048828125,411.0,411.0,1549200
2024-04-04,385.8158264160156,406.25,419.0,405.70001220703125,418.0,1704700
2024-04-05,387.5443115234375,408.07000732421875,409.1400146484375,401.4700012207031,406.55999755859375,1694900
2024-04-08,389.8901062011719,410.5400085449219,412.5299987792969,407.54998779296875,409.1000061035156,1181900
2024-04-09,390.0514831542969,410.7099914550781,413.2200012207031,407.04998779296875,411.510009765625,1247200
2024-04-10,380.6019592285156,400.760009765625,405.45001220703125,397.2900085449219,404.010009765625,1903300
2024-04-11,377.4869689941406,397.4800109863281,401.4700012207031,394.8399963378906,400.4800109863281,2176200
2024-04-12,369.89886474609375,389.489990234375,394.0899963378906,387.1199951171875,392.8399963378906,2815800
2024-04-15,380.71600341796875,400.8800048828125,412.8699951171875,398.69000244140625,407.0,6177000
2024-04-16,376.8981018066406,396.8599853515625,404.9700012207031,395.17999267578125,404.45001220703125,3459700
2024-04-17,383.59356689453125,403.9100036621094,407.1199951171875,401.17999267578125,402.3999938964844,4373800
2024-04-18,382.8337707519531,403.1099853515625,407.8599853515625,402.4100036621094,405.489990234375,2776300
2024-04-19,383.67901611328125,404.0,408.0,403.010009765625,404.05999755859375,2805500
2024-04-22,396.3575134277344,417.3500061035156,417.9800109863281,404.57000732421875,406.94000244140625,4165600
2024-04-23,402.6729736328125,424.0,425.3500061035156,416.20001220703125,417.7099914550781,2662300
2024-04-24,401.7613525390625,423.0400085449219,424.5799865722656,419.6099853515625,421.5,1575900
2024-04-25,398.92169189453125,420.04998779296875,423.6099853515625,414.8500061035156,420.989990234375,1970100
2024-04-26,406.0634765625,427.57000732421875,428.5299987792969,419.6400146484375,420.2300109863281,2322700
2024-04-29,409.14044189453125,430.80999755859375,433.3299865722656,427.20001220703125,427.57000732421875,2453000
2024-04-30,405.24664306640625,426.7099914550781,431.3900146484375,426.0,428.5,1829900
2024-05-01,405.4746398925781,426.95001220703125,433.42999267578125,425.19000244140625,426.69000244140625,2310100
2024-05-02,410.81195068359375,432.57000732421875,433.6499938964844,428.1700134277344,431.20001220703125,2087500
2024-05-03,416.13970947265625,438.17999267578125,442.29998779296875,434.9200134277344,435.0,2406300
2024-05-06,421.3536376953125,443.6700134277344,444.3800048828125,439.67999267578125,441.75,1914300
2024-05-07,421.47711181640625,443.79998779296875,447.4200134277344,442.8699951171875,445.1700134277344,2058200
2024-05-08,424.4686584472656,446.95001220703125,448.0199890136719,442.04998779296875,442.79998779296875,2006700
2024-05-09,432.6455383300781,455.55999755859375,456.42999267578125,446.3399963378906,446.3399963378906,2710200
2024-05-10,431.8573303222656,454.7300109863281,458.75,454.32000732421875,456.5199890136719,1823900
2024-05-13,430.7461242675781,453.55999755859375,457.20001220703125,453.32000732421875,456.2699890136719,1579600
2024-05-14,435.4092102050781,458.4700012207031,461.7699890136719,454.010009765625,454.8399963378906,2412900
2024-05-15,442.64593505859375,466.0899963378906,466.19000244140625,460.95001220703125,461.5899963378906,2217700
2024-05-16,441.1549072265625,464.5199890136719,468.25,462.2799987792969,464.3699951171875,2070300
2024-05-17,444.19390869140625,467.7200012207031,468.6600036621094,464.25,466.3800048828125,1655900
2024-05-20,439.6543273925781,462.94000244140625,471.4800109863281,462.6000061035156,468.20001220703125,2591500
2024-05-21,446.74859619140625,470.4100036621094,471.30999755859375,462.20001220703125,462.2300109863281,2762600
2024-05-22,439.12255859375,462.3800048828125,470.3299865722656,459.75,467.3599853515625,2729500
2024-05-23,435.1053466796875,458.1499938964844,464.30999755859375,457.4100036621094,464.2300109863281,2254500
2024-05-24,437.98291015625,461.17999267578125,465.25,459.1000061035156,459.8399963378906,1932200
2024-05-28,436.6817932128906,459.80999755859375,463.69000244140625,458.9100036621094,459.94000244140625,1930800
2024-05-29,434.17462158203125,457.1700134277344,458.739990234375,451.6499938964844,454.8399963378906,2315700
2024-05-30,430.1712646484375,450.2300109863281,455.8599853515625,447.6000061035156,453.0,2135000
2024-05-31,436.18096923828125,456.5199890136719,456.7699890136719,448.1199951171875,449.760009765625,2638300
2024-06-03,434.70965576171875,454.9800109863281,458.8699951171875,450.20001220703125,458.8699951171875,1930700
2024-06-04,435.0153503417969,455.29998779296875,457.7099914550781,449.2099914550781,450.5,1835000
2024-06-05,441.1111145019531,461.67999267578125,463.0199890136719,457.5,457.54998779296875,1678900
2024-06-06,437.69061279296875,458.1000061035156,464.5199890136719,457.010009765625,461.82000732421875,1598000
2024-06-07,434.64276123046875,454.9100036621094,461.1600036621094,454.5,455.44000244140625,1736100
2024-06-10,433.3432922363281,453.54998779296875,455.3599853515625,450.29998779296875,452.3299865722656,1698600
2024-06-11,424.4767761230469,444.2699890136719,451.8599853515625,443.3800048828125,451.0400085449219,1938200
2024-06-12,428.70941162109375,448.70001220703125,457.6400146484375,446.19000244140625,455.6000061035156,1733000
2024-06-13,426.4641418457031,446.3500061035156,448.32000732421875,442.1499938964844,446.7300109863281,1849100
2024-06-14,426.5691833496094,446.4599914550781,448.2300109863281,439.1499938964844,441.989990234375,1559100
2024-06-17,430.1235046386719,450.17999267578125,450.7799987792969,443.3900146484375,445.1000061035156,1531600
2024-06-18,437.0504455566406,457.42999267578125,457.69000244140625,448.510009765625,449.57000732421875,1798400
2024-06-20,437.642822265625,458.04998779296875,460.4100036621094,455.239990234375,458.0,2080600
2024-06-21,430.1235046386719,450.17999267578125,458.79998779296875,449.8999938964844,458.67999267578125,3780800
2024-06-24,441.5028381347656,462.0899963378906,463.5199890136719,450.0,451.25,1882200
2024-06-25,437.0027160644531,457.3800048828125,464.0799865722656,456.75,459.4599914550781,1555900
2024-06-26,435.5504150390625,455.8599853515625,457.92999267578125,452.45001220703125,455.4100036621094,2131700
2024-06-27,426.09149169921875,445.9599914550781,449.7799987792969,442.79998779296875,449.7799987792969,2835200
2024-06-28,432.1681213378906,452.32000732421875,457.3399963378906,449.5299987792969,450.1000061035156,3839700
2024-07-01,443.0029602050781,463.6600036621094,464.0199890136719,454.010009765625,454.510009765625,1850500
2024-07-02,444.8659973144531,465.6099853515625,466.2699890136719,459.6000061035156,461.510009765625,1491800
2024-07-03,447.0730895996094,467.9200134277344,469.8900146484375,465.82000732421875,469.0400085449219,993900
2024-07-05,444.0443420410156,464.75,467.5799865722656,460.1300048828125,467.4700012207031,1593800
2024-07-08,444.1112365722656,464.82000732421875,474.8599853515625,464.0400085449219,467.6499938964844,2214300
2024-07-09,451.7643737792969,472.8299865722656,479.29998779296875,461.5799865722656,465.6000061035156,4525100
2024-07-10,457.554443359375,478.8900146484375,479.8599853515625,469.8500061035156,472.510009765625,1946000
2024-07-11,457.8792724609375,479.2300109863281,483.1600036621094,476.2699890136719,480.0,2251400
2024-07-12,458.500244140625,479.8800048828125,483.44000244140625,478.1000061035156,480.92999267578125,2727800
2024-07-15,470.3001403808594,492.2300109863281,493.0,476.30999755859375,480.25,3568200
2024-07-16,480.60931396484375,503.0199890136719,506.5899963378906,491.989990234375,494.0,3981700
2024-07-17,479.80670166015625,502.17999267578125,509.4800109863281,499.42999267578125,503.0,3908900
2024-07-18,464.5482177734375,486.2099914550781,503.69000244140625,484.2200012207031,499.5199890136719,3320200
2024-07-19,463.3253173828125,484.92999267578125,492.6000061035156,483.19000244140625,489.1199951171875,2032700
2024-07-22,465.34130859375,487.0400085449219,489.4700012207031,482.3800048828125,484.55999755859375,1792500
2024-07-23,470.2235412597656,492.1499938964844,495.80999755859375,486.2799987792969,487.0799865722656,2020500
2024-07-24,465.01641845703125,486.70001220703125,495.989990234375,485.82000732421875,489.260009765625,1598600
2024-07-25,469.8031921386719,491.7099914550781,496.1099853515625,483.2300109863281,486.04998779296875,1489700
2024-07-26,476.7971496582031,499.0299987792969,504.0,495.6499938964844,495.7200012207031,2249700
2024-07-29,470.76824951171875,492.7200012207031,502.0,491.05999755859375,500.4200134277344,1599500
2024-07-30,483.14129638671875,505.6700134277344,509.4700012207031,498.29998779296875,498.30999755859375,2642500
2024-07-31,486.3515625,509.0299987792969,517.260009765625,504.8599853515625,504.8599853515625,2658900
2024-08-01,477.8385314941406,500.1199951171875,514.02001953125,494.67999267578125,510.0,4006800
2024-08-02,449.6719055175781,470.6400146484375,494.4599914550781,467.2099914550781,491.1000061035156,6115500
2024-08-05,438.5696105957031,459.0199890136719,463.17999267578125,437.3699951171875,447.5899963378906,4177200
2024-08-06,449.2706604003906,470.2200012207031,475.25,457.42999267578125,461.010009765625,2209300
2024-08-07,451.93634033203125,473.010009765625,488.54998779296875,472.57000732421875,479.3900146484375,2587600
2024-08-08,464.1278381347656,485.7699890136719,487.7300109863281,477.1600036621094,477.8699951171875,1936400
2024-08-09,468.4178161621094,490.260009765625,492.0,482.20001220703125,485.0199890136719,1622700
2024-08-12,463.869873046875,485.5,492.8699951171875,483.75,490.260009765625,1839300
2024-08-13,470.02301025390625,491.94000244140625,493.2699890136719,486.4700012207031,490.2900085449219,1243700
2024-08-14,476.4817810058594,498.70001220703125,499.3500061035156,488.3999938964844,492.8999938964844,1545600
2024-08-15,476.7875061035156,499.0199890136719,506.9100036621094,498.260009765625,505.0,1732300
2024-08-16,481.79412841796875,504.260009765625,504.9100036621094,497.0,497.04998779296875,1587000
2024-08-19,482.1954040527344,504.67999267578125,507.7799987792969,501.8599853515625,505.0,1027900
2024-08-20,475.182373046875,497.3399963378906,504.1600036621094,496.5,503.8699951171875,2122700
2024-08-21,474.34161376953125,496.4599914550781,500.7799987792969,494.0299987792969,499.5,917100
2024-08-22,475.5740966796875,497.75,499.70001220703125,494.7900085449219,497.0,943800
2024-08-23,486.7242126464844,509.4200134277344,512.4400024414062,499.8500061035156,502.75,1751800
2024-08-26,485.24322509765625,507.8699951171875,513.5,505.32000732421875,512.3400268554688,1084200
2024-08-27,484.660400390625,507.260009765625,511.4800109863281,506.5899963378906,507.8399963378906,977900
2024-08-28,480.905517578125,503.3299865722656,508.3699951171875,498.4700012207031,506.6000061035156,1568100
2024-08-29,487.3739318847656,510.1000061035156,513.239990234375,501.1400146484375,506.0,1566300
2024-08-30,490.4013366699219,510.25,511.19000244140625,505.1700134277344,507.8299865722656,1838900
2024-09-03,468.4978332519531,487.4599914550781,509.70001220703125,485.3999938964844,507.4700012207031,2373600
2024-09-04,471.55419921875,490.6400146484375,496.20001220703125,486.70001220703125,486.70001220703125,1509400
2024-09-05,468.9015808105469,487.8800048828125,495.7699890136719,483.07000732421875,493.5799865722656,1828300
2024-09-06,460.9532470703125,479.6099853515625,495.4100036621094,477.05999755859375,486.6000061035156,1995600
2024-09-09,469.5647277832031,488.57000732421875,494.2799987792969,483.3900146484375,485.5299987792969,1714200
2024-09-10,448.9587097167969,467.1300048828125,489.20001220703125,461.57000732421875,489.1300048828125,3583100
2024-09-11,452.84161376953125,471.1700134277344,471.8900146484375,457.4800109863281,463.9800109863281,2426500
2024-09-12,455.619140625,474.05999755859375,474.3399963378906,465.3999938964844,471.29998779296875,1480500
2024-09-13,460.3573913574219,478.989990234375,482.1000061035156,475.5,475.989990234375,1794500
2024-09-16,466.287353515625,485.1600036621094,487.3800048828125,479.489990234375,481.42999267578125,1500300
2024-09-17,466.50848388671875,485.3900146484375,489.7300109863281,481.79998779296875,488.0,1444900
2024-09-18,465.7298889160156,484.5799865722656,492.989990234375,481.7699890136719,485.3999938964844,1699500
2024-09-19,484.2311096191406,503.8299865722656,506.4100036621094,493.4599914550781,494.739990234375,3060700
2024-09-20,479.0411376953125,498.42999267578125,502.04998779296875,495.4800109863281,500.19000244140625,4452600
2024-09-23,478.06085205078125,497.4100036621094,501.3999938964844,495.2200012207031,498.2099914550781,953200
2024-09-24,478.6471252441406,498.0199890136719,499.55999755859375,494.1000061035156,497.5899963378906,1035400
2024-09-25,472.0346984863281,491.1400146484375,502.0,490.3999938964844,498.5,1763900
2024-09-26,477.58990478515625,496.9200134277344,498.3999938964844,492.4800109863281,494.0,1378100
2024-09-27,479.11810302734375,498.510009765625,505.3999938964844,495.8599853515625,498.9700012207031,1420100
2024-09-30,475.85028076171875,495.1099853515625,496.5199890136719,488.8999938964844,494.8900146484375,1602500
2024-10-01,471.10247802734375,490.1700134277344,494.5799865722656,484.6099853515625,494.5799865722656,1528600
2024-10-02,472.8516540527344,491.989990234375,494.8599853515625,487.95001220703125,491.1700134277344,1445100
2024-10-03,467.1907653808594,486.1000061035156,490.510009765625,484.20001220703125,489.92999267578125,1290600
2024-10-04,475.8983459472656,495.1600036621094,496.30999755859375,486.0,495.6400146484375,1721600
2024-10-07,475.37933349609375,494.6199951171875,499.010009765625,490.7900085449219,494.6300048828125,1173300
2024-10-08,477.2535095214844,496.57000732421875,498.3399963378906,492.7799987792969,497.0,1296700
2024-10-09,485.528564453125,505.17999267578125,506.2699890136719,495.25,498.20001220703125,1695900
2024-10-10,484.1253356933594,503.7200012207031,506.79998779296875,499.5899963378906,506.30999755859375,1309000
2024-10-11,496.216064453125,516.2999877929688,517.969970703125,507.79998779296875,508.0,2409700
2024-10-14,502.4151611328125,522.75,523.0700073242188,515.510009765625,517.6500244140625,2174900
2024-10-15,502.0594787597656,522.3800048828125,540.510009765625,515.510009765625,538.7999877929688,4525400
2024-10-16,509.2486267089844,529.8599853515625,536.219970703125,525.97998046875,530.0,2649000
2024-10-17,508.4219970703125,529.0,535.2899780273438,528.22998046875,531.239990234375,2123500
2024-10-18,507.94140625,528.5,530.77001953125,526.8699951171875,529.3900146484375,1779200
2024-10-21,497.6576843261719,517.7999877929688,529.8499755859375,517.0,528.0,1752100
2024-10-22,498.13818359375,518.2999877929688,519.6300048828125,512.9400024414062,515.6099853515625,1588000
2024-10-23,497.0810546875,517.2000122070312,520.0,513.4000244140625,515.7999877929688,1263200
2024-10-24,504.0970764160156,524.5,525.0,518.2000122070312,519.0,2058200
2024-10-25,492.6598815917969,512.5999755859375,528.7999877929688,510.739990234375,528.0499877929688,1633200
2024-10-28,503.21282958984375,523.5800170898438,524.5900268554688,514.97998046875,515.4000244140625,1687100
2024-10-29,503.8855895996094,524.280029296875,527.239990234375,521.0,521.1799926757812,1281600
2024-10-30,504.0010070800781,524.4000244140625,530.7899780273438,523.0700073242188,523.4000244140625,1441600
2024-10-31,497.6480712890625,517.7899780273438,525.0,514.530029296875,522.4400024414062,2061700
2024-11-01,499.1473388671875,519.3499755859375,526.6400146484375,517.0399780273438,520.0,1625000
2024-11-04,491.5738830566406,511.4700012207031,518.0499877929688,510.510009765625,518.0,1797800
2024-11-05,506.4613342285156,526.9600219726562,527.4600219726562,512.5999755859375,513.0,2169900
2024-11-06,572.7965087890625,595.97998046875,598.6099853515625,566.0999755859375,567.2999877929688,8042800
2024-11-07,559.523681640625,582.1699829101562,595.0,581.52001953125,590.0,4475600
2024-11-08,566.3379516601562,589.260009765625,595.1500244140625,581.2999877929688,586.4199829101562,2714000
2024-11-11,578.9090576171875,602.3400268554688,607.1500244140625,596.1699829101562,598.9000244140625,2510800
2024-11-12,569.5383911132812,592.5900268554688,602.0900268554688,591.469970703125,598.0499877929688,2392900
2024-11-13,571.1049194335938,594.219970703125,603.5499877929688,592.6500244140625,594.6300048828125,1763100
2024-11-14,565.7131958007812,588.6099853515625,601.530029296875,586.239990234375,600.0,1670500
2024-11-15,570.4513549804688,593.5399780273438,595.1400146484375,587.0900268554688,593.3599853515625,2007700
2024-11-18,565.1173095703125,587.989990234375,595.0700073242188,584.719970703125,594.7100219726562,1848900
2024-11-19,558.7645263671875,581.3800048828125,584.760009765625,575.510009765625,579.6599731445312,2217400
2024-11-20,559.29296875,581.9299926757812,587.7999877929688,576.6199951171875,583.8300170898438,1528600
2024-11-21,572.9215087890625,596.1099853515625,600.7000122070312,584.510009765625,586.510009765625,2281900
2024-11-22,579.3319702148438,602.780029296875,603.9400024414062,594.4400024414062,596.219970703125,1733700
2024-11-25,579.5723266601562,603.030029296875,611.2999877929688,598.8300170898438,608.7899780273438,2940800
2024-11-26,581.9461669921875,605.5,607.1900024414062,593.0,600.1300048828125,2846500
2024-11-27,581.8788452148438,605.4299926757812,612.25,603.280029296875,607.6799926757812,1424500
2024-11-29,584.8967895507812,608.5700073242188,612.72998046875,607.0599975585938,609.3099975585938,1170200
2024-12-02,581.1685180664062,601.7100219726562,611.9099731445312,601.2999877929688,608.0,1804100
2024-12-03,581.5259399414062,602.0800170898438,611.4199829101562,600.7999877929688,608.9600219726562,1718100
2024-12-04,578.2710571289062,598.7100219726562,604.280029296875,596.760009765625,603.0,1617300
2024-12-05,576.4261474609375,596.7999877929688,606.5599975585938,596.3499755859375,600.530029296875,1672800
2024-12-06,579.2078247070312,599.6799926757812,600.0,594.3699951171875,597.1599731445312,1405700
2024-12-09,573.8377075195312,594.1199951171875,603.0,593.719970703125,598.989990234375,1633200
2024-12-10,565.0579223632812,585.030029296875,596.27001953125,583.760009765625,590.0,2600800
2024-12-11,572.330810546875,592.5599975585938,593.7100219726562,586.9000244140625,590.1199951171875,2195300
2024-12-12,571.4132690429688,591.6099853515625,596.3200073242188,588.6099853515625,592.5900268554688,1218400
2024-12-13,565.4926147460938,585.47998046875,595.0,585.0800170898438,594.0,1215000
2024-12-16,566.3135375976562,586.3300170898438,588.27001953125,578.7000122070312,588.0,1713300
2024-12-17,555.061279296875,574.6799926757812,581.6099853515625,572.2899780273438,580.8400268554688,2314100
2024-12-18,531.46533203125,550.25,579.469970703125,544.489990234375,577.489990234375,3271600
2024-12-19,535.0775756835938,553.989990234375,567.0,553.5999755859375,561.4400024414062,2753300
2024-12-20,546.7742919921875,566.0999755859375,572.9000244140625,553.3800048828125,554.9400024414062,4515900
2024-12-23,551.2943725585938,570.780029296875,571.6400146484375,561.7999877929688,565.0,1519500
2024-12-24,562.8944091796875,582.7899780273438,582.7899780273438,571.3599853515625,574.2000122070312,913400
2024-12-26,561.3876342773438,581.22998046875,582.5900268554688,577.5,578.1500244140625,1092000
2024-12-27,556.5100708007812,576.1799926757812,581.9600219726562,571.3499755859375,577.0,1486000
2024-12-30,553.9697875976562,573.5499877929688,576.02001953125,565.0999755859375,567.27001953125,1265900
2024-12-31,553.0715942382812,572.6199951171875,576.9199829101562,570.4000244140625,575.0700073242188,1055800
2025-01-02,555.3413696289062,574.969970703125,584.3099975585938,569.739990234375,579.3099975585938,2219000
2025-01-03,560.3253173828125,580.1300048828125,582.1400146484375,571.72998046875,581.0,1422600
2025-01-06,563.4739379882812,583.3900146484375,593.6500244140625,579.8200073242188,584.97998046875,2257000
2025-01-07,560.3155517578125,580.1199951171875,588.280029296875,568.4000244140625,587.1099853515625,2021900
2025-01-08,560.2189331054688,580.02001953125,581.2000122070312,572.6699829101562,581.0399780273438,1513400
2025-01-10,540.8823852539062,560.0,576.25,558.010009765625,576.25,2817900
2025-01-13,543.7318115234375,562.9500122070312,566.1900024414062,556.760009765625,557.8800048828125,1871200
2025-01-14,552.0188598632812,571.530029296875,573.5900268554688,565.2000122070312,569.6599731445312,2221900
2025-01-15,585.2348022460938,605.9199829101562,609.4099731445312,593.0,598.0,5119800
2025-01-16,592.0634155273438,612.989990234375,616.8400268554688,606.0,609.989990234375,3224500
2025-01-17,604.5713500976562,625.9400024414062,627.0,613.0,617.7999877929688,3425200
2025-01-21,613.0709228515625,634.739990234375,635.4299926757812,609.0,616.8099975585938,5076700
2025-01-22,611.1295776367188,632.72998046875,635.5999755859375,629.7100219726562,633.4400024414062,2835700
2025-01-23,617.6683959960938,639.5,645.5399780273438,634.489990234375,634.9199829101562,2582700
2025-01-24,615.1572265625,636.9000244140625,640.5999755859375,628.9600219726562,630.0,3183500
2025-01-27,611.6607666015625,633.280029296875,635.7100219726562,624.4600219726562,625.0,3351700
2025-01-28,616.0264892578125,637.7999877929688,639.0800170898438,631.8099975585938,632.2000122070312,2338000
2025-01-29,615.6207275390625,637.3800048828125,649.0,636.4099731445312,637.0,1918900
2025-01-30,623.65673828125,645.7000122070312,649.52001953125,641.0,644.489990234375,1812800
2025-01-31,618.5377197265625,640.4000244140625,650.0,637.4400024414062,650.0,1995100
2025-02-03,610.78173828125,632.3699951171875,638.47998046875,622.47998046875,626.0,2102600
2025-02-04,612.530029296875,634.1799926757812,637.6699829101562,629.0900268554688,632.0,1743400
2025-02-05,623.4153442382812,645.4500122070312,646.4099731445312,635.530029296875,638.0,1908200
2025-02-06,635.7493286132812,658.219970703125,658.8499755859375,648.9400024414062,650.0,2439200
2025-02-07,633.5086059570312,655.9000244140625,663.8699951171875,653.1599731445312,659.4000244140625,2616700
2025-02-10,628.3218383789062,650.530029296875,662.489990234375,644.25,659.02001953125,2351600
2025-02-11,625.1441650390625,647.239990234375,649.0399780273438,643.5999755859375,646.780029296875,2711400
2025-02-12,626.8441772460938,649.0,650.469970703125,639.1099853515625,643.760009765625,2295800
2025-02-13,626.7957763671875,648.9500122070312,652.0,640.510009765625,651.8300170898438,2031800
2025-02-14,637.9998168945312,660.5499877929688,663.260009765625,650.3200073242188,650.3200073242188,2246000
2025-02-18,649.242431640625,672.1900024414062,672.1900024414062,661.02001953125,662.5900268554688,2350100
2025-02-19,645.34033203125,668.1500244140625,671.0399780273438,663.280029296875,669.0800170898438,1953600
2025-02-20,620.334228515625,642.260009765625,670.280029296875,631.6599731445312,668.030029296875,3929000
2025-02-21,604.2429809570312,625.5999755859375,647.5,623.4299926757812,644.75,3000800
2025-02-24,604.7644653320312,626.1400146484375,637.2999877929688,614.7999877929688,633.510009765625,3274100
2025-02-25,593.9177856445312,614.9099731445312,631.3200073242188,606.0,628.530029296875,2885900
2025-02-26,596.6802978515625,617.77001953125,623.1300048828125,615.2000122070312,616.6699829101562,2001200
2025-02-27,587.2437744140625,608.0,625.22998046875,607.3099975585938,617.5399780273438,2396300
2025-02-28,604.0263061523438,622.2899780273438,623.6500244140625,604.010009765625,607.7899780273438,3337200
2025-03-03,587.4961547851562,605.260009765625,628.780029296875,598.3200073242188,622.4000244140625,3152300
2025-03-04,564.0841064453125,581.1400146484375,600.0,567.5700073242188,595.97998046875,4061000
2025-03-05,575.663818359375,593.0700073242188,597.1199951171875,576.780029296875,582.0900268554688,2600600
2025-03-06,551.0093383789062,567.6699829101562,586.7100219726562,564.6199951171875,580.5900268554688,4332300
2025-03-07,543.2442016601562,559.6699829101562,568.1699829101562,544.9099731445312,568.1699829101562,4069600
2025-03-10,516.0562133789062,531.6599731445312,546.469970703125,523.1300048828125,542.2999877929688,5272100
2025-03-11,515.8328857421875,531.4299926757812,539.989990234375,524.2000122070312,532.469970703125,4190500
2025-03-12,519.9874267578125,535.7100219726562,545.0,528.5900268554688,544.0,3078100
2025-03-13,509.4072570800781,524.8099975585938,538.1400146484375,520.0599975585938,535.6699829101562,2529100
2025-03-14,525.5200805664062,541.4099731445312,543.5700073242188,526.7000122070312,533.989990234375,2808100
2025-03-17,535.15869140625,551.3400268554688,557.1599731445312,540.0,541.22998046875,2695600
2025-03-18,535.5858154296875,551.780029296875,553.75,546.6500244140625,550.2899780273438,2641000
2025-03-19,540.9826049804688,557.3400268554688,563.0,544.5999755859375,549.0,2769800
2025-03-20,546.165771484375,562.6799926757812,568.4400024414062,552.0,553.0999755859375,2531300
2025-03-21,548.5536499023438,565.1400146484375,567.0,551.2100219726562,555.3300170898438,3565600
2025-03-24,563.0745239257812,580.0999755859375,582.719970703125,573.0499877929688,575.0,1877700
2025-03-25,568.7431640625,585.9400024414062,586.8900146484375,578.2100219726562,584.6900024414062,1875500
2025-03-26,557.0759887695312,573.9199829101562,592.6400146484375,571.0,588.3900146484375,1944200
2025-03-27,542.5161743164062,558.9199829101562,566.0,552.5499877929688,565.0,2100900
2025-03-28,527.179931640625,543.1199951171875,560.5,537.7100219726562,555.9500122070312,2773100
2025-03-31,530.2567749023438,546.2899780273438,547.3900146484375,528.5900268554688,533.8200073242188,2455100
2025-04-01,532.3533935546875,548.4500122070312,551.9600219726562,533.239990234375,543.25,1869600
2025-04-02,546.573486328125,563.0999755859375,567.3200073242188,539.0800170898438,539.7999877929688,2560700
2025-04-03,496.225830078125,511.2300109863281,529.989990234375,509.55999755859375,525.4299926757812,5193900
2025-04-04,456.99212646484375,470.80999755859375,492.0,460.0,487.0,8105200
2025-04-07,451.8476867675781,465.510009765625,489.9800109863281,439.3800048828125,446.8999938964844,6353800
2025-04-08,448.6542663574219,462.2200012207031,491.9200134277344,452.8299865722656,488.25,4240900
2025-04-09,501.7003173828125,516.8699951171875,522.0,447.1099853515625,451.3599853515625,7024100
2025-04-10,475.4247741699219,489.79998779296875,503.1000061035156,474.0,503.1000061035156,5374500
2025-04-11,479.9285888671875,494.44000244140625,498.5199890136719,478.5799865722656,487.0,3770200
2025-04-14,489.1886291503906,503.9800109863281,512.0,497.1499938964844,510.0,4392600
2025-04-15,492.98388671875,507.8900146484375,518.6500244140625,507.0,507.4100036621094,2501200
2025-04-16,484.4033203125,499.04998779296875,509.45001220703125,492.69000244140625,501.7200012207031,2765600
2025-04-17,494.5368957519531,509.489990234375,514.8300170898438,499.1199951171875,503.239990234375,2593500
2025-04-21,486.6454772949219,501.3599853515625,509.2699890136719,494.67999267578125,505.3999938964844,2859300
2025-04-22,504.7287902832031,519.989990234375,521.0,508.92999267578125,510.2300109863281,2514600
2025-04-23,513.775146484375,529.3099975585938,551.7899780273438,528.260009765625,533.6300048828125,3048100
2025-04-24,529.36376953125,545.3699951171875,546.8400268554688,523.4199829101562,527.0999755859375,2223600
2025-04-25,528.8687133789062,544.8599853515625,549.0900268554688,541.219970703125,544.5999755859375,1612700
2025-04-28,530.3636474609375,546.4000244140625,554.5,542.469970703125,544.8599853515625,1459700
2025-04-29,532.8096923828125,548.9199829101562,550.8800048828125,541.2999877929688,543.7899780273438,1695600
2025-04-30,531.4798583984375,547.5499877929688,549.52001953125,531.4500122070312,535.760009765625,2438300
2025-05-01,537.5756225585938,553.8300170898438,558.3499755859375,545.5,548.0999755859375,2583000
2025-05-02,549.4855346679688,566.0999755859375,569.780029296875,559.7000122070312,561.5800170898438,2883000
2025-05-05,543.1373901367188,559.5599975585938,566.5599975585938,557.5,558.3599853515625,2197200
2025-05-06,533.2367553710938,549.3599853515625,557.4400024414062,547.0599975585938,549.5999755859375,2902500
2025-05-07,535.7216186523438,551.9199829101562,555.3800048828125,547.739990234375,550.2100219726562,1954900
2025-05-08,549.09716796875,565.7000122070312,572.1599731445312,558.2100219726562,558.8200073242188,1994600
2025-05-09,550.4561157226562,567.0999755859375,572.0999755859375,565.780029296875,570.25,1522500
2025-05-12,573.9847412109375,591.3400268554688,603.3699951171875,588.0800170898438,596.260009765625,3527700
2025-05-13,586.0886840820312,603.8099975585938,607.7100219726562,593.0599975585938,593.2999877929688,2765800
2025-05-14,593.6500854492188,611.5999755859375,615.0,602.5,603.7999877929688,2874400
2025-05-15,597.8237915039062,615.9000244140625,619.2100219726562,609.72998046875,609.72998046875,2428100
2025-05-16,600.8619995117188,619.030029296875,620.7899780273438,613.5599975585938,616.9500122070312,2021800
2025-05-19,594.3295288085938,612.2999877929688,619.3800048828125,598.3400268554688,609.1900024414062,2842100
2025-05-20,588.71923828125,606.52001953125,611.5499877929688,603.010009765625,607.75,1601600
2025-05-21,576.04248046875,593.4600219726562,609.8699951171875,592.0,601.7999877929688,2635900
2025-05-22,580.6724243164062,598.22998046875,602.2000122070312,592.510009765625,592.5499877929688,1939600
2025-05-23,580.9733276367188,598.5399780273438,601.9600219726562,582.5,585.0,1530600
2025-05-27,597.6588134765625,615.72998046875,617.6699829101562,604.9500122070312,605.9000244140625,2364700
2025-05-28,590.5828857421875,608.4400024414062,618.6300048828125,607.3099975585938,617.280029296875,2001900
2025-05-29,587.10791015625,604.8599853515625,610.0,598.2999877929688,608.52001953125,1736100
2025-05-30,585.732421875,600.4500122070312,603.5999755859375,593.8300170898438,600.0,2129500
2025-06-02,584.0447998046875,598.719970703125,599.1699829101562,592.1699829101562,598.5999755859375,1221200
2025-06-03,589.0296020507812,603.8300170898438,606.3200073242188,593.72998046875,600.0,1730300
2025-06-04,584.5228881835938,599.2100219726562,606.3300170898438,598.719970703125,605.47998046875,1294900
2025-06-05,591.0293579101562,605.8800048828125,609.719970703125,592.9000244140625,600.0,2086700
2025-06-06,598.9503173828125,614.0,621.3800048828125,610.0,613.0,1675900
2025-06-09,598.4820556640625,613.52001953125,619.0999755859375,611.010009765625,614.75,1610700
2025-06-10,599.7990112304688,614.8699951171875,616.5499877929688,609.3099975585938,613.0,1376400
2025-06-11,608.8709716796875,624.1699829101562,629.8400268554688,614.5900268554688,617.1799926757812,2063600
2025-06-12,609.7880249023438,625.1099853515625,626.010009765625,615.7999877929688,621.0,1634700
2025-06-13,598.5015258789062,613.5399780273438,620.1199951171875,609.5900268554688,616.0499877929688,1674800
2025-06-16,612.4608764648438,627.8499755859375,632.27001953125,618.0,619.0,1870400
2025-06-17,609.3295288085938,624.6400146484375,631.6699829101562,623.0,624.7000122070312,1479300
2025-06-18,619.669677734375,635.239990234375,639.8800048828125,623.6500244140625,624.510009765625,2423100
2025-06-20,625.0933837890625,640.7999877929688,642.6400146484375,636.6900024414062,638.8300170898438,4115400
2025-06-23,631.0244140625,646.8800048828125,647.4199829101562,630.010009765625,639.260009765625,2020800
2025-06-24,645.881103515625,662.1099853515625,663.77001953125,653.239990234375,654.4500122070312,2307800
2025-06-25,653.450927734375,669.8699951171875,670.1199951171875,660.7899780273438,664.5999755859375,1566400
2025-06-26,670.3170166015625,687.1599731445312,689.3300170898438,670.510009765625,670.6199951171875,2849500
2025-06-27,673.8776245117188,690.8099975585938,694.2000122070312,685.3900146484375,691.0,3650500
2025-06-30,690.4024047851562,707.75,714.2999877929688,702.9500122070312,714.27001953125,3976400
2025-07-01,689.14404296875,706.4600219726562,713.010009765625,700.6099853515625,708.0,3301000
2025-07-02,698.3429565429688,715.8900146484375,718.72998046875,705.0800170898438,708.7999877929688,2906500
2025-07-03,705.9419555664062,723.6799926757812,726.0,713.4000244140625,715.9099731445312,1502000
2025-07-07,693.5044555664062,710.9299926757812,723.969970703125,706.3400268554688,721.7000122070312,2863700
2025-07-08,680.1890258789062,697.280029296875,711.1900024414062,693.77001953125,710.719970703125,3100700
2025-07-09,679.4866943359375,696.5599975585938,704.3400268554688,694.7100219726562,704.3400268554688,1763400
2025-07-10,691.7388305664062,709.1199951171875,710.3800048828125,696.4500122070312,696.739990234375,1733500
2025-07-11,687.6710815429688,704.9500122070312,706.0,700.22998046875,703.5900268554688,1681800
2025-07-14,695.81640625,713.2999877929688,713.4299926757812,702.1300048828125,704.739990234375,1909300
2025-07-15,685.2908325195312,702.510009765625,714.6900024414062,700.0399780273438,713.2999877929688,1981200
2025-07-16,691.4462280273438,708.8200073242188,709.780029296875,691.2999877929688,708.5,3323200
2025-07-17,688.5392456054688,705.8400268554688,717.4500122070312,704.280029296875,706.280029296875,2046100
2025-07-18,690.89990234375,708.260009765625,710.2899780273438,698.3900146484375,707.0599975585938,1925200
2025-07-21,688.6953125,706.0,712.760009765625,704.3499755859375,709.1400146484375,2006500
2025-07-22,683.2422485351562,700.4099731445312,706.489990234375,691.8800048828125,703.6599731445312,1978900
2025-07-23,699.9329833984375,717.52001953125,719.010009765625,701.5,702.0,2395700
2025-07-24,701.55224609375,719.1799926757812,725.77001953125,714.72998046875,718.9299926757812,1974700
2025-07-25,711.112060546875,728.97998046875,729.8900146484375,718.3499755859375,720.760009765625,1851400
2025-07-28,705.9127197265625,723.6500244140625,732.52001953125,722.1699829101562,728.0,1464800
2025-07-29,714.0385131835938,731.97998046875,734.1300048828125,722.4199829101562,726.8499755859375,2136000
2025-07-30,712.838623046875,730.75,737.8800048828125,723.1799926757812,731.1400146484375,1816200
2025-07-31,705.8541870117188,723.5900268554688,734.0399780273438,720.4400024414062,726.5900268554688,2358100
2025-08-01,692.1777954101562,709.5700073242188,714.52001953125,694.0499877929688,710.510009765625,2999100
2025-08-04,708.2343139648438,726.030029296875,726.7899780273438,715.2000122070312,715.2000122070312,1753700
2025-08-05,703.2398681640625,720.9099731445312,729.4000244140625,714.5499877929688,728.0,1977300
2025-08-06,706.9759521484375,724.739990234375,728.2999877929688,722.0,724.5,1477100
2025-08-07,702.0985717773438,719.739990234375,732.9400024414062,717.6099853515625,730.6199951171875,1400400
2025-08-08,703.591064453125,721.27001953125,728.0,718.6500244140625,725.8599853515625,1275400
2025-08-11,701.6107788085938,719.239990234375,723.8400268554688,715.739990234375,722.2000122070312,1273500
2025-08-12,725.1591186523438,743.3800048828125,748.1400146484375,724.3499755859375,725.280029296875,2418100
2025-08-13,726.4369506835938,744.6900024414062,748.9099731445312,732.6199951171875,745.780029296875,1862600
2025-08-14,728.885498046875,747.2000122070312,748.1599731445312,737.0,742.719970703125,1371200
2025-08-15,712.809326171875,730.719970703125,749.0499877929688,729.1799926757812,749.0,1645900
2025-08-18,713.0435180664062,730.9600219726562,731.6099853515625,723.8699951171875,729.5,1157800
2025-08-19,703.6983642578125,721.3800048828125,730.0,717.72998046875,729.1599731445312,1856400
2025-08-20,703.0155029296875,720.6799926757812,722.25,705.5499877929688,721.2000122070312,1872700
2025-08-21,698.4013671875,715.9500122070312,719.219970703125,712.969970703125,716.5399780273438,1162000
2025-08-22,723.7056884765625,741.8900146484375,744.8400268554688,718.5800170898438,720.1400146484375,1948600
2025-08-25,720.6815185546875,738.7899780273438,746.5,738.3300170898438,741.8900146484375,1381200
2025-08-26,730.592529296875,748.9500122070312,749.1599731445312,733.8599853515625,737.7100219726562,1511600
2025-08-27,731.294921875,749.6699829101562,753.0,745.02001953125,745.969970703125,1534800
2025-08-28,732.8070068359375,751.219970703125,753.3300170898438,746.989990234375,750.989990234375,1411200
2025-08-29,730.8749389648438,745.25,748.9199829101562,738.9000244140625,746.7100219726562,1467000
2025-09-02,716.752685546875,730.8499755859375,736.3900146484375,721.1599731445312,736.3900146484375,2296400
2025-09-03,716.4683227539062,730.5599975585938,732.02001953125,722.2999877929688,728.5599975585938,1485600
2025-09-04,734.45458984375,748.9000244140625,748.9099731445312,731.1699829101562,733.75,1778200
2025-09-05,723.970703125,738.2100219726562,757.3499755859375,727.1500244140625,752.1900024414062,1822800
2025-09-08,727.5404663085938,741.8499755859375,743.5399780273438,733.5700073242188,739.4199829101562,1400100
2025-09-09,749.1847534179688,763.9199829101562,765.6199951171875,738.5399780273438,740.1300048828125,2611300
2025-09-10,754.735595703125,769.5800170898438,774.469970703125,761.6300048828125,761.8599853515625,1996200
2025-09-11,769.5933837890625,784.72998046875,793.1699829101562,771.3499755859375,772.0,2075700
2025-09-12,765.0134887695312,780.0599975585938,787.030029296875,776.260009765625,783.5,1099400
2025-09-15,771.584228515625,786.760009765625,792.3800048828125,781.4400024414062,782.9500122070312,1292000
2025-09-16,770.3779907226562,785.530029296875,790.010009765625,779.6900024414062,789.530029296875,1529500
2025-09-17,778.9002685546875,794.219970703125,798.5700073242188,785.22998046875,788.8599853515625,1945300
2025-09-18,788.7957153320312,804.3099975585938,807.280029296875,792.4000244140625,795.5700073242188,1501600
2025-09-19,789.4723510742188,805.0,809.6599731445312,797.3699951171875,804.0900268554688,3789800
2025-09-22,790.0216064453125,805.5599975585938,806.030029296875,797.5399780273438,801.1400146484375,1151000
2025-09-23,790.7669677734375,806.3200073242188,825.25,802.0,807.0999755859375,1758800
2025-09-24,777.1448364257812,792.4299926757812,812.8400268554688,792.3400268554688,809.5499877929688,1402500
2025-09-25,779.4299926757812,794.760009765625,798.1799926757812,782.010009765625,786.0,1413100
2025-09-26,787.0303955078125,802.510009765625,809.5,795.1300048828125,797.1599731445312,1376200
2025-09-29,788.609375,804.1199951171875,808.8400268554688,797.989990234375,807.7999877929688,1059000
2025-09-30,780.9891967773438,796.3499755859375,809.6199951171875,786.4500122070312,805.5,2463900
2025-10-01,770.3583374023438,785.510009765625,796.280029296875,783.22998046875,793.6199951171875,1788900
2025-10-02,764.3466186523438,779.3800048828125,791.0,772.4400024414062,788.8800048828125,1553700
2025-10-03,774.7421264648438,789.97998046875,794.9199829101562,777.8599853515625,783.0,1470500
2025-10-06,781.4110107421875,796.780029296875,802.5,780.0499877929688,795.0,1632600
2025-10-07,774.4185180664062,789.6500244140625,805.3200073242188,781.3900146484375,798.0,1547200
2025-10-08,761.5319213867188,776.510009765625,795.0,774.3400268554688,791.75,1939300
2025-10-09,764.9154052734375,779.9600219726562,782.9099731445312,771.3499755859375,778.8499755859375,1575000
2025-10-10,749.6162719726562,764.3599853515625,791.6599731445312,764.0,783.1199951171875,2457900
2025-10-13,771.6038818359375,786.780029296875,791.0499877929688,777.8800048828125,777.8800048828125,2766000
2025-10-14,755.8928833007812,770.760009765625,786.5700073242188,742.4600219726562,764.4500122070312,4710800
2025-10-15,753.1174926757812,767.9299926757812,782.489990234375,762.6599731445312,778.6199951171875,3217400
2025-10-16,743.46728515625,758.0900268554688,781.4400024414062,752.4099731445312,770.6599731445312,3160900
2025-10-17,736.2885131835938,750.77001953125,758.9400024414062,740.010009765625,758.1500244140625,2884700
2025-10-20,748.5963745117188,763.3200073242188,766.4199829101562,752.8800048828125,757.0,1925400
2025-10-21,744.3400268554688,758.97998046875,765.2999877929688,758.27001953125,759.0,1782200
2025-10-22,730.2374267578125,744.5999755859375,760.6099853515625,743.1099853515625,760.6099853515625,2141400
2025-10-23,736.2982788085938,750.780029296875,755.0,744.6599731445312,749.3400268554688,1615400
2025-10-24,768.759765625,783.8800048828125,784.6099853515625,756.0,759.8499755859375,2505600
2025-10-27,774.751953125,789.989990234375,796.7100219726562,787.010009765625,789.0,1645300
2025-10-28,776.8114013671875,792.0900268554688,798.3599853515625,787.3499755859375,792.0499877929688,1242000
2025-10-29,767.9556274414062,783.0599975585938,800.489990234375,778.8200073242188,788.0,2251500
2025-10-30,774.9186401367188,790.1599731445312,807.1400146484375,780.5999755859375,783.5599975585938,1829500
2025-10-31,774.1439208984375,789.3699951171875,791.719970703125,783.0,784.97998046875,1328100
2025-11-03,770.3682250976562,785.52001953125,796.0,781.4400024414062,789.5700073242188,1569100
2025-11-04,775.5758056640625,790.8300170898438,806.0,773.0,777.0,2046000
2025-11-05,777.792236328125,793.0900268554688,797.3599853515625,775.5800170898438,790.4400024414062,1832700
2025-11-06,772.3884887695312,787.5800170898438,798.2000122070312,777.0,794.0,1572500
2025-11-07,771.17236328125,786.3400268554688,787.0599975585938,762.7999877929688,783.0,2098400
2025-11-10,781.8228149414062,797.2000122070312,806.3599853515625,788.7999877929688,796.0800170898438,1698200
2025-11-11,794.679931640625,810.3099975585938,812.0,795.6099853515625,798.47998046875,1521500
2025-11-12,822.7871704101562,838.969970703125,840.0,814.1300048828125,814.1300048828125,2954100
2025-11-13,789.9627685546875,805.5,841.280029296875,805.02001953125,833.0599975585938,2557400
2025-11-14,775.6541748046875,790.9099731445312,800.6099853515625,778.0,795.5499877929688,2552000
2025-11-17,760.6002197265625,775.5599975585938,796.72998046875,770.5,790.0,1850600
2025-11-18,761.325927734375,776.2999877929688,787.7000122070312,766.5399780273438,772.0599975585938,1673500
2025-11-19,770.8290405273438,785.989990234375,787.8699951171875,775.0,776.2999877929688,1521100
2025-11-20,758.776123046875,773.7000122070312,816.0,772.1900024414062,795.25,2599000
2025-11-21,759.0997924804688,774.030029296875,780.3699951171875,754.0,776.8300170898438,2284700
2025-11-24,775.4580688476562,790.7100219726562,793.989990234375,775.3599853515625,778.6400146484375,2319500
2025-11-25,786.8440551757812,802.3200073242188,805.260009765625,777.989990234375,797.0,2252900
2025-11-26,800.27001953125,816.010009765625,819.5800170898438,805.0,805.8400268554688,1862500
2025-11-28,810.1065063476562,826.0399780273438,830.5700073242188,818.9500122070312,820.0,868300
2025-12-01,795.2193603515625,810.8599853515625,824.72998046875,809.6099853515625,818.5900268554688,2133200
2025-12-02,803.448974609375,815.2100219726562,819.7000122070312,808.2999877929688,811.1199951171875,2254200
2025-12-03,824.5008544921875,836.5700073242188,837.9099731445312,812.9500122070312,812.9500122070312,2347900
2025-12-04,825.7425537109375,837.8300170898438,843.989990234375,834.5,835.5399780273438,1670800
2025-12-05,842.2312622070312,854.5599975585938,856.2000122070312,836.52001953125,837.260009765625,2277500
2025-12-08,854.1862182617188,866.6900024414062,870.5599975585938,856.2999877929688,861.0999755859375,2238100
2025-12-09,863.9335327148438,876.5800170898438,883.719970703125,864.3099975585938,866.0,2274800
2025-12-10,876.4109497070312,889.239990234375,897.2000122070312,869.27001953125,871.3499755859375,2394300
2025-12-11,897.8865966796875,911.030029296875,919.0999755859375,888.0,889.97998046875,2683000
2025-12-12,875.1493530273438,887.9600219726562,914.989990234375,886.989990234375,913.75,2715200
2025-12-15,876.7559204101562,889.5900268554688,904.469970703125,889.5900268554688,892.0,1976600
2025-12-16,866.4664306640625,879.1500244140625,896.239990234375,874.3200073242188,890.22998046875,2161600
2025-12-17,859.744873046875,872.3300170898438,895.969970703125,868.4400024414062,886.3300170898438,2213300
2025-12-18,863.6575317382812,876.2999877929688,892.7899780273438,874.7000122070312,880.5,2066300
2025-12-19,880.5896606445312,893.47998046875,899.75,881.9500122070312,883.1699829101562,4808300
2025-12-22,886.030029296875,899.0,905.47998046875,894.8400268554688,896.52001953125,1442300
2025-12-23,888.7009887695312,901.7100219726562,905.9199829101562,893.7000122070312,900.3499755859375,1210200
2025-12-24,897.6401977539062,910.780029296875,911.8800048828125,898.7000122070312,901.1599731445312,771800
2025-12-26,893.9540405273438,907.0399780273438,913.3200073242188,905.3099975585938,911.0,995300
2025-12-29,879.3084716796875,892.1799926757812,906.47998046875,891.5599975585938,906.4500122070312,1578000
2025-12-30,871.660400390625,884.4199829101562,895.02001953125,881.1799926757812,894.739990234375,1833300
2025-12-31,866.318603515625,879.0,886.0,876.7899780273438,884.0999755859375,1221500
2026-01-02,901.1488647460938,914.3400268554688,914.4400024414062,880.75,884.0,2817600
2026-01-05,934.7568359375,948.4400024414062,961.6900024414062,912.5999755859375,914.4000244140625,3742000
2026-01-06,941.685302734375,955.469970703125,958.5700073242188,943.25,949.4099731445312,1966000
2026-01-07,927.44384765625,941.02001953125,958.25,934.0,956.8800048828125,2683300
2026-01-08,921.3431396484375,934.8300170898438,945.1900024414062,932.0,935.47998046875,1960800
2026-01-09,925.4332885742188,938.97998046875,946.1400146484375,932.7000122070312,938.77001953125,1334100
2026-01-12,935.8507690429688,949.5499877929688,950.5599975585938,929.1099853515625,934.0,2179600
2026-01-13,924.6152954101562,938.1500244140625,949.9400024414062,931.0,947.3200073242188,1969600
2026-01-14,919.21435546875,932.6699829101562,938.1500244140625,917.9000244140625,932.2999877929688,2513000
2026-01-15,961.78125,975.8599853515625,981.260009765625,924.6699829101562,924.9000244140625,3773700
2026-01-16,948.1211547851562,962.0,984.7000122070312,957.0,973.0,3071600
2026-01-20,929.7599487304688,943.3699951171875,962.5999755859375,939.0999755859375,946.3800048828125,2629100
2026-01-21,939.2608642578125,953.010009765625,968.9199829101562,943.4500122070312,944.0,2251300
2026-01-22,940.8772583007812,954.6500244140625,970.9500122070312,950.8099975585938,960.0599975585938,2468300
2026-01-23,905.623291015625,918.8800048828125,937.1900024414062,917.0499877929688,934.0800170898438,3872600
2026-01-26,918.4160766601562,931.8599853515625,933.739990234375,917.97998046875,918.4099731445312,2655900
2026-01-27,916.306884765625,929.719970703125,933.4000244140625,920.3900146484375,924.0,2012500
2026-01-28,923.2945556640625,936.8099975585938,937.1699829101562,922.760009765625,932.510009765625,1674100
2026-01-29,926.556884765625,940.1199951171875,955.3800048828125,925.1300048828125,937.2999877929688,2335400
2026-01-30,921.914794921875,935.4099731445312,947.0,923.1699829101562,933.9500122070312,1893700
2026-02-02,932.67724609375,946.3300170898438,949.4400024414062,912.0800170898438,932.1300048828125,1802000
2026-02-03,925.443115234375,938.989990234375,964.5,919.0599975585938,949.5,2321900
2026-02-04,900.123779296875,913.2999877929688,944.1599731445312,893.7999877929688,937.1199951171875,3561900
2026-02-05,877.56396484375,890.4099731445312,910.8300170898438,876.719970703125,901.6699829101562,3214300
2026-02-06,915.3508911132812,928.75,931.77001953125,907.22998046875,907.8699951171875,2473200
2026-02-09,930.0062866210938,943.6199951171875,949.0,927.1099853515625,929.0,2322600
2026-02-10,935.2988891601562,948.989990234375,961.8300170898438,929.9299926757812,945.7000122070312,3324900
2026-02-11,930.96240234375,944.5900268554688,968.1300048828125,931.280029296875,950.6400146484375,2654300
2026-02-12,891.5,904.5499877929688,968.3900146484375,903.97998046875,956.1699829101562,3188700
2026-02-13,892.0814819335938,905.1400146484375,905.989990234375,869.0,894.4099731445312,2623000
2026-02-17,902.82421875,916.0399780273438,921.5499877929688,905.6799926757812,907.72998046875,2008500
2026-02-18,920.259033203125,933.72998046875,947.7000122070312,919.97998046875,921.5800170898438,1864900
2026-02-19,903.4254760742188,916.6500244140625,929.6599731445312,906.489990234375,925.0,1974200
2026-02-20,908.934814453125,922.239990234375,922.3699951171875,900.5700073242188,912.5499877929688,2009100
2026-02-23,879.4366455078125,892.3099975585938,932.0,883.75,918.5,2535900
2026-02-24,889.2528686523438,902.27001953125,911.77001953125,881.6500244140625,885.4400024414062,1971500
2026-02-25,908.087158203125,921.3800048828125,922.510009765625,907.52001953125,914.719970703125,1763600
2026-02-26,915.5972900390625,929.0,938.3900146484375,921.5399780273438,927.760009765625,2220300
2026-02-27,847.1689453125,859.5700073242188,916.25,854.1500244140625,912.0,5552300
2026-03-02,853.7377319335938,861.7000122070312,873.6300048828125,836.0,840.0,2873200
2026-03-03,854.609619140625,862.5800170898438,868.3400268554688,824.6400146484375,836.0,3782100
2026-03-04,859.2364501953125,867.25,878.7999877929688,860.0,869.8400268554688,2081700
2026-03-05,827.7401733398438,835.4600219726562,866.52001953125,822.2000122070312,862.010009765625,3093700
2026-03-06,813.829833984375,821.4199829101562,827.1599731445312,801.3300170898438,816.0,2473000
2026-03-09,824.3418579101562,832.030029296875,836.6799926757812,795.0,810.0,3258200
2026-03-10,826.1054077148438,833.8099975585938,846.0900268554688,826.3499755859375,834.6799926757812,1871900
2026-03-11,816.1482543945312,823.760009765625,832.7999877929688,810.5399780273438,829.9500122070312,2227000
2026-03-12,780.2431640625,787.52001953125,807.2100219726562,784.0999755859375,805.3200073242188,3533000
2026-03-13,774.9822387695312,782.2100219726562,798.0,780.5,789.3599853515625,2567400
2026-03-16,787.4261474609375,794.77001953125,805.4600219726562,790.0,792.0,2082700
2026-03-17,799.582763671875,807.0399780273438,820.4400024414062,803.469970703125,806.2999877929688,1955600
2026-03-18,798.0371704101562,805.47998046875,816.1900024414062,801.0,801.0,1541300
2026-03-19,802.02001953125,809.5,816.1799926757812,790.5900268554688,792.9299926757812,1765900
2026-03-20,806.0128173828125,813.530029296875,827.22998046875,804.9299926757812,807.0,3918400
2026-03-23,823.5889282226562,831.27001953125,849.530029296875,829.0,833.0,2190300
2026-03-24,827.9976806640625,835.719970703125,844.5,818.0,824.9299926757812,1656100
2026-03-25,834.061279296875,841.8400268554688,854.75,833.9000244140625,845.010009765625,1628900
2026-03-26,815.0386352539062,822.6400146484375,844.7999877929688,816.1099853515625,833.7899780273438,2052200
2026-03-27,795.4711303710938,802.8900146484375,817.0999755859375,797.780029296875,813.6699829101562,2106800
2026-03-30,800.1375732421875,807.5999755859375,818.6300048828125,801.8800048828125,811.1199951171875,1621400
2026-03-31,838.1728515625,845.989990234375,848.5,810.0,823.9000244140625,2689800
2026-04-01,852.261474609375,860.2100219726562,870.2000122070312,850.1500244140625,859.9500122070312,1803600
2026-04-02,855.0653076171875,863.0399780273438,867.2999877929688,831.0,838.3900146484375,1717700
2026-04-06,858.0475463867188,866.0499877929688,873.2100219726562,859.77001953125,863.0,1444500
2026-04-07,856.1650390625,864.1500244140625,867.969970703125,850.0,858.0,1498400
2026-04-08,897.380615234375,905.75,918.1199951171875,893.5999755859375,903.010009765625,2439000
2026-04-09,895.3694458007812,903.719970703125,909.4000244140625,895.2899780273438,902.0,1797800
2026-04-10,899.4117431640625,907.7999877929688,908.9600219726562,895.0,903.3699951171875,1642700
2026-04-13,882.5588989257812,890.7899780273438,896.9400024414062,865.3400268554688,875.5499877929688,4236200
2026-04-14,901.224853515625,909.6300048828125,914.1900024414062,890.0999755859375,894.4199829101562,2822600
2026-04-15,891.178466796875,899.489990234375,927.7899780273438,897.0999755859375,915.0,2403900
2026-04-16,891.683837890625,900.0,907.9600219726562,895.8499755859375,897.989990234375,1742100
2026-04-17,917.3939819335938,925.9500122070312,929.1900024414062,912.219970703125,915.5,2805100
2026-04-20,933.0381469726562,941.739990234375,941.7999877929688,922.989990234375,923.6799926757812,2374300
2026-04-21,917.9884643554688,926.5499877929688,952.010009765625,922.5399780273438,944.5,1765400
2026-04-22,926.201904296875,934.8400268554688,940.97998046875,931.1500244140625,939.0,1382600
2026-04-23,922.694580078125,931.2999877929688,944.3900146484375,920.6900024414062,935.0,1655000
2026-04-24,918.3451538085938,926.9099731445312,932.9199829101562,919.219970703125,930.489990234375,1263300
2026-04-27,929.1444091796875,937.8099975585938,941.72998046875,926.0,926.0399780273438,1223000
2026-04-28,917.9884643554688,926.5499877929688,945.2999877929688,924.239990234375,941.239990234375,1501600
2026-04-29,897.2319946289062,905.5999755859375,930.0,899.1599731445312,927.5,1725900
2026-04-30,915.2341918945312,923.77001953125,928.0,905.0,910.4099731445312,1880300
2026-05-01,915.1747436523438,923.7100219726562,935.780029296875,912.1400146484375,916.4000244140625,1359800
2026-05-04,894.923583984375,903.27001953125,925.0,899.0,922.27001953125,1660100
2026-05-05,910.3992309570312,918.8900146484375,921.75,908.219970703125,909.72998046875,1507200
2026-05-06,928.6886596679688,937.3499755859375,944.0599975585938,931.3300170898438,935.9299926757812,2318200
2026-05-07,917.3147583007812,925.8699951171875,945.2899780273438,921.97998046875,937.9299926757812,1715300
2026-05-08,927.8267211914062,936.47998046875,939.780029296875,927.4600219726562,936.0,1665000
2026-05-11,936.1292114257812,944.8599853515625,949.780029296875,926.6300048828125,932.6500244140625,2411400
2026-05-12,937.15966796875,945.9000244140625,948.5,920.7999877929688,942.1599731445312,2236500
2026-05-13,946.5916748046875,955.4199829101562,959.5499877929688,933.0800170898438,941.8400268554688,2355200
2026-05-14,960.006591796875,968.9600219726562,975.6599731445312,960.5,966.9000244140625,1898000
2026-05-15,939.7058715820312,948.469970703125,959.5,941.6099853515625,953.6500244140625,1862700
2026-05-18,937.6154174804688,946.3599853515625,961.6900024414062,938.5499877929688,947.739990234375,1508000
2026-05-19,920.1582641601562,928.739990234375,939.6400146484375,923.8099975585938,933.219970703125,1767300
2026-05-20,973.0449829101562,982.1199951171875,982.72998046875,940.5,945.0,3104400
2026-05-21,979.0390625,988.1699829101562,999.5,970.2999877929688,982.2100219726562,2452300
2026-05-22,987.52001953125,996.72998046875,1005.3599853515625,990.9000244140625,994.6300048828125,1923500
2026-05-26,985.3304443359375,994.52001953125,1016.5399780273438,987.030029296875,1006.530029296875,2080600
2026-05-27,987.2623291015625,996.469970703125,1003.6500244140625,974.4199829101562,995.9099731445312,2195000
2026-05-28,999.0524291992188,1008.3699951171875,1009.969970703125,982.4500122070312,986.4199829101562,2273000
2026-05-29,1016.0836181640625,1025.56005859375,1027.219970703125,1004.0,1009.27001953125,2158000
2026-06-01,1043.469482421875,1048.5799560546875,1051.199951171875,1011.5999755859375,1015.3300170898438,2666700
2026-06-02,1059.3914794921875,1064.5799560546875,1073.969970703125,1047.8900146484375,1049.739990234375,2125600
2026-06-03,1035.9462890625,1041.02001953125,1055.969970703125,1031.010009765625,1055.280029296875,2562200
2026-06-04,1087.284912109375,1092.6099853515625,1095.9000244140625,1050.0,1052.8699951171875,2608800
2026-06-05,1033.6177978515625,1038.6800537109375,1098.3599853515625,1035.5999755859375,1092.8199462890625,2643800
2026-06-08,1039.906982421875,1045.0,1063.1800537109375,1042.3299560546875,1052.780029296875,2326700
2026-06-09,1026.980224609375,1032.010009765625,1064.3499755859375,1006.2999877929688,1061.7900390625,2868500
2026-06-10,996.409912109375,1001.2899780273438,1036.31005859375,1000.0399780273438,1028.3499755859375,2287200
2026-06-11,1030.592529296875,1035.6400146484375,1036.9200439453125,1000.4500122070312,1013.5,2561900
2026-06-12,1057.5704345703125,1062.75,1073.739990234375,1048.06005859375,1053.0,2206000
2026-06-15,1070.925048828125,1076.1700439453125,1094.1800537109375,1075.0,1089.52001953125,2364000
2026-06-16,1085.3543701171875,1090.6700439453125,1097.25,1085.530029296875,1086.0,1965500
2026-06-17,1093.7830810546875,1099.1400146484375,1121.949951171875,1094.2900390625,1098.4599609375,2180000
2026-06-18,1091.2156982421875,1096.56005859375,1125.0,1093.3299560546875,1120.0,4499200
2026-06-22,1100.977783203125,1106.3699951171875,1115.97998046875,1091.6300048828125,1109.699951171875,1894400
2026-06-23,1089.10595703125,1094.43994140625,1103.550048828125,1069.0,1077.3399658203125,2066900
2026-06-24,1071.6614990234375,1076.9100341796875,1090.0999755859375,1068.510009765625,1090.0,1933100
2026-06-25,1059.89892578125,1065.0899658203125,1105.25,1062.0999755859375,1095.6199951171875,1950000
2026-06-26,1014.6406860351562,1019.6099853515625,1057.0,1013.3800048828125,1054.739990234375,4008500
2026-06-29,1015.23779296875,1020.2100219726562,1035.9300537109375,1016.1699829101562,1029.18994140625,1887200
2026-06-30,1006.4408569335938,1011.3699951171875,1026.3199462890625,1006.1099853515625,1019.2899780273438,3162800
2026-07-01,1014.6406860351562,1019.6099853515625,1033.530029296875,1003.0,1010.0,1735000
2026-07-02,1016.02392578125,1021.0,1039.280029296875,1009.72998046875,1038.989990234375,1543500
2026-07-06,1050.1468505859375,1055.2900390625,1055.2900390625,1029.0,1029.8800048828125,1754400
2026-07-07,1037.896728515625,1042.97998046875,1053.8599853515625,1035.1300048828125,1052.0,1353500
2026-07-08,1024.621826171875,1029.6400146484375,1040.1800537109375,1011.9199829101562,1030.0,1699000
2026-07-09,1050.823486328125,1055.969970703125,1064.010009765625,1042.6099853515625,1055.0,1241800
2026-07-10,1050.037353515625,1055.1800537109375,1067.1700439453125,1048.0,1063.2099609375,1110600
2026-07-13,1040.8125,1045.9100341796875,1057.8199462890625,1036.8399658203125,1056.3399658203125,1799500
2026-07-14,1134.4439697265625,1140.0,1143.8399658203125,1082.0,1085.0,3792600
2026-07-15,1146.455078125,1152.0699462890625,1153.989990234375,1117.4000244140625,1148.4200439453125,2736800
2026-07-16,1090.1209716796875,1095.4599609375,1152.449951171875,1089.010009765625,1147.6500244140625,2529400
2026-07-17,1060.0283203125,1065.219970703125,1085.9300537109375,1047.1500244140625,1071.6400146484375,2162700
2026-07-20,1049.8880615234375,1055.030029296875,1087.9000244140625,1053.6600341796875,1074.6500244140625,1718300
2026-07-21,1080.269287109375,1085.56005859375,1088.47998046875,1063.0,1070.0699462890625,1718600
2026-07-22,1092.84765625,1098.199951171875,1106.6600341796875,1078.0,1078.52001953125,1538700
2026-07-23,1069.4820556640625,1074.719970703125,1084.72998046875,1062.47998046875,1072.52001953125,1852700
2026-07-24,1056.057861328125,1061.22998046875,1077.3800048828125,1051.8199462890625,1075.0,1381400
2026-07-27,1043.1212158203125,1048.22998046875,1088.5,1029.0,1080.1800537109375,2538900
2026-07-28,1028.3037109375,1033.3399658203125,1047.7099609375,1011.8699951171875,1041.9300537109375,2173100
2026-07-29,975.9700927734375,980.75,1028.1199951171875,977.7000122070312,1025.0,3198400
2026-07-30,1019.8650512695312,1024.8599853515625,1029.7900390625,998.510009765625,1007.3599853515625,2330800
2026-07-31,1013.4166870117188,1018.3800048828125,1042.97998046875,1008.5999755859375,1034.719970703125,1553700
2026-08-03,1022.054443359375,1027.06005859375,1027.9599609375,1005.1599731445312,1025.0,1706500
2026-08-04,1047.8480224609375,1052.97998046875,1066.1600341796875,1043.27001953125,1050.0,2653600
2026-08-05,1055.2119140625,1060.3800048828125,1077.2099609375,1060.02001953125,1063.7099609375,1648000
2026-08-06,1027.54736328125,1032.5799560546875,1068.0400390625,1030.780029296875,1062.0400390625,1726500
2026-08-07,1034.543212890625,1039.6099853515625,1047.0,1032.030029296875,1038.3399658203125,1429400
2026-08-10,1029.468017578125,1034.510009765625,1045.4300537109375,1030.0699462890625,1039.6099853515625,1819100
2026-08-11,1029.3685302734375,1034.4100341796875,1043.4300537109375,1027.18994140625,1036.3900146484375,1829300
2026-08-12,1032.1549072265625,1037.2099609375,1056.050048828125,1031.739990234375,1055.0,1737800
2026-08-13,1037.5484619140625,1042.6300048828125,1059.0699462890625,1038.469970703125,1040.6099853515625,1421700
2026-08-14,1034.3541259765625,1039.4200439453125,1043.739990234375,1029.5799560546875,1040.9100341796875,1592900
2026-08-17,1046.186279296875,1051.31005859375,1054.6300048828125,1038.1400146484375,1040.7900390625,1450400
2026-08-18,1035.39892578125,1040.469970703125,1043.5,1026.0799560546875,1040.0,1909200
2026-08-19,1016.6707763671875,1021.6500244140625,1044.8199462890625,1014.5,1044.8199462890625,2744200
2026-08-20,997.0667724609375,1001.9500122070312,1026.4200439453125,1001.6799926757812,1016.989990234375,1756200
2026-08-21,1034.21484375,1039.280029296875,1043.6600341796875,1008.8499755859375,1015.989990234375,2744000
2026-08-24,1031.2294921875,1036.280029296875,1047.3699951171875,1030.1800537109375,1039.0,1987500
2026-08-25,1053.71923828125,1058.8800048828125,1063.52001953125,1039.2900390625,1050.0,2497300
2026-08-26,1035.3890380859375,1040.4599609375,1062.56005859375,1036.780029296875,1061.0,1487900
2026-08-27,1035.7969970703125,1040.8699951171875,1052.550048828125,1035.0,1041.6800537109375,1712500
2026-08-28,1028.9505615234375,1033.989990234375,1048.8399658203125,1031.5799560546875,1046.489990234375,1053100
2026-08-31,1020.9000244140625,1025.9000244140625,1032.5999755859375,1022.6199951171875,1032.5999755859375,1359800
2026-09-01,1002.5599975585938,1002.5599975585938,1031.1199951171875,996.969970703125,1004.719970703125,1845600
2026-09-02,1004.4199829101562,1004.4199829101562,1021.8400268554688,998.0,1009.739990234375,2193300
2026-09-03,1037.9300537109375,1037.9300537109375,1039.8299560546875,1012.5,1013.5,1675400
2026-09-04,1038.6099853515625,1038.6099853515625,1041.199951171875,1024.6300048828125,1031.0899658203125,1429000
2026-09-08,1036.530029296875,1036.530029296875,1043.8399658203125,1028.56005859375,1040.550048828125,1263200
2026-09-09,1028.780029296875,1028.780029296875,1038.4300537109375,1011.4000244140625,1028.0,1661600
2026-09-10,1023.97998046875,1023.97998046875,1027.22998046875,1011.6799926757812,1017.2899780273438,436956
