Price,Adj Close,Close,High,Low,Open,Volume
Ticker,ICE,ICE,ICE,ICE,ICE,ICE
Date,,,,,,
2021-09-10,111.3292236328125,118.83999633789062,120.0,118.72000122070312,120.0,1893800
2021-09-13,111.05757141113281,118.55000305175781,120.5999984741211,117.31999969482422,119.66999816894531,2654700
2021-09-14,111.72268676757812,119.26000213623047,119.33000183105469,118.51000213623047,118.94999694824219,1926400
2021-09-15,111.56298828125,118.76000213623047,119.72000122070312,118.37999725341797,119.12999725341797,3189400
2021-09-16,111.72269439697266,118.93000030517578,119.2699966430664,118.29000091552734,118.7300033569336,2049900
2021-09-17,110.56722259521484,117.69999694824219,118.73999786376953,117.29000091552734,118.47000122070312,4100800
2021-09-20,109.74995422363281,116.83000183105469,117.54000091552734,115.62000274658203,116.45999908447266,2783800
2021-09-21,109.66539764404297,116.73999786376953,117.9800033569336,116.5,117.01000213623047,2644100
2021-09-22,109.82510375976562,116.91000366210938,117.52999877929688,116.47000122070312,117.29000091552734,2726100
2021-09-23,111.70390319824219,118.91000366210938,119.25,117.30000305175781,117.44000244140625,2087500
2021-09-24,112.48359680175781,119.73999786376953,119.91000366210938,118.37000274658203,118.6500015258789,1796300
2021-09-27,111.45024871826172,118.63999938964844,119.91999816894531,117.87000274658203,119.91999816894531,2733800
2021-09-28,109.48693084716797,116.55000305175781,118.29000091552734,115.66999816894531,118.0,2758900
2021-09-29,109.81571197509766,116.9000015258789,118.30000305175781,116.7699966430664,117.0,2446800
2021-09-30,107.86176300048828,114.81999969482422,117.69000244140625,114.73999786376953,117.22000122070312,2452500
2021-10-01,108.40660858154297,115.4000015258789,116.19000244140625,113.9000015258789,115.41000366210938,2465500
2021-10-04,107.74903106689453,114.69999694824219,116.22000122070312,113.93000030517578,115.2300033569336,2472500
2021-10-05,110.92420959472656,118.08000183105469,118.5,115.2300033569336,115.58999633789062,2569500
2021-10-06,115.1890640258789,122.62000274658203,122.68000030517578,117.62000274658203,117.83999633789062,4649300
2021-10-07,118.739990234375,126.4000015258789,127.05999755859375,123.5999984741211,123.69999694824219,3649200
2021-10-08,120.33698272705078,128.10000610351562,128.22999572753906,126.01000213623047,126.73999786376953,2124000
2021-10-11,119.8390884399414,127.56999969482422,129.3800048828125,127.30000305175781,128.16000366210938,2260900
2021-10-12,119.8109130859375,127.54000091552734,128.77000427246094,127.23999786376953,127.93000030517578,2012000
2021-10-13,120.57182312011719,128.35000610351562,128.61000061035156,126.62999725341797,128.0399932861328,1931000
2021-10-14,120.94758605957031,128.75,129.6699981689453,128.52000427246094,129.49000549316406,2210900
2021-10-15,121.54879760742188,129.38999938964844,129.80999755859375,128.42999267578125,129.80999755859375,2376100
2021-10-18,122.40365600585938,130.3000030517578,131.36000061035156,129.35000610351562,131.0,2112100
2021-10-19,122.9767074584961,130.91000366210938,131.16000366210938,130.25999450683594,130.55999755859375,1419100
2021-10-20,122.32850646972656,130.22000122070312,131.74000549316406,129.82000732421875,131.35000610351562,1400600
2021-10-21,121.75548553466797,129.61000061035156,130.55999755859375,129.24000549316406,130.25,1758900
2021-10-22,123.62483978271484,131.60000610351562,131.86000061035156,129.74000549316406,129.75,1575800
2021-10-25,124.97757720947266,133.0399932861328,133.22999572753906,131.30999755859375,131.85000610351562,1532200
2021-10-26,125.61639404296875,133.72000122070312,135.82000732421875,133.67999267578125,134.0800018310547,2401300
2021-10-27,124.90245819091797,132.9600067138672,134.7100067138672,132.82000732421875,133.3300018310547,2203400
2021-10-28,127.27914428710938,135.49000549316406,138.0,133.1300048828125,133.1300048828125,3167000
2021-10-29,130.0691375732422,138.4600067138672,138.82000732421875,135.0500030517578,135.08999633789062,2588800
2021-11-01,128.8197479248047,137.1300048828125,139.3300018310547,136.9499969482422,138.8699951171875,1859100
2021-11-02,130.39791870117188,138.80999755859375,139.7899932861328,137.35000610351562,137.39999389648438,2522100
2021-11-03,128.87606811523438,137.19000244140625,138.97000122070312,136.10000610351562,138.3000030517578,2166900
2021-11-04,128.24673461914062,136.52000427246094,138.32000732421875,136.02999877929688,137.49000549316406,3529100
2021-11-05,127.8333740234375,136.0800018310547,137.99000549316406,135.63999938964844,137.19000244140625,2482700
2021-11-08,127.52336120605469,135.75,136.77000427246094,135.13999938964844,136.42999267578125,2434300
2021-11-09,127.26971435546875,135.47999572753906,135.97000122070312,134.9199981689453,135.5399932861328,2365800
2021-11-10,126.07672882080078,134.2100067138672,135.5500030517578,133.77999877929688,135.0800018310547,2056200
2021-11-11,125.87944030761719,134.0,134.66000366210938,133.5399932861328,134.0,1498700
2021-11-12,127.09127044677734,135.2899932861328,135.39999389648438,134.07000732421875,134.60000610351562,3116100
2021-11-15,127.09127044677734,135.2899932861328,136.14999389648438,134.8300018310547,135.6699981689453,1367200
2021-11-16,127.823974609375,136.07000732421875,136.8000030517578,135.36000061035156,135.47999572753906,1744000
2021-11-17,128.01187133789062,136.27000427246094,136.50999450683594,134.77999877929688,135.72999572753906,1979400
2021-11-18,127.16639709472656,135.3699951171875,136.86000061035156,135.33999633789062,136.77999877929688,1686300
2021-11-19,125.22186279296875,133.3000030517578,135.32000732421875,133.24000549316406,135.27000427246094,2477200
2021-11-22,124.92125701904297,132.97999572753906,134.77999877929688,132.77999877929688,133.66000366210938,1888400
2021-11-23,124.04759979248047,132.0500030517578,132.88999938964844,130.91000366210938,132.4499969482422,2324900
2021-11-24,124.25428009033203,132.27000427246094,132.58999633789062,131.32000732421875,132.11000061035156,2007700
2021-11-26,121.82122802734375,129.67999267578125,132.2100067138672,129.24000549316406,131.16000366210938,1539100
2021-11-29,123.90669250488281,131.89999389648438,132.61000061035156,130.50999450683594,130.72000122070312,2275100
2021-11-30,122.7982177734375,130.72000122070312,132.57000732421875,130.27999877929688,130.82000732421875,4043600
2021-12-01,121.20124053955078,129.02000427246094,132.9600067138672,128.9600067138672,132.10000610351562,2845400
2021-12-02,123.26789855957031,131.22000122070312,132.5399932861328,129.0800018310547,129.4600067138672,2648800
2021-12-03,122.30032348632812,130.19000244140625,132.0399932861328,128.5399932861328,131.75,2604600
2021-12-06,122.92971801757812,130.86000061035156,131.7899932861328,130.25999450683594,131.60000610351562,1889100
2021-12-07,125.8888168334961,134.00999450683594,134.27999877929688,131.94000244140625,132.38999938964844,3090900
2021-12-08,127.34487915039062,135.55999755859375,135.92999267578125,133.75,134.27000427246094,1807400
2021-12-09,126.4430923461914,134.60000610351562,135.4199981689453,133.8699951171875,134.97999572753906,2095500
2021-12-10,127.32610321044922,135.5399932861328,135.97999572753906,134.3300018310547,135.1999969482422,1742500
2021-12-13,127.36368560791016,135.5800018310547,136.17999267578125,135.00999450683594,135.58999633789062,2716300
2021-12-14,125.700927734375,133.80999755859375,135.0,131.9199981689453,134.82000732421875,2806100
2021-12-15,126.93155670166016,135.1199951171875,135.25999450683594,133.0399932861328,134.0800018310547,1692300
2021-12-16,128.06161499023438,135.99000549316406,136.72999572753906,135.02999877929688,135.44000244140625,2603100
2021-12-17,125.60379028320312,133.3800048828125,135.6199951171875,133.1999969482422,135.5800018310547,4208000
2021-12-20,124.83155822753906,132.55999755859375,132.77000427246094,130.88999938964844,132.1699981689453,1516400
2021-12-21,126.24410247802734,134.05999755859375,134.25999450683594,132.55999755859375,133.3800048828125,1713500
2021-12-22,127.3553237915039,135.24000549316406,135.33999633789062,133.3699951171875,133.89999389648438,1083500
2021-12-23,127.92032623291016,135.83999633789062,136.6199951171875,135.36000061035156,135.60000610351562,1212300
2021-12-27,129.71896362304688,137.75,137.8300018310547,135.85000610351562,135.85000610351562,852800
2021-12-28,129.60598754882812,137.6300048828125,138.24000549316406,137.41000366210938,137.8000030517578,1033500
2021-12-29,129.2387237548828,137.24000549316406,138.4600067138672,137.1300048828125,137.9600067138672,946100
2021-12-30,128.8055419921875,136.77999877929688,137.99000549316406,136.67999267578125,137.3800048828125,758000
2021-12-31,128.79611206054688,136.77000427246094,137.42999267578125,136.47999572753906,136.47999572753906,856900
2022-01-03,126.14054107666016,133.9499969482422,136.6999969482422,133.17999267578125,136.52999877929688,1792000
2022-01-04,126.25354766845703,134.07000732421875,134.80999755859375,132.6300048828125,134.22000122070312,1857200
2022-01-05,124.6715087890625,132.38999938964844,134.83999633789062,132.3000030517578,134.3300018310547,1846800
2022-01-06,125.39656829833984,133.16000366210938,133.41000366210938,131.38999938964844,132.66000366210938,2205700
2022-01-07,125.48136138916016,133.25,133.8300018310547,131.5399932861328,133.24000549316406,1962200
2022-01-10,123.8333740234375,131.5,132.72999572753906,130.4499969482422,132.25999450683594,2510200
2022-01-11,124.25714111328125,131.9499969482422,132.05999755859375,129.2899932861328,131.52999877929688,2479700
2022-01-12,125.69793701171875,133.47999572753906,133.89999389648438,132.00999450683594,132.22999572753906,2156300
2022-01-13,122.00648498535156,129.55999755859375,134.11000061035156,129.22999572753906,133.8800048828125,1893800
2022-01-14,119.21904754638672,126.5999984741211,128.63999938964844,125.62999725341797,128.5800018310547,3628600
2022-01-18,119.01187896728516,126.37999725341797,127.01000213623047,124.26000213623047,125.55999755859375,3195400
2022-01-19,118.47510528564453,125.80999755859375,128.30999755859375,125.80999755859375,126.87000274658203,2549700
2022-01-20,118.76703643798828,126.12000274658203,128.02999877929688,125.86000061035156,126.4800033569336,2744800
2022-01-21,118.31503295898438,125.63999938964844,127.44000244140625,125.4000015258789,126.19999694824219,4442300
2022-01-24,118.013671875,125.31999969482422,125.94999694824219,121.12999725341797,123.5999984741211,4011800
2022-01-25,116.7235336303711,123.94999694824219,124.94999694824219,121.7300033569336,123.7300033569336,3164500
2022-01-26,115.02848815917969,122.1500015258789,125.75,120.97000122070312,125.33999633789062,3084000
2022-01-27,115.263916015625,122.4000015258789,125.20999908447266,121.52999877929688,123.41999816894531,3255200
2022-01-28,117.1002197265625,124.3499984741211,124.54000091552734,120.58000183105469,122.45999908447266,3736100
2022-01-31,119.27555084228516,126.66000366210938,126.88999938964844,124.41999816894531,124.55999755859375,3022900
2022-02-01,119.6333999633789,127.04000091552734,127.33000183105469,125.29000091552734,127.04000091552734,2355200
2022-02-02,121.50739288330078,129.02999877929688,129.1999969482422,126.61000061035156,126.79000091552734,2584600
2022-02-03,120.43384552001953,127.88999938964844,128.5800018310547,125.66000366210938,127.2699966430664,2919700
2022-02-04,122.19481658935547,129.75999450683594,130.75999450683594,126.9800033569336,127.44000244140625,4300100
2022-02-07,120.236083984375,127.68000030517578,130.0,127.30000305175781,129.7899932861328,1795300
2022-02-08,120.15133666992188,127.58999633789062,128.0800018310547,124.51000213623047,127.01000213623047,3400300
2022-02-09,121.52621459960938,129.0500030517578,130.6999969482422,128.83999633789062,129.00999450683594,2172900
2022-02-10,119.3320541381836,126.72000122070312,128.64999389648438,126.27999877929688,127.0,2670100
2022-02-11,118.5881118774414,125.93000030517578,127.45999908447266,124.9000015258789,126.62000274658203,3018400
2022-02-14,117.56166076660156,124.83999633789062,126.62999725341797,123.93000030517578,125.87000274658203,2736200
2022-02-15,117.91952514648438,125.22000122070312,127.06999969482422,124.7699966430664,126.5,2252100
2022-02-16,118.3903579711914,125.72000122070312,126.56999969482422,124.30999755859375,124.5999984741211,2600300
2022-02-17,116.0643539428711,123.25,125.06999969482422,123.0999984741211,124.91999816894531,3017100
2022-02-18,115.7065200805664,122.87000274658203,124.19000244140625,122.11000061035156,123.54000091552734,2332100
2022-02-22,115.94194030761719,123.12000274658203,123.86000061035156,122.45999908447266,122.87000274658203,2513500
2022-02-23,116.47871398925781,123.69000244140625,126.12000274658203,123.2300033569336,123.3499984741211,4009000
2022-02-24,120.46209716796875,127.91999816894531,128.07000732421875,120.9000015258789,120.94999694824219,5109200
2022-02-25,120.98001861572266,128.47000122070312,128.80999755859375,126.36000061035156,127.75,3997400
2022-02-28,120.65044403076172,128.1199951171875,128.77000427246094,126.41999816894531,126.41999816894531,3358100
2022-03-01,120.302001953125,127.75,129.10000610351562,127.02999877929688,128.16000366210938,3858300
2022-03-02,122.37371826171875,129.9499969482422,130.69000244140625,128.49000549316406,129.4199981689453,2463300
2022-03-03,123.73918914794922,131.39999389648438,132.72000122070312,130.25999450683594,130.49000549316406,2894100
2022-03-04,127.78855895996094,135.6999969482422,135.86000061035156,130.25999450683594,130.9499969482422,4346200
2022-03-07,124.6715087890625,132.38999938964844,137.22999572753906,132.3300018310547,135.9199981689453,5369400
2022-03-08,117.40157318115234,124.66999816894531,131.1699981689453,124.61000061035156,131.0,5014700
2022-03-09,121.2719497680664,128.77999877929688,129.38999938964844,124.63999938964844,126.30000305175781,3240800
2022-03-10,122.00648498535156,129.55999755859375,129.67999267578125,126.5999984741211,126.5999984741211,3456100
2022-03-11,118.99304962158203,126.36000061035156,129.9199981689453,126.19000244140625,129.32000732421875,2582100
2022-03-14,118.86119842529297,126.22000122070312,128.42999267578125,125.58000183105469,126.58000183105469,2560700
2022-03-15,122.66566467285156,130.25999450683594,130.61000061035156,127.01000213623047,127.63999938964844,2567200
2022-03-16,124.30901336669922,131.6199951171875,131.83999633789062,129.1199951171875,130.44000244140625,2430200
2022-03-17,126.17900848388672,133.60000610351562,133.61000061035156,131.4600067138672,131.4600067138672,2077500
2022-03-18,129.29574584960938,136.89999389648438,137.39999389648438,134.0,134.02999877929688,3078300
2022-03-21,128.41737365722656,135.97000122070312,137.2100067138672,135.25,136.25,1774800
2022-03-22,128.823486328125,136.39999389648438,136.91000366210938,135.6199951171875,135.89999389648438,1967000
2022-03-23,127.40685272216797,134.89999389648438,136.0399932861328,134.69000244140625,136.0,2302200
2022-03-24,127.5863037109375,135.08999633789062,135.64999389648438,134.07000732421875,135.47999572753906,2553300
2022-03-25,127.74684143066406,135.25999450683594,135.8800048828125,134.50999450683594,135.6199951171875,2159900
2022-03-28,127.67127227783203,135.17999267578125,135.60000610351562,134.7100067138672,135.1699981689453,1798200
2022-03-29,125.28179931640625,132.64999389648438,135.49000549316406,131.47999572753906,135.27999877929688,2520300
2022-03-30,126.88735961914062,134.35000610351562,134.69000244140625,132.64999389648438,132.64999389648438,1861900
2022-03-31,124.78123474121094,132.1199951171875,136.0399932861328,132.11000061035156,134.27000427246094,3263500
2022-04-01,125.32904052734375,132.6999969482422,133.0500030517578,131.50999450683594,132.1300048828125,1731200
2022-04-04,123.36453247070312,130.6199951171875,132.92999267578125,130.0399932861328,132.6999969482422,1687700
2022-04-05,123.2795639038086,130.52999877929688,133.52000427246094,130.02000427246094,130.75,2174800
2022-04-06,121.95732879638672,129.1300048828125,130.4199981689453,128.3699951171875,129.75999450683594,3364700
2022-04-07,122.66567993164062,129.8800048828125,130.3800048828125,128.10000610351562,129.11000061035156,3611800
2022-04-08,122.67511749267578,129.88999938964844,132.3000030517578,129.67999267578125,130.41000366210938,5297000
2022-04-11,120.98454284667969,128.10000610351562,129.7899932861328,126.72000122070312,129.49000549316406,4007700
2022-04-12,117.89616394042969,124.83000183105469,129.27000427246094,124.5999984741211,127.88999938964844,2955100
2022-04-13,118.84063720703125,125.83000183105469,126.0999984741211,124.22000122070312,124.73999786376953,2049400
2022-04-14,117.61283874511719,124.52999877929688,126.52999877929688,124.04000091552734,125.7300033569336,4302000
2022-04-18,115.80892181396484,122.62000274658203,124.58999633789062,122.08999633789062,124.0,2046900
2022-04-19,116.10169982910156,122.93000030517578,123.05000305175781,121.55999755859375,122.5999984741211,4039900
2022-04-20,116.97061920166016,123.8499984741211,125.37000274658203,122.62000274658203,123.16999816894531,2579100
2022-04-21,114.00502014160156,120.70999908447266,124.48999786376953,120.38999938964844,124.48999786376953,2882400
2022-04-22,110.7372055053711,117.25,120.97000122070312,117.08999633789062,120.43000030517578,3896100
2022-04-25,110.35942840576172,116.8499984741211,116.91999816894531,114.5,116.56999969482422,5443600
2022-04-26,107.97941589355469,114.33000183105469,117.13999938964844,114.2300033569336,117.01000213623047,3108400
2022-04-27,110.21775817871094,116.69999694824219,117.3499984741211,114.19000244140625,114.36000061035156,3542500
2022-04-28,112.62611389160156,119.25,119.5999984741211,116.83999633789062,117.58999633789062,2922600
2022-04-29,109.377197265625,115.80999755859375,119.47000122070312,115.52999877929688,118.3499984741211,3641700
2022-05-02,107.1766128540039,113.4800033569336,116.68000030517578,111.72000122070312,115.26000213623047,2825500
2022-05-03,108.1210708618164,114.4800033569336,115.2300033569336,113.23999786376953,113.47000122070312,3704100
2022-05-04,103.75770568847656,109.86000061035156,114.80000305175781,103.0,114.66999816894531,8336400
2022-05-05,95.98484802246094,101.62999725341797,108.48999786376953,100.88999938964844,108.16999816894531,9393400
2022-05-06,94.26593017578125,99.80999755859375,101.4800033569336,98.66999816894531,101.36000061035156,7995700
2022-05-09,91.60259246826172,96.98999786376953,102.01000213623047,96.55000305175781,97.87000274658203,5503600
2022-05-10,91.1114501953125,96.47000122070312,100.06999969482422,95.43000030517578,99.19000244140625,5215700
2022-05-11,89.29811096191406,94.55000305175781,97.73999786376953,94.5199966430664,95.8499984741211,4052700
2022-05-12,90.19534301757812,95.5,97.19000244140625,93.5199966430664,94.29000091552734,4099600
2022-05-13,92.81147003173828,98.2699966430664,99.25,95.7699966430664,96.55999755859375,3984500
2022-05-16,91.9048080444336,97.30999755859375,98.27999877929688,96.23999786376953,97.76000213623047,2811800
2022-05-17,93.6142807006836,99.12000274658203,99.5,97.36000061035156,98.83999633789062,3343800
2022-05-18,89.8270034790039,95.11000061035156,98.36000061035156,94.69000244140625,97.86000061035156,3181200
2022-05-19,90.57311248779297,95.9000015258789,96.91999816894531,93.44999694824219,93.61000061035156,3671900
2022-05-20,92.19757843017578,97.62000274658203,97.88999938964844,95.69999694824219,96.4800033569336,3235900
2022-05-23,92.6603775024414,98.11000061035156,99.08000183105469,96.68000030517578,99.08000183105469,3024000
2022-05-24,92.89649200439453,98.36000061035156,98.75,96.5,97.66000366210938,2168600
2022-05-25,92.10313415527344,97.5199966430664,98.55999755859375,96.62000274658203,97.5999984741211,4443700
2022-05-26,94.0014877319336,99.52999877929688,100.12999725341797,97.2300033569336,98.12000274658203,3645400
2022-05-27,96.99539947509766,102.69999694824219,102.69999694824219,100.22000122070312,100.69000244140625,2482100
2022-05-31,96.70262908935547,102.38999938964844,102.88999938964844,101.72000122070312,102.27999877929688,4122000
2022-06-01,96.32483673095703,101.98999786376953,103.48999786376953,101.52999877929688,102.31999969482422,3182900
2022-06-02,97.1843032836914,102.9000015258789,103.0999984741211,101.86000061035156,102.38999938964844,2296000
2022-06-03,95.3331527709961,100.94000244140625,102.55000305175781,100.9000015258789,102.13999938964844,2366900
2022-06-06,95.25761413574219,100.86000061035156,102.77999877929688,100.55000305175781,101.12999725341797,2371700
2022-06-07,96.10762023925781,101.76000213623047,101.91000366210938,100.16000366210938,100.30000305175781,3503400
2022-06-08,95.74871826171875,101.37999725341797,103.66000366210938,101.23999786376953,102.19999694824219,2791000
2022-06-09,93.97315979003906,99.5,101.23999786376953,99.38999938964844,100.22000122070312,2304500
2022-06-10,92.34867858886719,97.77999877929688,98.79000091552734,97.04000091552734,98.13999938964844,2705300
2022-06-13,91.44200897216797,96.81999969482422,97.9800033569336,95.2300033569336,96.37000274658203,2995400
2022-06-14,89.17587280273438,94.05000305175781,96.41000366210938,93.5199966430664,96.13999938964844,3975400
2022-06-15,90.67401123046875,95.62999725341797,96.93000030517578,93.62000274658203,94.83000183105469,3087500
2022-06-16,89.9344253540039,94.8499984741211,95.23999786376953,93.3499984741211,93.72000122070312,2618800
2022-06-17,85.648681640625,90.33000183105469,94.69999694824219,90.05000305175781,93.93000030517578,10178000
2022-06-21,88.94831085205078,93.80999755859375,94.12000274658203,91.22000122070312,91.56999969482422,4550500
2022-06-22,89.09054565429688,93.95999908447266,95.19999694824219,92.27999877929688,92.55000305175781,2835100
2022-06-23,91.66957092285156,96.68000030517578,96.91000366210938,94.58000183105469,94.80000305175781,2131600
2022-06-24,92.83585357666016,97.91000366210938,97.94999694824219,96.19999694824219,97.04000091552734,3064200
2022-06-27,93.56593322753906,98.68000030517578,99.12999725341797,97.4000015258789,98.33000183105469,3143400
2022-06-28,91.73596954345703,96.75,99.36000061035156,96.72000122070312,98.69000244140625,2993900
2022-06-29,91.41357421875,96.41000366210938,97.29000091552734,95.51000213623047,96.52999877929688,2194800
2022-06-30,89.1664047241211,94.04000091552734,95.51000213623047,93.33000183105469,95.41000366210938,2917100
2022-07-01,90.29473114013672,95.2300033569336,95.41999816894531,93.0199966430664,93.86000061035156,2293900
2022-07-05,91.04379272460938,96.0199966430664,96.08999633789062,93.69000244140625,94.5199966430664,4313200
2022-07-06,90.55072021484375,95.5,96.94000244140625,94.9000015258789,96.30000305175781,2108300
2022-07-07,91.66957092285156,96.68000030517578,97.3499984741211,95.55000305175781,95.6500015258789,1672000
2022-07-08,90.90155792236328,95.87000274658203,96.55999755859375,95.55000305175781,95.80999755859375,1260200
2022-07-11,89.64049530029297,94.54000091552734,95.63999938964844,94.11000061035156,95.26000213623047,1846400
2022-07-12,88.50267028808594,93.33999633789062,96.44999694824219,93.18000030517578,94.9000015258789,2254700
2022-07-13,89.59308624267578,94.48999786376953,95.0,91.83999633789062,92.1500015258789,3378200
2022-07-14,88.7681884765625,93.62000274658203,93.9000015258789,92.48999786376953,93.18000030517578,3046700
2022-07-15,90.86363220214844,95.83000183105469,95.9800033569336,94.79000091552734,94.97000122070312,3338200
2022-07-18,89.96286010742188,94.87999725341797,97.16000366210938,94.66000366210938,96.8499984741211,2700100
2022-07-19,91.79283905029297,96.80999755859375,97.02999877929688,94.83000183105469,95.47000122070312,2257300
2022-07-20,93.33838653564453,98.44000244140625,98.91000366210938,96.87000274658203,97.22000122070312,3179000
2022-07-21,94.31501007080078,99.47000122070312,99.58999633789062,97.88999938964844,98.29000091552734,2800900
2022-07-22,93.9736328125,99.11000061035156,100.48999786376953,98.29000091552734,99.4800033569336,2886700
2022-07-25,93.84091186523438,98.97000122070312,99.68000030517578,98.0999984741211,99.41000366210938,1710400
2022-07-26,92.579833984375,97.63999938964844,98.56999969482422,96.7699966430664,98.2300033569336,1940700
2022-07-27,92.45657348632812,97.51000213623047,97.98999786376953,96.12000274658203,97.6500015258789,2363500
2022-07-28,97.24483489990234,102.55999755859375,103.05000305175781,97.80000305175781,97.98999786376953,3033800
2022-07-29,96.70438385009766,101.98999786376953,102.86000061035156,101.31999969482422,101.9000015258789,2266300
2022-08-01,95.19678497314453,100.4000015258789,101.68000030517578,100.05999755859375,100.95999908447266,1952500
2022-08-02,95.44332122802734,100.66000366210938,101.5199966430664,99.55999755859375,99.73999786376953,2083100
2022-08-03,97.6810073852539,103.0199966430664,103.44999694824219,101.12999725341797,101.12999725341797,2561800
2022-08-04,101.87195587158203,107.44000244140625,108.30999755859375,106.12000274658203,106.79000091552734,3800800
2022-08-05,99.57735443115234,105.0199966430664,107.0,104.04000091552734,106.33999633789062,2773200
2022-08-08,98.89468383789062,104.30000305175781,106.0999984741211,103.87999725341797,105.62000274658203,1812200
2022-08-09,99.47306060791016,104.91000366210938,104.94999694824219,103.62000274658203,104.05999755859375,1597000
2022-08-10,100.5539779663086,106.05000305175781,106.9000015258789,105.44000244140625,106.11000061035156,1779500
2022-08-11,101.10391998291016,106.62999725341797,107.94000244140625,106.23999786376953,106.7699966430664,1937400
2022-08-12,103.99586486816406,109.68000030517578,109.81999969482422,107.2300033569336,107.26000213623047,1971500
2022-08-15,103.92000579833984,109.5999984741211,110.36000061035156,108.9800033569336,109.4000015258789,2548200
2022-08-16,105.30433654785156,111.05999755859375,111.55000305175781,108.77999877929688,108.91000366210938,2148600
2022-08-17,105.91117095947266,111.69999694824219,111.86000061035156,110.01000213623047,110.4800033569336,1877100
2022-08-18,106.78349304199219,112.62000274658203,113.06999969482422,111.33000183105469,111.6500015258789,2338200
2022-08-19,103.43643188476562,109.08999633789062,112.05000305175781,108.8499984741211,111.66999816894531,4531000
2022-08-22,102.24174499511719,107.83000183105469,109.23999786376953,106.73999786376953,107.51000213623047,2312500
2022-08-23,100.9332504272461,106.44999694824219,107.7300033569336,105.94000244140625,107.7300033569336,1498500
2022-08-24,101.37889099121094,106.91999816894531,107.11000061035156,106.02999877929688,106.38999938964844,2525700
2022-08-25,101.4642333984375,107.01000213623047,107.80999755859375,106.0,107.25,1855300
2022-08-26,98.22147369384766,103.58999633789062,107.18000030517578,103.51000213623047,107.0,1684200
2022-08-29,96.32511138916016,101.58999633789062,103.12000274658203,101.54000091552734,103.06999969482422,3118700
2022-08-30,95.30109405517578,100.51000213623047,102.48999786376953,100.16999816894531,101.88999938964844,2939700
2022-08-31,95.62347412109375,100.8499984741211,102.0,100.62000274658203,101.36000061035156,3005400
2022-09-01,96.75180053710938,102.04000091552734,102.0999984741211,99.06999969482422,100.26000213623047,2713500
2022-09-02,96.03118133544922,101.27999877929688,103.5199966430664,100.83000183105469,103.0199966430664,2360700
2022-09-06,94.73218536376953,99.91000366210938,101.69999694824219,99.73999786376953,101.4000015258789,2560500
2022-09-07,96.99832916259766,102.30000305175781,102.43000030517578,99.72000122070312,99.72000122070312,2281700
2022-09-08,97.86116790771484,103.20999908447266,103.44000244140625,101.36000061035156,101.83000183105469,1902500
2022-09-09,98.04132080078125,103.4000015258789,103.9000015258789,102.75,103.43000030517578,2077000
2022-09-12,98.69554138183594,104.08999633789062,104.1500015258789,103.3499984741211,103.7699966430664,2075000
2022-09-13,94.68478393554688,99.86000061035156,102.13999938964844,99.68000030517578,102.0,2586200
2022-09-14,94.68478393554688,99.86000061035156,100.88999938964844,98.93000030517578,100.69000244140625,2443500
2022-09-15,93.64730072021484,98.38999938964844,100.16000366210938,98.19999694824219,99.2699966430664,1340800
2022-09-16,92.58130645751953,97.2699966430664,98.12000274658203,96.77999877929688,97.62000274658203,3136800
2022-09-19,92.34333801269531,97.0199966430664,97.4800033569336,96.16000366210938,96.9000015258789,2252200
2022-09-20,90.27796173095703,94.8499984741211,96.62000274658203,93.77999877929688,96.3499984741211,3095500
2022-09-21,89.09772491455078,93.61000061035156,96.11000061035156,93.55999755859375,95.5199966430664,3828400
2022-09-22,89.52603149414062,94.05999755859375,94.55000305175781,92.97000122070312,93.45999908447266,2653600
2022-09-23,88.74555206298828,93.23999786376953,93.94999694824219,91.95999908447266,93.45999908447266,2980200
2022-09-26,87.17509460449219,91.58999633789062,93.05000305175781,91.55000305175781,92.86000061035156,4205000
2022-09-27,87.08944702148438,91.5,92.38999938964844,90.5,92.19000244140625,3650800
2022-09-28,88.5647201538086,93.05000305175781,93.27999877929688,90.94000244140625,91.76000213623047,3862200
2022-09-29,86.37557220458984,90.75,92.36000061035156,90.66999816894531,92.06999969482422,2430100
2022-09-30,85.99486541748047,90.3499984741211,92.56999969482422,90.31999969482422,90.58999633789062,3007700
2022-10-03,88.34579467773438,92.81999969482422,93.26000213623047,90.36000061035156,90.94000244140625,2187100
2022-10-04,89.62122344970703,94.16000366210938,94.87000274658203,93.44000244140625,93.7699966430664,3751000
2022-10-05,88.90737915039062,93.41000366210938,94.52999877929688,93.11000061035156,93.87999725341797,2246000
2022-10-06,88.85025024414062,93.3499984741211,93.87000274658203,92.79000091552734,93.11000061035156,3296300
2022-10-07,85.68077087402344,90.0199966430664,92.75,89.20999908447266,92.5199966430664,3887300
2022-10-10,85.90921783447266,90.26000213623047,90.69000244140625,89.58000183105469,90.33999633789062,2320900
2022-10-11,86.41365814208984,90.79000091552734,91.98999786376953,89.66000366210938,90.25,3677100
2022-10-12,86.2423324584961,90.61000061035156,91.79000091552734,90.30999755859375,90.54000091552734,2670400
2022-10-13,88.01268768310547,92.47000122070312,92.86000061035156,88.5999984741211,89.02999877929688,3026700
2022-10-14,85.80451202392578,90.1500015258789,94.48999786376953,89.91999816894531,93.25,2929700
2022-10-17,87.35594177246094,91.77999877929688,92.5999984741211,90.95999908447266,90.97000122070312,3045100
2022-10-18,88.2411117553711,92.70999908447266,94.44999694824219,91.98999786376953,94.18000030517578,2829900
2022-10-19,87.21317291259766,91.62999725341797,92.83999633789062,90.55999755859375,92.38999938964844,2198100
2022-10-20,85.9758529663086,90.33000183105469,92.1500015258789,90.16000366210938,91.83999633789062,2487800
2022-10-21,88.5647201538086,93.05000305175781,93.13999938964844,89.48999786376953,90.30999755859375,4954400
2022-10-24,88.74555206298828,93.23999786376953,94.62999725341797,92.97000122070312,93.7300033569336,2282000
2022-10-25,90.57301330566406,95.16000366210938,95.18000030517578,92.43000030517578,92.91000366210938,3096600
2022-10-26,89.36422729492188,93.88999938964844,95.98999786376953,93.80000305175781,95.16000366210938,2842400
2022-10-27,91.02037048339844,95.62999725341797,96.47000122070312,93.93000030517578,94.5199966430664,2611600
2022-10-28,92.01974487304688,96.68000030517578,96.81999969482422,95.0999984741211,95.4000015258789,1779500
2022-10-31,90.96324920654297,95.56999969482422,96.86000061035156,95.27999877929688,96.5999984741211,2007300
2022-11-01,89.48796844482422,94.0199966430664,96.69000244140625,93.9000015258789,96.5,5011300
2022-11-02,88.16496276855469,92.62999725341797,94.80999755859375,92.33000183105469,93.79000091552734,4570900
2022-11-03,90.86807250976562,95.47000122070312,97.37999725341797,92.26000213623047,92.61000061035156,3604500
2022-11-04,91.96263122558594,96.62000274658203,96.70999908447266,94.19000244140625,96.4800033569336,3173700
2022-11-07,92.80022430419922,97.5,97.79000091552734,96.61000061035156,97.69000244140625,2081700
2022-11-08,94.6371841430664,99.43000030517578,101.2300033569336,97.36000061035156,97.7300033569336,2934900
2022-11-09,92.57176971435547,97.26000213623047,99.51000213623047,97.08000183105469,99.36000061035156,1676800
2022-11-10,97.5972671508789,102.54000091552734,102.62999725341797,99.08000183105469,100.61000061035156,2863700
2022-11-11,99.29146575927734,104.31999969482422,104.63999938964844,102.0199966430664,103.05000305175781,2450600
2022-11-14,99.08208465576172,104.0999984741211,105.87000274658203,103.51000213623047,103.93000030517578,2817800
2022-11-15,99.98628234863281,105.05000305175781,106.22000122070312,103.56999969482422,105.2300033569336,2745400
2022-11-16,99.00593566894531,104.0199966430664,105.93000030517578,103.55999755859375,105.05000305175781,2261700
2022-11-17,99.08208465576172,104.0999984741211,104.58000183105469,102.4800033569336,103.58000183105469,2354200
2022-11-18,99.1867904663086,104.20999908447266,105.56999969482422,103.22000122070312,105.43000030517578,1590600
2022-11-21,100.27183532714844,105.3499984741211,106.31999969482422,103.11000061035156,103.94999694824219,1994700
2022-11-22,100.9190444946289,106.02999877929688,106.2699966430664,104.80000305175781,105.94999694824219,1518600
2022-11-23,101.78519439697266,106.94000244140625,107.69999694824219,105.41000366210938,105.9800033569336,1347000
2022-11-25,101.95650482177734,107.12000274658203,107.45999908447266,106.31999969482422,106.41000366210938,817700
2022-11-28,100.0148696899414,105.08000183105469,106.94999694824219,104.68000030517578,106.41999816894531,2261300
2022-11-29,100.2623062133789,105.33999633789062,106.30999755859375,104.79000091552734,104.93000030517578,1414100
2022-11-30,103.08914184570312,108.30999755859375,108.37999725341797,104.61000061035156,105.0999984741211,3504400
2022-12-01,104.2503433227539,109.52999877929688,109.97000122070312,108.27999877929688,108.88999938964844,1745100
2022-12-02,103.98382568359375,109.25,109.70999908447266,107.37000274658203,107.97000122070312,1171800
2022-12-05,101.92794036865234,107.08999633789062,109.2300033569336,106.69999694824219,108.87000274658203,1841600
2022-12-06,100.64303588867188,105.73999786376953,107.4800033569336,105.47000122070312,107.11000061035156,1871100
2022-12-07,98.53955078125,103.52999877929688,105.95999908447266,103.23999786376953,105.02999877929688,3043800
2022-12-08,99.40568542480469,104.44000244140625,105.0,103.3499984741211,103.91000366210938,2133300
2022-12-09,98.34919738769531,103.33000183105469,104.72000122070312,103.2699966430664,104.0999984741211,2155200
2022-12-12,100.1861572265625,105.26000213623047,105.30000305175781,102.6500015258789,102.8499984741211,2226700
2022-12-13,101.2521743774414,106.37999725341797,108.37999725341797,105.69000244140625,108.25,2295000
2022-12-14,99.27490234375,103.93000030517578,106.87000274658203,103.45999908447266,105.55000305175781,2237600
2022-12-15,97.64149475097656,102.22000122070312,103.13999938964844,101.33999633789062,102.62000274658203,2023900
2022-12-16,96.24689483642578,100.76000213623047,101.75,100.08999633789062,101.1500015258789,6124800
2022-12-19,95.78839111328125,100.27999877929688,101.5999984741211,99.58000183105469,100.83000183105469,1674100
2022-12-20,95.89344024658203,100.38999938964844,101.2300033569336,99.87000274658203,100.44999694824219,1639300
2022-12-21,97.95671081542969,102.55000305175781,102.83000183105469,100.80999755859375,100.83000183105469,2415700
2022-12-22,97.87074279785156,102.45999908447266,102.51000213623047,100.75,101.33000183105469,2160400
2022-12-23,98.20507049560547,102.80999755859375,103.22000122070312,102.1500015258789,102.5,1321200
2022-12-27,97.53642272949219,102.11000061035156,103.1500015258789,101.63999938964844,102.79000091552734,2693500
2022-12-28,97.6892318725586,102.2699966430664,103.5199966430664,102.22000122070312,102.80999755859375,1587300
2022-12-29,99.43728637695312,104.0999984741211,104.62000274658203,102.87000274658203,103.13999938964844,993800
2022-12-30,97.99491119384766,102.58999633789062,103.9000015258789,101.5,103.23999786376953,1175500
2023-01-03,98.60624694824219,103.2300033569336,104.47000122070312,102.41999816894531,103.62000274658203,1919700
2023-01-04,99.27490234375,103.93000030517578,104.76000213623047,103.36000061035156,104.44000244140625,1527100
2023-01-05,97.98535919189453,102.58000183105469,103.66999816894531,102.37999725341797,102.94999694824219,1223500
2023-01-06,100.20144653320312,104.9000015258789,105.25,102.1500015258789,103.41000366210938,1594500
2023-01-09,100.52620697021484,105.23999786376953,106.55999755859375,104.8499984741211,105.27999877929688,3975500
2023-01-10,101.87306213378906,106.6500015258789,106.8499984741211,104.8499984741211,105.11000061035156,1468100
2023-01-11,103.82168579101562,108.69000244140625,109.06999969482422,106.88999938964844,107.2699966430664,2651600
2023-01-12,104.14646911621094,109.02999877929688,109.58999633789062,107.72000122070312,109.0,2816200
2023-01-13,102.8091812133789,107.62999725341797,108.26000213623047,106.37999725341797,108.08999633789062,1726300
2023-01-17,102.59902954101562,107.41000366210938,108.4000015258789,106.95999908447266,107.44999694824219,2424000
2023-01-18,102.84737396240234,107.66999816894531,108.86000061035156,107.25,107.6500015258789,2399800
2023-01-19,102.13096618652344,106.91999816894531,107.80000305175781,106.30000305175781,107.05999755859375,2182400
2023-01-20,103.6211166381836,108.4800033569336,108.56999969482422,106.5,107.05000305175781,1688900
2023-01-23,103.80259704589844,108.66999816894531,109.58000183105469,107.66000366210938,108.56999969482422,1964000
2023-01-24,101.49097442626953,106.25,108.8499984741211,105.79000091552734,108.80000305175781,2516200
2023-01-25,101.72022247314453,106.48999786376953,106.98999786376953,104.19999694824219,104.91999816894531,2384100
2023-01-26,103.34410095214844,108.19000244140625,108.27999877929688,106.3499984741211,106.93000030517578,1339900
2023-01-27,103.10527801513672,107.94000244140625,108.45999908447266,106.43000030517578,107.3499984741211,3466400
2023-01-30,101.88261413574219,106.66000366210938,108.16000366210938,106.55999755859375,107.26000213623047,1966300
2023-01-31,102.73275756835938,107.55000305175781,107.58999633789062,106.51000213623047,106.76000213623047,2150500
2023-02-01,104.12735748291016,109.01000213623047,109.55999755859375,106.77999877929688,106.81999969482422,2438300
2023-02-02,103.4778060913086,108.33000183105469,111.29000091552734,107.48999786376953,110.33999633789062,3469000
2023-02-03,102.83781433105469,107.66000366210938,108.6500015258789,106.30999755859375,107.33000183105469,2314100
2023-02-06,103.46826934814453,108.31999969482422,108.58999633789062,105.61000061035156,106.52999877929688,2097400
2023-02-07,104.4521255493164,109.3499984741211,109.6500015258789,107.19000244140625,107.48999786376953,2043700
2023-02-08,104.35661315917969,109.25,109.87000274658203,108.30000305175781,108.48999786376953,2338300
2023-02-09,102.72319030761719,107.54000091552734,109.9000015258789,107.27999877929688,109.69000244140625,3564500
2023-02-10,103.84080505371094,108.70999908447266,108.88999938964844,106.9000015258789,107.13999938964844,1592900
2023-02-13,104.29930114746094,109.19000244140625,109.37000274658203,108.62999725341797,109.05999755859375,1572900
2023-02-14,103.54468536376953,108.4000015258789,110.05000305175781,107.77999877929688,109.06999969482422,1959400
2023-02-15,103.77393341064453,108.63999938964844,109.26000213623047,107.61000061035156,108.06999969482422,1429900
2023-02-16,102.33157348632812,107.12999725341797,108.23999786376953,106.9800033569336,107.33000183105469,2219900
2023-02-17,102.31246185302734,107.11000061035156,107.52999877929688,106.29000091552734,106.79000091552734,1700100
2023-02-21,99.49459075927734,104.16000366210938,106.55000305175781,103.52999877929688,106.19999694824219,2639800
2023-02-22,99.61875915527344,104.29000091552734,104.63999938964844,103.2300033569336,103.9000015258789,2323800
2023-02-23,99.11251068115234,103.76000213623047,104.97000122070312,102.76000213623047,104.80000305175781,2729300
2023-02-24,97.91848754882812,102.51000213623047,103.12999725341797,101.55000305175781,102.83000183105469,2765700
2023-02-27,96.96329498291016,101.51000213623047,103.58999633789062,101.11000061035156,102.94000244140625,4052200
2023-02-28,97.24029541015625,101.80000305175781,102.41999816894531,100.87000274658203,101.31999969482422,4180100
2023-03-01,96.380615234375,100.9000015258789,102.12000274658203,100.62999725341797,101.70999908447266,2864200
2023-03-02,98.10953521728516,102.70999908447266,102.76000213623047,100.18000030517578,100.18000030517578,5821600
2023-03-03,97.88983154296875,102.4800033569336,102.87000274658203,101.93000030517578,102.87000274658203,2938200
2023-03-06,98.61578369140625,103.23999786376953,104.37000274658203,102.55000305175781,102.9000015258789,2383000
2023-03-07,98.34833526611328,102.95999908447266,106.12000274658203,102.75,104.27999877929688,4810300
2023-03-08,98.01402282714844,102.61000061035156,103.62999725341797,102.16999816894531,103.0,2651700
2023-03-09,95.61643981933594,100.0999984741211,102.83000183105469,99.55000305175781,102.69999694824219,3507900
2023-03-10,91.11741638183594,95.38999938964844,99.72000122070312,94.72000122070312,99.4000015258789,5375100
2023-03-13,93.2952880859375,97.66999816894531,98.18000030517578,94.16000366210938,94.4000015258789,5413900
2023-03-14,94.42242431640625,98.8499984741211,99.7699966430664,98.20999908447266,99.33000183105469,3523500
2023-03-15,93.15201568603516,97.5199966430664,98.55999755859375,96.7300033569336,96.9800033569336,4261300
2023-03-16,95.19539642333984,99.2300033569336,100.0,96.19999694824219,96.4800033569336,3963200
2023-03-17,93.05606842041016,97.0,99.55999755859375,96.43000030517578,98.79000091552734,6094000
2023-03-20,94.05377960205078,98.04000091552734,98.26000213623047,96.80999755859375,97.36000061035156,3112500
2023-03-21,95.66548156738281,99.72000122070312,100.08999633789062,98.87000274658203,99.30000305175781,2618300
2023-03-22,93.43981170654297,97.4000015258789,100.33999633789062,97.31999969482422,100.33999633789062,2157100
2023-03-23,92.60518646240234,96.52999877929688,97.69999694824219,95.66000366210938,97.36000061035156,3436000
2023-03-24,93.52613830566406,97.48999786376953,97.77999877929688,95.72000122070312,96.05999755859375,1995200
2023-03-27,94.0633773803711,98.05000305175781,98.91999816894531,97.62000274658203,98.36000061035156,2229500
2023-03-28,95.07069396972656,99.0999984741211,99.31999969482422,98.41999816894531,98.58999633789062,1752600
2023-03-29,97.53618621826172,101.66999816894531,101.87000274658203,99.83999633789062,100.18000030517578,3677700
2023-03-30,98.55310821533203,102.7300033569336,103.02999877929688,101.83000183105469,102.54000091552734,2908900
2023-03-31,100.04966735839844,104.29000091552734,104.37999725341797,103.30000305175781,103.5,3192300
2023-04-03,101.13371276855469,105.41999816894531,105.48999786376953,104.08999633789062,104.4800033569336,2661400
2023-04-04,101.72850036621094,106.04000091552734,106.77999877929688,105.12999725341797,105.8499984741211,3159700
2023-04-05,101.90118408203125,106.22000122070312,107.19000244140625,105.47000122070312,106.45999908447266,2964600
2023-04-06,103.84866333007812,108.25,108.31999969482422,106.23999786376953,106.30999755859375,3104300
2023-04-10,102.0546875,106.37999725341797,107.76000213623047,105.73999786376953,107.52999877929688,1780900
2023-04-11,101.81485748291016,106.12999725341797,107.18000030517578,105.88999938964844,106.52999877929688,2512300
2023-04-12,102.73580932617188,107.08999633789062,107.6500015258789,106.52999877929688,106.91000366210938,2256500
2023-04-13,103.13874816894531,107.51000213623047,107.95999908447266,106.77999877929688,107.12999725341797,1734300
2023-04-14,103.13874816894531,107.51000213623047,107.88999938964844,106.7300033569336,107.69999694824219,2051200
2023-04-17,103.5992202758789,107.98999786376953,107.98999786376953,107.02999877929688,107.33000183105469,2216500
2023-04-18,103.11954498291016,107.48999786376953,108.20999908447266,107.44999694824219,107.94000244140625,1923100
2023-04-19,103.93498992919922,108.33999633789062,109.0999984741211,107.33999633789062,107.33999633789062,1580800
2023-04-20,103.37857818603516,107.76000213623047,108.41999816894531,107.18000030517578,108.0199966430664,1502800
2023-04-21,103.94458770751953,108.3499984741211,108.48999786376953,107.08000183105469,107.93000030517578,1667000
2023-04-24,103.54165649414062,107.93000030517578,108.93000030517578,107.63999938964844,108.80999755859375,1355600
2023-04-25,102.01631164550781,106.33999633789062,107.52999877929688,106.05000305175781,107.5,1859900
2023-04-26,100.3566665649414,104.61000061035156,105.75,103.97000122070312,105.45999908447266,3437700
2023-04-27,103.05240631103516,107.41999816894531,107.51000213623047,104.87999725341797,105.31999969482422,2007800
2023-04-28,104.50100708007812,108.93000030517578,108.94999694824219,107.19000244140625,107.30000305175781,2179500
2023-05-01,104.20361328125,108.62000274658203,109.19000244140625,108.12999725341797,108.77999877929688,1616200
2023-05-02,102.75501251220703,107.11000061035156,108.61000061035156,105.69000244140625,108.38999938964844,2163500
2023-05-03,100.56771850585938,104.83000183105469,107.3499984741211,104.79000091552734,107.2699966430664,2684400
2023-05-04,102.4096450805664,106.75,107.48999786376953,104.26000213623047,104.5,3122100
2023-05-05,103.90621185302734,108.30999755859375,108.5199966430664,106.72000122070312,107.2300033569336,2010300
2023-05-08,102.86054229736328,107.22000122070312,108.4000015258789,107.16000366210938,108.4000015258789,1594000
2023-05-09,101.8916015625,106.20999908447266,107.01000213623047,106.05999755859375,106.80999755859375,1975700
2023-05-10,104.07889556884766,108.48999786376953,108.87999725341797,106.55000305175781,106.79000091552734,1748200
2023-05-11,103.81028747558594,108.20999908447266,108.4800033569336,107.41000366210938,108.37999725341797,1320100
2023-05-12,104.17481994628906,108.58999633789062,108.9800033569336,108.0,108.37999725341797,1621000
2023-05-15,105.3931884765625,109.86000061035156,109.93000030517578,108.88999938964844,109.02999877929688,2170600
2023-05-16,104.56816864013672,109.0,110.16000366210938,108.94999694824219,109.81999969482422,2292900
2023-05-17,104.1844253540039,108.5999984741211,109.6500015258789,107.25,109.47000122070312,3467800
2023-05-18,104.136474609375,108.55000305175781,108.98999786376953,107.48999786376953,108.91000366210938,2166700
2023-05-19,103.63760375976562,108.02999877929688,109.16999816894531,107.94000244140625,108.97000122070312,3565600
2023-05-22,104.7408447265625,109.18000030517578,109.51000213623047,108.16999816894531,108.45999908447266,1736700
2023-05-23,103.5032730102539,107.88999938964844,108.87000274658203,107.25,108.4800033569336,2321100
2023-05-24,102.24657440185547,106.58000183105469,107.58999633789062,106.25,107.4000015258789,1457600
2023-05-25,100.8363265991211,105.11000061035156,106.38999938964844,104.47000122070312,106.38999938964844,2835900
2023-05-26,100.8843002319336,105.16000366210938,105.79000091552734,104.62000274658203,105.04000091552734,1516200
2023-05-30,100.15519714355469,104.4000015258789,105.61000061035156,103.80999755859375,105.5199966430664,1541200
2023-05-31,101.64216613769531,105.94999694824219,106.5,103.87000274658203,104.04000091552734,4457000
2023-06-01,102.04509735107422,106.37000274658203,106.51000213623047,105.25,106.0999984741211,1966400
2023-06-02,103.58963775634766,107.9800033569336,109.0,106.51000213623047,106.98999786376953,2296900
2023-06-05,103.91580963134766,108.31999969482422,109.02999877929688,107.5199966430664,108.44999694824219,2181100
2023-06-06,104.03092956542969,108.44000244140625,109.20999908447266,107.86000061035156,108.5,2655100
2023-06-07,103.91580963134766,108.31999969482422,108.80999755859375,107.73999786376953,108.37999725341797,2296100
2023-06-08,106.10309600830078,110.5999984741211,110.80999755859375,108.1500015258789,108.31999969482422,2463200
2023-06-09,105.4891128540039,109.95999908447266,110.69999694824219,109.75,110.5199966430664,2075700
2023-06-12,104.08848571777344,108.5,109.86000061035156,107.54000091552734,109.69000244140625,2904200
2023-06-13,104.5585708618164,108.98999786376953,109.54000091552734,108.26000213623047,108.61000061035156,1755500
2023-06-14,106.58097839355469,110.66999816894531,110.83999633789062,108.5199966430664,108.76000213623047,2096800
2023-06-15,108.2278060913086,112.37999725341797,113.1500015258789,110.75,110.87000274658203,2220700
2023-06-16,107.55364990234375,111.68000030517578,113.06999969482422,111.4000015258789,112.81999969482422,3806200
2023-06-20,108.02554321289062,112.16999816894531,112.4800033569336,110.9000015258789,111.20999908447266,3489800
2023-06-21,107.09138488769531,111.19999694824219,112.0999984741211,110.77999877929688,112.0999984741211,1885300
2023-06-22,106.5905990600586,110.68000030517578,111.08000183105469,110.19000244140625,111.0199966430664,1427400
2023-06-23,106.98545837402344,111.08999633789062,111.31999969482422,109.91999816894531,110.5,2727900
2023-06-26,106.06092071533203,110.12999725341797,111.0999984741211,109.77999877929688,110.97000122070312,2640000
2023-06-27,106.77359771728516,110.87000274658203,111.0,110.0,110.56999969482422,1708500
2023-06-28,107.59217834472656,111.72000122070312,111.87000274658203,110.52999877929688,111.02999877929688,1774500
2023-06-29,108.13147735595703,112.27999877929688,112.31999969482422,111.16999816894531,111.68000030517578,1725200
2023-06-30,108.90193939208984,113.08000183105469,114.11000061035156,112.86000061035156,113.1500015258789,3124900
2023-07-03,108.75747680664062,112.93000030517578,112.93000030517578,111.41000366210938,112.5199966430664,1484300
2023-07-05,108.16036987304688,112.30999755859375,112.86000061035156,111.51000213623047,112.30999755859375,2227900
2023-07-06,107.8618392944336,112.0,112.91000366210938,111.66999816894531,111.68000030517578,2989200
2023-07-07,108.14112091064453,112.29000091552734,112.9000015258789,111.43000030517578,112.02999877929688,1642700
2023-07-10,108.97897338867188,113.16000366210938,113.5999984741211,112.41000366210938,112.5999984741211,1249000
2023-07-11,110.18280029296875,114.41000366210938,114.48999786376953,113.0199966430664,113.30999755859375,2355300
2023-07-12,111.116943359375,115.37999725341797,115.94000244140625,114.79000091552734,115.54000091552734,1980700
2023-07-13,112.71562957763672,117.04000091552734,117.18000030517578,115.51000213623047,115.69000244140625,1996900
2023-07-14,113.16825866699219,117.51000213623047,117.8499984741211,116.27999877929688,116.97000122070312,2115700
2023-07-17,112.33040618896484,116.63999938964844,117.72000122070312,113.76000213623047,116.7300033569336,2818700
2023-07-18,111.78145599365234,116.06999969482422,117.04000091552734,115.87999725341797,116.1500015258789,2600200
2023-07-19,111.3866195678711,115.66000366210938,117.18000030517578,115.55000305175781,116.0,3044700
2023-07-20,111.35770416259766,115.62999725341797,115.98999786376953,114.9800033569336,115.6500015258789,1986500
2023-07-21,111.92591094970703,116.22000122070312,116.38999938964844,115.4800033569336,116.05000305175781,1608300
2023-07-24,111.98370361328125,116.27999877929688,116.76000213623047,115.61000061035156,116.5,3312500
2023-07-25,112.23410034179688,116.54000091552734,116.7300033569336,115.19999694824219,115.6500015258789,1850100
2023-07-26,112.41708374023438,116.7300033569336,116.80000305175781,115.33000183105469,116.2300033569336,1616900
2023-07-27,110.68357849121094,114.93000030517578,117.2300033569336,114.81999969482422,117.0,2237700
2023-07-28,110.87619018554688,115.12999725341797,116.23999786376953,114.66999816894531,115.68000030517578,1630500
2023-07-31,110.5583724975586,114.80000305175781,115.20999908447266,114.33999633789062,115.16999816894531,1939000
2023-08-01,110.78951263427734,115.04000091552734,115.22000122070312,113.77999877929688,114.02999877929688,1995400
2023-08-02,110.7509994506836,115.0,115.22000122070312,114.19999694824219,115.0,2017500
2023-08-03,107.92925262451172,112.06999969482422,112.23999786376953,107.30999755859375,110.0,5017100
2023-08-04,109.78794860839844,114.0,116.5,112.93000030517578,113.33000183105469,2743100
2023-08-07,111.78145599365234,116.06999969482422,116.08000183105469,114.04000091552734,114.16999816894531,3191000
2023-08-08,110.62580108642578,114.87000274658203,116.27999877929688,114.2300033569336,116.19000244140625,1966900
2023-08-09,109.98053741455078,114.19999694824219,115.41000366210938,113.44999694824219,113.51000213623047,1465900
2023-08-10,110.5583724975586,114.80000305175781,115.69999694824219,114.51000213623047,114.6500015258789,1778200
2023-08-11,109.77831268310547,113.98999786376953,114.8499984741211,113.6500015258789,114.7300033569336,1484700
2023-08-14,110.67393493652344,114.91999816894531,115.01000213623047,113.63999938964844,113.91999816894531,1546700
2023-08-15,109.89386749267578,114.11000061035156,115.19000244140625,113.81999969482422,114.36000061035156,1491100
2023-08-16,109.7590560913086,113.97000122070312,114.81999969482422,113.51000213623047,113.97000122070312,1565600
2023-08-17,109.412353515625,113.61000061035156,114.80000305175781,113.20999908447266,114.30999755859375,1518600
2023-08-18,109.54718017578125,113.75,114.0,112.69999694824219,112.80000305175781,3858700
2023-08-21,109.65311431884766,113.86000061035156,114.0999984741211,113.0999984741211,113.55999755859375,2339800
2023-08-22,109.06565856933594,113.25,114.05999755859375,112.93000030517578,113.9800033569336,2877600
2023-08-23,110.58727264404297,114.83000183105469,115.1500015258789,113.13999938964844,113.98999786376953,1788000
2023-08-24,111.00138092041016,115.26000213623047,116.19000244140625,114.77999877929688,114.83999633789062,1618800
2023-08-25,111.52143859863281,115.80000305175781,116.3499984741211,114.83999633789062,115.62999725341797,1500100
2023-08-28,113.15862274169922,117.5,117.58999633789062,116.05999755859375,116.30000305175781,1831900
2023-08-29,114.1890869140625,118.56999969482422,118.62999725341797,117.30000305175781,117.58000183105469,2433800
2023-08-30,113.54383850097656,117.9000015258789,118.79000091552734,117.70999908447266,118.63999938964844,2801600
2023-08-31,113.63050842285156,117.98999786376953,118.31999969482422,117.66000366210938,118.12000274658203,2713300
2023-09-01,112.68672943115234,117.01000213623047,118.69000244140625,116.43000030517578,118.69000244140625,5990800
2023-09-05,110.40428161621094,114.63999938964844,116.01000213623047,114.48999786376953,115.80999755859375,4402000
2023-09-06,109.412353515625,113.61000061035156,115.0,112.31999969482422,114.86000061035156,3594200
2023-09-07,110.97250366210938,115.2300033569336,115.48999786376953,112.9800033569336,113.48999786376953,2622800
2023-09-08,110.71246337890625,114.95999908447266,115.4800033569336,114.52999877929688,115.43000030517578,2177700
2023-09-11,110.77986907958984,115.02999877929688,115.43000030517578,114.44999694824219,115.43000030517578,1704000
2023-09-12,111.70440673828125,115.98999786376953,116.20999908447266,114.75,114.91999816894531,2367300
2023-09-13,112.4555892944336,116.7699966430664,116.95999908447266,115.11000061035156,115.72000122070312,3258200
2023-09-14,112.98719787597656,116.9000015258789,117.13999938964844,115.77999877929688,117.13999938964844,1828400
2023-09-15,111.84668731689453,115.72000122070312,117.06999969482422,115.38999938964844,116.16999816894531,3817900
2023-09-18,112.01099395751953,115.88999938964844,116.22000122070312,115.37000274658203,115.44999694824219,1593300
2023-09-19,111.60504913330078,115.47000122070312,116.33999633789062,115.41999816894531,116.08000183105469,2091500
2023-09-20,111.48905944824219,115.3499984741211,116.44999694824219,115.13999938964844,115.88999938964844,1621200
2023-09-21,108.65714263916016,112.41999816894531,114.98999786376953,112.37000274658203,114.80000305175781,2362200
2023-09-22,106.4824447631836,110.16999816894531,112.41999816894531,110.05999755859375,111.83999633789062,2268500
2023-09-25,105.52558898925781,109.18000030517578,110.08999633789062,109.01000213623047,109.87999725341797,2569300
2023-09-26,103.6408462524414,107.2300033569336,108.52999877929688,107.16000366210938,108.41999816894531,3731600
2023-09-27,104.64603424072266,108.2699966430664,108.61000061035156,107.23999786376953,107.79000091552734,3876400
2023-09-28,107.1106948852539,110.81999969482422,111.31999969482422,108.68000030517578,108.72000122070312,3271100
2023-09-29,106.33747100830078,110.0199966430664,111.44000244140625,109.26000213623047,111.33999633789062,2960800
2023-10-02,105.56425476074219,109.22000122070312,109.79000091552734,108.20999908447266,109.41999816894531,2320400
2023-10-03,103.98880004882812,107.58999633789062,109.2699966430664,107.0199966430664,108.98999786376953,2786400
2023-10-04,105.380615234375,109.02999877929688,109.11000061035156,107.0199966430664,108.02999877929688,2750300
2023-10-05,106.01852416992188,109.69000244140625,109.80999755859375,108.51000213623047,108.72000122070312,1368700
2023-10-06,107.16868591308594,110.87999725341797,111.37000274658203,108.69999694824219,109.3499984741211,2078600
2023-10-09,108.37684631347656,112.12999725341797,112.41000366210938,110.44000244140625,110.4800033569336,2442800
2023-10-10,108.01923370361328,111.76000213623047,112.58000183105469,111.19999694824219,111.94000244140625,1425300
2023-10-11,107.7196044921875,111.44999694824219,112.48999786376953,110.83999633789062,112.18000030517578,1302200
2023-10-12,107.06236267089844,110.7699966430664,112.11000061035156,110.16000366210938,112.04000091552734,1794200
2023-10-13,106.7337417602539,110.43000030517578,111.44000244140625,109.73999786376953,110.8499984741211,1512400
2023-10-16,108.17388153076172,111.91999816894531,112.12000274658203,110.73999786376953,111.12999725341797,1556600
2023-10-17,108.01923370361328,111.76000213623047,112.7699966430664,111.0999984741211,111.55000305175781,3162300
2023-10-18,105.9701919555664,109.63999938964844,112.37999725341797,109.44000244140625,111.56999969482422,3336700
2023-10-19,105.90252685546875,109.56999969482422,110.41999816894531,108.94999694824219,109.33999633789062,2693900
2023-10-20,104.40441131591797,108.0199966430664,110.05000305175781,107.97000122070312,110.02999877929688,1952000
2023-10-23,104.10478973388672,107.70999908447266,108.66999816894531,107.44999694824219,107.52999877929688,2627700
2023-10-24,103.35089111328125,106.93000030517578,109.12000274658203,106.69999694824219,108.0,2784900
2023-10-25,103.15760040283203,106.7300033569336,107.05000305175781,105.68000030517578,106.66000366210938,3103700
2023-10-26,103.6988525390625,107.29000091552734,108.02999877929688,105.77999877929688,106.01000213623047,2725500
2023-10-27,101.21487426757812,104.72000122070312,107.58000183105469,104.48999786376953,107.2300033569336,2508700
2023-10-30,102.48103332519531,106.02999877929688,106.44000244140625,105.04000091552734,105.30000305175781,1413700
2023-10-31,103.84384155273438,107.44000244140625,107.54000091552734,105.95999908447266,106.23999786376953,2401500
2023-11-01,104.62672424316406,108.25,108.87000274658203,107.62000274658203,107.69999694824219,2643200
2023-11-02,102.70333099365234,106.26000213623047,108.36000061035156,104.91000366210938,106.88999938964844,5667100
2023-11-03,104.29811096191406,107.91000366210938,108.55999755859375,106.43000030517578,106.55000305175781,3156400
2023-11-06,104.18212127685547,107.79000091552734,108.44999694824219,107.4000015258789,108.0,1702000
2023-11-07,104.59771728515625,108.22000122070312,108.58000183105469,107.79000091552734,108.11000061035156,2296500
2023-11-08,105.51593017578125,109.16999816894531,109.36000061035156,107.76000213623047,108.30999755859375,2686600
2023-11-09,104.91667938232422,108.55000305175781,109.7300033569336,108.44000244140625,109.66000366210938,2220600
2023-11-10,106.10550689697266,109.77999877929688,110.05999755859375,108.55999755859375,109.16999816894531,2422700
2023-11-13,105.02299499511719,108.66000366210938,109.52999877929688,108.62000274658203,109.4000015258789,1562800
2023-11-14,106.75308227539062,110.44999694824219,111.63999938964844,108.94000244140625,109.0,2359800
2023-11-15,107.3330078125,111.05000305175781,111.30999755859375,110.11000061035156,110.2300033569336,2130300
2023-11-16,108.51214599609375,112.2699966430664,112.41999816894531,111.52999877929688,111.83000183105469,2430900
2023-11-17,107.67127990722656,111.4000015258789,112.6500015258789,111.30999755859375,112.6500015258789,1785500
2023-11-20,108.39617919921875,112.1500015258789,112.36000061035156,110.63999938964844,111.16999816894531,1749400
2023-11-21,109.65265655517578,113.44999694824219,113.81999969482422,112.23999786376953,112.37999725341797,2050300
2023-11-22,110.49353790283203,114.31999969482422,114.91000366210938,113.6500015258789,113.93000030517578,2481500
2023-11-24,110.56120300292969,114.38999938964844,114.76000213623047,113.7699966430664,114.45999908447266,809500
2023-11-27,109.35304260253906,113.13999938964844,114.30999755859375,112.98999786376953,114.22000122070312,2240800
2023-11-28,109.00508117675781,112.77999877929688,113.91000366210938,112.68000030517578,112.95999908447266,3058500
2023-11-29,108.91810607910156,112.69000244140625,113.80000305175781,112.55000305175781,113.80000305175781,2376900
2023-11-30,110.02960968017578,113.83999633789062,113.91000366210938,112.68000030517578,112.8499984741211,6601300
2023-12-01,110.41622161865234,114.23999786376953,114.2699966430664,112.72000122070312,113.19999694824219,3492100
2023-12-04,111.17977142333984,115.02999877929688,115.2699966430664,113.80999755859375,113.91000366210938,3818200
2023-12-05,110.26158142089844,114.08000183105469,114.86000061035156,113.63999938964844,114.70999908447266,2821400
2023-12-06,109.2950439453125,113.08000183105469,114.66000366210938,112.55999755859375,114.30999755859375,2217600
2023-12-07,108.76345825195312,112.52999877929688,113.63999938964844,111.81999969482422,113.31999969482422,2880100
2023-12-08,109.54634094238281,113.33999633789062,113.44000244140625,112.19999694824219,112.33999633789062,2505800
2023-12-11,112.25260925292969,116.13999938964844,116.7300033569336,113.87000274658203,113.91999816894531,3433100
2023-12-12,113.98271942138672,117.93000030517578,118.05999755859375,116.20999908447266,116.45999908447266,4207900
2023-12-13,117.89173889160156,121.54000091552734,121.7300033569336,117.48999786376953,117.80999755859375,4580000
2023-12-14,119.62801361083984,123.33000183105469,125.0199966430664,122.41999816894531,122.72000122070312,5157100
2023-12-15,119.40491485595703,123.0999984741211,123.4000015258789,121.55999755859375,122.9800033569336,4795600
2023-12-18,119.85111236572266,123.55999755859375,123.8499984741211,122.41999816894531,123.19000244140625,1999400
2023-12-19,120.0548095703125,123.7699966430664,123.95999908447266,123.06999969482422,123.55999755859375,1785000
2023-12-20,118.68712615966797,122.36000061035156,124.05000305175781,122.30999755859375,123.56999969482422,2350500
2023-12-21,120.50101470947266,124.2300033569336,124.33000183105469,122.6500015258789,122.72000122070312,1895400
2023-12-22,121.94628143310547,125.72000122070312,125.91000366210938,124.30000305175781,124.91000366210938,2237000
2023-12-26,122.8483657836914,126.6500015258789,126.9000015258789,125.75,125.75,2032000
2023-12-27,123.95416259765625,127.79000091552734,127.83999633789062,126.41999816894531,126.83000183105469,2202000
2023-12-28,124.73981475830078,128.60000610351562,128.74000549316406,127.83999633789062,127.87999725341797,2895700
2023-12-29,124.5749282836914,128.42999267578125,129.16000366210938,127.66999816894531,128.6199951171875,2966400
2024-01-02,122.65435791015625,126.44999694824219,128.4199981689453,125.69999694824219,128.02000427246094,2228000
2024-01-03,121.0635757446289,124.80999755859375,126.27999877929688,124.79000091552734,126.05999755859375,3102100
2024-01-04,121.84927368164062,125.62000274658203,126.51000213623047,124.36000061035156,124.8499984741211,2845500
2024-01-05,122.01417541503906,125.79000091552734,126.2300033569336,125.06999969482422,125.7699966430664,2061500
2024-01-08,124.55553436279297,128.41000366210938,128.5,126.94999694824219,127.16000366210938,3165500
2024-01-09,123.22665405273438,127.04000091552734,128.5,126.72000122070312,127.70999908447266,1835600
2024-01-10,123.81834411621094,127.6500015258789,127.69000244140625,126.18000030517578,127.22000122070312,1977000
2024-01-11,122.96475219726562,126.7699966430664,128.16000366210938,126.16999816894531,127.80000305175781,1723300
2024-01-12,123.1490478515625,126.95999908447266,127.88999938964844,126.63999938964844,127.30999755859375,1555000
2024-01-16,122.2469711303711,126.02999877929688,126.83999633789062,125.8499984741211,126.47000122070312,2289100
2024-01-17,122.05298614501953,125.83000183105469,126.27999877929688,124.6500015258789,125.12999725341797,1535700
2024-01-18,122.82894897460938,126.62999725341797,126.76000213623047,125.38999938964844,125.7699966430664,2267300
2024-01-19,122.65435791015625,126.44999694824219,127.30999755859375,125.69000244140625,127.08999633789062,3047200
2024-01-22,123.47884368896484,127.30000305175781,127.79000091552734,126.72000122070312,126.80000305175781,1904600
2024-01-23,123.3236312866211,127.13999938964844,127.69999694824219,126.7699966430664,127.12999725341797,1543400
2024-01-24,123.22665405273438,127.04000091552734,127.58000183105469,126.3499984741211,127.58000183105469,2278600
2024-01-25,123.46914672851562,127.29000091552734,127.72000122070312,126.23999786376953,127.48999786376953,2043500
2024-01-26,123.44005584716797,127.26000213623047,127.63999938964844,126.3499984741211,127.08999633789062,1497800
2024-01-29,124.33242797851562,128.17999267578125,128.1999969482422,126.83999633789062,127.19000244140625,1934300
2024-01-30,125.1472396850586,129.02000427246094,129.39999389648438,128.02000427246094,128.22000122070312,1646900
2024-01-31,123.50796508789062,127.33000183105469,129.92999267578125,127.0,129.35000610351562,2406400
2024-02-01,125.8359146118164,129.72999572753906,129.86000061035156,127.06999969482422,127.06999969482422,2380800
2024-02-02,124.83682250976562,128.6999969482422,129.9600067138672,127.68000030517578,129.60000610351562,1810900
2024-02-05,122.94535827636719,126.75,127.98999786376953,126.5199966430664,127.98999786376953,2405500
2024-02-06,122.5379867553711,126.33000183105469,127.1500015258789,125.72000122070312,126.72000122070312,2901400
2024-02-07,124.23543548583984,128.0800018310547,128.2100067138672,126.36000061035156,126.62999725341797,2243800
2024-02-08,130.09413146972656,134.1199951171875,135.97999572753906,131.0,132.02999877929688,5492000
2024-02-09,131.4230194091797,135.49000549316406,135.74000549316406,132.9199981689453,134.50999450683594,4066600
2024-02-12,131.39389038085938,135.4600067138672,136.22000122070312,134.67999267578125,135.7899932861328,2099300
2024-02-13,130.37542724609375,134.41000366210938,135.35000610351562,133.66000366210938,134.02999877929688,3024700
2024-02-14,132.55789184570312,136.66000366210938,136.72999572753906,134.83999633789062,135.19000244140625,2125500
2024-02-15,132.7809600830078,136.88999938964844,137.9199981689453,136.67999267578125,136.92999267578125,2020300
2024-02-16,133.0040740966797,137.1199951171875,138.33999633789062,136.99000549316406,137.22999572753906,2084200
2024-02-20,132.33477783203125,136.42999267578125,137.14999389648438,135.94000244140625,136.22999572753906,2501500
2024-02-21,132.5869903564453,136.69000244140625,137.1199951171875,135.4199981689453,136.00999450683594,2585300
2024-02-22,135.10897827148438,139.2899932861328,139.99000549316406,137.5399932861328,138.2899932861328,2839900
2024-02-23,134.22628784179688,138.3800048828125,139.77999877929688,138.0500030517578,139.42999267578125,2174000
2024-02-26,133.77037048339844,137.91000366210938,138.92999267578125,137.82000732421875,138.4499969482422,2446600
2024-02-27,134.46875,138.6300048828125,138.9499969482422,137.38999938964844,137.75999450683594,2023600
2024-02-28,134.67245483398438,138.83999633789062,139.69000244140625,138.4499969482422,138.6199951171875,1646300
2024-02-29,134.26504516601562,138.4199981689453,139.72999572753906,138.25,139.0,2873200
2024-03-01,134.4105987548828,138.57000732421875,138.74000549316406,137.22000122070312,138.07000732421875,1423700
2024-03-04,133.9255828857422,138.07000732421875,138.67999267578125,137.5,138.0500030517578,1859000
2024-03-05,135.23501586914062,139.4199981689453,139.8300018310547,137.8000030517578,137.8800048828125,2483700
2024-03-06,135.24472045898438,139.42999267578125,139.8000030517578,137.50999450683594,138.66000366210938,2030500
2024-03-07,134.68214416503906,138.85000610351562,140.42999267578125,138.33999633789062,140.0,2403100
2024-03-08,134.4978790283203,138.66000366210938,139.86000061035156,138.17999267578125,138.17999267578125,1316000
2024-03-11,132.8585968017578,136.97000122070312,137.50999450683594,135.0,136.50999450683594,2380900
2024-03-12,132.8779754638672,136.99000549316406,138.22000122070312,136.63999938964844,137.0500030517578,1893300
2024-03-13,133.3435821533203,137.47000122070312,137.7100067138672,136.74000549316406,136.97000122070312,2298700
2024-03-14,131.815673828125,135.4499969482422,137.0399932861328,134.61000061035156,136.8800048828125,2359300
2024-03-15,131.0274200439453,134.63999938964844,135.9199981689453,134.1699981689453,134.2100067138672,6698300
2024-03-18,130.7938690185547,134.39999389648438,135.6300048828125,134.1699981689453,135.1199951171875,3721400
2024-03-19,131.86434936523438,135.5,136.50999450683594,134.42999267578125,134.52000427246094,4332400
2024-03-20,132.4482879638672,136.10000610351562,136.4199981689453,134.14999389648438,135.27000427246094,2243100
2024-03-21,134.39459228515625,138.10000610351562,138.63999938964844,135.92999267578125,136.3699951171875,2640900
2024-03-22,132.57476806640625,136.22999572753906,138.38999938964844,135.99000549316406,138.25,2024100
2024-03-25,132.16603088378906,135.80999755859375,136.36000061035156,135.25999450683594,136.0800018310547,1984500
2024-03-26,133.4408721923828,137.1199951171875,137.9499969482422,135.99000549316406,136.0800018310547,2555100
2024-03-27,133.3046417236328,136.97999572753906,138.47000122070312,136.0399932861328,138.16000366210938,2050500
2024-03-28,133.74258422851562,137.42999267578125,137.94000244140625,136.36000061035156,137.36000061035156,2596800
2024-04-01,133.3533172607422,137.02999877929688,137.97999572753906,136.22999572753906,137.66000366210938,1640500
2024-04-02,133.81068420410156,137.5,137.52999877929688,136.02000427246094,136.8699951171875,1834300
2024-04-03,133.70364379882812,137.38999938964844,138.16000366210938,136.66000366210938,137.3300018310547,2426600
2024-04-04,133.0321502685547,136.6999969482422,138.8699951171875,136.25,138.25,2744700
2024-04-05,134.17076110839844,137.8699951171875,137.97999572753906,136.05999755859375,136.74000549316406,2328200
2024-04-08,133.2073211669922,136.8800048828125,138.1999969482422,136.7899932861328,138.1999969482422,1980800
2024-04-09,131.43617248535156,135.05999755859375,137.75,134.5399932861328,137.42999267578125,2140000
2024-04-10,129.373046875,132.94000244140625,134.80999755859375,132.4499969482422,133.47999572753906,2151900
2024-04-11,129.89854431152344,133.47999572753906,134.3300018310547,132.33999633789062,132.97999572753906,2256600
2024-04-12,129.96665954589844,133.5500030517578,134.49000549316406,132.64999389648438,132.8000030517578,3255800
2024-04-15,127.03744506835938,130.5399932861328,134.85000610351562,130.16000366210938,134.80999755859375,2264800
2024-04-16,126.41460418701172,129.89999389648438,131.30999755859375,129.4600067138672,130.60000610351562,2637600
2024-04-17,127.23209381103516,130.74000549316406,132.0,130.0,132.0,2362400
2024-04-18,127.46562194824219,130.97999572753906,131.5,130.17999267578125,131.5,2015000
2024-04-19,127.6894760131836,131.2100067138672,131.77999877929688,130.24000549316406,131.3699951171875,2263400
2024-04-22,128.11766052246094,131.64999389648438,132.3699951171875,131.1199951171875,132.10000610351562,1877300
2024-04-23,128.77940368652344,132.3300018310547,132.47000122070312,131.39999389648438,132.0,2375900
2024-04-24,129.0129852294922,132.57000732421875,132.64999389648438,131.0399932861328,132.0,2498900
2024-04-25,128.28311157226562,131.82000732421875,132.0399932861328,130.42999267578125,131.9600067138672,1923000
2024-04-26,128.1663055419922,131.6999969482422,132.3000030517578,130.88999938964844,131.74000549316406,2406700
2024-04-29,127.27098846435547,130.77999877929688,132.8699951171875,130.52000427246094,131.64999389648438,1557900
2024-04-30,125.30519104003906,128.75999450683594,130.7100067138672,128.74000549316406,130.0500030517578,2304500
2024-05-01,125.22734069824219,128.67999267578125,130.47000122070312,128.4499969482422,128.8300018310547,3116700
2024-05-02,123.144775390625,126.54000091552734,130.1999969482422,124.33999633789062,129.35000610351562,4364100
2024-05-03,126.9985122680664,130.5,131.67999267578125,127.80000305175781,127.80000305175781,3991200
2024-05-06,127.7575912475586,131.27999877929688,131.77999877929688,130.38999938964844,130.82000732421875,1738900
2024-05-07,130.13211059570312,133.72000122070312,133.7899932861328,131.60000610351562,132.22000122070312,2397900
2024-05-08,129.8109893798828,133.38999938964844,133.82000732421875,132.25,133.2899932861328,1405200
2024-05-09,131.32911682128906,134.9499969482422,135.0500030517578,133.10000610351562,133.39999389648438,1474200
2024-05-10,130.39486694335938,133.99000549316406,135.88999938964844,133.4499969482422,135.27999877929688,1933300
2024-05-13,130.15158081054688,133.74000549316406,134.99000549316406,133.55999755859375,134.39999389648438,1473800
2024-05-14,130.7841339111328,134.38999938964844,134.6199951171875,133.47000122070312,134.25,1415800
2024-05-15,134.17076110839844,137.8699951171875,138.1199951171875,134.88999938964844,134.88999938964844,2508500
2024-05-16,133.43116760253906,137.11000061035156,138.5,137.0399932861328,137.80999755859375,2205800
2024-05-17,134.68653869628906,138.39999389648438,138.4600067138672,137.00999450683594,137.80999755859375,2060700
2024-05-20,133.27545166015625,136.9499969482422,138.08999633789062,136.83999633789062,137.85000610351562,1418700
2024-05-21,133.5868682861328,137.27000427246094,137.5500030517578,136.61000061035156,137.14999389648438,1681700
2024-05-22,133.21705627441406,136.88999938964844,137.5,135.77000427246094,136.47999572753906,1295700
2024-05-23,131.76702880859375,135.39999389648438,137.57000732421875,134.82000732421875,137.57000732421875,1595900
2024-05-24,132.68182373046875,136.33999633789062,136.5500030517578,135.7100067138672,135.80999755859375,926100
2024-05-28,130.09320068359375,133.67999267578125,136.6199951171875,133.60000610351562,136.3699951171875,1815500
2024-05-29,128.4096221923828,131.9499969482422,132.9600067138672,131.8699951171875,132.7100067138672,1471400
2024-05-30,129.66500854492188,133.24000549316406,133.60000610351562,131.7899932861328,132.3300018310547,2844900
2024-05-31,130.30728149414062,133.89999389648438,134.32000732421875,132.9199981689453,133.3300018310547,2964500
2024-06-03,130.06398010253906,133.64999389648438,134.8300018310547,132.57000732421875,134.39999389648438,2043400
2024-06-04,131.14418029785156,134.75999450683594,135.30999755859375,132.91000366210938,133.16000366210938,2235100
2024-06-05,131.70863342285156,135.33999633789062,135.8000030517578,133.1999969482422,134.5,2259300
2024-06-06,131.24151611328125,134.86000061035156,135.64999389648438,134.32000732421875,135.6300048828125,1242800
2024-06-07,130.20022583007812,133.7899932861328,134.8000030517578,133.55999755859375,134.35000610351562,2843900
2024-06-10,130.28781127929688,133.8800048828125,134.41000366210938,133.07000732421875,133.5,2323000
2024-06-11,130.97877502441406,134.58999633789062,134.7100067138672,132.92999267578125,133.5800018310547,2427200
2024-06-12,132.39962768554688,136.0500030517578,137.32000732421875,135.99000549316406,136.36000061035156,3516400
2024-06-13,132.06759643554688,135.25999450683594,135.67999267578125,134.57000732421875,135.52999877929688,1971500
2024-06-14,132.46795654296875,135.6699981689453,135.83999633789062,134.0,134.67999267578125,1515300
2024-06-17,132.98544311523438,136.1999969482422,136.42999267578125,133.97000122070312,134.97999572753906,2077200
2024-06-18,133.1611785888672,136.3800048828125,136.92999267578125,135.4199981689453,136.2100067138672,3034600
2024-06-20,133.87396240234375,137.11000061035156,137.38999938964844,134.77999877929688,135.6300048828125,2286100
2024-06-21,134.58673095703125,137.83999633789062,137.97999572753906,136.0800018310547,136.9600067138672,4971200
2024-06-24,135.44595336914062,138.72000122070312,139.5500030517578,137.49000549316406,138.1199951171875,2368900
2024-06-25,134.08877563476562,137.3300018310547,139.08999633789062,136.6199951171875,138.66000366210938,2247100
2024-06-26,134.14735412597656,137.38999938964844,137.6999969482422,136.58999633789062,136.66000366210938,2389200
2024-06-27,134.2254638671875,137.47000122070312,137.6199951171875,136.60000610351562,137.2100067138672,2112300
2024-06-28,133.65914916992188,136.88999938964844,138.08999633789062,136.2100067138672,137.80999755859375,4067400
2024-07-01,133.6981964111328,136.92999267578125,138.6999969482422,136.25,138.64999389648438,2386100
2024-07-02,137.49639892578125,140.82000732421875,140.97999572753906,136.9600067138672,137.11000061035156,3321000
2024-07-03,137.82835388183594,141.16000366210938,141.58999633789062,140.25,141.25,2070100
2024-07-05,137.46707153320312,140.7899932861328,141.16000366210938,139.61000061035156,141.16000366210938,2099900
2024-07-08,137.83815002441406,141.1699981689453,142.19000244140625,140.83999633789062,141.1300048828125,2307400
2024-07-09,139.0977020263672,142.4600067138672,142.49000549316406,140.32000732421875,141.30999755859375,2368000
2024-07-10,141.0016632080078,144.41000366210938,144.47000122070312,142.77999877929688,143.0,2873900
2024-07-11,143.67697143554688,147.14999389648438,147.32000732421875,145.2100067138672,145.4499969482422,3340300
2024-07-12,144.89747619628906,148.39999389648438,149.44000244140625,147.5,147.72999572753906,3718900
2024-07-15,144.33119201660156,147.82000732421875,149.11000061035156,147.47999572753906,148.91000366210938,2950900
2024-07-16,145.40521240234375,148.9199981689453,149.35000610351562,147.61000061035156,148.0399932861328,3823600
2024-07-17,145.8836669921875,149.41000366210938,149.52000427246094,148.17999267578125,148.60000610351562,2794300
2024-07-18,144.27256774902344,147.75999450683594,149.60000610351562,147.4499969482422,149.08999633789062,3255500
2024-07-19,144.19447326660156,147.67999267578125,148.57000732421875,146.69000244140625,148.57000732421875,2584700
2024-07-22,145.71768188476562,149.24000549316406,149.47000122070312,147.75,147.75,2697300
2024-07-23,145.06346130371094,148.57000732421875,150.0,148.3800048828125,149.9199981689453,3545700
2024-07-24,144.02850341796875,147.50999450683594,149.0500030517578,147.17999267578125,148.25,2939500
2024-07-25,145.5126190185547,149.02999877929688,150.38999938964844,147.55999755859375,148.0,3164800
2024-07-26,147.43612670898438,151.0,151.72000122070312,149.55999755859375,149.75,2066900
2024-07-29,147.59237670898438,151.16000366210938,151.5,150.38999938964844,151.10000610351562,1186100
2024-07-30,147.72903442382812,151.3000030517578,152.3800048828125,151.14999389648438,151.36000061035156,2477800
2024-07-31,147.98291015625,151.55999755859375,152.9600067138672,151.3000030517578,152.47999572753906,3890300
2024-08-01,147.43612670898438,151.0,153.27999877929688,148.3300018310547,150.27999877929688,4537000
2024-08-02,146.3132781982422,149.85000610351562,151.97000122070312,148.47000122070312,150.0,4482300
2024-08-05,145.26852416992188,148.77999877929688,152.38999938964844,146.6699981689453,152.38999938964844,4003300
2024-08-06,146.9576873779297,150.50999450683594,152.1300048828125,148.1699981689453,149.22000122070312,2949200
2024-08-07,147.5532989501953,151.1199951171875,152.6300048828125,150.77000427246094,151.50999450683594,3314700
2024-08-08,150.13096618652344,153.75999450683594,154.02000427246094,150.9499969482422,151.52999877929688,3647900
2024-08-09,150.44345092773438,154.0800018310547,154.3800048828125,152.8300018310547,153.72999572753906,2787400
2024-08-12,150.25791931152344,153.88999938964844,154.6300048828125,152.97999572753906,154.0,2829200
2024-08-13,151.009765625,154.66000366210938,155.16000366210938,152.8699951171875,154.60000610351562,3558200
2024-08-14,152.4352569580078,156.1199951171875,156.5399932861328,153.8000030517578,154.8699951171875,1994600
2024-08-15,151.8299102783203,155.5,157.17999267578125,154.52999877929688,156.7100067138672,2659700
2024-08-16,152.84536743164062,156.5399932861328,156.67999267578125,155.19000244140625,155.8699951171875,2004500
2024-08-19,153.5581512451172,157.27000427246094,157.49000549316406,156.22999572753906,156.5399932861328,1369300
2024-08-20,154.02679443359375,157.75,157.85000610351562,156.49000549316406,157.5,2029100
2024-08-21,154.37832641601562,158.11000061035156,158.4600067138672,156.9600067138672,157.75999450683594,2179700
2024-08-22,154.85675048828125,158.60000610351562,158.6999969482422,157.39999389648438,158.11000061035156,2288800
2024-08-23,156.23345947265625,160.00999450683594,160.25,158.8699951171875,158.97999572753906,2665200
2024-08-26,156.52639770507812,160.30999755859375,161.11000061035156,159.8699951171875,160.50999450683594,926000
2024-08-27,156.80953979492188,160.60000610351562,161.49000549316406,159.74000549316406,160.49000549316406,1344700
2024-08-28,156.9755401611328,160.77000427246094,161.97000122070312,160.2100067138672,160.8000030517578,2341500
2024-08-29,156.4385223388672,160.22000122070312,161.27999877929688,160.0800018310547,160.77000427246094,2119800
2024-08-30,157.7371368408203,161.5500030517578,161.75999450683594,159.9499969482422,160.47000122070312,3067700
2024-09-03,157.62973022460938,161.44000244140625,162.39999389648438,160.22000122070312,161.44000244140625,2556000
2024-09-04,158.59634399414062,162.42999267578125,162.75999450683594,161.19000244140625,161.6300048828125,2320700
2024-09-05,158.76234436035156,162.60000610351562,162.9199981689453,161.0500030517578,162.17999267578125,1905500
2024-09-06,156.7021484375,160.49000549316406,163.7100067138672,159.7100067138672,162.97000122070312,2902200
2024-09-09,157.88357543945312,161.6999969482422,162.8000030517578,160.9499969482422,161.42999267578125,3669100
2024-09-10,158.147216796875,161.97000122070312,162.75999450683594,161.0,162.13999938964844,2008500
2024-09-11,156.21397399902344,159.99000549316406,161.52999877929688,157.8800048828125,161.27000427246094,3072500
2024-09-12,157.33677673339844,161.13999938964844,161.5500030517578,159.63999938964844,160.0500030517578,4332200
2024-09-13,157.55162048339844,161.36000061035156,161.6300048828125,160.6999969482422,161.32000732421875,2418700
2024-09-16,158.53073120117188,161.91000366210938,162.80999755859375,161.25,161.4600067138672,1681500
2024-09-17,159.41197204589844,162.80999755859375,163.27000427246094,161.7100067138672,161.7899932861328,2319400
2024-09-18,157.85513305664062,161.22000122070312,163.27000427246094,161.13999938964844,162.80999755859375,2917100
2024-09-19,155.55418395996094,158.8699951171875,162.38999938964844,157.9499969482422,162.17999267578125,4459100
2024-09-20,156.50393676757812,159.83999633789062,159.85000610351562,158.22999572753906,159.02000427246094,4843400
2024-09-23,156.61163330078125,159.9499969482422,160.97999572753906,159.39999389648438,159.83999633789062,1639300
2024-09-24,155.43670654296875,158.75,159.7899932861328,157.47999572753906,159.6300048828125,2826700
2024-09-25,156.12210083007812,159.4499969482422,159.8000030517578,158.50999450683594,158.91000366210938,2827100
2024-09-26,154.81983947753906,158.1199951171875,160.32000732421875,157.85000610351562,159.57000732421875,3239900
2024-09-27,155.3094024658203,158.6199951171875,159.2899932861328,157.74000549316406,158.27000427246094,3329500
2024-09-30,157.28724670410156,160.63999938964844,160.77999877929688,158.22000122070312,158.9499969482422,1760300
2024-10-01,157.7768096923828,161.13999938964844,162.1199951171875,159.32000732421875,161.07000732421875,3076900
2024-10-02,157.5614013671875,160.9199981689453,161.14999389648438,159.6199951171875,160.52000427246094,1982900
2024-10-03,159.85256958007812,163.25999450683594,163.35000610351562,160.67999267578125,161.13999938964844,2585800
2024-10-04,159.3629913330078,162.75999450683594,164.17999267578125,162.47999572753906,163.57000732421875,2233000
2024-10-07,156.21018981933594,159.5399932861328,162.5399932861328,159.22999572753906,162.22000122070312,2688600
2024-10-08,158.7069854736328,162.08999633789062,162.25,160.38999938964844,160.94000244140625,2006500
2024-10-09,158.36428833007812,161.74000549316406,162.85000610351562,161.6999969482422,162.0,1808500
2024-10-10,157.2970428466797,160.64999389648438,161.94000244140625,159.80999755859375,161.6699981689453,1734600
2024-10-11,159.17697143554688,162.57000732421875,162.82000732421875,160.72999572753906,161.38999938964844,2609400
2024-10-14,160.94918823242188,164.3800048828125,164.75,162.27999877929688,162.47999572753906,2743000
2024-10-15,161.73248291015625,165.17999267578125,167.22999572753906,164.91000366210938,165.91000366210938,2621800
2024-10-16,161.68353271484375,165.1300048828125,165.3300018310547,163.32000732421875,164.19000244140625,1735500
2024-10-17,161.37022399902344,164.80999755859375,166.2899932861328,164.7899932861328,166.19000244140625,2145600
2024-10-18,163.3480682373047,166.8300018310547,167.05999755859375,164.39999389648438,165.0,2310800
2024-10-21,162.86827087402344,166.33999633789062,166.6300048828125,165.58999633789062,165.72999572753906,2354300
2024-10-22,162.47662353515625,165.94000244140625,166.6699981689453,165.0,165.25,2120800
2024-10-23,161.55625915527344,165.0,166.02999877929688,163.97000122070312,165.6199951171875,4461800
2024-10-24,163.4165802001953,166.89999389648438,167.5500030517578,164.77999877929688,165.2899932861328,4889900
2024-10-25,161.85977172851562,165.30999755859375,167.63999938964844,165.22999572753906,167.27000427246094,2994100
2024-10-28,162.9661865234375,166.44000244140625,166.9499969482422,165.75999450683594,166.3800048828125,2708600
2024-10-29,163.2403564453125,166.72000122070312,167.16000366210938,165.57000732421875,165.6199951171875,3430500
2024-10-30,163.0543212890625,166.52999877929688,167.99000549316406,166.3800048828125,166.75999450683594,2726300
2024-10-31,152.61680603027344,155.8699951171875,159.58999633789062,153.9499969482422,159.32000732421875,8152800
2024-11-01,151.4124755859375,154.63999938964844,156.36000061035156,153.1999969482422,153.47999572753906,4510300
2024-11-04,151.26560974121094,154.49000549316406,156.07000732421875,154.0399932861328,155.50999450683594,2540800
2024-11-05,154.55548095703125,157.85000610351562,157.91000366210938,154.6999969482422,154.8699951171875,2192000
2024-11-06,152.53846740722656,155.7899932861328,160.61000061035156,152.32000732421875,160.25999450683594,6013200
2024-11-07,152.85179138183594,156.11000061035156,156.4600067138672,155.16000366210938,156.05999755859375,2431800
2024-11-08,153.1553192138672,156.4199981689453,159.0399932861328,156.39999389648438,157.52000427246094,4946600
2024-11-11,153.8015594482422,157.0800018310547,159.80999755859375,156.67999267578125,158.77999877929688,3079900
2024-11-12,152.80284118652344,156.05999755859375,157.67999267578125,155.9199981689453,157.67999267578125,2047500
2024-11-13,152.58741760253906,155.83999633789062,157.10000610351562,155.5,156.8300018310547,2040000
2024-11-14,153.20428466796875,156.47000122070312,157.66000366210938,155.52000427246094,155.64999389648438,2550100
2024-11-15,152.30348205566406,155.5500030517578,156.9600067138672,155.1300048828125,155.7899932861328,2795400
2024-11-18,154.3988037109375,157.69000244140625,157.77999877929688,154.85000610351562,154.99000549316406,3973900
2024-11-19,154.63380432128906,157.92999267578125,158.5800018310547,156.75999450683594,157.55999755859375,2847500
2024-11-20,152.51889038085938,155.77000427246094,158.2899932861328,155.1999969482422,158.0500030517578,1867700
2024-11-21,155.0450439453125,158.35000610351562,159.0399932861328,155.50999450683594,156.6999969482422,2514300
2024-11-22,155.96542358398438,159.2899932861328,159.3699951171875,158.02000427246094,158.3699951171875,2080100
2024-11-25,156.29833984375,159.6300048828125,160.38999938964844,158.7899932861328,160.0,3062700
2024-11-26,157.14039611816406,160.49000549316406,161.4600067138672,158.8800048828125,159.7100067138672,3463800
2024-11-27,157.82577514648438,161.19000244140625,161.99000549316406,159.99000549316406,160.8000030517578,2481600
2024-11-29,157.60060119628906,160.9600067138672,161.92999267578125,160.52999877929688,161.92999267578125,1439500
2024-12-02,154.9862823486328,158.2899932861328,160.61000061035156,157.33999633789062,160.42999267578125,4154200
2024-12-03,152.9986572265625,156.25999450683594,158.64999389648438,156.0,158.64999389648438,2908500
2024-12-04,152.84201049804688,156.10000610351562,156.8699951171875,155.32000732421875,155.7100067138672,3249100
2024-12-05,153.1063690185547,156.3699951171875,157.41000366210938,155.58999633789062,156.4600067138672,4459600
2024-12-06,152.675537109375,155.92999267578125,157.63999938964844,155.52000427246094,157.08999633789062,3274900
2024-12-09,152.81263732910156,156.07000732421875,156.7899932861328,155.6999969482422,156.17999267578125,3750300
2024-12-10,155.1038055419922,158.41000366210938,158.75999450683594,155.77000427246094,156.0800018310547,3232300
2024-12-11,154.87860107421875,158.17999267578125,159.80999755859375,157.6199951171875,158.67999267578125,3249200
2024-12-12,153.2825927734375,156.5500030517578,158.91000366210938,156.3300018310547,158.52999877929688,2007100
2024-12-13,152.33285522460938,155.5800018310547,157.41000366210938,155.42999267578125,156.69000244140625,2411600
2024-12-16,151.7927703857422,154.5800018310547,155.77999877929688,154.36000061035156,155.52999877929688,2331500
2024-12-17,150.03504943847656,152.7899932861328,154.2899932861328,152.5800018310547,154.11000061035156,3634100
2024-12-18,146.902587890625,149.60000610351562,154.38999938964844,149.52999877929688,152.99000549316406,4571900
2024-12-19,145.6161651611328,148.2899932861328,151.1699981689453,148.05999755859375,150.0,4870500
2024-12-20,147.59974670410156,150.30999755859375,151.33999633789062,148.0,148.35000610351562,6446800
2024-12-23,147.4524688720703,150.16000366210938,150.4199981689453,148.77000427246094,149.38999938964844,2853800
2024-12-24,147.74705505371094,150.4600067138672,150.57000732421875,149.60000610351562,150.16000366210938,1084600
2024-12-26,148.29693603515625,151.02000427246094,151.3699951171875,149.1999969482422,149.1999969482422,1168100
2024-12-27,147.60958862304688,150.32000732421875,151.35000610351562,149.52999877929688,149.8800048828125,1212400
2024-12-30,146.67669677734375,149.3699951171875,149.9499969482422,148.35000610351562,149.16000366210938,2444000
2024-12-31,146.3231964111328,149.00999450683594,150.0,148.52000427246094,149.57000732421875,1562100
2025-01-02,146.64724731445312,149.33999633789062,150.14999389648438,148.4600067138672,150.0399932861328,1921600
2025-01-03,147.13824462890625,149.83999633789062,150.0,148.72999572753906,149.3800048828125,1227600
2025-01-06,143.93702697753906,146.5800018310547,149.1699981689453,145.8800048828125,148.9199981689453,3742900
2025-01-07,143.79954528808594,146.44000244140625,147.38999938964844,145.61000061035156,146.5800018310547,3135700
2025-01-08,143.9272003173828,146.57000732421875,146.6199951171875,143.8300018310547,144.92999267578125,3719000
2025-01-10,140.2251739501953,142.8000030517578,145.47999572753906,142.4499969482422,144.7899932861328,3979400
2025-01-13,141.29551696777344,143.88999938964844,143.94000244140625,142.2899932861328,142.41000366210938,3358000
2025-01-14,142.63099670410156,145.25,145.66000366210938,144.10000610351562,144.66000366210938,3229600
2025-01-15,145.5670623779297,148.24000549316406,148.7100067138672,146.38999938964844,147.72999572753906,5105100
2025-01-16,147.52120971679688,150.22999572753906,150.25,148.0,148.4199981689453,2823400
2025-01-17,146.42140197753906,149.11000061035156,151.07000732421875,148.94000244140625,150.8800048828125,3364600
2025-01-21,148.98434448242188,151.72000122070312,151.8000030517578,149.61000061035156,149.74000549316406,4420600
2025-01-22,151.39016723632812,154.1699981689453,154.8000030517578,151.3000030517578,151.8699951171875,4981200
2025-01-23,154.8368682861328,157.67999267578125,158.6300048828125,153.2899932861328,153.88999938964844,3989100
2025-01-24,154.63064575195312,157.47000122070312,157.9499969482422,156.69000244140625,157.11000061035156,1944800
2025-01-27,157.93006896972656,160.8300018310547,160.91000366210938,157.2899932861328,157.44000244140625,3136300
2025-01-28,155.9759521484375,158.83999633789062,160.41000366210938,158.0,160.30999755859375,2532300
2025-01-29,154.3851776123047,157.22000122070312,158.86000061035156,156.94000244140625,158.5800018310547,2592800
2025-01-30,156.56517028808594,159.44000244140625,160.77999877929688,157.42999267578125,158.13999938964844,1941700
2025-01-31,156.9481201171875,159.8300018310547,161.17999267578125,158.5500030517578,159.1999969482422,2624000
2025-02-03,157.49803161621094,160.38999938964844,160.88999938964844,157.22000122070312,158.83999633789062,1986600
2025-02-04,156.44729614257812,159.32000732421875,160.8800048828125,159.16000366210938,159.60000610351562,2472400
2025-02-05,157.80239868164062,160.6999969482422,161.63999938964844,159.61000061035156,160.85000610351562,2971600
2025-02-06,164.65655517578125,167.67999267578125,169.75,164.0,165.52999877929688,4423800
2025-02-07,163.82188415527344,166.8300018310547,167.8699951171875,164.13999938964844,166.47000122070312,3072900
2025-02-10,164.1066436767578,167.1199951171875,167.75,165.77000427246094,167.30999755859375,3650200
2025-02-11,163.92991638183594,166.94000244140625,167.07000732421875,165.10000610351562,166.72000122070312,2168800
2025-02-12,163.55673217773438,166.55999755859375,166.86000061035156,164.33999633789062,165.75999450683594,2557500
2025-02-13,165.530517578125,168.57000732421875,169.0399932861328,167.02999877929688,167.3699951171875,1853600
2025-02-14,163.70407104492188,166.7100067138672,169.77999877929688,166.67999267578125,169.77999877929688,1776100
2025-02-18,163.4978485107422,166.5,167.08999633789062,165.33999633789062,166.83999633789062,2230000
2025-02-19,163.94955444335938,166.9600067138672,167.57000732421875,166.0399932861328,166.91000366210938,2505500
2025-02-20,163.78260803222656,166.7899932861328,167.47999572753906,165.8300018310547,167.0,1643400
2025-02-21,164.8431396484375,167.8699951171875,168.49000549316406,166.33999633789062,166.72999572753906,2853100
2025-02-24,165.38320922851562,168.4199981689453,169.88999938964844,167.3000030517578,168.4199981689453,3467500
2025-02-25,168.12294006347656,171.2100067138672,171.61000061035156,168.9499969482422,169.13999938964844,3456400
2025-02-26,168.0836181640625,171.1699981689453,172.6300048828125,170.14999389648438,170.57000732421875,3256000
2025-02-27,167.75958251953125,170.83999633789062,173.52000427246094,170.3800048828125,171.1699981689453,2805700
2025-02-28,170.1064910888672,173.22999572753906,173.5399932861328,170.6699981689453,170.9499969482422,5508600
2025-03-03,170.07704162597656,173.1999969482422,175.41000366210938,172.3300018310547,172.91000366210938,3658500
2025-03-04,166.78744506835938,169.85000610351562,174.16000366210938,169.72000122070312,173.17999267578125,3034200
2025-03-05,168.5157012939453,171.61000061035156,171.9600067138672,169.35000610351562,170.0,3216500
2025-03-06,166.59103393554688,169.64999389648438,171.00999450683594,168.27000427246094,169.8000030517578,3104700
2025-03-07,167.17041015625,170.24000549316406,170.75,167.61000061035156,169.35000610351562,3541800
2025-03-10,166.10003662109375,169.14999389648438,171.5500030517578,167.6699981689453,169.92999267578125,4806200
2025-03-11,165.3242950439453,168.36000061035156,170.35000610351562,168.1999969482422,169.0399932861328,3855700
2025-03-12,165.972412109375,169.02000427246094,169.94000244140625,167.6199951171875,169.13999938964844,4066800
2025-03-13,166.09024047851562,169.13999938964844,171.07000732421875,168.5800018310547,169.0800018310547,2919100
2025-03-14,167.97561645507812,171.05999755859375,171.4499969482422,168.8800048828125,169.8800048828125,3018600
2025-03-17,170.18142700195312,172.82000732421875,173.6699981689453,170.1199951171875,170.92999267578125,2483400
2025-03-18,170.20111083984375,172.83999633789062,173.72999572753906,171.9499969482422,173.07000732421875,2995100
2025-03-19,171.03814697265625,173.69000244140625,174.52000427246094,172.1699981689453,173.16000366210938,2609300
2025-03-20,172.90911865234375,175.58999633789062,175.89999389648438,173.00999450683594,173.1300048828125,2746700
2025-03-21,171.72744750976562,174.38999938964844,175.99000549316406,173.10000610351562,175.6699981689453,4717100
2025-03-24,172.57432556152344,175.25,176.16000366210938,174.16000366210938,174.32000732421875,2982400
2025-03-25,172.94850158691406,175.6300048828125,176.49000549316406,174.47999572753906,176.14999389648438,2777100
2025-03-26,173.07652282714844,175.75999450683594,176.82000732421875,174.99000549316406,175.92999267578125,2575200
2025-03-27,173.6673583984375,176.36000061035156,177.4499969482422,175.1199951171875,175.91000366210938,2946000
2025-03-28,172.04254150390625,174.7100067138672,177.02000427246094,174.47999572753906,176.1300048828125,3199200
2025-03-31,169.86630249023438,172.5,173.5399932861328,171.2899932861328,172.82000732421875,6282800
2025-04-01,168.87173461914062,171.49000549316406,172.7100067138672,170.58999633789062,171.8000030517578,3877200
2025-04-02,167.83773803710938,170.44000244140625,172.0,169.61000061035156,170.19000244140625,6613000
2025-04-03,165.001708984375,167.55999755859375,172.57000732421875,167.27999877929688,169.22000122070312,6043400
2025-04-04,154.34693908691406,156.74000549316406,166.50999450683594,156.5500030517578,165.39999389648438,6340400
2025-04-07,152.288818359375,154.64999389648438,159.49000549316406,150.47000122070312,152.3300018310547,6950500
2025-04-08,149.30508422851562,151.6199951171875,158.7899932861328,149.4600067138672,158.5399932861328,6466300
2025-04-09,154.4158477783203,156.80999755859375,157.27000427246094,147.24000549316406,150.86000061035156,7429300
2025-04-10,152.82058715820312,155.19000244140625,157.00999450683594,150.82000732421875,156.1999969482422,4719200
2025-04-11,153.5295867919922,155.91000366210938,156.80999755859375,152.25999450683594,154.6199951171875,2786500
2025-04-14,157.35035705566406,159.7899932861328,160.2899932861328,157.1999969482422,158.27999877929688,2946400
2025-04-15,157.50790405273438,159.9499969482422,160.99000549316406,157.99000549316406,160.52999877929688,2675600
2025-04-16,156.02096557617188,158.44000244140625,160.3699951171875,157.36000061035156,159.83999633789062,2628900
2025-04-17,156.21792602539062,158.63999938964844,160.80999755859375,158.0500030517578,159.4499969482422,2742700
2025-04-21,152.6630401611328,155.02999877929688,157.82000732421875,153.1300048828125,157.4199981689453,2815000
2025-04-22,158.2267608642578,160.67999267578125,160.97000122070312,156.52999877929688,156.52999877929688,2909600
2025-04-23,158.5320281982422,160.99000549316406,163.14999389648438,159.4600067138672,162.10000610351562,2876100
2025-04-24,160.49163818359375,162.97999572753906,163.3000030517578,160.00999450683594,161.07000732421875,1559700
2025-04-25,160.73780822753906,163.22999572753906,163.6300048828125,161.61000061035156,162.44000244140625,1642800
2025-04-28,160.9840087890625,163.47999572753906,164.3800048828125,162.2899932861328,163.3000030517578,2337500
2025-04-29,163.79051208496094,166.3300018310547,166.6199951171875,163.41000366210938,163.47000122070312,2114600
2025-04-30,165.40548706054688,167.97000122070312,168.77999877929688,164.5500030517578,166.0500030517578,3672000
2025-05-01,168.2316436767578,170.83999633789062,172.30999755859375,162.94000244140625,166.24000549316406,4008900
2025-05-02,170.8018035888672,173.4499969482422,174.5,171.22999572753906,173.08999633789062,2921400
2025-05-05,171.32369995117188,173.97999572753906,175.1699981689453,172.58999633789062,173.72000122070312,2239100
2025-05-06,172.51522827148438,175.19000244140625,176.2100067138672,172.9600067138672,172.9600067138672,2744300
2025-05-07,173.8347625732422,176.52999877929688,177.02000427246094,174.52000427246094,174.97999572753906,2025800
2025-05-08,173.77569580078125,176.47000122070312,178.8000030517578,176.39999389648438,177.19000244140625,4378300
2025-05-09,175.60728454589844,178.3300018310547,179.44000244140625,176.77999877929688,176.8800048828125,3313500
2025-05-12,170.79193115234375,173.44000244140625,178.9199981689453,170.5800018310547,178.9199981689453,4617700
2025-05-13,170.20111083984375,172.83999633789062,174.8000030517578,172.77999877929688,173.52000427246094,2122900
2025-05-14,169.31484985351562,171.94000244140625,174.0,170.9199981689453,173.0800018310547,4025800
2025-05-15,172.18043518066406,174.85000610351562,175.22000122070312,171.86000061035156,172.22999572753906,2563600
2025-05-16,173.5590362548828,176.25,176.25999450683594,173.82000732421875,175.5500030517578,2330900
2025-05-19,174.05140686035156,176.75,177.41000366210938,174.55999755859375,175.0,2731500
2025-05-20,173.5984344482422,176.2899932861328,177.3800048828125,175.5399932861328,175.89999389648438,2150800
2025-05-21,172.05242919921875,174.72000122070312,177.1699981689453,174.19000244140625,175.85000610351562,4479600
2025-05-22,171.34339904785156,174.0,175.4199981689453,173.57000732421875,174.52000427246094,2896200
2025-05-23,173.43101501464844,176.1199951171875,176.7899932861328,172.91000366210938,173.5,2248100
2025-05-27,175.81407165527344,178.5399932861328,178.9600067138672,176.5500030517578,177.11000061035156,2831500
2025-05-28,175.08538818359375,177.8000030517578,178.63999938964844,177.5800018310547,177.6199951171875,2297700
2025-05-29,175.80422973632812,178.52999877929688,178.7899932861328,176.8699951171875,177.75999450683594,1789700
2025-05-30,177.0548553466797,179.8000030517578,180.63999938964844,178.00999450683594,178.4499969482422,5439100
2025-06-02,177.56692504882812,180.32000732421875,180.33999633789062,177.6699981689453,178.75,1854700
2025-06-03,176.60186767578125,179.33999633789062,180.88999938964844,177.8000030517578,180.24000549316406,2387700
2025-06-04,176.39508056640625,179.1300048828125,179.9499969482422,177.92999267578125,179.7899932861328,1869900
2025-06-05,175.83377075195312,178.55999755859375,179.67999267578125,177.66000366210938,179.57000732421875,2438400
2025-06-06,175.95193481445312,178.67999267578125,178.8800048828125,177.36000061035156,178.1999969482422,3245200
2025-06-09,173.28330993652344,175.97000122070312,178.8300018310547,174.7899932861328,177.8000030517578,2776000
2025-06-10,172.8500518798828,175.52999877929688,176.33999633789062,174.74000549316406,176.0,1898200
2025-06-11,174.78994750976562,177.5,177.55999755859375,174.9499969482422,176.00999450683594,1677200
2025-06-12,176.34584045410156,179.0800018310547,179.13999938964844,176.99000549316406,177.00999450683594,1841500
2025-06-13,176.18785095214844,178.44000244140625,179.9499969482422,177.4499969482422,179.0800018310547,2500300
2025-06-16,177.53070068359375,179.8000030517578,181.6300048828125,179.0,179.57000732421875,2150700
2025-06-17,178.70567321777344,180.99000549316406,181.64999389648438,178.72000122070312,179.1999969482422,3230500
2025-06-18,177.49118041992188,179.75999450683594,181.3300018310547,179.50999450683594,180.99000549316406,2055300
2025-06-20,176.17796325683594,178.42999267578125,180.89999389648438,177.47000122070312,179.00999450683594,3910100
2025-06-23,177.46157836914062,179.72999572753906,179.9600067138672,178.1999969482422,178.85000610351562,2017400
2025-06-24,178.56744384765625,180.85000610351562,181.30999755859375,178.4600067138672,180.38999938964844,2101700
2025-06-25,178.25146484375,180.52999877929688,181.4499969482422,179.63999938964844,180.30999755859375,1560700
2025-06-26,178.51808166503906,180.8000030517578,181.6199951171875,180.22000122070312,181.02999877929688,1504500
2025-06-27,179.45608520507812,181.75,182.61000061035156,180.4199981689453,180.7100067138672,2137100
2025-06-30,181.15435791015625,183.47000122070312,183.75999450683594,181.36000061035156,181.9600067138672,3214000
2025-07-01,179.564697265625,181.86000061035156,183.72999572753906,179.30999755859375,183.3000030517578,2223700
2025-07-02,179.44619750976562,181.74000549316406,181.86000061035156,179.60000610351562,181.10000610351562,1631100
2025-07-03,180.7989044189453,183.11000061035156,183.11000061035156,181.7899932861328,182.0,1082800
2025-07-07,180.7791748046875,183.08999633789062,183.99000549316406,181.7100067138672,183.3800048828125,1634700
2025-07-08,178.69580078125,180.97999572753906,183.0,180.61000061035156,182.30999755859375,1950300
2025-07-09,179.86090087890625,182.16000366210938,182.19000244140625,178.72999572753906,180.61000061035156,1789000
2025-07-10,179.52520751953125,181.82000732421875,182.85000610351562,180.6300048828125,181.8300018310547,1894300
2025-07-11,178.2317352294922,180.50999450683594,182.05999755859375,180.17999267578125,181.1999969482422,1576900
2025-07-14,179.52520751953125,181.82000732421875,182.39999389648438,179.66000366210938,180.3800048828125,1773000
2025-07-15,177.52081298828125,179.7899932861328,181.82000732421875,179.27999877929688,181.61000061035156,1513000
2025-07-16,178.51808166503906,180.8000030517578,181.22000122070312,179.00999450683594,180.1999969482422,1629600
2025-07-17,179.64369201660156,181.94000244140625,182.14999389648438,180.0,180.3300018310547,1806800
2025-07-18,178.43907165527344,180.72000122070312,182.66000366210938,180.35000610351562,181.99000549316406,2483000
2025-07-21,178.52793884277344,180.80999755859375,182.16000366210938,180.44000244140625,180.89999389648438,1757900
2025-07-22,178.51808166503906,180.8000030517578,181.13999938964844,179.6199951171875,180.6300048828125,1952700
2025-07-23,178.71556091308594,181.0,181.58999633789062,179.72999572753906,180.6300048828125,1994100
2025-07-24,181.2629852294922,183.5800018310547,184.02999877929688,180.4199981689453,181.4199981689453,2981200
2025-07-25,182.1121368408203,184.44000244140625,185.3000030517578,183.25999450683594,183.30999755859375,2588800
2025-07-28,180.4829559326172,182.7899932861328,184.66000366210938,182.42999267578125,184.0,2353400
2025-07-29,182.37872314453125,184.7100067138672,184.85000610351562,183.10000610351562,183.94000244140625,3035700
2025-07-30,183.39572143554688,185.74000549316406,187.3800048828125,184.3699951171875,184.9499969482422,3507700
2025-07-31,182.49722290039062,184.8300018310547,187.3800048828125,182.6999969482422,185.74000549316406,4429300
2025-08-01,182.27011108398438,184.60000610351562,185.2100067138672,182.0,182.11000061035156,3795800
2025-08-04,186.07151794433594,188.4499969482422,188.58999633789062,184.8300018310547,185.36000061035156,3777300
2025-08-05,185.03477478027344,187.39999389648438,189.22999572753906,186.72000122070312,189.16000366210938,2929400
2025-08-06,185.6765594482422,188.0500030517578,188.5399932861328,186.7899932861328,187.83999633789062,2690500
2025-08-07,185.64694213867188,188.02000427246094,188.97999572753906,187.2899932861328,188.4499969482422,2697700
2025-08-08,184.04737854003906,186.39999389648438,189.35000610351562,186.3800048828125,188.5500030517578,2783600
2025-08-11,183.5832977294922,185.92999267578125,187.08999633789062,184.67999267578125,186.39999389648438,2036900
2025-08-12,180.43357849121094,182.74000549316406,186.1999969482422,181.47999572753906,186.1999969482422,3849100
2025-08-13,179.12037658691406,181.41000366210938,183.64999389648438,180.2100067138672,183.64999389648438,3723300
2025-08-14,180.3743438720703,182.67999267578125,183.1300048828125,180.97000122070312,181.61000061035156,6079900
2025-08-15,178.9130096435547,181.1999969482422,182.86000061035156,180.8000030517578,182.4199981689453,2840900
2025-08-18,175.6941680908203,177.94000244140625,181.4499969482422,177.94000244140625,180.94000244140625,3606100
2025-08-19,176.02000427246094,178.27000427246094,178.6699981689453,177.07000732421875,178.1300048828125,2586500
2025-08-20,179.01174926757812,181.3000030517578,181.72000122070312,177.9600067138672,178.4499969482422,2921700
2025-08-21,176.96788024902344,179.22999572753906,180.91000366210938,178.6999969482422,180.5,1973600
2025-08-22,178.38970947265625,180.6699981689453,180.9600067138672,179.25,179.75999450683594,2247800
2025-08-25,176.87901306152344,179.13999938964844,181.64999389648438,179.05999755859375,180.74000549316406,3101800
2025-08-26,176.48406982421875,178.74000549316406,178.88999938964844,177.75,178.3300018310547,2578900
2025-08-27,175.06224060058594,177.3000030517578,179.1999969482422,177.27000427246094,178.33999633789062,1933700
2025-08-28,174.90426635742188,177.13999938964844,177.6999969482422,176.11000061035156,177.02000427246094,2170900
2025-08-29,174.37106323242188,176.60000610351562,177.75999450683594,176.1300048828125,177.00999450683594,1775500
2025-09-02,172.880126953125,175.08999633789062,177.0,173.66000366210938,175.55999755859375,3226400
2025-09-03,172.91964721679688,175.1300048828125,175.4600067138672,173.77000427246094,174.7100067138672,1903000
2025-09-04,172.3173370361328,174.52000427246094,176.0500030517578,173.22000122070312,175.91000366210938,2950100
2025-09-05,172.07049560546875,174.27000427246094,175.13999938964844,172.88999938964844,175.13999938964844,3104200
2025-09-08,171.69528198242188,173.88999938964844,174.13999938964844,172.0,173.38999938964844,2322600
2025-09-09,171.2707061767578,173.4600067138672,174.7899932861328,173.0399932861328,173.6699981689453,3466700
2025-09-10,170.0562286376953,172.22999572753906,173.99000549316406,171.3300018310547,173.5,2381000
2025-09-11,173.94650268554688,176.1699981689453,176.39999389648438,172.33999633789062,172.75,2697600
2025-09-12,171.77427673339844,173.97000122070312,176.58999633789062,173.0800018310547,175.6199951171875,2300500
2025-09-15,170.0562286376953,172.22999572753906,174.3699951171875,171.83999633789062,174.16000366210938,2669700
2025-09-16,169.70968627929688,171.39999389648438,171.8699951171875,170.25,171.57000732421875,3179400
2025-09-17,170.5513153076172,172.25,173.10000610351562,171.0500030517578,171.8300018310547,2443000
2025-09-18,169.44236755371094,171.1300048828125,173.3000030517578,169.91000366210938,172.1699981689453,5990200
2025-09-19,168.09576416015625,169.77000427246094,171.52999877929688,168.94000244140625,171.10000610351562,4806500
2025-09-22,168.4423065185547,170.1199951171875,170.38999938964844,168.2899932861328,169.5800018310547,4257400
2025-09-23,166.43231201171875,168.08999633789062,170.82000732421875,167.5,170.13999938964844,2586600
2025-09-24,166.39273071289062,168.0500030517578,168.4499969482422,166.5800018310547,167.52999877929688,3771900
2025-09-25,165.63031005859375,167.27999877929688,167.8300018310547,165.4499969482422,167.05999755859375,2977400
2025-09-26,166.07586669921875,167.72999572753906,169.0500030517578,167.5399932861328,168.02999877929688,2564900
2025-09-29,166.33334350585938,167.99000549316406,168.83999633789062,166.8300018310547,168.25,2661000
2025-09-30,166.8184814453125,168.47999572753906,169.1999969482422,167.5500030517578,167.88999938964844,2801300
2025-10-01,161.0360870361328,162.63999938964844,167.2100067138672,162.32000732421875,167.2100067138672,4121600
2025-10-02,159.39244079589844,160.97999572753906,162.5,160.6999969482422,162.0500030517578,3335900
2025-10-03,161.0162811279297,162.6199951171875,162.9499969482422,160.25,160.74000549316406,2910800
2025-10-06,157.4913787841797,159.05999755859375,162.6699981689453,158.22999572753906,162.07000732421875,3908100
2025-10-07,160.38258361816406,161.97999572753906,162.8300018310547,159.1699981689453,161.47000122070312,5758300
2025-10-08,157.79832458496094,159.3699951171875,162.69000244140625,156.44000244140625,162.69000244140625,5054400
2025-10-09,157.72901916503906,159.3000030517578,160.9600067138672,158.25999450683594,160.9600067138672,3838700
2025-10-10,155.94676208496094,157.5,159.75,157.42999267578125,159.6199951171875,4175400
2025-10-13,157.18443298339844,158.75,159.33999633789062,157.33999633789062,157.4600067138672,3074300
2025-10-14,156.7091827392578,158.27000427246094,160.5,157.92999267578125,159.1699981689453,2849100
2025-10-15,155.9071807861328,157.4600067138672,158.83999633789062,155.89999389648438,158.19000244140625,4174200
2025-10-16,151.84759521484375,153.36000061035156,157.52000427246094,153.1199951171875,157.52000427246094,5576400
2025-10-17,152.08523559570312,153.60000610351562,154.02000427246094,152.72999572753906,153.77000427246094,4090300
2025-10-20,153.75856018066406,155.2899932861328,155.4199981689453,153.25999450683594,153.9499969482422,2884400
2025-10-21,155.24375915527344,156.7899932861328,157.36000061035156,155.00999450683594,155.07000732421875,3560000
2025-10-22,155.4021759033203,156.9499969482422,157.39999389648438,155.5500030517578,156.47999572753906,4676300
2025-10-23,155.8972625732422,157.4499969482422,158.44000244140625,155.83999633789062,158.0,5803100
2025-10-24,156.0952911376953,157.64999389648438,158.6699981689453,157.5800018310547,158.24000549316406,4185800
2025-10-27,158.26368713378906,159.83999633789062,160.1999969482422,158.0,158.25999450683594,4078300
2025-10-28,155.7190399169922,157.27000427246094,160.11000061035156,157.17999267578125,159.5500030517578,3322400
2025-10-29,149.13461303710938,150.6199951171875,156.13999938964844,150.0,155.75999450683594,7586500
2025-10-30,147.05532836914062,148.52000427246094,152.22000122070312,146.0500030517578,146.5500030517578,6950500
2025-10-31,144.84732055664062,146.2899932861328,149.0,145.00999450683594,148.32000732421875,7069600
2025-11-03,144.1542205810547,145.58999633789062,146.2100067138672,143.1699981689453,145.49000549316406,4428200
2025-11-04,145.53050231933594,146.97999572753906,147.25999450683594,145.50999450683594,146.47000122070312,3135800
2025-11-05,144.7681121826172,146.2100067138672,150.0,146.2100067138672,147.50999450683594,3980900
2025-11-06,146.06520080566406,147.52000427246094,148.05999755859375,145.74000549316406,145.75999450683594,3497500
2025-11-07,147.5305938720703,149.0,149.08999633789062,146.9499969482422,147.1300048828125,3487100
2025-11-10,148.02565002441406,149.5,149.64999389648438,147.52999877929688,148.66000366210938,3231200
2025-11-11,150.49110412597656,151.99000549316406,152.13999938964844,150.13999938964844,150.2899932861328,2854600
2025-11-12,152.53079223632812,154.0500030517578,154.1699981689453,151.6999969482422,152.07000732421875,3032100
2025-11-13,151.194091796875,152.6999969482422,154.22999572753906,152.52000427246094,153.39999389648438,3484800
2025-11-14,150.57032775878906,152.07000732421875,153.67999267578125,150.97000122070312,153.67999267578125,2554300
2025-11-17,148.84747314453125,150.3300018310547,152.85000610351562,149.88999938964844,151.8300018310547,2737300
2025-11-18,151.2733154296875,152.77999877929688,154.00999450683594,149.86000061035156,150.6699981689453,5191000
2025-11-19,152.13473510742188,153.64999389648438,153.69000244140625,151.97999572753906,152.52000427246094,4432700
2025-11-20,150.16436767578125,151.66000366210938,154.67999267578125,151.1300048828125,153.64999389648438,4304300
2025-11-21,152.9070281982422,154.42999267578125,155.35000610351562,152.36000061035156,153.02999877929688,4777400
2025-11-24,151.39212036132812,152.89999389648438,154.27999877929688,152.22000122070312,154.0399932861328,4135700
2025-11-25,154.4219512939453,155.9600067138672,156.25999450683594,153.41000366210938,154.0500030517578,2274700
2025-11-26,154.7487030029297,156.2899932861328,157.02000427246094,155.42999267578125,155.83999633789062,2286800
2025-11-28,155.74874877929688,157.3000030517578,158.3699951171875,156.72000122070312,157.0,1323700
2025-12-01,155.3922882080078,156.94000244140625,157.5,155.9499969482422,156.5,2834000
2025-12-02,153.827880859375,155.36000061035156,157.6300048828125,155.10000610351562,156.85000610351562,4802100
2025-12-03,155.3031768798828,156.85000610351562,157.72999572753906,155.97999572753906,156.32000732421875,2848700
2025-12-04,157.54087829589844,159.11000061035156,159.30999755859375,156.75999450683594,157.19000244140625,3804600
2025-12-05,156.2636260986328,157.82000732421875,159.1999969482422,157.30999755859375,158.6300048828125,3852100
2025-12-08,155.4813995361328,157.02999877929688,157.85000610351562,155.75999450683594,157.8300018310547,5387600
2025-12-09,156.4517364501953,158.00999450683594,159.3300018310547,157.39999389648438,157.58999633789062,3558500
2025-12-10,158.79837036132812,160.3800048828125,161.36000061035156,157.50999450683594,157.82000732421875,4524800
2025-12-11,161.49154663085938,163.10000610351562,163.4600067138672,161.0,161.14999389648438,3855900
2025-12-12,161.6004638671875,163.2100067138672,164.3699951171875,162.72999572753906,163.1999969482422,2700500
2025-12-15,159.8083038330078,161.39999389648438,163.4499969482422,160.58999633789062,163.4499969482422,3206800
2025-12-16,158.94432067871094,160.0500030517578,162.0,159.9199981689453,161.5,4222000
2025-12-17,159.74871826171875,160.86000061035156,161.77999877929688,159.58999633789062,159.6300048828125,3563700
2025-12-18,158.9641876220703,160.07000732421875,162.2899932861328,160.02000427246094,161.25,2639300
2025-12-19,159.1925811767578,160.3000030517578,161.0500030517578,159.66000366210938,159.97000122070312,5747900
2025-12-22,160.3346405029297,161.4499969482422,162.17999267578125,159.6699981689453,160.14999389648438,2152100
2025-12-23,160.83119201660156,161.9499969482422,162.58999633789062,161.17999267578125,161.25999450683594,1997500
2025-12-24,161.50650024414062,162.6300048828125,163.1999969482422,161.77999877929688,161.94000244140625,761800
2025-12-26,162.39035034179688,163.52000427246094,163.5500030517578,162.19000244140625,162.4499969482422,1045000
2025-12-29,162.84716796875,163.97999572753906,164.4199981689453,162.7899932861328,163.6199951171875,1582300
2025-12-30,162.0328369140625,163.16000366210938,163.97000122070312,163.0,163.50999450683594,1142500
2025-12-31,160.84112548828125,161.9600067138672,163.77000427246094,161.9199981689453,162.80999755859375,1342600
2026-01-02,158.88473510742188,159.99000549316406,161.5399932861328,159.58999633789062,161.33999633789062,2068700
2026-01-05,164.475830078125,165.6199951171875,166.39999389648438,159.2100067138672,159.47999572753906,3370200
2026-01-06,164.86312866210938,166.00999450683594,166.99000549316406,165.1699981689453,165.94000244140625,2605100
2026-01-07,160.8013916015625,161.9199981689453,166.85000610351562,161.91000366210938,165.99000549316406,2544900
2026-01-08,160.86097717285156,161.97999572753906,164.2899932861328,161.24000549316406,161.35000610351562,2852400
2026-01-09,164.83334350585938,165.97999572753906,166.0800018310547,162.10000610351562,162.5399932861328,3310500
2026-01-12,165.1014862060547,166.25,169.63999938964844,165.7100067138672,166.67999267578125,4244600
2026-01-13,165.5384521484375,166.69000244140625,166.75,163.60000610351562,166.25,2968500
2026-01-14,171.74526977539062,172.94000244140625,173.0500030517578,165.91000366210938,166.44000244140625,5261800
2026-01-15,172.08291625976562,173.27999877929688,174.3800048828125,171.2100067138672,173.77999877929688,4660100
2026-01-16,172.778076171875,173.97999572753906,175.36000061035156,171.86000061035156,173.2100067138672,4415800
2026-01-20,169.76901245117188,170.9499969482422,174.2899932861328,169.4199981689453,171.0,3771000
2026-01-21,170.71243286132812,171.89999389648438,173.25999450683594,171.32000732421875,171.4600067138672,2597700
2026-01-22,173.14552307128906,174.35000610351562,174.82000732421875,171.75,171.97000122070312,2967900
2026-01-23,171.73533630371094,172.92999267578125,174.42999267578125,172.64999389648438,174.1300048828125,2697900
2026-01-26,173.89035034179688,175.10000610351562,175.3800048828125,172.9600067138672,173.19000244140625,2615800
2026-01-27,172.08291625976562,173.27999877929688,175.3800048828125,172.85000610351562,174.55999755859375,2866900
2026-01-28,171.24871826171875,172.44000244140625,173.75,171.36000061035156,172.52000427246094,3209300
2026-01-29,173.89035034179688,175.10000610351562,176.0500030517578,173.0399932861328,173.0399932861328,3193100
2026-01-30,172.5794677734375,173.77999877929688,175.0500030517578,171.2100067138672,174.24000549316406,3305900
2026-02-02,171.9835968017578,173.17999267578125,175.38999938964844,171.1699981689453,174.0,3467200
2026-02-03,161.94346618652344,163.07000732421875,171.1999969482422,158.8300018310547,170.5800018310547,9070400
2026-02-04,163.71116638183594,164.85000610351562,165.47999572753906,159.8300018310547,161.58999633789062,6603600
2026-02-05,167.12738037109375,168.2899932861328,174.30999755859375,166.00999450683594,168.67999267578125,5663800
2026-02-06,167.8324737548828,169.0,173.86000061035156,166.80999755859375,169.85000610351562,3539800
2026-02-09,168.3091583251953,169.47999572753906,170.8699951171875,168.27000427246094,168.4600067138672,3332300
2026-02-10,163.6714324951172,164.80999755859375,168.2100067138672,163.57000732421875,164.5,4870100
2026-02-11,150.94000244140625,151.99000549316406,164.99000549316406,151.0500030517578,164.3800048828125,9096900
2026-02-12,148.794921875,149.8300018310547,152.1300048828125,144.17999267578125,151.63999938964844,11830400
2026-02-13,151.22799682617188,152.27999877929688,153.36000061035156,150.97000122070312,151.3000030517578,4166300
2026-02-17,152.37998962402344,153.44000244140625,154.52999877929688,149.3699951171875,152.77000427246094,5868900
2026-02-18,154.11790466308594,155.19000244140625,155.92999267578125,153.6699981689453,154.77000427246094,3086400
2026-02-19,153.0453643798828,154.11000061035156,155.9499969482422,152.39999389648438,154.0,3727900
2026-02-20,152.946044921875,154.00999450683594,155.41000366210938,152.38999938964844,154.27000427246094,3370600
2026-02-23,153.03543090820312,154.10000610351562,154.88999938964844,151.77000427246094,153.3800048828125,3639600
2026-02-24,154.28672790527344,155.36000061035156,156.82000732421875,153.5399932861328,153.5399932861328,3114200
2026-02-25,159.22238159179688,160.3300018310547,160.85000610351562,155.42999267578125,156.07000732421875,6195300
2026-02-26,161.7646942138672,162.88999938964844,163.22999572753906,160.8300018310547,161.47000122070312,3209600
2026-02-27,162.9961395263672,164.1300048828125,165.75,161.0,161.8300018310547,4346800
2026-03-02,163.6416473388672,164.77999877929688,168.0,163.99000549316406,165.25999450683594,4452400
2026-03-03,163.6416473388672,164.77999877929688,166.77999877929688,163.0399932861328,163.3699951171875,4186400
2026-03-04,165.14120483398438,166.2899932861328,166.5399932861328,161.80999755859375,163.47000122070312,2840300
2026-03-05,162.86703491210938,164.0,167.14999389648438,163.00999450683594,164.6699981689453,4117400
2026-03-06,165.04190063476562,166.19000244140625,167.3000030517578,162.5800018310547,164.0500030517578,4552900
2026-03-09,164.65460205078125,165.8000030517578,166.35000610351562,162.5,164.9600067138672,3458700
2026-03-10,159.06349182128906,160.1699981689453,164.86000061035156,158.85000610351562,164.86000061035156,3398100
2026-03-11,155.93524169921875,157.02000427246094,159.9199981689453,153.63999938964844,159.4199981689453,4585300
2026-03-12,157.51426696777344,158.61000061035156,159.77000427246094,156.97000122070312,157.86000061035156,3585900
2026-03-13,158.1001739501953,159.1999969482422,160.60000610351562,157.8800048828125,159.8699951171875,2483700
2026-03-16,160.37437438964844,161.49000549316406,161.5399932861328,159.8699951171875,160.8300018310547,3066900
2026-03-17,160.2249298095703,160.82000732421875,162.8699951171875,160.16000366210938,161.25,2095500
2026-03-18,156.57847595214844,157.16000366210938,159.9600067138672,156.88999938964844,159.16000366210938,2938100
2026-03-19,157.91351318359375,158.5,159.1699981689453,155.9600067138672,156.94000244140625,3286700
2026-03-20,157.84376525878906,158.42999267578125,159.38999938964844,157.6999969482422,159.11000061035156,4516000
2026-03-23,156.5884246826172,157.1699981689453,159.75999450683594,156.52999877929688,159.27999877929688,3290500
2026-03-24,155.24343872070312,155.82000732421875,157.02999877929688,153.97999572753906,156.50999450683594,3106600
2026-03-25,156.24969482421875,156.8300018310547,158.0399932861328,153.5800018310547,156.66000366210938,4118800
2026-03-26,155.38291931152344,155.9600067138672,157.3800048828125,155.52999877929688,156.1699981689453,3031300
2026-03-27,152.10508728027344,152.6699981689453,156.49000549316406,152.3800048828125,155.69000244140625,2702200
2026-03-30,156.35928344726562,156.94000244140625,157.25,153.89999389648438,154.19000244140625,2928500
2026-03-31,156.69802856445312,157.27999877929688,158.94000244140625,155.91000366210938,158.08999633789062,3754900
2026-04-01,157.4950714111328,158.0800018310547,158.5,155.24000549316406,156.77000427246094,2789300
2026-04-02,162.37692260742188,162.97999572753906,163.64999389648438,158.0399932861328,158.1300048828125,4308400
2026-04-06,165.77430725097656,166.38999938964844,167.0,163.27000427246094,163.27000427246094,2348200
2026-04-07,165.6846466064453,166.3000030517578,167.77999877929688,165.97999572753906,166.72999572753906,2568700
2026-04-08,167.16912841796875,167.7899932861328,168.1999969482422,163.8000030517578,165.4199981689453,2509900
2026-04-09,161.37066650390625,161.97000122070312,167.75,161.66000366210938,167.52999877929688,3434300
2026-04-10,160.0057373046875,160.60000610351562,162.61000061035156,157.77999877929688,161.07000732421875,2754500
2026-04-13,163.70201110839844,164.30999755859375,164.61000061035156,160.47000122070312,160.47000122070312,1871600
2026-04-14,161.44039916992188,162.0399932861328,164.16000366210938,161.50999450683594,163.4600067138672,2684500
2026-04-15,164.45921325683594,165.07000732421875,165.8000030517578,162.3300018310547,163.19000244140625,2001800
2026-04-16,163.1440887451172,163.75,165.88999938964844,162.89999389648438,165.07000732421875,2847500
2026-04-17,160.64337158203125,161.24000549316406,164.3300018310547,159.83999633789062,164.0,4881700
2026-04-20,160.0157012939453,160.61000061035156,163.0,160.3000030517578,161.41000366210938,2752600
2026-04-21,158.04302978515625,158.6300048828125,161.92999267578125,158.3000030517578,160.89999389648438,3103800
2026-04-22,158.23233032226562,158.82000732421875,160.2899932861328,158.05999755859375,159.58999633789062,2239000
2026-04-23,156.89727783203125,157.47999572753906,159.25,155.30999755859375,158.16000366210938,2593800
2026-04-24,157.8636932373047,158.4499969482422,158.94000244140625,155.8300018310547,156.39999389648438,2975100
2026-04-27,156.36924743652344,156.9499969482422,159.44000244140625,156.8699951171875,159.4199981689453,2956900
2026-04-28,155.72164916992188,156.3000030517578,159.69000244140625,156.0500030517578,158.89999389648438,2772000
2026-04-29,155.612060546875,156.19000244140625,156.4499969482422,153.9600067138672,155.0,2794900
2026-04-30,157.50502014160156,158.08999633789062,161.33999633789062,152.5,155.05999755859375,5847300
2026-05-01,154.17738342285156,154.75,161.0,154.74000549316406,159.05999755859375,3222600
2026-05-04,155.8611297607422,156.44000244140625,158.5800018310547,154.3000030517578,154.3000030517578,3988100
2026-05-05,154.70542907714844,155.27999877929688,157.41000366210938,153.4499969482422,157.00999450683594,4650500
2026-05-06,152.83238220214844,153.39999389648438,155.85000610351562,153.3000030517578,155.27000427246094,3104400
2026-05-07,155.5323486328125,156.11000061035156,156.35000610351562,152.35000610351562,152.4199981689453,3549700
2026-05-08,155.24343872070312,155.82000732421875,156.97000122070312,153.58999633789062,156.0800018310547,2952900
2026-05-11,157.2360382080078,157.82000732421875,157.86000061035156,154.0500030517578,155.05999755859375,2886900
2026-05-12,155.23345947265625,155.80999755859375,158.89999389648438,155.35000610351562,158.11000061035156,2810400
2026-05-13,154.22720336914062,154.8000030517578,155.6199951171875,152.6699981689453,154.77000427246094,2097900
2026-05-14,155.143798828125,155.72000122070312,156.0,154.00999450683594,155.82000732421875,1989700
2026-05-15,153.78883361816406,154.36000061035156,157.0,154.0399932861328,156.3699951171875,2191100
2026-05-18,155.4127960205078,155.99000549316406,157.17999267578125,153.63999938964844,154.3300018310547,3265400
2026-05-19,153.5397491455078,154.11000061035156,157.38999938964844,154.0800018310547,156.63999938964844,3486300
2026-05-20,151.1287078857422,151.69000244140625,153.74000549316406,151.52000427246094,153.22000122070312,3770400
2026-05-21,150.92945861816406,151.49000549316406,151.83999633789062,149.6699981689453,150.3699951171875,4174900
2026-05-22,152.4039764404297,152.97000122070312,153.72000122070312,151.16000366210938,151.27999877929688,2827800
2026-05-26,150.0825958251953,150.63999938964844,152.80999755859375,149.97000122070312,152.55999755859375,2955700
2026-05-27,149.15603637695312,149.7100067138672,150.5500030517578,148.11000061035156,149.86000061035156,3525800
2026-05-28,147.75125122070312,148.3000030517578,150.4499969482422,147.88999938964844,149.02999877929688,3994700
2026-05-29,147.30291748046875,147.85000610351562,150.0500030517578,147.10000610351562,147.8000030517578,8078200
2026-06-01,144.42361450195312,144.9600067138672,148.8800048828125,143.00999450683594,148.00999450683594,5439900
2026-06-02,141.85316467285156,142.3800048828125,145.38999938964844,136.6699981689453,145.27000427246094,9903900
2026-06-03,137.9376983642578,138.4499969482422,142.0,136.89999389648438,141.99000549316406,5909700
2026-06-04,141.53433227539062,142.05999755859375,144.49000549316406,141.13999938964844,141.74000549316406,4707700
2026-06-05,140.97640991210938,141.5,143.22000122070312,139.0,142.60000610351562,5650000
2026-06-08,138.5354766845703,139.0500030517578,141.0,138.39999389648438,141.0,6302200
2026-06-09,141.03619384765625,141.55999755859375,142.47000122070312,137.89999389648438,138.5,5706700
2026-06-10,139.82070922851562,140.33999633789062,142.47999572753906,140.0500030517578,141.94000244140625,3296500
2026-06-11,138.46572875976562,138.97999572753906,141.47000122070312,138.74000549316406,140.1999969482422,3079400
2026-06-12,140.00999450683594,140.52999877929688,140.8000030517578,137.75999450683594,139.4600067138672,3172100
2026-06-15,140.10000610351562,140.10000610351562,142.22000122070312,139.69000244140625,140.00999450683594,3519500
2026-06-16,141.27999877929688,141.27999877929688,142.0,137.4600067138672,141.0500030517578,4735900
2026-06-17,134.58999633789062,134.58999633789062,140.7899932861328,133.72999572753906,139.83999633789062,6811200
2026-06-18,133.8800048828125,133.8800048828125,136.77999877929688,132.83999633789062,136.19000244140625,6109400
2026-06-22,131.33999633789062,131.33999633789062,134.33999633789062,129.8300018310547,132.6699981689453,5650200
2026-06-23,133.0,133.0,133.85000610351562,132.07000732421875,133.60000610351562,4574900
2026-06-24,130.02000427246094,130.02000427246094,133.27000427246094,129.88999938964844,133.0,3748900
2026-06-25,124.48999786376953,124.48999786376953,130.1999969482422,124.33000183105469,130.05999755859375,6538100
2026-06-26,123.86000061035156,123.86000061035156,127.86000061035156,123.73999786376953,126.33000183105469,5996600
2026-06-29,122.91000366210938,122.91000366210938,126.4000015258789,121.79000091552734,126.0,6593500
2026-06-30,123.11000061035156,123.11000061035156,124.55000305175781,121.80000305175781,122.30000305175781,7116500
2026-07-01,126.7300033569336,126.7300033569336,128.6999969482422,123.61000061035156,124.05999755859375,5893600
2026-07-02,132.99000549316406,132.99000549316406,133.00999450683594,128.42999267578125,129.5,4601700
2026-07-06,134.91000366210938,134.91000366210938,135.5,131.66000366210938,133.6999969482422,7583700
2026-07-07,136.4499969482422,136.4499969482422,138.13999938964844,134.60000610351562,134.60000610351562,4311100
2026-07-08,137.1699981689453,137.1699981689453,138.52999877929688,134.9499969482422,135.63999938964844,4791300
2026-07-09,135.11000061035156,135.11000061035156,135.2899932861328,131.52000427246094,134.8800048828125,5106800
2026-07-10,135.25999450683594,135.25999450683594,136.49000549316406,134.1699981689453,136.25,3013600
2026-07-13,137.6699981689453,137.6699981689453,138.24000549316406,135.5800018310547,136.0,3061800
2026-07-14,137.61000061035156,137.61000061035156,138.92999267578125,135.47999572753906,135.83999633789062,3802000
2026-07-15,139.83999633789062,139.83999633789062,141.5,138.25999450683594,139.0,3157800
2026-07-16,141.75999450683594,141.75999450683594,142.39999389648438,139.2100067138672,141.0,2805900
2026-07-17,139.64999389648438,139.64999389648438,144.5500030517578,139.0800018310547,142.5,3152400
2026-07-20,141.57000732421875,141.57000732421875,142.14999389648438,137.75999450683594,138.3800048828125,3995300
2026-07-21,138.6699981689453,138.6699981689453,140.85000610351562,138.38999938964844,139.41000366210938,2284100
2026-07-22,142.52999877929688,142.52999877929688,143.49000549316406,139.9600067138672,140.5,3541800
2026-07-23,143.2100067138672,143.2100067138672,143.8699951171875,141.67999267578125,142.0500030517578,3261300
2026-07-24,145.7899932861328,145.7899932861328,146.11000061035156,142.77999877929688,143.72999572753906,3614700
2026-07-27,148.72999572753906,148.72999572753906,148.72999572753906,144.88999938964844,146.75,4314300
2026-07-28,152.72000122070312,152.72000122070312,153.2100067138672,148.10000610351562,148.52999877929688,6963900
2026-07-29,154.27999877929688,154.27999877929688,155.3000030517578,151.5399932861328,152.19000244140625,4434200
2026-07-30,156.27000427246094,156.27000427246094,158.5500030517578,151.05999755859375,155.02999877929688,7991600
2026-07-31,152.47999572753906,152.47999572753906,155.69000244140625,151.5800018310547,155.02000427246094,5667800
2026-08-03,151.8000030517578,151.8000030517578,154.5500030517578,150.6199951171875,154.3699951171875,5682400
2026-08-04,149.1999969482422,149.1999969482422,151.44000244140625,147.67999267578125,150.0399932861328,3819500
2026-08-05,149.83999633789062,149.83999633789062,150.61000061035156,147.5800018310547,150.0,4533400
2026-08-06,149.75,149.75,151.74000549316406,147.47000122070312,150.6699981689453,5233100
2026-08-07,150.3000030517578,150.3000030517578,153.32000732421875,149.91000366210938,150.0,3132100
2026-08-10,150.5399932861328,150.5399932861328,152.39999389648438,149.75,150.19000244140625,2687200
2026-08-11,151.25,151.25,151.66000366210938,149.5399932861328,150.13999938964844,5117000
2026-08-12,151.3300018310547,151.3300018310547,151.89999389648438,149.4199981689453,150.77000427246094,2037400
2026-08-13,155.24000549316406,155.24000549316406,155.4199981689453,151.22000122070312,151.82000732421875,2364000
2026-08-14,154.72999572753906,154.72999572753906,155.4600067138672,153.25999450683594,155.24000549316406,1634000
2026-08-17,154.30999755859375,154.30999755859375,156.1199951171875,154.0,154.02000427246094,2639600
2026-08-18,156.17999267578125,156.17999267578125,158.16000366210938,154.94000244140625,156.32000732421875,3619700
2026-08-19,157.24000549316406,157.24000549316406,159.63999938964844,155.0,156.3000030517578,3757100
2026-08-20,158.61000061035156,158.61000061035156,160.50999450683594,156.2100067138672,156.42999267578125,4522300
2026-08-21,161.25,161.25,162.0800018310547,159.5500030517578,160.0,3665400
2026-08-24,162.99000549316406,162.99000549316406,163.02999877929688,160.58999633789062,161.52999877929688,3641800
2026-08-25,161.77999877929688,161.77999877929688,162.9600067138672,159.83999633789062,161.47999572753906,2119800
2026-08-26,161.9199981689453,161.9199981689453,163.3000030517578,160.97000122070312,161.16000366210938,1998900
2026-08-27,161.24000549316406,161.24000549316406,163.38999938964844,160.94000244140625,161.85000610351562,3119500
2026-08-28,162.3300018310547,162.3300018310547,162.9600067138672,161.36000061035156,162.41000366210938,3000900
2026-08-31,160.6999969482422,160.6999969482422,162.64999389648438,157.75999450683594,161.50999450683594,4121700
2026-09-01,159.60000610351562,159.60000610351562,161.2899932861328,157.97000122070312,160.58999633789062,2696900
2026-09-02,157.85000610351562,157.85000610351562,159.97999572753906,156.9499969482422,158.8699951171875,3192900
2026-09-03,164.58999633789062,164.58999633789062,164.66000366210938,159.02999877929688,159.50999450683594,4676900
2026-09-04,161.25999450683594,161.25999450683594,162.55999755859375,161.0500030517578,162.13999938964844,3184100
2026-09-08,157.75999450683594,157.75999450683594,160.6300048828125,157.58999633789062,160.0,5726000
2026-09-09,156.5,156.5,158.0,155.8699951171875,157.5,3006300
2026-09-10,157.0399932861328,157.0399932861328,157.75,156.14500427246094,156.52999877929688,472849
