Price,Adj Close,Close,High,Low,Open,Volume
Ticker,INTU,INTU,INTU,INTU,INTU,INTU
Date,,,,,,
2021-09-10,547.0379028320312,567.3800048828125,573.0,567.0399780273438,571.4099731445312,1088400
2021-09-13,537.4351806640625,557.4199829101562,571.469970703125,551.260009765625,570.1900024414062,1192700
2021-09-14,547.8961791992188,568.27001953125,571.2000122070312,563.02001953125,565.9500122070312,1182800
2021-09-15,551.5982666015625,572.1099853515625,572.3699951171875,564.5999755859375,570.0,1025700
2021-09-16,552.3407592773438,572.8800048828125,574.719970703125,567.9400024414062,570.9099731445312,999900
2021-09-17,541.7061767578125,561.8499755859375,572.8400268554688,560.6699829101562,572.8400268554688,1860900
2021-09-20,534.5234375,554.4000244140625,560.2100219726562,547.510009765625,553.010009765625,1300000
2021-09-21,535.3428955078125,555.25,559.8699951171875,553.510009765625,559.739990234375,758100
2021-09-22,542.6221313476562,562.7999877929688,565.0,553.6400146484375,560.5999755859375,911100
2021-09-23,556.669677734375,577.3699951171875,578.3099975585938,565.0800170898438,566.1799926757812,1235100
2021-09-24,557.2000732421875,577.9199829101562,579.1699829101562,570.3400268554688,573.3900146484375,1168700
2021-09-27,546.6812133789062,567.010009765625,573.8300170898438,561.2999877929688,572.8499755859375,1279100
2021-09-28,525.4699096679688,545.010009765625,562.780029296875,544.47998046875,560.4400024414062,1647600
2021-09-29,527.3209838867188,546.9299926757812,553.1500244140625,545.0399780273438,548.8800048828125,994800
2021-09-30,520.1671752929688,539.510009765625,554.489990234375,539.2100219726562,549.3900146484375,1540800
2021-10-01,524.4673461914062,543.969970703125,546.0499877929688,533.280029296875,541.239990234375,1439900
2021-10-04,506.5147705078125,525.3499755859375,541.530029296875,519.0,539.6900024414062,1456000
2021-10-05,514.2281494140625,533.3499755859375,536.9299926757812,526.4000244140625,529.0599975585938,958300
2021-10-06,515.44287109375,534.6099853515625,537.9299926757812,526.010009765625,526.4199829101562,977600
2021-10-07,519.1113891601562,537.72998046875,544.75,537.0800170898438,538.1699829101562,955600
2021-10-08,512.7301025390625,531.1199951171875,541.3900146484375,529.4400024414062,539.0599975585938,937000
2021-10-11,507.2178039550781,525.4099731445312,533.4600219726562,525.0399780273438,528.75,1025300
2021-10-12,508.80108642578125,527.0499877929688,533.4000244140625,524.1400146484375,527.02001953125,873000
2021-10-13,516.4180297851562,534.9400024414062,539.6400146484375,532.25,534.25,866500
2021-10-14,524.9515991210938,543.780029296875,549.9199829101562,542.0,543.3499755859375,1068300
2021-10-15,533.0416259765625,552.1599731445312,553.280029296875,543.27001953125,545.0,1602700
2021-10-18,545.01220703125,564.5599975585938,564.8099975585938,548.27001953125,552.760009765625,1321800
2021-10-19,552.9669189453125,572.7999877929688,573.1300048828125,563.9600219726562,568.1500244140625,978000
2021-10-20,550.775634765625,570.530029296875,575.6799926757812,568.9099731445312,574.3400268554688,836200
2021-10-21,558.3248291015625,578.3499755859375,578.9299926757812,565.2999877929688,570.0,729600
2021-10-22,570.3438110351562,590.7999877929688,591.6300048828125,580.0,580.9000244140625,991800
2021-10-25,581.6965942382812,602.5599975585938,604.22998046875,589.75,590.7999877929688,1104600
2021-10-26,587.5370483398438,608.6099853515625,613.3599853515625,602.4600219726562,605.5800170898438,1418600
2021-10-27,591.9005737304688,613.1300048828125,617.3200073242188,606.9000244140625,609.219970703125,1457700
2021-10-28,594.1017456054688,615.4099731445312,620.4099731445312,605.8200073242188,613.1500244140625,1066600
2021-10-29,604.3152465820312,625.989990234375,626.5999755859375,610.8800048828125,613.3599853515625,1038200
2021-11-01,587.7301025390625,608.8099975585938,629.97998046875,607.3099975585938,628.530029296875,1246300
2021-11-02,596.978515625,618.3900146484375,625.6599731445312,610.5,612.0900268554688,1024500
2021-11-03,601.3034057617188,622.8699951171875,625.6599731445312,609.260009765625,619.9099731445312,1093900
2021-11-04,604.0159912109375,625.6799926757812,631.5599975585938,620.3099975585938,621.280029296875,1267100
2021-11-05,593.6962280273438,614.989990234375,629.3099975585938,612.7899780273438,628.1900024414062,1428200
2021-11-08,593.9473266601562,615.25,619.489990234375,608.2100219726562,619.010009765625,1222800
2021-11-09,591.5628051757812,612.780029296875,618.1300048828125,611.219970703125,615.9500122070312,1205100
2021-11-10,583.0673828125,603.97998046875,617.989990234375,603.5599975585938,611.3900146484375,1197300
2021-11-11,585.8573608398438,606.8699951171875,610.5999755859375,605.9099731445312,607.25,684300
2021-11-12,605.280517578125,626.989990234375,628.3800048828125,610.9299926757812,610.9299926757812,1182600
2021-11-15,604.4601440429688,626.1400146484375,632.9500122070312,622.5499877929688,628.1900024414062,1402500
2021-11-16,623.4008178710938,645.760009765625,646.47998046875,625.9500122070312,626.1599731445312,1331700
2021-11-17,613.0712280273438,635.0599975585938,644.5499877929688,629.8400268554688,643.5800170898438,1321900
2021-11-18,607.1632080078125,628.9400024414062,636.719970703125,626.4299926757812,636.52001953125,1319900
2021-11-19,668.3680419921875,692.3400268554688,716.8599853515625,681.4600219726562,715.8699951171875,3615700
2021-11-22,638.7211303710938,661.6300048828125,693.510009765625,660.8099975585938,691.9600219726562,2177000
2021-11-23,647.40966796875,670.6300048828125,672.1400146484375,648.7999877929688,652.75,2112500
2021-11-24,660.31689453125,684.0,684.6500244140625,659.6799926757812,661.5,1715100
2021-11-26,643.8184814453125,666.9099731445312,691.0499877929688,663.7100219726562,684.0,1279300
2021-11-29,670.6075439453125,694.6599731445312,697.27001953125,674.3300170898438,674.3300170898438,2009300
2021-11-30,629.7144165039062,652.2999877929688,681.5700073242188,652.0,668.9500122070312,4186000
2021-12-01,640.9030151367188,663.8900146484375,674.9500122070312,657.5999755859375,667.9000244140625,5184800
2021-12-02,648.8480224609375,672.1199951171875,677.8099975585938,660.2000122070312,660.2000122070312,1961900
2021-12-03,625.5245361328125,647.9600219726562,673.4500122070312,634.97998046875,671.4299926757812,2277100
2021-12-06,622.9953002929688,645.3400268554688,652.0599975585938,639.530029296875,649.989990234375,1687000
2021-12-07,649.9872436523438,673.2999877929688,674.4500122070312,653.9600219726562,654.219970703125,1615300
2021-12-08,649.755615234375,673.0599975585938,676.2000122070312,666.780029296875,673.1699829101562,1332800
2021-12-09,642.467041015625,665.510009765625,680.25,662.7100219726562,674.030029296875,1180200
2021-12-10,654.4761352539062,677.9500122070312,678.22998046875,666.8900146484375,670.3099975585938,1276500
2021-12-13,645.5849609375,668.739990234375,684.0700073242188,668.4000244140625,678.0,1430800
2021-12-14,617.3380737304688,639.47998046875,657.0399780273438,626.8499755859375,655.6400146484375,1865900
2021-12-15,625.0708618164062,647.489990234375,648.739990234375,625.25,645.2100219726562,2555000
2021-12-16,612.0093994140625,633.9600219726562,649.989990234375,624.8099975585938,649.0,1954700
2021-12-17,598.7933349609375,620.27001953125,631.739990234375,612.1900024414062,621.4000244140625,4330300
2021-12-20,583.6948852539062,604.6300048828125,614.3300170898438,599.27001953125,609.0999755859375,2236700
2021-12-21,599.565673828125,621.0700073242188,623.0999755859375,601.0499877929688,610.5399780273438,1875800
2021-12-22,609.7889404296875,631.6599731445312,632.4199829101562,616.719970703125,620.9600219726562,1014600
2021-12-23,613.6988525390625,635.7100219726562,638.8099975585938,630.75,631.6599731445312,759800
2021-12-27,630.1680908203125,652.77001953125,653.6500244140625,638.0,639.0900268554688,1068700
2021-12-28,627.2815551757812,649.780029296875,658.8400268554688,647.4000244140625,657.8599853515625,955700
2021-12-29,625.5921630859375,648.030029296875,650.77001953125,642.0800170898438,649.0900268554688,651300
2021-12-30,621.0836791992188,643.3599853515625,650.7000122070312,642.4500122070312,648.0399780273438,776400
2021-12-31,620.9485473632812,643.219970703125,647.3499755859375,638.719970703125,644.3300170898438,821500
2022-01-03,609.6055908203125,631.469970703125,645.6099853515625,621.280029296875,640.030029296875,1360600
2022-01-04,596.9108276367188,618.3200073242188,631.469970703125,606.1300048828125,631.469970703125,1998900
2022-01-05,573.1434326171875,593.7000122070312,614.6900024414062,593.1699829101562,609.4299926757812,2295800
2022-01-06,566.0863037109375,586.3900146484375,595.8499755859375,580.2100219726562,586.7999877929688,1789000
2022-01-07,548.5445556640625,567.5599975585938,588.989990234375,563.77001953125,586.4400024414062,2275200
2022-01-10,551.0865478515625,570.1900024414062,570.8900146484375,543.8599853515625,553.52001953125,2956700
2022-01-11,559.3306274414062,578.719970703125,579.6099853515625,558.52001953125,566.2000122070312,1696500
2022-01-12,557.9194946289062,577.260009765625,589.5700073242188,575.7999877929688,584.8099975585938,1433700
2022-01-13,534.3949584960938,552.9199829101562,582.530029296875,551.7000122070312,580.8900146484375,1633400
2022-01-14,532.3363647460938,550.7899780273438,557.3400268554688,543.4000244140625,551.3300170898438,1722600
2022-01-18,519.8008422851562,537.8200073242188,548.9000244140625,536.1099853515625,539.3200073242188,1888100
2022-01-19,527.07861328125,545.3499755859375,558.5700073242188,540.8099975585938,542.1099853515625,1904500
2022-01-20,526.3729858398438,544.6199951171875,566.47998046875,543.77001953125,552.0999755859375,1924000
2022-01-21,510.8414611816406,528.5499877929688,552.760009765625,527.8200073242188,546.989990234375,2574900
2022-01-24,516.7662353515625,534.6799926757812,535.72998046875,500.3599853515625,526.0,2850100
2022-01-25,498.70233154296875,515.989990234375,528.8499755859375,509.0199890136719,516.9099731445312,2418200
2022-01-26,490.47747802734375,507.4800109863281,536.8499755859375,499.75,532.0399780273438,2503100
2022-01-27,499.89105224609375,517.219970703125,526.0,513.2899780273438,516.4099731445312,2485400
2022-01-28,516.9013671875,534.8200073242188,536.22998046875,506.1700134277344,520.1599731445312,1760600
2022-01-31,536.6275024414062,555.22998046875,556.6400146484375,532.0399780273438,535.8499755859375,2209400
2022-02-01,542.0401611328125,560.8300170898438,561.8499755859375,548.1900024414062,556.4000244140625,1706300
2022-02-02,543.4608154296875,562.2999877929688,564.8699951171875,554.4000244140625,562.760009765625,1245500
2022-02-03,517.6456298828125,535.5900268554688,552.77001953125,533.5800170898438,543.8699951171875,1372400
2022-02-04,525.7931518554688,544.02001953125,550.280029296875,531.030029296875,531.030029296875,1504500
2022-02-07,527.0110473632812,545.280029296875,555.9000244140625,542.5,544.4000244140625,1411600
2022-02-08,535.6610717773438,554.22998046875,556.4000244140625,538.4099731445312,539.280029296875,915500
2022-02-09,559.9877319335938,579.4000244140625,579.9600219726562,565.0,566.0999755859375,1670700
2022-02-10,538.89892578125,557.5800170898438,575.9099731445312,552.3300170898438,562.6199951171875,1594200
2022-02-11,517.858154296875,535.8099975585938,561.7000122070312,532.6699829101562,559.7999877929688,1250400
2022-02-14,511.3248596191406,529.0499877929688,538.3200073242188,524.1500244140625,536.1400146484375,1165400
2022-02-15,510.0971984863281,527.780029296875,539.3300170898438,515.77001953125,537.739990234375,2170300
2022-02-16,510.45489501953125,528.1500244140625,530.4199829101562,511.7099914550781,525.969970703125,1318400
2022-02-17,479.5560302734375,496.17999267578125,525.9000244140625,494.7200012207031,523.280029296875,2145400
2022-02-18,465.077880859375,481.20001220703125,498.6700134277344,478.75,497.70001220703125,2323300
2022-02-22,467.0592041015625,483.25,494.3699951171875,476.8699951171875,479.92999267578125,2282900
2022-02-23,451.3536682128906,467.0,491.9100036621094,465.54998779296875,491.9100036621094,1799500
2022-02-24,480.47418212890625,497.1300048828125,498.29998779296875,450.260009765625,458.0,2683700
2022-02-25,470.8575134277344,487.17999267578125,492.1300048828125,474.6099853515625,489.0299987792969,2846500
2022-02-28,458.47674560546875,474.3699951171875,484.4599914550781,463.3900146484375,478.8399963378906,2525400
2022-03-01,452.8807067871094,468.5799865722656,484.55999755859375,465.8500061035156,476.1300048828125,2176700
2022-03-02,469.7171325683594,486.0,489.3399963378906,468.0,472.1099853515625,2083000
2022-03-03,456.8627014160156,472.70001220703125,492.8699951171875,468.989990234375,490.1499938964844,1640400
2022-03-04,449.37237548828125,464.95001220703125,474.6300048828125,460.9599914550781,470.80999755859375,1611900
2022-03-07,422.73577880859375,437.3900146484375,466.739990234375,436.510009765625,464.2200012207031,2312700
2022-03-08,427.3941955566406,442.2099914550781,455.25,432.1499938964844,438.42999267578125,2669000
2022-03-09,449.1694030761719,464.739990234375,469.9599914550781,452.0,456.4800109863281,1950400
2022-03-10,437.2138366699219,452.3699951171875,460.1499938964844,443.3399963378906,460.1499938964844,1756200
2022-03-11,424.60107421875,439.32000732421875,461.8999938964844,438.510009765625,457.57000732421875,2303200
2022-03-14,410.40325927734375,424.6300048828125,445.2799987792969,423.0299987792969,439.9200134277344,2353900
2022-03-15,424.9490051269531,439.67999267578125,441.489990234375,425.5400085449219,427.79998779296875,1953400
2022-03-16,442.55853271484375,457.8999938964844,457.8999938964844,437.989990234375,445.0,2487400
2022-03-17,457.8774719238281,473.75,475.0,453.2300109863281,454.8299865722656,2680700
2022-03-18,463.7924499511719,479.8699951171875,483.32000732421875,467.8599853515625,475.69000244140625,3112900
2022-03-21,450.87042236328125,466.5,476.5,463.55999755859375,473.07000732421875,2044600
2022-03-22,460.04248046875,475.989990234375,478.7099914550781,465.9800109863281,466.4599914550781,1979900
2022-03-23,445.9800109863281,461.44000244140625,471.9800109863281,459.75,471.1700134277344,1718700
2022-03-24,450.02960205078125,465.6300048828125,467.2200012207031,453.0400085449219,464.1600036621094,1567200
2022-03-25,443.9599914550781,459.3500061035156,469.0400085449219,452.82000732421875,467.5199890136719,1312200
2022-03-28,464.40130615234375,480.5,481.7099914550781,458.20001220703125,460.5400085449219,2085000
2022-03-29,469.0984802246094,485.3599853515625,490.0899963378906,475.79998779296875,488.1300048828125,1918000
2022-03-30,456.1378479003906,471.95001220703125,481.5199890136719,468.2200012207031,480.9599914550781,1747800
2022-03-31,464.72998046875,480.8399963378906,488.8599853515625,473.57000732421875,477.6700134277344,2647900
2022-04-01,467.7164001464844,483.92999267578125,487.489990234375,477.07000732421875,480.6400146484375,1316200
2022-04-04,488.70880126953125,505.6499938964844,507.7099914550781,485.0,485.3800048828125,2326700
2022-04-05,479.4303894042969,496.04998779296875,506.3599853515625,491.0,501.9100036621094,1632600
2022-04-06,473.7860107421875,490.2099914550781,493.5899963378906,482.0799865722656,485.2699890136719,2041300
2022-04-07,478.4251708984375,495.010009765625,498.45001220703125,484.2300109863281,484.6199951171875,1568200
2022-04-08,467.3049011230469,482.8399963378906,493.32000732421875,481.510009765625,493.32000732421875,1717500
2022-04-11,458.1105651855469,473.3399963378906,478.6300048828125,464.739990234375,478.3699951171875,1595600
2022-04-12,446.76763916015625,461.6199951171875,484.489990234375,461.1700134277344,479.8900146484375,1509700
2022-04-13,455.2845153808594,470.4200134277344,473.239990234375,460.0,464.3500061035156,1477800
2022-04-14,450.14532470703125,465.1099853515625,469.2799987792969,459.8800048828125,467.70001220703125,1646100
2022-04-18,453.94891357421875,469.0400085449219,474.1700134277344,460.6000061035156,461.67999267578125,989300
2022-04-19,469.4631042480469,485.07000732421875,485.6600036621094,464.9100036621094,466.29998779296875,1184300
2022-04-20,466.4435729980469,481.95001220703125,492.3699951171875,481.239990234375,487.5799865722656,1184600
2022-04-21,450.6679992675781,465.6499938964844,491.6300048828125,463.55999755859375,484.8299865722656,1426600
2022-04-22,429.0274353027344,443.2900085449219,468.0199890136719,442.7799987792969,466.260009765625,1699300
2022-04-25,432.55029296875,446.92999267578125,447.42999267578125,433.6000061035156,441.5899963378906,2094000
2022-04-26,407.79327392578125,421.3500061035156,445.2699890136719,421.1099853515625,444.54998779296875,2218200
2022-04-27,404.79302978515625,418.25,428.82000732421875,416.1600036621094,421.1700134277344,1927900
2022-04-28,430.27587890625,444.5799865722656,448.010009765625,421.7900085449219,423.989990234375,1791000
2022-04-29,405.2769470214844,418.75,442.5,417.6300048828125,441.57000732421875,1898500
2022-05-02,413.2712097167969,427.010009765625,427.8999938964844,413.2300109863281,420.0799865722656,1778700
2022-05-03,416.97796630859375,430.8399963378906,433.5400085449219,425.6600036621094,429.6199951171875,1324300
2022-05-04,433.50848388671875,447.9200134277344,448.3500061035156,418.1600036621094,432.0,1599300
2022-05-05,396.6729431152344,409.8599853515625,439.75,404.7699890136719,437.8699951171875,2110600
2022-05-06,382.978271484375,395.7099914550781,406.5400085449219,390.80999755859375,406.17999267578125,1989700
2022-05-09,355.2016296386719,367.010009765625,390.92999267578125,363.7699890136719,386.8299865722656,3485200
2022-05-10,359.24713134765625,371.19000244140625,383.4700012207031,364.510009765625,381.6700134277344,2271000
2022-05-11,344.71044921875,356.1700134277344,376.42999267578125,354.5199890136719,366.8500061035156,2563400
2022-05-12,342.5037841796875,353.8900146484375,355.4700012207031,339.3599853515625,342.57000732421875,3268000
2022-05-13,359.7988586425781,371.760009765625,376.95001220703125,360.6099853515625,362.1000061035156,1894200
2022-05-16,348.0204162597656,359.5899963378906,370.3299865722656,356.3900146484375,370.1000061035156,1554800
2022-05-17,359.9052734375,371.8699951171875,373.7300109863281,359.2200012207031,369.1000061035156,1643100
2022-05-18,341.9424743652344,353.30999755859375,368.8399963378906,351.8999938964844,364.1499938964844,1721100
2022-05-19,350.67218017578125,362.3299865722656,369.1199951171875,354.6600036621094,355.55999755859375,2102900
2022-05-20,355.9468688964844,367.7799987792969,371.7900085449219,356.2699890136719,367.82000732421875,1921600
2022-05-23,359.4212951660156,371.3699951171875,372.0,363.0,371.1499938964844,1799400
2022-05-24,347.42041015625,358.9700012207031,365.7099914550781,355.739990234375,363.1099853515625,2877700
2022-05-25,375.95184326171875,388.45001220703125,395.5799865722656,363.5,372.7900085449219,5277100
2022-05-26,393.3436584472656,406.4200134277344,414.0,385.8500061035156,386.2900085449219,3508100
2022-05-27,408.886962890625,422.4800109863281,422.8299865722656,410.69000244140625,411.0,2932400
2022-05-31,401.1249694824219,414.4599914550781,425.0,412.57000732421875,419.82000732421875,4297700
2022-06-01,395.2308654785156,408.3699951171875,424.5899963378906,406.3599853515625,420.2099914550781,1598400
2022-06-02,413.1259765625,426.8599853515625,427.25,408.4800109863281,409.3599853515625,1453400
2022-06-03,395.79229736328125,408.95001220703125,420.67999267578125,405.3800048828125,416.70001220703125,1519000
2022-06-06,395.8116455078125,408.9700012207031,419.8599853515625,406.75,416.5799865722656,859900
2022-06-07,403.24456787109375,416.6499938964844,418.75,403.1499938964844,404.1099853515625,1218100
2022-06-08,401.1249694824219,414.4599914550781,420.17999267578125,412.3599853515625,415.3399963378906,1335100
2022-06-09,387.66253662109375,400.54998779296875,414.4200134277344,400.1099853515625,409.54998779296875,1186300
2022-06-10,368.9544677734375,381.2200012207031,393.3999938964844,378.8399963378906,390.3999938964844,2197200
2022-06-13,352.2787780761719,363.989990234375,372.989990234375,361.760009765625,368.2900085449219,2191200
2022-06-14,353.04339599609375,364.7799987792969,371.1099853515625,359.8399963378906,366.80999755859375,1401500
2022-06-15,366.3606872558594,378.5400085449219,386.7900085449219,368.4700012207031,370.3900146484375,1830300
2022-06-16,348.05914306640625,359.6300048828125,370.3999938964844,355.2200012207031,365.4599914550781,2106100
2022-06-17,357.8147277832031,369.7099914550781,375.1600036621094,362.5400085449219,363.04998779296875,2776200
2022-06-21,365.28643798828125,377.42999267578125,383.0299987792969,374.3999938964844,377.0400085449219,2019000
2022-06-22,368.586669921875,380.8399963378906,391.1499938964844,371.55999755859375,371.7699890136719,1773500
2022-06-23,387.8561096191406,400.75,401.4800109863281,380.79998779296875,387.30999755859375,2111700
2022-06-24,404.1833190917969,417.6199951171875,419.67999267578125,407.3299865722656,407.7699890136719,2632900
2022-06-27,391.6983947753906,404.7200012207031,420.0,402.82000732421875,415.3599853515625,1783800
2022-06-28,373.8614196777344,386.2900085449219,409.7699890136719,384.489990234375,405.75,1631100
2022-06-29,377.1229248046875,389.6600036621094,392.54998779296875,382.739990234375,389.3800048828125,1066300
2022-06-30,373.0386657714844,385.44000244140625,389.5799865722656,376.17999267578125,387.70001220703125,1670400
2022-07-01,375.81634521484375,388.30999755859375,391.1300048828125,378.0799865722656,382.5,1133800
2022-07-05,387.3431091308594,400.2200012207031,400.3399963378906,380.3299865722656,384.7699890136719,1590500
2022-07-06,391.8822937011719,404.9100036621094,408.5799865722656,396.7300109863281,403.3399963378906,1356400
2022-07-07,397.6214599609375,410.8399963378906,411.6199951171875,397.8699951171875,399.3699951171875,1585100
2022-07-08,394.3738708496094,406.80999755859375,409.79998779296875,398.2200012207031,402.4100036621094,1173100
2022-07-11,390.2537841796875,402.55999755859375,406.94000244140625,395.3699951171875,404.6499938964844,1019400
2022-07-12,374.073974609375,385.8699951171875,406.0,381.1300048828125,405.1199951171875,1611300
2022-07-13,371.59234619140625,383.30999755859375,387.1600036621094,373.95001220703125,376.989990234375,1255400
2022-07-14,368.2574462890625,379.8699951171875,383.3599853515625,370.7699890136719,380.5799865722656,1312400
2022-07-15,380.94720458984375,392.9599914550781,394.44000244140625,382.6700134277344,388.0400085449219,1520700
2022-07-18,376.38128662109375,388.25,400.0,386.7200012207031,396.04998779296875,1085600
2022-07-19,391.51409912109375,403.8599853515625,404.5899963378906,391.1499938964844,397.6199951171875,1358900
2022-07-20,407.596923828125,420.45001220703125,422.44000244140625,405.8900146484375,408.3500061035156,1663600
2022-07-21,421.4112854003906,434.70001220703125,436.8699951171875,420.5799865722656,420.5799865722656,2076400
2022-07-22,421.4500732421875,434.739990234375,446.0,429.1700134277344,436.69000244140625,1590300
2022-07-25,413.1711120605469,426.20001220703125,432.7200012207031,422.07000732421875,431.6099853515625,1026500
2022-07-26,401.5573425292969,414.2200012207031,424.489990234375,409.4100036621094,423.8599853515625,1540000
2022-07-27,419.9183349609375,433.1600036621094,437.1199951171875,416.7099914550781,418.1099853515625,1758500
2022-07-28,434.8766174316406,448.5899963378906,450.1499938964844,431.0299987792969,434.9100036621094,1754000
2022-07-29,442.22491455078125,456.1700134277344,459.5799865722656,445.239990234375,445.239990234375,2178600
2022-08-01,434.7506408691406,448.4599914550781,456.5299987792969,444.45001220703125,448.7900085449219,1696800
2022-08-02,433.3061828613281,446.9700012207031,451.2900085449219,441.0199890136719,442.989990234375,1064700
2022-08-03,451.5121154785156,465.75,466.8800048828125,450.2099914550781,451.4700012207031,1565400
2022-08-04,452.0453186035156,466.29998779296875,467.8599853515625,458.20001220703125,465.75,1421400
2022-08-05,454.65301513671875,468.989990234375,470.6499938964844,455.2200012207031,456.4800109863281,933800
2022-08-08,452.4911804199219,466.760009765625,476.3500061035156,463.8299865722656,471.32000732421875,1218800
2022-08-09,447.94464111328125,462.07000732421875,466.0799865722656,458.6099853515625,460.7699890136719,1067900
2022-08-10,463.474853515625,478.0899963378906,479.5899963378906,474.3999938964844,477.7900085449219,1408700
2022-08-11,464.1341247558594,478.7699890136719,489.2699890136719,475.5199890136719,486.3599853515625,1259600
2022-08-12,471.7829284667969,486.6600036621094,487.6000061035156,475.4599914550781,480.6400146484375,1178700
2022-08-15,474.27435302734375,489.2300109863281,490.2300109863281,483.70001220703125,485.20001220703125,830800
2022-08-16,473.2563781738281,488.17999267578125,490.8299865722656,481.05999755859375,482.8900146484375,1031500
2022-08-17,463.678466796875,478.29998779296875,483.8399963378906,474.8800048828125,478.30999755859375,1422600
2022-08-18,463.1549377441406,477.760009765625,480.7099914550781,472.0799865722656,477.29998779296875,1162100
2022-08-19,449.76715087890625,463.95001220703125,470.760009765625,459.7699890136719,469.42999267578125,1509600
2022-08-22,432.482177734375,446.1199951171875,457.45001220703125,445.010009765625,456.7300109863281,1692800
2022-08-23,435.8170471191406,449.55999755859375,453.0400085449219,444.3800048828125,451.9700012207031,2339700
2022-08-24,451.5315246582031,465.7699890136719,487.79998779296875,465.3299865722656,479.6499938964844,3587400
2022-08-25,451.6090087890625,465.8500061035156,466.69000244140625,457.69000244140625,464.79998779296875,1701800
2022-08-26,434.7506408691406,448.4599914550781,467.8500061035156,447.8399963378906,466.95001220703125,1777600
2022-08-29,423.4471130371094,436.79998779296875,446.3900146484375,436.1700134277344,438.25,1796600
2022-08-30,419.9571533203125,433.20001220703125,443.82000732421875,428.1600036621094,440.0,1251000
2022-08-31,418.5805358886719,431.7799987792969,441.2799987792969,429.8599853515625,439.0899963378906,1294300
2022-09-01,412.49249267578125,425.5,428.20001220703125,415.6600036621094,427.3900146484375,1994300
2022-09-02,407.2188720703125,420.05999755859375,433.9800109863281,418.0,432.739990234375,1299800
2022-09-06,405.95855712890625,418.760009765625,422.6300048828125,413.7300109863281,420.5,1391000
2022-09-07,421.9832458496094,435.2900085449219,438.7200012207031,419.010009765625,421.2900085449219,1421900
2022-09-08,425.61859130859375,439.0400085449219,440.8699951171875,427.6300048828125,429.5199890136719,1131100
2022-09-09,436.2726135253906,450.0299987792969,452.6000061035156,441.32000732421875,441.3699951171875,1292200
2022-09-12,441.44940185546875,455.3699951171875,459.989990234375,449.8800048828125,457.3299865722656,1250300
2022-09-13,416.18609619140625,429.30999755859375,439.69000244140625,428.0199890136719,434.260009765625,1697600
2022-09-14,423.48590087890625,436.8399963378906,437.260009765625,425.7300109863281,430.739990234375,1475100
2022-09-15,409.2157897949219,422.1199951171875,436.92999267578125,419.6600036621094,433.239990234375,1468000
2022-09-16,410.0690002441406,423.0,424.3900146484375,414.0199890136719,418.70001220703125,2095700
2022-09-19,410.73785400390625,423.69000244140625,424.2200012207031,415.04998779296875,415.2799987792969,1270000
2022-09-20,405.04730224609375,417.82000732421875,421.19000244140625,414.0799865722656,420.05999755859375,1271400
2022-09-21,396.18670654296875,408.67999267578125,427.9200134277344,408.5,422.1400146484375,1485800
2022-09-22,384.58258056640625,396.7099914550781,406.6499938964844,395.45001220703125,404.82000732421875,2261300
2022-09-23,381.9263916015625,393.9700012207031,395.4599914550781,386.3699951171875,394.8999938964844,1680700
2022-09-26,383.7004699707031,395.79998779296875,404.8299865722656,393.1000061035156,394.3599853515625,1819200
2022-09-27,388.5184631347656,400.7699890136719,407.2900085449219,395.2300109863281,399.70001220703125,1624300
2022-09-28,396.778076171875,409.2900085449219,412.0,398.80999755859375,404.05999755859375,1710600
2022-09-29,384.6795959472656,396.80999755859375,404.7900085449219,394.1199951171875,401.1400146484375,1999000
2022-09-30,375.47967529296875,387.32000732421875,403.0,387.010009765625,395.2699890136719,2001500
2022-10-03,384.66986083984375,396.79998779296875,399.5299987792969,388.0,389.32000732421875,1819000
2022-10-04,399.4149169921875,412.010009765625,414.7200012207031,405.17999267578125,406.44000244140625,1788900
2022-10-05,400.9368896484375,413.5799865722656,417.44000244140625,400.7900085449219,405.29998779296875,1200800
2022-10-06,399.4994201660156,411.32000732421875,417.29998779296875,407.2200012207031,412.3699951171875,1282700
2022-10-07,381.66705322265625,392.9599914550781,403.7200012207031,391.3900146484375,402.1600036621094,1414300
2022-10-10,376.5000305175781,387.6400146484375,394.9100036621094,379.7099914550781,393.0,1305300
2022-10-11,372.4595031738281,383.4800109863281,389.45001220703125,374.5299987792969,384.32000732421875,1786800
2022-10-12,376.9079284667969,388.05999755859375,399.7900085449219,383.1000061035156,386.4800109863281,2210700
2022-10-13,384.40606689453125,395.7799987792969,398.989990234375,371.010009765625,373.1199951171875,1731500
2022-10-14,369.18634033203125,380.1099853515625,403.0799865722656,379.57000732421875,402.3599853515625,1804400
2022-10-17,392.13726806640625,403.739990234375,405.1400146484375,391.7900085449219,393.2300109863281,2311500
2022-10-18,396.9061584472656,408.6499938964844,420.0,401.510009765625,415.8500061035156,1704500
2022-10-19,390.5152893066406,402.07000732421875,412.2099914550781,399.7799987792969,408.82000732421875,1291800
2022-10-20,389.6216735839844,401.1499938964844,408.6099853515625,397.9700012207031,403.2200012207031,1399100
2022-10-21,405.1910705566406,417.17999267578125,418.6099853515625,395.82000732421875,404.0199890136719,1488900
2022-10-24,405.7544250488281,417.760009765625,421.07000732421875,405.1499938964844,420.0,1411900
2022-10-25,419.6628112792969,432.0799865722656,433.7900085449219,420.3399963378906,420.8299865722656,1292000
2022-10-26,412.19390869140625,424.3900146484375,437.1300048828125,420.0899963378906,425.6099853515625,1355200
2022-10-27,409.8725280761719,422.0,431.6700134277344,420.1300048828125,430.2300109863281,998300
2022-10-28,419.38116455078125,431.7900085449219,432.80999755859375,416.6199951171875,422.0,1169600
2022-10-31,415.2144470214844,427.5,430.79998779296875,423.80999755859375,427.55999755859375,1038500
2022-11-01,383.425048828125,394.7699890136719,434.1400146484375,387.05999755859375,433.4800109863281,4241900
2022-11-02,373.9649658203125,385.0299987792969,408.989990234375,384.82000732421875,402.5199890136719,2702400
2022-11-03,354.50079345703125,364.989990234375,382.6199951171875,364.3299865722656,375.8399963378906,3252100
2022-11-04,350.81005859375,361.19000244140625,371.6600036621094,352.6300048828125,371.6600036621094,3187600
2022-11-07,359.4737243652344,370.1099853515625,370.5,357.4800109863281,363.55999755859375,1650000
2022-11-08,371.57568359375,382.57000732421875,391.1000061035156,370.1300048828125,372.45001220703125,2668500
2022-11-09,357.9585876464844,368.54998779296875,379.6499938964844,368.1300048828125,376.9700012207031,1446900
2022-11-10,391.6516418457031,403.239990234375,403.75,388.0,397.3500061035156,3088200
2022-11-11,396.313720703125,408.0400085449219,411.94000244140625,398.6400146484375,402.260009765625,1720200
2022-11-14,386.2320251464844,397.6600036621094,403.57000732421875,391.0400085449219,400.04998779296875,1801700
2022-11-15,395.3230285644531,407.0199890136719,416.4800109863281,401.7799987792969,414.5,2076400
2022-11-16,382.346923828125,393.6600036621094,407.1000061035156,390.8299865722656,407.0199890136719,1260100
2022-11-17,370.90545654296875,381.8800048828125,388.489990234375,378.0199890136719,384.6000061035156,2049800
2022-11-18,369.14752197265625,380.07000732421875,389.42999267578125,369.94000244140625,388.4700012207031,2046100
2022-11-21,364.2231750488281,375.0,380.3999938964844,372.1600036621094,376.57000732421875,1429400
2022-11-22,380.9580383300781,392.2300109863281,394.0,375.0,379.989990234375,2298700
2022-11-23,384.4740295410156,395.8500061035156,400.1000061035156,390.05999755859375,390.4200134277344,1488700
2022-11-25,381.1911926269531,392.4700012207031,395.8299865722656,391.4800109863281,394.8500061035156,861800
2022-11-28,374.5574951171875,385.6400146484375,398.70001220703125,383.4800109863281,394.3800048828125,1690700
2022-11-29,368.79791259765625,379.7099914550781,385.3399963378906,377.42999267578125,381.6300048828125,1716300
2022-11-30,395.8766174316406,407.5899963378906,411.489990234375,374.0,375.489990234375,4902300
2022-12-01,404.1128845214844,416.07000732421875,418.2200012207031,405.0,407.8900146484375,1943100
2022-12-02,396.1971435546875,407.9200134277344,409.1700134277344,400.1600036621094,401.8699951171875,1876000
2022-12-05,383.784423828125,395.1400146484375,404.20001220703125,393.17999267578125,401.1600036621094,1499000
2022-12-06,378.5785217285156,389.7799987792969,395.489990234375,385.1600036621094,395.45001220703125,1209800
2022-12-07,377.48089599609375,388.6499938964844,394.19000244140625,385.3900146484375,388.05999755859375,968600
2022-12-08,393.710693359375,405.3599853515625,406.7200012207031,389.4599914550781,391.6000061035156,1525700
2022-12-09,388.3396301269531,399.8299865722656,405.8299865722656,399.2799987792969,404.19000244140625,1061300
2022-12-12,398.9749450683594,410.7799987792969,410.9800109863281,398.3299865722656,400.7300109863281,1810500
2022-12-13,416.0788269042969,428.3900146484375,441.9800109863281,422.2099914550781,432.1099853515625,3247700
2022-12-14,406.88104248046875,418.9200134277344,434.239990234375,416.1499938964844,426.5299987792969,1631400
2022-12-15,385.1344909667969,396.5299987792969,415.1600036621094,394.239990234375,410.94000244140625,1741300
2022-12-16,373.9164123535156,384.9800109863281,393.989990234375,380.54998779296875,392.7300109863281,3565600
2022-12-19,372.49835205078125,383.5199890136719,388.739990234375,377.5,388.739990234375,1535400
2022-12-20,375.95599365234375,387.0799865722656,390.05999755859375,380.82000732421875,381.8699951171875,1320100
2022-12-21,382.0264587402344,393.3299865722656,396.3900146484375,384.260009765625,389.42999267578125,1330100
2022-12-22,372.91607666015625,383.95001220703125,387.75,376.760009765625,385.3500061035156,1312600
2022-12-23,373.4404602050781,384.489990234375,385.42999267578125,378.5,383.32000732421875,705200
2022-12-27,372.1001281738281,383.1099853515625,385.3399963378906,377.4599914550781,383.44000244140625,823300
2022-12-28,365.6800842285156,376.5,388.5,374.82000732421875,385.3599853515625,843600
2022-12-29,379.6370849609375,390.8699951171875,391.9800109863281,377.55999755859375,380.3800048828125,1004600
2022-12-30,378.0345458984375,389.2200012207031,389.44000244140625,382.67999267578125,386.010009765625,948900
2023-01-03,379.938232421875,391.17999267578125,404.45001220703125,385.2200012207031,396.70001220703125,1874000
2023-01-04,380.3169250488281,391.57000732421875,399.7200012207031,387.6000061035156,397.5799865722656,1209700
2023-01-05,364.82537841796875,375.6199951171875,387.4700012207031,375.0,386.3500061035156,1263800
2023-01-06,375.4121398925781,386.5199890136719,389.3399963378906,370.6199951171875,380.239990234375,1312700
2023-01-09,384.755126953125,395.3399963378906,402.6400146484375,388.1600036621094,391.1000061035156,1331600
2023-01-10,378.2734069824219,388.67999267578125,394.9599914550781,385.5299987792969,387.5799865722656,1069900
2023-01-11,384.72589111328125,395.30999755859375,395.8299865722656,384.2900085449219,388.2799987792969,1587300
2023-01-12,386.0787353515625,396.70001220703125,398.2699890136719,386.0299987792969,398.2699890136719,1099000
2023-01-13,382.6821594238281,393.2099914550781,394.6300048828125,386.4599914550781,390.0,1311100
2023-01-17,379.7527160644531,390.20001220703125,395.2900085449219,386.75,392.0,1658700
2023-01-18,375.7333068847656,386.07000732421875,401.32000732421875,385.6400146484375,392.1000061035156,1603200
2023-01-19,368.4632873535156,378.6000061035156,388.9700012207031,378.2200012207031,383.1400146484375,1082000
2023-01-20,387.4120788574219,398.07000732421875,400.30999755859375,382.54998779296875,383.2699890136719,1702000
2023-01-23,399.02264404296875,410.0,410.510009765625,399.1199951171875,400.7300109863281,2211800
2023-01-24,390.7987976074219,401.54998779296875,410.0,398.739990234375,410.0,1189600
2023-01-25,391.13946533203125,401.8999938964844,403.95001220703125,385.489990234375,394.29998779296875,1131900
2023-01-26,401.50433349609375,412.54998779296875,413.2200012207031,402.0799865722656,409.95001220703125,1282600
2023-01-27,411.30474853515625,422.6199951171875,428.70001220703125,407.2699890136719,408.32000732421875,1724800
2023-01-30,405.2999572753906,416.45001220703125,420.5299987792969,412.239990234375,416.1400146484375,1543400
2023-01-31,411.3533935546875,422.6700134277344,422.9200134277344,415.1000061035156,416.45001220703125,1174600
2023-02-01,423.8885498046875,435.54998779296875,437.9599914550781,416.010009765625,420.3500061035156,1521700
2023-02-02,440.0538024902344,452.1600036621094,457.94000244140625,442.0899963378906,443.9599914550781,1917600
2023-02-03,412.41424560546875,423.760009765625,440.9100036621094,421.69000244140625,440.760009765625,1843200
2023-02-06,403.8790283203125,414.989990234375,418.260009765625,412.70001220703125,417.6499938964844,1337900
2023-02-07,416.2195739746094,427.6700134277344,429.8800048828125,409.0199890136719,412.739990234375,1400700
2023-02-08,410.4482727050781,421.739990234375,430.6499938964844,417.70001220703125,426.6499938964844,1055000
2023-02-09,408.5018310546875,419.739990234375,431.989990234375,418.2900085449219,430.6400146484375,1098500
2023-02-10,402.4483947753906,413.5199890136719,416.1099853515625,408.8999938964844,415.0,998400
2023-02-13,406.8960266113281,418.0899963378906,419.2200012207031,413.9100036621094,415.9800109863281,1028900
2023-02-14,410.6721496582031,421.9700012207031,426.2200012207031,412.2699890136719,416.42999267578125,878500
2023-02-15,409.961669921875,421.239990234375,423.19000244140625,414.44000244140625,418.2900085449219,865200
2023-02-16,397.4265441894531,408.3599853515625,416.5799865722656,406.54998779296875,409.1700134277344,1281600
2023-02-17,393.5530700683594,404.3800048828125,406.510009765625,396.8699951171875,406.4100036621094,1626100
2023-02-21,385.6505432128906,396.260009765625,400.1600036621094,393.69000244140625,396.3500061035156,1331700
2023-02-22,395.4996032714844,406.3800048828125,408.0899963378906,397.7900085449219,400.5299987792969,1688000
2023-02-23,400.852294921875,411.8800048828125,416.239990234375,404.0400085449219,410.8299865722656,2476100
2023-02-24,408.5699768066406,419.80999755859375,429.989990234375,404.1099853515625,404.989990234375,4044700
2023-02-27,401.572509765625,412.6199951171875,422.54998779296875,412.0400085449219,421.3800048828125,2166400
2023-02-28,396.27813720703125,407.17999267578125,413.0799865722656,405.3699951171875,410.0,2218800
2023-03-01,390.5263671875,401.2699890136719,406.3800048828125,396.4200134277344,405.0,1651100
2023-03-02,389.6504821777344,400.3699951171875,402.8900146484375,393.8699951171875,398.8599853515625,1516400
2023-03-03,397.58221435546875,408.5199890136719,410.7200012207031,400.0899963378906,401.5899963378906,1550900
2023-03-06,401.6600646972656,412.7099914550781,419.7099914550781,406.7200012207031,408.5799865722656,1459200
2023-03-07,398.3316650390625,409.2900085449219,418.20001220703125,408.44000244140625,413.0799865722656,1261400
2023-03-08,405.51409912109375,416.6700134277344,418.17999267578125,408.0,408.1600036621094,1448800
2023-03-09,393.7477111816406,404.5799865722656,424.67999267578125,403.739990234375,418.79998779296875,1723800
2023-03-10,382.09820556640625,392.6099853515625,404.6300048828125,388.82000732421875,403.42999267578125,2855200
2023-03-13,381.07635498046875,391.55999755859375,397.82000732421875,384.04998779296875,392.4100036621094,2394700
2023-03-14,397.36810302734375,408.29998779296875,409.1400146484375,398.95001220703125,400.6300048828125,2236600
2023-03-15,395.441162109375,406.32000732421875,408.2799987792969,401.6300048828125,404.2799987792969,1852700
2023-03-16,406.9544372558594,418.1499938964844,420.2799987792969,401.2099914550781,405.3900146484375,1965700
2023-03-17,402.61383056640625,413.69000244140625,418.1499938964844,408.5199890136719,416.8299865722656,3124300
2023-03-20,400.81329345703125,411.8399963378906,413.7799987792969,405.760009765625,412.1600036621094,1520000
2023-03-21,410.7304992675781,422.0299987792969,422.69000244140625,411.19000244140625,414.3399963378906,1439600
2023-03-22,403.1198425292969,414.2099914550781,428.239990234375,414.010009765625,420.7300109863281,1558500
2023-03-23,420.9104309082031,432.489990234375,434.9700012207031,415.5799865722656,419.17999267578125,2737900
2023-03-24,418.068603515625,429.57000732421875,432.0,422.4200134277344,428.7200012207031,1659700
2023-03-27,415.5091247558594,426.94000244140625,431.5299987792969,423.239990234375,429.6499938964844,1677000
2023-03-28,408.102783203125,419.3299865722656,427.7300109863281,416.95001220703125,426.94000244140625,1322300
2023-03-29,421.6890869140625,433.2900085449219,434.2300109863281,424.010009765625,427.07000732421875,1320100
2023-03-30,428.3070068359375,440.0899963378906,442.4100036621094,437.4200134277344,439.7200012207031,1515700
2023-03-31,433.89324951171875,445.8299865722656,448.0400085449219,441.5,442.6300048828125,1700900
2023-04-03,428.8714904785156,440.6700134277344,443.010009765625,436.1600036621094,443.010009765625,1234100
2023-04-04,428.03448486328125,439.80999755859375,446.7300109863281,437.1099853515625,440.1499938964844,1120000
2023-04-05,427.39208984375,439.1499938964844,440.04998779296875,431.8699951171875,439.6300048828125,1494700
2023-04-06,435.57208251953125,446.760009765625,447.94000244140625,432.3599853515625,433.8299865722656,1673600
2023-04-10,433.5831298828125,444.7200012207031,445.9599914550781,435.94000244140625,441.2900085449219,1165900
2023-04-11,426.5439758300781,437.5,443.6099853515625,434.3900146484375,441.8500061035156,1267300
2023-04-12,424.19427490234375,435.0899963378906,444.5400085449219,434.44000244140625,443.4700012207031,981600
2023-04-13,430.7459716796875,441.80999755859375,443.5299987792969,438.19000244140625,439.4700012207031,970600
2023-04-14,430.56072998046875,441.6199951171875,443.69000244140625,436.239990234375,439.010009765625,1328700
2023-04-17,429.069091796875,440.0899963378906,443.9100036621094,435.9599914550781,443.9100036621094,993100
2023-04-18,431.5064697265625,442.5899963378906,445.6499938964844,439.5899963378906,445.0,878400
2023-04-19,434.3338317871094,445.489990234375,445.6199951171875,437.0,437.489990234375,802700
2023-04-20,436.196044921875,447.3999938964844,451.1199951171875,439.8800048828125,439.8800048828125,1103700
2023-04-21,435.2210388183594,446.3999938964844,452.7099914550781,443.2699890136719,448.6400146484375,1280600
2023-04-24,431.24322509765625,442.32000732421875,450.2300109863281,439.6000061035156,450.07000732421875,1177100
2023-04-25,409.31640625,419.8299865722656,438.5799865722656,418.8500061035156,436.95001220703125,2269100
2023-04-26,403.33990478515625,413.70001220703125,422.510009765625,412.94000244140625,418.32000732421875,1947900
2023-04-27,418.41278076171875,429.1600036621094,430.3900146484375,414.3399963378906,416.8599853515625,1479300
2023-04-28,432.8324890136719,443.95001220703125,462.5,424.7900085449219,428.7300109863281,2538000
2023-05-01,431.428466796875,442.510009765625,446.739990234375,439.9700012207031,441.7900085449219,1419200
2023-05-02,425.5299987792969,436.4599914550781,445.3699951171875,430.80999755859375,445.0799865722656,1213500
2023-05-03,418.8905334472656,429.6499938964844,440.9599914550781,428.20001220703125,440.20001220703125,1274800
2023-05-04,411.870849609375,422.45001220703125,432.75,421.30999755859375,432.6400146484375,1283800
2023-05-05,415.283203125,425.95001220703125,439.25,425.17999267578125,427.8800048828125,1800100
2023-05-08,416.1996765136719,426.8900146484375,427.7699890136719,416.57000732421875,422.42999267578125,1359600
2023-05-09,416.9698486328125,427.67999267578125,430.5199890136719,422.80999755859375,424.44000244140625,783700
2023-05-10,420.7136535644531,431.5199890136719,436.30999755859375,426.92999267578125,432.9800109863281,1425100
2023-05-11,414.2497863769531,424.8900146484375,432.9599914550781,423.6499938964844,432.3299865722656,1573300
2023-05-12,416.9114074707031,427.6199951171875,430.010009765625,424.3900146484375,426.3900146484375,1224200
2023-05-15,415.53662109375,426.2099914550781,427.2699890136719,410.4700012207031,413.0,2088000
2023-05-16,410.85687255859375,421.4100036621094,430.0799865722656,419.0799865722656,422.1499938964844,1574100
2023-05-17,421.0451354980469,431.8599853515625,432.8500061035156,420.1499938964844,423.32000732421875,1280900
2023-05-18,436.4495544433594,447.6600036621094,448.7099914550781,432.32000732421875,433.55999755859375,1770900
2023-05-19,434.8603515625,446.0299987792969,450.2699890136719,444.82000732421875,449.5199890136719,1234400
2023-05-22,442.7380065917969,454.1099853515625,455.3999938964844,445.4800109863281,449.6099853515625,1948500
2023-05-23,438.535888671875,449.79998779296875,460.75,449.79998779296875,455.5799865722656,2658600
2023-05-24,405.5043640136719,415.9200134277344,425.7300109863281,413.3599853515625,421.0,6664400
2023-05-25,402.7550048828125,413.1000061035156,421.0,407.5400085449219,418.5,4119800
2023-05-26,407.9515075683594,418.42999267578125,428.0,413.1099853515625,413.760009765625,3287100
2023-05-30,395.9205017089844,406.0899963378906,427.3699951171875,405.6099853515625,424.3699951171875,3400700
2023-05-31,408.62420654296875,419.1199951171875,420.25,400.2200012207031,400.7900085449219,6180600
2023-06-01,411.549072265625,422.1199951171875,426.0,416.260009765625,417.5899963378906,1910500
2023-06-02,419.70953369140625,430.489990234375,432.6099853515625,423.25,423.25,1702000
2023-06-05,431.75018310546875,442.8399963378906,444.7799987792969,429.9700012207031,430.45001220703125,2201400
2023-06-06,437.2586975097656,448.489990234375,458.1199951171875,446.07000732421875,446.6199951171875,1839600
2023-06-07,411.7830810546875,422.3599853515625,452.92999267578125,421.44000244140625,448.1199951171875,2429900
2023-06-08,412.75799560546875,423.3599853515625,427.5,419.29998779296875,421.3800048828125,1612300
2023-06-09,420.742919921875,431.54998779296875,432.04998779296875,420.25,422.80999755859375,1696600
2023-06-12,434.94805908203125,446.1199951171875,446.94000244140625,434.5799865722656,435.29998779296875,1937200
2023-06-13,436.34228515625,447.54998779296875,451.989990234375,442.0,451.6499938964844,1324400
2023-06-14,435.0455627441406,446.2200012207031,453.3699951171875,440.4599914550781,447.9700012207031,1709100
2023-06-15,444.8829040527344,456.30999755859375,459.1600036621094,441.0400085449219,442.19000244140625,1658300
2023-06-16,443.6349792480469,455.0299987792969,461.69000244140625,450.19000244140625,461.2699890136719,2619600
2023-06-20,443.732421875,455.1300048828125,461.0,451.1199951171875,454.30999755859375,1395000
2023-06-21,439.2476501464844,450.5299987792969,455.5199890136719,449.2900085449219,454.70001220703125,1106500
2023-06-22,439.5498962402344,450.8399963378906,451.760009765625,445.6499938964844,448.75,1034800
2023-06-23,441.35357666015625,452.69000244140625,457.0899963378906,442.739990234375,443.8599853515625,1489900
2023-06-26,441.9482116699219,453.29998779296875,462.4200134277344,451.6600036621094,451.6600036621094,1418200
2023-06-27,447.5347900390625,459.0299987792969,460.80999755859375,453.29998779296875,455.8900146484375,1253800
2023-06-28,448.1197814941406,459.6300048828125,459.9100036621094,452.510009765625,459.1600036621094,1495400
2023-06-29,444.4051513671875,455.82000732421875,460.95001220703125,453.3800048828125,460.739990234375,1133100
2023-06-30,446.7158508300781,458.19000244140625,461.9800109863281,454.1600036621094,456.7799987792969,1967100
2023-07-03,440.2615661621094,451.57000732421875,454.9800109863281,449.0,452.739990234375,1454500
2023-07-05,446.3746032714844,457.8399963378906,458.2699890136719,447.010009765625,448.0,1360700
2023-07-06,440.193359375,451.5,453.8599853515625,444.19000244140625,450.3999938964844,1156700
2023-07-07,437.72247314453125,448.19000244140625,457.4200134277344,447.8299865722656,450.7300109863281,847800
2023-07-10,453.48553466796875,464.3299865722656,466.5899963378906,447.010009765625,447.489990234375,2217700
2023-07-11,452.8702392578125,463.70001220703125,466.8800048828125,455.55999755859375,465.6499938964844,1176500
2023-07-12,465.7032775878906,476.8399963378906,478.42999267578125,469.2300109863281,472.260009765625,1681500
2023-07-13,470.1080017089844,481.3500061035156,483.6099853515625,478.6499938964844,480.1499938964844,1477600
2023-07-14,472.6863098144531,483.989990234375,486.4800109863281,478.42999267578125,479.0,1158100
2023-07-17,479.3568115234375,490.82000732421875,492.739990234375,480.4800109863281,481.95001220703125,1330500
2023-07-18,483.8591003417969,495.42999267578125,497.69000244140625,488.5,490.79998779296875,1242700
2023-07-19,488.86932373046875,500.55999755859375,508.0899963378906,498.25,503.8699951171875,2003800
2023-07-20,480.29437255859375,491.7799987792969,503.3900146484375,490.92999267578125,498.1300048828125,1277000
2023-07-21,481.01708984375,492.5199890136719,501.94000244140625,491.92999267578125,496.8599853515625,4574000
2023-07-24,477.09100341796875,488.5,498.57000732421875,485.9200134277344,496.5899963378906,1251600
2023-07-25,484.8748779296875,496.4700012207031,499.8399963378906,488.7900085449219,488.7900085449219,1122700
2023-07-26,485.2557373046875,496.8599853515625,498.7699890136719,491.8999938964844,492.70001220703125,1760900
2023-07-27,484.9335021972656,496.5299987792969,505.79998779296875,494.7900085449219,504.1300048828125,1620300
2023-07-28,499.8858947753906,511.8399963378906,513.219970703125,501.489990234375,501.489990234375,1867100
2023-07-31,499.7491455078125,511.70001220703125,514.1400146484375,508.55999755859375,511.54998779296875,1531100
2023-08-01,496.6238708496094,508.5,510.55999755859375,502.8299865722656,510.55999755859375,1495700
2023-08-02,486.4179382324219,498.04998779296875,503.3299865722656,492.82000732421875,501.7699890136719,1170300
2023-08-03,485.37298583984375,496.9800109863281,500.32000732421875,490.9599914550781,495.3399963378906,911200
2023-08-04,485.37298583984375,496.9800109863281,508.8699951171875,496.2699890136719,503.2300109863281,1179000
2023-08-07,493.45953369140625,505.260009765625,505.92999267578125,499.8299865722656,500.3500061035156,784200
2023-08-08,489.1134948730469,500.80999755859375,501.45001220703125,491.1300048828125,499.7900085449219,987100
2023-08-09,485.0995178222656,496.70001220703125,503.1499938964844,494.0899963378906,501.2799987792969,1081600
2023-08-10,489.7580871582031,501.4700012207031,510.75,498.3399963378906,504.0,1012700
2023-08-11,486.14453125,497.7699890136719,503.79998779296875,496.239990234375,497.80999755859375,1005500
2023-08-14,493.9869384765625,505.79998779296875,506.70001220703125,495.25,497.54998779296875,1453200
2023-08-15,485.5682373046875,497.17999267578125,506.1600036621094,495.7900085449219,502.3500061035156,1136700
2023-08-16,484.0740051269531,495.6499938964844,504.0899963378906,495.489990234375,497.1099853515625,1056300
2023-08-17,475.0888366699219,486.45001220703125,496.80999755859375,485.1499938964844,495.8500061035156,1098600
2023-08-18,474.6102600097656,485.9599914550781,488.7699890136719,477.760009765625,479.9100036621094,954400
2023-08-21,476.85662841796875,488.260009765625,490.0,481.8800048828125,487.7699890136719,1206100
2023-08-22,476.5050048828125,487.8999938964844,494.42999267578125,485.9599914550781,490.17999267578125,898700
2023-08-23,489.162353515625,500.8599853515625,503.1199951171875,489.2699890136719,489.2699890136719,1458600
2023-08-24,486.8574523925781,498.5,508.54998779296875,496.45001220703125,504.4200134277344,2217600
2023-08-25,506.927490234375,519.0499877929688,521.8200073242188,494.239990234375,494.239990234375,2457300
2023-08-28,506.75177001953125,518.8699951171875,522.6699829101562,513.8300170898438,519.0499877929688,1307800
2023-08-29,523.960205078125,536.489990234375,537.469970703125,516.6300048828125,517.8499755859375,1570200
2023-08-30,527.9547729492188,540.5800170898438,543.0,536.280029296875,537.7000122070312,1688000
2023-08-31,529.1559448242188,541.8099975585938,545.0,534.5900268554688,540.5800170898438,1776200
2023-09-01,536.763916015625,549.5999755859375,549.8499755859375,540.4600219726562,545.3300170898438,1336500
2023-09-05,537.72119140625,550.5800170898438,555.0,545.5399780273438,548.6400146484375,1372200
2023-09-06,538.0823974609375,550.9500122070312,553.6199951171875,545.6099853515625,549.4199829101562,1237000
2023-09-07,540.6802978515625,553.6099853515625,557.4600219726562,547.9199829101562,549.8200073242188,1209700
2023-09-08,537.70166015625,550.5599975585938,558.6400146484375,549.77001953125,552.3099975585938,1245000
2023-09-11,536.470947265625,549.2999877929688,553.6900024414062,547.97998046875,551.2100219726562,1242500
2023-09-12,533.2481079101562,546.0,547.719970703125,540.010009765625,543.0,1312600
2023-09-13,529.2926025390625,541.9500122070312,545.6500244140625,538.8599853515625,544.239990234375,1136200
2023-09-14,534.8107299804688,547.5999755859375,549.52001953125,537.9600219726562,545.1199951171875,973400
2023-09-15,525.5131225585938,538.0800170898438,548.1500244140625,537.010009765625,548.1400146484375,2445500
2023-09-18,522.5147094726562,535.010009765625,538.4299926757812,533.75,536.3200073242188,886900
2023-09-19,516.8307495117188,529.1900024414062,530.8400268554688,526.1300048828125,530.1300048828125,1026400
2023-09-20,511.3614807128906,523.5900268554688,531.4199829101562,523.4099731445312,531.0999755859375,945300
2023-09-21,492.5903625488281,504.3699951171875,521.3699951171875,503.3599853515625,519.5800170898438,1729200
2023-09-22,496.6922607421875,508.57000732421875,512.1400146484375,500.6600036621094,504.0,1233800
2023-09-25,496.4382629394531,508.30999755859375,511.20001220703125,504.3500061035156,506.2099914550781,1279200
2023-09-26,491.4378356933594,503.19000244140625,508.8699951171875,500.19000244140625,507.5400085449219,1233600
2023-09-27,496.3699035644531,508.239990234375,511.42999267578125,502.9700012207031,507.5799865722656,1260200
2023-09-28,500.27655029296875,512.239990234375,517.6699829101562,501.17999267578125,504.4599914550781,1262700
2023-09-29,499.0068359375,510.94000244140625,524.1199951171875,507.989990234375,522.030029296875,1499600
2023-10-02,505.7066955566406,517.7999877929688,518.27001953125,508.9200134277344,510.8299865722656,1621600
2023-10-03,495.6277770996094,507.4800109863281,518.469970703125,504.3800048828125,511.2900085449219,1741600
2023-10-04,505.3746643066406,517.4600219726562,519.9000244140625,508.6700134277344,513.3400268554688,1561000
2023-10-05,505.1202087402344,516.2999877929688,520.0800170898438,510.55999755859375,516.0,1118700
2023-10-06,521.752197265625,533.2999877929688,534.6599731445312,511.2799987792969,512.0,1766700
2023-10-09,523.3272705078125,534.9099731445312,535.5499877929688,526.25,527.760009765625,1047700
2023-10-10,528.4146728515625,540.1099853515625,545.260009765625,530.6599731445312,532.1500244140625,1369300
2023-10-11,529.852783203125,541.5800170898438,544.6099853515625,536.760009765625,541.6500244140625,884200
2023-10-12,531.6431884765625,543.4099731445312,550.1199951171875,540.6199951171875,545.0900268554688,1520700
2023-10-13,521.5075073242188,533.0499877929688,545.6300048828125,530.2999877929688,543.4099731445312,1627000
2023-10-16,529.1876220703125,540.9000244140625,543.5,534.469970703125,539.8400268554688,1063900
2023-10-17,527.1136474609375,538.780029296875,546.0700073242188,533.0599975585938,535.969970703125,1396100
2023-10-18,515.9994506835938,527.4199829101562,537.1500244140625,525.5700073242188,535.2999877929688,1143100
2023-10-19,510.2271728515625,521.52001953125,534.0900268554688,519.9000244140625,530.5,1328300
2023-10-20,495.83575439453125,506.80999755859375,521.5399780273438,504.7699890136719,520.2899780273438,1873300
2023-10-23,493.1159362792969,504.0299987792969,513.1099853515625,498.4800109863281,505.0,1523300
2023-10-24,494.8672180175781,505.82000732421875,513.1400146484375,499.45001220703125,506.489990234375,958900
2023-10-25,472.5707092285156,483.0299987792969,500.6000061035156,482.2799987792969,500.3999938964844,2459400
2023-10-26,469.0681457519531,479.45001220703125,486.9200134277344,473.55999755859375,483.0,1584400
2023-10-27,469.13665771484375,479.5199890136719,482.510009765625,473.8900146484375,479.6400146484375,1563800
2023-10-30,476.94390869140625,487.5,489.69000244140625,481.7900085449219,483.69000244140625,1410200
2023-10-31,484.2325439453125,494.95001220703125,496.6000061035156,485.45001220703125,489.0199890136719,1071900
2023-11-01,478.5777282714844,489.1700134277344,493.510009765625,481.94000244140625,492.69000244140625,2041200
2023-11-02,489.5156555175781,500.3500061035156,504.0,490.3500061035156,498.9100036621094,1509200
2023-11-03,487.7154846191406,498.510009765625,502.9599914550781,489.54998779296875,492.8800048828125,2419600
2023-11-06,489.66241455078125,500.5,500.6199951171875,494.3500061035156,499.0799865722656,1475500
2023-11-07,502.781982421875,513.9099731445312,517.3300170898438,506.9700012207031,508.17999267578125,1409200
2023-11-08,511.06854248046875,522.3800048828125,524.239990234375,515.3300170898438,521.2100219726562,1428400
2023-11-09,503.3982849121094,514.5399780273438,527.27001953125,513.969970703125,518.6400146484375,1384000
2023-11-10,517.4376831054688,528.8900146484375,530.0800170898438,516.25,519.530029296875,1147800
2023-11-13,520.6563720703125,532.1799926757812,534.4299926757812,523.3200073242188,525.6300048828125,1177100
2023-11-14,543.4911499023438,555.52001953125,557.989990234375,541.4000244140625,541.4000244140625,2005700
2023-11-15,543.510498046875,555.5399780273438,567.030029296875,554.6799926757812,558.989990234375,1711300
2023-11-16,544.89013671875,556.9500122070312,560.47998046875,552.6799926757812,557.2100219726562,1198400
2023-11-17,548.030517578125,560.1599731445312,561.1900024414062,554.02001953125,556.6400146484375,1127100
2023-11-20,552.2765502929688,564.5,565.5900268554688,558.8400268554688,564.0,1008800
2023-11-21,550.0067749023438,562.1799926757812,564.9000244140625,560.0,560.0900268554688,1001000
2023-11-22,552.0123901367188,564.22998046875,571.8200073242188,563.489990234375,567.989990234375,899300
2023-11-24,551.8558349609375,564.0700073242188,564.9199829101562,560.0499877929688,562.489990234375,607300
2023-11-27,549.0774536132812,561.22998046875,566.280029296875,559.0,561.9099731445312,1633600
2023-11-28,552.834228515625,565.0700073242188,567.1500244140625,557.9500122070312,559.5999755859375,1745500
2023-11-29,564.73095703125,577.22998046875,599.0,575.9000244140625,582.989990234375,2489600
2023-11-30,559.0858154296875,571.4600219726562,582.1599731445312,565.6900024414062,577.3900146484375,1941100
2023-12-01,561.8839111328125,574.3200073242188,576.6799926757812,564.4500122070312,571.4000244140625,1334000
2023-12-04,558.1171875,570.469970703125,571.1799926757812,560.6799926757812,568.6199951171875,1335800
2023-12-05,559.3989868164062,571.780029296875,572.27001953125,563.3900146484375,565.3400268554688,988900
2023-12-06,553.9690551757812,566.22998046875,576.219970703125,565.7000122070312,575.4000244140625,1109500
2023-12-07,559.115234375,571.489990234375,573.0,564.8699951171875,570.22998046875,898900
2023-12-08,561.4730224609375,573.9000244140625,574.6300048828125,564.3900146484375,566.1599731445312,1195200
2023-12-11,573.9566650390625,586.6599731445312,589.0599975585938,577.0,577.3200073242188,1617300
2023-12-12,581.3139038085938,594.1799926757812,594.8699951171875,583.5399780273438,588.27001953125,1252000
2023-12-13,597.0065307617188,610.219970703125,610.4299926757812,593.7100219726562,598.0499877929688,1606600
2023-12-14,588.1621704101562,601.1799926757812,617.6099853515625,595.9600219726562,614.6900024414062,2546800
2023-12-15,595.3335571289062,608.510009765625,611.8699951171875,602.0999755859375,602.0999755859375,3455500
2023-12-18,605.0386962890625,618.4299926757812,620.2899780273438,609.739990234375,610.3800048828125,1538700
2023-12-19,608.003173828125,621.4600219726562,622.2100219726562,614.7100219726562,615.47998046875,1252100
2023-12-20,602.3776245117188,615.7100219726562,627.8300170898438,615.5,619.02001953125,1536500
2023-12-21,607.5432739257812,620.989990234375,623.6199951171875,618.1799926757812,620.0,1000900
2023-12-22,610.556640625,624.0700073242188,625.1500244140625,617.6799926757812,622.8300170898438,820800
2023-12-26,611.3197631835938,624.8499755859375,628.3300170898438,622.72998046875,625.1699829101562,638300
2023-12-27,615.4972534179688,629.1199951171875,629.7999877929688,622.260009765625,623.989990234375,734400
2023-12-28,614.4212036132812,628.02001953125,631.0700073242188,627.1799926757812,630.739990234375,680700
2023-12-29,611.4959106445312,625.030029296875,630.8300170898438,622.4600219726562,628.02001953125,724700
2024-01-02,590.6864624023438,603.760009765625,623.0599975585938,599.6300048828125,622.25,1666700
2024-01-03,578.3397216796875,591.1400146484375,598.3800048828125,589.4099731445312,597.5599975585938,1439400
2024-01-04,574.11328125,586.8200073242188,594.510009765625,585.8099975585938,590.6099853515625,956700
2024-01-05,576.2657470703125,589.02001953125,592.1699829101562,586.1500244140625,586.8200073242188,838900
2024-01-08,585.4229736328125,598.3800048828125,600.5499877929688,591.9199829101562,593.0999755859375,1689700
2024-01-09,592.967529296875,605.1799926757812,606.739990234375,590.1400146484375,591.1500244140625,1271100
2024-01-10,596.4164428710938,608.7000122070312,613.3599853515625,603.02001953125,603.1199951171875,1292400
2024-01-11,596.4263305664062,608.7100219726562,615.6699829101562,600.510009765625,611.1699829101562,1315200
2024-01-12,599.4539184570312,611.7999877929688,613.989990234375,606.0800170898438,612.0,802400
2024-01-16,591.6448364257812,603.8300170898438,612.9600219726562,601.219970703125,607.75,1433100
2024-01-17,587.7352905273438,599.8400268554688,601.8400268554688,593.2899780273438,600.5599975585938,1540000
2024-01-18,599.0228881835938,611.3599853515625,612.1199951171875,601.7999877929688,603.4000244140625,1147700
2024-01-19,609.6244506835938,622.1799926757812,624.1500244140625,610.969970703125,614.8800048828125,1334400
2024-01-22,617.8843383789062,630.6099853515625,632.4400024414062,626.0,626.5499877929688,954400
2024-01-23,622.9892578125,635.8200073242188,636.6900024414062,624.1400146484375,630.5900268554688,853500
2024-01-24,623.3419189453125,636.1799926757812,644.72998046875,634.7999877929688,641.75,1017300
2024-01-25,628.5447998046875,641.489990234375,649.469970703125,637.0700073242188,649.469970703125,1043400
2024-01-26,628.4174194335938,641.3599853515625,646.2000122070312,639.7100219726562,642.7999877929688,770900
2024-01-29,639.705078125,652.8800048828125,654.02001953125,642.0900268554688,643.0,869200
2024-01-30,634.6491088867188,647.719970703125,652.1400146484375,646.1300048828125,647.8900146484375,1114600
2024-01-31,618.58984375,631.3300170898438,642.530029296875,626.2100219726562,641.8300170898438,1208500
2024-02-01,620.0889282226562,632.8599853515625,634.8800048828125,623.2000122070312,631.52001953125,1034100
2024-02-02,626.67333984375,639.5800170898438,642.530029296875,628.219970703125,628.219970703125,1287300
2024-02-05,627.6727294921875,640.5999755859375,641.8599853515625,629.280029296875,638.6799926757812,1007900
2024-02-06,622.4796142578125,635.2999877929688,645.8499755859375,630.9500122070312,644.5900268554688,908600
2024-02-07,630.19091796875,643.1699829101562,649.3099975585938,636.97998046875,640.5399780273438,970400
2024-02-08,639.89111328125,653.0700073242188,654.239990234375,643.1699829101562,646.4299926757812,1005700
2024-02-09,644.8783569335938,658.1599731445312,662.8300170898438,654.6900024414062,657.530029296875,1005100
2024-02-12,643.7320556640625,656.989990234375,659.719970703125,651.8900146484375,655.719970703125,1279100
2024-02-13,625.409423828125,638.2899780273438,646.4000244140625,628.7000122070312,634.530029296875,1785100
2024-02-14,643.8692016601562,657.1300048828125,657.6500244140625,642.989990234375,642.989990234375,1285400
2024-02-15,650.8748779296875,664.280029296875,664.8300170898438,657.0,662.6599731445312,1438000
2024-02-16,642.5072631835938,655.739990234375,663.0,651.1199951171875,662.9600219726562,1336800
2024-02-20,632.8756103515625,645.9099731445312,655.4400024414062,641.0499877929688,650.7100219726562,1470600
2024-02-21,625.3897094726562,638.27001953125,643.8400268554688,630.52001953125,640.5,1144700
2024-02-22,644.643310546875,657.9199829101562,659.3800048828125,649.52001953125,650.0800170898438,1975600
2024-02-23,646.4952392578125,659.8099975585938,668.239990234375,646.1500244140625,652.760009765625,1740400
2024-02-26,650.4437866210938,663.8400268554688,668.2899780273438,651.4600219726562,659.0399780273438,1579400
2024-02-27,655.852294921875,669.3599853515625,670.72998046875,661.3300170898438,665.0,1059200
2024-02-28,645.858154296875,659.1599731445312,665.72998046875,656.260009765625,661.9000244140625,1059700
2024-02-29,649.5130615234375,662.8900146484375,667.5700073242188,660.0,661.52001953125,1934100
2024-03-01,653.06982421875,666.52001953125,667.1099853515625,656.219970703125,659.0499877929688,1003900
2024-03-04,654.9215087890625,668.4099731445312,671.010009765625,660.5999755859375,664.3400268554688,896700
2024-03-05,626.8202514648438,639.72998046875,665.52001953125,631.5999755859375,664.6599731445312,1382000
2024-03-06,637.157470703125,650.280029296875,650.97998046875,640.2999877929688,645.77001953125,1070900
2024-03-07,636.2364501953125,649.3400268554688,657.0,646.5599975585938,656.0,903200
2024-03-08,638.5782470703125,651.72998046875,657.2000122070312,641.8800048828125,644.1500244140625,1054500
2024-03-11,637.735595703125,650.8699951171875,653.1599731445312,638.6099853515625,649.1500244140625,1045700
2024-03-12,649.2681274414062,662.6400146484375,666.4600219726562,647.6300048828125,655.72998046875,1097300
2024-03-13,641.8507690429688,655.0700073242188,661.5499877929688,653.6799926757812,660.0,954900
2024-03-14,636.9222412109375,650.0399780273438,660.0,645.5599975585938,660.0,1129100
2024-03-15,612.8970947265625,625.52001953125,649.0,621.0399780273438,645.489990234375,3145800
2024-03-18,617.6688232421875,630.3900146484375,636.75,628.9600219726562,630.1900024414062,1811000
2024-03-19,621.7448120117188,634.5499877929688,635.3400268554688,625.5900268554688,631.5,1675700
2024-03-20,626.741943359375,639.6500244140625,642.1799926757812,633.3099975585938,635.1900024414062,1335500
2024-03-21,638.1470336914062,651.2899780273438,659.1199951171875,640.5,643.510009765625,1347500
2024-03-22,630.7493896484375,643.739990234375,650.5900268554688,639.4199829101562,649.47998046875,838600
2024-03-25,626.1932373046875,639.0900268554688,641.969970703125,631.9199829101562,637.5800170898438,1020900
2024-03-26,627.1337890625,640.0499877929688,644.1099853515625,638.9600219726562,642.1599731445312,1002100
2024-03-27,635.6484985351562,648.739990234375,649.969970703125,640.489990234375,645.8200073242188,1119700
2024-03-28,636.883056640625,650.0,655.0,647.72998046875,650.9099731445312,1163200
2024-04-01,626.9281616210938,639.8400268554688,654.4000244140625,635.8800048828125,653.1300048828125,697000
2024-04-02,613.945556640625,626.5900268554688,630.4400024414062,622.2899780273438,630.4400024414062,2119200
2024-04-03,610.4279174804688,623.0,632.8599853515625,621.4500122070312,626.5900268554688,1566500
2024-04-04,608.7427368164062,621.280029296875,637.0599975585938,620.3300170898438,633.780029296875,1293300
2024-04-05,622.9108276367188,635.739990234375,637.25,621.5499877929688,623.5,1619800
2024-04-08,632.2582397460938,645.280029296875,647.3900146484375,637.0800170898438,639.1699829101562,1016600
2024-04-09,631.9738159179688,644.0900268554688,650.4199829101562,636.3200073242188,650.0,847600
2024-04-10,616.5397338867188,628.3599853515625,635.280029296875,626.5499877929688,630.739990234375,962100
2024-04-11,615.9019165039062,627.7100219726562,633.7100219726562,623.8300170898438,630.9299926757812,1612700
2024-04-12,609.4260864257812,621.1099853515625,626.22998046875,616.0900268554688,618.489990234375,1454600
2024-04-15,600.605224609375,612.1199951171875,630.0,610.489990234375,629.280029296875,1065800
2024-04-16,599.9869995117188,611.489990234375,618.5599975585938,610.9199829101562,613.6500244140625,1264800
2024-04-17,601.6746826171875,613.2100219726562,617.7999877929688,611.8400268554688,615.3900146484375,1117400
2024-04-18,596.9356079101562,608.3800048828125,616.8900146484375,606.280029296875,616.8900146484375,790900
2024-04-19,593.7858276367188,605.1699829101562,611.1900024414062,598.010009765625,609.1300048828125,1608900
2024-04-22,598.2994384765625,609.77001953125,614.0700073242188,600.9000244140625,608.4600219726562,1056800
2024-04-23,619.0122680664062,630.8800048828125,632.8300170898438,612.0700073242188,615.1199951171875,1461900
2024-04-24,623.5355834960938,635.489990234375,642.1099853515625,622.5599975585938,623.5,1378200
2024-04-25,614.6067504882812,626.3900146484375,632.8200073242188,619.7899780273438,630.6599731445312,1243000
2024-04-26,624.5755615234375,636.5499877929688,640.1300048828125,626.5900268554688,627.0700073242188,1192500
2024-04-29,626.3809814453125,638.3900146484375,644.989990234375,634.3800048828125,637.3300170898438,886500
2024-04-30,613.851318359375,625.6199951171875,637.9199829101562,625.22998046875,637.010009765625,1309700
2024-05-01,603.6272583007812,615.2000122070312,629.6599731445312,610.0399780273438,625.1300048828125,1199100
2024-05-02,602.4890747070312,614.0399780273438,620.8599853515625,607.2899780273438,617.0599975585938,1103500
2024-05-03,617.4326171875,629.27001953125,631.3900146484375,622.1500244140625,623.780029296875,1109500
2024-05-06,622.7015991210938,634.6400146484375,635.0,627.5800170898438,632.27001953125,802900
2024-05-07,629.0892333984375,641.1500244140625,641.6099853515625,631.3099975585938,635.0900268554688,757700
2024-05-08,620.5331420898438,632.4299926757812,641.4299926757812,629.530029296875,641.1500244140625,889800
2024-05-09,615.06787109375,626.8599853515625,633.8800048828125,624.2100219726562,632.4299926757812,1292700
2024-05-10,620.4154052734375,632.3099975585938,637.8800048828125,628.010009765625,628.5999755859375,917400
2024-05-13,615.3916015625,627.1900024414062,638.1699829101562,625.8699951171875,638.1699829101562,916200
2024-05-14,623.4669189453125,635.4199829101562,637.4600219726562,623.1599731445312,624.7100219726562,879700
2024-05-15,642.8060913085938,655.1300048828125,656.9000244140625,642.0,643.9000244140625,1082800
2024-05-16,641.0792236328125,653.3699951171875,658.2899780273438,651.8300170898438,654.6900024414062,957200
2024-05-17,648.7423095703125,661.1799926757812,661.75,654.719970703125,655.25,774700
2024-05-20,657.5435791015625,670.1500244140625,671.489990234375,659.469970703125,659.8800048828125,931500
2024-05-21,655.2573852539062,667.8200073242188,670.5999755859375,665.1300048828125,670.5999755859375,1092000
2024-05-22,657.661376953125,670.27001953125,673.6300048828125,666.2000122070312,670.3800048828125,987000
2024-05-23,649.8019409179688,662.260009765625,676.6199951171875,659.5,675.0,1886200
2024-05-24,595.5716552734375,606.989990234375,624.0,600.489990234375,621.0,4252600
2024-05-28,588.73291015625,600.02001953125,605.0999755859375,592.1400146484375,604.5800170898438,2640000
2024-05-29,587.025634765625,598.280029296875,611.2999877929688,593.2000122070312,593.2000122070312,1892800
2024-05-30,552.3796997070312,562.969970703125,588.4600219726562,560.9099731445312,588.4600219726562,3409600
2024-05-31,565.5963745117188,576.4400024414062,577.4099731445312,557.2899780273438,561.75,3136200
2024-06-03,556.5498046875,567.219970703125,576.52001953125,562.6099853515625,575.6099853515625,1566900
2024-06-04,561.2986450195312,572.0599975585938,574.3499755859375,563.7000122070312,568.3800048828125,1171900
2024-06-05,563.4671630859375,574.27001953125,574.8400268554688,560.530029296875,571.8800048828125,1595800
2024-06-06,561.877685546875,572.6500244140625,575.5999755859375,570.010009765625,573.739990234375,1448700
2024-06-07,563.1041870117188,573.9000244140625,576.2899780273438,566.4600219726562,572.6699829101562,1048600
2024-06-10,556.569580078125,567.239990234375,572.719970703125,565.77001953125,569.4299926757812,1567000
2024-06-11,556.0396728515625,566.7000122070312,569.4199829101562,562.5700073242188,565.0,1571000
2024-06-12,581.0794677734375,592.219970703125,602.6699829101562,578.6500244140625,580.0,2591800
2024-06-13,583.4344482421875,594.6199951171875,600.4099731445312,586.030029296875,594.530029296875,2132100
2024-06-14,584.4940795898438,595.7000122070312,599.97998046875,594.5900268554688,598.4000244140625,1070500
2024-06-17,591.185791015625,602.52001953125,604.6300048828125,586.25,589.8400268554688,1248700
2024-06-18,598.211181640625,609.6799926757812,610.4500122070312,601.9000244140625,603.72998046875,1375900
2024-06-20,604.49072265625,616.0800170898438,617.6599731445312,608.2999877929688,610.489990234375,1840000
2024-06-21,620.2584838867188,632.1500244140625,634.1500244140625,618.5499877929688,625.8400268554688,3682500
2024-06-24,612.1439819335938,623.8800048828125,633.719970703125,622.4600219726562,630.719970703125,1606000
2024-06-25,618.6100463867188,630.469970703125,630.5499877929688,624.3900146484375,629.1699829101562,1271900
2024-06-26,625.4881591796875,637.47998046875,638.6500244140625,624.489990234375,628.0,1169600
2024-06-27,639.1854858398438,651.4400024414062,657.1599731445312,635.510009765625,639.0800170898438,1478000
2024-06-28,644.846923828125,657.2100219726562,662.510009765625,647.97998046875,652.0,1754000
2024-07-01,638.5281372070312,650.77001953125,653.1300048828125,642.47998046875,652.510009765625,1195000
2024-07-02,643.8756103515625,656.219970703125,657.0,649.6900024414062,651.0,951100
2024-07-03,647.4865112304688,659.9000244140625,662.4400024414062,650.5499877929688,651.27001953125,931900
2024-07-05,656.169921875,668.75,674.3400268554688,653.3599853515625,655.0,1517100
2024-07-08,647.17236328125,659.5800170898438,663.0900268554688,655.9400024414062,660.5800170898438,1022500
2024-07-09,638.1846923828125,650.4199829101562,660.0,649.0900268554688,659.5800170898438,861300
2024-07-10,621.7958374023438,632.8400268554688,636.6900024414062,622.6500244140625,636.6900024414062,1962600
2024-07-11,618.4256591796875,629.4099731445312,643.1699829101562,627.219970703125,638.5900268554688,1234600
2024-07-12,630.746826171875,641.9500122070312,646.0999755859375,629.5999755859375,631.6400146484375,1044900
2024-07-15,646.693603515625,658.1799926757812,658.5399780273438,640.1799926757812,641.0399780273438,1043700
2024-07-16,654.5244750976562,666.1500244140625,668.6400146484375,655.530029296875,660.0,988700
2024-07-17,647.410888671875,658.9099731445312,666.3200073242188,658.0599975585938,663.0700073242188,1156300
2024-07-18,626.344970703125,637.469970703125,661.6599731445312,632.7000122070312,661.6599731445312,1383900
2024-07-19,625.4509887695312,636.5599975585938,640.4500122070312,632.4000244140625,638.780029296875,1056400
2024-07-22,633.27197265625,644.52001953125,645.97998046875,635.9099731445312,643.6099853515625,1473500
2024-07-23,625.9814453125,637.0999755859375,648.260009765625,636.6099853515625,643.6799926757812,1193600
2024-07-24,609.4157104492188,620.239990234375,637.0599975585938,619.0999755859375,629.8200073242188,1590200
2024-07-25,615.3895263671875,626.3200073242188,641.1199951171875,620.27001953125,629.8699951171875,1241000
2024-07-26,622.3067016601562,633.3599853515625,643.5,628.4000244140625,632.5999755859375,987100
2024-07-29,625.2543334960938,636.3599853515625,642.6400146484375,629.5900268554688,637.4500122070312,1242200
2024-07-30,624.7041015625,635.7999877929688,645.47998046875,629.530029296875,640.0,1064200
2024-07-31,636.0525512695312,647.3499755859375,662.6699829101562,641.9099731445312,652.0,1423900
2024-08-01,626.68896484375,637.8200073242188,660.2100219726562,630.0900268554688,647.0,1301200
2024-08-02,613.0314331054688,623.9199829101562,626.9400024414062,611.0900268554688,626.9400024414062,1788700
2024-08-05,592.4471435546875,602.969970703125,614.77001953125,597.219970703125,608.260009765625,1786900
2024-08-06,601.6044311523438,612.2899780273438,622.0599975585938,607.02001953125,610.1300048828125,1339500
2024-08-07,598.81396484375,609.4500122070312,630.1199951171875,608.030029296875,622.9600219726562,1123400
2024-08-08,615.1930541992188,626.1199951171875,628.5399780273438,613.739990234375,615.52001953125,1042400
2024-08-09,619.201904296875,630.2000122070312,634.7899780273438,622.2000122070312,625.0,802800
2024-08-12,616.4605712890625,627.4099731445312,635.2899780273438,624.8300170898438,629.219970703125,647000
2024-08-13,634.5591430664062,645.8300170898438,648.5599975585938,630.010009765625,634.6900024414062,1040100
2024-08-14,625.6278076171875,636.739990234375,640.22998046875,625.0,627.27001953125,1501200
2024-08-15,640.759033203125,652.1400146484375,652.9600219726562,644.2000122070312,645.3900146484375,937100
2024-08-16,642.1248168945312,653.530029296875,657.2000122070312,650.9400024414062,652.6500244140625,765800
2024-08-19,651.7242431640625,663.2999877929688,664.7100219726562,653.02001953125,654.5,1217300
2024-08-20,655.634765625,667.280029296875,669.7000122070312,661.8800048828125,663.2999877929688,1110800
2024-08-21,658.7888793945312,670.489990234375,672.5399780273438,664.969970703125,669.6900024414062,1256100
2024-08-22,653.6795043945312,665.2899780273438,674.780029296875,663.1300048828125,673.010009765625,1467700
2024-08-23,609.032470703125,619.8499755859375,660.0,610.4000244140625,660.0,4113400
2024-08-26,606.35009765625,617.1199951171875,633.9500122070312,615.72998046875,623.0,1968100
2024-08-27,615.3895263671875,626.3200073242188,628.3800048828125,611.6900024414062,615.47998046875,1477700
2024-08-28,606.2714233398438,617.0399780273438,627.8699951171875,614.4099731445312,624.3200073242188,1035000
2024-08-29,611.9310913085938,622.7999877929688,631.5399780273438,621.219970703125,622.6400146484375,986600
2024-08-30,619.2608032226562,630.260009765625,631.1699829101562,617.4000244140625,625.02001953125,2069500
2024-09-03,613.9059448242188,624.8099975585938,638.8800048828125,621.0,632.6400146484375,1324700
2024-09-04,612.2257690429688,623.0999755859375,626.3800048828125,617.510009765625,621.030029296875,866900
2024-09-05,610.6340942382812,621.47998046875,622.9299926757812,611.9199829101562,621.3599853515625,773500
2024-09-06,604.3849487304688,615.1199951171875,626.1099853515625,611.8099975585938,625.0,999700
2024-09-09,616.0478515625,626.989990234375,628.739990234375,617.0,621.489990234375,1005800
2024-09-10,622.5621948242188,633.6199951171875,633.75,620.8599853515625,630.6099853515625,1022200
2024-09-11,632.6824340820312,643.9199829101562,645.75,613.9500122070312,631.6900024414062,1327000
2024-09-12,635.0897216796875,646.3699951171875,646.8900146484375,638.3400268554688,643.72998046875,1178500
2024-09-13,643.8737182617188,655.3099975585938,660.9000244140625,641.3699951171875,642.9000244140625,1226500
2024-09-16,634.9718017578125,646.25,656.010009765625,643.4299926757812,655.239990234375,939700
2024-09-17,633.5667114257812,644.8200073242188,650.0,644.2100219726562,650.0,934600
2024-09-18,622.0217895507812,633.0700073242188,646.1300048828125,632.0999755859375,642.9299926757812,1000200
2024-09-19,642.8223266601562,654.239990234375,660.6099853515625,646.0599975585938,651.0599975585938,1567400
2024-09-20,633.7338256835938,644.989990234375,651.22998046875,638.780029296875,644.3599853515625,2961000
2024-09-23,630.766357421875,641.969970703125,649.5,639.510009765625,649.5,1069400
2024-09-24,627.062255859375,638.2000122070312,643.969970703125,635.52001953125,640.9600219726562,1454600
2024-09-25,623.6627197265625,634.739990234375,643.1900024414062,632.3400268554688,634.8900146484375,1414600
2024-09-26,625.7161865234375,636.8300170898438,645.9199829101562,633.8699951171875,645.0,1084500
2024-09-27,608.2268676757812,619.030029296875,638.489990234375,618.3300170898438,636.8300170898438,1425200
2024-09-30,610.162353515625,621.0,623.7000122070312,616.2000122070312,618.2000122070312,1361500
2024-10-01,595.6993408203125,606.280029296875,618.5999755859375,603.8499755859375,618.02001953125,1869100
2024-10-02,596.681884765625,607.280029296875,612.6300048828125,604.260009765625,607.4000244140625,1164600
2024-10-03,593.2724609375,603.8099975585938,607.0,599.8900146484375,601.3099975585938,1289800
2024-10-04,600.0126342773438,610.6699829101562,614.3400268554688,605.1199951171875,608.2000122070312,1220200
2024-10-07,591.9166259765625,602.4299926757812,610.5399780273438,600.7100219726562,607.030029296875,1711200
2024-10-08,602.6655883789062,613.3699951171875,614.5499877929688,603.8200073242188,608.010009765625,1201900
2024-10-09,610.7617797851562,621.6099853515625,621.969970703125,611.6099853515625,615.0,1183600
2024-10-10,609.511962890625,619.2999877929688,621.489990234375,616.0,618.0,1127800
2024-10-11,606.9332885742188,616.6799926757812,622.3499755859375,613.72998046875,619.1799926757812,1275700
2024-10-14,607.4057006835938,617.1599731445312,620.3099975585938,612.7999877929688,620.3099975585938,990100
2024-10-15,608.1240844726562,617.8900146484375,623.0399780273438,615.760009765625,619.8200073242188,1259300
2024-10-16,599.758544921875,609.3900146484375,618.0700073242188,607.4600219726562,616.5800170898438,1132400
2024-10-17,599.6010131835938,609.22998046875,619.1400146484375,607.8499755859375,619.0800170898438,1135300
2024-10-18,603.5968017578125,613.2899780273438,615.4400024414062,600.1099853515625,601.3400268554688,1299500
2024-10-21,604.2266845703125,613.9299926757812,615.6199951171875,607.1099853515625,608.22998046875,1057900
2024-10-22,599.9553833007812,609.5900268554688,613.2899780273438,605.280029296875,608.9199829101562,1088400
2024-10-23,592.4951782226562,602.010009765625,609.989990234375,599.6500244140625,608.02001953125,1119200
2024-10-24,594.4340209960938,603.97998046875,608.7899780273438,602.0,602.9099731445312,883200
2024-10-25,599.6404418945312,609.27001953125,617.219970703125,607.8300170898438,610.0,1000700
2024-10-28,602.4158935546875,612.0900268554688,613.77001953125,607.8900146484375,612.8400268554688,1292000
2024-10-29,613.8424072265625,623.7000122070312,625.5999755859375,609.3800048828125,612.989990234375,1134700
2024-10-30,611.2932739257812,621.1099853515625,629.469970703125,619.9099731445312,623.7899780273438,1082400
2024-10-31,600.6541137695312,610.2999877929688,621.739990234375,608.5499877929688,620.1699829101562,1478600
2024-11-01,611.913330078125,621.739990234375,626.3800048828125,603.0,605.0,1437000
2024-11-04,609.2264404296875,619.010009765625,624.52001953125,615.8300170898438,623.0,1152500
2024-11-05,609.04931640625,618.8300170898438,622.2899780273438,610.7100219726562,619.8599853515625,1564100
2024-11-06,638.1421508789062,648.3900146484375,668.0,642.75,643.1199951171875,2963700
2024-11-07,663.4949951171875,674.1500244140625,675.0999755859375,651.739990234375,651.739990234375,1927600
2024-11-08,673.40576171875,684.219970703125,688.8800048828125,672.22998046875,678.0,1705800
2024-11-11,686.3282470703125,697.3499755859375,698.9600219726562,682.2999877929688,683.7899780273438,1514400
2024-11-12,688.414794921875,699.469970703125,703.8800048828125,694.2999877929688,695.0,1409500
2024-11-13,695.0875854492188,706.25,714.780029296875,695.02001953125,697.25,1472300
2024-11-14,689.6844482421875,700.760009765625,706.0,693.4000244140625,701.5800170898438,1769600
2024-11-15,676.9981079101562,687.8699951171875,692.8499755859375,680.2100219726562,691.1599731445312,1798900
2024-11-18,668.0813598632812,678.8099975585938,688.1199951171875,675.7999877929688,685.6500244140625,1580300
2024-11-19,633.98876953125,644.1699829101562,646.8699951171875,632.4000244140625,636.0999755859375,2536000
2024-11-20,640.317138671875,650.5999755859375,652.280029296875,637.5999755859375,642.0900268554688,1880700
2024-11-21,667.97314453125,678.7000122070312,681.5900268554688,656.75,659.780029296875,2318300
2024-11-22,630.0028076171875,640.1199951171875,675.0,639.1500244140625,668.1799926757812,3294200
2024-11-25,624.5897216796875,634.6199951171875,651.1099853515625,632.8800048828125,641.6099853515625,2951500
2024-11-26,628.7332153320312,638.8300170898438,641.5,630.3300170898438,633.0,1784200
2024-11-27,626.115234375,636.1699829101562,641.0900268554688,631.2000122070312,633.9199829101562,1376100
2024-11-29,631.5872802734375,641.72998046875,645.3599853515625,636.3300170898438,640.8800048828125,828900
2024-12-02,624.048583984375,634.0700073242188,640.3900146484375,631.6699829101562,637.0499877929688,1502100
2024-12-03,625.9676513671875,636.02001953125,636.6799926757812,626.4000244140625,629.5999755859375,1104800
2024-12-04,644.2933349609375,654.6400146484375,660.3900146484375,636.9500122070312,639.0,1619700
2024-12-05,638.447265625,648.7000122070312,653.0499877929688,641.4500122070312,651.9600219726562,1219700
2024-12-06,636.2525024414062,646.469970703125,654.1099853515625,645.8200073242188,649.1699829101562,1125100
2024-12-09,636.3607177734375,646.5800170898438,650.780029296875,640.1699829101562,643.6099853515625,1379800
2024-12-10,636.843017578125,647.0700073242188,659.239990234375,644.7000122070312,649.2899780273438,1485600
2024-12-11,659.9617309570312,670.5599975585938,670.739990234375,646.260009765625,647.0700073242188,1868800
2024-12-12,661.6249389648438,672.25,676.1500244140625,662.9500122070312,674.030029296875,1629700
2024-12-13,646.0747680664062,656.4500122070312,672.7000122070312,653.97998046875,668.989990234375,1634800
2024-12-16,660.8868408203125,671.5,672.9199829101562,656.780029296875,656.780029296875,1684200
2024-12-17,667.0578002929688,677.77001953125,679.8499755859375,664.0499877929688,670.0,1814900
2024-12-18,639.5396728515625,649.8099975585938,677.010009765625,647.3099975585938,677.010009765625,2408200
2024-12-19,626.8828735351562,636.9500122070312,661.9500122070312,636.7100219726562,653.760009765625,2313300
2024-12-20,633.2211303710938,643.3900146484375,648.989990234375,624.030029296875,629.2000122070312,3451000
2024-12-23,628.2116088867188,638.2999877929688,642.25,633.75,640.6500244140625,1614300
2024-12-24,635.091064453125,645.2899780273438,645.5399780273438,636.0800170898438,639.0,668700
2024-12-26,635.9769287109375,646.1900024414062,648.989990234375,640.7999877929688,641.3499755859375,639300
2024-12-27,628.477294921875,638.5700073242188,643.239990234375,631.1799926757812,643.239990234375,966400
2024-12-30,620.3380737304688,630.2999877929688,634.1300048828125,623.4099731445312,632.8499755859375,1102800
2024-12-31,618.5664672851562,628.5,633.6599731445312,626.3900146484375,630.9000244140625,988500
2025-01-02,612.9467163085938,622.7899780273438,637.72998046875,619.4299926757812,637.0,1179400
2025-01-03,620.2691650390625,630.22998046875,631.0,624.52001953125,628.5,993400
2025-01-06,615.279296875,625.1599731445312,633.4000244140625,623.0,626.969970703125,1260700
2025-01-07,605.7030639648438,615.4299926757812,626.6500244140625,611.9199829101562,623.3599853515625,1030200
2025-01-08,616.1551513671875,626.0499877929688,627.6099853515625,613.7100219726562,616.4299926757812,1226000
2025-01-10,614.5975341796875,623.4299926757812,633.6199951171875,617.2899780273438,618.8400268554688,2390000
2025-01-13,604.5322875976562,613.219970703125,622.0,612.2999877929688,620.3800048828125,1684400
2025-01-14,614.9622802734375,623.7999877929688,623.989990234375,614.260009765625,615.0,1697300
2025-01-15,612.6456298828125,621.4500122070312,627.5,610.6099853515625,623.7999877929688,1938100
2025-01-16,598.66650390625,607.27001953125,623.75,606.75,623.3200073242188,2834100
2025-01-17,595.5709838867188,604.1300048828125,615.8699951171875,596.2000122070312,615.8699951171875,2836700
2025-01-21,600.7761840820312,609.4099731445312,611.0599975585938,602.6799926757812,605.989990234375,1665900
2025-01-22,603.01416015625,611.6799926757812,617.5399780273438,609.6799926757812,609.6799926757812,1213700
2025-01-23,589.8236083984375,598.2999877929688,608.7999877929688,597.489990234375,608.7999877929688,2241400
2025-01-24,589.4786376953125,597.9500122070312,602.530029296875,595.4400024414062,601.989990234375,1901200
2025-01-27,598.0257568359375,606.6199951171875,614.3900146484375,586.0,586.9600219726562,1985500
2025-01-28,592.1500854492188,600.6599731445312,613.7100219726562,600.1900024414062,608.6199951171875,1675000
2025-01-29,584.5888061523438,592.989990234375,603.5399780273438,590.1900024414062,599.6500244140625,1457500
2025-01-30,596.0343017578125,604.5999755859375,605.6599731445312,593.7000122070312,595.3400268554688,1219700
2025-01-31,592.9880981445312,601.510009765625,610.9000244140625,599.8599853515625,604.8800048828125,1640100
2025-02-03,592.2487182617188,600.760009765625,601.8300170898438,585.010009765625,600.4000244140625,2244500
2025-02-04,583.3367919921875,591.719970703125,608.47998046875,590.1199951171875,596.3400268554688,1737500
2025-02-05,579.9258422851562,588.260009765625,593.5900268554688,580.0999755859375,593.4199829101562,2134400
2025-02-06,581.83837890625,590.2000122070312,595.1599731445312,585.7999877929688,588.260009765625,1533900
2025-02-07,570.6491088867188,578.8499755859375,596.1799926757812,577.219970703125,590.5900268554688,1430900
2025-02-10,578.5260009765625,586.8400268554688,588.7999877929688,575.0,575.0,1571300
2025-02-11,577.5796508789062,585.8800048828125,591.97998046875,581.0900268554688,581.0900268554688,1856700
2025-02-12,568.3718872070312,576.5399780273438,580.969970703125,568.7100219726562,578.0700073242188,1737800
2025-02-13,575.6275634765625,583.9000244140625,592.0,579.0,580.5599975585938,1609900
2025-02-14,579.058349609375,587.3800048828125,591.3900146484375,580.0900268554688,584.6900024414062,1348800
2025-02-18,571.7236938476562,579.9400024414062,590.0399780273438,576.0599975585938,589.8599853515625,2053900
2025-02-19,573.94189453125,582.1900024414062,582.8800048828125,575.5900268554688,578.739990234375,2063000
2025-02-20,570.8759155273438,579.0800170898438,586.0999755859375,573.3900146484375,583.02001953125,2703900
2025-02-21,557.4586791992188,565.469970703125,582.1500244140625,561.25,580.5499877929688,2006400
2025-02-24,559.2036743164062,567.239990234375,572.75,563.2999877929688,565.9600219726562,2040900
2025-02-25,547.7581176757812,555.6300048828125,571.4199829101562,553.239990234375,567.3099975585938,3014500
2025-02-26,616.6480712890625,625.510009765625,638.989990234375,615.4400024414062,635.5,4674200
2025-02-27,591.9136352539062,600.4199829101562,627.989990234375,599.6300048828125,625.0,2451700
2025-02-28,605.1434326171875,613.8400268554688,614.8499755859375,598.3699951171875,600.9199829101562,2444400
2025-03-03,592.5740966796875,601.0900268554688,620.8099975585938,599.4000244140625,617.8599853515625,1597400
2025-03-04,589.5968627929688,598.0700073242188,608.9000244140625,587.280029296875,604.280029296875,2308200
2025-03-05,608.7614135742188,617.510009765625,618.4000244140625,601.2100219726562,608.9199829101562,1615200
2025-03-06,597.779296875,606.3699951171875,619.8499755859375,602.1199951171875,613.02001953125,1671000
2025-03-07,600.973388671875,609.6099853515625,614.6300048828125,594.530029296875,605.8599853515625,1689700
2025-03-10,571.5661010742188,579.780029296875,606.3499755859375,575.4400024414062,603.8900146484375,2375900
2025-03-11,578.3978271484375,586.7100219726562,595.1099853515625,577.3800048828125,579.780029296875,1909300
2025-03-12,582.7650146484375,591.1400146484375,597.27001953125,585.5900268554688,589.010009765625,1874700
2025-03-13,573.0841674804688,581.3200073242188,586.1799926757812,563.719970703125,586.0800170898438,2269800
2025-03-14,590.3164672851562,598.7999877929688,601.5399780273438,586.8300170898438,589.219970703125,2063100
2025-03-17,593.5796508789062,602.1099853515625,605.3300170898438,591.9199829101562,595.4199829101562,1558800
2025-03-18,590.5432739257812,599.030029296875,601.5599975585938,591.7999877929688,598.9000244140625,1230400
2025-03-19,594.5654907226562,603.1099853515625,609.0399780273438,597.510009765625,605.780029296875,1247700
2025-03-20,591.9136352539062,600.4199829101562,605.5800170898438,596.0900268554688,599.1099853515625,1088200
2025-03-21,595.4822387695312,604.0399780273438,605.25,590.02001953125,592.989990234375,2391400
2025-03-24,604.4041137695312,613.0900268554688,614.2899780273438,605.2899780273438,610.0,1703000
2025-03-25,609.9542236328125,618.719970703125,620.9299926757812,605.219970703125,611.52001953125,1126500
2025-03-26,606.14892578125,614.8599853515625,620.27001953125,613.0700073242188,618.780029296875,1715500
2025-03-27,606.5826416015625,615.2999877929688,620.6099853515625,612.3099975585938,615.489990234375,1206200
2025-03-28,590.434814453125,598.9199829101562,613.7899780273438,595.5499877929688,611.5700073242188,1574600
2025-03-31,605.2913208007812,613.989990234375,618.0,593.72998046875,600.3400268554688,3071400
2025-04-01,605.0843505859375,613.780029296875,617.1199951171875,606.1500244140625,610.8699951171875,1826500
2025-04-02,612.11328125,620.9099731445312,625.0,604.9600219726562,605.0599975585938,1604500
2025-04-03,590.0503540039062,598.530029296875,616.4199829101562,598.2000122070312,604.0,2833900
2025-04-04,553.5746459960938,561.530029296875,594.2100219726562,560.9400024414062,588.0999755859375,3335200
2025-04-07,548.3594360351562,556.239990234375,575.8900146484375,532.6500244140625,548.010009765625,2834700
2025-04-08,536.3619384765625,544.0700073242188,568.6099853515625,537.5499877929688,564.6300048828125,2764000
2025-04-09,588.0293579101562,596.47998046875,598.5499877929688,539.1199951171875,541.5399780273438,2883800
2025-04-10,570.2828979492188,577.469970703125,585.969970703125,558.6599731445312,583.0800170898438,2289100
2025-04-11,579.73388671875,587.0399780273438,588.4600219726562,569.469970703125,573.2899780273438,1479900
2025-04-14,586.1629028320312,593.5499877929688,600.0,585.8200073242188,600.0,1227400
2025-04-15,586.686279296875,594.0800170898438,600.5599975585938,591.3499755859375,598.969970703125,1177800
2025-04-16,580.760986328125,588.0800170898438,598.0700073242188,581.0800170898438,587.6500244140625,1985500
2025-04-17,578.0946044921875,585.3800048828125,593.9099731445312,584.8300170898438,592.0,1642900
2025-04-21,561.760498046875,568.8400268554688,581.3699951171875,559.0999755859375,578.4299926757812,1502600
2025-04-22,576.2971801757812,583.5599975585938,584.8400268554688,571.469970703125,574.1799926757812,1467500
2025-04-23,588.6318359375,596.0499877929688,608.72998046875,593.8099975585938,597.0,1744800
2025-04-24,607.1781005859375,614.8300170898438,617.0999755859375,596.6699829101562,598.8300170898438,1601000
2025-04-25,616.3524169921875,624.1199951171875,625.2100219726562,612.97998046875,616.0599975585938,1540600
2025-04-28,610.5357055664062,618.22998046875,628.5999755859375,614.5700073242188,623.3200073242188,1357300
2025-04-29,615.39453125,623.1500244140625,624.1900024414062,616.0800170898438,618.6799926757812,843300
2025-04-30,619.6607055664062,627.469970703125,629.2999877929688,610.219970703125,614.0900268554688,1315400
2025-05-01,615.4340209960938,623.1900024414062,635.1799926757812,622.4199829101562,624.5,1449900
2025-05-02,623.8182983398438,631.6799926757812,636.8099975585938,627.5499877929688,633.4600219726562,1367300
2025-05-05,624.3121337890625,632.1799926757812,641.510009765625,629.3900146484375,630.6699829101562,1434100
2025-05-06,618.752197265625,626.5499877929688,633.9099731445312,622.9400024414062,625.5,905800
2025-05-07,633.16064453125,641.1400146484375,642.469970703125,626.5999755859375,626.5999755859375,1650500
2025-05-08,647.9147338867188,656.0800170898438,662.489990234375,641.3099975585938,643.530029296875,2059800
2025-05-09,645.7420654296875,653.8800048828125,658.1900024414062,650.0700073242188,655.260009765625,1158800
2025-05-12,654.0571899414062,662.2999877929688,670.5999755859375,654.9199829101562,665.0,1842000
2025-05-13,648.6256713867188,656.7999877929688,661.3900146484375,651.72998046875,660.4400024414062,1560500
2025-05-14,644.7051391601562,652.8300170898438,660.469970703125,652.1099853515625,656.0,1947900
2025-05-15,653.07958984375,661.3099975585938,665.3699951171875,652.1599731445312,654.3200073242188,1548500
2025-05-16,661.93798828125,670.280029296875,672.8099975585938,662.1900024414062,672.8099975585938,1555200
2025-05-19,662.5106811523438,670.8599853515625,675.0,663.2000122070312,666.4600219726562,1327800
2025-05-20,662.8069458007812,671.1599731445312,671.5,663.22998046875,665.3800048828125,1047500
2025-05-21,651.7661743164062,659.97998046875,671.0700073242188,659.6099853515625,668.739990234375,1478800
2025-05-22,657.7803955078125,666.0700073242188,670.5599975585938,659.0,662.510009765625,2301200
2025-05-23,711.16748046875,720.1300048828125,734.1799926757812,714.0,720.0,5327700
2025-05-27,742.6014404296875,751.9600219726562,751.9600219726562,722.4500122070312,724.510009765625,4079800
2025-05-28,745.0604248046875,754.4500122070312,758.77001953125,751.0,752.0,2504600
2025-05-29,747.7958374023438,757.219970703125,759.5,746.8099975585938,759.5,1589700
2025-05-30,744.092529296875,753.469970703125,761.02001953125,747.27001953125,760.0,2887100
2025-06-02,755.4691772460938,764.989990234375,765.0800170898438,748.3400268554688,750.5499877929688,1870000
2025-06-03,755.1433715820312,764.6599731445312,768.0900268554688,758.1599731445312,762.8300170898438,1526800
2025-06-04,757.2665405273438,766.8099975585938,768.0599975585938,762.0,762.3300170898438,1280800
2025-06-05,757.0986938476562,766.6400146484375,773.4500122070312,763.8099975585938,766.0700073242188,1242200
2025-06-06,761.9772338867188,771.5800170898438,771.8599853515625,764.27001953125,770.1400146484375,1475300
2025-06-09,754.8668212890625,764.3800048828125,772.0,762.6400146484375,770.219970703125,1342400
2025-06-10,752.6151733398438,762.0999755859375,766.1900024414062,754.1099853515625,762.3599853515625,1422900
2025-06-11,755.232177734375,764.75,765.4600219726562,754.530029296875,758.8099975585938,1276500
2025-06-12,756.674072265625,766.2100219726562,770.77001953125,763.3499755859375,763.3499755859375,1300200
2025-06-13,744.59619140625,753.97998046875,763.010009765625,752.3400268554688,758.72998046875,1148000
2025-06-16,758.5208129882812,768.0800170898438,769.9199829101562,757.5700073242188,761.8200073242188,1428900
2025-06-17,755.3803100585938,764.9000244140625,769.6400146484375,761.6500244140625,768.4600219726562,1344500
2025-06-18,745.4357299804688,754.8300170898438,765.5900268554688,750.3800048828125,762.3699951171875,2223400
2025-06-20,751.6671142578125,761.1400146484375,762.3900146484375,755.0499877929688,760.6599731445312,2709400
2025-06-23,753.0595703125,762.5499877929688,765.0,754.4000244140625,759.6699829101562,1223300
2025-06-24,749.5834350585938,759.030029296875,771.1400146484375,758.1400146484375,769.1400146484375,1900400
2025-06-25,748.4279174804688,757.8599853515625,759.6199951171875,751.0599975585938,758.0599975585938,1531100
2025-06-26,763.2412109375,772.8599853515625,773.3800048828125,758.530029296875,759.3800048828125,1420100
2025-06-27,766.9050903320312,776.5700073242188,787.219970703125,771.1599731445312,771.1599731445312,2051800
2025-06-30,777.8274536132812,787.6300048828125,790.5,779.1300048828125,782.52001953125,1946900
2025-07-01,769.9072875976562,779.6099853515625,790.5999755859375,765.8099975585938,788.7000122070312,1923800
2025-07-02,764.0708618164062,773.7000122070312,775.3300170898438,765.9099731445312,773.9000244140625,1493000
2025-07-03,770.9244384765625,780.6400146484375,784.5399780273438,776.6900024414062,777.5700073242188,823000
2025-07-07,773.857421875,783.6099853515625,788.1300048828125,778.760009765625,780.27001953125,1296000
2025-07-08,771.7539672851562,781.47998046875,784.6199951171875,775.8400268554688,784.5700073242188,1437600
2025-07-09,760.0120239257812,769.5900268554688,783.0,766.0499877929688,782.6699829101562,1486200
2025-07-10,739.5913696289062,747.9000244140625,769.97998046875,745.1300048828125,768.4299926757812,1783700
2025-07-11,739.5913696289062,747.9000244140625,751.8599853515625,743.5,745.5499877929688,1047800
2025-07-14,744.3875122070312,752.75,758.8599853515625,747.5,749.5900268554688,1114900
2025-07-15,737.6630859375,745.9500122070312,754.5,742.8900146484375,750.9099731445312,1452400
2025-07-16,742.3800048828125,750.719970703125,751.7999877929688,742.3900146484375,751.7999877929688,1263100
2025-07-17,746.9783325195312,755.3699951171875,756.4500122070312,748.9099731445312,749.2100219726562,1071300
2025-07-18,744.268798828125,752.6300048828125,763.22998046875,750.8400268554688,763.22998046875,1509400
2025-07-21,755.2059326171875,763.6900024414062,767.9299926757812,751.510009765625,753.989990234375,1411800
2025-07-22,758.2616577148438,766.780029296875,771.1199951171875,760.2999877929688,767.4500122070312,1027400
2025-07-23,767.3792114257812,776.0,778.0599975585938,759.530029296875,765.7899780273438,1939600
2025-07-24,772.5313110351562,781.2100219726562,784.1699829101562,775.280029296875,778.0,1379900
2025-07-25,777.21875,785.9500122070312,790.5,780.5,782.9099731445312,1406400
2025-07-28,789.856689453125,798.72998046875,800.5,783.0,785.030029296875,1933200
2025-07-29,797.3822021484375,806.3400268554688,807.9299926757812,794.8300170898438,804.47998046875,1693800
2025-07-30,798.4204711914062,807.3900146484375,813.7000122070312,800.9600219726562,804.8699951171875,1606400
2025-07-31,776.4077758789062,785.1300048828125,807.1500244140625,783.9400024414062,807.1500244140625,1779100
2025-08-01,767.5275268554688,776.1500244140625,787.3699951171875,772.3499755859375,786.1400146484375,1490100
2025-08-04,776.1506958007812,784.8699951171875,790.5399780273438,781.3099975585938,784.1799926757812,1484400
2025-08-05,760.7239990234375,769.27001953125,794.0900268554688,767.9199829101562,785.4199829101562,1257800
2025-08-06,770.8106079101562,779.469970703125,779.6699829101562,765.6799926757812,773.8699951171875,1154700
2025-08-07,753.1490478515625,761.6099853515625,786.280029296875,752.0399780273438,783.47998046875,1435900
2025-08-08,740.67919921875,749.0,762.47998046875,747.25,760.5,1670200
2025-08-11,698.2459106445312,706.0900268554688,750.5499877929688,702.6799926757812,747.6199951171875,3195300
2025-08-12,705.5537109375,713.47998046875,714.469970703125,699.0599975585938,707.1400146484375,2146000
2025-08-13,703.8034057617188,711.7100219726562,717.5499877929688,703.9600219726562,713.47998046875,1602400
2025-08-14,702.7453002929688,710.6400146484375,715.97998046875,706.1199951171875,711.989990234375,1241000
2025-08-15,708.7775268554688,716.739990234375,720.0900268554688,707.5,712.3400268554688,1751700
2025-08-18,709.2423095703125,717.2100219726562,721.5399780273438,714.8499755859375,717.0999755859375,1628800
2025-08-19,693.2420654296875,701.030029296875,719.0999755859375,698.77001953125,715.0800170898438,2582100
2025-08-20,691.3829956054688,699.1500244140625,705.0999755859375,695.6900024414062,703.97998046875,2096200
2025-08-21,690.0084228515625,697.760009765625,701.0,692.8300170898438,697.010009765625,2511500
2025-08-22,655.2982788085938,662.6599731445312,670.3900146484375,642.52001953125,655.0,6368800
2025-08-25,649.6616821289062,656.9600219726562,670.4299926757812,655.75,664.989990234375,2201500
2025-08-26,652.2129516601562,659.5399780273438,666.4199829101562,656.4400024414062,658.0,3762900
2025-08-27,655.8026733398438,663.1699829101562,664.3300170898438,654.3599853515625,661.7999877929688,1690200
2025-08-28,660.77685546875,668.2000122070312,674.6199951171875,661.97998046875,663.6599731445312,2071100
2025-08-29,659.5900268554688,667.0,673.739990234375,664.3499755859375,668.2000122070312,1594100
2025-09-02,654.6357421875,661.989990234375,664.6699829101562,655.0800170898438,655.260009765625,1679900
2025-09-03,661.2514038085938,668.6799926757812,669.9199829101562,658.3099975585938,665.2899780273438,1986900
2025-09-04,660.86572265625,668.2899780273438,671.8099975585938,659.22998046875,665.0,1719100
2025-09-05,665.3455200195312,672.8200073242188,677.0,667.25,672.219970703125,1614100
2025-09-08,664.2180786132812,671.6799926757812,679.4000244140625,667.9600219726562,676.5800170898438,1558700
2025-09-09,663.4368896484375,670.8900146484375,673.7000122070312,664.760009765625,669.3099975585938,1254900
2025-09-10,648.9694213867188,656.260009765625,670.0,653.3499755859375,669.3900146484375,2789400
2025-09-11,653.1821899414062,660.52001953125,666.3900146484375,656.9099731445312,660.2899780273438,2201300
2025-09-12,638.8530883789062,646.030029296875,660.4000244140625,645.3099975585938,658.4600219726562,2202100
2025-09-15,644.09423828125,651.3300170898438,652.6400146484375,640.260009765625,647.3599853515625,2186900
2025-09-16,644.0645141601562,651.2999877929688,655.1099853515625,644.4600219726562,651.8400268554688,1578400
2025-09-17,655.3179931640625,662.6799926757812,666.030029296875,652.5,653.6799926757812,1861000
2025-09-18,667.461669921875,674.9600219726562,693.3800048828125,665.5399780273438,667.0800170898438,3006800
2025-09-19,680.2777099609375,687.9199829101562,700.0,682.9600219726562,692.8599853515625,4226700
2025-09-22,694.290283203125,702.0900268554688,705.0800170898438,685.5499877929688,686.530029296875,2403400
2025-09-23,691.41259765625,699.1799926757812,702.5399780273438,694.219970703125,699.7999877929688,2400000
2025-09-24,687.0713500976562,694.7899780273438,703.7100219726562,688.9600219726562,703.7100219726562,1727800
2025-09-25,684.98486328125,692.6799926757812,695.7899780273438,683.530029296875,691.5900268554688,1548000
2025-09-26,690.5028686523438,698.260009765625,700.0,690.219970703125,692.6900024414062,1480500
2025-09-29,686.9725341796875,694.6900024414062,703.9600219726562,691.469970703125,700.0499877929688,1816500
2025-09-30,675.3233642578125,682.9099731445312,702.1199951171875,680.1199951171875,697.02001953125,2378600
2025-10-01,671.9512329101562,679.5,686.1900024414062,674.0800170898438,679.8400268554688,2151600
2025-10-02,674.2850341796875,681.8599853515625,682.9500122070312,668.3599853515625,676.77001953125,2289100
2025-10-03,672.3862915039062,679.9400024414062,688.3699951171875,677.0599975585938,677.0599975585938,1293900
2025-10-06,662.6458129882812,670.0900268554688,676.1699829101562,658.3300170898438,667.02001953125,2538400
2025-10-07,650.68017578125,657.989990234375,671.72998046875,654.3400268554688,670.9199829101562,1597800
2025-10-08,650.4923095703125,657.7999877929688,664.0,655.22998046875,659.5700073242188,1699800
2025-10-09,638.9209594726562,644.9199829101562,658.0,643.1599731445312,655.0,1698300
2025-10-10,635.820068359375,641.7899780273438,653.1799926757812,641.22998046875,645.4000244140625,3059300
2025-10-13,649.5808715820312,655.6799926757812,656.469970703125,642.6400146484375,643.2000122070312,1344900
2025-10-14,651.0470581054688,657.1599731445312,660.7100219726562,644.4500122070312,645.8200073242188,1243700
2025-10-15,646.61865234375,652.6900024414062,657.4199829101562,647.760009765625,657.0999755859375,1693000
2025-10-16,640.9716796875,646.989990234375,659.4000244140625,642.739990234375,659.2100219726562,1248000
2025-10-17,655.23779296875,661.3900146484375,662.27001953125,646.8400268554688,647.5700073242188,1812900
2025-10-20,658.5863037109375,664.77001953125,668.8599853515625,658.489990234375,663.280029296875,1205800
2025-10-21,668.7607421875,675.0399780273438,676.8800048828125,661.0,665.6699829101562,1201600
2025-10-22,664.530517578125,670.77001953125,682.469970703125,670.4299926757812,674.2000122070312,1272000
2025-10-23,671.4158935546875,677.719970703125,680.97998046875,669.5599975585938,671.4600219726562,1474300
2025-10-24,676.7359619140625,683.0900268554688,688.0,680.219970703125,684.260009765625,1027700
2025-10-27,677.0331420898438,683.3900146484375,689.1699829101562,677.2899780273438,686.969970703125,1318200
2025-10-28,672.6145629882812,678.9299926757812,688.9000244140625,678.25,684.72998046875,1103300
2025-10-29,649.9375,656.0399780273438,669.6199951171875,649.0999755859375,667.5800170898438,1990900
2025-10-30,650.0762329101562,656.1799926757812,665.9299926757812,652.5,653.0800170898438,1435200
2025-10-31,661.3405151367188,667.5499877929688,671.8900146484375,653.7899780273438,656.0,1585500
2025-11-03,669.9000244140625,676.1900024414062,677.1199951171875,660.5700073242188,669.27001953125,1270500
2025-11-04,654.2767944335938,660.4199829101562,676.1900024414062,653.5399780273438,676.1900024414062,1542700
2025-11-05,649.2341918945312,655.3300170898438,662.5900268554688,653.719970703125,656.8499755859375,1467100
2025-11-06,647.5598754882812,653.6400146484375,659.3599853515625,640.5700073242188,649.0,1866300
2025-11-07,642.8143920898438,648.8499755859375,654.6099853515625,633.469970703125,653.75,1697700
2025-11-10,647.1932983398438,653.27001953125,654.2899780273438,645.4199829101562,649.5399780273438,1530500
2025-11-11,648.2335205078125,654.3200073242188,657.47998046875,648.7999877929688,653.02001953125,1150100
2025-11-12,653.1671752929688,659.2999877929688,661.510009765625,651.719970703125,655.489990234375,1575200
2025-11-13,644.0626831054688,650.1099853515625,662.5800170898438,649.0,655.510009765625,1779300
2025-11-14,656.2482299804688,662.4099731445312,666.8200073242188,644.3599853515625,650.5700073242188,1438300
2025-11-17,639.9710693359375,645.97998046875,664.0,643.5,662.510009765625,1441500
2025-11-18,643.6861572265625,649.72998046875,662.0,644.1500244140625,655.7999877929688,2437200
2025-11-19,644.5679321289062,650.6199951171875,656.8099975585938,645.8699951171875,648.5800170898438,1288100
2025-11-20,631.5105590820312,637.4400024414062,664.5399780273438,637.4400024414062,653.6199951171875,2516600
2025-11-21,656.9814453125,663.1500244140625,682.27001953125,659.510009765625,669.5999755859375,3802200
2025-11-24,647.1536254882812,653.22998046875,671.010009765625,647.1500244140625,665.3800048828125,3184200
2025-11-25,642.0416870117188,648.0700073242188,658.469970703125,640.3400268554688,651.9500122070312,1921900
2025-11-26,623.27783203125,629.1300048828125,651.8800048828125,619.8200073242188,647.4299926757812,2283300
2025-11-28,628.1818237304688,634.0800170898438,634.9199829101562,626.5,629.1300048828125,872900
2025-12-01,625.7446899414062,631.6199951171875,635.9000244140625,627.1400146484375,629.1099853515625,1864900
2025-12-02,629.7174072265625,635.6300048828125,635.739990234375,623.989990234375,632.3900146484375,1537300
2025-12-03,641.6552734375,647.6799926757812,648.0999755859375,629.9000244140625,630.8599853515625,1778900
2025-12-04,656.9120483398438,663.0800170898438,665.3200073242188,647.510009765625,648.5900268554688,2174200
2025-12-05,667.3638916015625,673.6300048828125,676.5999755859375,663.5399780273438,664.47998046875,2356400
2025-12-08,650.1356811523438,656.239990234375,671.780029296875,653.739990234375,671.0399780273438,1878900
2025-12-09,649.6502075195312,655.75,660.77001953125,650.469970703125,653.4199829101562,1386700
2025-12-10,656.2681274414062,662.4299926757812,669.4299926757812,652.75,653.9500122070312,1596400
2025-12-11,669.7217407226562,676.010009765625,678.3300170898438,657.9199829101562,659.4299926757812,2815300
2025-12-12,664.6890258789062,670.9299926757812,681.2000122070312,666.8699951171875,679.4000244140625,1940900
2025-12-15,648.5108642578125,654.5999755859375,671.3699951171875,653.02001953125,670.0399780273438,1707100
2025-12-16,663.1237182617188,669.3499755859375,671.510009765625,648.2100219726562,654.3900146484375,1775000
2025-12-17,654.6334838867188,660.780029296875,676.2100219726562,660.1599731445312,671.02001953125,2237300
2025-12-18,662.6581420898438,668.8800048828125,676.5399780273438,661.5,663.75,2040200
2025-12-19,665.0556030273438,671.2999877929688,675.5999755859375,665.4400024414062,667.7999877929688,4555500
2025-12-22,668.9292602539062,675.2100219726562,679.260009765625,671.0,675.219970703125,1184300
2025-12-23,667.869140625,674.1400146484375,676.0,666.4000244140625,671.6400146484375,954300
2025-12-24,668.5527954101562,674.8300170898438,676.5,672.030029296875,672.6699829101562,334100
2025-12-26,670.2567138671875,676.5499877929688,678.1300048828125,673.22998046875,674.3400268554688,555000
2025-12-29,667.8790893554688,674.1500244140625,678.5700073242188,670.989990234375,672.7999877929688,885900
2025-12-30,663.6488037109375,669.8800048828125,674.27001953125,668.5999755859375,671.5599975585938,1192200
2025-12-31,656.2581176757812,662.4199829101562,669.7999877929688,662.2100219726562,668.02001953125,948500
2026-01-02,623.6047973632812,629.4600219726562,661.989990234375,622.22998046875,660.5999755859375,2738700
2026-01-05,627.9440307617188,633.8400268554688,639.52001953125,619.7000122070312,629.4600219726562,2170700
2026-01-06,641.1797485351562,647.2000122070312,649.239990234375,627.719970703125,630.2000122070312,2564200
2026-01-07,645.0930786132812,651.1500244140625,657.239990234375,645.5900268554688,650.0,1396400
2026-01-08,646.6781005859375,652.75,657.8099975585938,638.75,640.5999755859375,1651400
2026-01-09,642.0629272460938,646.9000244140625,652.7100219726562,636.0,650.4500122070312,1304600
2026-01-12,630.6885986328125,635.4400024414062,642.9600219726562,628.6400146484375,640.0999755859375,1601200
2026-01-13,600.754150390625,605.280029296875,637.260009765625,604.3900146484375,632.0999755859375,2656800
2026-01-14,562.3633422851562,566.5999755859375,592.6599731445312,556.6599731445312,590.989990234375,4834000
2026-01-15,550.4332275390625,554.5800170898438,571.3400268554688,551.6300048828125,565.780029296875,3405000
2026-01-16,541.2127075195312,545.2899780273438,554.0,535.0999755859375,552.780029296875,4773200
2026-01-20,524.994873046875,528.9500122070312,540.9099731445312,526.739990234375,537.760009765625,3588800
2026-01-21,520.9949340820312,524.9199829101562,537.4199829101562,520.6900024414062,532.0,2643600
2026-01-22,543.5947265625,547.6900024414062,548.25,526.8400268554688,526.8400268554688,3228300
2026-01-23,559.7529907226562,563.969970703125,564.5700073242188,545.719970703125,546.8200073242188,3274000
2026-01-26,557.5694580078125,561.77001953125,569.3800048828125,561.6799926757812,564.1500244140625,2111600
2026-01-27,541.3218994140625,545.4000244140625,561.5700073242188,537.3400268554688,560.5800170898438,2459200
2026-01-28,534.6719970703125,538.7000122070312,553.0,537.3499755859375,548.77001953125,2261400
2026-01-29,499.21905517578125,502.9800109863281,513.719970703125,491.7200012207031,512.4600219726562,5915400
2026-01-30,495.1894226074219,498.9200134277344,506.1099853515625,496.6600036621094,501.5,3885500
2026-02-02,483.4776306152344,487.1199951171875,502.6199951171875,486.6199951171875,500.4100036621094,2880600
2026-02-03,430.8441467285156,434.0899963378906,469.989990234375,427.260009765625,468.5,7569100
2026-02-04,442.3078308105469,445.6400146484375,450.489990234375,411.1099853515625,427.94000244140625,6971000
2026-02-05,431.65802001953125,434.9100036621094,460.4200134277344,431.1400146484375,448.5,5211300
2026-02-06,440.4517517089844,443.7699890136719,448.0,435.3999938964844,437.1199951171875,3645600
2026-02-09,434.2286682128906,437.5,441.1600036621094,430.94000244140625,438.6700134277344,3720500
2026-02-10,418.2391357421875,421.3900146484375,451.0899963378906,420.3599853515625,434.6499938964844,5184000
2026-02-11,396.7013854980469,399.69000244140625,422.0,392.3800048828125,419.6000061035156,6089000
2026-02-12,394.98431396484375,397.9599914550781,409.0,391.1499938964844,397.95001220703125,4334000
2026-02-13,396.4135437011719,399.3999938964844,407.3900146484375,389.32000732421875,397.0199890136719,4888300
2026-02-17,376.3348083496094,379.1700134277344,397.0,375.3999938964844,393.0799865722656,5481300
2026-02-18,386.6570739746094,389.57000732421875,398.1300048828125,375.5,380.25,4526900
2026-02-19,378.6871032714844,381.5400085449219,390.5,379.1600036621094,390.5,2961700
2026-02-20,377.7044677734375,380.54998779296875,392.9599914550781,378.8800048828125,380.8800048828125,4122800
2026-02-23,356.86151123046875,359.54998779296875,374.95001220703125,349.0,374.95001220703125,5495900
2026-02-24,356.0278015136719,358.7099914550781,372.8399963378906,356.5199890136719,368.010009765625,6576000
2026-02-25,378.3794250488281,381.2300109863281,381.5899963378906,353.5299987792969,356.54998779296875,5299400
2026-02-26,391.4707946777344,394.4200134277344,406.8699951171875,385.55999755859375,388.0,9787200
2026-02-27,405.9715270996094,409.0299987792969,409.6300048828125,384.67999267578125,384.67999267578125,8184700
2026-03-02,415.9265441894531,419.05999755859375,429.6300048828125,401.45001220703125,402.45001220703125,5673400
2026-03-03,430.1097106933594,433.3500061035156,438.5,411.6000061035156,414.5899963378906,5902600
2026-03-04,436.84893798828125,440.1400146484375,442.04998779296875,427.1499938964844,432.95001220703125,4242200
2026-03-05,463.2996520996094,466.7900085449219,471.3800048828125,438.92999267578125,439.1700134277344,7369500
2026-03-06,477.5721435546875,481.1700134277344,483.2099914550781,463.6000061035156,467.0,5508900
2026-03-09,470.1282043457031,473.6700134277344,481.0,466.1000061035156,475.7099914550781,3985900
2026-03-10,450.5556640625,453.95001220703125,475.0,448.2699890136719,474.010009765625,5013200
2026-03-11,437.1566162109375,440.45001220703125,458.5,435.510009765625,458.1000061035156,2863500
2026-03-12,431.87640380859375,435.1300048828125,450.6499938964844,434.42999267578125,440.3999938964844,3543800
2026-03-13,436.6702575683594,439.9599914550781,441.94000244140625,428.989990234375,431.92999267578125,2340000
2026-03-16,448.92791748046875,452.30999755859375,455.8900146484375,442.1099853515625,445.32000732421875,3051500
2026-03-17,455.8458251953125,459.2799987792969,474.7699890136719,454.5,455.0799865722656,2532900
2026-03-18,443.44921875,446.7900085449219,458.989990234375,443.2900085449219,450.57000732421875,2467300
2026-03-19,451.83599853515625,455.239990234375,470.0,451.5400085449219,452.8800048828125,2598500
2026-03-20,452.15362548828125,455.55999755859375,462.8599853515625,440.6700134277344,444.489990234375,4718500
2026-03-23,453.6026916503906,457.0199890136719,464.989990234375,449.7300109863281,456.0,3124700
2026-03-24,429.2164306640625,432.45001220703125,452.8500061035156,431.20001220703125,451.3699951171875,2824600
2026-03-25,423.668212890625,426.8599853515625,442.5,417.2099914550781,438.260009765625,2212600
2026-03-26,429.3156433105469,432.54998779296875,443.6199951171875,423.79998779296875,423.79998779296875,2192900
2026-03-27,413.3261413574219,416.44000244140625,427.4700012207031,409.5,426.489990234375,2649900
2026-03-30,425.8219909667969,429.0299987792969,432.2900085449219,418.3999938964844,419.3900146484375,2296300
2026-03-31,429.1469421386719,432.3800048828125,435.4100036621094,420.69000244140625,428.239990234375,3293300
2026-04-01,422.6856384277344,425.8699951171875,431.6199951171875,413.75,431.260009765625,2743600
2026-04-02,419.32098388671875,422.4800109863281,436.5899963378906,420.489990234375,430.94000244140625,2554800
2026-04-06,414.2392578125,417.3599853515625,422.6199951171875,411.20001220703125,419.9200134277344,2182700
2026-04-07,407.1724853515625,410.239990234375,418.9599914550781,407.510009765625,413.6199951171875,2154100
2026-04-08,386.5975036621094,389.510009765625,417.20001220703125,386.2099914550781,416.79998779296875,4716200
2026-04-09,360.09490966796875,361.69000244140625,382.0299987792969,354.54998779296875,380.20001220703125,7471800
2026-04-10,349.3923034667969,350.94000244140625,360.3999938964844,342.1099853515625,359.7900085449219,7791200
2026-04-13,367.81072998046875,369.44000244140625,370.45001220703125,352.010009765625,354.5,3483700
2026-04-14,365.1823425292969,366.79998779296875,378.4700012207031,364.3299865722656,373.6300048828125,2483200
2026-04-15,388.00128173828125,389.7200012207031,392.04998779296875,372.760009765625,375.0,3352800
2026-04-16,385.40277099609375,387.1099853515625,405.0,385.70001220703125,400.5,2675500
2026-04-17,391.5157165527344,393.25,399.20001220703125,389.2099914550781,396.25,3186300
2026-04-20,403.04461669921875,404.8299865722656,404.8699951171875,391.9100036621094,393.8999938964844,2814300
2026-04-21,403.0645446777344,404.8500061035156,419.0,400.6700134277344,407.82000732421875,3137700
2026-04-22,406.8776550292969,408.67999267578125,413.7799987792969,402.7200012207031,405.510009765625,3354300
2026-04-23,381.6095886230469,383.29998779296875,385.82000732421875,373.9599914550781,385.0,3900200
2026-04-24,394.2038269042969,395.95001220703125,396.7300109863281,381.0,381.8699951171875,2336200
2026-04-27,388.2004089355469,389.9200134277344,398.989990234375,384.67999267578125,390.04998779296875,2380800
2026-04-28,398.6142578125,400.3800048828125,404.2099914550781,396.6000061035156,398.0,2225100
2026-04-29,393.3376159667969,395.0799865722656,396.8999938964844,389.010009765625,396.69000244140625,1885000
2026-04-30,386.7866516113281,388.5,390.19000244140625,380.0,382.0,2450900
2026-05-01,397.2801818847656,399.0400085449219,408.4200134277344,386.7799987792969,402.20001220703125,2102000
2026-05-04,405.1950988769531,406.989990234375,418.1499938964844,399.3999938964844,400.260009765625,2379700
2026-05-05,396.5633544921875,398.32000732421875,404.6300048828125,390.3399963378906,404.6300048828125,2078400
2026-05-06,386.83642578125,388.54998779296875,398.2799987792969,381.510009765625,390.0,2247700
2026-05-07,404.9860534667969,406.7799987792969,411.79998779296875,395.0,395.3800048828125,2200400
2026-05-08,394.5622253417969,396.30999755859375,399.7099914550781,385.20001220703125,395.5400085449219,2348500
2026-05-11,391.5555419921875,393.2900085449219,400.0799865722656,389.0,392.5199890136719,1622500
2026-05-12,386.0299987792969,387.739990234375,396.1600036621094,385.5899963378906,395.05999755859375,2575200
2026-05-13,370.0707092285156,371.7099914550781,384.8699951171875,369.55999755859375,383.20001220703125,3494300
2026-05-14,376.6217041015625,378.2900085449219,385.8299865722656,366.29998779296875,371.6600036621094,2461900
2026-05-15,391.2668151855469,393.0,399.3900146484375,384.6700134277344,384.6700134277344,3524200
2026-05-18,401.38201904296875,403.1600036621094,407.760009765625,387.5199890136719,391.8299865722656,2637200
2026-05-19,397.94720458984375,399.7099914550781,423.989990234375,397.9100036621094,419.05999755859375,3192700
2026-05-20,382.23681640625,383.92999267578125,390.5,374.9100036621094,384.45001220703125,6992600
2026-05-21,305.7157897949219,307.07000732421875,315.510009765625,302.3599853515625,312.2900085449219,22353500
2026-05-22,318.5290222167969,319.94000244140625,321.0400085449219,306.510009765625,307.7200012207031,12480800
2026-05-26,303.0077819824219,304.3500061035156,317.05999755859375,302.3800048828125,314.4700012207031,9770100
2026-05-27,306.37286376953125,307.7300109863281,314.70001220703125,300.5,301.5899963378906,7921500
2026-05-28,311.61962890625,313.0,319.0,303.1099853515625,307.9599914550781,7492200
2026-05-29,330.0679016113281,331.5299987792969,332.5199890136719,315.0,317.0299987792969,8922600
2026-06-01,352.19989013671875,353.760009765625,363.17999267578125,337.5799865722656,338.70001220703125,6565200
2026-06-02,320.7193298339844,322.1400146484375,332.42999267578125,315.5,329.8800048828125,7382800
2026-06-03,310.0664978027344,311.44000244140625,319.5199890136719,310.2900085449219,319.5199890136719,5722600
2026-06-04,300.6482238769531,301.9800109863281,321.1099853515625,301.04998779296875,319.80999755859375,7030000
2026-06-05,295.4512634277344,296.760009765625,307.0,293.6700134277344,303.82000732421875,6306300
2026-06-08,304.16265869140625,305.510009765625,306.0400085449219,291.239990234375,295.20001220703125,5587400
2026-06-09,292.484375,293.7799987792969,308.739990234375,291.17999267578125,299.1000061035156,4922900
2026-06-10,282.966552734375,284.2200012207031,292.3800048828125,281.92999267578125,286.67999267578125,6158300
2026-06-11,275.68878173828125,276.9100036621094,283.0,273.2699890136719,279.8599853515625,6120400
2026-06-12,275.50958251953125,276.7300109863281,276.8599853515625,268.010009765625,276.0199890136719,5153700
2026-06-15,280.52734375,281.7699890136719,287.69000244140625,276.2099914550781,277.760009765625,5098600
2026-06-16,279.75079345703125,280.989990234375,284.79998779296875,275.3800048828125,282.20001220703125,4813900
2026-06-17,267.893310546875,269.0799865722656,285.8900146484375,268.4800109863281,279.8500061035156,4709900
2026-06-18,265.8224792480469,267.0,269.8699951171875,259.2300109863281,261.0,10059100
2026-06-22,256.6331787109375,257.7699890136719,267.42999267578125,252.83999633789062,259.4200134277344,6358200
2026-06-23,256.9119567871094,258.04998779296875,263.6700134277344,255.64999389648438,262.3399963378906,5781700
2026-06-24,261.0834655761719,262.239990234375,270.4599914550781,256.05999755859375,258.1199951171875,5249500
2026-06-25,253.9451141357422,255.07000732421875,262.3599853515625,253.2100067138672,256.2699890136719,4314600
2026-06-26,266.539306640625,267.7200012207031,271.1199951171875,259.3800048828125,260.32000732421875,10779200
2026-06-29,265.2251281738281,266.3999938964844,277.57000732421875,265.2300109863281,274.04998779296875,5402100
2026-06-30,259.84893798828125,261.0,266.1099853515625,259.1099853515625,263.4700012207031,5260600
2026-07-01,265.9021301269531,267.0799865722656,276.1499938964844,266.44000244140625,270.1400146484375,4807400
2026-07-02,274.13568115234375,275.3500061035156,277.30999755859375,268.95001220703125,269.25,5046900
2026-07-06,270.9398498535156,272.1400146484375,274.9599914550781,263.6600036621094,271.9200134277344,5539900
2026-07-07,279.9300231933594,281.1700134277344,283.7900085449219,274.3599853515625,280.5299987792969,4819000
2026-07-08,270.8999938964844,272.1000061035156,279.1700134277344,269.05999755859375,279.1700134277344,4290400
2026-07-09,273.3800048828125,273.3800048828125,273.8599853515625,259.3699951171875,260.6300048828125,4013300
2026-07-10,274.9599914550781,274.9599914550781,280.3500061035156,272.3500061035156,278.1700134277344,2574500
2026-07-13,289.760009765625,289.760009765625,296.0,278.70001220703125,278.70001220703125,6564700
2026-07-14,282.42999267578125,282.42999267578125,287.6199951171875,271.70001220703125,273.4800109863281,5302600
2026-07-15,279.70001220703125,279.70001220703125,289.5,278.7300109863281,287.6000061035156,3391000
2026-07-16,294.7900085449219,294.7900085449219,298.45001220703125,277.57000732421875,286.0,5043000
2026-07-17,291.0899963378906,291.0899963378906,302.07000732421875,290.010009765625,295.1000061035156,3629400
2026-07-20,293.82000732421875,293.82000732421875,295.4100036621094,279.44000244140625,284.510009765625,4583800
2026-07-21,289.9200134277344,289.9200134277344,295.3800048828125,278.9599914550781,280.05999755859375,3176600
2026-07-22,284.4700012207031,284.4700012207031,296.44000244140625,284.0,294.54998779296875,3005300
2026-07-23,281.5299987792969,281.5299987792969,289.8900146484375,278.94000244140625,289.1000061035156,2494800
2026-07-24,296.3299865722656,296.3299865722656,296.70001220703125,286.29998779296875,286.6400146484375,3457400
2026-07-27,303.9100036621094,303.9100036621094,310.1199951171875,299.6300048828125,304.9599914550781,3828000
2026-07-28,312.989990234375,312.989990234375,319.989990234375,305.7300109863281,305.7300109863281,5763200
2026-07-29,333.1300048828125,333.1300048828125,336.94000244140625,313.4599914550781,313.4599914550781,5976900
2026-07-30,315.5,315.5,318.989990234375,303.79998779296875,317.0,4683000
2026-07-31,316.07000732421875,316.07000732421875,317.5299987792969,306.80999755859375,310.42999267578125,3118100
2026-08-03,318.3900146484375,318.3900146484375,331.1499938964844,317.7699890136719,324.3500061035156,4036200
2026-08-04,323.6000061035156,323.6000061035156,324.3699951171875,309.04998779296875,311.19000244140625,3491400
2026-08-05,327.94000244140625,327.94000244140625,328.7900085449219,320.44000244140625,327.30999755859375,3650700
2026-08-06,321.9100036621094,321.9100036621094,322.6499938964844,316.04998779296875,319.70001220703125,2956500
2026-08-07,325.25,325.25,336.29998779296875,324.6400146484375,327.0,2977700
2026-08-10,334.42999267578125,334.42999267578125,334.5,321.6600036621094,322.82000732421875,2701200
2026-08-11,336.44000244140625,336.44000244140625,338.0899963378906,330.17999267578125,332.2699890136719,2889500
2026-08-12,334.7099914550781,334.7099914550781,336.9800109863281,328.6000061035156,331.7900085449219,2547200
2026-08-13,358.2900085449219,358.2900085449219,361.1000061035156,336.7799987792969,336.95001220703125,4610700
2026-08-14,345.6600036621094,345.6600036621094,362.0,344.95001220703125,362.0,3226900
2026-08-17,335.6000061035156,335.6000061035156,344.5799865722656,332.1000061035156,339.0799865722656,3531600
2026-08-18,350.4100036621094,350.4100036621094,355.8599853515625,343.0,348.010009765625,3894100
2026-08-19,362.4700012207031,362.4700012207031,365.3800048828125,349.32000732421875,349.32000732421875,4018300
2026-08-20,361.8699951171875,361.8699951171875,366.6300048828125,358.3900146484375,363.0899963378906,3288900
2026-08-21,367.0,367.0,371.70001220703125,360.07000732421875,364.94000244140625,3448600
2026-08-24,369.9200134277344,369.9200134277344,372.9800109863281,365.010009765625,366.4700012207031,3138900
2026-08-25,357.4599914550781,357.4599914550781,367.8500061035156,356.0199890136719,364.3500061035156,7200900
2026-08-26,345.8800048828125,345.8800048828125,351.3900146484375,322.57000732421875,323.4700012207031,11443000
2026-08-27,348.0,348.0,355.5,335.0,353.5400085449219,4748400
2026-08-28,358.05999755859375,358.05999755859375,358.42999267578125,345.25,347.82000732421875,4120100
2026-08-31,359.29998779296875,359.29998779296875,365.7699890136719,355.07000732421875,356.04998779296875,3082600
2026-09-01,344.92999267578125,344.92999267578125,357.2099914550781,343.0,353.1000061035156,2672500
2026-09-02,342.94000244140625,342.94000244140625,348.3999938964844,339.32000732421875,346.30999755859375,3134000
2026-09-03,344.29998779296875,344.29998779296875,363.70001220703125,340.82000732421875,351.92999267578125,3695700
2026-09-04,332.70001220703125,332.70001220703125,346.0,330.1199951171875,341.3599853515625,3538800
2026-09-08,318.92999267578125,318.92999267578125,327.0,313.04998779296875,326.0899963378906,4468900
2026-09-09,313.94000244140625,313.94000244140625,321.30999755859375,312.79998779296875,319.07000732421875,2417100
2026-09-10,314.9700012207031,314.9700012207031,317.3900146484375,309.79998779296875,314.0299987792969,870441
