Price,Adj Close,Close,High,Low,Open,Volume
Ticker,ITW,ITW,ITW,ITW,ITW,ITW
Date,,,,,,
2021-09-10,194.4338836669922,218.77999877929688,221.16000366210938,218.63999938964844,220.86000061035156,649500
2021-09-13,194.94052124023438,219.35000610351562,221.0,217.3800048828125,220.4199981689453,824400
2021-09-14,192.91421508789062,217.07000732421875,220.4600067138672,216.30999755859375,219.9600067138672,890800
2021-09-15,195.6958770751953,220.1999969482422,220.5800018310547,216.25999450683594,216.7899932861328,987200
2021-09-16,193.59852600097656,217.83999633789062,220.1300048828125,217.60000610351562,219.85000610351562,851900
2021-09-17,191.86550903320312,215.88999938964844,217.05999755859375,214.55999755859375,216.4600067138672,2025500
2021-09-20,191.4922332763672,215.47000122070312,215.64999389648438,212.24000549316406,213.1300048828125,1085200
2021-09-21,189.97251892089844,213.75999450683594,215.86000061035156,213.19000244140625,215.86000061035156,1026200
2021-09-22,191.67002868652344,215.6699981689453,217.74000549316406,214.75,215.2899932861328,1023600
2021-09-23,193.63404846191406,217.8800048828125,218.77999877929688,216.5,216.5,976300
2021-09-24,191.90994262695312,215.94000244140625,218.35000610351562,215.77999877929688,217.63999938964844,689800
2021-09-27,192.4609375,216.55999755859375,218.25,215.25,215.5,882600
2021-09-28,190.0791778564453,213.8800048828125,217.1699981689453,213.6199951171875,216.0,1116100
2021-09-29,190.61544799804688,213.25999450683594,214.33999633789062,211.63999938964844,213.25999450683594,879300
2021-09-30,184.689453125,206.6300048828125,214.7899932861328,206.57000732421875,213.9499969482422,1100200
2021-10-01,184.90399169921875,206.8699951171875,208.22999572753906,204.00999450683594,207.35000610351562,1471200
2021-10-04,185.94078063964844,208.02999877929688,209.05999755859375,205.17999267578125,207.0,1683300
2021-10-05,189.96299743652344,212.52999877929688,213.91000366210938,207.0399932861328,207.5800018310547,1372100
2021-10-06,189.84674072265625,212.39999389648438,212.89999389648438,208.17999267578125,211.64999389648438,1088200
2021-10-07,192.39418029785156,215.25,216.07000732421875,213.41000366210938,214.5,795200
2021-10-08,193.42202758789062,216.39999389648438,217.38999938964844,213.2899932861328,214.75,871500
2021-10-11,191.1606903076172,213.8699951171875,217.89999389648438,213.83999633789062,216.1999969482422,771800
2021-10-12,190.9193878173828,213.60000610351562,215.63999938964844,212.75,213.8800048828125,871600
2021-10-13,191.97402954101562,214.77999877929688,216.75999450683594,213.1999969482422,214.2899932861328,969500
2021-10-14,197.91795349121094,221.42999267578125,221.77999877929688,216.10000610351562,216.10000610351562,1087100
2021-10-15,199.74134826660156,223.47000122070312,224.52000427246094,221.91000366210938,222.52000427246094,956900
2021-10-18,198.2396697998047,221.7899932861328,223.67999267578125,220.8300018310547,221.89999389648438,711700
2021-10-19,199.5357666015625,223.24000549316406,224.1199951171875,222.25999450683594,223.1699981689453,542400
2021-10-20,199.92013549804688,223.6699981689453,224.9199981689453,223.13999938964844,223.47999572753906,663400
2021-10-21,200.6887664794922,224.52999877929688,224.57000732421875,221.1199951171875,223.49000549316406,521700
2021-10-22,200.72457885742188,224.57000732421875,226.5500030517578,224.42999267578125,225.52999877929688,520400
2021-10-25,201.56472778320312,225.50999450683594,226.33999633789062,222.94000244140625,224.0800018310547,605800
2021-10-26,200.01841735839844,223.77999877929688,226.66000366210938,223.55999755859375,225.8699951171875,913600
2021-10-27,198.60618591308594,222.1999969482422,224.35000610351562,222.07000732421875,223.85000610351562,759800
2021-10-28,202.4853515625,226.5399932861328,227.13999938964844,218.7100067138672,221.5,1122100
2021-10-29,203.6741180419922,227.8699951171875,229.10000610351562,225.5399932861328,225.85000610351562,1480000
2021-11-01,204.5411376953125,228.83999633789062,230.00999450683594,225.4199981689453,228.2100067138672,1122300
2021-11-02,205.72988891601562,230.1699981689453,230.6199951171875,227.24000549316406,229.5,961800
2021-11-03,204.9344024658203,229.27999877929688,229.9199981689453,225.92999267578125,229.75,882900
2021-11-04,207.9197998046875,232.6199951171875,234.0,229.8800048828125,229.8800048828125,1183000
2021-11-05,209.21578979492188,234.07000732421875,235.5399932861328,233.30999755859375,234.61000061035156,841100
2021-11-08,208.66160583496094,233.4499969482422,236.38999938964844,232.47000122070312,235.63999938964844,683900
2021-11-09,209.88613891601562,234.82000732421875,235.6199951171875,231.77999877929688,232.88999938964844,679200
2021-11-10,209.78781127929688,234.7100067138672,236.42999267578125,234.3800048828125,234.3800048828125,645200
2021-11-11,208.92080688476562,233.74000549316406,234.36000061035156,232.44000244140625,234.14999389648438,523000
2021-11-12,213.25584411621094,238.58999633789062,238.75,233.38999938964844,234.8699951171875,1078500
2021-11-15,213.6401824951172,239.02000427246094,241.61000061035156,238.17999267578125,238.99000549316406,756500
2021-11-16,216.3663330078125,242.07000732421875,243.05999755859375,239.86000061035156,240.0500030517578,872600
2021-11-17,216.8758087158203,242.63999938964844,243.27000427246094,240.19000244140625,242.0,957800
2021-11-18,215.38314819335938,240.97000122070312,243.74000549316406,240.13999938964844,242.50999450683594,852400
2021-11-19,216.25013732910156,241.94000244140625,243.0800018310547,240.60000610351562,241.92999267578125,1047800
2021-11-22,216.40208435058594,242.11000061035156,244.3000030517578,241.10000610351562,242.4199981689453,801300
2021-11-23,218.13609313964844,244.0500030517578,244.4499969482422,241.83999633789062,242.9199981689453,802700
2021-11-24,216.08924865722656,241.75999450683594,244.0500030517578,240.6300048828125,243.24000549316406,888000
2021-11-26,209.82362365722656,234.75,241.25999450683594,234.16000366210938,237.52999877929688,1061700
2021-11-29,212.8268280029297,238.11000061035156,238.94000244140625,235.22000122070312,236.64999389648438,846400
2021-11-30,207.49969482421875,232.14999389648438,236.72000122070312,231.50999450683594,236.61000061035156,2850700
2021-12-01,206.3019561767578,230.80999755859375,237.67999267578125,230.77000427246094,235.5800018310547,1095100
2021-12-02,210.15428161621094,235.1199951171875,236.10000610351562,231.49000549316406,231.9199981689453,989500
2021-12-03,210.8693389892578,235.9199981689453,236.61000061035156,232.83999633789062,235.6199951171875,939100
2021-12-06,213.86366271972656,239.27000427246094,241.85000610351562,237.58999633789062,238.22999572753906,969300
2021-12-07,214.49830627441406,239.97999572753906,242.13999938964844,238.83999633789062,240.60000610351562,1090800
2021-12-08,215.0255889892578,240.57000732421875,241.05999755859375,236.4600067138672,240.8699951171875,974300
2021-12-09,215.95518493652344,241.61000061035156,243.6199951171875,239.22000122070312,240.4199981689453,662600
2021-12-10,216.99203491210938,242.77000427246094,243.75999450683594,240.89999389648438,242.77000427246094,721600
2021-12-13,217.5819091796875,243.42999267578125,244.74000549316406,242.11000061035156,243.55999755859375,1114300
2021-12-14,216.03562927246094,241.6999969482422,243.80999755859375,239.8300018310547,242.72999572753906,860200
2021-12-15,219.02992248535156,245.0500030517578,245.75999450683594,241.3300018310547,243.05999755859375,985800
2021-12-16,219.3338165283203,245.38999938964844,246.6199951171875,243.8699951171875,245.0500030517578,1097100
2021-12-17,212.88938903808594,238.17999267578125,245.74000549316406,237.67999267578125,245.14999389648438,1982100
2021-12-20,210.54759216308594,235.55999755859375,236.60000610351562,232.36000061035156,236.22000122070312,1128500
2021-12-21,211.55760192871094,236.69000244140625,238.33999633789062,235.5500030517578,237.72999572753906,889200
2021-12-22,212.49615478515625,237.74000549316406,238.11000061035156,236.13999938964844,237.02000427246094,601700
2021-12-23,214.9630584716797,240.5,241.4600067138672,237.91000366210938,238.24000549316406,614800
2021-12-27,217.85003662109375,243.72999572753906,243.86000061035156,240.5399932861328,241.92999267578125,664300
2021-12-28,219.61985778808594,245.7100067138672,245.8800048828125,243.1699981689453,243.1699981689453,635800
2021-12-29,220.8354034423828,247.07000732421875,248.11000061035156,244.89999389648438,246.0,1038500
2021-12-30,220.44024658203125,245.41000366210938,246.97999572753906,245.0,246.38999938964844,555200
2021-12-31,221.68878173828125,246.8000030517578,247.58999633789062,245.07000732421875,245.72000122070312,533900
2022-01-03,218.70655822753906,243.47999572753906,247.60000610351562,240.38999938964844,247.3000030517578,839700
2022-01-04,222.389404296875,247.5800018310547,248.74000549316406,244.1999969482422,245.0,797700
2022-01-05,221.5360870361328,246.6300048828125,249.80999755859375,246.47000122070312,248.02000427246094,1120900
2022-01-06,221.5091094970703,246.60000610351562,248.25999450683594,244.8699951171875,247.1300048828125,732600
2022-01-07,221.0869598388672,246.1300048828125,247.3699951171875,245.4499969482422,245.89999389648438,695500
2022-01-10,219.02993774414062,243.83999633789062,245.4499969482422,241.7899932861328,245.4499969482422,815300
2022-01-11,219.2904510498047,244.1300048828125,244.8000030517578,240.25,244.8000030517578,696200
2022-01-12,221.1857452392578,246.24000549316406,247.11000061035156,244.22000122070312,244.9600067138672,783700
2022-01-13,221.87738037109375,247.00999450683594,248.16000366210938,245.75,246.89999389648438,702400
2022-01-14,219.02993774414062,243.83999633789062,245.47999572753906,242.1999969482422,245.47999572753906,1078300
2022-01-18,219.2185821533203,244.0500030517578,244.17999267578125,238.99000549316406,241.83999633789062,1107400
2022-01-19,217.58375549316406,242.22999572753906,246.58999633789062,241.85000610351562,244.72999572753906,1159000
2022-01-20,213.48773193359375,237.6699981689453,243.88999938964844,237.11000061035156,243.57000732421875,1136100
2022-01-21,213.2901153564453,237.4499969482422,240.47999572753906,236.5399932861328,238.39999389648438,1572000
2022-01-24,213.7032928466797,237.91000366210938,238.36000061035156,230.1699981689453,235.0,1363600
2022-01-25,210.12823486328125,233.92999267578125,237.02000427246094,230.10000610351562,234.32000732421875,1150200
2022-01-26,209.31085205078125,233.02000427246094,237.36000061035156,230.35000610351562,235.11000061035156,1064300
2022-01-27,207.11012268066406,230.57000732421875,235.25,228.52000427246094,234.82000732421875,1068600
2022-01-28,208.17005920410156,231.75,231.91000366210938,225.1999969482422,229.5800018310547,1200900
2022-01-31,210.1192626953125,233.9199981689453,234.24000549316406,229.1199951171875,230.25,1271800
2022-02-01,209.3287811279297,233.0399932861328,235.22000122070312,230.36000061035156,234.7899932861328,1113200
2022-02-02,211.96070861816406,235.97000122070312,236.44000244140625,231.4600067138672,232.0500030517578,1839500
2022-02-03,216.88311767578125,241.4499969482422,247.0,236.8800048828125,236.8800048828125,1555600
2022-02-04,205.62802124023438,228.9199981689453,241.08999633789062,228.8800048828125,239.5800018310547,1726000
2022-02-07,201.9451904296875,224.82000732421875,230.22000122070312,224.35000610351562,229.07000732421875,904500
2022-02-08,202.52902221679688,225.47000122070312,227.49000549316406,224.30999755859375,224.8300018310547,1140000
2022-02-09,203.6787872314453,226.75,228.00999450683594,225.94000244140625,226.32000732421875,1255600
2022-02-10,197.462890625,219.8300018310547,224.88999938964844,218.27000427246094,223.74000549316406,1483200
2022-02-11,195.5675506591797,217.72000122070312,221.47000122070312,216.77999877929688,219.6699981689453,1304100
2022-02-14,196.87005615234375,219.1699981689453,220.85000610351562,216.83999633789062,218.86000061035156,1394700
2022-02-15,197.38204956054688,219.74000549316406,222.75999450683594,219.02999877929688,221.32000732421875,958300
2022-02-16,197.6874542236328,220.0800018310547,221.19000244140625,217.47000122070312,219.0,778700
2022-02-17,195.0645751953125,217.16000366210938,220.14999389648438,216.64999389648438,218.10000610351562,815500
2022-02-18,193.85191345214844,215.80999755859375,218.38999938964844,215.02000427246094,216.4600067138672,933100
2022-02-22,193.04348754882812,214.91000366210938,216.94000244140625,213.49000549316406,216.35000610351562,1276400
2022-02-23,191.76797485351562,213.49000549316406,217.1699981689453,212.9499969482422,215.3300018310547,1466000
2022-02-24,192.35183715820312,214.13999938964844,215.11000061035156,209.3000030517578,211.38999938964844,1936500
2022-02-25,196.205322265625,218.42999267578125,219.1300048828125,214.47000122070312,214.86000061035156,1160600
2022-02-28,194.32794189453125,216.33999633789062,217.89999389648438,213.86000061035156,215.66000366210938,1876300
2022-03-01,189.40557861328125,210.86000061035156,217.47999572753906,209.67999267578125,216.5800018310547,1439800
2022-03-02,192.37879943847656,214.1699981689453,215.61000061035156,212.36000061035156,212.5500030517578,1202500
2022-03-03,193.4117431640625,215.32000732421875,217.25999450683594,213.5399932861328,216.05999755859375,1079600
2022-03-04,190.54635620117188,212.1300048828125,213.7100067138672,209.5500030517578,212.1699981689453,1353400
2022-03-07,185.51612854003906,206.52999877929688,211.8800048828125,206.4499969482422,211.77000427246094,1442800
2022-03-08,182.81243896484375,203.52000427246094,210.1699981689453,202.8000030517578,207.8000030517578,1547000
2022-03-09,186.6299591064453,207.77000427246094,211.11000061035156,207.42999267578125,207.8300018310547,950400
2022-03-10,185.21974182128906,206.1999969482422,207.35000610351562,203.69000244140625,204.83999633789062,790000
2022-03-11,183.11781311035156,203.86000061035156,208.4199981689453,203.7100067138672,207.63999938964844,886400
2022-03-14,185.1748046875,206.14999389648438,208.0500030517578,205.00999450683594,205.55999755859375,1080200
2022-03-15,187.2407989501953,208.4499969482422,208.94000244140625,206.02000427246094,207.55999755859375,663100
2022-03-16,188.6240997314453,209.99000549316406,211.44000244140625,207.27999877929688,209.47999572753906,1019900
2022-03-17,189.87269592285156,211.3800048828125,212.11000061035156,208.6199951171875,208.85000610351562,850600
2022-03-18,190.72596740722656,212.3300018310547,213.6199951171875,209.3300018310547,212.33999633789062,1710600
2022-03-21,190.4205780029297,211.99000549316406,213.5800018310547,210.72999572753906,212.5,1059200
2022-03-22,190.8787078857422,212.5,213.94000244140625,212.1199951171875,213.25,750900
2022-03-23,188.04920959472656,209.35000610351562,212.85000610351562,209.3300018310547,211.7899932861328,727600
2022-03-24,189.2528533935547,210.69000244140625,210.8699951171875,209.32000732421875,210.0399932861328,945600
2022-03-25,190.2050323486328,211.75,212.97000122070312,210.72000122070312,211.57000732421875,609400
2022-03-28,192.50453186035156,214.30999755859375,214.4499969482422,211.3000030517578,214.35000610351562,960900
2022-03-29,196.33111572265625,218.57000732421875,220.3000030517578,216.1699981689453,216.63999938964844,843500
2022-03-30,193.9012451171875,214.66000366210938,217.86000061035156,213.58999633789062,216.55999755859375,865900
2022-03-31,189.14988708496094,209.39999389648438,214.85000610351562,209.36000061035156,213.50999450683594,1507900
2022-04-01,189.82736206054688,210.14999389648438,210.9600067138672,206.8699951171875,210.6999969482422,1015100
2022-04-04,188.7434539794922,208.9499969482422,209.47000122070312,205.58999633789062,208.5800018310547,795000
2022-04-05,186.46710205078125,206.42999267578125,209.75999450683594,205.8800048828125,208.2100067138672,712400
2022-04-06,185.3018798828125,205.13999938964844,206.41000366210938,202.67999267578125,203.67999267578125,1086000
2022-04-07,185.11216735839844,204.92999267578125,205.86000061035156,201.86000061035156,203.52999877929688,1066100
2022-04-08,183.95591735839844,203.64999389648438,205.7899932861328,202.9199981689453,205.07000732421875,821700
2022-04-11,181.390625,200.80999755859375,204.61000061035156,200.44000244140625,203.14999389648438,760900
2022-04-12,180.48727416992188,199.80999755859375,203.9499969482422,198.7899932861328,201.36000061035156,1009500
2022-04-13,180.06275939941406,199.33999633789062,200.0,198.66000366210938,199.5,1021400
2022-04-14,177.2896270751953,196.27000427246094,199.6199951171875,196.0,199.5,1540800
2022-04-18,177.61480712890625,196.6300048828125,198.32000732421875,195.25,195.9600067138672,968800
2022-04-19,183.7211151123047,203.38999938964844,203.57000732421875,197.66000366210938,198.32000732421875,956900
2022-04-20,186.5664825439453,206.5399932861328,208.63999938964844,205.2100067138672,205.63999938964844,876700
2022-04-21,188.1472625732422,208.2899932861328,210.58999633789062,207.2100067138672,208.63999938964844,1093000
2022-04-22,183.68496704101562,203.35000610351562,207.58999633789062,203.14999389648438,206.6999969482422,906400
2022-04-25,184.38050842285156,204.1199951171875,204.75,199.3300018310547,203.17999267578125,957900
2022-04-26,179.39431762695312,198.60000610351562,204.0,198.52000427246094,202.27000427246094,1046700
2022-04-27,179.13235473632812,198.30999755859375,201.7100067138672,197.75999450683594,198.60000610351562,1163700
2022-04-28,183.1158905029297,202.72000122070312,204.0399932861328,198.4199981689453,200.1199951171875,1113000
2022-04-29,178.0483856201172,197.11000061035156,203.5399932861328,196.42999267578125,201.58999633789062,1922900
2022-05-02,180.66795349121094,200.00999450683594,201.66000366210938,195.7899932861328,197.1699981689453,1881900
2022-05-03,184.45277404785156,204.1999969482422,213.83999633789062,199.86000061035156,209.89999389648438,1916700
2022-05-04,192.41079711914062,213.00999450683594,213.72000122070312,203.82000732421875,204.91000366210938,1786000
2022-05-05,188.03884887695312,208.1699981689453,212.66000366210938,206.8699951171875,211.08999633789062,1955300
2022-05-06,189.032470703125,209.27000427246094,210.27999877929688,204.1699981689453,206.97000122070312,1612600
2022-05-09,189.18601989746094,209.44000244140625,211.92999267578125,206.27999877929688,207.08999633789062,1634100
2022-05-10,183.8746795654297,203.55999755859375,211.9199981689453,203.0800018310547,211.5500030517578,1554500
2022-05-11,184.1185760498047,203.8300018310547,206.4600067138672,202.02000427246094,203.4499969482422,1040100
2022-05-12,187.5149688720703,207.58999633789062,207.83999633789062,202.77000427246094,203.3699951171875,1590800
2022-05-13,187.5601348876953,207.63999938964844,209.24000549316406,204.4499969482422,208.55999755859375,1492000
2022-05-16,187.0452423095703,207.07000732421875,207.97999572753906,201.7899932861328,205.2899932861328,921600
2022-05-17,191.7152557373047,212.24000549316406,212.4499969482422,208.0800018310547,209.74000549316406,958500
2022-05-18,183.7211151123047,203.38999938964844,210.22999572753906,202.8300018310547,209.77999877929688,1208800
2022-05-19,181.38153076171875,200.8000030517578,203.64999389648438,198.91000366210938,201.11000061035156,1603500
2022-05-20,182.2577667236328,201.77000427246094,202.08999633789062,197.8300018310547,201.4499969482422,1179300
2022-05-23,182.90814208984375,202.49000549316406,204.27999877929688,201.42999267578125,204.1999969482422,1007400
2022-05-24,183.56753540039062,203.22000122070312,204.30999755859375,198.75999450683594,201.8000030517578,1169800
2022-05-25,182.40228271484375,201.92999267578125,203.17999267578125,199.4199981689453,202.22999572753906,870200
2022-05-26,184.57020568847656,204.3300018310547,205.35000610351562,202.97999572753906,203.66000366210938,835400
2022-05-27,186.74713134765625,206.74000549316406,206.8300018310547,204.1199951171875,205.77000427246094,792400
2022-05-31,187.9485321044922,208.07000732421875,209.07000732421875,202.5800018310547,204.35000610351562,2172200
2022-06-01,186.06063842773438,205.97999572753906,209.67999267578125,203.58999633789062,209.4199981689453,817800
2022-06-02,189.02345275878906,209.25999450683594,209.4600067138672,204.8300018310547,207.52000427246094,483500
2022-06-03,187.7317657470703,207.8300018310547,208.32000732421875,206.5800018310547,207.57000732421875,514300
2022-06-06,188.03884887695312,208.1699981689453,209.47000122070312,207.5500030517578,208.33999633789062,458400
2022-06-07,189.81834411621094,210.13999938964844,210.4199981689453,204.32000732421875,207.47000122070312,922600
2022-06-08,186.38583374023438,206.33999633789062,209.1300048828125,205.7899932861328,208.2899932861328,677800
2022-06-09,183.69400024414062,203.36000061035156,208.22999572753906,203.16000366210938,205.7100067138672,810600
2022-06-10,177.7412872314453,196.77000427246094,200.2899932861328,196.7100067138672,199.83999633789062,1173500
2022-06-13,170.37945556640625,188.6199951171875,194.35000610351562,187.4600067138672,192.91000366210938,1297400
2022-06-14,167.94956970214844,185.92999267578125,189.82000732421875,184.4499969482422,188.61000061035156,1206600
2022-06-15,168.3831787109375,186.41000366210938,189.07000732421875,184.33999633789062,187.1199951171875,1304300
2022-06-16,161.84332275390625,179.1699981689453,183.1699981689453,178.07000732421875,183.1699981689453,1324000
2022-06-17,161.0122528076172,178.25,180.4600067138672,177.3300018310547,178.64999389648438,2128600
2022-06-21,163.74925231933594,181.27999877929688,182.25999450683594,178.61000061035156,180.1199951171875,1029300
2022-06-22,163.83956909179688,181.3800048828125,182.6999969482422,178.47999572753906,178.67999267578125,1019900
2022-06-23,162.683349609375,180.10000610351562,182.97999572753906,178.14999389648438,181.02999877929688,695000
2022-06-24,169.74710083007812,187.9199981689453,187.92999267578125,180.99000549316406,181.42999267578125,1507200
2022-06-27,169.18707275390625,187.3000030517578,189.38999938964844,185.82000732421875,188.88999938964844,1381100
2022-06-28,165.2938995361328,182.99000549316406,189.55999755859375,182.6199951171875,188.1999969482422,979300
2022-06-29,164.40269470214844,180.7899932861328,182.17999267578125,178.86000061035156,182.14999389648438,749500
2022-06-30,165.73037719726562,182.25,182.39999389648438,177.77000427246094,178.97999572753906,1486900
2022-07-01,166.31236267089844,182.88999938964844,185.25,180.25999450683594,182.9499969482422,779400
2022-07-05,166.1032257080078,182.66000366210938,183.0800018310547,177.02999877929688,179.97000122070312,1428400
2022-07-06,165.71218872070312,182.22999572753906,183.72000122070312,180.58999633789062,183.22999572753906,937800
2022-07-07,168.81309509277344,185.63999938964844,186.0,181.17999267578125,182.99000549316406,1220900
2022-07-08,165.7485809326172,182.27000427246094,185.22999572753906,181.9600067138672,184.0,1149200
2022-07-11,166.35784912109375,182.94000244140625,183.72999572753906,181.27999877929688,181.57000732421875,1127500
2022-07-12,166.2851104736328,182.86000061035156,186.64999389648438,182.16000366210938,182.6699981689453,800700
2022-07-13,162.138427734375,178.3000030517578,180.57000732421875,178.19000244140625,179.7100067138672,1154100
2022-07-14,160.01963806152344,175.97000122070312,176.24000549316406,173.52000427246094,175.3699951171875,1271300
2022-07-15,164.2481231689453,180.6199951171875,181.1699981689453,177.07000732421875,178.86000061035156,858000
2022-07-18,163.94801330566406,180.2899932861328,182.24000549316406,179.6699981689453,181.1199951171875,863900
2022-07-19,170.46815490722656,187.4600067138672,187.72999572753906,181.9199981689453,182.47000122070312,1152100
2022-07-20,171.25018310546875,188.32000732421875,188.8699951171875,186.14999389648438,187.3699951171875,765700
2022-07-21,173.40538024902344,190.69000244140625,190.75,186.77999877929688,188.05999755859375,619200
2022-07-22,174.1964874267578,191.55999755859375,192.77000427246094,190.55999755859375,191.0399932861328,743700
2022-07-25,174.1419219970703,191.5,191.83999633789062,190.07000732421875,190.9600067138672,581300
2022-07-26,176.19708251953125,193.75999450683594,194.10000610351562,190.32000732421875,190.82000732421875,894800
2022-07-27,179.8890838623047,197.82000732421875,198.91000366210938,192.77000427246094,194.0,850500
2022-07-28,185.05421447753906,203.5,203.86000061035156,198.72999572753906,198.72999572753906,1035200
2022-07-29,188.92808532714844,207.75999450683594,208.38999938964844,203.86000061035156,204.52000427246094,1275900
2022-08-01,188.55528259277344,207.35000610351562,208.25999450683594,206.02000427246094,206.0800018310547,1087000
2022-08-02,186.3272705078125,204.89999389648438,213.2100067138672,202.1199951171875,203.0,2000300
2022-08-03,189.63739013671875,208.5399932861328,209.5399932861328,204.5500030517578,205.47000122070312,1276200
2022-08-04,190.43759155273438,209.4199981689453,210.4499969482422,207.5800018310547,208.66000366210938,1097000
2022-08-05,191.65615844726562,210.75999450683594,210.8699951171875,206.69000244140625,207.61000061035156,1058700
2022-08-08,190.34664916992188,209.32000732421875,213.4499969482422,208.5500030517578,212.6999969482422,707500
2022-08-09,190.0738983154297,209.02000427246094,210.1999969482422,208.17999267578125,209.00999450683594,902300
2022-08-10,194.1023406982422,213.4499969482422,213.7899932861328,211.8000030517578,212.80999755859375,725800
2022-08-11,193.84768676757812,213.1699981689453,216.16000366210938,212.77000427246094,215.3800048828125,649800
2022-08-12,197.74884033203125,217.4600067138672,217.60000610351562,213.02000427246094,214.30999755859375,595300
2022-08-15,194.5933837890625,213.99000549316406,215.75,212.52999877929688,213.5,2414900
2022-08-16,197.3851318359375,217.05999755859375,217.91000366210938,212.58999633789062,213.39999389648438,818600
2022-08-17,196.39390563964844,215.97000122070312,216.85000610351562,213.52000427246094,215.0500030517578,652200
2022-08-18,196.966796875,216.60000610351562,216.77999877929688,215.02999877929688,216.75999450683594,453300
2022-08-19,194.3296661376953,213.6999969482422,216.02999877929688,212.92999267578125,215.75,1030800
2022-08-22,187.71864318847656,206.42999267578125,210.77999877929688,205.6999969482422,210.77000427246094,1138900
2022-08-23,186.781982421875,205.39999389648438,207.7899932861328,204.8800048828125,205.42999267578125,742600
2022-08-24,186.98204040527344,205.6199951171875,206.05999755859375,204.57000732421875,205.8699951171875,654000
2022-08-25,188.98265075683594,207.82000732421875,207.8300018310547,205.52999877929688,206.25,618200
2022-08-26,181.38951110839844,199.47000122070312,208.63999938964844,199.1999969482422,208.63999938964844,860900
2022-08-29,178.72512817382812,196.5399932861328,198.5399932861328,196.05999755859375,198.27999877929688,1297700
2022-08-30,178.37954711914062,196.16000366210938,197.4499969482422,193.97000122070312,197.10000610351562,1466000
2022-08-31,177.17007446289062,194.8300018310547,197.4600067138672,194.11000061035156,197.4600067138672,1321500
2022-09-01,179.36163330078125,197.24000549316406,197.47000122070312,193.05999755859375,194.00999450683594,1159200
2022-09-02,177.68844604492188,195.39999389648438,199.8800048828125,194.0800018310547,198.27999877929688,1303000
2022-09-06,179.6435546875,197.5500030517578,197.7899932861328,193.44000244140625,195.52999877929688,1786900
2022-09-07,184.40859985351562,202.7899932861328,203.14999389648438,197.08999633789062,197.80999755859375,1417300
2022-09-08,185.47254943847656,203.9600067138672,204.5500030517578,200.0399932861328,201.86000061035156,1160400
2022-09-09,187.7913818359375,206.50999450683594,207.50999450683594,204.49000549316406,204.5399932861328,1026500
2022-09-12,188.76438903808594,207.5800018310547,209.3300018310547,206.00999450683594,207.11000061035156,1270600
2022-09-13,182.26251220703125,200.42999267578125,204.99000549316406,199.52000427246094,203.07000732421875,1064800
2022-09-14,180.62567138671875,198.6300048828125,201.13999938964844,196.4600067138672,200.5399932861328,1632000
2022-09-15,177.1337432861328,194.7899932861328,200.17999267578125,194.35000610351562,199.2100067138672,1103200
2022-09-16,176.4698944091797,194.05999755859375,195.2899932861328,191.1999969482422,193.27000427246094,2016700
2022-09-19,179.55262756347656,197.4499969482422,197.5800018310547,192.49000549316406,192.60000610351562,727400
2022-09-20,177.17918395996094,194.83999633789062,195.55999755859375,192.72999572753906,195.55999755859375,891200
2022-09-21,175.25135803222656,192.72000122070312,199.0500030517578,192.64999389648438,196.77999877929688,1078200
2022-09-22,171.7684783935547,188.88999938964844,192.74000549316406,188.3800048828125,192.5500030517578,815900
2022-09-23,170.71363830566406,187.72999572753906,188.1999969482422,184.67999267578125,187.52999877929688,1092700
2022-09-26,170.26806640625,187.24000549316406,189.91000366210938,186.2899932861328,187.17999267578125,1499600
2022-09-27,166.8761749267578,183.50999450683594,189.4600067138672,182.0399932861328,188.47999572753906,1317600
2022-09-28,171.38661193847656,188.47000122070312,189.92999267578125,184.0500030517578,185.2100067138672,1153000
2022-09-29,168.38304138183594,183.8800048828125,186.27999877929688,182.25,184.72000122070312,1297500
2022-09-30,165.4252166748047,180.64999389648438,185.5399932861328,180.27000427246094,184.72000122070312,1450800
2022-10-03,171.19424438476562,186.9499969482422,188.4199981689453,181.3699951171875,182.5500030517578,977400
2022-10-04,176.94497680664062,193.22999572753906,193.39999389648438,189.25999450683594,189.66000366210938,773700
2022-10-05,176.5604248046875,192.80999755859375,194.5,190.14999389648438,191.02000427246094,906900
2022-10-06,175.72711181640625,191.89999389648438,194.05999755859375,191.02999877929688,193.25,1478900
2022-10-07,171.61553955078125,187.41000366210938,190.3800048828125,186.47999572753906,190.25999450683594,815800
2022-10-10,170.4434051513672,186.1300048828125,189.25,184.52999877929688,189.25,1092700
2022-10-11,170.35182189941406,186.02999877929688,188.27000427246094,184.3300018310547,185.30999755859375,1029000
2022-10-12,169.54600524902344,185.14999389648438,188.25,184.3699951171875,186.0399932861328,1038400
2022-10-13,174.7106170654297,190.7899932861328,191.64999389648438,180.4600067138672,180.4600067138672,1601900
2022-10-14,170.41595458984375,186.10000610351562,192.3300018310547,185.49000549316406,192.0,987000
2022-10-17,174.87545776367188,190.97000122070312,191.88999938964844,188.97000122070312,189.0,1263300
2022-10-18,177.0732421875,193.3699951171875,196.0,190.02999877929688,195.88999938964844,1174500
2022-10-19,175.77288818359375,191.9499969482422,193.6999969482422,189.52999877929688,192.05999755859375,929300
2022-10-20,173.05319213867188,188.97999572753906,192.85000610351562,188.0399932861328,191.85000610351562,1197700
2022-10-21,179.13360595703125,195.6199951171875,196.99000549316406,188.86000061035156,189.50999450683594,3526100
2022-10-24,183.8587188720703,200.77999877929688,201.60000610351562,196.75999450683594,197.30999755859375,1617000
2022-10-25,188.51976013183594,205.8699951171875,206.22000122070312,196.91000366210938,201.05999755859375,2157800
2022-10-26,190.06732177734375,207.55999755859375,212.19000244140625,206.02999877929688,208.02999877929688,1821700
2022-10-27,189.42630004882812,206.86000061035156,210.19000244140625,206.5500030517578,208.61000061035156,951000
2022-10-28,196.01034545898438,214.0500030517578,214.72999572753906,207.0800018310547,207.74000549316406,938600
2022-10-31,195.53419494628906,213.52999877929688,214.77000427246094,211.99000549316406,212.47999572753906,1294100
2022-11-01,195.31442260742188,213.2899932861328,215.7100067138672,211.39999389648438,215.0,818500
2022-11-02,191.90792846679688,209.57000732421875,216.58999633789062,209.3300018310547,211.9600067138672,984100
2022-11-03,193.21739196777344,211.0,214.33999633789062,206.0399932861328,206.64999389648438,1281000
2022-11-04,197.0176544189453,215.14999389648438,215.66000366210938,211.25999450683594,214.27999877929688,774600
2022-11-07,197.5396270751953,215.72000122070312,216.1300048828125,213.82000732421875,215.89999389648438,1083800
2022-11-08,196.58724975585938,214.67999267578125,216.82000732421875,212.10000610351562,216.75999450683594,986800
2022-11-09,193.78517150878906,211.6199951171875,214.64999389648438,210.8699951171875,213.6300048828125,972100
2022-11-10,205.3507537841797,224.25,224.60000610351562,217.86000061035156,219.27999877929688,1432800
2022-11-11,207.34698486328125,226.42999267578125,227.4600067138672,223.66000366210938,224.25,841100
2022-11-14,206.68771362304688,225.7100067138672,230.39999389648438,225.3000030517578,225.8800048828125,1269500
2022-11-15,208.656494140625,227.86000061035156,230.0800018310547,226.00999450683594,227.69000244140625,1023200
2022-11-16,208.46414184570312,227.64999389648438,228.7899932861328,226.19000244140625,227.7100067138672,714600
2022-11-17,207.36532592773438,226.4499969482422,226.5500030517578,221.22999572753906,225.22999572753906,883900
2022-11-18,207.7590789794922,226.8800048828125,229.2100067138672,225.30999755859375,229.2100067138672,914900
2022-11-21,206.96238708496094,226.00999450683594,228.89999389648438,225.52999877929688,226.64999389648438,969900
2022-11-22,209.4714813232422,228.75,229.42999267578125,227.13999938964844,228.1999969482422,998800
2022-11-23,209.40736389160156,228.67999267578125,230.75999450683594,228.3300018310547,228.8699951171875,694800
2022-11-25,209.67295837402344,228.97000122070312,229.9199981689453,228.0800018310547,229.5,417300
2022-11-28,205.26834106445312,224.16000366210938,228.49000549316406,223.08999633789062,227.0399932861328,1127100
2022-11-29,205.46058654785156,224.3699951171875,224.9199981689453,221.9600067138672,224.3800048828125,1117600
2022-11-30,208.2993621826172,227.47000122070312,227.69000244140625,222.11000061035156,224.1999969482422,2640400
2022-12-01,208.26272583007812,227.42999267578125,230.36000061035156,225.72999572753906,229.75,1306200
2022-12-02,209.0502166748047,228.2899932861328,229.3800048828125,222.9199981689453,225.36000061035156,850500
2022-12-05,205.29580688476562,224.19000244140625,225.91000366210938,222.77000427246094,225.5500030517578,1410200
2022-12-06,202.91490173339844,221.58999633789062,225.3800048828125,219.89999389648438,224.1999969482422,1058400
2022-12-07,201.55047607421875,220.10000610351562,222.52999877929688,219.63999938964844,221.0,1435200
2022-12-08,202.66766357421875,221.32000732421875,223.6699981689453,220.4499969482422,220.6999969482422,865200
2022-12-09,201.2391357421875,219.75999450683594,222.61000061035156,219.44000244140625,221.80999755859375,916900
2022-12-12,205.3507537841797,224.25,224.63999938964844,219.16000366210938,220.6199951171875,1027900
2022-12-13,206.65106201171875,225.6699981689453,231.69000244140625,223.97999572753906,230.91000366210938,825000
2022-12-14,205.32325744628906,224.22000122070312,228.5399932861328,223.52000427246094,225.38999938964844,881000
2022-12-15,199.62745666503906,218.0,221.99000549316406,216.32000732421875,221.11000061035156,1138400
2022-12-16,198.51943969726562,216.7899932861328,217.27999877929688,214.66000366210938,215.4499969482422,1922300
2022-12-19,198.97731018066406,217.2899932861328,219.5,216.1300048828125,216.97999572753906,732000
2022-12-20,199.70986938476562,218.08999633789062,219.14999389648438,216.4499969482422,216.99000549316406,771700
2022-12-21,203.57420349121094,222.30999755859375,222.36000061035156,219.5399932861328,219.82000732421875,735100
2022-12-22,201.6328887939453,220.19000244140625,220.9199981689453,216.42999267578125,220.9199981689453,880200
2022-12-23,203.26287841796875,221.97000122070312,222.63999938964844,219.1699981689453,219.61000061035156,627400
2022-12-27,204.88369750976562,223.74000549316406,224.36000061035156,221.1699981689453,221.97999572753906,766900
2022-12-28,201.85269165039062,220.42999267578125,225.80999755859375,220.05999755859375,224.5,952100
2022-12-29,204.4781036376953,221.97000122070312,222.77999877929688,220.1999969482422,221.0,712000
2022-12-30,202.93966674804688,220.3000030517578,221.1199951171875,218.1699981689453,221.1199951171875,635300
2023-01-03,202.9580841064453,220.32000732421875,221.6699981689453,217.85000610351562,220.64999389648438,746000
2023-01-04,203.41868591308594,220.82000732421875,223.2100067138672,218.47000122070312,221.7899932861328,929900
2023-01-05,201.63162231445312,218.8800048828125,220.67999267578125,218.0,219.57000732421875,871500
2023-01-06,209.06561279296875,226.9499969482422,227.69000244140625,221.49000549316406,221.89999389648438,824800
2023-01-09,209.07484436035156,226.9600067138672,229.97999572753906,226.14999389648438,227.27000427246094,1228400
2023-01-10,209.55386352539062,227.47999572753906,228.85000610351562,226.6999969482422,226.80999755859375,803900
2023-01-11,212.5109100341797,230.69000244140625,230.8800048828125,228.27999877929688,228.91000366210938,789600
2023-01-12,214.01246643066406,232.32000732421875,233.74000549316406,229.2100067138672,231.30999755859375,843000
2023-01-13,214.8599853515625,233.24000549316406,233.92999267578125,230.14999389648438,230.9600067138672,701800
2023-01-17,214.0032501220703,232.30999755859375,235.13999938964844,231.6999969482422,233.92999267578125,992300
2023-01-18,209.84866333007812,227.8000030517578,234.3699951171875,227.11000061035156,232.91000366210938,974500
2023-01-19,203.5753173828125,220.99000549316406,227.41000366210938,220.39999389648438,227.41000366210938,1651900
2023-01-20,208.4484405517578,226.27999877929688,226.42999267578125,219.9499969482422,221.85000610351562,1084700
2023-01-23,210.96328735351562,229.00999450683594,230.35000610351562,225.1999969482422,226.30999755859375,666300
2023-01-24,211.27650451660156,229.35000610351562,232.0,226.5399932861328,229.2899932861328,1129800
2023-01-25,210.38294982910156,228.3800048828125,229.0500030517578,224.1199951171875,226.49000549316406,668800
2023-01-26,210.6501007080078,228.6699981689453,229.77000427246094,226.39999389648438,229.47999572753906,651000
2023-01-27,212.4924774169922,230.6699981689453,231.6199951171875,226.91000366210938,226.91000366210938,656500
2023-01-30,211.8292236328125,229.9499969482422,231.92999267578125,228.9600067138672,229.49000549316406,850000
2023-01-31,217.4393310546875,236.0399932861328,236.3699951171875,229.8000030517578,230.74000549316406,1723900
2023-02-01,220.67276000976562,239.5500030517578,241.99000549316406,234.74000549316406,236.0,1861600
2023-02-02,230.7966766357422,250.5399932861328,253.3699951171875,244.8699951171875,248.42999267578125,2288900
2023-02-03,227.28692626953125,246.72999572753906,250.3800048828125,244.72999572753906,249.19000244140625,1864200
2023-02-06,223.08624267578125,242.1699981689453,246.97999572753906,241.83999633789062,245.5,1153200
2023-02-07,220.4055633544922,239.25999450683594,241.64999389648438,236.63999938964844,240.8699951171875,1639600
2023-02-08,218.0841827392578,236.74000549316406,239.5399932861328,235.64999389648438,237.8000030517578,1186500
2023-02-09,216.49046325683594,235.00999450683594,239.8800048828125,234.24000549316406,239.0399932861328,744600
2023-02-10,216.9603271484375,235.52000427246094,236.11000061035156,233.13999938964844,234.6199951171875,840800
2023-02-13,220.59906005859375,239.47000122070312,239.55999755859375,235.52999877929688,236.5,987400
2023-02-14,219.2909393310547,238.0500030517578,240.11000061035156,235.9600067138672,238.5,831000
2023-02-15,221.13336181640625,240.0500030517578,240.25999450683594,236.66000366210938,237.22999572753906,910100
2023-02-16,218.76585388183594,237.47999572753906,239.4199981689453,235.69000244140625,236.77999877929688,708600
2023-02-17,221.40045166015625,240.33999633789062,240.72999572753906,236.3300018310547,237.33999633789062,902000
2023-02-21,215.00735473632812,233.39999389648438,238.6699981689453,233.11000061035156,238.0800018310547,1148700
2023-02-22,215.1455535888672,233.5500030517578,235.42999267578125,232.1199951171875,234.22999572753906,816900
2023-02-23,215.458740234375,233.88999938964844,235.58999633789062,230.8800048828125,234.67999267578125,1253700
2023-02-24,214.36248779296875,232.6999969482422,233.22999572753906,230.0500030517578,231.25,742400
2023-02-27,214.4546356201172,232.8000030517578,235.77000427246094,232.35000610351562,234.9499969482422,598500
2023-02-28,214.78627014160156,233.16000366210938,235.47000122070312,232.55999755859375,233.0,1178600
2023-03-01,214.0032501220703,232.30999755859375,233.77000427246094,230.80999755859375,232.32000732421875,1168500
2023-03-02,217.3563995361328,235.9499969482422,236.88999938964844,230.5,231.1300048828125,939700
2023-03-03,220.10159301757812,238.92999267578125,239.2100067138672,235.75999450683594,237.39999389648438,677000
2023-03-06,219.89889526367188,238.7100067138672,240.8800048828125,238.58999633789062,238.8800048828125,622600
2023-03-07,217.8538818359375,236.49000549316406,238.75999450683594,236.1699981689453,238.75999450683594,650400
2023-03-08,218.44345092773438,237.1300048828125,237.88999938964844,235.94000244140625,236.49000549316406,574800
2023-03-09,216.28781127929688,234.7899932861328,239.5800018310547,234.5,238.5,667600
2023-03-10,212.12403869628906,230.27000427246094,236.2100067138672,229.77999877929688,235.63999938964844,1231300
2023-03-13,212.11480712890625,230.25999450683594,232.1999969482422,226.60000610351562,228.05999755859375,1189500
2023-03-14,215.68905639648438,234.13999938964844,235.47999572753906,230.80999755859375,233.16000366210938,1322700
2023-03-15,210.53955078125,228.5500030517578,230.5500030517578,223.8800048828125,230.1300048828125,2232200
2023-03-16,212.1885223388672,230.33999633789062,231.5500030517578,225.61000061035156,226.57000732421875,1332300
2023-03-17,211.7002716064453,229.80999755859375,231.97999572753906,226.55999755859375,231.97999572753906,3897900
2023-03-20,215.458740234375,233.88999938964844,234.10000610351562,230.4600067138672,231.19000244140625,1292200
2023-03-21,216.628662109375,235.16000366210938,237.16000366210938,232.91000366210938,236.17999267578125,1392200
2023-03-22,212.90701293945312,231.1199951171875,236.60000610351562,230.91000366210938,234.88999938964844,1172400
2023-03-23,213.0543975830078,231.27999877929688,234.30999755859375,229.1699981689453,231.5500030517578,1148900
2023-03-24,213.3676300048828,231.6199951171875,231.92999267578125,227.75999450683594,229.5,1049600
2023-03-27,214.3164520263672,232.64999389648438,234.22999572753906,231.5500030517578,233.5800018310547,723000
2023-03-28,215.6614227294922,234.11000061035156,235.0500030517578,232.49000549316406,232.9199981689453,1243300
2023-03-29,220.57138061523438,239.44000244140625,239.47000122070312,235.5,236.5399932861328,1427700
2023-03-30,222.19232177734375,239.8800048828125,242.1699981689453,238.9199981689453,239.2100067138672,991100
2023-03-31,225.49911499023438,243.4499969482422,243.74000549316406,240.6199951171875,241.27999877929688,1043100
2023-04-03,226.36053466796875,244.3800048828125,245.07000732421875,241.22999572753906,242.08999633789062,1111600
2023-04-04,217.1997833251953,234.49000549316406,244.58999633789062,233.39999389648438,244.52000427246094,1240000
2023-04-05,212.49436950683594,229.41000366210938,233.49000549316406,228.72999572753906,232.91000366210938,1105800
2023-04-06,210.9104766845703,227.6999969482422,228.77000427246094,226.4199981689453,228.4600067138672,1061400
2023-04-10,211.86448669433594,228.72999572753906,229.17999267578125,225.47000122070312,226.4499969482422,963700
2023-04-11,213.5595703125,230.55999755859375,232.0399932861328,229.05999755859375,229.8000030517578,864800
2023-04-12,215.2176055908203,232.35000610351562,233.5,230.5,230.80999755859375,1033100
2023-04-13,214.18017578125,231.22999572753906,231.7899932861328,226.52000427246094,231.2100067138672,1105800
2023-04-14,214.26353454589844,231.32000732421875,234.6199951171875,230.41000366210938,230.8300018310547,838200
2023-04-17,215.6343994140625,232.8000030517578,233.30999755859375,230.27000427246094,231.08999633789062,796400
2023-04-18,217.9686279296875,235.32000732421875,235.97999572753906,232.6300048828125,233.61000061035156,992000
2023-04-19,215.9771270751953,233.1699981689453,234.67999267578125,232.4499969482422,234.67999267578125,635300
2023-04-20,218.28350830078125,235.66000366210938,236.36000061035156,231.69000244140625,232.1699981689453,857700
2023-04-21,218.77444458007812,236.19000244140625,236.94000244140625,233.99000549316406,236.44000244140625,562700
2023-04-24,220.16384887695312,237.69000244140625,238.42999267578125,236.1999969482422,236.1999969482422,843100
2023-04-25,217.69996643066406,235.02999877929688,238.17999267578125,234.99000549316406,236.7100067138672,612400
2023-04-26,214.3098602294922,231.3699951171875,234.99000549316406,231.1999969482422,234.0,868100
2023-04-27,222.82223510742188,240.55999755859375,240.94000244140625,232.94000244140625,233.42999267578125,1058500
2023-04-28,224.10043334960938,241.94000244140625,242.86000061035156,240.6999969482422,240.89999389648438,1444300
2023-05-01,227.68511962890625,245.80999755859375,247.08999633789062,242.41000366210938,242.92999267578125,1728800
2023-05-02,217.10714721679688,234.38999938964844,238.4499969482422,229.75999450683594,236.99000549316406,2445500
2023-05-03,215.0786590576172,232.1999969482422,235.97999572753906,231.0399932861328,233.89999389648438,1731300
2023-05-04,210.43807983398438,227.19000244140625,232.5800018310547,227.0500030517578,232.5800018310547,1334800
2023-05-05,213.32803344726562,230.30999755859375,231.22999572753906,227.74000549316406,229.5800018310547,1079500
2023-05-08,211.77186584472656,228.6300048828125,232.74000549316406,227.7899932861328,230.94000244140625,821700
2023-05-09,211.41990661621094,228.25,228.9600067138672,226.30999755859375,227.19000244140625,732500
2023-05-10,211.883056640625,228.75,230.60000610351562,225.0500030517578,229.86000061035156,1164400
2023-05-11,211.09573364257812,227.89999389648438,228.00999450683594,225.57000732421875,227.0800018310547,905600
2023-05-12,211.66998291015625,228.52000427246094,229.97000122070312,225.83999633789062,229.33999633789062,858100
2023-05-15,212.36468505859375,229.27000427246094,230.57000732421875,227.8000030517578,229.3000030517578,800700
2023-05-16,209.33580017089844,226.0,228.24000549316406,225.5,228.24000549316406,875500
2023-05-17,212.43878173828125,229.35000610351562,229.74000549316406,226.4600067138672,227.57000732421875,937000
2023-05-18,210.87339782714844,227.66000366210938,231.13999938964844,223.63999938964844,228.58999633789062,1484700
2023-05-19,211.2253875732422,228.0399932861328,230.0,226.16000366210938,229.5,1971300
2023-05-22,210.5677490234375,227.3300018310547,228.75,223.5800018310547,227.69000244140625,1054600
2023-05-23,206.6125946044922,223.05999755859375,226.69000244140625,223.05999755859375,225.1999969482422,1090800
2023-05-24,205.6122283935547,221.97999572753906,223.63999938964844,221.17999267578125,223.3300018310547,1086300
2023-05-25,205.5288848876953,221.88999938964844,224.14999389648438,220.66000366210938,222.83999633789062,925300
2023-05-26,208.474365234375,225.07000732421875,225.3699951171875,222.27999877929688,222.5,894300
2023-05-30,206.92750549316406,223.39999389648438,225.85000610351562,221.91000366210938,224.9199981689453,1001000
2023-05-31,202.60186767578125,218.72999572753906,223.17999267578125,217.38999938964844,222.16000366210938,2594500
2023-06-01,205.6122283935547,221.97999572753906,222.02000427246094,217.05999755859375,219.02000427246094,1136800
2023-06-02,212.28131103515625,229.17999267578125,229.35000610351562,223.75999450683594,224.50999450683594,941600
2023-06-05,208.9652862548828,225.60000610351562,228.5,225.22000122070312,228.5,899500
2023-06-06,212.09605407714844,228.97999572753906,229.2100067138672,223.5500030517578,224.5,827700
2023-06-07,219.0060272216797,236.44000244140625,237.05999755859375,228.27999877929688,229.66000366210938,1597300
2023-06-08,219.53396606445312,237.00999450683594,237.30999755859375,234.47999572753906,235.72000122070312,906900
2023-06-09,219.9971160888672,237.50999450683594,237.77999877929688,234.1199951171875,237.7100067138672,913100
2023-06-12,222.09048461914062,239.77000427246094,239.8699951171875,236.67999267578125,238.33999633789062,692700
2023-06-13,226.5643310546875,244.60000610351562,244.72999572753906,239.94000244140625,240.64999389648438,944500
2023-06-14,226.4346466064453,244.4600067138672,246.67999267578125,242.6699981689453,246.32000732421875,971500
2023-06-15,228.6020965576172,246.8000030517578,247.16000366210938,243.0800018310547,243.0800018310547,1085600
2023-06-16,229.70436096191406,247.99000549316406,250.47000122070312,246.02999877929688,249.4499969482422,2187600
2023-06-20,226.0641326904297,244.05999755859375,247.22999572753906,243.3699951171875,246.4199981689453,1159000
2023-06-21,226.8699951171875,244.92999267578125,246.4199981689453,241.4600067138672,242.74000549316406,968900
2023-06-22,224.1374969482422,241.97999572753906,245.6999969482422,241.41000366210938,245.6999969482422,892000
2023-06-23,224.38763427734375,242.25,242.83999633789062,238.63999938964844,240.00999450683594,1361600
2023-06-26,227.18495178222656,245.27000427246094,246.19000244140625,242.50999450683594,242.50999450683594,860800
2023-06-27,231.2141876220703,249.6199951171875,250.4600067138672,246.16000366210938,246.97999572753906,1048500
2023-06-28,229.77847290039062,248.07000732421875,250.13999938964844,247.55999755859375,249.47999572753906,728100
2023-06-29,231.4080352783203,248.50999450683594,248.88999938964844,243.6199951171875,246.3300018310547,847200
2023-06-30,232.9445037841797,250.16000366210938,251.38999938964844,249.1999969482422,250.75999450683594,878700
2023-07-03,233.63356018066406,250.89999389648438,250.97000122070312,246.89999389648438,248.6999969482422,512800
2023-07-05,229.1638946533203,246.10000610351562,248.72000122070312,245.91000366210938,247.8699951171875,725400
2023-07-06,225.80233764648438,242.49000549316406,245.13999938964844,241.60000610351562,244.22000122070312,1109300
2023-07-07,227.03150939941406,243.80999755859375,247.13999938964844,241.08999633789062,241.49000549316406,986300
2023-07-10,231.2590789794922,248.35000610351562,249.00999450683594,243.88999938964844,243.88999938964844,826800
2023-07-11,233.90362548828125,251.19000244140625,251.99000549316406,248.7100067138672,249.2899932861328,892500
2023-07-12,234.08055114746094,251.3800048828125,254.24000549316406,251.11000061035156,253.91000366210938,839200
2023-07-13,231.9853973388672,249.1300048828125,251.24000549316406,248.8000030517578,251.22000122070312,880300
2023-07-14,232.3950958251953,249.57000732421875,249.61000061035156,246.4499969482422,248.91000366210938,925100
2023-07-17,233.8849639892578,251.1699981689453,251.60000610351562,248.5399932861328,249.36000061035156,910600
2023-07-18,236.94857788085938,254.4600067138672,254.66000366210938,250.47999572753906,250.9499969482422,910400
2023-07-19,237.41416931152344,254.9600067138672,255.64999389648438,252.05999755859375,254.0800018310547,931300
2023-07-20,237.9263153076172,255.50999450683594,256.6099853515625,252.94000244140625,254.58999633789062,879100
2023-07-21,237.98219299316406,255.57000732421875,256.55999755859375,254.4600067138672,256.1499938964844,2819300
2023-07-24,236.83682250976562,254.33999633789062,257.79998779296875,254.3000030517578,255.88999938964844,675900
2023-07-25,238.3639678955078,255.97999572753906,256.6499938964844,251.8300018310547,253.44000244140625,701800
2023-07-26,237.82388305664062,255.39999389648438,257.3299865722656,253.69000244140625,254.9499969482422,835100
2023-07-27,238.01942443847656,255.61000061035156,257.44000244140625,254.4199981689453,256.1300048828125,908600
2023-07-28,242.1166229248047,260.010009765625,260.1499938964844,256.5299987792969,257.1300048828125,1294700
2023-07-31,245.1988525390625,263.32000732421875,264.19000244140625,260.05999755859375,260.9700012207031,2141200
2023-08-01,234.5181884765625,251.85000610351562,256.4599914550781,247.3000030517578,255.47000122070312,2058300
2023-08-02,232.81414794921875,250.02000427246094,255.47000122070312,248.35000610351562,250.50999450683594,1883600
2023-08-03,233.0096893310547,250.22999572753906,253.13999938964844,248.5399932861328,248.5399932861328,1107600
2023-08-04,229.66673278808594,246.63999938964844,250.25999450683594,246.24000549316406,249.99000549316406,1219300
2023-08-07,232.54408264160156,249.72999572753906,250.91000366210938,247.89999389648438,247.94000244140625,1074300
2023-08-08,231.6222381591797,248.74000549316406,249.38999938964844,244.47000122070312,247.9499969482422,887600
2023-08-09,229.90884399414062,246.89999389648438,249.60000610351562,246.38999938964844,249.41000366210938,724800
2023-08-10,225.15980529785156,241.8000030517578,248.91000366210938,241.5800018310547,246.64999389648438,1621500
2023-08-11,221.09051513671875,237.42999267578125,241.72000122070312,236.9499969482422,241.0,1889700
2023-08-14,222.50596618652344,238.9499969482422,239.00999450683594,235.8800048828125,237.42999267578125,1166600
2023-08-15,221.10916137695312,237.4499969482422,238.16000366210938,236.16000366210938,237.1300048828125,626200
2023-08-16,220.70877075195312,237.02000427246094,240.0,236.5399932861328,237.8000030517578,630400
2023-08-17,220.5690460205078,236.8699951171875,238.3300018310547,235.97999572753906,237.47000122070312,843700
2023-08-18,219.55410766601562,235.77999877929688,238.4199981689453,235.39999389648438,235.7899932861328,885800
2023-08-21,219.52613830566406,235.75,236.47999572753906,234.1199951171875,236.0,659700
2023-08-22,219.74966430664062,235.99000549316406,237.97000122070312,235.19000244140625,237.19000244140625,573600
2023-08-23,224.20069885253906,240.77000427246094,241.05999755859375,236.00999450683594,236.22000122070312,628500
2023-08-24,221.31402587890625,237.6699981689453,243.36000061035156,237.63999938964844,240.08999633789062,669500
2023-08-25,224.0144805908203,240.57000732421875,241.3800048828125,237.72999572753906,239.75,667600
2023-08-28,225.7464599609375,242.42999267578125,243.88999938964844,240.8800048828125,241.0,525900
2023-08-29,228.7262420654297,245.6300048828125,246.66000366210938,241.8300018310547,241.8300018310547,758000
2023-08-30,231.1845245361328,248.27000427246094,248.55999755859375,245.3000030517578,246.16000366210938,1014200
2023-08-31,230.32786560058594,247.35000610351562,250.19000244140625,247.35000610351562,248.5,1043400
2023-09-01,230.34649658203125,247.3699951171875,249.63999938964844,246.16000366210938,248.88999938964844,631300
2023-09-05,225.6719512939453,242.35000610351562,247.07000732421875,242.02999877929688,246.58999633789062,995400
2023-09-06,227.39462280273438,244.1999969482422,244.69000244140625,241.75,241.75,871200
2023-09-07,221.99378967285156,238.39999389648438,243.89999389648438,236.1199951171875,242.8699951171875,1246000
2023-09-08,222.04037475585938,238.4499969482422,238.97999572753906,236.92999267578125,237.74000549316406,1031800
2023-09-11,221.65855407714844,238.0399932861328,240.02000427246094,236.35000610351562,239.52999877929688,1065200
2023-09-12,221.16502380371094,237.50999450683594,239.74000549316406,236.85000610351562,236.9199981689453,1011800
2023-09-13,221.5375213623047,237.91000366210938,239.77999877929688,236.10000610351562,237.6699981689453,1152700
2023-09-14,223.17636108398438,239.6699981689453,242.05999755859375,238.27000427246094,240.1300048828125,986300
2023-09-15,221.90997314453125,238.30999755859375,240.27000427246094,236.82000732421875,239.00999450683594,1541500
2023-09-18,221.3512725830078,237.7100067138672,239.52000427246094,237.2100067138672,238.72999572753906,1003900
2023-09-19,221.17434692382812,237.52000427246094,238.30999755859375,235.7100067138672,237.10000610351562,958900
2023-09-20,219.9451904296875,236.1999969482422,241.13999938964844,235.88999938964844,239.16000366210938,766900
2023-09-21,216.1366424560547,232.11000061035156,235.24000549316406,231.91000366210938,235.24000549316406,1028400
2023-09-22,217.44032287597656,233.50999450683594,235.14999389648438,232.02999877929688,232.0800018310547,994900
2023-09-25,218.33424377441406,234.47000122070312,235.14999389648438,232.72999572753906,232.72999572753906,577100
2023-09-26,214.2556610107422,230.08999633789062,234.05999755859375,230.08999633789062,232.97000122070312,837000
2023-09-27,216.40670776367188,232.39999389648438,232.85000610351562,230.0,231.49000549316406,801700
2023-09-28,217.390380859375,232.0500030517578,233.97000122070312,227.0,229.58999633789062,1078900
2023-09-29,215.76031494140625,230.30999755859375,234.44000244140625,228.75,233.69000244140625,827100
2023-10-02,215.54483032226562,230.0800018310547,231.27999877929688,228.39999389648438,229.82000732421875,1187800
2023-10-03,215.85397338867188,230.41000366210938,231.1300048828125,228.8300018310547,229.22000122070312,1072600
2023-10-04,217.4091033935547,232.07000732421875,232.88999938964844,229.0800018310547,230.57000732421875,969300
2023-10-05,218.12107849121094,232.8300018310547,234.67999267578125,230.61000061035156,231.6699981689453,1066200
2023-10-06,220.2008514404297,235.0500030517578,236.47000122070312,231.55999755859375,231.94000244140625,1132000
2023-10-09,219.6668701171875,234.47999572753906,235.05999755859375,231.3699951171875,233.83999633789062,917700
2023-10-10,220.13525390625,234.97999572753906,237.57000732421875,234.42999267578125,235.74000549316406,953700
2023-10-11,221.66229248046875,236.61000061035156,236.9600067138672,234.9199981689453,235.47999572753906,820500
2023-10-12,218.96421813964844,233.72999572753906,236.0,232.41000366210938,236.0,1087300
2023-10-13,216.87509155273438,231.5,234.86000061035156,230.6300048828125,234.0,1098200
2023-10-16,218.85182189941406,233.61000061035156,235.57000732421875,231.55999755859375,233.55999755859375,1047300
2023-10-17,220.43505859375,235.3000030517578,235.92999267578125,231.67999267578125,232.36000061035156,801700
2023-10-18,211.1698760986328,225.41000366210938,233.17999267578125,225.17999267578125,233.17999267578125,1145200
2023-10-19,210.69207763671875,224.89999389648438,228.74000549316406,224.0,224.80999755859375,1309000
2023-10-20,209.4367218017578,223.55999755859375,226.74000549316406,222.63999938964844,225.22999572753906,2513300
2023-10-23,208.39686584472656,222.4499969482422,225.8800048828125,222.32000732421875,225.5,1586600
2023-10-24,208.9683074951172,223.05999755859375,226.0,217.5,225.50999450683594,2174500
2023-10-25,211.69447326660156,225.97000122070312,226.89999389648438,219.00999450683594,221.6999969482422,2168900
2023-10-26,209.9988250732422,224.16000366210938,229.49000549316406,223.25999450683594,226.85000610351562,1304400
2023-10-27,209.15565490722656,223.25999450683594,227.0399932861328,222.2100067138672,224.16000366210938,1118800
2023-10-30,209.45547485351562,223.5800018310547,226.6199951171875,222.52999877929688,224.11000061035156,921400
2023-10-31,209.96133422851562,224.1199951171875,224.75,221.82000732421875,223.3000030517578,1767500
2023-11-01,210.3548126220703,224.5399932861328,225.44000244140625,221.83999633789062,224.99000549316406,931800
2023-11-02,217.0718536376953,231.7100067138672,232.0800018310547,225.8800048828125,227.1699981689453,1282000
2023-11-03,218.38343811035156,233.11000061035156,237.57000732421875,231.97000122070312,234.38999938964844,1098400
2023-11-06,216.54722595214844,231.14999389648438,233.9499969482422,230.5500030517578,233.0,1043600
2023-11-07,215.36683654785156,229.88999938964844,231.35000610351562,229.0800018310547,230.74000549316406,1093600
2023-11-08,214.5424346923828,229.00999450683594,230.97000122070312,227.9600067138672,230.0,1204200
2023-11-09,214.0646514892578,228.5,230.17999267578125,227.66000366210938,229.5,1121200
2023-11-10,217.80258178710938,232.49000549316406,232.6300048828125,228.44000244140625,229.4600067138672,1178300
2023-11-13,217.44656372070312,232.11000061035156,232.89999389648438,231.2100067138672,231.50999450683594,747600
2023-11-14,221.49363708496094,236.42999267578125,238.47000122070312,235.16000366210938,236.0,1021200
2023-11-15,222.5147705078125,237.52000427246094,240.02999877929688,237.11000061035156,237.11000061035156,878900
2023-11-16,223.9200439453125,239.02000427246094,240.3300018310547,237.72999572753906,237.72999572753906,792500
2023-11-17,224.76316833496094,239.9199981689453,240.61000061035156,238.75,240.14999389648438,1251700
2023-11-20,224.48211669921875,239.6199951171875,240.6199951171875,237.60000610351562,239.61000061035156,942800
2023-11-21,226.5338134765625,241.80999755859375,242.0399932861328,239.1999969482422,239.6999969482422,1052600
2023-11-22,225.493896484375,240.6999969482422,242.72000122070312,239.82000732421875,242.41000366210938,931500
2023-11-24,226.5712890625,241.85000610351562,241.85000610351562,240.25999450683594,240.80999755859375,284800
2023-11-27,226.52442932128906,241.8000030517578,242.27000427246094,238.69000244140625,240.67999267578125,777800
2023-11-28,226.0091552734375,241.25,242.63999938964844,240.25999450683594,242.0,971100
2023-11-29,225.61570739746094,240.8300018310547,243.72999572753906,240.5,243.16000366210938,698500
2023-11-30,226.9085235595703,242.2100067138672,242.61000061035156,238.97999572753906,241.7899932861328,2014400
2023-12-01,229.74710083007812,245.24000549316406,245.57000732421875,240.39999389648438,241.72999572753906,774300
2023-12-04,231.92991638183594,247.57000732421875,247.8000030517578,243.0800018310547,243.60000610351562,807200
2023-12-05,229.16627502441406,244.6199951171875,247.58999633789062,244.3000030517578,246.75999450683594,686600
2023-12-06,231.29287719726562,246.88999938964844,248.97999572753906,245.83999633789062,245.83999633789062,1040400
2023-12-07,231.92991638183594,247.57000732421875,248.63999938964844,246.82000732421875,248.02999877929688,582200
2023-12-08,233.8410186767578,249.61000061035156,250.5500030517578,247.42999267578125,248.0,1781200
2023-12-11,234.5811004638672,250.39999389648438,251.3699951171875,249.58999633789062,250.02000427246094,1115400
2023-12-12,235.8458251953125,251.75,252.91000366210938,250.55999755859375,251.83999633789062,982100
2023-12-13,236.63278198242188,252.58999633789062,253.57000732421875,249.14999389648438,252.0,913000
2023-12-14,242.91883850097656,259.29998779296875,259.8599853515625,254.32000732421875,255.0,1019400
2023-12-15,242.01950073242188,258.3399963378906,259.9700012207031,255.30999755859375,257.4200134277344,2269700
2023-12-18,241.38250732421875,257.6600036621094,259.1099853515625,256.6300048828125,259.1099853515625,639800
2023-12-19,242.25372314453125,258.5899963378906,259.2200012207031,257.2099914550781,258.75,831500
2023-12-20,240.47377014160156,256.69000244140625,260.7099914550781,256.6400146484375,258.05999755859375,955900
2023-12-21,244.03367614746094,260.489990234375,260.6499938964844,257.8900146484375,258.67999267578125,855600
2023-12-22,245.36399841308594,261.9100036621094,263.2300109863281,261.0199890136719,261.2099914550781,496900
2023-12-26,247.06906127929688,263.7300109863281,264.7799987792969,261.989990234375,261.989990234375,924500
2023-12-27,247.01278686523438,263.6700134277344,265.0,263.0,263.7200012207031,626200
2023-12-28,246.6454315185547,261.8800048828125,262.67999267578125,261.05999755859375,262.010009765625,764900
2023-12-29,246.70201110839844,261.94000244140625,262.82000732421875,260.9599914550781,261.5400085449219,634200
2024-01-02,245.4305419921875,260.5899963378906,262.0899963378906,258.760009765625,260.0899963378906,755700
2024-01-03,243.27374267578125,258.29998779296875,259.3800048828125,257.1099853515625,259.29998779296875,876900
2024-01-04,244.29090881347656,259.3800048828125,261.7200012207031,258.9700012207031,259.6099853515625,926200
2024-01-05,242.95350646972656,257.9599914550781,260.54998779296875,257.0,259.3599853515625,723400
2024-01-08,242.25657653808594,257.2200012207031,258.0899963378906,254.83999633789062,257.8500061035156,1155500
2024-01-09,241.49371337890625,256.4100036621094,256.82000732421875,254.5399932861328,256.1700134277344,772500
2024-01-10,239.20504760742188,253.97999572753906,255.6199951171875,252.83999633789062,252.83999633789062,1095000
2024-01-11,239.1956329345703,253.97000122070312,254.60000610351562,251.60000610351562,254.32000732421875,1065800
2024-01-12,238.8754119873047,253.6300048828125,256.9599914550781,253.02999877929688,256.0299987792969,974000
2024-01-16,238.9413299560547,253.6999969482422,254.02999877929688,250.86000061035156,252.55999755859375,726500
2024-01-17,235.66380310058594,250.22000122070312,253.91000366210938,250.05999755859375,252.27999877929688,1177000
2024-01-18,238.07484436035156,252.77999877929688,253.52999877929688,250.02000427246094,250.3800048828125,1047600
2024-01-19,240.6460418701172,255.50999450683594,255.50999450683594,250.8699951171875,253.22999572753906,895900
2024-01-22,242.69923400878906,257.69000244140625,258.3999938964844,255.85000610351562,256.010009765625,623400
2024-01-23,245.73193359375,260.9100036621094,261.05999755859375,257.7200012207031,258.3399963378906,1078300
2024-01-24,243.55628967285156,258.6000061035156,262.6099853515625,258.5400085449219,262.3299865722656,1132800
2024-01-25,246.92800903320312,262.17999267578125,262.70001220703125,259.5199890136719,260.94000244140625,1322100
2024-01-26,247.14462280273438,262.4100036621094,264.19000244140625,261.6499938964844,262.6700134277344,1071900
2024-01-29,248.81166076660156,264.17999267578125,264.17999267578125,261.3900146484375,261.95001220703125,1174000
2024-01-30,250.3468475341797,265.80999755859375,266.3599853515625,263.0299987792969,263.1600036621094,1072400
2024-01-31,245.7224884033203,260.8999938964844,267.1199951171875,260.80999755859375,267.1199951171875,2665600
2024-02-01,240.6837158203125,255.5500030517578,256.2200012207031,249.24000549316406,254.0,2916000
2024-02-02,241.16404724121094,256.05999755859375,256.489990234375,252.69000244140625,254.82000732421875,1391800
2024-02-05,239.4216766357422,254.2100067138672,255.1300048828125,252.5800018310547,253.66000366210938,1195700
2024-02-06,240.81556701660156,255.69000244140625,255.72000122070312,251.52000427246094,252.50999450683594,1258300
2024-02-07,239.30865478515625,254.08999633789062,257.6499938964844,253.49000549316406,256.4200134277344,1134500
2024-02-08,239.70420837402344,254.50999450683594,254.75,251.32000732421875,253.72000122070312,732400
2024-02-09,240.8720703125,255.75,255.77000427246094,253.6300048828125,254.41000366210938,685200
2024-02-12,241.50311279296875,256.4200134277344,257.2300109863281,254.4600067138672,255.52000427246094,786600
2024-02-13,237.0765380859375,251.72000122070312,254.69000244140625,249.58999633789062,254.4499969482422,1026800
2024-02-14,239.3369140625,254.1199951171875,254.22000122070312,251.75999450683594,253.0,904200
2024-02-15,241.88925170898438,256.8299865722656,256.9800109863281,253.64999389648438,254.25999450683594,903500
2024-02-16,239.1485137939453,253.9199981689453,257.1000061035156,252.97000122070312,256.5,1202800
2024-02-20,240.73081970214844,255.60000610351562,256.75,253.83999633789062,254.0,1095000
2024-02-21,243.03826904296875,258.04998779296875,258.0799865722656,254.94000244140625,256.5400085449219,822100
2024-02-22,243.6222381591797,258.6700134277344,259.3299865722656,257.1600036621094,258.04998779296875,1398300
2024-02-23,244.9972686767578,260.1300048828125,260.989990234375,258.739990234375,258.739990234375,990600
2024-02-26,244.6393585205078,259.75,260.80999755859375,258.7099914550781,259.2300109863281,907200
2024-02-27,246.2969970703125,261.510009765625,261.7699890136719,258.6300048828125,260.8299865722656,1012300
2024-02-28,247.38949584960938,262.6700134277344,263.6700134277344,261.75,262.05999755859375,844300
2024-02-29,246.89974975585938,262.1499938964844,263.6300048828125,261.3800048828125,263.6300048828125,1370400
2024-03-01,245.05380249023438,260.19000244140625,262.0,258.260009765625,261.739990234375,1139800
2024-03-04,243.99893188476562,259.07000732421875,260.42999267578125,254.00999450683594,254.05999755859375,1652400
2024-03-05,242.87818908691406,257.8800048828125,260.8999938964844,257.2300109863281,259.1199951171875,1383700
2024-03-06,245.11972045898438,260.260009765625,261.7200012207031,258.4700012207031,258.8399963378906,1107300
2024-03-07,246.26878356933594,261.4800109863281,263.32000732421875,260.54998779296875,262.6499938964844,1160100
2024-03-08,245.9862060546875,261.17999267578125,262.9599914550781,260.7699890136719,261.9800109863281,912900
2024-03-11,246.55125427246094,261.7799987792969,261.9100036621094,259.42999267578125,261.7099914550781,1200400
2024-03-12,247.58731079101562,262.8800048828125,263.54998779296875,260.2900085449219,262.3299865722656,1053000
2024-03-13,247.38949584960938,262.6700134277344,264.1700134277344,261.9800109863281,263.6000061035156,1588300
2024-03-14,249.5086212158203,264.9200134277344,266.80999755859375,262.6400146484375,265.2200012207031,2400300
2024-03-15,251.39230346679688,266.9200134277344,266.95001220703125,262.80999755859375,262.80999755859375,11556400
2024-03-18,249.45211791992188,264.8599853515625,269.239990234375,264.6600036621094,269.0,970600
2024-03-19,250.83660888671875,266.3299865722656,267.0799865722656,263.82000732421875,263.82000732421875,1117500
2024-03-20,253.11581420898438,268.75,268.8599853515625,264.9800109863281,266.7900085449219,818600
2024-03-21,254.60391235351562,270.3299865722656,270.5400085449219,268.3599853515625,268.8699951171875,1164700
2024-03-22,253.03109741210938,268.6600036621094,271.1499938964844,268.3500061035156,270.8399963378906,1046200
2024-03-25,250.3939666748047,265.8599853515625,269.19000244140625,265.69000244140625,267.95001220703125,969600
2024-03-26,250.0454559326172,265.489990234375,267.1199951171875,265.2799987792969,265.9599914550781,978400
2024-03-27,253.94635009765625,268.2099914550781,268.2799987792969,265.55999755859375,265.7799987792969,887000
2024-03-28,254.0599365234375,268.3299865722656,269.69000244140625,267.3699951171875,269.0199890136719,1132500
2024-04-01,251.12489318847656,265.2300109863281,268.5899963378906,265.1499938964844,268.1300048828125,919900
2024-04-02,249.8939666748047,263.92999267578125,266.55999755859375,263.5899963378906,266.1000061035156,906700
2024-04-03,250.15911865234375,264.2099914550781,264.8800048828125,263.3299865722656,263.5400085449219,856700
2024-04-04,247.85830688476562,261.7799987792969,268.0400085449219,261.54998779296875,266.6099853515625,1064100
2024-04-05,248.95660400390625,262.94000244140625,264.260009765625,262.0299987792969,263.1199951171875,908500
2024-04-08,248.1044921875,262.0400085449219,264.7099914550781,261.79998779296875,263.7799987792969,771800
2024-04-09,248.6157989501953,262.5799865722656,264.4100036621094,259.8900146484375,262.5299987792969,917200
2024-04-10,245.50074768066406,259.2900085449219,261.29998779296875,257.7099914550781,260.4200134277344,761800
2024-04-11,243.9763641357422,257.67999267578125,260.75,257.239990234375,258.9599914550781,1104300
2024-04-12,240.02813720703125,253.50999450683594,256.30999755859375,251.9499969482422,255.6999969482422,1132400
2024-04-15,240.3311004638672,253.8300018310547,257.5799865722656,253.38999938964844,256.4800109863281,2036400
2024-04-16,237.85043334960938,251.2100067138672,254.32000732421875,250.80999755859375,253.86000061035156,1032100
2024-04-17,236.26925659179688,249.5399932861328,252.85000610351562,249.02999877929688,252.74000549316406,845300
2024-04-18,235.5970001220703,248.8300018310547,250.82000732421875,248.0800018310547,250.52999877929688,810800
2024-04-19,237.1403350830078,250.4600067138672,250.9199981689453,248.47999572753906,249.41000366210938,2118600
2024-04-22,236.66693115234375,249.9600067138672,252.7100067138672,249.3800048828125,251.11000061035156,1004400
2024-04-23,237.31072998046875,250.63999938964844,252.47999572753906,250.1300048828125,250.6699981689453,891200
2024-04-24,238.37118530273438,251.75999450683594,251.94000244140625,249.22000122070312,250.1699981689453,1252500
2024-04-25,234.96266174316406,248.16000366210938,251.97999572753906,247.14999389648438,250.24000549316406,1144700
2024-04-26,235.0762481689453,248.27999877929688,250.08999633789062,247.7899932861328,247.7899932861328,947200
2024-04-29,235.98521423339844,249.24000549316406,250.94000244140625,248.02999877929688,248.02999877929688,1629700
2024-04-30,231.12803649902344,244.11000061035156,251.75,242.6300048828125,250.42999267578125,2423700
2024-05-01,229.38589477539062,242.27000427246094,245.83999633789062,241.94000244140625,244.88999938964844,1304300
2024-05-02,229.16810607910156,242.0399932861328,243.3000030517578,239.4600067138672,242.7100067138672,1325900
2024-05-03,230.94813537597656,243.9199981689453,244.52000427246094,241.24000549316406,243.16000366210938,929900
2024-05-06,232.15061950683594,245.19000244140625,246.19000244140625,243.52999877929688,245.0399932861328,758700
2024-05-07,233.99688720703125,247.13999938964844,248.0,246.16000366210938,246.8800048828125,728800
2024-05-08,234.24307250976562,247.39999389648438,247.85000610351562,245.92999267578125,246.69000244140625,621400
2024-05-09,236.44915771484375,249.72999572753906,249.80999755859375,247.47999572753906,247.47999572753906,574700
2024-05-10,237.01724243164062,250.3300018310547,251.0399932861328,249.0,250.72999572753906,585400
2024-05-13,236.97935485839844,250.2899932861328,251.9499969482422,249.72000122070312,251.0800018310547,628500
2024-05-14,236.1177520751953,249.3800048828125,252.35000610351562,249.3000030517578,251.72999572753906,781000
2024-05-15,235.84317016601562,249.08999633789062,251.6999969482422,248.47000122070312,250.42999267578125,1045200
2024-05-16,236.48704528808594,249.77000427246094,250.22000122070312,246.60000610351562,248.42999267578125,1113200
2024-05-17,237.27288818359375,250.60000610351562,250.7100067138672,248.47000122070312,250.22000122070312,961800
2024-05-20,237.26341247558594,250.58999633789062,251.14999389648438,249.0399932861328,250.6199951171875,701400
2024-05-21,235.54965209960938,248.77999877929688,250.63999938964844,248.5500030517578,250.35000610351562,901200
2024-05-22,235.51177978515625,248.74000549316406,249.97999572753906,247.5399932861328,247.9600067138672,975000
2024-05-23,228.60948181152344,241.4499969482422,245.64999389648438,240.27000427246094,245.64999389648438,1621100
2024-05-24,227.30288696289062,240.07000732421875,242.52999877929688,238.83999633789062,241.9600067138672,997900
2024-05-28,224.78436279296875,237.41000366210938,241.13999938964844,236.83999633789062,239.85000610351562,1224800
2024-05-29,222.511962890625,235.00999450683594,236.77999877929688,234.60000610351562,235.55999755859375,1075400
2024-05-30,225.15362548828125,237.8000030517578,237.97999572753906,234.86000061035156,235.00999450683594,1053400
2024-05-31,229.84034729003906,242.75,243.0500030517578,237.47000122070312,237.83999633789062,2501400
2024-06-03,227.113525390625,239.8699951171875,243.50999450683594,238.0,242.88999938964844,1022200
2024-06-04,227.87095642089844,240.6699981689453,242.1300048828125,238.82000732421875,238.82000732421875,1260100
2024-06-05,228.56214904785156,241.39999389648438,242.1199951171875,239.42999267578125,241.1699981689453,582100
2024-06-06,228.155029296875,240.97000122070312,241.97000122070312,239.4600067138672,240.6999969482422,730200
2024-06-07,227.63424682617188,240.4199981689453,242.11000061035156,239.63999938964844,240.8300018310547,670900
2024-06-10,226.6400909423828,239.3699951171875,240.27000427246094,238.67999267578125,239.67999267578125,655200
2024-06-11,225.5701904296875,238.24000549316406,238.47999572753906,236.50999450683594,238.36000061035156,845100
2024-06-12,227.0567169189453,239.80999755859375,242.35000610351562,238.83999633789062,240.5,788400
2024-06-13,227.8046875,240.60000610351562,240.77999877929688,237.02000427246094,238.82000732421875,842800
2024-06-14,222.6634521484375,235.1699981689453,239.42999267578125,232.97999572753906,238.39999389648438,1019500
2024-06-17,226.24244689941406,238.9499969482422,239.5800018310547,235.1999969482422,235.55999755859375,1170200
2024-06-18,227.7005615234375,240.49000549316406,241.77000427246094,239.3000030517578,239.5399932861328,823400
2024-06-20,230.3895263671875,243.3300018310547,243.85000610351562,239.39999389648438,240.14999389648438,1193100
2024-06-21,227.61532592773438,240.39999389648438,243.91000366210938,239.8300018310547,243.3699951171875,1795800
2024-06-24,229.68885803222656,242.58999633789062,244.22999572753906,240.0,241.3699951171875,1296100
2024-06-25,225.29562377929688,237.9499969482422,241.7899932861328,237.0800018310547,241.52000427246094,793800
2024-06-26,226.17617797851562,238.8800048828125,239.30999755859375,235.0,236.7100067138672,855800
2024-06-27,224.76541137695312,237.38999938964844,239.24000549316406,235.85000610351562,238.61000061035156,1158300
2024-06-28,225.68927001953125,236.9600067138672,238.72000122070312,235.35000610351562,236.74000549316406,3403600
2024-07-01,222.30810546875,233.41000366210938,238.83999633789062,232.77000427246094,238.49000549316406,913000
2024-07-02,224.3082275390625,235.50999450683594,235.6699981689453,233.33999633789062,233.33999633789062,949400
2024-07-03,224.76541137695312,235.99000549316406,237.47999572753906,235.02000427246094,236.61000061035156,475400
2024-07-05,222.05096435546875,233.13999938964844,236.0,232.8000030517578,236.0,1312100
2024-07-08,222.7843475341797,233.91000366210938,235.22000122070312,232.80999755859375,233.77999877929688,992800
2024-07-09,222.9272003173828,234.05999755859375,235.41000366210938,232.97000122070312,232.97000122070312,804500
2024-07-10,224.689208984375,235.91000366210938,235.94000244140625,233.1699981689453,233.27000427246094,859200
2024-07-11,228.765625,240.19000244140625,241.63999938964844,236.00999450683594,236.85000610351562,909300
2024-07-12,234.2326202392578,245.92999267578125,247.02000427246094,241.5800018310547,242.38999938964844,1072300
2024-07-15,234.9945831298828,246.72999572753906,248.0,244.91000366210938,245.9199981689453,890800
2024-07-16,241.4330596923828,253.49000549316406,253.58999633789062,247.8000030517578,247.8000030517578,983600
2024-07-17,241.8140106201172,253.88999938964844,255.0,252.6199951171875,253.27999877929688,782200
2024-07-18,237.43280029296875,249.2899932861328,254.94000244140625,249.0399932861328,251.02000427246094,1202700
2024-07-19,231.0800323486328,242.6199951171875,250.27999877929688,241.82000732421875,250.07000732421875,2575400
2024-07-22,233.71832275390625,245.38999938964844,245.74000549316406,240.47000122070312,244.11000061035156,763300
2024-07-23,231.49913024902344,243.05999755859375,245.75,242.74000549316406,244.6199951171875,642900
2024-07-24,227.91798400878906,239.3000030517578,244.2100067138672,238.58999633789062,241.82000732421875,893000
2024-07-25,232.2324981689453,243.8300018310547,246.89999389648438,238.5,239.19000244140625,970500
2024-07-26,235.71839904785156,247.49000549316406,248.7899932861328,243.69000244140625,245.47999572753906,882200
2024-07-29,236.2231903076172,248.02000427246094,249.9199981689453,246.5800018310547,247.6999969482422,1312400
2024-07-30,237.4804229736328,249.33999633789062,256.32000732421875,240.02000427246094,255.44000244140625,1814600
2024-07-31,235.5184326171875,247.27999877929688,250.24000549316406,245.77999877929688,249.24000549316406,1813600
2024-08-01,230.7371826171875,242.25999450683594,248.97999572753906,240.9199981689453,247.52999877929688,1217100
2024-08-02,232.25155639648438,243.85000610351562,244.07000732421875,237.9199981689453,240.57000732421875,1281600
2024-08-05,227.97511291503906,239.36000061035156,242.74000549316406,237.5500030517578,241.9499969482422,1190100
2024-08-06,227.03219604492188,238.3699951171875,242.11000061035156,237.55999755859375,239.83999633789062,1059600
2024-08-07,225.5940399169922,236.86000061035156,243.6300048828125,236.41000366210938,240.1999969482422,838300
2024-08-08,228.36561584472656,239.77000427246094,240.13999938964844,237.02999877929688,238.0,800500
2024-08-09,227.83226013183594,239.2100067138672,240.2100067138672,236.2899932861328,239.14999389648438,652500
2024-08-12,225.3654327392578,236.6199951171875,240.0,236.35000610351562,239.1999969482422,870800
2024-08-13,227.40365600585938,238.75999450683594,239.47000122070312,235.49000549316406,237.3800048828125,598800
2024-08-14,227.3084259033203,238.66000366210938,240.5399932861328,237.9600067138672,238.61000061035156,554600
2024-08-15,228.8323211669922,240.25999450683594,242.8000030517578,239.5,241.16000366210938,970000
2024-08-16,230.4324188232422,241.94000244140625,242.7100067138672,239.5399932861328,239.5399932861328,895100
2024-08-19,231.11814880371094,242.66000366210938,243.10000610351562,241.0500030517578,242.57000732421875,571600
2024-08-20,231.80389404296875,243.3800048828125,243.92999267578125,241.85000610351562,242.5800018310547,569800
2024-08-21,234.8993377685547,246.6300048828125,246.77000427246094,243.44000244140625,244.4199981689453,668600
2024-08-22,234.14688110351562,245.83999633789062,247.05999755859375,244.57000732421875,246.6300048828125,595400
2024-08-23,235.24220275878906,246.99000549316406,248.89999389648438,245.63999938964844,246.86000061035156,494800
2024-08-26,236.775634765625,248.60000610351562,250.2100067138672,247.25,247.83999633789062,620700
2024-08-27,237.41375732421875,249.27000427246094,249.72999572753906,247.91000366210938,248.69000244140625,763300
2024-08-28,236.73751831054688,248.55999755859375,250.7100067138672,247.75,249.42999267578125,725100
2024-08-29,238.52810668945312,250.44000244140625,251.94000244140625,248.77000427246094,250.14999389648438,585600
2024-08-30,241.13778686523438,253.17999267578125,253.75,249.52999877929688,250.6999969482422,822600
2024-09-03,237.8994903564453,249.77999877929688,252.97999572753906,248.41000366210938,252.5,959100
2024-09-04,233.0896759033203,244.72999572753906,250.0,242.75,249.5500030517578,1052300
2024-09-05,231.49913024902344,243.05999755859375,244.85000610351562,241.19000244140625,244.85000610351562,866000
2024-09-06,232.013427734375,243.60000610351562,245.8300018310547,242.33999633789062,242.99000549316406,754300
2024-09-09,235.00411987304688,246.74000549316406,247.3300018310547,244.38999938964844,245.16000366210938,971500
2024-09-10,235.79461669921875,247.57000732421875,248.1999969482422,244.9499969482422,247.0,811400
2024-09-11,235.27078247070312,247.02000427246094,248.10000610351562,241.47000122070312,247.6699981689453,1027000
2024-09-12,236.3946533203125,248.1999969482422,248.4499969482422,244.44000244140625,247.52999877929688,629000
2024-09-13,239.77578735351562,251.75,252.3000030517578,248.07000732421875,248.83999633789062,669600
2024-09-16,242.99502563476562,255.1300048828125,255.39999389648438,252.2100067138672,253.41000366210938,690100
2024-09-17,242.60452270507812,254.72000122070312,258.3800048828125,254.05999755859375,255.64999389648438,812900
2024-09-18,240.93777465820312,252.97000122070312,256.6499938964844,252.6199951171875,254.97000122070312,826300
2024-09-19,245.69039916992188,257.9599914550781,259.0299987792969,254.9600067138672,256.5400085449219,727600
2024-09-20,242.2235565185547,254.32000732421875,256.5899963378906,253.36000061035156,256.5899963378906,1773000
2024-09-23,244.44273376464844,256.6499938964844,256.92999267578125,253.02999877929688,254.50999450683594,716200
2024-09-24,246.2237548828125,258.5199890136719,259.7099914550781,256.69000244140625,258.2099914550781,709900
2024-09-25,245.78565979003906,258.05999755859375,259.7900085449219,257.5199890136719,259.05999755859375,1150200
2024-09-26,249.53829956054688,262.0,263.2300109863281,259.1499938964844,260.0,730600
2024-09-27,251.41453552246094,263.9700012207031,267.70001220703125,262.80999755859375,263.0,1066400
2024-09-30,251.03143310546875,262.07000732421875,263.0299987792969,259.3299865722656,262.1499938964844,876500
2024-10-01,250.3417510986328,261.3500061035156,262.1700134277344,258.6300048828125,262.0199890136719,754500
2024-10-02,250.8590087890625,261.8900146484375,262.3999938964844,260.0,260.3699951171875,776200
2024-10-03,249.0390167236328,259.989990234375,262.05999755859375,257.6000061035156,260.3900146484375,827700
2024-10-04,247.5255889892578,258.4100036621094,261.4100036621094,256.489990234375,260.9599914550781,624300
2024-10-07,245.2554168701172,256.0400085449219,258.1300048828125,255.1300048828125,256.4100036621094,521000
2024-10-08,244.94888305664062,255.72000122070312,257.010009765625,253.1199951171875,256.29998779296875,529800
2024-10-09,247.11367797851562,257.9800109863281,259.2900085449219,254.33999633789062,255.61000061035156,717400
2024-10-10,246.01211547851562,256.8299865722656,257.8299865722656,255.25999450683594,257.3800048828125,582200
2024-10-11,249.6137237548828,260.5899963378906,260.9200134277344,257.3900146484375,257.3900146484375,664200
2024-10-14,250.48544311523438,261.5,261.8999938964844,258.94000244140625,259.8399963378906,513500
2024-10-15,250.3417510986328,261.3500061035156,264.7699890136719,261.2900085449219,262.7200012207031,729600
2024-10-16,249.8436279296875,260.8299865722656,263.239990234375,259.3399963378906,260.989990234375,682200
2024-10-17,249.68077087402344,260.6600036621094,262.20001220703125,258.95001220703125,261.94000244140625,684100
2024-10-18,250.03521728515625,261.0299987792969,261.95001220703125,259.6300048828125,261.8699951171875,699700
2024-10-21,247.4872589111328,258.3699951171875,261.0199890136719,257.739990234375,260.29998779296875,559200
2024-10-22,246.15582275390625,256.9800109863281,259.2900085449219,254.25,257.9700012207031,852500
2024-10-23,245.5236358642578,256.32000732421875,257.989990234375,255.5500030517578,256.4599914550781,860800
2024-10-24,244.76687622070312,255.52999877929688,257.1600036621094,254.05999755859375,256.1499938964844,666000
2024-10-25,243.3779754638672,254.0800018310547,257.1600036621094,253.8300018310547,257.1400146484375,730700
2024-10-28,246.05043029785156,256.8699951171875,258.5199890136719,255.72000122070312,255.72000122070312,753800
2024-10-29,245.2554168701172,256.0400085449219,257.54998779296875,253.0,255.4499969482422,1304900
2024-10-30,253.19618225097656,264.3299865722656,264.75,253.4600067138672,263.0,1655900
2024-10-31,250.13096618652344,261.1300048828125,265.3900146484375,260.80999755859375,264.6400146484375,1267500
2024-11-01,251.99887084960938,263.0799865722656,264.2799987792969,260.739990234375,261.9800109863281,882600
2024-11-04,252.76516723632812,263.8800048828125,265.45001220703125,262.0,263.6199951171875,737100
2024-11-05,255.207763671875,266.42999267578125,266.9599914550781,262.1300048828125,263.3599853515625,794700
2024-11-06,263.8670654296875,275.4700012207031,277.5799865722656,272.0400085449219,272.95001220703125,1151600
2024-11-07,261.4148254394531,272.9100036621094,275.9599914550781,271.2900085449219,275.67999267578125,833500
2024-11-08,260.4952697753906,271.95001220703125,275.7300109863281,271.82000732421875,272.6099853515625,833600
2024-11-11,262.717529296875,274.2699890136719,275.5299987792969,272.54998779296875,272.54998779296875,791900
2024-11-12,259.77685546875,271.20001220703125,274.3599853515625,271.0199890136719,273.260009765625,758100
2024-11-13,261.46270751953125,272.9599914550781,273.3599853515625,268.8900146484375,269.8999938964844,1305700
2024-11-14,258.50286865234375,269.8699951171875,273.6000061035156,269.6199951171875,272.489990234375,805200
2024-11-15,259.2212829589844,270.6199951171875,272.80999755859375,269.3500061035156,269.4100036621094,911500
2024-11-18,258.68487548828125,270.05999755859375,272.29998779296875,269.3900146484375,270.0799865722656,711300
2024-11-19,255.2365264892578,266.4599914550781,268.7799987792969,266.1099853515625,267.8999938964844,615300
2024-11-20,255.159912109375,266.3800048828125,267.4100036621094,264.30999755859375,267.010009765625,856900
2024-11-21,258.4837341308594,269.8500061035156,271.19000244140625,265.4599914550781,266.3800048828125,764000
2024-11-22,262.4110412597656,273.95001220703125,274.3399963378906,269.57000732421875,270.82000732421875,950500
2024-11-25,264.7290344238281,276.3699951171875,277.94000244140625,274.0299987792969,274.8900146484375,1392100
2024-11-26,264.8632507324219,276.510009765625,276.7799987792969,273.1300048828125,275.6300048828125,828400
2024-11-27,264.41302490234375,276.0400085449219,279.1300048828125,275.6400146484375,276.6400146484375,796000
2024-11-29,265.8306579589844,277.5199890136719,278.7699890136719,274.54998779296875,275.2900085449219,570800
2024-12-02,266.76934814453125,278.5,278.8599853515625,275.739990234375,278.1099853515625,913800
2024-12-03,264.3650817871094,275.989990234375,278.9800109863281,274.4700012207031,278.0199890136719,723500
2024-12-04,264.2788391113281,275.8999938964844,277.3800048828125,274.7900085449219,275.44000244140625,903100
2024-12-05,263.6753845214844,275.2699890136719,278.2099914550781,274.4800109863281,277.07000732421875,716900
2024-12-06,262.00872802734375,273.5299987792969,277.239990234375,273.29998779296875,276.4599914550781,536500
2024-12-09,262.5259704589844,274.07000732421875,276.239990234375,273.3299865722656,273.95001220703125,817000
2024-12-10,262.21942138671875,273.75,275.17999267578125,269.9700012207031,273.8399963378906,830800
2024-12-11,261.46270751953125,272.9599914550781,276.4200134277344,272.510009765625,274.80999755859375,707400
2024-12-12,261.6159973144531,273.1199951171875,274.3699951171875,271.6300048828125,273.6400146484375,555300
2024-12-13,260.64849853515625,272.1099853515625,273.2699890136719,270.6600036621094,272.8599853515625,536800
2024-12-16,258.3017272949219,269.6600036621094,272.3500061035156,269.1400146484375,272.1099853515625,822600
2024-12-17,256.5967102050781,267.8800048828125,271.1499938964844,267.010009765625,268.5199890136719,889900
2024-12-18,250.226806640625,261.2300109863281,270.0,261.0400085449219,267.42999267578125,854200
2024-12-19,247.23818969726562,258.1099853515625,263.8699951171875,257.8699951171875,262.42999267578125,1464600
2024-12-20,247.91831970214844,258.82000732421875,262.3500061035156,257.260009765625,257.7099914550781,2692500
2024-12-23,246.78802490234375,257.6400146484375,259.19000244140625,256.2099914550781,257.9200134277344,684500
2024-12-24,248.25355529785156,259.1700134277344,259.1700134277344,256.4800109863281,257.7900085449219,356900
2024-12-26,247.87042236328125,258.7699890136719,259.3299865722656,257.3999938964844,258.1300048828125,423200
2024-12-27,245.743896484375,256.54998779296875,259.25,255.2899932861328,256.9200134277344,489000
2024-12-30,244.09637451171875,254.8300018310547,255.7100067138672,252.41000366210938,255.14999389648438,1292000
2024-12-31,244.31797790527344,253.55999755859375,255.13999938964844,252.72000122070312,253.7899932861328,694400
2025-01-02,240.91664123535156,250.02999877929688,255.9499969482422,249.88999938964844,254.82000732421875,748100
2025-01-03,243.09425354003906,252.2899932861328,253.02999877929688,248.6199951171875,250.3800048828125,866800
2025-01-06,241.23460388183594,250.36000061035156,254.5800018310547,249.77999877929688,252.32000732421875,790900
2025-01-07,239.52914428710938,248.58999633789062,252.4499969482422,247.9600067138672,250.5,685400
2025-01-08,238.58485412597656,247.61000061035156,248.60000610351562,246.66000366210938,247.25999450683594,1081900
2025-01-10,235.97361755371094,244.89999389648438,247.4600067138672,242.69000244140625,245.11000061035156,1152600
2025-01-13,240.5986785888672,249.6999969482422,249.83999633789062,243.72999572753906,243.97999572753906,1182600
2025-01-14,243.74949645996094,252.97000122070312,253.33999633789062,250.4199981689453,250.4199981689453,792300
2025-01-15,244.5492401123047,253.8000030517578,256.6700134277344,253.72999572753906,256.3800048828125,712600
2025-01-16,246.60159301757812,255.92999267578125,256.3500061035156,253.05999755859375,253.9199981689453,876500
2025-01-17,247.0352020263672,256.3800048828125,258.0,256.17999267578125,257.5,844800
2025-01-21,251.86257934570312,261.3900146484375,262.3699951171875,258.4200134277344,258.4200134277344,718400
2025-01-22,249.6946258544922,259.1400146484375,261.19000244140625,258.3800048828125,260.6000061035156,899500
2025-01-23,250.4268798828125,259.8999938964844,260.1499938964844,257.9800109863281,259.6700134277344,610800
2025-01-24,250.4268798828125,259.8999938964844,260.489990234375,258.5,259.5199890136719,828400
2025-01-27,254.7821807861328,264.4200134277344,265.1199951171875,260.2300109863281,260.2300109863281,1011400
2025-01-28,249.28025817871094,258.7099914550781,263.55999755859375,258.6000061035156,262.5899963378906,905300
2025-01-29,247.0352020263672,256.3800048828125,259.5899963378906,256.05999755859375,258.0,815200
2025-01-30,250.6485137939453,260.1300048828125,260.25,256.9200134277344,257.4700012207031,1166300
2025-01-31,249.71385192871094,259.1600036621094,261.8999938964844,258.57000732421875,259.3999938964844,1253900
2025-02-03,246.1294403076172,255.44000244140625,257.45001220703125,251.99000549316406,255.5,1300500
2025-02-04,245.39715576171875,254.67999267578125,256.5199890136719,254.07000732421875,255.5,1331600
2025-02-05,244.97317504882812,254.24000549316406,254.4499969482422,244.69000244140625,248.0,2104300
2025-02-06,245.79222106933594,255.08999633789062,255.30999755859375,248.47000122070312,255.30999755859375,1231200
2025-02-07,246.2450714111328,255.55999755859375,255.89999389648438,252.8000030517578,255.89999389648438,1053700
2025-02-10,248.22032165527344,257.6099853515625,258.3699951171875,255.69000244140625,256.7900085449219,781200
2025-02-11,249.25135803222656,258.67999267578125,258.75,255.82000732421875,257.3399963378906,744300
2025-02-12,246.71722412109375,256.04998779296875,256.82000732421875,252.35000610351562,256.80999755859375,946200
2025-02-13,250.60995483398438,260.0899963378906,260.67999267578125,256.95001220703125,256.9599914550781,939500
2025-02-14,248.70211791992188,258.1099853515625,261.2200012207031,257.6700134277344,260.45001220703125,1013800
2025-02-18,252.69122314453125,262.25,262.29998779296875,257.6499938964844,258.0,817600
2025-02-19,254.47381591796875,264.1000061035156,264.3699951171875,261.260009765625,262.010009765625,818300
2025-02-20,255.86131286621094,265.5400085449219,265.8399963378906,262.8299865722656,263.239990234375,878400
2025-02-21,254.64724731445312,264.2799987792969,265.8699951171875,262.7300109863281,265.8699951171875,918400
2025-02-24,252.06494140625,261.6000061035156,266.6499938964844,261.0899963378906,264.3800048828125,1166800
2025-02-25,254.88809204101562,264.5299987792969,266.9800109863281,261.9599914550781,262.7900085449219,1283600
2025-02-26,251.88186645507812,261.4100036621094,264.3900146484375,260.5299987792969,264.2200012207031,1086800
2025-02-27,251.6313018798828,261.1499938964844,263.8500061035156,260.0299987792969,261.29998779296875,808100
2025-02-28,254.35813903808594,263.9800109863281,264.2099914550781,259.7200012207031,262.6700134277344,1437800
2025-03-03,252.67196655273438,262.2300109863281,267.42999267578125,260.6199951171875,266.0199890136719,1094600
2025-03-04,246.0138397216797,255.32000732421875,261.8699951171875,254.4499969482422,261.3999938964844,1495600
2025-03-05,251.5349578857422,261.04998779296875,261.82000732421875,255.10000610351562,256.260009765625,1351900
2025-03-06,255.4469451904297,265.1099853515625,265.7099914550781,258.4700012207031,260.2900085449219,1525900
2025-03-07,264.4754638671875,274.4800109863281,275.32000732421875,264.3699951171875,265.19000244140625,2321000
2025-03-10,257.9136962890625,267.6700134277344,278.1300048828125,267.05999755859375,273.239990234375,1829900
2025-03-11,245.5320587158203,254.82000732421875,267.8299865722656,254.60000610351562,267.3800048828125,1757500
2025-03-12,242.14036560058594,251.3000030517578,255.61000061035156,248.6300048828125,254.7899932861328,1717400
2025-03-13,241.24423217773438,250.3699951171875,256.0400085449219,248.83999633789062,250.1699981689453,1097300
2025-03-14,245.1851806640625,254.4600067138672,255.1300048828125,251.1199951171875,251.36000061035156,860600
2025-03-17,246.7943115234375,256.1300048828125,257.7099914550781,252.19000244140625,253.61000061035156,908400
2025-03-18,245.35862731933594,254.63999938964844,257.1300048828125,253.0,255.72999572753906,845200
2025-03-19,246.90029907226562,256.239990234375,257.29998779296875,254.1699981689453,254.63999938964844,883500
2025-03-20,244.12527465820312,253.36000061035156,255.97999572753906,252.13999938964844,254.25,842500
2025-03-21,242.17889404296875,251.33999633789062,251.8800048828125,248.16000366210938,251.4499969482422,1565900
2025-03-24,246.3221435546875,255.63999938964844,256.1400146484375,252.92999267578125,252.92999267578125,683800
2025-03-25,245.69586181640625,254.99000549316406,257.3999938964844,253.17999267578125,256.6700134277344,786000
2025-03-26,246.56304931640625,255.88999938964844,257.489990234375,253.72999572753906,255.22000122070312,891000
2025-03-27,242.77630615234375,251.9600067138672,256.80999755859375,250.07000732421875,256.3299865722656,1491800
2025-03-28,237.47679138183594,246.4600067138672,252.4600067138672,246.16000366210938,252.3800048828125,939500
2025-03-31,240.43357849121094,248.00999450683594,249.30999755859375,242.47000122070312,244.0399932861328,1546400
2025-04-01,241.10250854492188,248.6999969482422,249.83999633789062,246.3300018310547,247.25999450683594,1010600
2025-04-02,244.71856689453125,252.42999267578125,253.22999572753906,246.75999450683594,246.75999450683594,980200
2025-04-03,232.1254119873047,239.44000244140625,249.58999633789062,239.0399932861328,246.66000366210938,1492500
2025-04-04,218.67909240722656,225.57000732421875,235.64999389648438,224.94000244140625,233.49000549316406,2022700
2025-04-07,214.97581481933594,221.75,229.9199981689453,215.4600067138672,219.52000427246094,2341900
2025-04-08,211.7378387451172,218.41000366210938,228.86000061035156,214.66000366210938,228.0,1840000
2025-04-09,227.69500732421875,234.8699951171875,235.4199981689453,215.8699951171875,216.2100067138672,2113200
2025-04-10,219.8812255859375,226.80999755859375,231.66000366210938,219.85000610351562,229.5,1805300
2025-04-11,225.222900390625,232.32000732421875,233.77999877929688,223.69000244140625,226.22000122070312,1451500
2025-04-14,226.4153289794922,233.5500030517578,236.02000427246094,232.67999267578125,235.0,1129900
2025-04-15,224.42794799804688,231.5,234.91000366210938,231.27000427246094,232.5,669300
2025-04-16,222.7799072265625,229.8000030517578,233.44000244140625,227.6999969482422,230.8300018310547,1345900
2025-04-17,223.78811645507812,230.83999633789062,233.92999267578125,230.49000549316406,230.83999633789062,889300
2025-04-21,220.65676879882812,227.61000061035156,229.83999633789062,224.89999389648438,228.7899932861328,939100
2025-04-22,229.03285217285156,236.25,236.7899932861328,229.6999969482422,229.6999969482422,1295400
2025-04-23,229.46908569335938,236.6999969482422,244.27000427246094,235.89999389648438,241.0,1072500
2025-04-24,234.675048828125,242.07000732421875,242.47999572753906,236.5500030517578,238.02999877929688,957700
2025-04-25,232.1835479736328,239.5,242.02999877929688,238.22000122070312,241.75,1285800
2025-04-28,232.78460693359375,240.1199951171875,243.4600067138672,238.6199951171875,240.5,972700
2025-04-29,234.36480712890625,241.75,243.0399932861328,238.8300018310547,239.77000427246094,1472500
2025-04-30,232.5810546875,239.91000366210938,240.64999389648438,228.75999450683594,239.8800048828125,3721900
2025-05-01,231.9315185546875,239.24000549316406,244.0,238.33999633789062,241.00999450683594,1818200
2025-05-02,234.91741943359375,242.32000732421875,243.42999267578125,240.7100067138672,242.94000244140625,1543300
2025-05-05,233.51170349121094,240.8699951171875,242.8300018310547,239.38999938964844,240.64999389648438,942700
2025-05-06,232.54225158691406,239.8699951171875,241.16000366210938,238.5800018310547,239.4499969482422,1029700
2025-05-07,232.96881103515625,240.30999755859375,241.9600067138672,236.67999267578125,237.0,1552400
2025-05-08,235.6638946533203,243.08999633789062,246.02000427246094,241.63999938964844,242.72000122070312,1237900
2025-05-09,235.0919189453125,242.5,244.5399932861328,242.08999633789062,243.52000427246094,809900
2025-05-12,242.66334533691406,250.30999755859375,252.75,249.27999877929688,249.97000122070312,1142500
2025-05-13,241.529052734375,249.13999938964844,252.3800048828125,249.1199951171875,251.0,1184100
2025-05-14,237.65126037597656,245.13999938964844,248.5500030517578,244.6300048828125,248.5500030517578,1252300
2025-05-15,240.39480590820312,247.97000122070312,248.5399932861328,244.19000244140625,245.22999572753906,926600
2025-05-16,243.66188049316406,251.33999633789062,251.60000610351562,247.1199951171875,248.0,1179500
2025-05-19,244.02056884765625,251.7100067138672,252.47000122070312,248.85000610351562,248.85000610351562,739300
2025-05-20,242.3046417236328,249.94000244140625,252.1199951171875,248.91000366210938,251.5,954400
2025-05-21,237.17623901367188,244.64999389648438,248.2899932861328,244.1199951171875,247.0500030517578,772900
2025-05-22,237.23440551757812,244.7100067138672,246.25,243.05999755859375,243.88999938964844,831400
2025-05-23,234.4521026611328,241.83999633789062,242.83999633789062,240.89999389648438,241.52000427246094,752500
2025-05-27,239.15391540527344,246.69000244140625,247.16000366210938,243.1300048828125,244.67999267578125,789600
2025-05-28,236.38128662109375,243.8300018310547,247.5800018310547,243.50999450683594,246.97000122070312,661500
2025-05-29,238.22323608398438,245.72999572753906,245.72999572753906,243.0399932861328,245.7100067138672,713500
2025-05-30,237.59310913085938,245.0800018310547,246.22999572753906,243.39999389648438,245.19000244140625,2390400
2025-06-02,235.23733520507812,242.64999389648438,245.10000610351562,240.5,243.9600067138672,977600
2025-06-03,237.76760864257812,245.25999450683594,245.57000732421875,241.85000610351562,242.27999877929688,792800
2025-06-04,238.9794158935547,246.50999450683594,248.10000610351562,244.99000549316406,245.89999389648438,998900
2025-06-05,238.59161376953125,246.11000061035156,248.1300048828125,245.3300018310547,247.0800018310547,1090900
2025-06-06,239.99732971191406,247.55999755859375,249.7899932861328,246.5399932861328,248.5,604800
2025-06-09,239.7259063720703,247.27999877929688,248.86000061035156,246.1999969482422,247.99000549316406,718700
2025-06-10,241.39334106445312,249.0,249.9199981689453,246.5399932861328,248.00999450683594,632300
2025-06-11,239.08604431152344,246.6199951171875,249.42999267578125,246.02000427246094,249.42999267578125,727700
2025-06-12,238.49468994140625,246.00999450683594,246.88999938964844,244.27999877929688,245.4199981689453,651000
2025-06-13,234.1030731201172,241.47999572753906,244.99000549316406,241.02000427246094,243.8000030517578,801600
2025-06-16,236.98233032226562,244.4499969482422,245.14999389648438,242.61000061035156,244.24000549316406,671700
2025-06-17,233.81224060058594,241.17999267578125,244.50999450683594,240.77000427246094,243.35000610351562,678700
2025-06-18,233.93826293945312,241.30999755859375,243.0800018310547,240.80999755859375,241.0800018310547,673300
2025-06-20,233.26934814453125,240.6199951171875,243.27999877929688,239.61000061035156,242.67999267578125,1504300
2025-06-23,236.739990234375,244.1999969482422,244.39999389648438,239.55999755859375,240.9199981689453,668200
2025-06-24,238.2910919189453,245.8000030517578,246.38999938964844,242.92999267578125,245.3699951171875,1031400
2025-06-25,238.18447875976562,245.69000244140625,246.9600067138672,244.2100067138672,245.8000030517578,1165600
2025-06-26,239.21209716796875,246.75,247.5,245.3000030517578,246.11000061035156,867600
2025-06-27,240.48208618164062,248.05999755859375,249.64999389648438,246.6300048828125,247.6699981689453,971400
2025-06-30,241.15505981445312,247.25,247.41000366210938,245.19000244140625,246.1999969482422,930800
2025-07-01,248.8993377685547,255.19000244140625,257.6300048828125,245.17999267578125,246.07000732421875,1317800
2025-07-02,250.1282958984375,256.45001220703125,256.5299987792969,253.1199951171875,254.92999267578125,1121900
2025-07-03,252.1277313232422,258.5,258.69000244140625,255.63999938964844,256.0,759500
2025-07-07,248.38241577148438,254.66000366210938,259.75,253.88999938964844,257.9100036621094,974800
2025-07-08,251.54251098632812,257.8999938964844,259.260009765625,254.47999572753906,254.75999450683594,1572400
2025-07-09,253.346923828125,259.75,260.25,256.7900085449219,258.7300109863281,866300
2025-07-10,255.6585235595703,262.1199951171875,264.6099853515625,259.8900146484375,260.55999755859375,1097700
2025-07-11,253.29818725585938,259.70001220703125,260.7900085449219,258.6300048828125,259.9200134277344,745900
2025-07-14,251.26943969726562,257.6199951171875,258.9800109863281,255.74000549316406,258.42999267578125,664100
2025-07-15,250.05023193359375,256.3699951171875,259.54998779296875,256.29998779296875,258.989990234375,718200
2025-07-16,250.48915100097656,256.82000732421875,257.4599914550781,253.25,257.07000732421875,772800
2025-07-17,251.3474578857422,257.70001220703125,258.8399963378906,256.3599853515625,256.82000732421875,806500
2025-07-18,248.86032104492188,255.14999389648438,258.3500061035156,253.27999877929688,258.0899963378906,1029400
2025-07-21,248.36288452148438,254.63999938964844,257.6499938964844,254.55999755859375,256.19000244140625,754800
2025-07-22,253.71755981445312,260.1300048828125,260.7799987792969,254.97999572753906,255.27000427246094,765300
2025-07-23,256.7508850097656,263.239990234375,263.760009765625,260.69000244140625,260.7799987792969,930000
2025-07-24,255.37564086914062,261.8299865722656,263.79998779296875,260.55999755859375,262.2300109863281,794200
2025-07-25,255.24887084960938,261.70001220703125,263.6600036621094,260.7300109863281,263.05999755859375,1093000
2025-07-28,253.60052490234375,260.010009765625,262.1700134277344,259.4200134277344,261.3999938964844,754800
2025-07-29,253.1031036376953,259.5,261.04998779296875,256.6700134277344,260.7900085449219,1847100
2025-07-30,247.4167938232422,253.6699981689453,257.7900085449219,251.35000610351562,257.7900085449219,1985400
2025-07-31,249.6601104736328,255.97000122070312,257.42999267578125,251.24000549316406,251.24000549316406,1676700
2025-08-01,246.09033203125,252.30999755859375,253.89999389648438,249.6699981689453,253.47999572753906,1236400
2025-08-04,247.32901000976562,253.5800018310547,255.39999389648438,251.85000610351562,252.30999755859375,910000
2025-08-05,249.72837829589844,256.0400085449219,256.8999938964844,252.69000244140625,255.25,819400
2025-08-06,251.16217041015625,257.510009765625,259.2200012207031,255.27000427246094,256.6400146484375,1162600
2025-08-07,250.4501495361328,256.7799987792969,259.7799987792969,256.2300109863281,259.25,1021300
2025-08-08,250.65496826171875,256.989990234375,258.9599914550781,256.5899963378906,256.7799987792969,541100
2025-08-11,250.5574493408203,256.8900146484375,258.4800109863281,256.1099853515625,257.5899963378906,622700
2025-08-12,254.05894470214844,260.4800109863281,261.0,257.5799865722656,258.3500061035156,637800
2025-08-13,260.7303466796875,267.32000732421875,267.44000244140625,260.5799865722656,261.45001220703125,1131200
2025-08-14,256.0193786621094,262.489990234375,264.6499938964844,261.4200134277344,263.260009765625,1173400
2025-08-15,252.26431274414062,258.6400146484375,263.8999938964844,258.2699890136719,263.0,1115100
2025-08-18,252.8300018310547,259.2200012207031,260.30999755859375,256.42999267578125,258.6700134277344,638200
2025-08-19,257.4336242675781,263.94000244140625,264.489990234375,259.70001220703125,259.8699951171875,1002500
2025-08-20,255.5609588623047,262.0199890136719,265.5400085449219,261.8900146484375,263.8900146484375,943100
2025-08-21,254.5661163330078,261.0,262.94000244140625,260.989990234375,261.0299987792969,1030200
2025-08-22,262.768798828125,269.4100036621094,269.82000732421875,262.0,262.0,1069400
2025-08-25,260.1645812988281,266.739990234375,270.739990234375,266.4700012207031,269.4800109863281,691400
2025-08-26,259.67694091796875,266.239990234375,268.3999938964844,265.5799865722656,266.70001220703125,1393400
2025-08-27,260.25238037109375,266.8299865722656,268.25,265.57000732421875,265.57000732421875,659400
2025-08-28,259.19903564453125,265.75,268.0,263.6600036621094,267.5,725300
2025-08-29,258.1261291503906,264.6499938964844,267.1499938964844,264.0400085449219,266.07000732421875,963400
2025-09-02,255.7950439453125,262.260009765625,263.2699890136719,260.75,263.2699890136719,898300
2025-09-03,254.80996704101562,261.25,262.42999267578125,259.9700012207031,261.95001220703125,719100
2025-09-04,259.1209716796875,265.6700134277344,265.760009765625,260.5899963378906,261.8399963378906,639300
2025-09-05,259.67694091796875,266.239990234375,268.67999267578125,264.5199890136719,266.69000244140625,583100
2025-09-08,260.1061096191406,266.67999267578125,266.9100036621094,263.6199951171875,265.510009765625,799200
2025-09-09,255.7169952392578,262.17999267578125,265.6000061035156,261.3500061035156,265.1199951171875,630900
2025-09-10,256.077880859375,262.54998779296875,264.57000732421875,261.1700134277344,261.32000732421875,817300
2025-09-11,259.8037414550781,266.3699951171875,266.92999267578125,261.6400146484375,262.2699890136719,1040300
2025-09-12,256.867919921875,263.3599853515625,265.9700012207031,262.92999267578125,265.2799987792969,668400
2025-09-15,257.3653869628906,263.8699951171875,264.8299865722656,262.5400085449219,264.57000732421875,801000
2025-09-16,255.38540649414062,261.8399963378906,264.4599914550781,261.05999755859375,262.989990234375,828700
2025-09-17,256.0096130371094,262.4800109863281,268.0,261.79998779296875,262.7099914550781,963800
2025-09-18,257.0922546386719,263.5899963378906,265.2300109863281,262.2799987792969,262.75,698700
2025-09-19,255.40487670898438,261.8599853515625,264.04998779296875,261.5,264.04998779296875,1915400
2025-09-22,254.4588165283203,260.8900146484375,262.0,260.1099853515625,261.3699951171875,692300
2025-09-23,254.78070068359375,261.2200012207031,263.29998779296875,260.010009765625,261.489990234375,829700
2025-09-24,253.1615753173828,259.55999755859375,261.8800048828125,258.5899963378906,260.4200134277344,693300
2025-09-25,251.53277587890625,257.8900146484375,259.5799865722656,257.29998779296875,258.3599853515625,678600
2025-09-26,254.6051483154297,261.0400085449219,261.4700012207031,257.1600036621094,258.8900146484375,533800
2025-09-29,254.93673706054688,261.3800048828125,263.20001220703125,260.7300109863281,262.4599914550781,840000
2025-09-30,255.90834045410156,260.760009765625,261.6400146484375,258.3900146484375,259.07000732421875,1097800
2025-10-01,255.083984375,259.9200134277344,260.5799865722656,258.0,259.32000732421875,874000
2025-10-02,255.87889099121094,260.7300109863281,262.1000061035156,258.20001220703125,258.8800048828125,733200
2025-10-03,255.16246032714844,260.0,262.75,259.92999267578125,260.2799987792969,740600
2025-10-06,253.89645385742188,258.7099914550781,260.0,256.739990234375,259.3399963378906,844500
2025-10-07,250.9915313720703,255.75,259.6099853515625,255.4199981689453,259.3500061035156,932400
2025-10-08,248.04736328125,252.75,256.260009765625,251.82000732421875,256.2200012207031,1525400
2025-10-09,243.6703338623047,248.2899932861328,254.3000030517578,247.49000549316406,253.55999755859375,1145700
2025-10-10,240.3728485107422,244.92999267578125,249.94000244140625,244.22999572753906,248.9199981689453,1271300
2025-10-13,239.91159057617188,244.4600067138672,247.35000610351562,243.5,246.5399932861328,1071800
2025-10-14,243.47406005859375,248.08999633789062,249.52999877929688,242.52999877929688,242.75,1114900
2025-10-15,243.0814971923828,247.69000244140625,249.75,245.8000030517578,248.57000732421875,720400
2025-10-16,242.345458984375,246.94000244140625,248.44000244140625,245.42999267578125,248.44000244140625,704500
2025-10-17,244.62228393554688,249.25999450683594,249.52000427246094,246.8000030517578,247.36000061035156,889000
2025-10-20,247.6842498779297,252.3800048828125,252.8300018310547,249.1699981689453,249.1699981689453,1001400
2025-10-21,252.35568237304688,257.1400146484375,258.1700134277344,251.41000366210938,251.67999267578125,1077200
2025-10-22,248.2534637451172,252.9600067138672,258.42999267578125,252.91000366210938,256.7900085449219,1317000
2025-10-23,252.65008544921875,257.44000244140625,258.010009765625,252.1999969482422,254.57000732421875,2046500
2025-10-24,241.17759704589844,245.75,250.7100067138672,242.8000030517578,249.0,3222700
2025-10-27,243.1992645263672,247.80999755859375,248.8000030517578,245.42999267578125,248.77000427246094,2010200
2025-10-28,241.29534912109375,245.8699951171875,249.5800018310547,245.6999969482422,247.67999267578125,1558000
2025-10-29,237.5268096923828,242.02999877929688,247.1199951171875,241.22999572753906,244.83999633789062,1797200
2025-10-30,239.1068572998047,243.63999938964844,247.36000061035156,240.6699981689453,241.47000122070312,1346800
2025-10-31,239.38165283203125,243.9199981689453,244.8300018310547,241.0399932861328,241.72999572753906,1649500
2025-11-03,238.60635375976562,243.1300048828125,243.69000244140625,240.52000427246094,242.89999389648438,1250100
2025-11-04,240.363037109375,244.9199981689453,245.38999938964844,242.02000427246094,242.61000061035156,1420000
2025-11-05,240.5004425048828,245.05999755859375,246.44000244140625,243.02999877929688,244.60000610351562,1591100
2025-11-06,239.7545928955078,244.3000030517578,247.08999633789062,243.27000427246094,244.77999877929688,915900
2025-11-07,240.9224395751953,245.49000549316406,246.64999389648438,243.27000427246094,244.32000732421875,1077200
2025-11-10,239.72512817382812,244.27000427246094,245.94000244140625,241.72000122070312,245.19000244140625,1069100
2025-11-11,240.79486083984375,245.36000061035156,246.36000061035156,244.63999938964844,245.5,662700
2025-11-12,240.86354064941406,245.42999267578125,247.85000610351562,245.10000610351562,245.63999938964844,695200
2025-11-13,240.72613525390625,245.2899932861328,247.00999450683594,244.33999633789062,245.0500030517578,1060100
2025-11-14,239.4307098388672,243.97000122070312,245.32000732421875,242.55999755859375,244.99000549316406,978500
2025-11-17,236.9183349609375,241.41000366210938,244.57000732421875,240.8300018310547,243.9499969482422,989500
2025-11-18,237.4286651611328,241.92999267578125,243.49000549316406,238.82000732421875,240.94000244140625,1365700
2025-11-19,236.5846710205078,241.07000732421875,243.17999267578125,239.52000427246094,241.72999572753906,990800
2025-11-20,236.61412048339844,241.10000610351562,244.05999755859375,239.24000549316406,243.0,1403300
2025-11-21,243.16001892089844,247.77000427246094,248.4499969482422,241.27999877929688,242.10000610351562,1548900
2025-11-24,238.0175018310547,242.52999877929688,248.35000610351562,242.35000610351562,247.2899932861328,2511800
2025-11-25,243.72921752929688,248.35000610351562,249.61000061035156,243.72000122070312,245.1699981689453,1070100
2025-11-26,244.35731506347656,248.99000549316406,250.52000427246094,246.02000427246094,247.1199951171875,725700
2025-11-28,244.6419219970703,249.27999877929688,250.3699951171875,248.27999877929688,248.27999877929688,452200
2025-12-01,242.88522338867188,247.49000549316406,250.2899932861328,247.1300048828125,247.32000732421875,1066900
2025-12-02,243.7586669921875,248.3800048828125,249.3699951171875,245.77000427246094,248.39999389648438,825200
2025-12-03,245.3877716064453,250.0399932861328,251.61000061035156,247.8300018310547,249.30999755859375,1062000
2025-12-04,244.7400665283203,249.3800048828125,251.5500030517578,248.42999267578125,250.69000244140625,1021600
2025-12-05,245.05410766601562,249.6999969482422,250.86000061035156,248.1300048828125,250.1199951171875,782700
2025-12-08,243.51332092285156,248.1300048828125,250.42999267578125,247.72999572753906,248.75999450683594,994500
2025-12-09,242.04122924804688,246.6300048828125,249.8000030517578,246.3699951171875,248.3300018310547,871900
2025-12-10,248.81285095214844,253.52999877929688,254.17999267578125,246.55999755859375,247.38999938964844,1231900
2025-12-11,252.62066650390625,257.4100036621094,258.1700134277344,254.11000061035156,254.99000549316406,1041100
2025-12-12,253.2192840576172,258.0199890136719,259.2699890136719,256.80999755859375,258.82000732421875,967300
2025-12-15,253.847412109375,258.6600036621094,259.7799987792969,257.8699951171875,259.0,1315700
2025-12-16,245.99624633789062,250.66000366210938,256.32000732421875,249.52999877929688,255.08999633789062,1735300
2025-12-17,247.703857421875,252.39999389648438,253.7100067138672,249.3699951171875,250.5399932861328,1317400
2025-12-18,246.50656127929688,251.17999267578125,254.27999877929688,250.6699981689453,252.57000732421875,1415900
2025-12-19,245.4859161376953,250.13999938964844,250.77000427246094,248.63999938964844,250.55999755859375,3335300
2025-12-22,246.8893280029297,251.57000732421875,252.97999572753906,248.82000732421875,250.1699981689453,768300
2025-12-23,247.14447021484375,251.8300018310547,253.0,251.22999572753906,251.86000061035156,594100
2025-12-24,247.26223754882812,251.9499969482422,252.6699981689453,251.10000610351562,251.8300018310547,291700
2025-12-26,247.76275634765625,252.4600067138672,252.92999267578125,251.5,251.58999633789062,412500
2025-12-29,247.53701782226562,252.22999572753906,253.58999633789062,251.60000610351562,252.4600067138672,1169000
2025-12-30,246.16307067871094,250.8300018310547,251.9600067138672,250.1300048828125,251.5,669100
2025-12-31,243.27890014648438,246.3000030517578,249.50999450683594,246.2899932861328,248.4199981689453,750500
2026-01-02,246.4396514892578,249.5,249.5500030517578,244.5500030517578,246.64999389648438,1622700
2026-01-05,246.52853393554688,249.58999633789062,251.30999755859375,247.61000061035156,248.55999755859375,2419000
2026-01-06,251.03260803222656,254.14999389648438,254.1999969482422,247.5500030517578,248.35000610351562,1860800
2026-01-07,243.96044921875,246.99000549316406,255.0800018310547,246.3699951171875,254.47999572753906,1363700
2026-01-08,250.61776733398438,253.72999572753906,255.05999755859375,245.97000122070312,245.97000122070312,1530100
2026-01-09,251.99070739746094,255.1199951171875,256.1099853515625,252.07000732421875,254.77000427246094,1348500
2026-01-12,251.41781616210938,254.5399932861328,255.47000122070312,252.69000244140625,254.42999267578125,1056000
2026-01-13,253.61061096191406,256.760009765625,256.95001220703125,254.6999969482422,255.25999450683594,1340200
2026-01-14,255.7144775390625,258.8900146484375,260.9700012207031,256.6400146484375,256.760009765625,1676100
2026-01-15,258.6777038574219,261.8900146484375,262.7099914550781,258.5199890136719,259.92999267578125,1023500
2026-01-16,260.23828125,263.4700012207031,264.2699890136719,260.04998779296875,261.510009765625,1280500
2026-01-20,251.32891845703125,254.4499969482422,261.989990234375,253.72999572753906,260.20001220703125,1316600
2026-01-21,256.7515869140625,259.94000244140625,262.0799865722656,256.3299865722656,256.7799987792969,1259400
2026-01-22,256.5046691894531,259.69000244140625,262.6099853515625,259.3699951171875,261.07000732421875,1282100
2026-01-23,255.0922088623047,258.260009765625,260.42999267578125,256.9599914550781,259.8999938964844,1292800
2026-01-26,255.97128295898438,259.1499938964844,260.2799987792969,257.4100036621094,259.0199890136719,1126800
2026-01-27,255.51693725585938,258.69000244140625,260.7300109863281,257.75,259.4599914550781,860500
2026-01-28,255.0823211669922,258.25,260.5899963378906,257.6099853515625,258.1400146484375,1062400
2026-01-29,259.6357727050781,262.8599853515625,263.7799987792969,258.42999267578125,259.9700012207031,1269400
2026-01-30,258.0553894042969,261.260009765625,263.05999755859375,258.1000061035156,262.2300109863281,1438300
2026-02-02,260.9692077636719,264.2099914550781,265.0,260.05999755859375,261.2799987792969,2156100
2026-02-03,275.4889221191406,278.9100036621094,282.8800048828125,263.4599914550781,266.9800109863281,3598500
2026-02-04,285.257568359375,288.79998779296875,293.6700134277344,281.0,281.70001220703125,3382700
2026-02-05,284.75384521484375,288.2900085449219,293.8299865722656,286.8299865722656,287.94000244140625,2641300
2026-02-06,289.9691162109375,293.57000732421875,294.7900085449219,287.5,289.6600036621094,1531400
2026-02-09,287.0157775878906,290.5799865722656,294.17999267578125,289.5299987792969,291.3399963378906,1888000
2026-02-10,290.6407470703125,294.25,295.2900085449219,289.30999755859375,291.54998779296875,1261800
2026-02-11,294.41387939453125,298.07000732421875,299.8999938964844,291.9599914550781,291.9599914550781,1404900
2026-02-12,294.8485107421875,298.510009765625,303.1600036621094,297.8699951171875,299.9100036621094,2079900
2026-02-13,295.9251403808594,299.6000061035156,302.2300109863281,295.19000244140625,298.010009765625,1310800
2026-02-17,293.7718811035156,297.4200134277344,301.5,295.7300109863281,299.44000244140625,1095700
2026-02-18,292.5273132324219,296.1600036621094,298.6400146484375,295.3599853515625,298.1400146484375,1082700
2026-02-19,290.2160339355469,293.82000732421875,296.94000244140625,292.3800048828125,295.05999755859375,1265700
2026-02-20,291.3617858886719,294.9800109863281,298.1000061035156,292.57000732421875,293.70001220703125,1473300
2026-02-23,289.6233825683594,293.2200012207031,298.3500061035156,292.5400085449219,295.489990234375,1230300
2026-02-24,290.9469299316406,294.55999755859375,296.5,293.4700012207031,293.8500061035156,1189400
2026-02-25,286.1860656738281,289.739990234375,296.5199890136719,288.0,294.57000732421875,1620600
2026-02-26,286.71942138671875,290.2799987792969,291.75,286.7200012207031,290.9599914550781,1416900
2026-02-27,287.0651550292969,290.6300048828125,291.67999267578125,287.67999267578125,288.6300048828125,3075000
2026-03-02,287.5985412597656,291.1700134277344,291.79998779296875,285.2900085449219,287.82000732421875,1475100
2026-03-03,282.4721984863281,285.9800109863281,288.489990234375,282.8699951171875,286.42999267578125,1442200
2026-03-04,283.6476135253906,287.1700134277344,287.9100036621094,284.32000732421875,286.79998779296875,808200
2026-03-05,279.04473876953125,282.510009765625,286.5,280.2300109863281,284.8299865722656,1284500
2026-03-06,273.7603759765625,277.1600036621094,281.3599853515625,274.80999755859375,281.0,1382800
2026-03-09,273.1875,276.5799865722656,277.20001220703125,269.95001220703125,273.54998779296875,1248800
2026-03-10,269.9378356933594,273.2900085449219,278.05999755859375,273.0299987792969,275.5,1187100
2026-03-11,268.1895446777344,271.5199890136719,273.3699951171875,267.6600036621094,272.1300048828125,1164100
2026-03-12,262.3619079589844,265.6199951171875,271.6000061035156,265.4700012207031,269.510009765625,1598400
2026-03-13,263.715087890625,266.989990234375,269.7200012207031,265.7799987792969,267.7799987792969,1159400
2026-03-16,265.34490966796875,268.6400146484375,270.1099853515625,267.4700012207031,269.20001220703125,716200
2026-03-17,264.4559020996094,267.739990234375,271.5400085449219,264.3800048828125,271.0,859000
2026-03-18,257.541748046875,260.739990234375,268.3999938964844,260.260009765625,266.5899963378906,1224300
2026-03-19,257.4232482910156,260.6199951171875,262.1199951171875,257.1499938964844,258.0,1125300
2026-03-20,254.51931762695312,257.67999267578125,262.2799987792969,256.1300048828125,260.8599853515625,2353200
2026-03-23,259.527099609375,262.75,265.3999938964844,261.0,263.4100036621094,1650100
2026-03-24,261.7890319824219,265.0400085449219,266.45001220703125,258.8800048828125,260.1199951171875,1046000
2026-03-25,263.1817626953125,266.45001220703125,268.4100036621094,263.29998779296875,267.30999755859375,1169500
2026-03-26,258.1640625,261.3699951171875,266.6400146484375,260.42999267578125,264.5199890136719,1503900
2026-03-27,255.8626251220703,259.0400085449219,263.19000244140625,257.8599853515625,260.7200012207031,1482100
2026-03-30,253.04759216308594,256.19000244140625,262.010009765625,255.5800018310547,261.25,1071100
2026-03-31,258.7232360839844,260.2900085449219,261.54998779296875,254.41000366210938,257.67999267578125,1413300
2026-04-01,258.97174072265625,260.5400085449219,263.3500061035156,259.44000244140625,260.2300109863281,1227100
2026-04-02,256.6557312011719,258.2099914550781,261.55999755859375,255.44000244140625,256.7200012207031,813300
2026-04-06,256.92413330078125,258.4800109863281,258.7099914550781,255.6699981689453,256.989990234375,817300
2026-04-07,257.4807434082031,259.0400085449219,260.4599914550781,256.30999755859375,258.1000061035156,1459900
2026-04-08,267.8877258300781,269.510009765625,269.6400146484375,261.5199890136719,265.989990234375,1270200
2026-04-09,271.5356140136719,273.17999267578125,274.7799987792969,267.1700134277344,268.1199951171875,1371700
2026-04-10,268.8916320800781,270.5199890136719,274.6600036621094,270.30999755859375,273.80999755859375,982200
2026-04-13,272.8576354980469,274.510009765625,274.6099853515625,268.04998779296875,269.5199890136719,1408300
2026-04-14,270.6112365722656,272.25,274.54998779296875,271.54998779296875,273.32000732421875,1024800
2026-04-15,262.7985534667969,264.3900146484375,271.3699951171875,262.1099853515625,270.79998779296875,1390400
2026-04-16,264.0111999511719,265.6099853515625,267.6499938964844,263.07000732421875,264.05999755859375,983300
2026-04-17,270.6211853027344,272.260009765625,274.1000061035156,267.2699890136719,267.489990234375,1474600
2026-04-20,271.03863525390625,272.67999267578125,273.1099853515625,270.3699951171875,272.260009765625,1118800
2026-04-21,269.41845703125,271.04998779296875,274.3599853515625,270.0199890136719,272.32000732421875,816500
2026-04-22,265.4822998046875,267.0899963378906,274.0,266.82000732421875,272.6400146484375,1088000
2026-04-23,271.4859313964844,273.1300048828125,274.1199951171875,267.79998779296875,268.7799987792969,1350600
2026-04-24,267.6690673828125,269.2900085449219,272.3900146484375,269.0899963378906,271.8299865722656,1168300
2026-04-27,268.1163330078125,269.739990234375,273.25,266.7799987792969,269.45001220703125,945500
2026-04-28,266.8539733886719,268.4700012207031,271.2300109863281,265.9599914550781,271.2300109863281,1098600
2026-04-29,264.07086181640625,265.6700134277344,269.3900146484375,264.45001220703125,268.3599853515625,1658200
2026-04-30,256.45697021484375,258.010009765625,259.3299865722656,247.0,250.0,3486800
2026-05-01,253.93223571777344,255.47000122070312,261.3399963378906,253.1999969482422,260.67999267578125,2070700
2026-05-04,250.13522338867188,251.64999389648438,254.77999877929688,250.4600067138672,253.91000366210938,1213900
2026-05-05,253.0177764892578,254.5500030517578,255.5,251.75999450683594,252.67999267578125,1033100
2026-05-06,258.9518127441406,260.5199890136719,262.1499938964844,257.6400146484375,257.9800109863281,1276500
2026-05-07,253.9918670654297,255.52999877929688,262.2099914550781,255.1999969482422,260.7799987792969,1413100
2026-05-08,253.22650146484375,254.75999450683594,257.2900085449219,253.97000122070312,256.1000061035156,884600
2026-05-11,250.57257080078125,252.08999633789062,256.4800109863281,251.00999450683594,255.1199951171875,1201100
2026-05-12,249.8966827392578,251.41000366210938,253.91000366210938,249.64999389648438,252.8000030517578,1169500
2026-05-13,248.5945587158203,250.10000610351562,252.63999938964844,249.07000732421875,250.82000732421875,1137700
2026-05-14,249.26052856445312,250.77000427246094,252.61000061035156,249.69000244140625,252.36000061035156,811200
2026-05-15,246.18911743164062,247.67999267578125,249.88999938964844,247.4199981689453,248.80999755859375,1343700
2026-05-18,247.9584197998047,249.4600067138672,250.97000122070312,246.36000061035156,248.5800018310547,1924700
2026-05-19,245.8809814453125,247.3699951171875,248.67999267578125,244.3699951171875,248.14999389648438,1818400
2026-05-20,249.26052856445312,250.77000427246094,250.89999389648438,245.0800018310547,247.5500030517578,1707700
2026-05-21,248.4255828857422,249.92999267578125,250.77999877929688,245.60000610351562,248.77000427246094,1090100
2026-05-22,250.68191528320312,252.1999969482422,252.74000549316406,249.42999267578125,251.91000366210938,874200
2026-05-26,248.90269470214844,250.41000366210938,255.07000732421875,249.52999877929688,253.3000030517578,1269400
2026-05-27,248.78341674804688,250.2899932861328,253.69000244140625,250.27999877929688,251.63999938964844,1126200
2026-05-28,248.1373291015625,249.63999938964844,249.72999572753906,246.32000732421875,247.02000427246094,1301800
2026-05-29,245.79153442382812,247.27999877929688,249.2100067138672,246.9499969482422,248.6699981689453,2995500
2026-06-01,244.33038330078125,245.80999755859375,246.2899932861328,242.0500030517578,245.83999633789062,1339100
2026-06-02,247.08370971679688,248.5800018310547,249.6199951171875,246.11000061035156,246.8800048828125,1251600
2026-06-03,248.7535858154297,250.25999450683594,252.0500030517578,247.30999755859375,250.08999633789062,1020800
2026-06-04,249.60841369628906,251.1199951171875,253.72000122070312,249.83999633789062,253.72000122070312,966300
2026-06-05,251.19879150390625,252.72000122070312,253.7899932861328,251.7899932861328,252.38999938964844,1582600
2026-06-08,250.8707733154297,252.38999938964844,254.8000030517578,250.94000244140625,253.1699981689453,1075800
2026-06-09,255.00572204589844,256.54998779296875,257.4700012207031,254.1999969482422,254.32000732421875,1637400
2026-06-10,248.6641387939453,250.1699981689453,257.4599914550781,250.11000061035156,254.55999755859375,1350000
2026-06-11,252.91836547851562,254.4499969482422,256.0299987792969,250.63999938964844,250.91000366210938,1201500
2026-06-12,255.88043212890625,257.42999267578125,257.4800109863281,254.14999389648438,256.67999267578125,817900
2026-06-15,260.92987060546875,262.510009765625,263.4700012207031,259.30999755859375,259.8500061035156,1725900
2026-06-16,264.18017578125,265.7799987792969,266.57000732421875,263.3699951171875,264.3699951171875,1579400
2026-06-17,260.5322570800781,262.1099853515625,269.1199951171875,261.0,265.42999267578125,1698800
2026-06-18,262.5003356933594,264.0899963378906,269.510009765625,263.5400085449219,264.9800109863281,2590000
2026-06-22,263.7130126953125,265.30999755859375,266.3599853515625,261.8599853515625,263.57000732421875,1113900
2026-06-23,260.06512451171875,261.6400146484375,264.8999938964844,261.25,263.0299987792969,1330300
2026-06-24,262.0928039550781,263.67999267578125,265.54998779296875,261.7699890136719,262.489990234375,1823300
2026-06-25,268.9711608886719,270.6000061035156,273.25,265.2799987792969,265.8699951171875,1650900
2026-06-26,266.0985412597656,267.7099914550781,270.30999755859375,266.5899963378906,270.1099853515625,1965000
2026-06-29,265.8600158691406,267.4700012207031,268.57000732421875,265.2699890136719,266.8699951171875,1121100
2026-06-30,270.4700012207031,270.4700012207031,271.5299987792969,263.8500061035156,265.7799987792969,2149600
2026-07-01,268.9700012207031,268.9700012207031,272.1499938964844,265.8599853515625,268.7699890136719,1408300
2026-07-02,272.760009765625,272.760009765625,273.1199951171875,267.0,271.1700134277344,1260900
2026-07-06,274.2699890136719,274.2699890136719,275.6000061035156,271.57000732421875,273.3500061035156,1044500
2026-07-07,271.0899963378906,271.0899963378906,274.9599914550781,269.2099914550781,274.94000244140625,1064300
2026-07-08,265.1000061035156,265.1000061035156,269.010009765625,264.20001220703125,267.5899963378906,1182000
2026-07-09,265.4800109863281,265.4800109863281,267.9800109863281,263.54998779296875,267.3399963378906,1174000
2026-07-10,268.80999755859375,268.80999755859375,271.1199951171875,265.5799865722656,265.9700012207031,1119500
2026-07-13,271.5,271.5,274.54998779296875,269.92999267578125,271.5,1248500
2026-07-14,272.2799987792969,272.2799987792969,274.8800048828125,271.3299865722656,274.4100036621094,1329800
2026-07-15,271.4100036621094,271.4100036621094,272.4599914550781,269.239990234375,271.6600036621094,918500
2026-07-16,282.9700012207031,282.9700012207031,283.4800109863281,270.6700134277344,271.6300048828125,1590800
2026-07-17,276.04998779296875,276.04998779296875,285.07000732421875,275.32000732421875,279.1499938964844,1850600
2026-07-20,271.69000244140625,271.69000244140625,277.2900085449219,270.6000061035156,277.0199890136719,2062600
2026-07-21,271.989990234375,271.989990234375,274.2099914550781,270.0,272.5400085449219,1593800
2026-07-22,273.92999267578125,273.92999267578125,275.760009765625,272.1400146484375,272.7699890136719,1204400
2026-07-23,276.9100036621094,276.9100036621094,277.0299987792969,271.2699890136719,273.42999267578125,1491800
2026-07-24,283.0199890136719,283.0199890136719,283.0299987792969,276.2300109863281,278.0400085449219,1349500
2026-07-27,284.82000732421875,284.82000732421875,287.94000244140625,283.67999267578125,284.010009765625,2119000
2026-07-28,295.1600036621094,295.1600036621094,301.9200134277344,293.260009765625,298.7099914550781,2855200
2026-07-29,292.45001220703125,292.45001220703125,298.6000061035156,289.57000732421875,298.6000061035156,1849200
2026-07-30,283.70001220703125,283.70001220703125,296.239990234375,281.95001220703125,296.239990234375,2297500
2026-07-31,286.95001220703125,286.95001220703125,287.989990234375,281.8699951171875,282.510009765625,1823500
2026-08-03,288.489990234375,288.489990234375,291.75,285.5199890136719,288.510009765625,1183500
2026-08-04,295.05999755859375,295.05999755859375,296.3299865722656,284.3599853515625,284.9200134277344,1215500
2026-08-05,297.32000732421875,297.32000732421875,297.5,293.5799865722656,296.1700134277344,907800
2026-08-06,294.70001220703125,294.70001220703125,300.5299987792969,293.8800048828125,300.1600036621094,912800
2026-08-07,296.6600036621094,296.6600036621094,297.6700134277344,292.45001220703125,293.54998779296875,919000
2026-08-10,294.5199890136719,294.5199890136719,296.70001220703125,293.44000244140625,296.17999267578125,797600
2026-08-11,293.1499938964844,293.1499938964844,297.760009765625,292.80999755859375,294.6700134277344,836000
2026-08-12,292.510009765625,292.510009765625,294.2300109863281,289.760009765625,292.7300109863281,912100
2026-08-13,290.9800109863281,290.9800109863281,295.1000061035156,288.70001220703125,294.79998779296875,683700
2026-08-14,290.80999755859375,290.80999755859375,291.0199890136719,288.1000061035156,290.1099853515625,1403900
2026-08-17,287.2799987792969,287.2799987792969,290.8999938964844,287.2099914550781,289.8699951171875,970400
2026-08-18,284.6600036621094,284.6600036621094,289.44000244140625,284.57000732421875,288.8699951171875,1069700
2026-08-19,284.25,284.25,289.8800048828125,283.8399963378906,286.54998779296875,894500
2026-08-20,282.739990234375,282.739990234375,285.6499938964844,281.80999755859375,282.70001220703125,1014100
2026-08-21,282.2900085449219,282.2900085449219,284.1700134277344,281.0400085449219,284.1000061035156,872300
2026-08-24,283.95001220703125,283.95001220703125,286.17999267578125,282.3999938964844,283.9100036621094,809200
2026-08-25,281.6499938964844,281.6499938964844,286.2699890136719,280.9100036621094,286.2699890136719,766800
2026-08-26,285.510009765625,285.510009765625,286.260009765625,282.239990234375,283.010009765625,889700
2026-08-27,281.6700134277344,281.6700134277344,283.3800048828125,279.25,283.29998779296875,809500
2026-08-28,280.1000061035156,280.1000061035156,284.42999267578125,278.5,283.3500061035156,837000
2026-08-31,275.3699951171875,275.3699951171875,279.5,274.8599853515625,279.04998779296875,1251100
2026-09-01,269.8800048828125,269.8800048828125,276.760009765625,268.9599914550781,275.0400085449219,1086000
2026-09-02,269.0899963378906,269.0899963378906,270.5299987792969,265.8900146484375,270.5299987792969,1673800
2026-09-03,271.6499938964844,271.6499938964844,272.5899963378906,267.80999755859375,271.8599853515625,979900
2026-09-04,270.1199951171875,270.1199951171875,273.8599853515625,269.3500061035156,270.94000244140625,1044200
2026-09-08,268.69000244140625,268.69000244140625,271.239990234375,267.2300109863281,268.7699890136719,1053500
2026-09-09,263.989990234375,263.989990234375,268.260009765625,263.5299987792969,267.1400146484375,1385300
2026-09-10,263.3599853515625,263.3599853515625,264.1600036621094,261.3500061035156,262.57000732421875,434001
