Price,Adj Close,Close,High,Low,Open,Volume
Ticker,LRCX,LRCX,LRCX,LRCX,LRCX,LRCX
Date,,,,,,
2021-09-10,56.77748489379883,59.81100082397461,61.21200180053711,59.6510009765625,60.2130012512207,15575000
2021-09-13,57.78941345214844,60.87699890136719,61.49399948120117,59.95600128173828,60.29100036621094,13132000
2021-09-14,57.28913497924805,60.349998474121094,61.13999938964844,59.862998962402344,60.06100082397461,11812000
2021-09-15,58.04856872558594,61.150001525878906,61.1870002746582,59.70899963378906,60.09199905395508,11420000
2021-09-16,58.46149826049805,61.584999084472656,61.715999603271484,59.97999954223633,60.38600158691406,13524000
2021-09-17,57.8093376159668,60.89799880981445,61.62300109863281,60.36399841308594,61.494998931884766,20142000
2021-09-20,55.99906539916992,58.99100112915039,59.505001068115234,58.108001708984375,59.4900016784668,13241000
2021-09-21,55.64877700805664,58.62200164794922,59.428001403808594,57.83000183105469,59.23699951171875,16045000
2021-09-22,57.061317443847656,60.11000061035156,60.37300109863281,58.888999938964844,59.400001525878906,10350000
2021-09-23,58.14918518066406,61.25600051879883,61.79399871826172,59.67300033569336,60.058998107910156,11004000
2021-09-24,58.14159393310547,61.24800109863281,61.380001068115234,60.13100051879883,60.4640007019043,7273000
2021-09-27,58.68306350708008,61.66699981689453,62.19900131225586,60.22800064086914,60.29800033569336,10892000
2021-09-28,55.7616081237793,58.59700012207031,60.63600158691406,58.49800109863281,59.60599899291992,20885000
2021-09-29,54.00493240356445,56.750999450683594,58.900001525878906,56.685001373291016,58.611000061035156,16577000
2021-09-30,54.1610107421875,56.915000915527344,57.75299835205078,56.792999267578125,57.32899856567383,10938000
2021-10-01,54.21619415283203,56.972999572753906,57.3650016784668,56.060001373291016,57.11199951171875,11157000
2021-10-04,52.35198211669922,55.013999938964844,56.650001525878906,54.83300018310547,56.59700012207031,16407000
2021-10-05,52.900115966796875,55.59000015258789,56.327999114990234,55.0620002746582,55.667999267578125,12056000
2021-10-06,52.503292083740234,55.17300033569336,55.790000915527344,54.483001708984375,55.0,15908000
2021-10-07,52.89250183105469,55.582000732421875,56.41400146484375,55.42599868774414,56.40299987792969,10535000
2021-10-08,52.353885650634766,55.01599884033203,55.994998931884766,54.90800094604492,55.86199951171875,8671000
2021-10-11,52.57086181640625,55.24399948120117,56.14699935913086,54.80099868774414,54.8129997253418,8923000
2021-10-12,52.032249450683594,54.678001403808594,55.81800079345703,54.22800064086914,55.78499984741211,12766000
2021-10-13,51.80671310424805,54.441001892089844,55.81700134277344,54.30799865722656,55.29600143432617,12538000
2021-10-14,54.0449104309082,56.792999267578125,56.80799865722656,55.426998138427734,55.86000061035156,15499000
2021-10-15,53.715641021728516,56.446998596191406,56.85100173950195,56.138999938964844,56.650001525878906,13248000
2021-10-18,54.1181755065918,56.869998931884766,56.944000244140625,55.87300109863281,56.0,12474000
2021-10-19,54.320884704589844,57.08300018310547,57.79999923706055,56.58300018310547,56.91400146484375,14995000
2021-10-20,53.813663482666016,56.54999923706055,57.277000427246094,56.40599822998047,57.060001373291016,16933000
2021-10-21,52.85444259643555,55.54199981689453,55.58700180053711,53.500999450683594,54.48899841308594,30650000
2021-10-22,52.98004913330078,55.67399978637695,57.58100128173828,55.43000030517578,56.0,18770000
2021-10-25,52.5261344909668,55.196998596191406,56.20100021362305,54.939998626708984,55.80500030517578,12826000
2021-10-26,52.237796783447266,54.89400100708008,55.92399978637695,54.62900161743164,55.6879997253418,11734000
2021-10-27,52.68315124511719,55.36199951171875,56.05400085449219,54.61899948120117,54.801998138427734,11838000
2021-10-28,53.85648727416992,56.595001220703125,57.99399948120117,56.340999603271484,56.374000549316406,22325000
2021-10-29,53.6300048828125,56.356998443603516,56.715999603271484,55.619998931884766,55.83399963378906,13381000
2021-11-01,54.504539489746094,57.2760009765625,57.29199981689453,56.13600158691406,56.5,10724000
2021-11-02,54.64537048339844,57.42399978637695,57.79999923706055,57.20000076293945,57.4739990234375,8970000
2021-11-03,55.326725006103516,58.13999938964844,58.3489990234375,56.939998626708984,57.50600051879883,7908000
2021-11-04,56.975868225097656,59.87300109863281,59.90999984741211,57.97200012207031,58.29999923706055,17965000
2021-11-05,58.121604919433594,61.07699966430664,61.29999923706055,59.72800064086914,60.090999603271484,21028000
2021-11-08,57.9598274230957,60.90700149536133,62.000999450683594,60.387001037597656,61.5,12598000
2021-11-09,59.18170166015625,62.191001892089844,62.305999755859375,60.90299987792969,61.0,12041000
2021-11-10,57.646751403808594,60.577999114990234,62.22800064086914,60.38999938964844,61.45399856567383,10898000
2021-11-11,58.40043258666992,61.369998931884766,61.93000030517578,60.974998474121094,61.35900115966797,8198000
2021-11-12,59.420562744140625,62.44200134277344,62.790000915527344,61.349998474121094,61.7400016784668,10591000
2021-11-15,59.97629928588867,63.0260009765625,64.43900299072266,62.507999420166016,63.20000076293945,13534000
2021-11-16,60.35694885253906,63.42599868774414,63.79999923706055,62.44300079345703,62.91699981689453,8523000
2021-11-17,60.01152420043945,63.0629997253418,63.880001068115234,62.62799835205078,63.42599868774414,9066000
2021-11-18,60.50349426269531,63.58000183105469,63.72700119018555,62.479000091552734,63.69900131225586,10002000
2021-11-19,61.331390380859375,64.44999694824219,65.69999694824219,63.3129997253418,63.63999938964844,18332000
2021-11-22,61.54075241088867,64.66999816894531,66.10600280761719,64.21199798583984,65.09200286865234,18759000
2021-11-23,62.932010650634766,66.13200378417969,66.23100280761719,64.1259994506836,64.80000305175781,17531000
2021-11-24,62.881568908691406,66.0790023803711,66.15399932861328,64.52799987792969,65.4000015258789,12152000
2021-11-26,61.09158706665039,64.197998046875,65.40899658203125,63.840999603271484,65.14600372314453,8377000
2021-11-29,64.76100158691406,68.05400085449219,68.22899627685547,64.9020004272461,65.1500015258789,19639000
2021-11-30,64.69535827636719,67.98500061035156,69.30000305175781,66.81400299072266,67.53299713134766,27254000
2021-12-01,65.99714660644531,69.35299682617188,71.18299865722656,68.43699645996094,69.2699966430664,25249000
2021-12-02,62.9510498046875,66.1520004272461,68.49500274658203,65.58899688720703,68.28600311279297,23006000
2021-12-03,62.946292877197266,66.14700317382812,67.0989990234375,65.18499755859375,66.87999725341797,13856000
2021-12-06,63.52581787109375,66.75599670410156,67.0770034790039,64.24299621582031,66.49299621582031,12665000
2021-12-07,67.1980972290039,70.61499786376953,70.95600128173828,67.69999694824219,67.85099792480469,16016000
2021-12-08,67.94795989990234,71.40299987792969,71.83100128173828,70.5,70.5,11634000
2021-12-09,66.55480194091797,69.93900299072266,71.99099731445312,69.72699737548828,70.875,10828000
2021-12-10,67.18000030517578,70.59600067138672,71.41000366210938,69.45500183105469,71.16699981689453,8793000
2021-12-13,65.18258666992188,68.49700164794922,70.80500030517578,68.4000015258789,70.75499725341797,12440000
2021-12-14,64.77629089355469,67.9209976196289,68.33899688720703,66.81400299072266,67.46199798583984,13892000
2021-12-15,66.50250244140625,69.73100280761719,69.87999725341797,66.53800201416016,68.0,13627000
2021-12-16,64.01998901367188,67.12799835205078,70.73500061035156,66.66400146484375,70.177001953125,13775000
2021-12-17,63.81877136230469,66.91699981689453,67.78900146484375,66.06400299072266,66.5,15633000
2021-12-20,63.047245025634766,66.10800170898438,67.3010025024414,65.38999938964844,65.88500213623047,9110000
2021-12-21,65.14441680908203,68.30699920654297,68.70600128173828,66.51399993896484,67.95500183105469,13405000
2021-12-22,65.92167663574219,69.12200164794922,69.2030029296875,67.29199981689453,67.8479995727539,10424000
2021-12-23,66.636962890625,69.87200164794922,70.69400024414062,69.33799743652344,69.447998046875,8674000
2021-12-27,68.99071502685547,72.33999633789062,72.4000015258789,70.27899932861328,70.27899932861328,10143000
2021-12-28,68.29450988769531,71.61000061035156,72.83799743652344,71.46399688720703,72.5,7816000
2021-12-29,69.31019592285156,72.67500305175781,72.81700134277344,71.61000061035156,71.86900329589844,6902000
2021-12-30,68.50717163085938,71.83300018310547,72.80000305175781,71.71800231933594,72.80000305175781,5216000
2021-12-31,68.58538055419922,71.91500091552734,72.58699798583984,71.7229995727539,71.83100128173828,7138000
2022-01-03,69.18714904785156,72.5459976196289,73.10600280761719,71.18299865722656,72.11299896240234,10602000
2022-01-04,67.90347290039062,71.19999694824219,73.18499755859375,70.24500274658203,72.6729965209961,14566000
2022-01-05,65.97795867919922,69.18099975585938,71.48999786376953,69.06099700927734,71.27899932861328,13994000
2022-01-06,66.94120788574219,70.19100189208984,70.56900024414062,68.69599914550781,69.3499984741211,11896000
2022-01-07,63.83021545410156,66.92900085449219,70.3219985961914,66.83899688720703,69.78800201416016,15698000
2022-01-10,63.3533821105957,66.42900085449219,66.78199768066406,64.32099914550781,65.86199951171875,16246000
2022-01-11,64.20407104492188,67.32099914550781,67.3550033569336,65.20099639892578,65.28199768066406,9189000
2022-01-12,65.45437622070312,68.63200378417969,68.9020004272461,67.43199920654297,67.90799713134766,9286000
2022-01-13,65.49730682373047,68.677001953125,73.06600189208984,68.33300018310547,70.5,29135000
2022-01-14,69.60298156738281,72.98200225830078,73.07499694824219,68.18000030517578,68.35700225830078,19416000
2022-01-18,64.7572250366211,67.9010009765625,71.73999786376953,67.64299774169922,71.66600036621094,20069000
2022-01-19,61.29719924926758,64.27300262451172,69.86799621582031,64.20500183105469,69.08499908447266,18340000
2022-01-20,59.097965240478516,61.96699905395508,65.79900360107422,61.75199890136719,65.46900177001953,19444000
2022-01-21,57.77422332763672,60.57899856567383,63.67300033569336,60.44499969482422,61.619998931884766,22222000
2022-01-24,59.30300521850586,62.18199920654297,62.32400131225586,57.55099868774414,58.5,24890000
2022-01-25,56.09953689575195,58.823001861572266,60.444000244140625,58.099998474121094,60.013999938964844,18846000
2022-01-26,56.90444564819336,59.66699981689453,61.422000885009766,58.03799819946289,60.35200119018555,23637000
2022-01-27,52.958988189697266,55.529998779296875,60.04999923706055,55.073001861572266,59.4900016784668,30943000
2022-01-28,53.515960693359375,56.11399841308594,56.11600112915039,53.0,55.36199951171875,20024000
2022-01-31,56.260704040527344,58.992000579833984,58.99700164794922,55.68299865722656,56.35599899291992,19000000
2022-02-01,56.21778106689453,58.946998596191406,59.3849983215332,57.20000076293945,59.0,11355000
2022-02-02,58.34453582763672,61.176998138427734,61.33000183105469,59.00699996948242,59.797000885009766,16622000
2022-02-03,56.15006637573242,58.875999450683594,60.555999755859375,58.57699966430664,59.698001861572266,20076000
2022-02-04,55.2259521484375,57.90700149536133,58.95500183105469,57.36399841308594,58.650001525878906,14462000
2022-02-07,54.49159622192383,57.137001037597656,58.96099853515625,56.89799880981445,58.106998443603516,10859000
2022-02-08,54.960811614990234,57.62900161743164,57.75699996948242,56.060001373291016,56.65299987792969,12958000
2022-02-09,57.93159103393555,60.74399948120117,61.04999923706055,58.303001403808594,58.90700149536133,12072000
2022-02-10,56.732784271240234,59.48699951171875,61.5989990234375,58.79899978637695,58.874000549316406,15148000
2022-02-11,53.40628433227539,55.999000549316406,59.99399948120117,55.53799819946289,59.500999450683594,15785000
2022-02-14,53.24034118652344,55.82500076293945,56.90399932861328,54.76599884033203,56.06700134277344,13459000
2022-02-15,56.63264465332031,59.38199996948242,59.676998138427734,56.941001892089844,56.941001892089844,14344000
2022-02-16,56.40852355957031,59.14699935913086,59.540000915527344,57.72700119018555,58.448001861572266,8048000
2022-02-17,55.37281036376953,58.06100082397461,59.52199935913086,57.922000885009766,58.71799850463867,12909000
2022-02-18,54.35997772216797,56.999000549316406,58.2239990234375,56.32899856567383,58.08100128173828,12481000
2022-02-22,53.380523681640625,55.97200012207031,57.73500061035156,55.09199905395508,56.099998474121094,12194000
2022-02-23,51.72776794433594,54.23899841308594,57.10499954223633,54.124000549316406,56.67300033569336,12435000
2022-02-24,53.681888580322266,56.28799819946289,56.409000396728516,51.95500183105469,52.5099983215332,15628000
2022-02-25,54.66611862182617,57.31999969482422,57.38800048828125,55.611000061035156,56.42100143432617,10847000
2022-02-28,53.53597640991211,56.1349983215332,57.11399841308594,55.020999908447266,56.64099884033203,14065000
2022-03-01,51.55419158935547,54.05699920654297,56.2400016784668,53.51599884033203,55.805999755859375,16089000
2022-03-02,52.836917877197266,55.402000427246094,55.823001861572266,54.090999603271484,54.72700119018555,12451000
2022-03-03,51.834571838378906,54.35100173950195,56.04999923706055,53.869998931884766,56.04999923706055,10339000
2022-03-04,50.14366912841797,52.577999114990234,54.20199966430664,51.96099853515625,53.874000549316406,14386000
2022-03-07,46.65026092529297,48.915000915527344,53.35300064086914,48.87099838256836,52.7599983215332,21396000
2022-03-08,46.76661682128906,49.0369987487793,51.11199951171875,47.904998779296875,48.95600128173828,21558000
2022-03-09,49.33587646484375,51.73099899291992,52.22100067138672,50.387001037597656,50.939998626708984,14437000
2022-03-10,47.40559005737305,49.707000732421875,50.70100021362305,48.82600021362305,50.47800064086914,11106000
2022-03-11,46.100929260253906,48.3390007019043,51.21699905395508,48.257999420166016,51.154998779296875,10389000
2022-03-14,44.72855758666992,46.900001525878906,49.05799865722656,46.60599899291992,48.82899856567383,15870000
2022-03-15,46.376102447509766,48.47200012207031,48.69499969482422,47.15599822998047,47.516998291015625,12455000
2022-03-16,49.22437286376953,51.44900131225586,51.4630012512207,49.0,49.630001068115234,16659000
2022-03-17,50.35621643066406,52.63199996948242,52.659000396728516,50.755001068115234,51.016998291015625,13627000
2022-03-18,52.109004974365234,54.4640007019043,54.74800109863281,52.29999923706055,52.516998291015625,22237000
2022-03-21,51.36465072631836,53.68600082397461,54.428001403808594,52.58700180053711,53.79999923706055,10517000
2022-03-22,52.31184387207031,54.67599868774414,55.28499984741211,53.79999923706055,53.79999923706055,10664000
2022-03-23,50.80303192138672,53.0989990234375,54.79999923706055,53.058998107910156,54.0369987487793,9835000
2022-03-24,53.2169303894043,55.62200164794922,55.66999816894531,53.17900085449219,53.72999954223633,12124000
2022-03-25,53.082984924316406,55.481998443603516,55.69300079345703,54.516998291015625,55.51599884033203,7531000
2022-03-28,53.32121658325195,55.73099899291992,55.7859992980957,54.09299850463867,54.957000732421875,7338000
2022-03-29,54.4329719543457,56.893001556396484,57.479000091552734,55.816001892089844,56.84000015258789,11139000
2022-03-30,52.48405456542969,54.85599899291992,57.0989990234375,54.53300094604492,56.22200012207031,12981000
2022-03-31,51.4364013671875,53.76100158691406,55.750999450683594,53.7140007019043,54.999000549316406,14703000
2022-04-01,50.272979736328125,52.54499816894531,54.57699966430664,51.707000732421875,54.12200164794922,12084000
2022-04-04,51.23931121826172,53.55500030517578,53.67599868774414,52.435001373291016,52.632999420166016,8777000
2022-04-05,48.1862907409668,50.36399841308594,53.0,50.005001068115234,52.861000061035156,19670000
2022-04-06,47.66293716430664,49.81700134277344,50.56999969482422,48.80699920654297,49.39099884033203,15845000
2022-04-07,48.1575813293457,50.33399963378906,50.87699890136719,49.27199935913086,49.73400115966797,10095000
2022-04-08,47.038169860839844,49.16400146484375,50.0880012512207,49.08300018310547,49.80099868774414,10449000
2022-04-11,45.51884078979492,47.57600021362305,48.803001403808594,47.520999908447266,48.7140007019043,16953000
2022-04-12,44.68071746826172,46.70000076293945,48.79499816894531,46.47700119018555,48.10200119018555,16778000
2022-04-13,45.21745681762695,47.26100158691406,47.73099899291992,46.78799819946289,46.965999603271484,11396000
2022-04-14,43.64358901977539,45.61600112915039,47.400001525878906,45.58399963378906,47.34199905395508,13648000
2022-04-18,45.02036666870117,47.05500030517578,47.29999923706055,45.099998474121094,45.12799835205078,16631000
2022-04-19,45.84700393676758,47.91899871826172,48.27799987792969,46.60300064086914,46.928001403808594,12144000
2022-04-20,46.063236236572266,48.14500045776367,50.48099899291992,47.96799850463867,49.26599884033203,20233000
2022-04-21,44.92086410522461,46.95100021362305,49.7599983215332,46.849998474121094,48.867000579833984,22794000
2022-04-22,44.31045150756836,46.3129997253418,47.23099899291992,46.0369987487793,46.70000076293945,20282000
2022-04-25,45.58198165893555,47.641998291015625,48.0359992980957,45.9119987487793,46.04800033569336,14124000
2022-04-26,43.74500274658203,45.72200012207031,47.03099822998047,45.67100143432617,46.66400146484375,14974000
2022-04-27,43.70291519165039,45.678001403808594,46.858001708984375,44.95000076293945,45.441001892089844,12413000
2022-04-28,46.354087829589844,48.44900131225586,48.96099853515625,46.26100158691406,46.82600021362305,16784000
2022-04-29,44.562076568603516,46.57600021362305,49.14400100708008,46.486000061035156,47.5,14050000
2022-05-02,45.85945129394531,47.93199920654297,47.97600173950195,45.917999267578125,46.72800064086914,12866000
2022-05-03,46.4401969909668,48.53900146484375,48.86399841308594,47.31999969482422,47.65999984741211,9578000
2022-05-04,48.40443420410156,50.59199905395508,50.76300048828125,47.74100112915039,48.71699905395508,11962000
2022-05-05,46.05080032348633,48.13199996948242,49.79899978637695,47.30799865722656,49.439998626708984,14578000
2022-05-06,45.75515365600586,47.823001861572266,48.95100021362305,46.49399948120117,47.672000885009766,10680000
2022-05-09,42.78154754638672,44.71500015258789,46.23899841308594,44.25299835205078,45.99599838256836,18487000
2022-05-10,43.926788330078125,45.9119987487793,46.90999984741211,44.652000427246094,46.09700012207031,14134000
2022-05-11,42.786338806152344,44.720001220703125,46.900001525878906,44.608001708984375,45.4900016784668,11793000
2022-05-12,44.052127838134766,46.042999267578125,46.207000732421875,44.5,44.678001403808594,15558000
2022-05-13,47.064964294433594,49.19200134277344,49.529998779296875,46.5,46.560001373291016,19093000
2022-05-16,46.160831451416016,48.24700164794922,49.30500030517578,47.900001525878906,48.641998291015625,9689000
2022-05-17,49.011966705322266,51.22700119018555,51.637001037597656,49.005001068115234,49.50199890136719,16356000
2022-05-18,45.68339920043945,47.74800109863281,50.849998474121094,47.46200180053711,50.051998138427734,17105000
2022-05-19,45.171539306640625,47.2130012512207,48.597999572753906,47.11000061035156,47.95000076293945,11193000
2022-05-20,45.36192321777344,47.4119987487793,48.415000915527344,45.04600143432617,48.04199981689453,17158000
2022-05-23,46.24024200439453,48.33000183105469,48.59400177001953,47.20500183105469,47.62900161743164,10578000
2022-05-24,45.060550689697266,47.09700012207031,48.05099868774414,46.573001861572266,47.749000549316406,9431000
2022-05-25,46.649723052978516,48.757999420166016,49.16299819946289,46.5369987487793,46.56100082397461,12887000
2022-05-26,48.719200134277344,50.92100143432617,51.34400177001953,48.09400177001953,48.18899917602539,12922000
2022-05-27,50.805904388427734,53.10200119018555,53.73699951171875,51.525001525878906,51.72200012207031,16526000
2022-05-31,49.7544059753418,52.00299835205078,52.599998474121094,51.042999267578125,52.46900177001953,15011000
2022-06-01,48.391990661621094,50.57899856567383,52.5,49.95600128173828,52.321998596191406,10261000
2022-06-02,50.06727981567383,52.33000183105469,52.37900161743164,50.20500183105469,50.305999755859375,11600000
2022-06-03,49.17557907104492,51.39799880981445,52.12699890136719,50.92100143432617,51.26900100708008,13304000
2022-06-06,49.39372634887695,51.625999450683594,53.28900146484375,51.369998931884766,52.66699981689453,7852000
2022-06-07,50.0806770324707,52.34400177001953,52.49700164794922,50.834999084472656,50.94200134277344,11502000
2022-06-08,48.99858093261719,51.2130012512207,52.40700149536133,50.79499816894531,52.1870002746582,9009000
2022-06-09,47.21134948730469,49.345001220703125,51.34000015258789,49.316001892089844,50.30799865722656,8652000
2022-06-10,45.38968276977539,47.441001892089844,48.83599853515625,47.38100051879883,48.52000045776367,10987000
2022-06-13,42.77485275268555,44.70800018310547,46.22999954223633,44.51900100708008,45.500999450683594,14833000
2022-06-14,43.177085876464844,44.97700119018555,45.54100036621094,44.5099983215332,45.33000183105469,11689000
2022-06-15,43.5485954284668,45.36399841308594,46.27799987792969,44.44599914550781,44.97700119018555,15659000
2022-06-16,40.1560173034668,41.83000183105469,44.303001403808594,41.26900100708008,44.15599822998047,19042000
2022-06-17,40.26737976074219,41.94599914550781,42.422000885009766,41.138999938964844,41.71200180053711,17917000
2022-06-21,41.5710334777832,43.30400085449219,44.231998443603516,42.69900131225586,42.724998474121094,12126000
2022-06-22,40.859683990478516,42.5629997253418,43.46799850463867,42.051998138427734,42.32699966430664,11078000
2022-06-23,40.710880279541016,42.40800094604492,43.1349983215332,41.542999267578125,43.1349983215332,9030000
2022-06-24,43.2174072265625,45.01900100708008,45.04100036621094,43.119998931884766,43.23400115966797,14217000
2022-06-27,43.17900466918945,44.979000091552734,45.722999572753906,44.625,45.61199951171875,7695000
2022-06-28,42.072147369384766,43.82600021362305,45.926998138427734,43.676998138427734,45.13800048828125,9379000
2022-06-29,40.99599838256836,42.70500183105469,43.400001525878906,42.5,43.244998931884766,11751000
2022-06-30,40.90960693359375,42.6150016784668,43.67399978637695,41.5,41.902000427246094,10663000
2022-07-01,37.90293884277344,39.483001708984375,41.470001220703125,38.6510009765625,40.90999984741211,29500000
2022-07-05,37.32119369506836,38.87699890136719,39.099998474121094,37.58700180053711,37.96699905395508,26882000
2022-07-06,37.601505279541016,39.16899871826172,39.68000030517578,38.36600112915039,39.10300064086914,12516000
2022-07-07,39.82770538330078,41.487998962402344,41.742000579833984,40.20199966430664,40.321998596191406,13753000
2022-07-08,39.85075378417969,41.512001037597656,41.71799850463867,40.5359992980957,40.917999267578125,9213000
2022-07-11,38.63060760498047,40.24100112915039,41.00299835205078,39.845001220703125,40.90599822998047,11137000
2022-07-12,38.962764739990234,40.58700180053711,41.09299850463867,40.178001403808594,40.4900016784668,9538000
2022-07-13,39.55219268798828,41.20100021362305,41.435001373291016,39.599998474121094,39.612998962402344,9220000
2022-07-14,40.25394058227539,41.93199920654297,42.308998107910156,40.11899948120117,40.82600021362305,11114000
2022-07-15,41.003684997558594,42.7130012512207,42.73899841308594,41.20100021362305,42.41600036621094,13375000
2022-07-18,40.62257766723633,42.316001892089844,43.7859992980957,41.96900177001953,43.78499984741211,9080000
2022-07-19,42.9054069519043,44.694000244140625,44.76900100708008,42.99399948120117,43.0989990234375,14888000
2022-07-20,44.64873123168945,46.5099983215332,46.8380012512207,44.439998626708984,44.59700012207031,18505000
2022-07-21,45.70758819580078,47.612998962402344,47.71699905395508,46.15999984741211,46.87699890136719,13812000
2022-07-22,44.542171478271484,46.39899826049805,47.77399826049805,46.099998474121094,47.50400161743164,13265000
2022-07-25,43.91434860229492,45.744998931884766,45.83100128173828,44.737998962402344,45.0260009765625,11483000
2022-07-26,42.9332389831543,44.722999572753906,45.694000244140625,44.5369987487793,45.27799987792969,11291000
2022-07-27,44.89448547363281,46.76599884033203,47.13399887084961,45.39899826049805,45.42300033569336,16886000
2022-07-28,46.5533332824707,48.49399948120117,48.71200180053711,45.334999084472656,46.441001892089844,23813000
2022-07-29,48.04801940917969,50.05099868774414,50.599998474121094,47.6510009765625,47.79100036621094,24772000
2022-08-01,48.26786804199219,50.279998779296875,50.599998474121094,48.680999755859375,48.893001556396484,20002000
2022-08-02,48.25345993041992,50.26499938964844,50.92300033569336,48.957000732421875,49.641998291015625,14588000
2022-08-03,50.369266510009766,52.46900177001953,52.88199996948242,50.47999954223633,50.63399887084961,22118000
2022-08-04,51.05660629272461,53.185001373291016,53.23500061035156,52.180999755859375,52.2869987487793,16144000
2022-08-05,49.91615295410156,51.99700164794922,52.814998626708984,50.88600158691406,52.106998443603516,10452000
2022-08-08,48.914886474609375,50.95399856567383,52.255001068115234,49.861000061035156,51.380001068115234,10173000
2022-08-09,45.0615234375,46.939998626708984,48.862998962402344,45.70399856567383,48.80500030517578,28792000
2022-08-10,47.51426696777344,49.494998931884766,49.5629997253418,47.051998138427734,48.12699890136719,19799000
2022-08-11,47.75522994995117,49.74599838256836,51.77399826049805,49.20000076293945,49.604000091552734,18041000
2022-08-12,49.783668518066406,51.85900115966797,51.95199966430664,49.946998596191406,50.196998596191406,12588000
2022-08-15,49.658870697021484,51.729000091552734,52.2599983215332,50.917999267578125,51.62799835205078,9659000
2022-08-16,48.99360275268555,51.0359992980957,51.98699951171875,50.7400016784668,51.630001068115234,12301000
2022-08-17,47.764827728271484,49.75600051879883,50.41699981689453,48.58300018310547,50.222999572753906,14021000
2022-08-18,48.30145263671875,50.314998626708984,50.900001525878906,49.21500015258789,49.7760009765625,12763000
2022-08-19,45.77094650268555,47.67900085449219,49.400001525878906,47.61600112915039,49.266998291015625,20104000
2022-08-22,43.925865173339844,45.75699996948242,46.87699890136719,45.582000732421875,46.55099868774414,14652000
2022-08-23,44.540252685546875,46.39699935913086,46.95899963378906,45.82600021362305,45.84600067138672,8103000
2022-08-24,44.448089599609375,46.30099868774414,46.512001037597656,45.70399856567383,46.391998291015625,6849000
2022-08-25,45.90534973144531,47.819000244140625,47.84600067138672,46.362998962402344,46.362998962402344,9490000
2022-08-26,43.51691436767578,45.33100128173828,47.85100173950195,45.16999816894531,47.819000244140625,15863000
2022-08-29,42.675010681152344,44.45399856567383,45.53799819946289,44.374000549316406,44.82600021362305,10082000
2022-08-30,42.496456146240234,44.268001556396484,45.12099838256836,43.483001708984375,44.9010009765625,14187000
2022-08-31,42.038543701171875,43.79100036621094,44.323001861572266,43.279998779296875,44.23400115966797,12324000
2022-09-01,41.475032806396484,43.20399856567383,43.308998107910156,41.8380012512207,42.44900131225586,18830000
2022-09-02,41.29935836791992,43.020999908447266,44.34199905395508,42.744998931884766,43.643001556396484,13680000
2022-09-06,40.968162536621094,42.67599868774414,43.375,42.1870002746582,42.9379997253418,11633000
2022-09-07,41.47119903564453,43.20000076293945,43.69300079345703,42.20399856567383,42.900001525878906,12013000
2022-09-08,42.158538818359375,43.91600036621094,44.46799850463867,42.4010009765625,42.534000396728516,14205000
2022-09-09,43.2740364074707,45.077999114990234,45.2859992980957,44.54100036621094,44.7400016784668,12933000
2022-09-12,42.939964294433594,44.72999954223633,45.347999572753906,44.209999084472656,44.729000091552734,9988000
2022-09-13,40.52156448364258,42.04800033569336,43.215999603271484,41.81999969482422,42.900001525878906,18942000
2022-09-14,40.644920349121094,42.17599868774414,42.66600036621094,41.46200180053711,42.4010009765625,10615000
2022-09-15,39.84312438964844,41.34400177001953,42.23400115966797,40.770999908447266,41.86600112915039,11987000
2022-09-16,39.436439514160156,40.922000885009766,41.387001037597656,40.31999969482422,40.82600021362305,18613000
2022-09-19,39.436439514160156,40.922000885009766,41.387001037597656,40.321998596191406,40.321998596191406,9364000
2022-09-20,38.87556838989258,40.34000015258789,40.529998779296875,39.944000244140625,40.345001220703125,8927000
2022-09-21,38.417816162109375,39.8650016784668,41.8380012512207,39.84400177001953,40.4900016784668,10621000
2022-09-22,37.27872085571289,38.68299865722656,39.667999267578125,38.582000732421875,39.44499969482422,15202000
2022-09-23,36.674476623535156,38.055999755859375,38.388999938964844,37.358001708984375,38.24300003051758,14622000
2022-09-26,35.79559326171875,37.14400100708008,38.52899932861328,37.11199951171875,38.06800079345703,11251000
2022-09-27,36.30249786376953,37.66999816894531,38.165000915527344,36.933998107910156,37.986000061035156,11831000
2022-09-28,36.7795295715332,38.165000915527344,38.361000061035156,37.22600173950195,37.34199905395508,10841000
2022-09-29,35.70981979370117,37.05500030517578,37.542999267578125,36.42300033569336,37.51599884033203,15439000
2022-09-30,35.271339416503906,36.599998474121094,37.35200119018555,35.79999923706055,35.82500076293945,19091000
2022-10-03,37.55338668823242,38.96799850463867,39.67599868774414,37.071998596191406,37.22999954223633,25300000
2022-10-04,38.608619689941406,40.0629997253418,40.849998474121094,39.750999450683594,40.27799987792969,20566000
2022-10-05,38.53924560546875,39.99100112915039,40.47100067138672,38.500999450683594,39.194000244140625,14070000
2022-10-06,38.316619873046875,39.7599983215332,40.74399948120117,39.520999908447266,39.861000061035156,13586000
2022-10-07,36.123252868652344,37.48400115966797,38.86600112915039,37.178001403808594,38.66699981689453,20796000
2022-10-10,33.798805236816406,35.071998596191406,37.03099822998047,34.04199981689453,36.99800109863281,39506000
2022-10-11,31.517745971679688,32.70500183105469,35.02399826049805,32.23099899291992,34.529998779296875,53132000
2022-10-12,31.22187614440918,32.39799880981445,33.09199905395508,32.316001892089844,32.875999450683594,36663000
2022-10-13,32.82450866699219,34.06100082397461,34.47200012207031,29.958999633789062,30.246999740600586,45293000
2022-10-14,30.35166358947754,31.4950008392334,34.0989990234375,31.43000030517578,34.06100082397461,30398000
2022-10-17,30.396953582763672,31.54199981689453,32.91899871826172,31.270999908447266,32.70100021362305,51439000
2022-10-18,31.036849975585938,32.20600128173828,33.183998107910156,31.56999969482422,32.70600128173828,25077000
2022-10-19,31.809741973876953,33.007999420166016,33.21900177001953,31.867000579833984,32.24100112915039,26915000
2022-10-20,34.29511260986328,35.58700180053711,36.69200134277344,33.40399932861328,34.0620002746582,58751000
2022-10-21,35.58840560913086,36.92900085449219,37.2859992980957,35.49700164794922,35.49700164794922,27665000
2022-10-24,36.03844451904297,37.395999908447266,37.71699905395508,36.452999114990234,37.042999267578125,20117000
2022-10-25,36.60702133178711,37.986000061035156,38.6510009765625,37.50199890136719,37.50199890136719,17499000
2022-10-26,37.160186767578125,38.560001373291016,39.3849983215332,37.37799835205078,37.42499923706055,24178000
2022-10-27,37.498443603515625,38.9109992980957,39.79600143432617,38.14899826049805,38.895999908447266,22885000
2022-10-28,39.08661651611328,40.558998107910156,40.69499969482422,38.95199966430664,39.05099868774414,18155000
2022-10-31,39.00856018066406,40.47800064086914,41.04999923706055,39.91899871826172,40.48699951171875,18772000
2022-11-01,39.772769927978516,41.270999908447266,41.696998596191406,40.64699935913086,41.29999923706055,15682000
2022-11-02,38.116172790527344,39.551998138427734,42.10499954223633,39.47700119018555,41.15599822998047,21731000
2022-11-03,37.913795471191406,39.34199905395508,39.946998596191406,38.47200012207031,38.869998931884766,16563000
2022-11-04,40.43098068237305,41.95399856567383,42.0099983215332,40.42499923706055,40.98500061035156,24227000
2022-11-07,41.91796875,43.49700164794922,43.56100082397461,41.92399978637695,42.349998474121094,18842000
2022-11-08,42.87105941772461,44.486000061035156,44.89500045776367,43.07899856567383,44.29999923706055,22260000
2022-11-09,41.70305633544922,43.27399826049805,44.31999969482422,43.01300048828125,43.58700180053711,17040000
2022-11-10,46.77885818481445,48.54100036621094,48.577999114990234,45.50400161743164,45.9630012512207,37191000
2022-11-11,48.263912200927734,50.082000732421875,50.45500183105469,48.01599884033203,48.196998596191406,26080000
2022-11-14,46.32495880126953,48.06999969482422,50.0369987487793,47.98699951171875,49.564998626708984,23472000
2022-11-15,47.292510986328125,49.07400131225586,50.27000045776367,48.21500015258789,50.108001708984375,22206000
2022-11-16,43.88487243652344,45.53799819946289,46.4640007019043,45.21200180053711,45.89699935913086,30079000
2022-11-17,44.441890716552734,46.11600112915039,46.46500015258789,44.5,44.63199996948242,15369000
2022-11-18,44.0120849609375,45.66999816894531,47.125999450683594,44.86399841308594,47.07099914550781,17363000
2022-11-21,43.380859375,45.01499938964844,45.349998474121094,44.441001892089844,45.10599899291992,9349000
2022-11-22,43.90800094604492,45.5620002746582,45.638999938964844,44.417999267578125,45.24100112915039,14115000
2022-11-23,44.46500778198242,46.13999938964844,46.874000549316406,45.60100173950195,45.70899963378906,8235000
2022-11-25,43.67959976196289,45.32500076293945,45.89400100708008,45.32500076293945,45.63399887084961,3789000
2022-11-28,42.7139778137207,44.323001861572266,45.13399887084961,44.14699935913086,44.619998931884766,11824000
2022-11-29,42.60026168823242,44.20500183105469,45.029998779296875,44.007999420166016,44.70399856567383,9030000
2022-11-30,45.523155212402344,47.237998962402344,47.23899841308594,44.12799835205078,44.78799819946289,22328000
2022-12-01,44.63269805908203,46.31399917602539,47.93199920654297,45.67399978637695,47.93199920654297,13779000
2022-12-02,44.105552673339844,45.766998291015625,46.02299880981445,45.040000915527344,45.07400131225586,11022000
2022-12-05,43.616966247558594,45.2599983215332,46.26900100708008,44.862998962402344,45.57400131225586,10886000
2022-12-06,42.700477600097656,44.308998107910156,45.40999984741211,43.89799880981445,45.2869987487793,9253000
2022-12-07,42.81516647338867,44.428001403808594,45.279998779296875,43.96200180053711,44.11899948120117,11129000
2022-12-08,43.84825134277344,45.5,45.75199890136719,44.40599822998047,44.7869987487793,12370000
2022-12-09,43.385677337646484,45.02000045776367,45.763999938964844,44.44200134277344,44.94900131225586,9542000
2022-12-12,44.74449157714844,46.43000030517578,46.444000244140625,44.89500045776367,46.00299835205078,12138000
2022-12-13,46.03727340698242,47.59400177001953,49.064998626708984,47.00400161743164,48.55400085449219,15369000
2022-12-14,45.292457580566406,46.82400131225586,48.1879997253418,46.42300033569336,47.48500061035156,12108000
2022-12-15,43.14700698852539,44.60599899291992,45.972999572753906,44.40299987792969,45.60200119018555,15531000
2022-12-16,42.94001007080078,44.391998291015625,44.79899978637695,43.8129997253418,44.28900146484375,17715000
2022-12-19,42.43410873413086,43.86899948120117,44.28499984741211,43.209999084472656,44.233001708984375,10645000
2022-12-20,42.30546569824219,43.736000061035156,44.10900115966797,43.26499938964844,43.34000015258789,9097000
2022-12-21,43.322086334228516,44.7869987487793,45.08100128173828,44.007999420166016,44.13199996948242,9464000
2022-12-22,39.57286071777344,40.9109992980957,43.32099914550781,39.70600128173828,43.189998626708984,31757000
2022-12-23,39.86402130126953,41.21200180053711,41.24700164794922,40.05500030517578,40.5620002746582,10546000
2022-12-27,39.21980667114258,40.54600143432617,41.1609992980957,40.47600173950195,40.79999923706055,11120000
2022-12-28,38.962501525878906,40.279998779296875,40.775001525878906,39.92900085449219,40.34299850463867,8731000
2022-12-29,40.685245513916016,42.06100082397461,42.25699996948242,40.810001373291016,40.97100067138672,12309000
2022-12-30,40.65525817871094,42.029998779296875,42.058998107910156,41.08399963378906,41.257999420166016,7321000
2023-01-03,40.074893951416016,41.43000030517578,43.0099983215332,40.72700119018555,42.97200012207031,13249000
2023-01-04,40.864200592041016,42.24599838256836,42.82699966430664,41.64699935913086,42.16400146484375,10525000
2023-01-05,40.34186553955078,41.70600128173828,42.45800018310547,41.2599983215332,41.5620002746582,9834000
2023-01-06,43.070587158203125,44.527000427246094,44.73400115966797,42.0359992980957,42.91400146484375,14810000
2023-01-09,43.76317596435547,45.24300003051758,46.34000015258789,44.46200180053711,45.119998931884766,14079000
2023-01-10,44.360958099365234,45.861000061035156,45.88100051879883,44.715999603271484,44.80799865722656,10676000
2023-01-11,44.911346435546875,46.43000030517578,46.44499969482422,44.55699920654297,44.77000045776367,15429000
2023-01-12,45.466575622558594,47.00400161743164,47.553001403808594,45.34000015258789,46.999000549316406,14299000
2023-01-13,45.81769943237305,47.367000579833984,47.481998443603516,46.22999954223633,46.22999954223633,12025000
2023-01-17,45.55846405029297,47.0989990234375,47.367000579833984,46.3390007019043,46.99100112915039,9474000
2023-01-18,45.16187286376953,46.68899917602539,48.34700012207031,46.652000427246094,47.71799850463867,11939000
2023-01-19,43.90440368652344,45.388999938964844,46.47700119018555,45.3650016784668,46.22999954223633,10887000
2023-01-20,45.70452117919922,47.25,47.26599884033203,45.68199920654297,45.909000396728516,12599000
2023-01-23,47.47272872924805,49.077999114990234,49.88399887084961,47.23899841308594,47.47999954223633,16545000
2023-01-24,47.155460357666016,48.75,49.172000885009766,48.387001037597656,48.520999908447266,9723000
2023-01-25,47.242515563964844,48.84000015258789,49.138999938964844,46.70000076293945,47.21900177001953,17697000
2023-01-26,48.146949768066406,49.775001525878906,49.86600112915039,47.400001525878906,48.474998474121094,24658000
2023-01-27,46.70856475830078,48.28799819946289,49.792999267578125,48.25699996948242,48.79899978637695,17116000
2023-01-30,46.297481536865234,47.862998962402344,48.37900161743164,47.340999603271484,47.63600158691406,15608000
2023-01-31,48.37424850463867,50.0099983215332,50.02000045776367,48.0,48.071998596191406,18132000
2023-02-01,51.29160690307617,53.0260009765625,53.40299987792969,49.8489990234375,49.86899948120117,24886000
2023-02-02,52.33434295654297,54.104000091552734,54.8849983215332,52.98500061035156,53.90399932861328,20193000
2023-02-03,51.19390106201172,52.92499923706055,53.994998931884766,52.64799880981445,52.93000030517578,12684000
2023-02-06,50.391048431396484,52.095001220703125,53.0,51.82500076293945,52.189998626708984,10082000
2023-02-07,51.57985305786133,53.32400131225586,53.65800094604492,51.683998107910156,52.18899917602539,12541000
2023-02-08,50.09699249267578,51.79100036621094,53.327999114990234,51.45399856567383,52.900001525878906,11435000
2023-02-09,49.86581802368164,51.551998138427734,53.29999923706055,51.236000061035156,52.79899978637695,10732000
2023-02-10,48.84822463989258,50.5,51.3849983215332,49.84299850463867,51.09600067138672,10364000
2023-02-13,49.35991668701172,51.02899932861328,51.09700012207031,50.23099899291992,50.82500076293945,8892000
2023-02-14,49.93255615234375,51.62099838256836,52.0880012512207,49.90700149536133,50.29100036621094,9487000
2023-02-15,50.327213287353516,52.02899932861328,52.064998626708984,50.39500045776367,50.67100143432617,8541000
2023-02-16,48.493228912353516,50.132999420166016,51.479000091552734,50.034000396728516,50.814998626708984,10906000
2023-02-17,47.94477844238281,49.566001892089844,49.92300033569336,48.750999450683594,49.92300033569336,13841000
2023-02-21,46.26458740234375,47.82899856567383,49.20000076293945,47.70600128173828,48.79999923706055,12458000
2023-02-22,46.16302490234375,47.7239990234375,48.52299880981445,47.430999755859375,48.11000061035156,10418000
2023-02-23,46.950401306152344,48.53799819946289,49.29199981689453,47.345001220703125,49.073001861572266,12271000
2023-02-24,46.29553985595703,47.861000061035156,48.382999420166016,47.36800003051758,47.72600173950195,10353000
2023-02-27,46.692142486572266,48.270999908447266,49.09199905395508,48.117000579833984,48.972999572753906,7905000
2023-02-28,47.01134490966797,48.60100173950195,49.34600067138672,47.922000885009766,48.25600051879883,10899000
2023-03-01,47.48627853393555,49.09199905395508,49.742000579833984,48.72200012207031,48.994998931884766,8566000
2023-03-02,47.395347595214844,48.99800109863281,49.409000396728516,47.428001403808594,47.900001525878906,8731000
2023-03-03,47.55689239501953,49.165000915527344,49.31999969482422,48.00699996948242,48.891998291015625,16844000
2023-03-06,46.93491744995117,48.52199935913086,49.941001892089844,48.27799987792969,49.47600173950195,9731000
2023-03-07,46.39710998535156,47.965999603271484,48.926998138427734,47.672000885009766,48.676998138427734,9382000
2023-03-08,47.72616195678711,49.34000015258789,49.54800033569336,48.172000885009766,48.20899963378906,10541000
2023-03-09,47.42436599731445,49.02799987792969,50.38100051879883,48.82600021362305,49.14500045776367,13287000
2023-03-10,46.315853118896484,47.88199996948242,49.60599899291992,47.35300064086914,49.444000244140625,11804000
2023-03-13,46.13981246948242,47.70000076293945,48.367000579833984,46.702999114990234,46.90700149536133,9427000
2023-03-14,47.95569610595703,49.39799880981445,49.970001220703125,48.4630012512207,48.513999938964844,13106000
2023-03-15,47.28292465209961,48.70500183105469,48.89899826049805,47.39899826049805,48.62900161743164,12145000
2023-03-16,50.01476287841797,51.51900100708008,51.59199905395508,48.04600143432617,48.29399871826172,17754000
2023-03-17,49.35170364379883,50.83599853515625,51.9900016784668,50.38100051879883,51.51900100708008,17026000
2023-03-20,49.83031463623047,51.32899856567383,51.555999755859375,50.57400131225586,51.04999923706055,7553000
2023-03-21,49.25463104248047,50.736000061035156,52.15700149536133,49.810001373291016,51.694000244140625,10286000
2023-03-22,49.1517219543457,50.630001068115234,52.5,50.58300018310547,50.69900131225586,12139000
2023-03-23,50.83024597167969,52.35900115966797,53.25600051879883,51.33300018310547,51.43899917602539,15379000
2023-03-24,48.7401008605957,50.20600128173828,51.74100112915039,49.87799835205078,51.5,13960000
2023-03-27,48.12947082519531,49.57699966430664,50.97999954223633,49.46799850463867,50.82600021362305,11071000
2023-03-28,47.0916748046875,48.507999420166016,49.654998779296875,47.87699890136719,49.540000915527344,14636000
2023-03-29,50.06912612915039,51.57500076293945,52.11600112915039,49.22600173950195,49.45399856567383,20722000
2023-03-30,51.58454895019531,53.13600158691406,53.2760009765625,52.19599914550781,52.361000061035156,20558000
2023-03-31,51.464168548583984,53.012001037597656,53.308998107910156,52.53900146484375,52.763999938964844,11637000
2023-04-03,50.62831497192383,52.1510009765625,52.62099838256836,51.46200180053711,52.409000396728516,11100000
2023-04-04,48.95658874511719,50.42900085449219,52.4109992980957,50.124000549316406,52.29999923706055,12698000
2023-04-05,47.90715026855469,49.347999572753906,49.9900016784668,48.645999908447266,49.9900016784668,16073000
2023-04-06,47.937252044677734,49.37900161743164,49.638999938964844,48.04499816894531,48.604000091552734,9652000
2023-04-10,49.26433181762695,50.74599838256836,51.14400100708008,48.60599899291992,48.62200164794922,13389000
2023-04-11,49.26918411254883,50.750999450683594,51.17599868774414,50.564998626708984,51.029998779296875,9080000
2023-04-12,48.25566864013672,49.707000732421875,51.367000579833984,49.61199951171875,51.33399963378906,9728000
2023-04-13,48.37993240356445,49.834999084472656,50.20800018310547,49.04999923706055,49.94900131225586,12971000
2023-04-14,48.62166213989258,50.08399963378906,50.58599853515625,49.25899887084961,49.70899963378906,9245000
2023-04-17,47.82754898071289,49.26599884033203,49.50299835205078,48.31100082397461,48.999000549316406,12478000
2023-04-18,48.090633392333984,49.5369987487793,50.04399871826172,48.9109992980957,49.47600173950195,8993000
2023-04-19,47.66834259033203,49.10200119018555,49.39099884033203,48.27399826049805,48.597999572753906,17221000
2023-04-20,51.114688873291016,52.652000427246094,53.650001525878906,50.81100082397461,51.09600067138672,40480000
2023-04-21,50.208927154541016,51.71900177001953,52.43299865722656,51.382999420166016,52.41899871826172,14387000
2023-04-24,49.93613052368164,51.4379997253418,51.80799865722656,50.63800048828125,51.5369987487793,10247000
2023-04-25,48.512935638427734,49.97200012207031,51.6619987487793,49.94599914550781,51.154998779296875,13711000
2023-04-26,48.28771209716797,49.7400016784668,50.770999908447266,49.51599884033203,50.32500076293945,12949000
2023-04-27,50.37396240234375,51.888999938964844,51.95100021362305,49.34199905395508,50.35499954223633,19831000
2023-04-28,50.87781524658203,52.40800094604492,52.446998596191406,51.25199890136719,51.92599868774414,11458000
2023-05-01,50.85353469848633,52.382999420166016,53.14899826049805,52.1349983215332,52.387001037597656,8383000
2023-05-02,50.66423034667969,52.1879997253418,52.66899871826172,51.426998138427734,52.375,9466000
2023-05-03,49.95262908935547,51.45500183105469,52.70000076293945,51.30099868774414,52.250999450683594,13628000
2023-05-04,49.72837448120117,51.2239990234375,51.564998626708984,50.71900177001953,51.50600051879883,7802000
2023-05-05,51.42921829223633,52.97600173950195,53.10900115966797,51.652000427246094,51.900001525878906,14018000
2023-05-08,51.14089584350586,52.67900085449219,53.152000427246094,52.32099914550781,53.0,7957000
2023-05-09,50.07107162475586,51.57699966430664,51.992000579833984,51.209999084472656,51.95800018310547,10002000
2023-05-10,51.190406799316406,52.72999954223633,53.14699935913086,52.005001068115234,52.4119987487793,10968000
2023-05-11,51.20787811279297,52.74800109863281,53.082000732421875,52.066001892089844,52.84400177001953,7162000
2023-05-12,51.170982360839844,52.709999084472656,53.349998474121094,52.138999938964844,53.0,9168000
2023-05-15,53.614501953125,55.22700119018555,55.249000549316406,52.994998931884766,53.0,17454000
2023-05-16,54.26105499267578,55.893001556396484,56.41899871826172,54.92900085449219,55.03300094604492,17385000
2023-05-17,55.73473358154297,57.4109992980957,58.0260009765625,56.01100158691406,56.45100021362305,16672000
2023-05-18,58.125816345214844,59.874000549316406,60.02899932861328,57.400001525878906,57.400001525878906,19223000
2023-05-19,57.16666793823242,58.88600158691406,59.569000244140625,58.83000183105469,59.5260009765625,12253000
2023-05-22,56.798728942871094,58.50699996948242,59.167999267578125,58.17399978637695,58.47999954223633,10423000
2023-05-23,55.67454528808594,57.3489990234375,58.14699935913086,57.21200180053711,58.01100158691406,10667000
2023-05-24,54.934791564941406,56.58700180053711,56.91400146484375,55.941001892089844,56.354000091552734,13255000
2023-05-25,58.45201110839844,60.209999084472656,60.67900085449219,57.99300003051758,58.599998474121094,20554000
2023-05-26,60.99065399169922,62.82500076293945,63.30099868774414,59.99800109863281,60.5,21989000
2023-05-30,61.15666198730469,62.99599838256836,64.45999908447266,61.91999816894531,64.0,13656000
2023-05-31,59.869380950927734,61.66999816894531,63.03300094604492,61.388999938964844,61.8390007019043,26891000
2023-06-01,60.17615509033203,61.986000061035156,62.54800033569336,60.46699905395508,61.66999816894531,14556000
2023-06-02,59.57522201538086,61.367000579833984,62.19900131225586,60.775001525878906,62.0,11814000
2023-06-05,58.792762756347656,60.56100082397461,61.38999938964844,60.301998138427734,61.15700149536133,10441000
2023-06-06,59.432518005371094,61.220001220703125,61.571998596191406,59.37799835205078,59.60599899291992,11062000
2023-06-07,59.2946662902832,61.077999114990234,62.12300109863281,60.75699996948242,61.29199981689453,12027000
2023-06-08,59.65968322753906,61.45399856567383,61.61899948120117,60.45000076293945,61.194000244140625,9108000
2023-06-09,58.88790512084961,60.659000396728516,62.111000061035156,60.57600021362305,61.82600021362305,10669000
2023-06-12,60.920753479003906,62.75299835205078,62.85499954223633,60.724998474121094,61.26599884033203,15094000
2023-06-13,60.89495849609375,62.55400085449219,62.972999572753906,61.59000015258789,62.5,11759000
2023-06-14,61.33205032348633,63.00299835205078,63.071998596191406,61.30500030517578,62.0,11219000
2023-06-15,60.453006744384766,62.099998474121094,62.51300048828125,61.641998291015625,61.77000045776367,18624000
2023-06-16,59.64014434814453,61.26499938964844,62.39899826049805,61.0369987487793,62.36199951171875,26787000
2023-06-20,59.79882049560547,61.428001403808594,61.86800003051758,60.79600143432617,61.08100128173828,9811000
2023-06-21,58.97331619262695,60.58000183105469,61.58000183105469,60.23099899291992,60.92900085449219,8987000
2023-06-22,60.34299087524414,61.98699951171875,62.448001861572266,59.84199905395508,60.11000061035156,11735000
2023-06-23,59.26145935058594,60.875999450683594,61.1349983215332,60.137001037597656,60.95000076293945,10806000
2023-06-26,60.387779235839844,62.03300094604492,63.340999603271484,61.36899948120117,61.415000915527344,13440000
2023-06-27,63.19430923461914,64.91600036621094,65.02300262451172,62.20100021362305,62.374000549316406,13355000
2023-06-28,62.51482391357422,64.21800231933594,64.96700286865234,63.59700012207031,63.999000549316406,11806000
2023-06-29,62.3376579284668,64.03600311279297,64.79000091552734,63.599998474121094,64.76200103759766,14023000
2023-06-30,62.58102798461914,64.28600311279297,64.88700103759766,63.89099884033203,64.43299865722656,10867000
2023-07-03,63.37247085571289,65.0989990234375,65.10099792480469,63.8849983215332,64.28600311279297,6219000
2023-07-05,61.19089889526367,62.858001708984375,64.60800170898438,62.849998474121094,64.40699768066406,11052000
2023-07-06,60.453006744384766,62.099998474121094,62.27399826049805,61.16600036621094,61.74399948120117,12975000
2023-07-07,60.14829635620117,61.7869987487793,62.93600082397461,61.694000244140625,62.1870002746582,7288000
2023-07-10,61.09938430786133,62.763999938964844,63.02799987792969,61.7599983215332,62.0,12882000
2023-07-11,60.2991943359375,61.94200134277344,63.013999938964844,60.82600021362305,62.85499954223633,12028000
2023-07-12,60.6087532043457,62.2599983215332,62.900001525878906,61.77899932861328,62.895999908447266,13032000
2023-07-13,62.13711166381836,63.83000183105469,64.20800018310547,62.70000076293945,62.70000076293945,10887000
2023-07-14,62.16242599487305,63.85599899291992,64.71800231933594,63.59199905395508,64.21199798583984,9191000
2023-07-17,64.25637817382812,66.00700378417969,66.38300323486328,63.5,63.5,13834000
2023-07-18,63.85432815551758,65.59400177001953,66.0989990234375,64.86799621582031,65.42400360107422,10231000
2023-07-19,62.313316345214844,64.01100158691406,65.4209976196289,63.821998596191406,65.24500274658203,9326000
2023-07-20,59.91953659057617,61.551998138427734,62.98699951171875,61.26100158691406,62.970001220703125,16720000
2023-07-21,60.709022521972656,62.362998962402344,62.69499969482422,61.79899978637695,61.95199966430664,25742000
2023-07-24,62.20818328857422,63.90299987792969,64.25900268554688,62.900001525878906,62.94900131225586,11475000
2023-07-25,63.299461364746094,65.02400207519531,65.43800354003906,63.80500030517578,63.90299987792969,9087000
2023-07-26,62.53331756591797,64.23699951171875,64.83399963378906,63.2140007019043,64.2020034790039,13614000
2023-07-27,68.33331298828125,70.19499969482422,71.59400177001953,67.33200073242188,67.5,33900000
2023-07-28,70.21308135986328,72.1259994506836,72.40699768066406,70.55999755859375,71.02899932861328,18500000
2023-07-31,69.94343566894531,71.8489990234375,72.65299987792969,71.37200164794922,72.14600372314453,11332000
2023-08-01,69.6913070678711,71.58999633789062,71.9489974975586,70.84400177001953,70.88500213623047,9528000
2023-08-02,66.7689208984375,68.58799743652344,70.7249984741211,68.36000061035156,70.5199966430664,14973000
2023-08-03,67.49708557128906,69.33599853515625,69.5009994506836,67.75199890136719,68.12100219726562,12155000
2023-08-04,67.21478271484375,69.0459976196289,70.26300048828125,68.65299987792969,69.33599853515625,6652000
2023-08-07,68.66525268554688,70.53600311279297,70.65599822998047,69.12300109863281,69.80000305175781,6848000
2023-08-08,67.75408172607422,69.5999984741211,69.84300231933594,68.66799926757812,69.56099700927734,8094000
2023-08-09,66.78548431396484,68.6050033569336,69.99500274658203,68.56900024414062,69.677001953125,8139000
2023-08-10,66.81855773925781,68.63899993896484,70.0979995727539,68.08799743652344,69.16300201416016,9376000
2023-08-11,63.467857360839844,65.1969985961914,67.2490005493164,65.13999938964844,67.08100128173828,16035000
2023-08-14,64.95046997070312,66.72000122070312,66.72599792480469,64.69999694824219,65.0999984741211,13017000
2023-08-15,63.843624114990234,65.58300018310547,66.58100128173828,65.46499633789062,66.12000274658203,6713000
2023-08-16,62.91493225097656,64.62899780273438,65.98699951171875,64.56900024414062,65.94599914550781,8088000
2023-08-17,63.13591003417969,64.85600280761719,65.9209976196289,64.67500305175781,65.01799774169922,8914000
2023-08-18,63.56228256225586,65.29399871826172,65.6729965209961,63.946998596191406,64.26300048828125,9336000
2023-08-21,65.14905548095703,66.92400360107422,67.22599792480469,65.37200164794922,65.5,9083000
2023-08-22,64.91348266601562,66.68199920654297,68.05500030517578,66.41500091552734,67.73999786376953,6273000
2023-08-23,66.01058959960938,67.80899810791016,68.16999816894531,66.48500061035156,66.64399719238281,8713000
2023-08-24,63.853370666503906,65.59300231933594,69.1719970703125,65.28600311279297,69.06600189208984,11349000
2023-08-25,64.27584838867188,66.0270004272461,66.63600158691406,64.6510009765625,65.8759994506836,7601000
2023-08-28,64.86481475830078,66.63200378417969,67.47599792480469,66.16500091552734,66.97599792480469,6092000
2023-08-29,66.6491928100586,68.46499633789062,69.16799926757812,66.18399810791016,66.31800079345703,10398000
2023-08-30,66.83219146728516,68.65299987792969,68.9260025024414,67.2300033569336,68.375,9026000
2023-08-31,68.37712860107422,70.23999786376953,70.44000244140625,68.06600189208984,68.06600189208984,16816000
2023-09-01,68.33428192138672,70.19599914550781,71.19100189208984,69.80999755859375,70.9280014038086,6454000
2023-09-05,68.21842956542969,70.0770034790039,70.74700164794922,69.5199966430664,69.82499694824219,5199000
2023-09-06,67.77745819091797,69.6240005493164,70.84500122070312,68.77400207519531,69.71600341796875,9013000
2023-09-07,65.87527465820312,67.66999816894531,68.16100311279297,66.5,68.0999984741211,12039000
2023-09-08,65.114013671875,66.88800048828125,68.0459976196289,66.6510009765625,67.3499984741211,9023000
2023-09-11,64.6078109741211,66.36799621582031,67.53700256347656,65.10399627685547,67.36199951171875,9529000
2023-09-12,63.73097229003906,65.2699966430664,66.4530029296875,65.18900299072266,65.41899871826172,8924000
2023-09-13,64.31292724609375,65.86599731445312,66.70999908447266,65.28600311279297,65.7509994506836,8777000
2023-09-14,64.09517669677734,65.64299774169922,66.75,65.0999984741211,66.7239990234375,10359000
2023-09-15,60.84174728393555,62.31100082397461,64.79299926757812,61.777000427246094,64.697998046875,31613000
2023-09-18,62.0661735534668,63.564998626708984,63.64899826049805,61.82099914550781,62.07699966430664,12598000
2023-09-19,61.04093551635742,62.51499938964844,63.67599868774414,62.17300033569336,63.564998626708984,10945000
2023-09-20,60.42677688598633,61.88600158691406,63.27399826049805,61.72999954223633,62.75,8468000
2023-09-21,59.5997428894043,61.03900146484375,61.8129997253418,60.89899826049805,61.02399826049805,11694000
2023-09-22,60.4511833190918,61.9109992980957,62.89400100708008,61.54999923706055,61.99700164794922,12743000
2023-09-25,60.59568786621094,62.058998107910156,62.30099868774414,61.362998962402344,61.52899932861328,7635000
2023-09-26,59.17109680175781,60.599998474121094,61.551998138427734,60.35200119018555,61.194000244140625,10590000
2023-09-27,59.944419860839844,61.391998291015625,61.77199935913086,60.26300048828125,61.19900131225586,11951000
2023-09-28,61.2723503112793,62.75199890136719,63.053001403808594,60.76300048828125,61.09700012207031,11734000
2023-09-29,61.199119567871094,62.676998138427734,63.736000061035156,62.50699996948242,63.650001525878906,7707000
2023-10-02,61.600433349609375,63.0880012512207,64.0999984741211,62.301998138427734,62.724998474121094,9882000
2023-10-03,60.353546142578125,61.81100082397461,63.70000076293945,61.290000915527344,63.007999420166016,10197000
2023-10-04,61.74689483642578,63.237998962402344,63.400001525878906,62.20199966430664,62.439998626708984,9588000
2023-10-05,61.107337951660156,62.58300018310547,63.38800048828125,62.02899932861328,63.29800033569336,7537000
2023-10-06,61.3299674987793,62.81100082397461,63.20800018310547,60.922000885009766,62.06700134277344,10649000
2023-10-09,61.2889518737793,62.76900100708008,63.08700180053711,61.47600173950195,62.124000549316406,6921000
2023-10-10,61.942176818847656,63.4379997253418,64.29499816894531,62.827999114990234,63.34600067138672,6741000
2023-10-11,62.65984344482422,64.1729965209961,64.32499694824219,63.39500045776367,64.09500122070312,6615000
2023-10-12,63.95163345336914,65.49600219726562,66.5,64.52100372314453,64.53500366210938,13285000
2023-10-13,62.99085235595703,64.51200103759766,66.43900299072266,64.19999694824219,66.0999984741211,12292000
2023-10-16,63.53569030761719,65.06999969482422,65.56300354003906,64.41200256347656,64.78199768066406,9990000
2023-10-17,63.462459564208984,64.99500274658203,65.34400177001953,62.645999908447266,63.81399917602539,10340000
2023-10-18,62.70964050292969,64.2239990234375,64.51499938964844,62.62799835205078,63.79999923706055,13346000
2023-10-19,58.77564239501953,60.19499969482422,63.25,60.020999908447266,62.69499969482422,25078000
2023-10-20,58.619415283203125,60.03499984741211,60.82099914550781,59.84199905395508,60.369998931884766,13013000
2023-10-23,58.54423904418945,59.95800018310547,60.729000091552734,58.93899917602539,59.630001068115234,8106000
2023-10-24,58.977760314941406,60.402000427246094,61.13399887084961,59.89400100708008,60.52199935913086,9659000
2023-10-25,56.95852279663086,58.33399963378906,59.854000091552734,58.106998443603516,59.66899871826172,11332000
2023-10-26,57.13330841064453,58.51300048828125,60.45800018310547,58.35200119018555,58.90999984741211,11976000
2023-10-27,57.0249137878418,58.402000427246094,59.35499954223633,58.077999114990234,58.43000030517578,9497000
2023-10-30,56.97414016723633,58.349998474121094,59.33700180053711,57.71900177001953,58.24100112915039,8657000
2023-10-31,57.43501281738281,58.821998596191406,59.077999114990234,57.44200134277344,58.632999420166016,8179000
2023-11-01,59.23554229736328,60.66600036621094,60.763999938964844,58.87699890136719,59.2869987487793,10439000
2023-11-02,60.85834884643555,62.327999114990234,63.14099884033203,61.81999969482422,62.25,13560000
2023-11-03,61.91288375854492,63.40800094604492,63.941001892089844,62.68899917602539,62.91999816894531,9832000
2023-11-06,62.398162841796875,63.904998779296875,63.95800018310547,62.8120002746582,63.40800094604492,6929000
2023-11-07,62.61395263671875,64.1259994506836,64.70899963378906,63.66899871826172,64.0,8192000
2023-11-08,63.23105239868164,64.75800323486328,64.91200256347656,64.10800170898438,64.45999908447266,7304000
2023-11-09,63.49272918701172,65.0260009765625,66.8499984741211,64.85099792480469,65.0,12196000
2023-11-10,66.92679595947266,68.54299926757812,68.78700256347656,65.63500213623047,66.10800170898438,13734000
2023-11-13,65.7551040649414,67.34300231933594,68.0009994506836,67.05500030517578,68.0,8158000
2023-11-14,67.8534164428711,69.49199676513672,69.61799621582031,68.39099884033203,69.0999984741211,9555000
2023-11-15,68.14439392089844,69.79000091552734,69.95600128173828,69.15299987792969,69.81999969482422,6295000
2023-11-16,68.39239501953125,70.04399871826172,70.63400268554688,69.58399963378906,69.9000015258789,10047000
2023-11-17,68.38264465332031,70.03399658203125,70.15599822998047,68.80000305175781,69.15599822998047,10265000
2023-11-20,70.21930694580078,71.91500091552734,72.0999984741211,69.73300170898438,69.73300170898438,10264000
2023-11-21,69.0690689086914,70.73699951171875,71.60299682617188,70.3479995727539,71.60299682617188,8709000
2023-11-22,70.05427551269531,71.74600219726562,72.822998046875,71.33999633789062,71.5,7819000
2023-11-24,70.05818176269531,71.75,72.21299743652344,71.5,71.64800262451172,3006000
2023-11-27,70.5415267944336,72.24500274658203,73.0989990234375,71.06800079345703,71.5,6819000
2023-11-28,69.36395263671875,71.03900146484375,71.74299621582031,70.4489974975586,71.23300170898438,9053000
2023-11-29,69.71546936035156,71.39900207519531,72.5469970703125,71.30500030517578,72.0,8125000
2023-11-30,69.90391540527344,71.59200286865234,71.87999725341797,70.63700103759766,71.87999725341797,12922000
2023-12-01,70.50537872314453,72.20800018310547,72.25900268554688,70.81199645996094,71.20800018310547,6919000
2023-12-04,69.33172607421875,71.00599670410156,71.65499877929688,70.20500183105469,71.55999755859375,9036000
2023-12-05,68.0701904296875,69.71399688720703,69.99500274658203,68.71800231933594,69.63400268554688,12201000
2023-12-06,67.84854125976562,69.48699951171875,70.99800109863281,69.34700012207031,70.89900207519531,6348000
2023-12-07,69.1335220336914,70.8030014038086,71.03199768066406,69.72100067138672,70.31600189208984,9009000
2023-12-08,68.65898895263672,70.31700134277344,71.11699676513672,69.9020004272461,69.94599914550781,7944000
2023-12-11,71.82453155517578,73.55899810791016,73.79900360107422,70.83999633789062,71.02400207519531,15849000
2023-12-12,71.59444427490234,73.1240005493164,73.87999725341797,72.71099853515625,73.30000305175781,12019000
2023-12-13,71.92830657958984,73.46499633789062,74.05899810791016,72.14900207519531,73.29499816894531,8889000
2023-12-14,75.11622619628906,76.72100067138672,77.12799835205078,73.87799835205078,74.03600311279297,17234000
2023-12-15,75.7320556640625,77.3499984741211,77.96800231933594,76.75700378417969,76.93299865722656,17817000
2023-12-18,75.38153076171875,76.99199676513672,77.9000015258789,75.7509994506836,77.55999755859375,8841000
2023-12-19,76.46733093261719,78.10099792480469,78.18399810791016,76.87300109863281,77.22200012207031,8906000
2023-12-20,73.91388702392578,75.49299621582031,78.05000305175781,75.44200134277344,77.20500183105469,11409000
2023-12-21,76.06690216064453,77.69200134277344,77.92500305175781,76.3499984741211,77.8499984741211,9349000
2023-12-22,76.36747741699219,77.9990005493164,78.41000366210938,77.36199951171875,77.69200134277344,5251000
2023-12-26,77.9065933227539,79.57099914550781,79.98699951171875,78.30400085449219,78.30400085449219,6941000
2023-12-27,77.83021545410156,79.49299621582031,80.12899780273438,79.02999877929688,79.9000015258789,7623000
2023-12-28,77.31523132324219,78.96700286865234,79.87200164794922,78.9010009765625,79.77999877929688,6007000
2023-12-29,76.68762969970703,78.32599639892578,79.00900268554688,77.80000305175781,78.7509994506836,5191000
2024-01-02,73.3626708984375,74.93000030517578,76.93800354003906,74.20700073242188,76.875,11136000
2024-01-03,72.15154266357422,73.69300079345703,74.30000305175781,72.96600341796875,73.19999694824219,9224000
2024-01-04,71.57878112792969,73.10800170898438,74.49099731445312,72.32499694824219,72.5780029296875,10330000
2024-01-05,71.70802307128906,73.23999786376953,74.2249984741211,72.86000061035156,73.45700073242188,8219000
2024-01-08,74.13223266601562,75.71600341796875,75.7699966430664,73.63400268554688,73.63400268554688,10889000
2024-01-09,73.62899017333984,75.2020034790039,75.68399810791016,74.46499633789062,74.63300323486328,5904000
2024-01-10,73.4008560180664,74.96900177001953,75.48400115966797,73.6510009765625,75.37799835205078,8376000
2024-01-11,74.42987060546875,76.0199966430664,76.13700103759766,74.21700286865234,74.96099853515625,7742000
2024-01-12,74.37797546386719,75.96700286865234,76.33499908447266,75.48600006103516,76.072998046875,4972000
2024-01-16,74.52191162109375,76.11399841308594,76.88999938964844,74.802001953125,75.42900085449219,6847000
2024-01-17,73.71513366699219,75.29000091552734,75.43000030517578,74.20099639892578,75.28299713134766,9631000
2024-01-18,76.92163848876953,78.56500244140625,78.83899688720703,77.1780014038086,77.58999633789062,14863000
2024-01-19,80.903564453125,82.63200378417969,82.85600280761719,79.47200012207031,79.86799621582031,18628000
2024-01-22,81.61046600341797,83.35399627685547,84.66100311279297,82.76699829101562,82.91300201416016,13652000
2024-01-23,81.30205535888672,83.03900146484375,83.197998046875,82.14700317382812,82.96099853515625,8243000
2024-01-24,83.04187774658203,84.81600189208984,85.86399841308594,83.84600067138672,85.0,19276000
2024-01-25,84.7493896484375,86.55999755859375,90.00900268554688,86.47000122070312,87.69999694824219,31073000
2024-01-26,82.14895629882812,83.90399932861328,86.0,83.66300201416016,85.30000305175781,16751000
2024-01-29,82.81083679199219,84.58000183105469,84.68699645996094,83.4000015258789,83.56999969482422,9904000
2024-01-30,81.83074951171875,83.5790023803711,84.9990005493164,83.1969985961914,84.10900115966797,10696000
2024-01-31,80.79096984863281,82.51699829101562,83.78099822998047,81.56700134277344,82.19999694824219,9969000
2024-02-01,81.4802474975586,83.22100067138672,83.60700225830078,82.40399932861328,83.18499755859375,7633000
2024-02-02,82.11567687988281,83.87000274658203,84.63800048828125,82.72899627685547,82.72899627685547,7629000
2024-02-05,83.35127258300781,85.13200378417969,85.73300170898438,83.2490005493164,83.87899780273438,8651000
2024-02-06,81.71619415283203,83.46199798583984,85.73999786376953,82.37999725341797,85.29000091552734,10546000
2024-02-07,83.0790786743164,84.85399627685547,85.79900360107422,83.3219985961914,83.77200317382812,8570000
2024-02-08,84.62799072265625,86.43599700927734,86.95899963378906,84.61399841308594,85.19999694824219,8627000
2024-02-09,89.251220703125,91.15799713134766,91.38200378417969,87.48600006103516,88.0,18363000
2024-02-12,88.90071105957031,90.80000305175781,92.4219970703125,90.4010009765625,90.55000305175781,12542000
2024-02-13,87.3919448852539,89.25900268554688,90.11199951171875,87.1969985961914,87.52999877929688,12595000
2024-02-14,89.65461730957031,91.56999969482422,92.89700317382812,90.76799774169922,90.86299896240234,11849000
2024-02-15,89.46663665771484,91.37799835205078,92.15399932861328,90.65499877929688,91.7750015258789,8529000
2024-02-16,90.6659927368164,92.60299682617188,95.5989990234375,92.34300231933594,94.04100036621094,13280000
2024-02-20,88.1605224609375,90.04399871826172,92.54100036621094,89.10099792480469,91.89199829101562,10890000
2024-02-21,88.30641174316406,90.19300079345703,90.22200012207031,88.67500305175781,89.50199890136719,7123000
2024-02-22,92.46066284179688,94.43599700927734,94.93299865722656,92.5270004272461,93.0,12639000
2024-02-23,90.90784454345703,92.8499984741211,95.00499725341797,92.61900329589844,94.71399688720703,6868000
2024-02-26,91.9123764038086,93.8759994506836,94.69499969482422,93.302001953125,93.66000366210938,6091000
2024-02-27,91.12617492675781,93.072998046875,94.40299987792969,92.822998046875,94.03800201416016,6303000
2024-02-28,90.33702850341797,92.26699829101562,92.41000366210938,91.28500366210938,91.7239990234375,6150000
2024-02-29,91.86244201660156,93.82499694824219,94.18199920654297,92.62200164794922,93.64700317382812,13084000
2024-03-01,96.09989929199219,98.15299987792969,98.24500274658203,94.36499786376953,94.5,11111000
2024-03-04,95.70729064941406,97.75199890136719,99.38600158691406,97.3479995727539,99.11699676513672,9016000
2024-03-05,94.29545593261719,96.30999755859375,97.9000015258789,95.19000244140625,96.9990005493164,13083000
2024-03-06,96.13221740722656,98.18599700927734,98.98500061035156,97.2249984741211,97.66799926757812,14329000
2024-03-07,97.37662506103516,99.45700073242188,100.73899841308594,98.78500366210938,98.9010009765625,10974000
2024-03-08,93.66395568847656,95.66500091552734,99.58100128173828,95.572998046875,99.27200317382812,13313000
2024-03-11,91.17219543457031,93.12000274658203,94.38500213623047,92.06199645996094,94.31099700927734,13267000
2024-03-12,93.29450225830078,95.08300018310547,95.08799743652344,92.8010025024414,93.34700012207031,13512000
2024-03-13,90.92787170410156,92.6709976196289,94.06999969482422,92.09100341796875,93.70099639892578,10080000
2024-03-14,90.8268051147461,92.56800079345703,93.78500366210938,91.62999725341797,93.3949966430664,9964000
2024-03-15,89.2971420288086,91.00900268554688,92.02100372314453,90.55999755859375,90.88800048828125,19745000
2024-03-18,90.78756713867188,92.52799987792969,93.49500274658203,91.99700164794922,92.24099731445312,7510000
2024-03-19,91.35371398925781,93.1050033569336,93.28800201416016,90.91100311279297,91.39900207519531,7029000
2024-03-20,93.12278747558594,94.90799713134766,94.99199676513672,92.33899688720703,92.5999984741211,8493000
2024-03-21,96.40880584716797,98.25700378417969,100.43000030517578,97.5999984741211,98.30999755859375,14078000
2024-03-22,95.9505844116211,97.79000091552734,99.052001953125,97.60199737548828,98.4749984741211,6901000
2024-03-25,95.31871032714844,97.14600372314453,98.25199890136719,96.22799682617188,96.22799682617188,7405000
2024-03-26,94.90365600585938,96.7229995727539,98.94400024414062,96.68900299072266,98.05000305175781,8589000
2024-03-27,94.75059509277344,96.56700134277344,97.5479965209961,95.4800033569336,97.28199768066406,5896000
2024-03-28,95.3294906616211,97.15699768066406,97.38999938964844,96.16300201416016,96.59600067138672,6639000
2024-04-01,96.332275390625,98.17900085449219,99.49199676513672,97.0999984741211,97.2030029296875,6514000
2024-04-02,94.9134750366211,96.73300170898438,97.29000091552734,95.69999694824219,96.69999694824219,9071000
2024-04-03,95.99669647216797,97.83699798583984,98.81300354003906,96.00299835205078,96.18499755859375,7302000
2024-04-04,93.37299346923828,95.16300201416016,100.18399810791016,94.4000015258789,99.25900268554688,9919000
2024-04-05,95.03612518310547,96.85800170898438,97.77300262451172,96.05000305175781,96.58999633789062,8048000
2024-04-08,94.90660095214844,96.72599792480469,97.71399688720703,96.09500122070312,97.41400146484375,5609000
2024-04-09,95.50316619873047,97.33399963378906,98.197998046875,95.802001953125,98.03099822998047,5207000
2024-04-10,94.35517120361328,96.16400146484375,97.5,95.48500061035156,95.89800262451172,5976000
2024-04-11,96.49809265136719,98.3479995727539,98.51899719238281,96.06800079345703,96.40299987792969,7055000
2024-04-12,93.90382385253906,95.7040023803711,96.92500305175781,95.19999694824219,96.3030014038086,9893000
2024-04-15,92.83726501464844,94.61699676513672,98.12300109863281,93.7490005493164,97.58799743652344,7691000
2024-04-16,94.51117706298828,96.322998046875,96.63099670410156,94.6780014038086,94.88400268554688,5448000
2024-04-17,89.51004028320312,91.22599792480469,95.2490005493164,91.0260009765625,95.0,16686000
2024-04-18,87.21995544433594,88.89199829101562,90.93299865722656,88.43900299072266,90.9229965209961,23074000
2024-04-19,85.38806915283203,87.0250015258789,89.96800231933594,86.19499969482422,89.49400329589844,13545000
2024-04-22,85.1741714477539,86.80699920654297,87.8740005493164,85.7979965209961,87.63999938964844,18563000
2024-04-23,87.0727767944336,88.74199676513672,89.43000030517578,86.80999755859375,87.80000305175781,9823000
2024-04-24,86.82452392578125,88.48899841308594,91.58599853515625,88.22699737548828,90.73400115966797,19491000
2024-04-25,88.45136260986328,90.14700317382812,91.24700164794922,88.65699768066406,90.93299865722656,13093000
2024-04-26,90.79640197753906,92.53700256347656,93.00299835205078,89.78700256347656,89.83999633789062,13971000
2024-04-29,91.13391876220703,92.88099670410156,93.02799987792969,91.51000213623047,92.15399932861328,9025000
2024-04-30,87.75862121582031,89.44100189208984,93.4530029296875,89.39299774169922,92.38600158691406,9737000
2024-05-01,85.17711639404297,86.80999755859375,89.98999786376953,86.3949966430664,88.30799865722656,11878000
2024-05-02,86.7057876586914,88.36799621582031,88.51799774169922,86.20899963378906,88.10399627685547,7245000
2024-05-03,89.14407348632812,90.85299682617188,91.26200103759766,89.55500030517578,89.83999633789062,8752000
2024-05-06,90.71497344970703,92.4540023803711,92.55000305175781,91.05699920654297,91.52799987792969,7545000
2024-05-07,89.77006530761719,91.49099731445312,93.0,91.33399963378906,92.76100158691406,6746000
2024-05-08,89.6101303100586,91.3280029296875,91.4000015258789,89.9000015258789,90.31700134277344,5539000
2024-05-09,89.04693603515625,90.75399780273438,91.7020034790039,90.09600067138672,91.7020034790039,5767000
2024-05-10,89.82010650634766,91.54199981689453,93.12000274658203,91.2239990234375,91.82599639892578,5100000
2024-05-13,88.67899322509766,90.37899780273438,92.06600189208984,90.24500274658203,92.06600189208984,7394000
2024-05-14,89.53751373291016,91.25399780273438,91.39299774169922,89.6520004272461,89.9000015258789,5751000
2024-05-15,92.99230194091797,94.7750015258789,94.84400177001953,91.71199798583984,92.44000244140625,7133000
2024-05-16,92.51641845703125,94.29000091552734,95.50700378417969,94.25,95.00499725341797,8124000
2024-05-17,89.49140167236328,91.20700073242188,95.48500061035156,90.58200073242188,95.24299621582031,9106000
2024-05-20,92.43203735351562,94.2040023803711,95.0,91.35299682617188,91.43900299072266,6650000
2024-05-21,94.58672332763672,96.4000015258789,97.37300109863281,94.18299865722656,97.16600036621094,14234000
2024-05-22,94.7603988647461,96.5770034790039,97.28800201416016,94.93499755859375,97.12300109863281,8938000
2024-05-23,94.01077270507812,95.81300354003906,99.26599884033203,95.24500274658203,99.12200164794922,10576000
2024-05-24,95.23137664794922,97.05699920654297,98.25399780273438,96.10900115966797,96.40799713134766,7196000
2024-05-28,95.299072265625,97.1259994506836,97.5719985961914,95.85900115966797,97.5,9942000
2024-05-29,93.53096771240234,95.3239974975586,96.08399963378906,95.2020034790039,95.75299835205078,8802000
2024-05-30,93.28174591064453,95.06999969482422,96.11799621582031,94.14700317382812,95.19999694824219,10577000
2024-05-31,91.49009704589844,93.24400329589844,94.97200012207031,90.31500244140625,94.87300109863281,15598000
2024-06-03,91.80309295654297,93.56300354003906,95.23899841308594,91.12799835205078,94.6969985961914,6806000
2024-06-04,90.53736114501953,92.27300262451172,93.6969985961914,91.0260009765625,93.2020034790039,6672000
2024-06-05,95.34420013427734,97.1719970703125,97.25599670410156,94.72100067138672,94.88400268554688,11660000
2024-06-06,94.40912628173828,96.21900177001953,97.42900085449219,95.4260025024414,96.2020034790039,8045000
2024-06-07,94.46115112304688,96.27200317382812,97.22599792480469,95.5459976196289,97.22599792480469,5813000
2024-06-10,98.42024230957031,100.30699920654297,100.8499984741211,95.50199890136719,95.5250015258789,10591000
2024-06-11,98.09447479248047,99.9749984741211,100.0999984741211,97.95500183105469,99.90399932861328,7123000
2024-06-12,101.81123352050781,103.76300048828125,104.08999633789062,100.59600067138672,101.13600158691406,15063000
2024-06-13,101.89659881591797,103.8499984741211,104.4800033569336,102.19400024414062,102.71700286865234,9582000
2024-06-14,101.64932250976562,103.5979995727539,104.20700073242188,102.30500030517578,102.5,6205000
2024-06-17,105.15414428710938,107.16999816894531,107.33899688720703,103.0,103.0,10497000
2024-06-18,107.10840606689453,108.95800018310547,110.18099975585938,106.86499786376953,107.10099792480469,11927000
2024-06-20,104.32938385009766,106.13099670410156,109.33899688720703,105.02200317382812,109.19200134277344,14615000
2024-06-21,103.25201416015625,105.03500366210938,106.45700073242188,103.87100219726562,105.99700164794922,16514000
2024-06-24,100.70301818847656,102.44200134277344,105.7040023803711,102.20700073242188,104.79199981689453,10415000
2024-06-25,103.502685546875,105.29000091552734,105.4520034790039,101.24500274658203,102.4739990234375,8646000
2024-06-26,103.78382110595703,105.57599639892578,106.91200256347656,104.22699737548828,105.36000061035156,8787000
2024-06-27,103.79069519042969,105.58300018310547,108.47599792480469,104.80500030517578,107.625,9148000
2024-06-28,104.67738342285156,106.48500061035156,108.6719970703125,105.2969970703125,106.50499725341797,12237000
2024-07-01,104.2625503540039,106.06300354003906,107.19200134277344,104.05000305175781,106.22599792480469,6145000
2024-07-02,105.46084594726562,107.28199768066406,107.34200286865234,104.65399932861328,104.89199829101562,5504000
2024-07-03,106.43601989746094,108.27400207519531,109.11900329589844,106.09100341796875,107.0,4308000
2024-07-05,106.93341827392578,108.77999877929688,109.4469985961914,107.50800323486328,109.03600311279297,5599000
2024-07-08,108.29097747802734,110.16100311279297,110.58599853515625,108.52400207519531,108.83899688720703,7275000
2024-07-09,109.36639404296875,111.25499725341797,111.86799621582031,110.02400207519531,110.61000061035156,6242000
2024-07-10,110.81637573242188,112.7300033569336,112.94999694824219,110.67500305175781,111.60700225830078,7749000
2024-07-11,104.19473266601562,105.99400329589844,113.0,105.9489974975586,112.97699737548828,13516000
2024-07-12,105.16595458984375,106.98200225830078,109.33999633789062,105.25199890136719,105.6989974975586,9459000
2024-07-15,105.09616088867188,106.91100311279297,108.19100189208984,106.25900268554688,106.98200225830078,7911000
2024-07-16,105.77246856689453,107.5989990234375,108.23400115966797,106.28199768066406,107.56199645996094,6284000
2024-07-17,95.12532806396484,96.76799774169922,101.91500091552734,96.71900177001953,101.91500091552734,21142000
2024-07-18,93.64292907714844,95.26000213623047,98.41799926757812,93.53600311279297,98.41799926757812,16199000
2024-07-19,90.1541748046875,91.71099853515625,96.69999694824219,91.55000305175781,95.9540023803711,14103000
2024-07-22,96.04741668701172,97.70600128173828,98.12300109863281,93.0780029296875,94.19999694824219,13319000
2024-07-23,94.33989715576172,95.96900177001953,97.72799682617188,95.60099792480469,96.3759994506836,6710000
2024-07-24,89.44247436523438,90.98699951171875,95.2239990234375,90.87899780273438,95.0,13159000
2024-07-25,86.91117858886719,88.41200256347656,91.76599884033203,88.19599914550781,91.09200286865234,19318000
2024-07-26,87.9453125,89.46399688720703,90.86599731445312,88.90399932861328,90.80999755859375,11679000
2024-07-29,87.71922302246094,89.23400115966797,93.13300323486328,89.0790023803711,90.91899871826172,8251000
2024-07-30,84.03484344482422,85.48600006103516,90.50700378417969,85.35099792480469,90.0,13399000
2024-07-31,90.56017303466797,92.1240005493164,92.4739990234375,88.05000305175781,89.3499984741211,19419000
2024-08-01,81.62348937988281,83.03299713134766,87.98500061035156,81.25499725341797,85.4749984741211,28880000
2024-08-02,75.0047836303711,76.30000305175781,80.54299926757812,75.80000305175781,80.0,27073000
2024-08-05,75.73123168945312,77.03900146484375,79.38500213623047,72.0,74.06800079345703,23639000
2024-08-06,75.7096176147461,77.01699829101562,79.49800109863281,76.58599853515625,77.50399780273438,12832000
2024-08-07,73.53516387939453,74.80500030517578,80.32599639892578,74.33599853515625,79.79900360107422,12823000
2024-08-08,78.55644989013672,79.91300201416016,80.11799621582031,76.0,78.0199966430664,14911000
2024-08-09,79.41857147216797,80.79000091552734,81.63400268554688,79.15599822998047,80.80000305175781,12528000
2024-08-12,79.71248626708984,81.08899688720703,82.2509994506836,79.8219985961914,80.74400329589844,7256000
2024-08-13,82.6487808227539,84.07599639892578,84.2239990234375,81.27400207519531,81.5,15018000
2024-08-14,83.0980224609375,84.53299713134766,85.66899871826172,82.7249984741211,84.8759994506836,8602000
2024-08-15,87.4990234375,89.01000213623047,89.51000213623047,85.86699676513672,86.46700286865234,12064000
2024-08-16,85.63521575927734,87.11399841308594,88.14099884033203,86.0,87.15399932861328,11232000
2024-08-19,86.63200378417969,88.12799835205078,88.19599914550781,84.80999755859375,86.5,10306000
2024-08-20,84.82127380371094,86.28600311279297,88.20500183105469,85.6259994506836,88.06500244140625,9951000
2024-08-21,85.8504867553711,87.33300018310547,87.6989974975586,86.04399871826172,86.94999694824219,8452000
2024-08-22,82.15333557128906,83.5719985961914,87.69999694824219,83.0,87.4990005493164,13665000
2024-08-23,83.2985610961914,84.73699951171875,86.20700073242188,83.52899932861328,85.0999984741211,10671000
2024-08-26,80.50086975097656,81.89099884033203,84.33999633789062,81.50399780273438,84.0999984741211,11154000
2024-08-27,80.6512680053711,82.04399871826172,82.88500213623047,79.94000244140625,81.06700134277344,8911000
2024-08-28,79.1443099975586,80.51100158691406,82.15499877929688,79.94300079345703,81.99299621582031,11739000
2024-08-29,78.37852478027344,79.73200225830078,82.69599914550781,79.3740005493164,81.83999633789062,12437000
2024-08-30,80.70730590820312,82.10099792480469,82.37699890136719,80.30400085449219,82.35900115966797,12427000
2024-09-03,75.27217102050781,76.5719985961914,80.66500091552734,76.1510009765625,80.55599975585938,16690000
2024-09-04,75.1463394165039,76.44400024414062,77.28199768066406,74.2770004272461,75.25299835205078,9434000
2024-09-05,74.30879974365234,75.59200286865234,76.9000015258789,74.76799774169922,75.0250015258789,8197000
2024-09-06,72.13729858398438,73.38300323486328,75.63899993896484,73.01799774169922,75.25199890136719,15530000
2024-09-09,72.18447875976562,73.43099975585938,74.41600036621094,72.30000305175781,74.28900146484375,11506000
2024-09-10,71.91414642333984,73.15599822998047,74.0250015258789,71.66200256347656,73.85399627685547,13518000
2024-09-11,75.38324737548828,76.68499755859375,76.91000366210938,72.24099731445312,73.19999694824219,22202000
2024-09-12,73.50862884521484,74.77799987792969,76.55000305175781,74.3489990234375,76.53399658203125,15067000
2024-09-13,75.6653823852539,76.97200012207031,77.25499725341797,75.4000015258789,75.5790023803711,8713000
2024-09-16,74.5594711303711,75.84700012207031,76.06500244140625,74.5,75.14600372314453,12521000
2024-09-17,75.53267669677734,76.60399627685547,77.5999984741211,75.69999694824219,77.25599670410156,11458000
2024-09-18,74.52989196777344,75.58699798583984,78.0,75.26699829101562,77.97000122070312,11523000
2024-09-19,77.80345916748047,78.90699768066406,80.06500244140625,78.31099700927734,79.58000183105469,15943000
2024-09-20,76.23766326904297,77.31900024414062,78.0,76.1500015258789,77.625,29262000
2024-09-23,77.31143188476562,78.40799713134766,78.58699798583984,77.31999969482422,77.70099639892578,7389000
2024-09-24,77.99967956542969,79.10600280761719,79.79900360107422,78.13999938964844,79.5999984741211,9895000
2024-09-25,79.25093841552734,80.375,81.28199768066406,78.8270034790039,78.9000015258789,11680000
2024-09-26,83.56473541259766,84.75,86.31900024414062,82.5,86.25800323486328,20680000
2024-09-27,81.55524444580078,82.71199798583984,85.38099670410156,82.0780029296875,85.38099670410156,13895000
2024-09-30,80.46669006347656,81.60800170898438,83.0989990234375,80.41400146484375,82.15899658203125,10983000
2024-10-01,78.62284851074219,79.73799896240234,82.18499755859375,78.68699645996094,81.7509994506836,14368000
2024-10-02,80.27047729492188,81.40899658203125,83.03700256347656,79.99700164794922,80.4000015258789,14324000
2024-10-03,79.97566223144531,81.11000061035156,82.12000274658203,79.87999725341797,79.93000030517578,6725800
2024-10-04,80.3996353149414,81.54000091552734,83.08999633789062,80.48999786376953,82.97000122070312,7574100
2024-10-07,79.48265075683594,80.61000061035156,81.41999816894531,80.05999755859375,80.58000183105469,7542700
2024-10-08,79.87704467773438,81.01000213623047,81.61000061035156,79.80000305175781,80.69999694824219,6913500
2024-10-09,81.701171875,82.86000061035156,83.45999908447266,80.72000122070312,80.76000213623047,9078600
2024-10-10,80.91236114501953,82.05999755859375,82.94999694824219,81.0199966430664,81.54000091552734,7159500
2024-10-11,81.73076629638672,82.88999938964844,83.73999786376953,81.27999877929688,81.48999786376953,6530300
2024-10-14,84.50146484375,85.69999694824219,86.30000305175781,83.76000213623047,83.7699966430664,8155000
2024-10-15,75.29207611083984,76.36000061035156,86.55999755859375,75.91000366210938,85.80000305175781,25611300
2024-10-16,73.10313415527344,74.13999938964844,77.5,73.87000274658203,77.1500015258789,20469200
2024-10-17,72.11711883544922,73.13999938964844,76.5999984741211,73.02999877929688,76.45999908447266,20940600
2024-10-18,71.82130432128906,72.83999633789062,74.2300033569336,72.44999694824219,74.2300033569336,18493400
2024-10-21,71.82130432128906,72.83999633789062,73.0999984741211,72.08000183105469,72.62000274658203,12374900
2024-10-22,71.97908020019531,73.0,73.41000366210938,71.43000030517578,72.66999816894531,13307000
2024-10-23,71.8410415649414,72.86000061035156,73.47000122070312,71.55999755859375,72.37000274658203,20569100
2024-10-24,75.4991455078125,76.56999969482422,77.4800033569336,74.44999694824219,76.18000030517578,23196200
2024-10-25,76.5936279296875,77.68000030517578,79.5999984741211,77.08000183105469,77.47000122070312,14591100
2024-10-28,74.39480590820312,75.44999694824219,78.02999877929688,75.18000030517578,77.16999816894531,10175800
2024-10-29,77.2148208618164,78.30999755859375,78.73999786376953,75.44000244140625,75.8499984741211,12540800
2024-10-30,75.38082122802734,76.44999694824219,77.19999694824219,75.8499984741211,76.86000061035156,11076800
2024-10-31,73.31018829345703,74.3499984741211,76.0999984741211,73.44999694824219,76.0999984741211,13044900
2024-11-01,73.75389862060547,74.80000305175781,75.47000122070312,74.05999755859375,74.36000061035156,10317500
2024-11-04,73.1327133178711,74.16999816894531,74.9800033569336,73.76000213623047,74.43000030517578,7773000
2024-11-05,75.33154296875,76.4000015258789,76.79000091552734,74.5199966430664,74.5199966430664,8004900
2024-11-06,75.70621490478516,76.77999877929688,78.08999633789062,75.2300033569336,77.68000030517578,15034800
2024-11-07,78.10221862792969,79.20999908447266,79.47000122070312,77.3499984741211,78.05999755859375,11523600
2024-11-08,77.10635375976562,78.19999694824219,79.36000061035156,77.47000122070312,78.83000183105469,7527100
2024-11-11,75.10475158691406,76.16999816894531,77.88999938964844,74.8499984741211,77.43000030517578,10306200
2024-11-12,74.64131164550781,75.69999694824219,76.66999816894531,74.66000366210938,76.41999816894531,9672300
2024-11-13,72.81718444824219,73.8499984741211,75.06999969482422,73.51000213623047,74.5,11618100
2024-11-14,73.7440414428711,74.79000091552734,75.63999938964844,74.5,75.44999694824219,9993900
2024-11-15,69.07032775878906,70.05000305175781,72.70999908447266,69.98999786376953,71.6500015258789,14577400
2024-11-18,69.58305358886719,70.56999969482422,70.80000305175781,69.63999938964844,69.88999938964844,11514900
2024-11-19,69.18865203857422,70.16999816894531,70.5199966430664,69.55999755859375,70.05000305175781,7445900
2024-11-20,69.07032775878906,70.05000305175781,70.22000122070312,68.87000274658203,70.01000213623047,8816900
2024-11-21,72.10725402832031,73.12999725341797,73.44999694824219,70.83000183105469,71.19000244140625,14509000
2024-11-22,71.62411499023438,72.63999938964844,73.2699966430664,71.5999984741211,72.61000061035156,8666500
2024-11-25,72.67913818359375,73.70999908447266,74.02999877929688,71.63999938964844,74.01000213623047,16714200
2024-11-26,71.67340850830078,72.69000244140625,74.47000122070312,72.0,74.11000061035156,7385200
2024-11-27,70.5690689086914,71.56999969482422,72.87000274658203,70.41999816894531,72.7300033569336,7846700
2024-11-29,72.84676361083984,73.87999725341797,75.7699966430664,73.66000366210938,73.8499984741211,10736500
2024-12-02,77.4120101928711,78.51000213623047,78.86000061035156,73.86000061035156,73.87999725341797,20059300
2024-12-03,77.244384765625,78.33999633789062,78.69999694824219,77.04000091552734,77.69999694824219,9884600
2024-12-04,77.16551208496094,78.26000213623047,79.83000183105469,77.61000061035156,79.54000091552734,9380400
2024-12-05,74.15816497802734,75.20999908447266,77.87999725341797,74.6500015258789,77.87999725341797,12921600
2024-12-06,75.51885986328125,76.58999633789062,76.69000244140625,74.69000244140625,75.13999938964844,8330000
2024-12-09,76.3668441772461,77.44999694824219,78.25,75.66999816894531,76.47000122070312,10742200
2024-12-10,74.07928466796875,75.12999725341797,78.25,74.41999816894531,78.13999938964844,10620100
2024-12-11,77.372802734375,78.2300033569336,78.72000122070312,75.43000030517578,76.31999969482422,14116900
2024-12-12,74.75183868408203,75.58000183105469,77.36000061035156,74.94999694824219,77.25,8641500
2024-12-13,75.42438507080078,76.26000213623047,77.31999969482422,75.44000244140625,76.37999725341797,10818700
2024-12-16,76.97718048095703,77.83000183105469,78.12999725341797,75.31999969482422,76.2699966430664,12749600
2024-12-17,76.95738983154297,77.80999755859375,78.73999786376953,77.41999816894531,77.88999938964844,14167900
2024-12-18,74.3759994506836,75.19999694824219,79.30999755859375,74.62000274658203,78.04000091552734,15804700
2024-12-19,70.42971801757812,71.20999908447266,72.91000366210938,70.16000366210938,72.75,17426400
2024-12-20,71.00336456298828,71.79000091552734,73.47000122070312,70.30000305175781,70.54000091552734,29404500
2024-12-23,72.99134063720703,73.80000305175781,73.98999786376953,72.0,72.3499984741211,10406700
2024-12-24,73.02101135253906,73.83000183105469,74.16999816894531,73.2300033569336,74.06999969482422,5611700
2024-12-26,73.17924499511719,73.98999786376953,74.55999755859375,73.0,73.25,6297400
2024-12-27,72.59571075439453,73.4000015258789,73.76000213623047,72.63999938964844,73.30000305175781,5444100
2024-12-30,71.35942840576172,72.1500015258789,72.58999633789062,71.2699966430664,72.0,10381700
2024-12-31,71.43855285644531,72.2300033569336,72.80000305175781,71.54000091552734,72.4000015258789,7195200
2025-01-02,71.646240234375,72.44000244140625,73.91999816894531,71.73999786376953,72.70999908447266,8075100
2025-01-03,74.28697967529297,75.11000061035156,75.27999877929688,72.97000122070312,73.18000030517578,8980100
2025-01-06,77.12554168701172,77.9800033569336,80.1500015258789,77.0,77.18000030517578,15164600
2025-01-07,76.67057800292969,77.5199966430664,80.13999938964844,76.88999938964844,78.86000061035156,10896600
2025-01-08,76.19583892822266,77.04000091552734,77.75,76.23999786376953,77.41999816894531,8690800
2025-01-10,73.83202362060547,74.6500015258789,76.2300033569336,74.31999969482422,76.0199966430664,11957600
2025-01-13,73.63421630859375,74.44999694824219,74.58000183105469,72.55999755859375,73.16999816894531,8321800
2025-01-14,74.23753356933594,75.05999755859375,75.12999725341797,73.58999633789062,75.04000091552734,9033100
2025-01-15,75.31558990478516,76.1500015258789,77.2699966430664,75.44999694824219,75.86000061035156,11085800
2025-01-16,78.35195922851562,79.22000122070312,82.83000183105469,78.30999755859375,78.88999938964844,19156600
2025-01-17,79.42012023925781,80.30000305175781,81.80999755859375,79.5999984741211,81.41000366210938,10351000
2025-01-21,80.60696411132812,81.5,82.43000030517578,79.91999816894531,80.81999969482422,10978300
2025-01-22,82.3377914428711,83.25,85.19000244140625,82.41999816894531,82.43000030517578,14716600
2025-01-23,80.33993530273438,81.2300033569336,81.38999938964844,79.44999694824219,80.75,11383300
2025-01-24,78.80692291259766,79.68000030517578,81.69999694824219,78.9800033569336,81.69999694824219,9091900
2025-01-27,74.80128479003906,75.62999725341797,76.83000183105469,73.41000366210938,76.79000091552734,19881300
2025-01-28,73.69355773925781,74.51000213623047,75.66999816894531,73.5999984741211,75.11000061035156,13597700
2025-01-29,74.3265380859375,75.1500015258789,77.48999786376953,74.47000122070312,77.44999694824219,14558900
2025-01-30,79.84540557861328,80.7300033569336,82.08999633789062,77.58999633789062,79.75,24878500
2025-01-31,80.16190338134766,81.05000305175781,84.22000122070312,80.8499984741211,81.08999633789062,18832500
2025-02-03,79.31132507324219,80.19000244140625,81.55999755859375,78.5,78.97000122070312,14537700
2025-02-04,79.0344009399414,79.91000366210938,80.58000183105469,78.97000122070312,79.0,9538800
2025-02-05,81.04215240478516,81.94000244140625,82.11000061035156,78.62000274658203,79.0999984741211,10738000
2025-02-06,81.92239379882812,82.83000183105469,83.05999755859375,80.93000030517578,81.1500015258789,9903200
2025-02-07,81.42788696289062,82.33000183105469,83.51000213623047,81.79000091552734,83.19000244140625,9833600
2025-02-10,82.81253051757812,83.7300033569336,84.66999816894531,82.55999755859375,83.55000305175781,13613100
2025-02-11,82.34768676757812,83.26000213623047,84.5,82.9800033569336,83.05999755859375,8903400
2025-02-12,80.67620086669922,81.56999969482422,82.13999938964844,80.48999786376953,81.27999877929688,7973000
2025-02-13,82.38724517822266,83.30000305175781,83.66000366210938,81.44999694824219,81.58000183105469,7845900
2025-02-14,81.84326171875,82.75,83.61000061035156,81.72000122070312,82.6500015258789,9149500
2025-02-18,85.63130187988281,86.58000183105469,86.80999755859375,83.37000274658203,84.91000366210938,16205500
2025-02-19,86.69947052001953,87.66000366210938,89.80000305175781,85.75,86.30000305175781,15588000
2025-02-20,88.04456329345703,89.0199966430664,91.72000122070312,88.55999755859375,89.9800033569336,16888400
2025-02-21,85.07743835449219,86.0199966430664,90.22000122070312,85.72000122070312,89.63999938964844,12860900
2025-02-24,82.42678833007812,83.33999633789062,86.70999908447266,83.22000122070312,86.44999694824219,11728700
2025-02-25,79.41022491455078,80.29000091552734,83.69999694824219,79.93000030517578,83.05999755859375,19088100
2025-02-26,80.40917205810547,81.30000305175781,82.93000030517578,80.6500015258789,81.69000244140625,12427500
2025-02-27,75.33536529541016,76.16999816894531,82.16999816894531,76.04000091552734,81.6500015258789,14830200
2025-02-28,75.89912414550781,76.73999786376953,78.18000030517578,75.37000274658203,76.75,22608300
2025-03-03,74.94963836669922,75.77999877929688,79.75,74.55000305175781,77.94000244140625,14787100
2025-03-04,75.60242462158203,76.44000244140625,78.47000122070312,74.08000183105469,76.02999877929688,15417700
2025-03-05,78.41976928710938,79.05000305175781,79.41000366210938,75.5199966430664,76.76000213623047,15404800
2025-03-06,75.86034393310547,76.47000122070312,78.56999969482422,75.86000061035156,77.12999725341797,13195500
2025-03-07,78.38009643554688,79.01000213623047,79.48999786376953,75.33999633789062,76.6500015258789,14160300
2025-03-10,73.22154235839844,73.80999755859375,77.37999725341797,72.69999694824219,76.9000015258789,16652700
2025-03-11,72.77513885498047,73.36000061035156,75.38999938964844,72.44999694824219,74.08000183105469,12617500
2025-03-12,75.97937774658203,76.58999633789062,77.66000366210938,75.16999816894531,75.30999755859375,12702100
2025-03-13,74.65999603271484,75.26000213623047,77.2699966430664,74.55000305175781,76.11000061035156,9746200
2025-03-14,78.06263732910156,78.69000244140625,79.08000183105469,76.5199966430664,76.76000213623047,11862000
2025-03-17,77.6856689453125,78.30999755859375,79.13999938964844,77.11000061035156,77.11000061035156,9555200
2025-03-18,76.74324035644531,77.36000061035156,77.83999633789062,76.16999816894531,77.4800033569336,8094700
2025-03-19,77.30870819091797,77.93000030517578,79.4800033569336,76.86000061035156,77.37000274658203,8907200
2025-03-20,76.93172454833984,77.55000305175781,78.0999984741211,76.44000244140625,76.69000244140625,10689100
2025-03-21,75.23535919189453,75.83999633789062,76.37000274658203,75.2699966430664,76.0,20062000
2025-03-24,77.36821746826172,77.98999786376953,78.77999877929688,77.37999725341797,77.73999786376953,7954800
2025-03-25,77.05076599121094,77.66999816894531,78.37000274658203,77.47000122070312,77.8499984741211,6437300
2025-03-26,75.53297424316406,76.13999938964844,77.86000061035156,75.12999725341797,77.75,7325600
2025-03-27,74.21356964111328,74.80999755859375,76.06999969482422,74.3499984741211,75.88999938964844,8441800
2025-03-28,72.03112030029297,72.61000061035156,75.30000305175781,72.2300033569336,74.62999725341797,9541500
2025-03-31,72.12039184570312,72.69999694824219,72.8499984741211,70.44000244140625,71.5999984741211,11778100
2025-04-01,72.24935150146484,72.83000183105469,72.8499984741211,70.75,72.04000091552734,9066200
2025-04-02,73.19178771972656,73.77999877929688,74.80000305175781,71.55999755859375,71.72000122070312,7641400
2025-04-03,64.70002746582031,65.22000122070312,70.55000305175781,65.11000061035156,70.22000122070312,19479400
2025-04-04,58.61890411376953,59.09000015258789,63.06999969482422,57.970001220703125,62.5099983215332,26250900
2025-04-07,61.7041130065918,62.20000076293945,66.0999984741211,56.31999969482422,57.91999816894531,28191400
2025-04-08,59.7696533203125,60.25,66.11000061035156,58.7400016784668,64.6500015258789,19560800
2025-04-09,70.54307556152344,71.11000061035156,71.87000274658203,59.91999816894531,60.689998626708984,29544700
2025-04-10,65.90037536621094,66.43000030517578,68.0,63.27000045776367,68.0,20011800
2025-04-11,66.9420166015625,67.4800033569336,67.95999908447266,64.58000183105469,65.69000244140625,14706200
2025-04-14,67.31898498535156,67.86000061035156,69.36000061035156,66.91000366210938,68.63999938964844,9945000
2025-04-15,67.89436340332031,68.44000244140625,69.54000091552734,67.94999694824219,68.08999633789062,10674200
2025-04-16,64.62066650390625,65.13999938964844,66.81999969482422,62.95000076293945,65.23999786376953,17845300
2025-04-17,63.25166702270508,63.7599983215332,65.37999725341797,63.47999954223633,65.33999633789062,13847700
2025-04-21,61.89259338378906,62.38999938964844,62.66999816894531,61.13999938964844,62.36000061035156,14302900
2025-04-22,62.97390365600586,63.47999954223633,64.0199966430664,62.560001373291016,62.970001220703125,10857300
2025-04-23,66.19798278808594,66.7300033569336,68.01000213623047,66.33999633789062,66.80999755859375,18214700
2025-04-24,70.33475494384766,70.9000015258789,71.20999908447266,67.55000305175781,69.66999816894531,18159400
2025-04-25,70.85059356689453,71.41999816894531,72.29000091552734,70.29000091552734,70.33000183105469,9751500
2025-04-28,70.9994125366211,71.56999969482422,71.94000244140625,70.04000091552734,70.94999694824219,10255000
2025-04-29,70.33475494384766,70.9000015258789,71.66000366210938,70.22000122070312,70.88999938964844,8583800
2025-04-30,71.09860229492188,71.66999816894531,71.83999633789062,68.52999877929688,68.88999938964844,11233900
2025-05-01,71.15813446044922,71.7300033569336,73.52999877929688,71.4000015258789,72.18000030517578,14147600
2025-05-02,73.9258804321289,74.5199966430664,75.48999786376953,73.69000244140625,74.25,13339400
2025-05-05,73.32075500488281,73.91000366210938,74.9000015258789,73.77999877929688,73.87999725341797,6960800
2025-05-06,72.57672882080078,73.16000366210938,73.87999725341797,72.58999633789062,72.58999633789062,6892700
2025-05-07,74.46157836914062,75.05999755859375,75.30000305175781,72.91000366210938,73.44000244140625,9984700
2025-05-08,74.3028564453125,74.9000015258789,76.41999816894531,74.81999969482422,76.0999984741211,10469400
2025-05-09,74.75918579101562,75.36000061035156,76.30000305175781,74.6500015258789,75.69000244140625,7037000
2025-05-12,81.59425354003906,82.25,82.55000305175781,80.66999816894531,80.66999816894531,17456900
2025-05-13,84.57034301757812,85.25,85.77999877929688,82.25,82.36000061035156,11920200
2025-05-14,84.29257202148438,84.97000122070312,86.04000091552734,84.33000183105469,85.13999938964844,8654500
2025-05-15,84.11400604248047,84.79000091552734,85.26000213623047,83.5,84.2300033569336,9058000
2025-05-16,83.75688171386719,84.43000030517578,84.45999908447266,82.52999877929688,84.41000366210938,10100400
2025-05-19,83.15174102783203,83.81999969482422,84.44999694824219,82.54000091552734,82.69999694824219,9222300
2025-05-20,83.61799621582031,84.29000091552734,84.3499984741211,83.05000305175781,83.52999877929688,6913300
2025-05-21,82.12995910644531,82.79000091552734,84.77999877929688,82.2300033569336,83.20999908447266,8082700
2025-05-22,81.90178680419922,82.55999755859375,83.81999969482422,82.05000305175781,82.63999938964844,6241600
2025-05-23,80.41373443603516,81.05999755859375,81.38999938964844,79.77999877929688,80.12000274658203,8276700
2025-05-27,83.27079010009766,83.94000244140625,84.12000274658203,82.30999755859375,83.04000091552734,9530200
2025-05-28,83.33030700683594,84.0,85.02999877929688,83.58000183105469,83.9800033569336,9464100
2025-05-29,83.48902893066406,84.16000366210938,86.26000213623047,83.61000061035156,85.8499984741211,8238500
2025-05-30,80.1458969116211,80.79000091552734,83.80999755859375,79.48999786376953,83.66999816894531,19191600
2025-06-02,81.82242584228516,82.4800033569336,82.52999877929688,80.43000030517578,80.58000183105469,8246300
2025-06-03,82.99301147460938,83.66000366210938,84.01000213623047,81.94999694824219,82.06999969482422,8920700
2025-06-04,84.09416961669922,84.7699966430664,85.04000091552734,83.48999786376953,84.20999908447266,7992200
2025-06-05,84.2330551147461,84.91000366210938,86.33999633789062,84.33999633789062,85.5,10907700
2025-06-06,85.66156768798828,86.3499984741211,87.58000183105469,85.86000061035156,86.26000213623047,7877800
2025-06-09,87.59603118896484,88.30000305175781,89.33000183105469,87.0199966430664,87.0999984741211,14496200
2025-06-10,90.27449798583984,91.0,91.37000274658203,88.33999633789062,88.79000091552734,11118900
2025-06-11,90.22489166259766,90.94999694824219,91.98999786376953,89.87000274658203,91.38999938964844,10646500
2025-06-12,90.92924499511719,91.66000366210938,91.9000015258789,90.48999786376953,90.62000274658203,5989700
2025-06-13,88.8062973022461,89.5199966430664,91.2300033569336,88.18000030517578,88.7699966430664,10979000
2025-06-16,92.66529083251953,93.41000366210938,93.58000183105469,90.86000061035156,90.94999694824219,11642100
2025-06-17,91.9212646484375,92.66000366210938,95.0199966430664,92.55000305175781,93.33999633789062,10229500
2025-06-18,91.73230743408203,92.23999786376953,93.5999984741211,91.80000305175781,93.05000305175781,9373900
2025-06-20,89.991943359375,90.48999786376953,93.43000030517578,87.75,93.05000305175781,22925200
2025-06-23,91.10576629638672,91.61000061035156,92.76000213623047,90.29000091552734,91.37000274658203,12551300
2025-06-24,95.10364532470703,95.62999725341797,95.7699966430664,93.2300033569336,93.2300033569336,12838800
2025-06-25,95.49149322509766,96.0199966430664,97.37000274658203,95.31999969482422,96.25,8690500
2025-06-26,96.3069839477539,96.83999633789062,96.93000030517578,95.83999633789062,96.27999877929688,9477500
2025-06-27,96.66500091552734,97.19999694824219,98.0199966430664,96.38999938964844,97.04000091552734,10781000
2025-06-30,96.80422973632812,97.33999633789062,97.66999816894531,96.8499984741211,97.55000305175781,8218300
2025-07-01,96.27715301513672,96.80999755859375,97.31999969482422,94.48999786376953,96.58999633789062,9760300
2025-07-02,98.2860336303711,98.83000183105469,98.94999694824219,95.19999694824219,95.8499984741211,11023000
2025-07-03,98.26614379882812,98.80999755859375,99.5,98.66000366210938,98.83000183105469,5028900
2025-07-07,97.59983825683594,98.13999938964844,98.91999816894531,97.70999908447266,98.36000061035156,7239600
2025-07-08,99.28053283691406,99.83000183105469,100.29000091552734,98.22000122070312,98.83000183105469,9570200
2025-07-09,99.26063537597656,99.80999755859375,101.08999633789062,98.91000366210938,99.80000305175781,7323000
2025-07-10,100.5037612915039,101.05999755859375,101.6500015258789,100.18000030517578,100.91999816894531,6569800
2025-07-11,101.17007446289062,101.7300033569336,102.02999877929688,100.2699966430664,100.33000183105469,6203800
2025-07-14,99.07169342041016,99.62000274658203,101.0,98.77999877929688,100.56999969482422,12938100
2025-07-15,100.51371002197266,101.06999969482422,102.19000244140625,100.61000061035156,101.54000091552734,9190600
2025-07-16,99.81756591796875,100.37000274658203,100.41999816894531,96.19000244140625,97.72000122070312,15369700
2025-07-17,100.2352523803711,100.79000091552734,101.37999725341797,98.26000213623047,99.45999908447266,9745900
2025-07-18,100.10596466064453,100.66000366210938,101.7300033569336,100.36000061035156,101.23999786376953,8115500
2025-07-21,101.18001556396484,101.73999786376953,102.58999633789062,100.7300033569336,100.87999725341797,7026700
2025-07-22,97.15231323242188,97.69000244140625,101.12000274658203,97.04000091552734,101.0,14170100
2025-07-23,96.56555938720703,97.0999984741211,98.37999725341797,96.4000015258789,98.26000213623047,12013900
2025-07-24,97.24181365966797,97.77999877929688,98.62000274658203,97.02999877929688,97.56999969482422,9076600
2025-07-25,96.42633056640625,96.95999908447266,97.33000183105469,96.31999969482422,96.69999694824219,8914400
2025-07-28,98.07719421386719,98.62000274658203,99.52999877929688,97.91999816894531,98.9800033569336,8156100
2025-07-29,98.39543151855469,98.94000244140625,100.22000122070312,98.02999877929688,99.38999938964844,7283700
2025-07-30,98.54459381103516,99.08999633789062,100.6500015258789,97.94999694824219,99.5199966430664,12529400
2025-07-31,94.31800079345703,94.83999633789062,95.62999725341797,90.94000244140625,91.0199966430664,27661800
2025-08-01,95.8395767211914,96.37000274658203,96.66000366210938,92.47000122070312,92.70999908447266,16601000
2025-08-04,97.86836242675781,98.41000366210938,98.80999755859375,96.63999938964844,97.43000030517578,11876700
2025-08-05,96.14787292480469,96.68000030517578,99.3499984741211,95.62000274658203,98.77999877929688,12100100
2025-08-06,95.41194915771484,95.94000244140625,96.47000122070312,94.2699966430664,96.30000305175781,10631900
2025-08-07,98.60427856445312,99.1500015258789,100.19000244140625,97.97000122070312,98.5999984741211,9572300
2025-08-08,101.1899642944336,101.75,102.2300033569336,98.98999786376953,99.1500015258789,8765100
2025-08-11,101.43858337402344,102.0,104.1500015258789,101.70999908447266,103.9000015258789,8637000
2025-08-12,104.7005386352539,105.27999877929688,105.63999938964844,101.38999938964844,102.6500015258789,11885800
2025-08-13,106.15249633789062,106.73999786376953,107.48999786376953,105.44999694824219,106.5,12118600
2025-08-14,106.78897094726562,107.37999725341797,108.0199966430664,105.58999633789062,106.19999694824219,11163800
2025-08-15,98.96229553222656,99.51000213623047,105.88999938964844,99.26000213623047,104.68000030517578,23155700
2025-08-18,98.33576202392578,98.87999725341797,99.80000305175781,98.4000015258789,99.0,15119300
2025-08-19,99.77777862548828,100.33000183105469,100.62999725341797,98.19999694824219,98.83000183105469,11622900
2025-08-20,98.60427856445312,99.1500015258789,101.0199966430664,97.31999969482422,100.98999786376953,14287700
2025-08-21,97.86836242675781,98.41000366210938,99.8499984741211,97.13999938964844,98.76000213623047,10706500
2025-08-22,99.5291519165039,100.08000183105469,102.55000305175781,98.58999633789062,99.05000305175781,9689700
2025-08-25,100.72254180908203,101.27999877929688,101.75,99.9000015258789,99.9800033569336,5438500
2025-08-26,103.05960845947266,103.62999725341797,103.98999786376953,101.0999984741211,101.30000305175781,11781100
2025-08-27,103.09939575195312,103.66999816894531,103.77999877929688,102.37000274658203,103.16999816894531,7214700
2025-08-28,103.51708221435547,104.08999633789062,104.9000015258789,102.95999908447266,104.0,7375200
2025-08-29,99.59877014160156,100.1500015258789,102.69000244140625,98.80999755859375,101.91000366210938,12178800
2025-09-02,96.49594116210938,97.02999877929688,97.2699966430664,94.11000061035156,95.7699966430664,14695200
2025-09-03,97.20203399658203,97.73999786376953,97.86000061035156,96.44000244140625,97.02999877929688,11023300
2025-09-04,99.8672866821289,100.41999816894531,101.11000061035156,97.16000366210938,97.66000366210938,8822400
2025-09-05,102.38336181640625,102.94999694824219,103.01000213623047,100.68000030517578,101.69999694824219,8142000
2025-09-08,104.49169158935547,105.06999969482422,106.37000274658203,104.4800033569336,105.01000213623047,7972700
2025-09-09,104.98892974853516,105.56999969482422,105.81999969482422,104.45999908447266,104.91000366210938,7264300
2025-09-10,106.76908111572266,107.36000061035156,107.77999877929688,104.61000061035156,106.69999694824219,12279400
2025-09-11,114.94384765625,115.58000183105469,115.9000015258789,108.29000091552734,108.3499984741211,20296100
2025-09-12,116.31624603271484,116.95999908447266,117.5,115.87999725341797,115.91999816894531,11060500
2025-09-15,118.55386352539062,119.20999908447266,119.33000183105469,117.02999877929688,117.80000305175781,9785700
2025-09-16,119.80692291259766,120.47000122070312,120.97000122070312,118.66999816894531,119.9800033569336,9897200
2025-09-17,121.22905731201172,121.9000015258789,123.27999877929688,119.51000213623047,120.81999969482422,10996100
2025-09-18,125.6247329711914,126.31999969482422,128.6999969482422,125.04000091552734,126.55000305175781,13763900
2025-09-19,126.22142791748047,126.91999816894531,127.80000305175781,125.0,126.36000061035156,24271900
2025-09-22,131.4723663330078,132.1999969482422,132.6300048828125,129.16000366210938,129.8000030517578,13403700
2025-09-23,131.20384216308594,131.92999267578125,133.57000732421875,129.36000061035156,129.75,12051100
2025-09-24,127.86572265625,128.32000732421875,130.22999572753906,127.0199966430664,130.0,12435900
2025-09-25,127.67639923095703,128.1300048828125,129.05999755859375,125.0199966430664,126.44000244140625,9621700
2025-09-26,127.87567901611328,128.3300018310547,128.75999450683594,126.37000274658203,127.94000244140625,8789000
2025-09-29,130.62591552734375,131.08999633789062,133.36000061035156,131.02999877929688,133.0800018310547,11015500
2025-09-30,133.4259490966797,133.89999389648438,134.2100067138672,130.80999755859375,131.35000610351562,10328800
2025-10-01,142.2844696044922,142.7899932861328,143.08999633789062,131.94000244140625,132.41000366210938,15549100
2025-10-02,146.46961975097656,146.99000549316406,147.35000610351562,143.7100067138672,146.97000122070312,16417100
2025-10-03,145.29379272460938,145.80999755859375,147.91000366210938,144.60000610351562,145.82000732421875,8970300
2025-10-06,148.62196350097656,149.14999389648438,153.6999969482422,149.1199951171875,149.89999389648438,11217100
2025-10-07,139.85313415527344,140.35000610351562,149.36000061035156,139.5,149.22999572753906,16549800
2025-10-08,142.03536987304688,142.5399932861328,142.8800048828125,137.61000061035156,137.91000366210938,13695700
2025-10-09,140.50082397460938,141.0,142.86000061035156,140.5800018310547,141.75,8102500
2025-10-10,130.90492248535156,131.3699951171875,141.8000030517578,131.02000427246094,140.60000610351562,18749000
2025-10-13,137.32211303710938,137.80999755859375,138.89999389648438,136.5800018310547,138.08999633789062,10048100
2025-10-14,137.82034301757812,138.30999755859375,140.9199981689453,134.0399932861328,134.10000610351562,10509700
2025-10-15,144.26744079589844,144.77999877929688,145.22000122070312,141.10000610351562,144.0,9722700
2025-10-16,141.86598205566406,142.3699951171875,147.5800018310547,140.3699951171875,147.5800018310547,11650300
2025-10-17,141.00900268554688,141.50999450683594,142.64999389648438,139.82000732421875,142.25999450683594,6389800
2025-10-20,143.54002380371094,144.0500030517578,146.47999572753906,143.42999267578125,143.49000549316406,8919400
2025-10-21,144.52651977539062,145.0399932861328,145.44000244140625,142.47000122070312,143.97999572753906,8855600
2025-10-22,140.74993896484375,141.25,145.75,136.86000061035156,144.89999389648438,16927800
2025-10-23,147.01766967773438,147.5399932861328,148.4600067138672,137.3699951171875,138.0,13336600
2025-10-24,151.14300537109375,151.67999267578125,153.2100067138672,148.0,149.91000366210938,10966400
2025-10-27,156.3445281982422,156.89999389648438,158.25,155.74000549316406,156.13999938964844,13313100
2025-10-28,155.0690460205078,155.6199951171875,156.1300048828125,154.27999877929688,155.52000427246094,7939700
2025-10-29,160.10118103027344,160.6699981689453,163.08999633789062,158.08999633789062,158.25,12783300
2025-10-30,160.43997192382812,161.00999450683594,165.22000122070312,160.3000030517578,162.3699951171875,10440600
2025-10-31,156.90255737304688,157.4600067138672,164.05999755859375,156.60000610351562,162.5500030517578,9652100
2025-11-03,160.66917419433594,161.24000549316406,162.24000549316406,159.0,159.99000549316406,7302400
2025-11-04,155.22850036621094,155.77999877929688,161.08999633789062,155.16000366210938,155.6300048828125,11211100
2025-11-05,164.46568298339844,165.0500030517578,166.9199981689453,157.0,157.57000732421875,11130200
2025-11-06,161.61581420898438,162.19000244140625,165.2100067138672,160.19000244140625,163.38999938964844,9640100
2025-11-07,158.78587341308594,159.35000610351562,159.9499969482422,153.1999969482422,159.8300018310547,11609300
2025-11-10,165.781005859375,166.3699951171875,167.14999389648438,163.6999969482422,164.55999755859375,10030600
2025-11-11,158.616455078125,159.17999267578125,164.6199951171875,157.7100067138672,164.1699981689453,9144600
2025-11-12,160.84852600097656,161.4199981689453,162.16000366210938,158.47999572753906,161.30999755859375,8950000
2025-11-13,152.7772216796875,153.32000732421875,160.30999755859375,151.72999572753906,158.88999938964844,13693700
2025-11-14,147.73512268066406,148.25999450683594,152.9499969482422,145.3699951171875,147.50999450683594,15076100
2025-11-17,146.93795776367188,147.4600067138672,153.80999755859375,145.94000244140625,147.30999755859375,10487800
2025-11-18,142.73291015625,143.24000549316406,147.44000244140625,142.5,145.25,12706700
2025-11-19,148.27320861816406,148.8000030517578,150.39999389648438,145.50999450683594,146.77000427246094,9818300
2025-11-20,139.0958251953125,139.58999633789062,154.3699951171875,138.3000030517578,153.4600067138672,13695500
2025-11-21,142.1449737548828,142.64999389648438,144.41000366210938,135.5,139.8000030517578,14654600
2025-11-24,149.84762573242188,150.3800048828125,152.55999755859375,144.42999267578125,145.60000610351562,23096000
2025-11-25,151.39212036132812,151.92999267578125,152.8000030517578,145.5,149.5500030517578,9691500
2025-11-26,154.59075927734375,155.13999938964844,156.97000122070312,152.5,152.97000122070312,8398100
2025-11-28,155.44772338867188,156.0,156.1999969482422,153.8300018310547,156.1999969482422,4919200
2025-12-01,154.2419891357422,154.7899932861328,156.7899932861328,153.25,154.85000610351562,7416700
2025-12-02,157.62997436523438,158.19000244140625,159.4499969482422,155.66000366210938,155.85000610351562,10711900
2025-12-03,159.44650268554688,159.75,160.10000610351562,153.14999389648438,156.88999938964844,9964300
2025-12-04,156.79156494140625,157.08999633789062,158.52000427246094,154.9199981689453,157.0500030517578,8834700
2025-12-05,158.39849853515625,158.6999969482422,161.0500030517578,157.8800048828125,159.00999450683594,7834100
2025-12-08,162.4308319091797,162.74000549316406,164.6199951171875,160.85000610351562,161.97999572753906,10170500
2025-12-09,165.4949951171875,165.80999755859375,166.36000061035156,160.75,160.75,8127000
2025-12-10,167.94033813476562,168.25999450683594,169.69000244140625,162.5399932861328,165.08999633789062,9259600
2025-12-11,168.38949584960938,168.7100067138672,169.14999389648438,160.32000732421875,165.66000366210938,10000000
2025-12-12,160.21505737304688,160.52000427246094,167.8000030517578,159.08999633789062,166.83999633789062,11414800
2025-12-15,163.9878692626953,164.3000030517578,166.8699951171875,162.16000366210938,163.39999389648438,10258800
2025-12-16,162.9498291015625,163.25999450683594,166.19000244140625,160.7899932861328,164.5,8078600
2025-12-17,154.68557739257812,154.97999572753906,164.52000427246094,153.60000610351562,163.86000061035156,12277800
2025-12-18,164.38710021972656,164.6999969482422,168.2899932861328,162.0,163.19000244140625,14006400
2025-12-19,171.94273376464844,172.27000427246094,173.5800018310547,166.0800018310547,166.0800018310547,38469400
2025-12-22,174.92703247070312,175.25999450683594,175.9600067138672,171.49000549316406,175.67999267578125,11436100
2025-12-23,174.82723999023438,175.16000366210938,177.2899932861328,174.77999877929688,175.25999450683594,6483000
2025-12-24,176.9931182861328,177.3300018310547,177.55999755859375,175.1999969482422,175.25999450683594,2598900
2025-12-26,177.73171997070312,178.07000732421875,179.8000030517578,177.8000030517578,178.42999267578125,5238900
2025-12-29,175.53587341308594,175.8699951171875,179.22999572753906,174.75,176.5,6663300
2025-12-30,173.44985961914062,173.77999877929688,177.36000061035156,173.58999633789062,176.5399932861328,5670800
2025-12-31,170.8547821044922,171.17999267578125,174.91000366210938,170.75999450683594,174.49000549316406,4935800
2026-01-02,184.70843505859375,185.05999755859375,185.77999877929688,177.5,177.85000610351562,11957400
2026-01-05,194.38999938964844,194.75999450683594,198.36000061035156,190.1199951171875,190.1199951171875,16268200
2026-01-06,206.56683349609375,206.9600067138672,210.4499969482422,197.14999389648438,197.7899932861328,18787600
2026-01-07,202.69419860839844,203.0800018310547,205.3800048828125,199.8000030517578,202.5800018310547,15121000
2026-01-08,200.57823181152344,200.9600067138672,203.22000122070312,195.0399932861328,202.8699951171875,13928600
2026-01-09,217.94515991210938,218.36000061035156,219.58999633789062,202.72000122070312,204.66000366210938,16758600
2026-01-12,219.9812774658203,220.39999389648438,222.5800018310547,215.17999267578125,216.1199951171875,10749100
2026-01-13,213.9727325439453,214.3800048828125,220.57000732421875,213.38999938964844,219.4199981689453,12737000
2026-01-14,208.39332580566406,208.7899932861328,211.30999755859375,206.61000061035156,211.1300048828125,18187200
2026-01-15,217.05686950683594,217.47000122070312,229.57000732421875,217.2100067138672,228.14999389648438,15249800
2026-01-16,222.53643798828125,222.9600067138672,225.69000244140625,219.0,221.89999389648438,14392700
2026-01-20,221.9874725341797,222.41000366210938,226.14999389648438,217.61000061035156,218.2100067138672,11601700
2026-01-21,227.9561004638672,228.38999938964844,232.89999389648438,220.66000366210938,223.0500030517578,12454800
2026-01-22,220.2807159423828,220.6999969482422,236.10000610351562,219.75999450683594,235.55999755859375,11958600
2026-01-23,217.52597045898438,217.94000244140625,223.36000061035156,213.8699951171875,217.8699951171875,10156800
2026-01-26,222.44659423828125,222.8699951171875,225.35000610351562,215.92999267578125,218.97999572753906,10625600
2026-01-27,238.00698852539062,238.4600067138672,239.5,228.75999450683594,230.6300048828125,12005900
2026-01-28,239.12486267089844,239.5800018310547,243.99000549316406,237.13999938964844,241.27000427246094,15630600
2026-01-29,247.6985321044922,248.1699981689453,251.3800048828125,236.82000732421875,245.61000061035156,16801600
2026-01-30,233.01649475097656,233.4600067138672,251.8699951171875,232.0,244.25999450683594,18352900
2026-02-02,237.04881286621094,237.5,242.9499969482422,232.0,233.3300018310547,13299300
2026-02-03,229.66287231445312,230.10000610351562,246.6199951171875,226.8800048828125,244.88999938964844,13500400
2026-02-04,209.3814697265625,209.77999877929688,231.11000061035156,205.11000061035156,229.8699951171875,19608000
2026-02-05,212.90475463867188,213.30999755859375,215.85000610351562,204.57000732421875,208.1300048828125,10928900
2026-02-06,230.57113647460938,231.00999450683594,232.4499969482422,218.75999450683594,220.6699981689453,13848800
2026-02-09,228.84442138671875,229.27999877929688,231.32000732421875,223.38999938964844,229.00999450683594,9976700
2026-02-10,226.1794891357422,226.61000061035156,229.30999755859375,220.25,229.27999877929688,7909500
2026-02-11,234.67332458496094,235.1199951171875,240.33999633789062,230.0399932861328,235.5500030517578,9555800
2026-02-12,230.85060119628906,231.2899932861328,238.91000366210938,229.63999938964844,236.3300018310547,10662100
2026-02-13,235.08253479003906,235.52999877929688,242.77999877929688,233.38999938964844,236.17999267578125,9905400
2026-02-17,235.1324462890625,235.5800018310547,238.14999389648438,228.8800048828125,231.4499969482422,7368500
2026-02-18,239.63388061523438,240.08999633789062,245.27000427246094,234.10000610351562,236.3800048828125,10095400
2026-02-19,236.93902587890625,237.38999938964844,237.9199981689453,231.4199981689453,234.07000732421875,6384200
2026-02-20,244.4547119140625,244.9199981689453,245.75999450683594,236.97000122070312,237.5500030517578,8601200
2026-02-23,241.80975341796875,242.27000427246094,249.39999389648438,237.3699951171875,245.35000610351562,9488000
2026-02-24,243.78599548339844,244.25,247.75999450683594,238.97999572753906,243.4499969482422,9087100
2026-02-25,249.00604248046875,249.47999572753906,256.67999267578125,248.38999938964844,249.88999938964844,9835400
2026-02-26,238.61582946777344,239.07000732421875,248.5,230.6999969482422,246.02999877929688,10700300
2026-02-27,233.44566345214844,233.88999938964844,240.10000610351562,232.67999267578125,233.4600067138672,12988900
2026-03-02,230.5611572265625,231.0,233.8300018310547,227.22999572753906,229.27999877929688,10294000
2026-03-03,216.85723876953125,217.27000427246094,224.1199951171875,215.7899932861328,223.77000427246094,12442300
2026-03-04,222.83303833007812,222.99000549316406,225.1199951171875,219.0,221.7100067138672,8614400
2026-03-05,214.52886962890625,214.67999267578125,222.41000366210938,208.1300048828125,218.41000366210938,10241000
2026-03-06,199.18968200683594,199.3300018310547,211.24000549316406,198.4499969482422,205.4499969482422,13597800
2026-03-09,211.00135803222656,211.14999389648438,211.5,194.0800018310547,195.0,13421000
2026-03-10,215.0784912109375,215.22999572753906,220.82000732421875,210.8800048828125,211.0,10699700
2026-03-11,218.71592712402344,218.8699951171875,221.6199951171875,214.0,214.4499969482422,7160500
2026-03-12,209.34254455566406,209.49000549316406,215.1699981689453,208.0,213.6699981689453,9932900
2026-03-13,212.05062866210938,212.1999969482422,218.0,211.22999572753906,212.33999633789062,8906500
2026-03-16,219.24554443359375,219.39999389648438,221.4600067138672,215.9499969482422,217.9499969482422,9533100
2026-03-17,226.31057739257812,226.47000122070312,226.7100067138672,218.5500030517578,220.52999877929688,10043700
2026-03-18,224.55181884765625,224.7100067138672,232.32000732421875,222.97999572753906,226.74000549316406,12478800
2026-03-19,233.82528686523438,233.99000549316406,235.13999938964844,215.0,218.1699981689453,10101900
2026-03-20,228.19924926757812,228.36000061035156,236.83999633789062,222.0500030517578,234.32000732421875,26176400
2026-03-23,233.14576721191406,233.30999755859375,239.52000427246094,227.07000732421875,230.38999938964844,9506200
2026-03-24,238.671875,238.83999633789062,241.3699951171875,230.16000366210938,230.16000366210938,7388000
2026-03-25,233.28565979003906,233.4499969482422,237.10000610351562,227.36000061035156,236.14999389648438,8330600
2026-03-26,211.4710235595703,211.6199951171875,226.88999938964844,211.3800048828125,225.74000549316406,13460500
2026-03-27,211.2611846923828,211.41000366210938,217.0,209.0,209.6699981689453,8503300
2026-03-30,199.7892608642578,199.92999267578125,216.2899932861328,198.60000610351562,214.55999755859375,11921000
2026-03-31,213.5095977783203,213.66000366210938,213.83999633789062,203.00999450683594,206.0,11725000
2026-04-01,221.8537139892578,222.00999450683594,225.5,215.0,215.4499969482422,10697600
2026-04-02,218.28623962402344,218.44000244140625,222.00999450683594,208.8000030517578,208.83999633789062,6805400
2026-04-06,220.4946746826172,220.64999389648438,221.55999755859375,216.52999877929688,220.1300048828125,4031200
2026-04-07,224.19207763671875,224.35000610351562,224.49000549316406,216.5,218.24000549316406,6818400
2026-04-08,246.31649780273438,246.49000549316406,249.19000244140625,241.49000549316406,242.75,11023000
2026-04-09,258.5778503417969,258.760009765625,259.0,247.35000610351562,248.3300018310547,9757800
2026-04-10,263.4743957519531,263.6600036621094,268.2300109863281,259.3299865722656,263.19000244140625,9124700
2026-04-13,267.1318359375,267.32000732421875,267.5400085449219,260.8500061035156,263.1199951171875,8773600
2026-04-14,272.2182312011719,272.4100036621094,273.5,264.8999938964844,271.8599853515625,8500600
2026-04-15,264.9733581542969,265.1600036621094,267.989990234375,255.47999572753906,267.0,11324200
2026-04-16,260.77630615234375,260.9599914550781,266.25,259.17999267578125,263.4800109863281,7829400
2026-04-17,267.41162109375,267.6000061035156,268.760009765625,262.4200134277344,267.9700012207031,8465400
2026-04-20,262.9747619628906,263.1600036621094,267.6499938964844,262.5400085449219,267.1000061035156,5989900
2026-04-21,258.1881103515625,258.3699951171875,265.6000061035156,256.7099914550781,263.80999755859375,7830300
2026-04-22,265.3630676269531,265.54998779296875,266.1400146484375,257.3999938964844,261.7099914550781,9803300
2026-04-23,258.37799072265625,258.55999755859375,272.82000732421875,253.27999877929688,265.04998779296875,12269100
2026-04-24,267.59149169921875,267.7799987792969,275.8399963378906,266.8800048828125,267.5,12313200
2026-04-27,259.287353515625,259.4700012207031,268.8299865722656,256.30999755859375,267.760009765625,8095400
2026-04-28,251.0531463623047,251.22999572753906,253.6999969482422,243.0399932861328,251.97999572753906,11499500
2026-04-29,248.57489013671875,248.75,253.9600067138672,241.60000610351562,253.1699981689453,9585300
2026-04-30,257.678466796875,257.8599853515625,258.5799865722656,248.66000366210938,252.38999938964844,10381100
2026-05-01,256.5392761230469,256.7200012207031,260.44000244140625,250.1199951171875,255.13999938964844,8094500
2026-05-04,258.38800048828125,258.57000732421875,263.0799865722656,254.9499969482422,256.69000244140625,6497400
2026-05-05,275.6058349609375,275.79998779296875,280.0,266.6400146484375,266.6400146484375,11884000
2026-05-06,296.9608154296875,297.1700134277344,297.8699951171875,285.8500061035156,287.0,14788600
2026-05-07,286.31829833984375,286.5199890136719,298.0,283.1400146484375,297.0299987792969,9704500
2026-05-08,293.8429870605469,294.04998779296875,297.4200134277344,287.5199890136719,295.7200012207031,8996700
2026-05-11,295.8415832519531,296.04998779296875,300.0,292.510009765625,292.510009765625,9150000
2026-05-12,289.036376953125,289.239990234375,290.3500061035156,277.7699890136719,287.2200012207031,9341800
2026-05-13,295.2320251464844,295.44000244140625,298.9800109863281,287.17999267578125,295.2699890136719,8633100
2026-05-14,298.9394226074219,299.1499938964844,302.0,293.010009765625,296.3299865722656,6404900
2026-05-15,284.51959228515625,284.7200012207031,289.44000244140625,276.4800109863281,289.44000244140625,9643200
2026-05-18,277.7643127441406,277.9599914550781,294.55999755859375,273.0799865722656,292.739990234375,8562200
2026-05-19,273.18756103515625,273.3800048828125,278.7300109863281,263.7099914550781,267.95001220703125,8308600
2026-05-20,291.8843994140625,292.0899963378906,293.6300048828125,277.5199890136719,279.5799865722656,8574200
2026-05-21,302.0272216796875,302.239990234375,303.17999267578125,291.79998779296875,292.6700134277344,9162400
2026-05-22,305.13507080078125,305.3500061035156,309.9800109863281,303.17999267578125,305.7300109863281,7854700
2026-05-26,322.4528503417969,322.67999267578125,323.9800109863281,309.6499938964844,314.7699890136719,9763600
2026-05-27,318.7054748535156,318.92999267578125,333.3299865722656,314.2799987792969,331.6700134277344,8819300
2026-05-28,317.7761535644531,318.0,322.6400146484375,308.739990234375,317.45001220703125,8402800
2026-05-29,317.9560241699219,318.17999267578125,324.25,316.80999755859375,322.0,10872200
2026-06-01,316.8967590332031,317.1199951171875,320.8299865722656,307.0400085449219,309.2699890136719,8052800
2026-06-02,334.1745910644531,334.4100036621094,335.54998779296875,320.8599853515625,324.4200134277344,8632400
2026-06-03,343.4680480957031,343.7099914550781,346.19000244140625,332.1300048828125,335.04998779296875,8630900
2026-06-04,336.1731872558594,336.4100036621094,342.3699951171875,324.7099914550781,329.75,8277000
2026-06-05,303.0664978027344,303.2799987792969,323.4200134277344,302.739990234375,320.3699951171875,13309000
2026-06-08,324.22161865234375,324.45001220703125,330.67999267578125,315.0,318.54998779296875,11465100
2026-06-09,326.9297180175781,327.1600036621094,349.0899963378906,306.010009765625,335.5,14466800
2026-06-10,321.5734558105469,321.79998779296875,348.1600036621094,318.95001220703125,323.2900085449219,14088500
2026-06-11,362.2648010253906,362.5199890136719,364.80999755859375,336.20001220703125,336.6400146484375,14984000
2026-06-12,366.5517883300781,366.80999755859375,373.82000732421875,354.8900146484375,359.3900146484375,9253300
2026-06-15,388.646240234375,388.9200134277344,393.07000732421875,382.3900146484375,385.989990234375,13459800
2026-06-16,369.08001708984375,369.3399963378906,393.0,368.7699890136719,385.1400146484375,12054900
2026-06-17,374.17999267578125,374.17999267578125,397.6300048828125,373.239990234375,382.0,10900800
2026-06-18,389.0400085449219,389.0400085449219,401.0,386.8999938964844,397.2200012207031,22686600
2026-06-22,409.5400085449219,409.5400085449219,409.75,392.0799865722656,398.3900146484375,14638600
2026-06-23,371.3299865722656,371.3299865722656,377.1000061035156,365.260009765625,369.7099914550781,16065200
2026-06-24,374.79998779296875,374.79998779296875,376.9800109863281,361.4100036621094,366.8699951171875,12016700
2026-06-25,401.82000732421875,401.82000732421875,407.989990234375,372.29998779296875,407.989990234375,16824000
2026-06-26,379.0899963378906,379.0899963378906,389.8800048828125,374.30999755859375,385.5,19733700
2026-06-29,410.9100036621094,410.9100036621094,414.9800109863281,379.1000061035156,383.010009765625,14049600
2026-06-30,433.3299865722656,433.3299865722656,438.5,414.010009765625,416.2900085449219,16885100
2026-07-01,391.260009765625,391.260009765625,415.489990234375,381.0,404.9700012207031,18699300
2026-07-02,351.4100036621094,351.4100036621094,392.5,342.4800109863281,391.05999755859375,18954700
2026-07-06,350.20001220703125,350.20001220703125,366.0799865722656,348.2699890136719,365.3399963378906,13581700
2026-07-07,326.1300048828125,326.1300048828125,330.75,313.1000061035156,322.4100036621094,15530600
2026-07-08,333.1499938964844,333.1499938964844,337.5,322.7200012207031,325.4700012207031,8029400
2026-07-09,353.1700134277344,353.1700134277344,369.95001220703125,350.05999755859375,365.1300048828125,12119700
2026-07-10,350.3299865722656,350.3299865722656,354.7300109863281,338.1300048828125,341.3599853515625,6890900
2026-07-13,329.9200134277344,329.9200134277344,337.9800109863281,326.8999938964844,335.0,9770500
2026-07-14,346.1000061035156,346.1000061035156,354.6600036621094,338.8800048828125,354.6600036621094,10699100
2026-07-15,335.42999267578125,335.42999267578125,357.25,319.7900085449219,357.25,10257300
2026-07-16,320.9599914550781,320.9599914550781,336.67999267578125,315.1600036621094,324.989990234375,10641300
2026-07-17,313.29998779296875,313.29998779296875,322.07000732421875,298.6499938964844,303.8299865722656,12805700
2026-07-20,306.760009765625,306.760009765625,324.45001220703125,305.260009765625,321.1499938964844,8074400
2026-07-21,322.0,322.0,328.1400146484375,313.2900085449219,328.1300048828125,11936500
2026-07-22,319.2900085449219,319.2900085449219,322.25,310.54998779296875,310.54998779296875,6344700
2026-07-23,319.7799987792969,319.7799987792969,325.8800048828125,314.3500061035156,315.5,8106900
2026-07-24,305.2099914550781,305.2099914550781,319.70001220703125,301.67999267578125,312.6199951171875,9278400
2026-07-27,291.6099853515625,291.6099853515625,309.5,278.45001220703125,306.30999755859375,14117600
2026-07-28,269.6099853515625,269.6099853515625,277.29998779296875,258.5299987792969,275.1700134277344,16097700
2026-07-29,252.35000610351562,252.35000610351562,273.4599914550781,250.5,264.510009765625,16103100
2026-07-30,297.7200012207031,297.7200012207031,319.5,294.25,318.2900085449219,22085800
2026-07-31,293.0199890136719,293.0199890136719,318.3999938964844,292.92999267578125,315.3699951171875,12561200
2026-08-03,294.6099853515625,294.6099853515625,295.92999267578125,276.8399963378906,283.3399963378906,10010900
2026-08-04,317.739990234375,317.739990234375,320.25,306.1600036621094,308.8299865722656,15796600
2026-08-05,307.4200134277344,307.4200134277344,323.6400146484375,305.3599853515625,318.5400085449219,9302000
2026-08-06,305.7699890136719,305.7699890136719,314.1600036621094,293.6499938964844,300.0,7430400
2026-08-07,311.3500061035156,311.3500061035156,315.5899963378906,303.8299865722656,311.8699951171875,6714100
2026-08-10,306.3999938964844,306.3999938964844,319.989990234375,305.5,319.5,7022800
2026-08-11,311.4100036621094,311.4100036621094,316.8599853515625,309.3500061035156,315.0299987792969,7669400
2026-08-12,326.1099853515625,326.1099853515625,329.489990234375,323.5,326.8399963378906,8075600
2026-08-13,337.010009765625,337.010009765625,345.1199951171875,324.010009765625,327.6199951171875,8901000
2026-08-14,332.3599853515625,332.3599853515625,342.0,326.55999755859375,332.3599853515625,7422900
2026-08-17,343.8399963378906,343.8399963378906,345.2799987792969,333.3999938964844,337.8699951171875,8505600
2026-08-18,327.9200134277344,327.9200134277344,329.07000732421875,317.4100036621094,324.17999267578125,10210000
2026-08-19,307.1700134277344,307.1700134277344,328.57000732421875,305.0799865722656,328.5199890136719,10861500
2026-08-20,310.5299987792969,310.5299987792969,312.5400085449219,302.95001220703125,305.2300109863281,6802600
2026-08-21,314.0,314.0,319.1000061035156,303.8500061035156,317.8599853515625,5940400
2026-08-24,310.1700134277344,310.1700134277344,311.44000244140625,297.7799987792969,307.94000244140625,8608400
2026-08-25,314.6600036621094,314.6600036621094,318.6099853515625,307.8599853515625,316.20001220703125,5018300
2026-08-26,312.8800048828125,312.8800048828125,315.7200012207031,308.04998779296875,314.6099853515625,4113500
2026-08-27,318.5799865722656,318.5799865722656,321.4100036621094,310.44000244140625,318.8800048828125,6555900
2026-08-28,301.8999938964844,301.8999938964844,318.2900085449219,301.04998779296875,318.0299987792969,8057600
2026-08-31,301.489990234375,301.489990234375,303.3999938964844,298.7699890136719,303.19000244140625,6949300
2026-09-01,290.20001220703125,290.20001220703125,296.3399963378906,286.5899963378906,294.55999755859375,8249700
2026-09-02,288.32000732421875,288.32000732421875,292.19000244140625,284.3999938964844,291.5,4840600
2026-09-03,292.6600036621094,292.6600036621094,292.7799987792969,278.0400085449219,283.7300109863281,7207100
2026-09-04,307.6499938964844,307.6499938964844,310.29998779296875,297.3800048828125,303.4700012207031,8355500
2026-09-08,320.4200134277344,320.4200134277344,321.7699890136719,312.0299987792969,314.489990234375,8937400
2026-09-09,315.8399963378906,315.8399963378906,322.2099914550781,312.760009765625,319.260009765625,5580100
2026-09-10,304.5249938964844,304.5249938964844,307.0299987792969,299.260009765625,302.1449890136719,2051168
