Price,Adj Close,Close,High,Low,Open,Volume
Ticker,MAR,MAR,MAR,MAR,MAR,MAR
Date,,,,,,
2021-09-10,130.03761291503906,135.63999938964844,137.72000122070312,134.49000549316406,136.7100067138672,1574500
2021-09-13,134.1983642578125,139.97999572753906,140.5800018310547,135.94000244140625,136.9600067138672,1923400
2021-09-14,136.4608612060547,142.33999633789062,142.69000244140625,139.0,139.97000122070312,2159400
2021-09-15,138.70419311523438,144.67999267578125,145.08999633789062,140.0500030517578,141.5399932861328,3068200
2021-09-16,138.81930541992188,144.8000030517578,146.00999450683594,143.8300018310547,144.39999389648438,1966800
2021-09-17,137.95643615722656,143.89999389648438,145.6300048828125,143.66000366210938,145.02000427246094,2650200
2021-09-20,136.92108154296875,142.82000732421875,143.1199951171875,139.75999450683594,142.50999450683594,2375400
2021-09-21,136.1444854736328,142.00999450683594,144.5399932861328,141.22000122070312,143.6999969482422,1707300
2021-09-22,138.43577575683594,144.39999389648438,145.7899932861328,142.35000610351562,142.75999450683594,1543100
2021-09-23,143.7182159423828,149.91000366210938,150.17999267578125,144.39999389648438,144.69000244140625,2913800
2021-09-24,146.21084594726562,152.50999450683594,152.75,149.05999755859375,149.22999572753906,1881600
2021-09-27,147.94607543945312,154.32000732421875,155.77999877929688,152.52999877929688,152.6300048828125,1890900
2021-09-28,147.24620056152344,153.58999633789062,155.3000030517578,152.22999572753906,153.1300048828125,2151600
2021-09-29,145.6356201171875,151.91000366210938,154.38999938964844,150.67999267578125,154.3000030517578,1535500
2021-09-30,141.973388671875,148.08999633789062,152.1300048828125,147.63999938964844,152.1300048828125,2030900
2021-10-01,149.5279083251953,155.97000122070312,157.27999877929688,150.27000427246094,150.75,4710000
2021-10-04,148.732177734375,155.13999938964844,158.75999450683594,154.3300018310547,155.86000061035156,1860400
2021-10-05,149.0198211669922,155.44000244140625,156.52000427246094,153.35000610351562,155.25,1744900
2021-10-06,148.89517211914062,155.30999755859375,155.4600067138672,151.82000732421875,153.50999450683594,1667000
2021-10-07,151.234375,157.75,159.66000366210938,156.05999755859375,157.02999877929688,1862000
2021-10-08,150.6016387939453,157.08999633789062,158.74000549316406,156.42999267578125,157.99000549316406,1193900
2021-10-11,150.34280395507812,156.82000732421875,159.77000427246094,156.57000732421875,157.41000366210938,1677800
2021-10-12,150.94677734375,157.4499969482422,158.22999572753906,155.97000122070312,156.60000610351562,1995800
2021-10-13,148.233642578125,154.6199951171875,158.4499969482422,154.16000366210938,158.22999572753906,1973100
2021-10-14,148.80889892578125,155.22000122070312,156.5399932861328,154.07000732421875,155.8699951171875,1978400
2021-10-15,153.4298095703125,160.0399932861328,161.4199981689453,157.0,157.11000061035156,2801300
2021-10-18,152.63404846191406,159.2100067138672,160.44000244140625,158.22000122070312,159.0,1541900
2021-10-19,148.61712646484375,155.02000427246094,158.89999389648438,154.49000549316406,158.0,2619500
2021-10-20,146.939453125,153.27000427246094,155.19000244140625,152.64999389648438,154.75,2402900
2021-10-21,149.22113037109375,155.64999389648438,155.77999877929688,152.83999633789062,153.5500030517578,1192800
2021-10-22,148.35830688476562,154.75,155.9600067138672,154.1300048828125,155.30999755859375,996300
2021-10-25,148.39666748046875,154.7899932861328,156.1699981689453,153.4499969482422,155.27999877929688,1434300
2021-10-26,149.59500122070312,156.0399932861328,157.61000061035156,155.1699981689453,156.64999389648438,1804300
2021-10-27,153.19972229003906,159.8000030517578,160.55999755859375,154.17999267578125,155.07000732421875,2100300
2021-10-28,153.3626708984375,159.97000122070312,162.30999755859375,158.25999450683594,159.55999755859375,2317600
2021-10-29,153.41061401367188,160.02000427246094,161.0500030517578,157.4499969482422,159.0,2025400
2021-11-01,155.14584350585938,161.8300018310547,162.14999389648438,159.2899932861328,160.39999389648438,2177900
2021-11-02,153.44895935058594,160.05999755859375,161.9199981689453,158.3300018310547,160.9499969482422,2615800
2021-11-03,157.73435974121094,164.52999877929688,166.82000732421875,157.07000732421875,160.75999450683594,3158400
2021-11-04,157.31253051757812,164.08999633789062,166.02000427246094,162.7100067138672,166.02000427246094,1863800
2021-11-05,160.6871337890625,167.61000061035156,171.67999267578125,166.22999572753906,169.39999389648438,2955400
2021-11-08,161.4349365234375,168.38999938964844,170.83999633789062,167.3300018310547,170.3300018310547,2476600
2021-11-09,157.9644317626953,164.77000427246094,168.0500030517578,162.38999938964844,168.0500030517578,1774500
2021-11-10,154.34060668945312,160.99000549316406,164.5,159.58999633789062,163.47999572753906,1554800
2021-11-11,150.39071655273438,156.8699951171875,161.0,156.6199951171875,160.6199951171875,1664900
2021-11-12,150.01687622070312,156.47999572753906,158.9499969482422,155.52999877929688,157.5,1914100
2021-11-15,149.24989318847656,155.67999267578125,157.7899932861328,154.8800048828125,157.0399932861328,1378600
2021-11-16,147.62969970703125,153.99000549316406,155.5800018310547,152.80999755859375,155.1300048828125,2137700
2021-11-17,150.2469024658203,156.72000122070312,156.91000366210938,152.3300018310547,153.27000427246094,1965600
2021-11-18,149.29783630371094,155.72999572753906,157.74000549316406,154.83999633789062,156.77000427246094,1126800
2021-11-19,148.52130126953125,154.9199981689453,156.08999633789062,150.25999450683594,153.97999572753906,1879800
2021-11-22,149.9497528076172,156.41000366210938,157.14999389648438,152.7899932861328,156.16000366210938,2268900
2021-11-23,150.93719482421875,157.44000244140625,158.4499969482422,156.13999938964844,157.3800048828125,1926300
2021-11-24,151.10018920898438,157.61000061035156,158.07000732421875,153.39999389648438,156.1199951171875,1532800
2021-11-26,141.35020446777344,147.44000244140625,147.75999450683594,140.5500030517578,146.64999389648438,4264500
2021-11-29,144.5426788330078,150.77000427246094,154.5500030517578,149.6999969482422,149.6999969482422,3155000
2021-11-30,141.46527099609375,147.55999755859375,149.0,145.6999969482422,148.55999755859375,3465900
2021-12-01,136.6142578125,142.5,152.07000732421875,142.11000061035156,150.25999450683594,3198900
2021-12-02,144.8782501220703,151.1199951171875,152.58999633789062,143.1300048828125,143.3699951171875,3099000
2021-12-03,143.78529357910156,149.97999572753906,152.22000122070312,146.8000030517578,151.57000732421875,3104600
2021-12-06,150.22775268554688,156.6999969482422,159.47999572753906,152.22000122070312,152.22000122070312,2421800
2021-12-07,150.0647735595703,156.52999877929688,162.17999267578125,155.6999969482422,158.49000549316406,2416600
2021-12-08,151.12893676757812,157.63999938964844,159.57000732421875,155.80999755859375,157.4600067138672,1618500
2021-12-09,150.6591339111328,157.14999389648438,158.47999572753906,155.36000061035156,156.25999450683594,1103100
2021-12-10,154.16799926757812,160.80999755859375,160.9499969482422,156.02000427246094,158.2100067138672,1705600
2021-12-13,147.3324737548828,153.67999267578125,159.67999267578125,153.4199981689453,159.07000732421875,2362800
2021-12-14,147.64886474609375,154.00999450683594,155.94000244140625,152.5500030517578,152.77000427246094,1548800
2021-12-15,144.93577575683594,151.17999267578125,153.92999267578125,148.64999389648438,152.99000549316406,2228000
2021-12-16,144.53311157226562,150.75999450683594,153.1199951171875,150.08999633789062,151.16000366210938,2738400
2021-12-17,143.98663330078125,150.19000244140625,151.8300018310547,147.50999450683594,149.3800048828125,3592300
2021-12-20,143.4976806640625,149.67999267578125,151.24000549316406,145.7899932861328,146.99000549316406,2765600
2021-12-21,151.78086853027344,158.32000732421875,158.6999969482422,150.9199981689453,150.9199981689453,2269300
2021-12-22,155.8648681640625,162.5800018310547,163.22999572753906,158.36000061035156,158.55999755859375,2001000
2021-12-23,158.3671112060547,165.19000244140625,165.7899932861328,162.5399932861328,164.25,1528900
2021-12-27,159.82431030273438,166.7100067138672,167.08999633789062,163.4499969482422,164.47000122070312,1139900
2021-12-28,159.8626708984375,166.75,167.66000366210938,165.27999877929688,165.91000366210938,1297200
2021-12-29,159.67091369628906,166.5500030517578,167.5800018310547,165.5,166.35000610351562,905600
2021-12-30,158.0507354736328,164.86000061035156,167.97999572753906,164.72999572753906,166.5500030517578,840900
2021-12-31,158.41505432128906,165.24000549316406,166.17999267578125,164.07000732421875,164.85000610351562,902700
2022-01-03,157.13992309570312,163.91000366210938,166.41000366210938,161.22999572753906,165.07000732421875,1836800
2022-01-04,161.07058715820312,168.00999450683594,171.16000366210938,165.8000030517578,166.77000427246094,2131600
2022-01-05,157.58094787597656,164.3699951171875,169.0,164.3300018310547,168.27000427246094,1656700
2022-01-06,158.3958740234375,165.22000122070312,166.4600067138672,164.22999572753906,165.3000030517578,1421600
2022-01-07,159.77633666992188,166.66000366210938,168.75,164.69000244140625,166.0,1508800
2022-01-10,155.35679626464844,162.0500030517578,167.8800048828125,160.1300048828125,167.25,2228400
2022-01-11,158.3766326904297,165.1999969482422,165.64999389648438,160.07000732421875,161.97000122070312,2141100
2022-01-12,158.0507354736328,164.86000061035156,166.8699951171875,162.66000366210938,166.35000610351562,1606400
2022-01-13,157.71514892578125,164.50999450683594,167.3000030517578,164.10000610351562,164.94000244140625,1619700
2022-01-14,156.07582092285156,162.8000030517578,164.4199981689453,159.72000122070312,163.88999938964844,1886400
2022-01-18,152.92169189453125,159.50999450683594,161.11000061035156,157.67999267578125,160.1199951171875,2087600
2022-01-19,147.83103942871094,154.1999969482422,159.97999572753906,154.11000061035156,159.92999267578125,2396300
2022-01-20,150.22775268554688,156.6999969482422,161.69000244140625,155.3699951171875,155.5500030517578,2160400
2022-01-21,150.5057830810547,156.99000549316406,160.1999969482422,154.5,156.6999969482422,4745500
2022-01-24,149.3074493408203,155.74000549316406,156.5,150.92999267578125,154.0,3537700
2022-01-25,150.5441436767578,157.02999877929688,158.25,150.35000610351562,153.9499969482422,2197200
2022-01-26,152.1738739013672,158.72999572753906,164.0,156.69000244140625,158.0399932861328,2345800
2022-01-27,147.3612823486328,153.7100067138672,160.86000061035156,152.1300048828125,159.6300048828125,2184100
2022-01-28,152.79708862304688,159.3800048828125,159.50999450683594,152.75,154.0,1930400
2022-01-31,154.46517944335938,161.1199951171875,161.2899932861328,157.24000549316406,158.5399932861328,1972100
2022-02-01,156.2866973876953,163.02000427246094,163.67999267578125,160.3300018310547,161.1199951171875,1755100
2022-02-02,154.2255096435547,160.8699951171875,163.63999938964844,160.11000061035156,163.33999633789062,3912500
2022-02-03,155.31845092773438,162.00999450683594,164.49000549316406,160.0,160.0,2920000
2022-02-04,156.018310546875,162.74000549316406,163.7100067138672,158.9199981689453,161.00999450683594,2204700
2022-02-07,159.18202209472656,166.0399932861328,167.24000549316406,162.75,163.1199951171875,2003300
2022-02-08,164.46438598632812,171.5500030517578,172.0399932861328,165.3000030517578,167.05999755859375,2553000
2022-02-09,166.36260986328125,173.52999877929688,176.52000427246094,172.02999877929688,172.55999755859375,2100300
2022-02-10,167.46511840820312,174.67999267578125,176.47999572753906,170.00999450683594,170.88999938964844,2122100
2022-02-11,162.86338806152344,169.8800048828125,177.22999572753906,168.67999267578125,175.16000366210938,2819100
2022-02-14,164.2534942626953,171.3300018310547,174.39999389648438,169.4199981689453,170.5500030517578,2675200
2022-02-15,173.7158203125,181.1999969482422,181.33999633789062,174.5399932861328,175.89999389648438,4264300
2022-02-16,175.6907501220703,183.25999450683594,184.99000549316406,178.0,178.30999755859375,3263800
2022-02-17,170.81097412109375,178.1699981689453,181.77999877929688,177.7100067138672,180.1699981689453,3356300
2022-02-18,167.69517517089844,174.9199981689453,179.5399932861328,174.72000122070312,177.5800018310547,2882400
2022-02-22,165.96957397460938,173.1199951171875,175.82000732421875,169.80999755859375,174.6199951171875,2744000
2022-02-23,161.0323028564453,167.97000122070312,174.5500030517578,167.3699951171875,174.13999938964844,3494800
2022-02-24,161.78004455566406,168.75,169.5500030517578,162.9499969482422,163.05999755859375,4332700
2022-02-25,167.16790771484375,174.3699951171875,174.60000610351562,168.42999267578125,170.52999877929688,2805800
2022-02-28,163.11264038085938,170.13999938964844,172.49000549316406,167.52999877929688,170.38999938964844,2574400
2022-03-01,158.0986785888672,164.91000366210938,170.00999450683594,163.8800048828125,168.6999969482422,2886100
2022-03-02,161.2815399169922,168.22999572753906,171.00999450683594,166.91000366210938,167.5800018310547,2159600
2022-03-03,158.63551330566406,165.47000122070312,171.52999877929688,164.4499969482422,169.74000549316406,2444900
2022-03-04,152.70118713378906,159.27999877929688,163.92999267578125,156.75999450683594,163.0,2858200
2022-03-07,141.9446563720703,148.05999755859375,159.22000122070312,147.92999267578125,159.22000122070312,3769100
2022-03-08,146.47923278808594,152.7899932861328,159.11000061035156,146.07000732421875,148.9199981689453,4939400
2022-03-09,152.8833465576172,159.47000122070312,162.55999755859375,157.74000549316406,158.1999969482422,3509600
2022-03-10,155.84568786621094,162.55999755859375,164.22000122070312,156.0500030517578,156.5500030517578,2573300
2022-03-11,154.96372985839844,161.63999938964844,165.52999877929688,161.3000030517578,164.35000610351562,2316300
2022-03-14,155.07876586914062,161.75999450683594,164.1300048828125,160.11000061035156,162.27000427246094,1917600
2022-03-15,159.52713012695312,166.39999389648438,167.3300018310547,163.64999389648438,163.92999267578125,2297300
2022-03-16,165.17385864257812,172.2899932861328,172.5,167.02999877929688,168.19000244140625,2300300
2022-03-17,164.16720581054688,171.24000549316406,171.25,168.1300048828125,170.3300018310547,1582300
2022-03-18,164.11927795410156,171.19000244140625,173.44000244140625,167.64999389648438,170.25999450683594,3542300
2022-03-21,162.93048095703125,169.9499969482422,170.22000122070312,167.85000610351562,169.9499969482422,1770400
2022-03-22,163.52487182617188,170.57000732421875,172.8800048828125,169.97999572753906,171.6699981689453,2004100
2022-03-23,160.72549438476562,167.64999389648438,170.97999572753906,167.1999969482422,169.41000366210938,2709100
2022-03-24,164.8766632080078,171.97999572753906,171.99000549316406,167.1999969482422,169.0,1795800
2022-03-25,164.4356231689453,171.52000427246094,173.69000244140625,170.75,172.0,1427600
2022-03-28,164.47401428222656,171.55999755859375,172.57000732421875,169.13999938964844,172.10000610351562,1215600
2022-03-29,170.95474243164062,178.32000732421875,178.97000122070312,174.10000610351562,174.24000549316406,2200900
2022-03-30,169.16200256347656,176.4499969482422,179.1199951171875,175.39999389648438,177.5399932861328,2285200
2022-03-31,168.49095153808594,175.75,179.3000030517578,175.72000122070312,177.19000244140625,2368900
2022-04-01,166.50645446777344,173.67999267578125,178.3800048828125,172.61000061035156,176.9199981689453,1900400
2022-04-04,167.4363555908203,174.64999389648438,175.0399932861328,171.6199951171875,173.3699951171875,1394900
2022-04-05,166.81321716308594,174.0,176.61000061035156,172.0,174.41000366210938,1545100
2022-04-06,159.3065948486328,166.1699981689453,171.75999450683594,165.6199951171875,171.75999450683594,2180100
2022-04-07,157.85897827148438,164.66000366210938,166.6199951171875,162.36000061035156,165.5800018310547,2608600
2022-04-08,157.09205627441406,163.86000061035156,165.30999755859375,162.39999389648438,163.61000061035156,1522400
2022-04-11,155.74024963378906,162.4499969482422,165.55999755859375,161.66000366210938,161.9600067138672,1402500
2022-04-12,156.4976348876953,163.24000549316406,165.9600067138672,162.27999877929688,164.6300048828125,1549700
2022-04-13,168.28961181640625,175.5399932861328,176.25,164.00999450683594,164.16000366210938,3343800
2022-04-14,173.05430603027344,180.50999450683594,181.52000427246094,176.1999969482422,176.1999969482422,3631700
2022-04-18,175.58526611328125,183.14999389648438,184.9499969482422,179.22999572753906,179.22999572753906,2961100
2022-04-19,180.98277282714844,188.77999877929688,189.5500030517578,182.0500030517578,182.27999877929688,2775100
2022-04-20,182.43995666503906,190.3000030517578,193.7899932861328,188.77999877929688,189.0,3500700
2022-04-21,176.56317138671875,184.1699981689453,195.89999389648438,183.6999969482422,193.5399932861328,2905600
2022-04-22,172.07647705078125,179.49000549316406,184.1699981689453,178.94000244140625,183.75999450683594,1872900
2022-04-25,174.9429473876953,182.47999572753906,182.69000244140625,177.00999450683594,178.8699951171875,2368300
2022-04-26,169.92897033691406,177.25,183.17999267578125,176.82000732421875,181.0,2085100
2022-04-27,172.75714111328125,180.1999969482422,181.8300018310547,175.91000366210938,177.92999267578125,1808900
2022-04-28,176.93702697753906,184.55999755859375,186.1699981689453,180.07000732421875,181.72000122070312,2335500
2022-04-29,170.18783569335938,177.52000427246094,185.1300048828125,176.9600067138672,182.97000122070312,2605500
2022-05-02,170.78224182128906,178.13999938964844,180.32000732421875,173.27999877929688,178.9499969482422,2590000
2022-05-03,165.89285278320312,173.0399932861328,178.69000244140625,170.7899932861328,178.64999389648438,4135800
2022-05-04,173.75418090820312,181.24000549316406,181.57000732421875,172.32000732421875,176.0,4283900
2022-05-05,170.32205200195312,177.66000366210938,183.50999450683594,175.17999267578125,179.69000244140625,3174400
2022-05-06,165.39434814453125,172.52000427246094,178.5399932861328,169.27999877929688,178.17999267578125,2764100
2022-05-09,157.08241271972656,163.85000610351562,170.97999572753906,162.10000610351562,170.97999572753906,4058300
2022-05-10,161.1472930908203,168.08999633789062,170.24000549316406,164.92999267578125,168.05999755859375,2594500
2022-05-11,160.0640106201172,166.9600067138672,172.49000549316406,165.7899932861328,167.6199951171875,2973800
2022-05-12,156.593505859375,163.33999633789062,167.30999755859375,159.9600067138672,165.47000122070312,2619600
2022-05-13,159.82066345214844,166.39999389648438,167.47999572753906,163.75,166.0,2772300
2022-05-16,155.91156005859375,162.3300018310547,166.38999938964844,161.39999389648438,165.6999969482422,2367900
2022-05-17,158.341552734375,164.86000061035156,167.32000732421875,162.5,166.3300018310547,2302300
2022-05-18,147.93014526367188,154.02000427246094,164.3800048828125,153.00999450683594,162.72999572753906,3748400
2022-05-19,150.73471069335938,156.94000244140625,159.58999633789062,152.25,153.2899932861328,2228000
2022-05-20,149.09228515625,155.22999572753906,159.6300048828125,151.42999267578125,159.4199981689453,2105800
2022-05-23,151.71437072753906,157.9600067138672,159.16000366210938,153.32000732421875,156.47000122070312,1832300
2022-05-24,146.60472106933594,152.63999938964844,156.69000244140625,149.75999450683594,155.67999267578125,2303600
2022-05-25,153.24147033691406,159.5500030517578,160.35000610351562,150.77000427246094,151.38999938964844,3079800
2022-05-26,163.4415740966797,170.1699981689453,171.69000244140625,160.35000610351562,160.35000610351562,3693100
2022-05-27,165.73707580566406,172.55999755859375,177.0,170.4499969482422,170.4499969482422,2387200
2022-05-31,164.7958221435547,171.5800018310547,172.88999938964844,168.3300018310547,171.0500030517578,2224800
2022-06-01,163.844970703125,170.58999633789062,174.0,167.86000061035156,172.5399932861328,1729700
2022-06-02,167.52354431152344,174.4199981689453,174.5800018310547,170.3800048828125,170.75,1749800
2022-06-03,167.7444610595703,174.64999389648438,175.39999389648438,171.85000610351562,172.7899932861328,1370300
2022-06-06,170.58738708496094,177.61000061035156,179.24000549316406,175.3000030517578,177.0,1394700
2022-06-07,170.17440795898438,177.17999267578125,177.8300018310547,173.6699981689453,175.77000427246094,1336400
2022-06-08,166.34217834472656,173.19000244140625,175.67999267578125,171.77000427246094,175.27000427246094,1693500
2022-06-09,161.02122497558594,167.64999389648438,173.0800018310547,167.63999938964844,173.0800018310547,1449300
2022-06-10,153.54884338378906,159.8699951171875,167.02000427246094,159.75999450683594,165.02999877929688,2736300
2022-06-13,146.08604431152344,152.10000610351562,154.57000732421875,149.8699951171875,154.0,4029800
2022-06-14,146.20132446289062,152.22000122070312,154.72999572753906,150.27999877929688,153.86000061035156,2667200
2022-06-15,148.67930603027344,154.8000030517578,157.16000366210938,153.1199951171875,154.75999450683594,2051200
2022-06-16,139.42047119140625,145.16000366210938,150.8000030517578,144.58999633789062,149.85000610351562,2610900
2022-06-17,139.48768615722656,145.22999572753906,147.63999938964844,142.8000030517578,145.83999633789062,3277500
2022-06-21,135.9820556640625,141.5800018310547,147.99000549316406,141.1699981689453,147.8300018310547,3357100
2022-06-22,131.0644989013672,136.4600067138672,141.5800018310547,135.99000549316406,139.44000244140625,4112900
2022-06-23,127.79888916015625,133.05999755859375,137.6999969482422,131.00999450683594,137.6699981689453,3285700
2022-06-24,133.8786163330078,139.38999938964844,141.07000732421875,133.25999450683594,135.0,3075900
2022-06-27,134.64698791503906,140.19000244140625,141.08999633789062,138.33999633789062,139.60000610351562,2056500
2022-06-28,133.206298828125,138.69000244140625,146.05999755859375,138.50999450683594,142.72999572753906,2241100
2022-06-29,132.2842559814453,137.72999572753906,139.6199951171875,135.72000122070312,138.69000244140625,2621600
2022-06-30,130.63226318359375,136.00999450683594,138.13999938964844,133.07000732421875,135.1199951171875,3379200
2022-07-01,133.67691040039062,139.17999267578125,139.25,134.6199951171875,135.74000549316406,2039900
2022-07-05,133.206298828125,138.69000244140625,138.75,133.99000549316406,135.9199981689453,2367000
2022-07-06,130.28651428222656,135.64999389648438,139.7100067138672,133.5399932861328,138.9499969482422,1880400
2022-07-07,133.19667053222656,138.67999267578125,139.80999755859375,136.97000122070312,137.47000122070312,2017100
2022-07-08,132.3514862060547,137.8000030517578,138.8300018310547,135.55999755859375,138.67999267578125,1631400
2022-07-11,132.3130645751953,137.75999450683594,138.52000427246094,135.14999389648438,137.10000610351562,2161700
2022-07-12,133.6192626953125,139.1199951171875,141.25,136.92999267578125,136.92999267578125,1691700
2022-07-13,135.2328643798828,140.8000030517578,142.11000061035156,135.6999969482422,136.25999450683594,2337100
2022-07-14,135.21365356445312,140.77999877929688,141.25999450683594,137.9499969482422,137.9600067138672,2398100
2022-07-15,137.6820526123047,143.35000610351562,144.44000244140625,141.64999389648438,142.61000061035156,2072300
2022-07-18,138.87301635742188,144.58999633789062,149.02000427246094,143.69000244140625,145.19000244140625,2028500
2022-07-19,144.9527130126953,150.9199981689453,151.25999450683594,145.94000244140625,146.08999633789062,2531000
2022-07-20,146.5663299560547,152.60000610351562,153.52000427246094,150.0,150.77000427246094,1932200
2022-07-21,145.02955627441406,151.0,151.88999938964844,147.75999450683594,151.0,1777400
2022-07-22,144.94314575195312,150.91000366210938,154.74000549316406,150.2899932861328,152.50999450683594,2259700
2022-07-25,146.9408721923828,152.99000549316406,153.39999389648438,150.1999969482422,152.80999755859375,1543200
2022-07-26,145.06797790527344,151.0399932861328,152.8000030517578,150.55999755859375,152.08999633789062,2032500
2022-07-27,151.36862182617188,157.60000610351562,159.24000549316406,154.83999633789062,155.0800018310547,2660100
2022-07-28,151.83920288085938,158.08999633789062,159.61000061035156,154.86000061035156,158.1300048828125,1708600
2022-07-29,152.54034423828125,158.82000732421875,159.8300018310547,156.6300048828125,157.52000427246094,1937000
2022-08-01,153.26072692871094,159.57000732421875,160.02000427246094,156.38999938964844,158.0,2051000
2022-08-02,151.98329162597656,158.24000549316406,162.22000122070312,155.5800018310547,162.1999969482422,3114000
2022-08-03,153.03981018066406,159.33999633789062,161.07000732421875,158.61000061035156,159.3000030517578,1791100
2022-08-04,152.70364379882812,158.99000549316406,159.77999877929688,157.17999267578125,159.42999267578125,1337600
2022-08-05,150.8019256591797,157.00999450683594,159.19000244140625,155.92999267578125,157.72999572753906,2146100
2022-08-08,152.01206970214844,158.27000427246094,161.17999267578125,157.38999938964844,157.57000732421875,1444800
2022-08-09,152.5115509033203,158.7899932861328,159.57000732421875,156.6699981689453,158.07000732421875,1499500
2022-08-10,154.8647003173828,161.24000549316406,162.8000030517578,160.2899932861328,161.82000732421875,1480500
2022-08-11,154.75901794433594,161.1300048828125,164.33999633789062,160.6999969482422,163.5399932861328,1324400
2022-08-12,157.58274841308594,164.07000732421875,164.36000061035156,160.88999938964844,162.0,1610200
2022-08-15,156.72796630859375,163.17999267578125,164.39999389648438,161.6999969482422,162.1199951171875,1304900
2022-08-16,159.66697692871094,166.24000549316406,166.55999755859375,162.47999572753906,162.7899932861328,1869600
2022-08-17,157.38658142089844,163.57000732421875,164.72000122070312,161.8800048828125,163.99000549316406,1452000
2022-08-18,158.81060791015625,165.0500030517578,165.49000549316406,163.02999877929688,163.6699981689453,1093200
2022-08-19,155.2793731689453,161.3800048828125,164.25,160.88999938964844,163.42999267578125,1401900
2022-08-22,151.95013427734375,157.9199981689453,159.72000122070312,157.47000122070312,158.25999450683594,1417900
2022-08-23,152.6429443359375,158.63999938964844,160.55999755859375,158.35000610351562,158.36000061035156,1423800
2022-08-24,153.8841552734375,159.92999267578125,160.52999877929688,157.8000030517578,157.8000030517578,1892300
2022-08-25,156.52056884765625,162.6699981689453,163.24000549316406,160.64999389648438,161.27000427246094,1274100
2022-08-26,150.76663208007812,156.69000244140625,163.86000061035156,156.25,163.07000732421875,1747700
2022-08-29,149.8333282470703,155.72000122070312,156.7899932861328,154.4600067138672,154.97999572753906,1555500
2022-08-30,147.54327392578125,153.33999633789062,157.2899932861328,153.0,156.72000122070312,1987500
2022-08-31,147.92816162109375,153.74000549316406,155.91000366210938,153.33999633789062,154.25,2241900
2022-09-01,148.1302490234375,153.9499969482422,154.1699981689453,149.89999389648438,152.42999267578125,2297000
2022-09-02,148.399658203125,154.22999572753906,157.69000244140625,153.42999267578125,155.0,1855000
2022-09-06,146.60995483398438,152.3699951171875,156.25,150.5,155.2100067138672,1680800
2022-09-07,151.64227294921875,157.60000610351562,157.94000244140625,152.3000030517578,152.6999969482422,2240900
2022-09-08,153.3741912841797,159.39999389648438,159.4499969482422,155.52000427246094,156.3800048828125,1690800
2022-09-09,156.22235107421875,162.36000061035156,162.77000427246094,160.1999969482422,160.38999938964844,1392400
2022-09-12,157.588623046875,163.77999877929688,165.0,162.8000030517578,163.9499969482422,1602100
2022-09-13,151.91168212890625,157.8800048828125,161.75,157.0399932861328,158.99000549316406,2261000
2022-09-14,156.39552307128906,162.5399932861328,162.67999267578125,156.64999389648438,158.0,1790000
2022-09-15,156.3666229248047,162.50999450683594,166.5500030517578,161.72999572753906,163.44000244140625,1862700
2022-09-16,149.06356811523438,154.9199981689453,160.32000732421875,153.27999877929688,160.32000732421875,3370000
2022-09-19,151.41131591796875,157.36000061035156,158.22000122070312,152.66000366210938,152.9499969482422,1972600
2022-09-20,151.07456970214844,157.00999450683594,158.41000366210938,154.83999633789062,156.72000122070312,2102900
2022-09-21,142.56871032714844,148.1699981689453,156.5,148.14999389648438,156.30999755859375,3281200
2022-09-22,134.81344604492188,140.11000061035156,147.4600067138672,139.66000366210938,147.02999877929688,3542500
2022-09-23,132.2828826904297,137.47999572753906,138.32000732421875,135.89999389648438,138.14999389648438,2414600
2022-09-26,131.07044982910156,136.22000122070312,140.2100067138672,136.02000427246094,137.77999877929688,1946900
2022-09-27,133.43746948242188,138.67999267578125,141.11000061035156,136.88999938964844,139.39999389648438,2251200
2022-09-28,138.3831787109375,143.82000732421875,144.55999755859375,138.50999450683594,139.05999755859375,2085100
2022-09-29,135.19833374023438,140.50999450683594,142.32000732421875,138.97999572753906,141.97999572753906,1871000
2022-09-30,134.84225463867188,140.13999938964844,143.97999572753906,138.27000427246094,139.89999389648438,2100800
2022-10-03,135.4773406982422,140.8000030517578,142.66000366210938,138.7100067138672,142.08999633789062,2107000
2022-10-04,141.98178100585938,147.55999755859375,148.72000122070312,143.39999389648438,144.38999938964844,2128600
2022-10-05,141.6161346435547,147.17999267578125,148.2100067138672,144.82000732421875,145.3000030517578,1489000
2022-10-06,138.62374877929688,144.07000732421875,148.27000427246094,143.60000610351562,146.77000427246094,1653300
2022-10-07,136.15087890625,141.5,142.1699981689453,139.30999755859375,141.92999267578125,2409100
2022-10-10,135.1886749267578,140.5,143.41000366210938,139.47000122070312,142.1199951171875,1509100
2022-10-11,133.5432891845703,138.7899932861328,141.55999755859375,137.25,140.83999633789062,1873800
2022-10-12,136.5068817138672,141.8699951171875,143.25,137.2899932861328,138.5,1855500
2022-10-13,137.80584716796875,143.22000122070312,144.11000061035156,137.25999450683594,138.75999450683594,2398500
2022-10-14,138.1041259765625,143.52999877929688,147.83999633789062,142.52000427246094,146.00999450683594,2076000
2022-10-17,142.26084899902344,147.85000610351562,148.42999267578125,145.83999633789062,146.99000549316406,2060000
2022-10-18,144.31993103027344,149.99000549316406,153.8800048828125,148.5800018310547,151.47999572753906,1870900
2022-10-19,144.31993103027344,149.99000549316406,151.6699981689453,148.63999938964844,148.63999938964844,1173800
2022-10-20,141.94329833984375,147.52000427246094,153.1699981689453,147.1699981689453,150.57000732421875,1408200
2022-10-21,147.68763732910156,153.49000549316406,154.00999450683594,146.5,146.7100067138672,2339400
2022-10-24,149.1212921142578,154.97999572753906,156.47000122070312,152.41000366210938,154.27000427246094,1967900
2022-10-25,149.55430603027344,155.42999267578125,156.11000061035156,153.11000061035156,154.36000061035156,1697100
2022-10-26,149.1790313720703,155.0399932861328,158.82000732421875,154.14999389648438,156.6699981689453,2464400
2022-10-27,150.34329223632812,156.25,158.47000122070312,156.0,156.7899932861328,1624700
2022-10-28,153.61474609375,159.64999389648438,160.00999450683594,155.2899932861328,156.25,1796900
2022-10-31,154.05735778808594,160.11000061035156,162.5399932861328,158.13999938964844,158.75,2493000
2022-11-01,154.01889038085938,160.07000732421875,163.0,159.22000122070312,162.4199981689453,1573600
2022-11-02,147.20652770996094,152.99000549316406,159.25999450683594,152.3000030517578,158.9600067138672,2596000
2022-11-03,140.94259643554688,146.47999572753906,150.80999755859375,143.9199981689453,149.7899932861328,2929800
2022-11-04,143.3289031982422,148.9600067138672,151.27999877929688,147.33999633789062,149.44000244140625,3342900
2022-11-07,142.741943359375,148.35000610351562,150.0399932861328,145.0,149.5399932861328,2039600
2022-11-08,144.8106231689453,150.5,152.72000122070312,148.4499969482422,149.07000732421875,1760100
2022-11-09,143.91580200195312,149.57000732421875,153.16000366210938,148.0800018310547,148.27999877929688,2136400
2022-11-10,152.00790405273438,157.97999572753906,158.55999755859375,155.8000030517578,155.80999755859375,2421900
2022-11-11,157.588623046875,163.77999877929688,164.88999938964844,159.8300018310547,160.0,2634300
2022-11-14,153.49928283691406,159.52999877929688,164.39999389648438,159.25999450683594,162.0,2082600
2022-11-15,155.6545867919922,161.77000427246094,163.1999969482422,159.50999450683594,161.3000030517578,2003500
2022-11-16,155.49102783203125,161.60000610351562,162.5399932861328,160.38999938964844,161.75999450683594,2063500
2022-11-17,153.92263793945312,159.97000122070312,160.05999755859375,157.5,158.3000030517578,1647100
2022-11-18,155.5968780517578,161.7100067138672,163.1199951171875,160.4499969482422,162.16000366210938,1864900
2022-11-21,154.46148681640625,160.52999877929688,162.75999450683594,159.94000244140625,161.33999633789062,1322100
2022-11-22,157.17205810546875,162.94000244140625,163.25999450683594,159.55999755859375,160.89999389648438,1508800
2022-11-23,155.76368713378906,161.47999572753906,163.5,161.08999633789062,162.8699951171875,1455700
2022-11-25,156.7764892578125,162.52999877929688,163.83999633789062,161.25,161.57000732421875,918700
2022-11-28,153.265380859375,158.88999938964844,161.7899932861328,158.67999267578125,161.74000549316406,1856400
2022-11-29,155.55149841308594,161.25999450683594,162.14999389648438,159.0,159.0,1824400
2022-11-30,159.4967041015625,165.35000610351562,165.3699951171875,159.52000427246094,160.60000610351562,2662800
2022-12-01,159.34239196777344,165.19000244140625,167.17999267578125,164.25,165.6300048828125,1874400
2022-12-02,159.76678466796875,165.6300048828125,165.75999450683594,162.5,163.0,1419300
2022-12-05,156.30386352539062,162.0399932861328,164.77000427246094,161.6999969482422,164.30999755859375,2180100
2022-12-06,154.78944396972656,160.47000122070312,162.75,158.8800048828125,161.94000244140625,1898200
2022-12-07,151.71241760253906,157.27999877929688,160.30999755859375,157.10000610351562,159.69000244140625,2199600
2022-12-08,154.97276306152344,160.66000366210938,161.64999389648438,158.02000427246094,158.66000366210938,1849600
2022-12-09,155.4550323486328,161.16000366210938,162.52000427246094,160.07000732421875,160.3800048828125,1264100
2022-12-12,157.3938751220703,163.1699981689453,163.2100067138672,159.4600067138672,161.00999450683594,1554500
2022-12-13,157.3456268310547,163.1199951171875,169.0500030517578,162.22999572753906,168.66000366210938,2177700
2022-12-14,153.68978881835938,159.3300018310547,163.3699951171875,157.42999267578125,161.25,2464700
2022-12-15,149.90859985351562,155.41000366210938,157.0500030517578,153.2100067138672,156.25,2517700
2022-12-16,148.34588623046875,153.7899932861328,154.8000030517578,152.44000244140625,154.07000732421875,4943500
2022-12-19,146.0115966796875,151.3699951171875,154.3800048828125,150.52000427246094,154.07000732421875,2019600
2022-12-20,145.0855712890625,150.41000366210938,152.25,150.1199951171875,150.89999389648438,1675400
2022-12-21,143.48435974121094,148.75,152.08999633789062,147.75,151.35000610351562,2284300
2022-12-22,142.0084991455078,147.22000122070312,148.52999877929688,145.3699951171875,147.22999572753906,1837200
2022-12-23,143.32037353515625,148.5800018310547,148.89999389648438,146.32000732421875,146.32000732421875,1067600
2022-12-27,143.0985107421875,148.35000610351562,149.3800048828125,147.94000244140625,149.02000427246094,1350000
2022-12-28,140.4458465576172,145.60000610351562,149.3699951171875,145.5800018310547,148.52999877929688,1321600
2022-12-29,142.73194885253906,147.97000122070312,148.8000030517578,146.25999450683594,146.9199981689453,1431900
2022-12-30,143.61940002441406,148.88999938964844,149.0500030517578,146.4199981689453,147.00999450683594,1541900
2023-01-03,142.51976013183594,147.75,150.72999572753906,147.10000610351562,149.85000610351562,1686200
2023-01-04,144.55503845214844,149.86000061035156,151.24000549316406,149.10000610351562,149.24000549316406,1731300
2023-01-05,143.60972595214844,148.8800048828125,150.08999633789062,147.9600067138672,149.00999450683594,1542300
2023-01-06,147.95042419433594,153.3800048828125,153.91000366210938,150.02999877929688,150.5399932861328,1589000
2023-01-09,147.13055419921875,152.52999877929688,155.3800048828125,151.64999389648438,151.75999450683594,1864500
2023-01-10,147.7382354736328,153.16000366210938,153.7899932861328,151.5,152.44000244140625,1275200
2023-01-11,152.86026000976562,158.47000122070312,158.5800018310547,153.92999267578125,154.16000366210938,1712500
2023-01-12,154.32647705078125,159.99000549316406,160.58999633789062,157.67999267578125,158.3699951171875,1627000
2023-01-13,156.05308532714844,161.77999877929688,162.11000061035156,159.17999267578125,159.58999633789062,1532600
2023-01-17,155.2910919189453,160.99000549316406,162.57000732421875,160.44000244140625,161.27999877929688,2570500
2023-01-18,154.13351440429688,159.7899932861328,163.75,159.6999969482422,162.3000030517578,2188000
2023-01-19,155.32962036132812,161.02999877929688,161.94000244140625,158.25,158.44000244140625,2184900
2023-01-20,161.00146484375,166.91000366210938,167.14999389648438,160.16000366210938,160.6699981689453,2330300
2023-01-23,163.0367889404297,169.02000427246094,169.8000030517578,165.07000732421875,166.0,2585400
2023-01-24,163.6251983642578,169.6300048828125,169.6999969482422,167.58999633789062,168.57000732421875,1644900
2023-01-25,166.22964477539062,172.3300018310547,172.94000244140625,167.6199951171875,167.6199951171875,1881500
2023-01-26,168.39999389648438,174.5800018310547,174.6699981689453,172.58999633789062,173.47000122070312,1620100
2023-01-27,168.1588134765625,174.3300018310547,176.57000732421875,174.02000427246094,174.5,1637000
2023-01-30,165.13961791992188,171.1999969482422,173.52000427246094,171.02999877929688,172.36000061035156,2041900
2023-01-31,168.01414489746094,174.17999267578125,174.22000122070312,170.80999755859375,171.4499969482422,1329100
2023-02-01,169.15234375,175.36000061035156,176.6999969482422,171.00999450683594,173.02000427246094,1456300
2023-02-02,169.93365478515625,176.1699981689453,177.5800018310547,175.02000427246094,176.60000610351562,1145500
2023-02-03,168.25527954101562,174.42999267578125,175.7100067138672,172.89999389648438,173.99000549316406,1504500
2023-02-06,166.219970703125,172.32000732421875,173.94000244140625,171.72000122070312,172.72000122070312,1485900
2023-02-07,169.21022033691406,175.4199981689453,176.52999877929688,170.83999633789062,172.0,1808800
2023-02-08,167.85011291503906,174.00999450683594,175.02000427246094,173.0,173.72000122070312,1520200
2023-02-09,168.7086181640625,174.89999389648438,177.58999633789062,174.25,175.55999755859375,1525300
2023-02-10,165.3035888671875,171.3699951171875,174.0800018310547,170.05999755859375,173.13999938964844,1544700
2023-02-13,168.1973876953125,174.3699951171875,175.02999877929688,171.72999572753906,172.02999877929688,1995400
2023-02-14,174.85313415527344,181.27000427246094,181.5500030517578,171.52999877929688,175.72000122070312,3366200
2023-02-15,174.1972198486328,180.58999633789062,181.25999450683594,179.17999267578125,180.9199981689453,2563000
2023-02-16,169.56710815429688,175.7899932861328,179.66000366210938,175.44000244140625,177.39999389648438,2277900
2023-02-17,166.41290283203125,172.52000427246094,174.69000244140625,171.11000061035156,174.6300048828125,1890000
2023-02-21,164.63800048828125,170.67999267578125,172.2899932861328,169.85000610351562,170.75999450683594,1817800
2023-02-22,164.55120849609375,170.58999633789062,171.7899932861328,169.1999969482422,170.0399932861328,1250500
2023-02-23,166.2432403564453,171.94000244140625,172.8699951171875,169.85000610351562,171.52999877929688,1382700
2023-02-24,164.6865692138672,170.3300018310547,170.67999267578125,169.0,169.47000122070312,1642400
2023-02-27,163.99044799804688,169.61000061035156,172.0800018310547,169.25999450683594,171.75999450683594,1543000
2023-02-28,163.63267517089844,169.24000549316406,171.0399932861328,168.86000061035156,169.55999755859375,2709700
2023-03-01,163.82606506347656,169.44000244140625,170.7899932861328,168.3699951171875,169.4199981689453,1799600
2023-03-02,165.23770141601562,170.89999389648438,171.57000732421875,167.86000061035156,169.38999938964844,1254300
2023-03-03,167.33578491210938,173.07000732421875,173.5800018310547,171.0800018310547,171.85000610351562,1406500
2023-03-06,169.31788635253906,175.1199951171875,176.99000549316406,173.2899932861328,173.2899932861328,2136100
2023-03-07,167.81924438476562,173.57000732421875,176.77999877929688,173.02999877929688,175.5800018310547,1436000
2023-03-08,167.69354248046875,173.44000244140625,174.94000244140625,172.4199981689453,173.63999938964844,1184500
2023-03-09,162.17269897460938,167.72999572753906,173.6999969482422,167.44000244140625,173.4600067138672,1871000
2023-03-10,159.07867431640625,164.52999877929688,168.82000732421875,164.0,166.94000244140625,1710700
2023-03-13,155.24026489257812,160.55999755859375,162.72000122070312,158.94000244140625,162.5399932861328,2394700
2023-03-14,157.29971313476562,162.69000244140625,164.89999389648438,161.27999877929688,163.02000427246094,1901300
2023-03-15,153.0841522216797,158.3300018310547,159.22999572753906,155.52999877929688,158.94000244140625,2757700
2023-03-16,155.79141235351562,161.1300048828125,161.74000549316406,157.0,157.55999755859375,1887000
2023-03-17,153.50958251953125,158.77000427246094,160.3800048828125,157.44000244140625,159.86000061035156,2480100
2023-03-20,157.63809204101562,163.0399932861328,163.38999938964844,159.1999969482422,159.66000366210938,2342700
2023-03-21,162.2017364501953,167.75999450683594,168.3300018310547,164.94000244140625,164.97000122070312,2327800
2023-03-22,157.80247497558594,163.2100067138672,167.55999755859375,163.1199951171875,167.3000030517578,2397600
2023-03-23,154.6795196533203,159.97999572753906,165.85000610351562,158.5,163.80999755859375,2423200
2023-03-24,151.3728485107422,156.55999755859375,158.27000427246094,153.55999755859375,157.9499969482422,2509800
2023-03-27,151.3921356201172,156.5800018310547,158.83999633789062,156.0500030517578,158.14999389648438,1637500
2023-03-28,153.712646484375,158.97999572753906,159.07000732421875,155.8000030517578,155.88999938964844,1825900
2023-03-29,156.7582550048828,162.1300048828125,162.67999267578125,160.14999389648438,160.22000122070312,1752200
2023-03-30,157.28038024902344,162.6699981689453,164.5,162.41000366210938,163.9199981689453,1175800
2023-03-31,160.53871154785156,166.0399932861328,166.67999267578125,164.2899932861328,164.2899932861328,1514200
2023-04-03,159.0110626220703,164.4600067138672,166.0399932861328,163.32000732421875,165.42999267578125,1533000
2023-04-04,158.93370056152344,164.3800048828125,165.38999938964844,163.50999450683594,165.14999389648438,1200700
2023-04-05,157.1739959716797,162.55999755859375,163.88999938964844,162.0800018310547,163.6199951171875,1380100
2023-04-06,157.64779663085938,163.0500030517578,163.58999633789062,161.38999938964844,163.0,1092400
2023-04-10,157.39639282226562,162.7899932861328,165.3699951171875,162.22999572753906,162.22999572753906,1256500
2023-04-11,158.4502716064453,163.8800048828125,164.72999572753906,162.99000549316406,163.4499969482422,1203900
2023-04-12,156.12013244628906,161.47000122070312,165.2899932861328,161.00999450683594,164.92999267578125,1370600
2023-04-13,160.0166015625,165.5,165.6300048828125,161.72000122070312,163.00999450683594,1569700
2023-04-14,162.53045654296875,168.10000610351562,168.19000244140625,165.5,165.5,1736400
2023-04-17,164.12579345703125,169.75,170.08999633789062,168.24000549316406,168.72999572753906,1221100
2023-04-18,167.90625,173.66000366210938,173.92999267578125,171.13999938964844,171.58999633789062,1867700
2023-04-19,167.95462036132812,173.7100067138672,174.3800048828125,172.3800048828125,172.3800048828125,1430300
2023-04-20,168.00291442871094,173.75999450683594,174.5399932861328,172.75999450683594,172.89999389648438,2001700
2023-04-21,168.6313934326172,174.41000366210938,174.94000244140625,173.11000061035156,173.89999389648438,1321100
2023-04-24,168.5540313720703,174.3300018310547,175.11000061035156,173.47000122070312,174.77999877929688,1146800
2023-04-25,167.1327362060547,172.86000061035156,174.7100067138672,172.39999389648438,173.8000030517578,2226300
2023-04-26,159.64920043945312,165.1199951171875,174.1300048828125,164.69000244140625,172.9499969482422,3087400
2023-04-27,159.91024780273438,165.38999938964844,166.2899932861328,162.77999877929688,166.0,2105900
2023-04-28,163.72938537597656,169.33999633789062,169.91000366210938,164.35000610351562,165.14999389648438,1645900
2023-05-01,164.5028533935547,170.13999938964844,173.2899932861328,168.77999877929688,168.9600067138672,1928700
2023-05-02,172.69223022460938,178.61000061035156,178.9499969482422,173.6300048828125,173.75,3821300
2023-05-03,172.53753662109375,178.4499969482422,183.27000427246094,177.6300048828125,179.6199951171875,2378500
2023-05-04,170.63282775878906,176.47999572753906,179.9499969482422,175.89999389648438,178.4499969482422,2090000
2023-05-05,170.71981811523438,176.57000732421875,179.22999572753906,174.4199981689453,179.1199951171875,1638300
2023-05-08,172.05409240722656,177.9499969482422,178.4199981689453,175.69000244140625,177.36000061035156,1244900
2023-05-09,173.05966186523438,178.99000549316406,179.75,177.61000061035156,178.5399932861328,1400100
2023-05-10,169.81094360351562,175.6300048828125,180.5,172.9499969482422,180.0,2198600
2023-05-11,168.70877075195312,174.49000549316406,175.27000427246094,173.02000427246094,175.19000244140625,1448000
2023-05-12,168.3316650390625,174.10000610351562,175.35000610351562,172.80999755859375,174.49000549316406,1053100
2023-05-15,169.68527221679688,175.5,175.55999755859375,172.82000732421875,174.6300048828125,975800
2023-05-16,168.78611755371094,174.57000732421875,176.3300018310547,173.89999389648438,174.97999572753906,1119000
2023-05-17,171.241943359375,177.11000061035156,178.67999267578125,174.97999572753906,176.5500030517578,1073800
2023-05-18,175.041748046875,181.0399932861328,181.41000366210938,176.25,176.25,1344300
2023-05-19,172.5181884765625,178.42999267578125,181.4499969482422,177.50999450683594,181.3000030517578,1227300
2023-05-22,168.89244079589844,174.67999267578125,178.55999755859375,174.22000122070312,178.41000366210938,1715400
2023-05-23,163.92274475097656,169.5399932861328,173.42999267578125,168.61000061035156,173.42999267578125,2605800
2023-05-24,162.6754913330078,168.25,169.35000610351562,167.1999969482422,168.75,1619000
2023-05-25,166.48703002929688,171.66000366210938,172.08999633789062,167.11000061035156,167.94000244140625,1619000
2023-05-26,166.58404541015625,171.75999450683594,174.08999633789062,171.47000122070312,171.47000122070312,1390000
2023-05-30,163.9945068359375,169.08999633789062,173.0399932861328,168.75,172.42999267578125,1037500
2023-05-31,162.7336883544922,167.7899932861328,169.83999633789062,165.1300048828125,169.47000122070312,2088700
2023-06-01,165.98272705078125,171.13999938964844,172.14999389648438,166.8300018310547,167.7899932861328,1791600
2023-06-02,171.87950134277344,177.22000122070312,177.39999389648438,171.82000732421875,171.82000732421875,1652900
2023-06-05,171.87950134277344,177.22000122070312,177.5800018310547,175.72999572753906,176.72999572753906,1712900
2023-06-06,175.44859313964844,180.89999389648438,181.4600067138672,177.25999450683594,177.41000366210938,1622100
2023-06-07,171.9086151123047,177.25,182.77999877929688,176.5,180.89999389648438,1791300
2023-06-08,173.10153198242188,178.47999572753906,178.80999755859375,175.38999938964844,175.9199981689453,1181800
2023-06-09,173.6155548095703,179.00999450683594,180.0,178.02999877929688,178.7100067138672,1377700
2023-06-12,175.48739624023438,180.94000244140625,180.97999572753906,177.6300048828125,179.85000610351562,1324600
2023-06-13,175.94326782226562,181.41000366210938,183.3300018310547,180.5800018310547,182.0,1179200
2023-06-14,175.99172973632812,181.4600067138672,182.94000244140625,179.6300048828125,182.0,1603600
2023-06-15,171.3557586669922,176.67999267578125,178.83999633789062,173.77000427246094,178.5500030517578,3526600
2023-06-16,171.04541015625,176.36000061035156,178.27999877929688,175.6300048828125,177.27000427246094,4719600
2023-06-20,168.55287170410156,173.7899932861328,176.44000244140625,173.25,175.82000732421875,1529400
2023-06-21,170.81265258789062,176.1199951171875,177.11000061035156,172.77000427246094,173.49000549316406,1867700
2023-06-22,170.39561462402344,175.69000244140625,176.6699981689453,174.32000732421875,176.25999450683594,1163200
2023-06-23,166.28338623046875,171.4499969482422,173.38999938964844,171.0,173.3300018310547,2099400
2023-06-26,166.34158325195312,171.50999450683594,173.1999969482422,170.02999877929688,170.5500030517578,1525800
2023-06-27,171.966796875,177.30999755859375,177.5399932861328,172.8000030517578,173.1199951171875,1442100
2023-06-28,172.30625915527344,177.66000366210938,178.0,176.6199951171875,177.49000549316406,1235300
2023-06-29,175.80746459960938,181.27000427246094,181.41000366210938,177.10000610351562,177.88999938964844,1716100
2023-06-30,178.154541015625,183.69000244140625,184.88999938964844,182.17999267578125,182.30999755859375,1696000
2023-07-03,178.67825317382812,184.22999572753906,184.97000122070312,182.42999267578125,183.41000366210938,1154100
2023-07-05,176.63186645507812,182.1199951171875,183.74000549316406,181.07000732421875,183.52000427246094,1572900
2023-07-06,176.55426025390625,182.0399932861328,182.41000366210938,178.24000549316406,180.07000732421875,1357700
2023-07-07,180.06517028808594,185.66000366210938,187.1199951171875,181.3300018310547,181.35000610351562,1904400
2023-07-10,185.18605041503906,190.94000244140625,190.99000549316406,185.91000366210938,185.9499969482422,1912100
2023-07-11,185.49639892578125,191.25999450683594,193.24000549316406,190.58999633789062,191.0,1941700
2023-07-12,184.28408813476562,190.00999450683594,193.3000030517578,189.72999572753906,193.3000030517578,1944900
2023-07-13,185.70977783203125,191.47999572753906,192.39999389648438,190.55999755859375,190.94000244140625,1347000
2023-07-14,183.68276977539062,189.38999938964844,191.0,187.60000610351562,191.0,1817300
2023-07-17,185.5255126953125,191.2899932861328,192.88999938964844,187.91000366210938,187.91000366210938,1422200
2023-07-18,187.82412719726562,193.66000366210938,194.3699951171875,191.2100067138672,191.41000366210938,1422600
2023-07-19,184.47804260253906,190.2100067138672,193.5399932861328,189.99000549316406,193.22999572753906,1951900
2023-07-20,185.70977783203125,191.47999572753906,193.5,190.27000427246094,190.61000061035156,1547700
2023-07-21,189.0266876220703,194.89999389648438,195.89999389648438,193.1300048828125,193.25999450683594,6638600
2023-07-24,188.4157257080078,194.27000427246094,194.4600067138672,191.8300018310547,193.75999450683594,1793700
2023-07-25,188.9588165283203,194.8300018310547,195.9499969482422,192.5399932861328,193.5800018310547,2261300
2023-07-26,187.89198303222656,193.72999572753906,196.24000549316406,192.02000427246094,194.41000366210938,3471200
2023-07-27,189.85108947753906,195.75,197.05999755859375,193.97999572753906,194.32000732421875,2481900
2023-07-28,193.59478759765625,199.61000061035156,199.97999572753906,197.27000427246094,197.82000732421875,1503300
2023-07-31,195.72848510742188,201.80999755859375,203.41000366210938,199.60000610351562,199.85000610351562,2731900
2023-08-01,198.57020568847656,204.74000549316406,205.94000244140625,198.75999450683594,199.5500030517578,2935100
2023-08-02,197.3772430419922,203.50999450683594,206.52999877929688,202.4600067138672,204.0,2882100
2023-08-03,194.79742431640625,200.85000610351562,202.7899932861328,197.32000732421875,201.77000427246094,3288400
2023-08-04,196.86322021484375,202.97999572753906,205.67999267578125,199.41000366210938,202.02000427246094,2650000
2023-08-07,198.53138732910156,204.6999969482422,205.61000061035156,203.58999633789062,204.5500030517578,1540600
2023-08-08,200.23834228515625,206.4600067138672,207.1999969482422,202.9499969482422,203.0800018310547,2506800
2023-08-09,199.9086151123047,206.1199951171875,209.0,204.97000122070312,206.47000122070312,2040000
2023-08-10,202.11019897460938,208.38999938964844,210.97999572753906,207.60000610351562,208.38999938964844,3442600
2023-08-11,202.2265625,208.50999450683594,209.32000732421875,206.6300048828125,207.0,1702000
2023-08-14,200.60693359375,206.83999633789062,209.0,205.52000427246094,207.39999389648438,2476900
2023-08-15,199.792236328125,206.0,207.97999572753906,205.16000366210938,206.35000610351562,2042500
2023-08-16,200.76455688476562,206.47999572753906,208.47999572753906,204.13999938964844,204.25,1770200
2023-08-17,196.72940063476562,202.3300018310547,207.7100067138672,202.14999389648438,207.7100067138672,2775100
2023-08-18,196.49603271484375,202.08999633789062,204.07000732421875,200.22999572753906,200.3800048828125,1781700
2023-08-21,194.2791748046875,199.80999755859375,203.5500030517578,198.58999633789062,202.08999633789062,2210800
2023-08-22,198.30455017089844,203.9499969482422,204.52000427246094,199.69000244140625,200.0,3170800
2023-08-23,197.62391662597656,203.25,205.1699981689453,202.75,203.94000244140625,1509200
2023-08-24,193.28738403320312,198.7899932861328,205.3800048828125,198.44000244140625,203.0,1903200
2023-08-25,194.2597198486328,199.7899932861328,201.3699951171875,198.22999572753906,199.6300048828125,1510400
2023-08-28,196.9238739013672,202.52999877929688,203.07000732421875,199.13999938964844,200.66000366210938,1062100
2023-08-29,200.44366455078125,206.14999389648438,206.4600067138672,201.50999450683594,201.6699981689453,1189400
2023-08-30,199.66580200195312,205.35000610351562,206.5500030517578,204.42999267578125,206.10000610351562,1098500
2023-08-31,197.8767547607422,203.50999450683594,206.50999450683594,203.4199981689453,206.1300048828125,1321000
2023-09-01,200.122802734375,205.82000732421875,206.4199981689453,203.72999572753906,204.6699981689453,1086000
2023-09-05,195.4654083251953,201.02999877929688,205.5500030517578,200.30999755859375,205.5500030517578,1989000
2023-09-06,196.8169403076172,202.4199981689453,203.38999938964844,199.50999450683594,200.0800018310547,1487300
2023-09-07,194.3375244140625,199.8699951171875,202.0500030517578,198.8000030517578,202.0,1847300
2023-09-08,199.76307678222656,205.4499969482422,205.6999969482422,200.02999877929688,200.3800048828125,1753500
2023-09-11,198.50875854492188,204.16000366210938,208.22999572753906,203.14999389648438,206.8800048828125,1715800
2023-09-12,198.1587371826172,203.8000030517578,205.1199951171875,203.17999267578125,203.80999755859375,1399600
2023-09-13,194.6875457763672,200.22999572753906,203.8300018310547,199.5500030517578,203.07000732421875,1676200
2023-09-14,198.557373046875,204.2100067138672,205.19000244140625,200.0399932861328,201.17999267578125,1729300
2023-09-15,197.5364532470703,203.16000366210938,205.2100067138672,202.22000122070312,204.4199981689453,3899800
2023-09-18,195.12510681152344,200.67999267578125,203.64999389648438,200.57000732421875,202.60000610351562,1700800
2023-09-19,193.0443115234375,198.5399932861328,200.69000244140625,196.9199981689453,200.50999450683594,2356300
2023-09-20,194.32778930664062,199.86000061035156,202.94000244140625,199.6199951171875,199.6199951171875,1499900
2023-09-21,189.7676239013672,195.1699981689453,198.0500030517578,195.08999633789062,197.7100067138672,1730800
2023-09-22,188.98001098632812,194.36000061035156,196.91000366210938,194.0,195.22000122070312,1374900
2023-09-25,187.589599609375,192.92999267578125,195.47000122070312,190.5500030517578,193.22000122070312,2141400
2023-09-26,186.45199584960938,191.75999450683594,195.19000244140625,190.75,192.0,2188700
2023-09-27,188.5133056640625,193.8800048828125,196.27999877929688,191.97999572753906,194.07000732421875,2284300
2023-09-28,194.0263671875,199.5500030517578,200.2899932861328,194.10000610351562,194.44000244140625,1786700
2023-09-29,191.11911010742188,196.55999755859375,199.7899932861328,195.2899932861328,199.35000610351562,1764500
2023-10-02,188.3868865966797,193.75,196.13999938964844,191.75,196.0,1640700
2023-10-03,185.11993408203125,190.38999938964844,193.0,189.33999633789062,191.97000122070312,1650500
2023-10-04,189.4272918701172,194.82000732421875,195.92999267578125,190.5399932861328,191.19000244140625,2282600
2023-10-05,189.3787078857422,194.77000427246094,196.1199951171875,192.5500030517578,195.42999267578125,1582700
2023-10-06,190.55516052246094,195.97999572753906,197.82000732421875,192.85000610351562,193.32000732421875,1735800
2023-10-09,189.04806518554688,194.42999267578125,194.55999755859375,189.49000549316406,193.0,1615400
2023-10-10,192.96652221679688,198.4600067138672,201.2899932861328,195.6999969482422,195.6999969482422,1691900
2023-10-11,192.78179931640625,198.27000427246094,198.9499969482422,195.13999938964844,198.47000122070312,1379200
2023-10-12,192.32479858398438,197.8000030517578,199.1999969482422,196.3800048828125,199.0399932861328,1397600
2023-10-13,187.589599609375,192.92999267578125,199.50999450683594,192.47999572753906,197.6999969482422,1531100
2023-10-16,191.58584594726562,197.0399932861328,199.14999389648438,195.05999755859375,196.30999755859375,1382600
2023-10-17,192.04286193847656,197.50999450683594,199.55999755859375,196.35000610351562,196.67999267578125,1230900
2023-10-18,189.01889038085938,194.39999389648438,196.8699951171875,193.9499969482422,195.8699951171875,1255800
2023-10-19,186.98675537109375,192.30999755859375,196.2100067138672,191.47000122070312,195.1999969482422,1770700
2023-10-20,182.7668914794922,187.97000122070312,191.47000122070312,187.74000549316406,190.85000610351562,2367800
2023-10-23,183.41836547851562,188.63999938964844,190.77000427246094,186.85000610351562,189.3699951171875,1848300
2023-10-24,184.8768310546875,190.13999938964844,191.3300018310547,188.0399932861328,189.75999450683594,1810100
2023-10-25,183.2141571044922,188.42999267578125,190.6999969482422,186.5399932861328,187.7899932861328,1784800
2023-10-26,181.28897094726562,186.4499969482422,190.6699981689453,186.41000366210938,188.89999389648438,1528000
2023-10-27,180.14166259765625,185.27000427246094,188.05999755859375,184.11000061035156,186.7100067138672,1282300
2023-10-30,182.8835906982422,188.08999633789062,189.6199951171875,187.08999633789062,188.10000610351562,1485100
2023-10-31,183.34056091308594,188.55999755859375,189.17999267578125,186.00999450683594,187.83999633789062,1234000
2023-11-01,183.57394409179688,188.8000030517578,189.8800048828125,185.91000366210938,189.8800048828125,2313700
2023-11-02,180.5597381591797,185.6999969482422,186.5500030517578,180.75,184.3000030517578,3054300
2023-11-03,186.0047149658203,191.3000030517578,191.8800048828125,187.3800048828125,188.10000610351562,1746000
2023-11-06,185.86862182617188,191.16000366210938,192.39999389648438,189.33999633789062,192.2899932861328,1543700
2023-11-07,189.1161346435547,194.5,195.2100067138672,189.44000244140625,191.82000732421875,2057200
2023-11-08,187.24928283691406,192.5800018310547,195.86000061035156,192.0399932861328,195.39999389648438,1511400
2023-11-09,189.00921630859375,194.38999938964844,195.41000366210938,192.27000427246094,193.16000366210938,1490100
2023-11-10,192.13034057617188,197.60000610351562,197.77000427246094,193.7899932861328,194.7100067138672,1165700
2023-11-13,192.2373046875,197.7100067138672,198.44000244140625,196.24000549316406,197.24000549316406,1075600
2023-11-14,196.758544921875,202.36000061035156,204.14999389648438,199.97999572753906,200.0,1853400
2023-11-15,195.6015167236328,201.1699981689453,203.7899932861328,200.97999572753906,203.38999938964844,1516200
2023-11-16,198.0420379638672,203.67999267578125,203.83999633789062,201.07000732421875,201.36000061035156,1284200
2023-11-17,200.07418823242188,205.77000427246094,206.3800048828125,203.8000030517578,205.0,1295300
2023-11-20,201.23126220703125,206.9600067138672,207.36000061035156,204.86000061035156,204.86000061035156,1292800
2023-11-21,201.9623565673828,207.19000244140625,207.74000549316406,206.10000610351562,206.10000610351562,1109800
2023-11-22,204.6527099609375,209.9499969482422,210.74000549316406,208.25,208.97999572753906,1241200
2023-11-24,203.6584014892578,208.92999267578125,210.42999267578125,208.64999389648438,209.69000244140625,710200
2023-11-27,202.27426147460938,207.50999450683594,209.2899932861328,206.77999877929688,208.1699981689453,1544500
2023-11-28,199.49618530273438,204.66000366210938,207.50999450683594,204.5500030517578,207.25,1345200
2023-11-29,197.37115478515625,202.47999572753906,205.91000366210938,202.2899932861328,204.72000122070312,1296100
2023-11-30,197.58563232421875,202.6999969482422,203.33999633789062,200.94000244140625,202.49000549316406,1385700
2023-12-01,203.9995880126953,209.27999877929688,209.50999450683594,202.75,202.75,1475000
2023-12-04,204.32127380371094,209.61000061035156,213.1300048828125,208.0800018310547,208.89999389648438,1462700
2023-12-05,197.5953826904297,202.7100067138672,208.42999267578125,202.24000549316406,207.22000122070312,1539300
2023-12-06,199.6131591796875,204.77999877929688,207.72999572753906,204.3000030517578,204.91000366210938,1196500
2023-12-07,202.78114318847656,208.02999877929688,208.13999938964844,205.32000732421875,206.33999633789062,1248700
2023-12-08,204.11654663085938,209.39999389648438,209.82000732421875,207.17999267578125,207.67999267578125,1276300
2023-12-11,211.01792907714844,216.47999572753906,217.3300018310547,211.47999572753906,212.0399932861328,2065500
2023-12-12,211.39808654785156,216.8699951171875,217.74000549316406,215.60000610351562,216.5,1546300
2023-12-13,212.56784057617188,218.07000732421875,218.91000366210938,214.35000610351562,217.0,1556600
2023-12-14,214.53683471679688,220.08999633789062,221.75,218.33999633789062,219.25,1729200
2023-12-15,215.56033325195312,221.13999938964844,222.14999389648438,219.1300048828125,220.4600067138672,3845000
2023-12-18,216.51565551757812,222.1199951171875,222.63999938964844,219.41000366210938,221.47999572753906,1440200
2023-12-19,215.8040313720703,221.38999938964844,224.22000122070312,220.8300018310547,223.49000549316406,1525300
2023-12-20,211.2518768310547,216.72000122070312,220.69000244140625,216.33999633789062,220.52999877929688,1874600
2023-12-21,216.24269104003906,221.83999633789062,222.24000549316406,218.5399932861328,218.5399932861328,1214500
2023-12-22,217.00302124023438,222.6199951171875,223.1199951171875,220.88999938964844,222.27000427246094,995000
2023-12-26,217.81207275390625,223.4499969482422,223.75,221.6300048828125,222.22999572753906,1118600
2023-12-27,218.77713012695312,224.44000244140625,224.50999450683594,222.8800048828125,223.94000244140625,1329600
2023-12-28,218.4261932373047,224.0800018310547,224.75,223.22999572753906,223.8699951171875,971000
2023-12-29,219.82008361816406,225.50999450683594,226.6300048828125,224.3800048828125,224.7100067138672,2008700
2024-01-02,216.24269104003906,221.83999633789062,227.17999267578125,220.58999633789062,225.5,1524700
2024-01-03,213.51332092285156,219.0399932861328,220.97000122070312,218.00999450683594,220.35000610351562,1299900
2024-01-04,214.46861267089844,220.02000427246094,222.41000366210938,218.8800048828125,219.61000061035156,1238700
2024-01-05,216.80804443359375,222.4199981689453,223.39999389648438,219.0,219.2100067138672,1005100
2024-01-08,222.47146606445312,228.22999572753906,228.2899932861328,222.4199981689453,222.5,1690700
2024-01-09,220.76560974121094,226.47999572753906,227.47999572753906,225.42999267578125,225.60000610351562,1358300
2024-01-10,221.04830932617188,226.77000427246094,227.97999572753906,225.88999938964844,225.88999938964844,1225300
2024-01-11,221.2530059814453,226.97999572753906,228.94000244140625,225.38999938964844,227.36000061035156,1176000
2024-01-12,219.81036376953125,225.5,227.8300018310547,223.94000244140625,227.7899932861328,758900
2024-01-16,220.629150390625,226.33999633789062,226.3800048828125,223.07000732421875,224.02000427246094,1108000
2024-01-17,221.954833984375,227.6999969482422,227.89999389648438,225.02000427246094,225.24000549316406,1248700
2024-01-18,226.8091583251953,232.67999267578125,233.05999755859375,227.69000244140625,227.6999969482422,2209600
2024-01-19,227.77420043945312,233.6699981689453,234.10000610351562,231.55999755859375,232.6699981689453,1885100
2024-01-22,231.39060974121094,237.3800048828125,238.3000030517578,234.0800018310547,234.25,1552200
2024-01-23,231.11764526367188,237.10000610351562,237.91000366210938,235.74000549316406,236.97000122070312,1268600
2024-01-24,231.86822509765625,237.8699951171875,239.3300018310547,237.32000732421875,238.4600067138672,1239300
2024-01-25,236.4009246826172,242.52000427246094,243.52999877929688,241.36000061035156,241.6999969482422,1594300
2024-01-26,235.50413513183594,241.60000610351562,243.22000122070312,241.0399932861328,242.52000427246094,1119000
2024-01-29,236.02076721191406,242.1300048828125,242.52000427246094,239.77999877929688,241.5800018310547,1303000
2024-01-30,237.0540313720703,243.19000244140625,244.00999450683594,240.19000244140625,240.19000244140625,1059900
2024-01-31,233.68128967285156,239.72999572753906,243.91000366210938,239.27000427246094,243.4199981689453,1181200
2024-02-01,237.52188110351562,243.6699981689453,243.7899932861328,238.72000122070312,240.41000366210938,1190900
2024-02-02,238.935302734375,245.1199951171875,246.75,241.61000061035156,243.22000122070312,1222300
2024-02-05,238.06777954101562,244.22999572753906,245.2899932861328,241.83999633789062,244.16000366210938,1338200
2024-02-06,238.5843963623047,244.75999450683594,245.75,242.8300018310547,244.22999572753906,1471500
2024-02-07,241.68417358398438,247.94000244140625,250.0,245.0800018310547,246.10000610351562,1046700
2024-02-08,243.28277587890625,249.5800018310547,250.44000244140625,245.80999755859375,249.69000244140625,1030900
2024-02-09,240.78738403320312,247.02000427246094,250.75,245.4499969482422,250.63999938964844,1479800
2024-02-12,242.5614471435547,248.83999633789062,249.13999938964844,246.0,246.27999877929688,1429900
2024-02-13,229.0121612548828,234.94000244140625,241.89999389648438,232.00999450683594,241.89999389648438,3110200
2024-02-14,229.45082092285156,235.38999938964844,236.41000366210938,232.1999969482422,235.80999755859375,2349600
2024-02-15,234.422119140625,240.49000549316406,240.86000061035156,236.88999938964844,237.52999877929688,1521700
2024-02-16,235.5333709716797,241.6300048828125,243.2100067138672,238.3000030517578,239.02999877929688,2119800
2024-02-20,236.81031799316406,242.94000244140625,243.97000122070312,240.50999450683594,241.19000244140625,2162200
2024-02-21,237.71878051757812,243.35000610351562,244.00999450683594,240.57000732421875,241.27999877929688,1396100
2024-02-22,243.54087829589844,249.30999755859375,250.42999267578125,244.77999877929688,244.99000549316406,1383600
2024-02-23,245.66065979003906,251.47999572753906,252.1699981689453,248.58999633789062,248.58999633789062,1477200
2024-02-26,243.45297241210938,249.22000122070312,251.47000122070312,247.0500030517578,251.47000122070312,1476000
2024-02-27,243.26734924316406,249.02999877929688,249.82000732421875,247.67999267578125,248.88999938964844,1079300
2024-02-28,243.22830200195312,248.99000549316406,251.22999572753906,248.17999267578125,248.72999572753906,953400
2024-02-29,244.08792114257812,249.8699951171875,250.35000610351562,247.8699951171875,249.6999969482422,1698200
2024-03-01,244.21490478515625,250.0,251.16000366210938,247.94000244140625,248.97999572753906,1096900
2024-03-04,241.6946258544922,247.4199981689453,250.49000549316406,247.02000427246094,249.77000427246094,1156200
2024-03-05,242.1439666748047,247.8800048828125,249.19000244140625,245.69000244140625,247.52999877929688,1084000
2024-03-06,241.3820343017578,247.10000610351562,250.57000732421875,246.97000122070312,247.8800048828125,1314700
2024-03-07,241.19642639160156,246.91000366210938,248.97000122070312,246.2100067138672,248.39999389648438,1197400
2024-03-08,244.48843383789062,250.27999877929688,251.11000061035156,246.22000122070312,247.1699981689453,1276800
2024-03-11,242.72032165527344,248.47000122070312,250.6999969482422,246.99000549316406,250.27999877929688,1176500
2024-03-12,244.88893127441406,250.69000244140625,252.3300018310547,248.69000244140625,248.69000244140625,1270900
2024-03-13,245.59228515625,251.41000366210938,253.1199951171875,248.19000244140625,249.89999389648438,1804700
2024-03-14,242.26119995117188,248.0,253.0,247.72000122070312,252.3800048828125,1711000
2024-03-15,238.42214965820312,244.07000732421875,246.97000122070312,243.36000061035156,246.14999389648438,3709700
2024-03-18,242.76918029785156,248.52000427246094,249.36000061035156,246.41000366210938,246.60000610351562,1915300
2024-03-19,244.0390625,249.82000732421875,250.00999450683594,247.8300018310547,249.36000061035156,1164300
2024-03-20,248.17120361328125,254.0500030517578,254.69000244140625,249.25999450683594,249.42999267578125,1630400
2024-03-21,249.36300659179688,255.27000427246094,256.1199951171875,253.3800048828125,254.74000549316406,1530800
2024-03-22,249.25552368164062,255.16000366210938,256.5299987792969,253.22000122070312,255.91000366210938,1282800
2024-03-25,246.2760772705078,252.11000061035156,255.6699981689453,252.0399932861328,255.30999755859375,856000
2024-03-26,246.34445190429688,252.17999267578125,254.3000030517578,251.1699981689453,253.16000366210938,1351400
2024-03-27,247.69253540039062,253.55999755859375,254.9600067138672,252.74000549316406,254.9600067138672,1302300
2024-03-28,246.47146606445312,252.30999755859375,255.10000610351562,251.64999389648438,255.07000732421875,999200
2024-04-01,245.51416015625,251.3300018310547,254.50999450683594,250.72999572753906,253.52000427246094,1178500
2024-04-02,242.00723266601562,247.74000549316406,250.1699981689453,246.5399932861328,250.1699981689453,1252300
2024-04-03,244.791259765625,250.58999633789062,250.8000030517578,246.77000427246094,247.1699981689453,1071000
2024-04-04,243.13059997558594,248.88999938964844,254.8300018310547,248.05999755859375,253.33999633789062,1607300
2024-04-05,248.05398559570312,253.92999267578125,254.3300018310547,248.27000427246094,248.89999389648438,1293200
2024-04-08,248.78660583496094,254.67999267578125,255.0500030517578,253.41000366210938,254.24000549316406,1205600
2024-04-09,249.04063415527344,254.94000244140625,255.49000549316406,251.35000610351562,255.4600067138672,1152800
2024-04-10,248.46424865722656,254.35000610351562,255.19000244140625,251.25999450683594,252.2899932861328,1317500
2024-04-11,252.5670928955078,258.54998779296875,260.57000732421875,253.00999450683594,254.11000061035156,1545200
2024-04-12,245.25038146972656,251.05999755859375,257.1400146484375,249.32000732421875,256.1099853515625,1931900
2024-04-15,242.66171264648438,248.41000366210938,257.010009765625,248.2100067138672,255.07000732421875,1433300
2024-04-16,239.93626403808594,245.6199951171875,248.74000549316406,244.74000549316406,248.2100067138672,1088900
2024-04-17,232.9419708251953,238.4600067138672,245.3300018310547,237.5399932861328,244.07000732421875,2684100
2024-04-18,230.83193969726562,236.3000030517578,241.24000549316406,236.0800018310547,240.64999389648438,1841200
2024-04-19,230.53887939453125,236.0,239.3000030517578,234.5500030517578,237.3800048828125,1842300
2024-04-22,231.91624450683594,237.41000366210938,239.08999633789062,235.50999450683594,238.55999755859375,1046400
2024-04-23,234.14349365234375,239.69000244140625,239.97999572753906,237.41000366210938,237.41000366210938,1196200
2024-04-24,238.41236877441406,244.05999755859375,249.6199951171875,243.30999755859375,244.1699981689453,2301300
2024-04-25,236.3414306640625,241.94000244140625,243.1199951171875,240.22999572753906,242.07000732421875,1207400
2024-04-26,235.2668914794922,240.83999633789062,244.1199951171875,240.74000549316406,240.77000427246094,1065500
2024-04-29,234.92498779296875,240.49000549316406,244.24000549316406,239.58999633789062,241.47000122070312,1209100
2024-04-30,230.66587829589844,236.1300048828125,241.9199981689453,235.5,240.9499969482422,1862900
2024-05-01,228.4484100341797,233.86000061035156,237.24000549316406,230.80999755859375,233.75,2157100
2024-05-02,230.1090545654297,235.55999755859375,236.6999969482422,232.6300048828125,236.35000610351562,1413200
2024-05-03,229.16151428222656,234.58999633789062,238.75999450683594,234.3000030517578,237.3800048828125,1572800
2024-05-06,231.3399200439453,236.82000732421875,237.36000061035156,235.38999938964844,235.41000366210938,1067900
2024-05-07,230.5291290283203,235.99000549316406,238.27000427246094,235.66000366210938,236.82000732421875,897900
2024-05-08,229.9039306640625,235.35000610351562,236.27999877929688,234.47000122070312,235.5500030517578,1194500
2024-05-09,232.0432586669922,237.5399932861328,237.74000549316406,230.85000610351562,232.6699981689453,1229700
2024-05-10,234.89569091796875,240.4600067138672,240.6699981689453,237.5,238.0,1145300
2024-05-13,232.00418090820312,237.5,241.6999969482422,236.2100067138672,241.25,1288800
2024-05-14,230.41188049316406,235.8699951171875,238.5800018310547,235.69000244140625,237.97000122070312,2105300
2024-05-15,230.53887939453125,236.0,237.47000122070312,235.55999755859375,236.75,1569000
2024-05-16,233.43040466308594,238.9600067138672,239.49000549316406,235.63999938964844,235.63999938964844,1280800
2024-05-17,232.2288360595703,237.72999572753906,239.5800018310547,236.32000732421875,238.9600067138672,1217000
2024-05-20,234.76869201660156,240.3300018310547,240.52000427246094,237.42999267578125,237.85000610351562,954100
2024-05-21,232.76614379882812,238.27999877929688,241.22000122070312,237.1300048828125,241.22000122070312,839700
2024-05-22,230.69515991210938,236.16000366210938,239.39999389648438,235.5,237.24000549316406,1091600
2024-05-23,227.29640197753906,232.05999755859375,236.5,231.83999633789062,236.5,1650400
2024-05-24,231.73342895507812,236.58999633789062,236.72000122070312,233.2899932861328,233.8300018310547,909200
2024-05-28,229.3336944580078,234.13999938964844,237.61000061035156,232.97999572753906,234.82000732421875,993800
2024-05-29,223.7703094482422,228.4600067138672,232.44000244140625,227.8300018310547,231.86000061035156,1161700
2024-05-30,224.2600555419922,228.9600067138672,229.60000610351562,226.6999969482422,228.7899932861328,934600
2024-05-31,226.42466735839844,231.1699981689453,231.38999938964844,227.44000244140625,229.52000427246094,1660100
2024-06-03,223.6919403076172,228.3800048828125,232.0,226.02999877929688,231.72999572753906,1644000
2024-06-04,225.7781982421875,230.50999450683594,231.6999969482422,226.44000244140625,226.60000610351562,1100600
2024-06-05,227.99183654785156,232.77000427246094,233.22999572753906,229.5,231.17999267578125,987800
2024-06-06,227.26702880859375,232.02999877929688,235.4499969482422,231.3699951171875,232.8699951171875,1028000
2024-06-07,226.3561248779297,231.10000610351562,232.89999389648438,230.1300048828125,231.52000427246094,2723400
2024-06-10,227.98204040527344,232.75999450683594,233.41000366210938,229.97999572753906,230.0,1219800
2024-06-11,227.86448669433594,232.63999938964844,233.24000549316406,229.92999267578125,231.77999877929688,1285100
2024-06-12,231.7040252685547,236.55999755859375,237.1300048828125,234.02000427246094,234.02000427246094,1477700
2024-06-13,235.5337677001953,240.47000122070312,240.77000427246094,234.66000366210938,235.22000122070312,1188700
2024-06-14,234.5347137451172,239.4499969482422,239.75,235.13999938964844,239.3300018310547,1566300
2024-06-17,239.6769561767578,244.6999969482422,245.0500030517578,237.60000610351562,238.5500030517578,1406900
2024-06-18,238.06080627441406,243.0500030517578,247.1999969482422,242.1300048828125,245.27999877929688,1320100
2024-06-20,238.9717254638672,243.97999572753906,244.39999389648438,242.66000366210938,242.67999267578125,1154400
2024-06-21,238.53094482421875,243.52999877929688,245.94000244140625,242.75,245.69000244140625,3289900
2024-06-24,240.61724853515625,245.66000366210938,246.27000427246094,243.22999572753906,243.22999572753906,1058600
2024-06-25,239.80426025390625,244.8300018310547,246.8699951171875,243.77999877929688,246.52999877929688,1283800
2024-06-26,236.55239868164062,241.50999450683594,243.25999450683594,239.6699981689453,242.6699981689453,1592600
2024-06-27,237.27725219726562,242.25,242.9499969482422,240.1999969482422,242.9499969482422,1153600
2024-06-28,236.8070526123047,241.77000427246094,246.7899932861328,241.02000427246094,242.39999389648438,6788900
2024-07-01,234.5934600830078,239.50999450683594,243.36000061035156,237.4499969482422,242.19000244140625,1475000
2024-07-02,235.05380249023438,239.97999572753906,240.1199951171875,236.67999267578125,239.80999755859375,1417300
2024-07-03,235.23992919921875,240.1699981689453,241.6699981689453,238.47999572753906,239.6300048828125,866700
2024-07-05,236.0332794189453,240.97999572753906,241.3800048828125,238.4499969482422,240.5,851900
2024-07-08,234.93626403808594,239.86000061035156,243.05999755859375,239.1699981689453,242.08999633789062,1040300
2024-07-09,232.6443328857422,237.52000427246094,240.86000061035156,237.38999938964844,240.86000061035156,1254900
2024-07-10,237.54171752929688,242.52000427246094,242.74000549316406,237.16000366210938,237.9600067138672,1376000
2024-07-11,234.85792541503906,239.77999877929688,242.94000244140625,239.25,242.94000244140625,1765400
2024-07-12,237.80615234375,242.7899932861328,245.44000244140625,240.16000366210938,241.1699981689453,1699300
2024-07-15,241.60650634765625,246.6699981689453,246.85000610351562,241.99000549316406,242.8000030517578,1062300
2024-07-16,249.87322998046875,255.11000061035156,255.19000244140625,247.69000244140625,247.94000244140625,1562300
2024-07-17,242.46844482421875,247.5500030517578,255.3300018310547,247.49000549316406,253.25,1752900
2024-07-18,239.0794677734375,244.08999633789062,248.5,244.0500030517578,244.77000427246094,1399800
2024-07-19,238.9031524658203,243.91000366210938,245.72000122070312,242.64999389648438,245.0,1342500
2024-07-22,237.9530792236328,242.94000244140625,244.0,241.14999389648438,243.61000061035156,1212700
2024-07-23,237.3360137939453,242.30999755859375,245.60000610351562,241.97000122070312,242.66000366210938,730900
2024-07-24,230.21522521972656,235.0399932861328,241.61000061035156,234.89999389648438,241.24000549316406,1762500
2024-07-25,228.9517059326172,233.75,237.50999450683594,232.3300018310547,235.0,1380100
2024-07-26,231.7432098388672,236.60000610351562,237.74000549316406,234.0,235.60000610351562,929400
2024-07-29,233.55523681640625,238.4499969482422,239.52000427246094,235.6999969482422,237.94000244140625,1335700
2024-07-30,233.86866760253906,238.77000427246094,241.5399932861328,238.0500030517578,239.0,1752800
2024-07-31,222.63412475585938,227.3000030517578,236.22000122070312,222.92999267578125,230.0,4316500
2024-08-01,214.28900146484375,218.77999877929688,226.49000549316406,215.61000061035156,226.14999389648438,3067900
2024-08-02,209.28390502929688,213.6699981689453,216.63999938964844,210.02000427246094,215.1199951171875,3679000
2024-08-05,207.01153564453125,211.35000610351562,212.33999633789062,204.5500030517578,209.07000732421875,4057500
2024-08-06,210.8314666748047,215.25,218.41000366210938,211.19000244140625,212.5,1911700
2024-08-07,210.361328125,214.77000427246094,217.63999938964844,213.77999877929688,215.94000244140625,2854400
2024-08-08,211.37017822265625,215.8000030517578,217.80999755859375,214.77999877929688,215.4499969482422,1369600
2024-08-09,213.4956512451172,217.97000122070312,219.0,214.0500030517578,215.5,1214100
2024-08-12,210.27316284179688,214.67999267578125,217.9499969482422,214.41000366210938,217.9499969482422,1075200
2024-08-13,211.98724365234375,216.42999267578125,216.85000610351562,213.27000427246094,215.25999450683594,1081100
2024-08-14,212.6435089111328,217.10000610351562,217.7100067138672,215.5399932861328,217.0,847400
2024-08-15,217.34494018554688,221.89999389648438,222.9499969482422,218.92999267578125,219.67999267578125,1726700
2024-08-16,216.64752197265625,220.55999755859375,221.6699981689453,219.72999572753906,221.61000061035156,1005700
2024-08-19,221.15609741210938,225.14999389648438,226.0,221.05999755859375,221.3000030517578,1068600
2024-08-20,219.17196655273438,223.1300048828125,225.47999572753906,222.8699951171875,224.5,1069700
2024-08-21,220.52748107910156,224.50999450683594,225.13999938964844,223.05999755859375,224.07000732421875,710500
2024-08-22,220.14439392089844,224.1199951171875,225.89999389648438,223.1300048828125,223.80999755859375,991200
2024-08-23,221.26416015625,225.25999450683594,227.64999389648438,224.9499969482422,225.97999572753906,958300
2024-08-26,220.68463134765625,224.6699981689453,228.1300048828125,224.14999389648438,226.57000732421875,1104900
2024-08-27,223.58230590820312,227.6199951171875,228.17999267578125,223.8000030517578,224.39999389648438,1017700
2024-08-28,223.28765869140625,227.32000732421875,228.17999267578125,226.17999267578125,226.4199981689453,1026200
2024-08-29,227.2657928466797,231.3699951171875,233.61000061035156,228.8800048828125,229.75,1954400
2024-08-30,230.5269012451172,234.69000244140625,235.42999267578125,231.0500030517578,232.55999755859375,2218100
2024-09-03,226.62733459472656,230.72000122070312,234.6999969482422,229.74000549316406,234.1999969482422,1802700
2024-09-04,225.38966369628906,229.4600067138672,230.66000366210938,228.11000061035156,230.0,1412200
2024-09-05,224.9967803955078,229.05999755859375,230.5500030517578,226.86000061035156,229.72999572753906,1808800
2024-09-06,223.56268310546875,227.60000610351562,232.89999389648438,227.16000366210938,229.47000122070312,3355300
2024-09-09,224.53512573242188,228.58999633789062,230.9499969482422,226.5399932861328,228.92999267578125,1876900
2024-09-10,221.66690063476562,225.6699981689453,229.0,221.9499969482422,227.67999267578125,1755200
2024-09-11,223.2974853515625,227.3300018310547,227.77999877929688,221.83999633789062,225.6699981689453,1330900
2024-09-12,226.60768127441406,230.6999969482422,230.82000732421875,227.58999633789062,228.8000030517578,1044100
2024-09-13,227.62924194335938,231.74000549316406,232.55999755859375,229.6699981689453,231.5500030517578,1034100
2024-09-16,228.3364715576172,232.4600067138672,235.75,231.89999389648438,233.07000732421875,993100
2024-09-17,231.43055725097656,235.61000061035156,236.22999572753906,232.75999450683594,233.72999572753906,1005300
2024-09-18,234.50506591796875,238.74000549316406,241.72999572753906,236.8000030517578,238.89999389648438,1539600
2024-09-19,240.1236114501953,244.4600067138672,246.02000427246094,242.0399932861328,242.97000122070312,1676100
2024-09-20,240.05482482910156,244.38999938964844,244.74000549316406,240.89999389648438,243.89999389648438,3663400
2024-09-23,237.3831024169922,241.6699981689453,245.1300048828125,241.36000061035156,244.85000610351562,1393400
2024-09-24,242.99180603027344,247.3800048828125,247.4600067138672,242.85000610351562,243.02000427246094,1225300
2024-09-25,241.14517211914062,245.5,247.6199951171875,244.6300048828125,247.47000122070312,951400
2024-09-26,246.2627410888672,250.7100067138672,251.0,246.22000122070312,248.1699981689453,1431800
2024-09-27,248.5513916015625,253.0399932861328,254.42999267578125,251.6699981689453,252.80999755859375,1238400
2024-09-30,244.19017028808594,248.60000610351562,253.9499969482422,246.4600067138672,252.0500030517578,1646300
2024-10-01,241.71485900878906,246.0800018310547,249.30999755859375,243.10000610351562,248.7100067138672,1382500
2024-10-02,244.40625,248.82000732421875,249.0,244.85000610351562,245.2899932861328,857600
2024-10-03,245.0545654296875,249.47999572753906,249.6699981689453,246.00999450683594,246.05999755859375,935600
2024-10-04,250.09353637695312,254.61000061035156,254.83999633789062,252.22000122070312,253.27999877929688,1129400
2024-10-07,250.63380432128906,255.16000366210938,255.85000610351562,253.07000732421875,254.0,2406700
2024-10-08,252.02859497070312,256.5799865722656,257.3500061035156,253.52999877929688,255.32000732421875,1207900
2024-10-09,257.2346496582031,261.8800048828125,263.0199890136719,256.0,256.2900085449219,1442600
2024-10-10,255.91836547851562,260.5400085449219,261.9200134277344,259.2900085449219,260.8900146484375,1038200
2024-10-11,257.9712829589844,262.6300048828125,264.1400146484375,261.04998779296875,261.2300109863281,1084700
2024-10-14,256.9202575683594,261.55999755859375,263.3399963378906,260.4200134277344,261.2200012207031,1139700
2024-10-15,255.95761108398438,260.5799865722656,263.32000732421875,259.5,261.3699951171875,1252400
2024-10-16,257.912353515625,262.57000732421875,263.2900085449219,259.6000061035156,260.42999267578125,709200
2024-10-17,259.87689208984375,264.57000732421875,265.20001220703125,262.2900085449219,264.5,1163500
2024-10-18,260.888671875,265.6000061035156,266.5799865722656,263.0799865722656,264.57000732421875,886800
2024-10-21,260.2698059082031,264.9700012207031,266.44000244140625,263.260009765625,264.489990234375,869100
2024-10-22,260.79034423828125,265.5,265.8900146484375,263.3500061035156,264.79998779296875,1198100
2024-10-23,253.24664306640625,257.82000732421875,263.0,255.47999572753906,260.4800109863281,1990300
2024-10-24,256.0067443847656,260.6300048828125,261.82000732421875,257.42999267578125,259.9700012207031,1195100
2024-10-25,257.4703063964844,262.1199951171875,265.1300048828125,261.3599853515625,263.30999755859375,1162000
2024-10-28,257.8927001953125,262.54998779296875,264.6000061035156,260.67999267578125,264.3500061035156,1127500
2024-10-29,259.208984375,263.8900146484375,265.1099853515625,262.2799987792969,262.79998779296875,791500
2024-10-30,259.5723876953125,264.260009765625,265.6000061035156,263.25,263.6700134277344,897800
2024-10-31,255.40757751464844,260.0199890136719,265.3699951171875,259.9200134277344,264.260009765625,1308100
2024-11-01,255.94784545898438,260.57000732421875,263.3900146484375,258.42999267578125,258.4800109863281,1481600
2024-11-04,251.88125610351562,256.42999267578125,256.69000244140625,249.5500030517578,255.42999267578125,2222000
2024-11-05,255.05397033691406,259.6600036621094,261.07000732421875,254.0800018310547,254.0800018310547,1604300
2024-11-06,271.3594970703125,276.260009765625,277.4100036621094,268.489990234375,270.1099853515625,2148500
2024-11-07,272.75433349609375,277.67999267578125,278.5,273.8599853515625,276.1300048828125,1472700
2024-11-08,275.8189392089844,280.79998779296875,282.79998779296875,277.2099914550781,277.80999755859375,1516600
2024-11-11,280.8383483886719,285.9100036621094,286.19000244140625,281.07000732421875,281.07000732421875,1895500
2024-11-12,280.9463806152344,286.0199890136719,287.0,283.7099914550781,285.6199951171875,1143200
2024-11-13,281.388427734375,286.4700012207031,289.0400085449219,284.3599853515625,284.69000244140625,1274000
2024-11-14,277.01727294921875,282.0199890136719,287.510009765625,281.760009765625,286.4800109863281,1396800
2024-11-15,273.8348388671875,278.7799987792969,282.4599914550781,277.6700134277344,281.989990234375,1751100
2024-11-18,276.4574279785156,281.45001220703125,282.239990234375,278.04998779296875,280.5899963378906,1733900
2024-11-19,274.3160705566406,279.2699890136719,280.7099914550781,276.2799987792969,279.29998779296875,890500
2024-11-20,275.2099609375,280.17999267578125,280.8299865722656,278.5400085449219,279.54998779296875,938600
2024-11-21,279.03955078125,283.44000244140625,283.8299865722656,280.2699890136719,281.9200134277344,944500
2024-11-22,279.8763427734375,284.2900085449219,284.95001220703125,282.8800048828125,283.3299865722656,990300
2024-11-25,283.52874755859375,288.0,289.6300048828125,285.79998779296875,286.0799865722656,1808400
2024-11-26,283.7059631347656,288.17999267578125,289.79998779296875,286.5299987792969,288.79998779296875,1459100
2024-11-27,281.1660461425781,285.6000061035156,287.8999938964844,284.6199951171875,287.8800048828125,1112900
2024-11-29,284.6019287109375,289.0899963378906,290.42999267578125,285.5400085449219,285.54998779296875,702400
2024-12-02,281.7961120605469,286.239990234375,289.94000244140625,284.6400146484375,288.9700012207031,1574300
2024-12-03,280.5064392089844,284.92999267578125,287.989990234375,283.7099914550781,287.2099914550781,928800
2024-12-04,285.13348388671875,289.6300048828125,290.010009765625,284.5,286.0799865722656,1115400
2024-12-05,287.939208984375,292.4800109863281,294.6499938964844,289.8800048828125,289.9599914550781,1307400
2024-12-06,288.0475158691406,292.5899963378906,295.45001220703125,292.3399963378906,292.69000244140625,1013100
2024-12-09,282.5147399902344,286.9700012207031,293.8699951171875,286.2799987792969,292.489990234375,1064700
2024-12-10,283.203857421875,287.6700134277344,289.75,285.5,289.010009765625,866700
2024-12-11,287.20086669921875,291.7300109863281,292.9599914550781,289.5400085449219,289.989990234375,876800
2024-12-12,285.4878845214844,289.989990234375,294.010009765625,289.75,292.67999267578125,1168000
2024-12-13,282.623046875,287.0799865722656,289.5899963378906,286.07000732421875,288.6099853515625,797200
2024-12-16,285.8914794921875,290.3999938964844,292.07000732421875,286.3399963378906,287.5799865722656,976900
2024-12-17,284.9464111328125,289.44000244140625,291.32000732421875,288.4599914550781,288.7699890136719,1310600
2024-12-18,273.3394775390625,277.6499938964844,291.25,277.5299987792969,289.5,1861100
2024-12-19,274.6882019042969,279.0199890136719,282.7900085449219,278.19000244140625,281.20001220703125,1489900
2024-12-20,279.55145263671875,283.9599914550781,286.92999267578125,276.80999755859375,276.8299865722656,2619100
2024-12-23,279.22662353515625,283.6300048828125,284.1600036621094,280.4800109863281,283.489990234375,907800
2024-12-24,281.9438171386719,286.3900146484375,286.54998779296875,282.760009765625,283.6300048828125,424000
2024-12-26,282.111083984375,286.55999755859375,287.2699890136719,284.8500061035156,285.010009765625,473700
2024-12-27,279.2561340332031,283.6600036621094,286.04998779296875,280.7799987792969,284.010009765625,717600
2024-12-30,275.9581604003906,280.30999755859375,282.1000061035156,277.489990234375,281.67999267578125,1021000
2024-12-31,274.60943603515625,278.94000244140625,281.20001220703125,278.2099914550781,280.9800109863281,740200
2025-01-02,270.18914794921875,274.45001220703125,281.239990234375,273.510009765625,281.1600036621094,1211900
2025-01-03,271.0062255859375,275.2799987792969,276.95001220703125,272.19000244140625,276.07000732421875,1773000
2025-01-06,268.3875427246094,272.6199951171875,275.9100036621094,272.0,275.25,1260300
2025-01-07,265.5916442871094,269.7799987792969,273.8999938964844,269.2799987792969,271.5199890136719,1132100
2025-01-08,269.2834777832031,273.5299987792969,273.8999938964844,269.8299865722656,270.0799865722656,1172200
2025-01-10,266.5564880371094,270.760009765625,275.1600036621094,270.5299987792969,273.1700134277344,1317600
2025-01-13,268.0627136230469,272.2900085449219,273.3299865722656,269.8399963378906,270.3800048828125,935700
2025-01-14,272.138427734375,276.42999267578125,276.739990234375,272.07000732421875,273.0,1106000
2025-01-15,271.7643127441406,276.04998779296875,283.5899963378906,275.80999755859375,281.6000061035156,1513400
2025-01-16,271.715087890625,276.0,277.82000732421875,275.04998779296875,276.0,1588200
2025-01-17,272.87677001953125,277.17999267578125,279.6000061035156,276.5,279.0,1805200
2025-01-21,273.40838623046875,277.7200012207031,278.04998779296875,269.7200012207031,271.2699890136719,2772900
2025-01-22,276.0566101074219,280.4100036621094,280.7799987792969,277.7099914550781,277.7699890136719,1412400
2025-01-23,280.6442565917969,285.07000732421875,285.1400146484375,277.4100036621094,281.7900085449219,1694400
2025-01-24,279.69915771484375,284.1099853515625,286.5899963378906,282.3500061035156,285.0,1339800
2025-01-27,283.5780029296875,288.04998779296875,288.2699890136719,280.4200134277344,281.45001220703125,1569700
2025-01-28,284.1588134765625,288.6400146484375,290.8800048828125,286.3299865722656,287.29998779296875,1403400
2025-01-29,285.16302490234375,289.6600036621094,290.2699890136719,287.19000244140625,289.3699951171875,1302200
2025-01-30,287.9983215332031,292.5400085449219,294.989990234375,290.9200134277344,290.9200134277344,1030500
2025-01-31,286.07855224609375,290.5899963378906,293.7099914550781,289.2900085449219,291.6499938964844,1293100
2025-02-03,285.9505615234375,290.4599914550781,290.9700012207031,283.0899963378906,286.7900085449219,1218000
2025-02-04,286.2361145019531,290.75,291.8599853515625,289.1000061035156,291.4800109863281,1401800
2025-02-05,287.8506774902344,292.3900146484375,293.1400146484375,288.0799865722656,291.05999755859375,1329700
2025-02-06,298.2466735839844,302.95001220703125,304.1300048828125,293.5,293.9800109863281,1826800
2025-02-07,299.2508850097656,303.9700012207031,307.5199890136719,302.8599853515625,304.92999267578125,1662500
2025-02-10,299.723388671875,304.45001220703125,306.2200012207031,301.3599853515625,305.9200134277344,1770800
2025-02-11,283.52874755859375,288.0,295.5899963378906,285.0199890136719,291.32000732421875,3055500
2025-02-12,285.9407958984375,290.45001220703125,291.4700012207031,283.489990234375,283.9800109863281,2692500
2025-02-13,283.7650451660156,288.239990234375,291.4599914550781,285.9100036621094,290.6700134277344,1899300
2025-02-14,279.11834716796875,283.5199890136719,290.55999755859375,283.0799865722656,290.2799987792969,1659900
2025-02-18,283.9422607421875,288.4200134277344,289.29998779296875,280.8800048828125,283.5199890136719,1601800
2025-02-19,283.0955810546875,287.55999755859375,288.92999267578125,283.94000244140625,286.4800109863281,1414100
2025-02-20,282.7411804199219,287.20001220703125,287.6499938964844,283.30999755859375,286.9200134277344,1153100
2025-02-21,273.1622619628906,277.4700012207031,287.20001220703125,275.0,286.6499938964844,1983200
2025-02-24,272.46331787109375,276.760009765625,280.6000061035156,274.739990234375,279.3500061035156,2058300
2025-02-25,273.15240478515625,277.4599914550781,277.7799987792969,271.70001220703125,277.6600036621094,1807600
2025-02-26,277.7794494628906,282.1600036621094,285.0,278.92999267578125,279.1700134277344,1607600
2025-02-27,273.5169982910156,277.2099914550781,283.6600036621094,276.67999267578125,281.4800109863281,1571200
2025-02-28,276.7138366699219,280.45001220703125,282.3500061035156,277.760009765625,278.9700012207031,2269800
2025-03-03,274.02020263671875,277.7200012207031,284.4800109863281,275.3699951171875,280.0,1635200
2025-03-04,267.1923828125,270.79998779296875,276.4100036621094,268.0,276.4100036621094,2390100
2025-03-05,267.4884033203125,271.1000061035156,272.4700012207031,268.0199890136719,269.54998779296875,1456000
2025-03-06,259.1312255859375,262.6300048828125,268.54998779296875,262.1400146484375,268.3800048828125,1663100
2025-03-07,259.2496643066406,262.75,264.9800109863281,256.6499938964844,261.45001220703125,2337400
2025-03-10,253.79327392578125,257.2200012207031,260.69000244140625,255.07000732421875,258.3599853515625,2447300
2025-03-11,243.02865600585938,246.30999755859375,255.92999267578125,243.32000732421875,254.8699951171875,3143000
2025-03-12,240.5619659423828,243.80999755859375,249.0399932861328,240.19000244140625,248.0,2349800
2025-03-13,234.12881469726562,237.2899932861328,243.9199981689453,236.2100067138672,243.47000122070312,2026600
2025-03-14,239.87127685546875,243.11000061035156,243.6199951171875,239.0,239.4199981689453,1414000
2025-03-17,244.80467224121094,248.11000061035156,249.39999389648438,242.24000549316406,243.9199981689453,1971900
2025-03-18,237.1875,240.38999938964844,247.2100067138672,239.92999267578125,247.0800018310547,1253600
2025-03-19,244.32119750976562,247.6199951171875,248.60000610351562,241.52999877929688,241.60000610351562,1373500
2025-03-20,241.57821655273438,244.83999633789062,248.02000427246094,243.88999938964844,244.91000366210938,922600
2025-03-21,234.3261260986328,237.49000549316406,237.94000244140625,229.3800048828125,235.7899932861328,4301000
2025-03-24,239.68377685546875,242.9199981689453,243.49000549316406,239.27000427246094,241.07000732421875,1935600
2025-03-25,243.19638061523438,246.47999572753906,246.75,241.60000610351562,243.72999572753906,1401100
2025-03-26,243.4331817626953,246.72000122070312,250.42999267578125,246.07000732421875,247.25999450683594,1842200
2025-03-27,241.1934051513672,244.4499969482422,245.97999572753906,239.69000244140625,245.22999572753906,1952900
2025-03-28,233.8525390625,237.00999450683594,243.41000366210938,236.0,243.41000366210938,1570700
2025-03-31,235.02670288085938,238.1999969482422,239.67999267578125,230.9199981689453,234.8000030517578,1948800
2025-04-01,235.06617736816406,238.24000549316406,238.97999572753906,233.4199981689453,237.47999572753906,1451300
2025-04-02,239.32859802246094,242.55999755859375,244.02999877929688,235.10000610351562,235.10000610351562,1718800
2025-04-03,221.62759399414062,224.6199951171875,230.5800018310547,223.36000061035156,230.38999938964844,3459900
2025-04-04,211.72137451171875,214.5800018310547,222.66000366210938,212.55999755859375,218.3300018310547,3573900
2025-04-07,210.51759338378906,213.36000061035156,224.13999938964844,205.39999389648438,207.77000427246094,3900200
2025-04-08,208.3074493408203,211.1199951171875,222.1199951171875,207.6199951171875,220.58999633789062,3721900
2025-04-09,230.28076171875,233.38999938964844,235.2899932861328,208.16000366210938,210.6199951171875,4482400
2025-04-10,219.95025634765625,222.9199981689453,230.22000122070312,217.27000427246094,228.4499969482422,3602900
2025-04-11,222.21961975097656,225.22000122070312,227.75,219.00999450683594,222.9499969482422,2013800
2025-04-14,220.51266479492188,223.49000549316406,225.47000122070312,220.0,224.92999267578125,1875700
2025-04-15,219.6147918701172,222.5800018310547,225.49000549316406,221.42999267578125,224.6300048828125,1205400
2025-04-16,215.87525939941406,218.7899932861328,223.97999572753906,216.67999267578125,219.94000244140625,1671300
2025-04-17,217.4736785888672,220.41000366210938,222.4199981689453,218.4600067138672,221.27000427246094,1523400
2025-04-21,212.8165740966797,215.69000244140625,218.99000549316406,212.52999877929688,218.3000030517578,1543000
2025-04-22,217.6512908935547,220.58999633789062,221.3699951171875,216.97999572753906,217.52999877929688,1476500
2025-04-23,226.7287139892578,229.7899932861328,236.44000244140625,228.36000061035156,228.8800048828125,3492900
2025-04-24,233.11253356933594,236.25999450683594,237.35000610351562,227.5500030517578,228.47999572753906,2329800
2025-04-25,233.0533447265625,236.1999969482422,238.02000427246094,232.82000732421875,236.52000427246094,1989900
2025-04-28,233.7736053466797,236.92999267578125,240.8300018310547,234.07000732421875,238.2899932861328,2418200
2025-04-29,236.4770965576172,239.6699981689453,240.85000610351562,235.1300048828125,235.3300018310547,2255100
2025-04-30,235.40164184570312,238.5800018310547,239.0500030517578,231.2100067138672,234.52999877929688,2246300
2025-05-01,240.7000732421875,243.9499969482422,246.24000549316406,240.36000061035156,241.25999450683594,1818200
2025-05-02,246.1465301513672,249.47000122070312,250.5399932861328,247.1300048828125,247.57000732421875,1302000
2025-05-05,243.97586059570312,247.27000427246094,250.83999633789062,246.5,248.0,1894400
2025-05-06,248.6033935546875,251.9600067138672,258.5899963378906,250.00999450683594,256.1400146484375,2527700
2025-05-07,252.57968139648438,255.99000549316406,258.1000061035156,250.7899932861328,251.77999877929688,1866500
2025-05-08,255.84555053710938,259.29998779296875,263.1199951171875,255.99000549316406,256.8699951171875,1787500
2025-05-09,254.5333251953125,257.9700012207031,259.989990234375,255.69000244140625,259.1099853515625,1489000
2025-05-12,268.3369445800781,271.9599914550781,273.4200134277344,268.6300048828125,269.3999938964844,2551100
2025-05-13,270.4879150390625,274.1400146484375,276.0199890136719,271.2099914550781,272.0,1690300
2025-05-14,268.95855712890625,272.5899963378906,275.6199951171875,272.0899963378906,272.3999938964844,1520800
2025-05-15,267.85345458984375,271.4700012207031,272.95001220703125,270.7300109863281,271.989990234375,1483500
2025-05-16,269.5900573730469,273.2300109863281,273.32000732421875,269.3299865722656,271.5400085449219,1235000
2025-05-19,269.550537109375,273.19000244140625,273.760009765625,269.45001220703125,269.6099853515625,1099100
2025-05-20,263.7784729003906,267.3399963378906,271.6400146484375,266.9200134277344,271.6400146484375,1500400
2025-05-21,257.21710205078125,260.69000244140625,264.5899963378906,260.1400146484375,263.8900146484375,1271800
2025-05-22,257.21710205078125,260.69000244140625,262.1099853515625,259.2099914550781,261.1700134277344,1082900
2025-05-23,254.92210388183594,257.70001220703125,258.9700012207031,255.52999877929688,255.69000244140625,1270700
2025-05-27,263.23150634765625,266.1000061035156,266.3500061035156,260.0799865722656,260.0799865722656,1338900
2025-05-28,261.678466796875,264.5299987792969,266.8900146484375,264.17999267578125,266.5899963378906,1340600
2025-05-29,260.7683410644531,263.6099853515625,266.17999267578125,261.0,265.55999755859375,949700
2025-05-30,260.9859924316406,263.8299865722656,265.1199951171875,262.1000061035156,263.57000732421875,1245300
2025-06-02,258.39422607421875,261.2099914550781,262.739990234375,258.7900085449219,262.1199951171875,1339500
2025-06-03,261.54986572265625,264.3999938964844,265.57000732421875,260.1600036621094,260.1600036621094,1358200
2025-06-04,259.1064453125,261.92999267578125,265.2799987792969,261.92999267578125,264.2200012207031,926300
2025-06-05,257.00933837890625,259.80999755859375,262.8999938964844,259.4599914550781,261.92999267578125,1188800
2025-06-06,262.7666015625,265.6300048828125,266.04998779296875,262.79998779296875,263.8500061035156,986700
2025-06-09,263.0633544921875,265.92999267578125,267.7300109863281,264.6700134277344,265.989990234375,1207500
2025-06-10,265.1506042480469,268.0400085449219,269.0799865722656,265.75,266.1199951171875,1479000
2025-06-11,263.1919860839844,266.05999755859375,269.19000244140625,265.3500061035156,269.0299987792969,1079300
2025-06-12,260.3924560546875,263.2300109863281,265.8399963378906,262.55999755859375,264.239990234375,1152100
2025-06-13,252.24130249023438,254.99000549316406,260.5799865722656,253.55999755859375,259.0,1783100
2025-06-16,255.1298370361328,257.9100036621094,259.5299987792969,256.20001220703125,256.4800109863281,1925700
2025-06-17,253.43824768066406,256.20001220703125,259.44000244140625,255.0,255.5,1187100
2025-06-18,254.75393676757812,257.5299987792969,260.8399963378906,256.0400085449219,256.4700012207031,1136400
2025-06-20,257.38525390625,260.19000244140625,261.5199890136719,257.489990234375,259.57000732421875,2244300
2025-06-23,261.2629699707031,264.1099853515625,264.3299865722656,254.49000549316406,259.5799865722656,1728500
2025-06-24,265.8332214355469,268.7300109863281,269.9100036621094,265.6000061035156,266.70001220703125,1505700
2025-06-25,263.1227111816406,265.989990234375,269.1000061035156,264.739990234375,269.010009765625,1514000
2025-06-26,266.71356201171875,269.6199951171875,270.489990234375,266.260009765625,266.260009765625,1245100
2025-06-27,270.5221252441406,273.4700012207031,274.510009765625,269.3299865722656,269.5400085449219,4507300
2025-06-30,270.2648620605469,273.2099914550781,275.79998779296875,270.5199890136719,274.5,1341800
2025-07-01,275.072509765625,278.07000732421875,279.0899963378906,271.44000244140625,271.44000244140625,1515400
2025-07-02,274.5284118652344,277.5199890136719,278.17999267578125,275.7200012207031,277.20001220703125,1086300
2025-07-03,277.0113830566406,280.0299987792969,281.2799987792969,277.5,277.6199951171875,623200
2025-07-07,275.3989562988281,278.3999938964844,280.1300048828125,275.55999755859375,279.17999267578125,1258200
2025-07-08,276.94207763671875,279.9599914550781,282.3599853515625,278.69000244140625,279.3900146484375,1507100
2025-07-09,276.180419921875,279.19000244140625,282.0400085449219,278.54998779296875,281.3399963378906,906900
2025-07-10,279.2569274902344,282.29998779296875,283.75,278.8999938964844,280.5199890136719,1440200
2025-07-11,278.6139221191406,281.6499938964844,282.6099853515625,279.010009765625,281.489990234375,990600
2025-07-14,279.8207702636719,282.8699951171875,283.4800109863281,279.6300048828125,280.9700012207031,976100
2025-07-15,271.9366455078125,274.8999938964844,282.9700012207031,274.6700134277344,282.79998779296875,1772500
2025-07-16,270.6506652832031,273.6000061035156,276.9100036621094,272.6000061035156,274.7799987792969,1005100
2025-07-17,268.6722717285156,271.6000061035156,274.54998779296875,270.0400085449219,273.1400146484375,1564900
2025-07-18,269.6416931152344,272.5799865722656,273.6400146484375,270.739990234375,272.3599853515625,1547000
2025-07-21,268.6326599121094,271.55999755859375,274.7099914550781,271.2099914550781,273.4800109863281,1294300
2025-07-22,270.0373840332031,272.9800109863281,273.29998779296875,270.0299987792969,272.6099853515625,1467500
2025-07-23,270.5616455078125,273.510009765625,273.7300109863281,269.5,272.54998779296875,1351000
2025-07-24,269.9384765625,272.8800048828125,276.29998779296875,271.3900146484375,272.9200134277344,1103400
2025-07-25,276.101318359375,279.1099853515625,279.2099914550781,272.75,274.0400085449219,1013500
2025-07-28,272.8170471191406,275.7900085449219,280.0,275.6099853515625,278.67999267578125,1485000
2025-07-29,270.5221252441406,273.4700012207031,276.95001220703125,272.57000732421875,276.9200134277344,1504500
2025-07-30,267.1290588378906,270.0400085449219,275.04998779296875,269.2200012207031,274.6600036621094,1300400
2025-07-31,260.9859924316406,263.8299865722656,270.04998779296875,262.95001220703125,268.2200012207031,2279400
2025-08-01,252.597412109375,255.35000610351562,261.0199890136719,253.75999450683594,260.8800048828125,2496300
2025-08-04,256.336669921875,259.1300048828125,259.510009765625,255.42999267578125,256.7799987792969,2057900
2025-08-05,256.9203186035156,259.7200012207031,262.260009765625,255.27000427246094,259.30999755859375,2346000
2025-08-06,259.8780822753906,262.7099914550781,263.2699890136719,257.3299865722656,259.2900085449219,1635600
2025-08-07,257.7809143066406,260.5899963378906,266.4100036621094,259.75,265.29998779296875,1695900
2025-08-08,257.1181640625,259.9200134277344,262.75,257.30999755859375,260.3999938964844,1353600
2025-08-11,255.18919372558594,257.9700012207031,261.3800048828125,256.489990234375,259.4700012207031,1285800
2025-08-12,262.1533203125,265.010009765625,265.489990234375,258.0199890136719,259.42999267578125,1110700
2025-08-13,266.792724609375,269.70001220703125,270.2099914550781,264.3800048828125,265.1199951171875,1038500
2025-08-14,263.6766662597656,266.54998779296875,268.7699890136719,265.6700134277344,267.54998779296875,1153200
2025-08-15,262.34124755859375,265.20001220703125,268.6199951171875,264.6300048828125,268.6199951171875,1083700
2025-08-18,263.38983154296875,266.260009765625,267.0400085449219,263.8999938964844,265.1300048828125,909000
2025-08-19,263.90423583984375,266.7799987792969,270.239990234375,265.760009765625,265.760009765625,1141500
2025-08-20,260.689208984375,263.5299987792969,268.6499938964844,263.4200134277344,266.7799987792969,1090000
2025-08-21,260.1040954589844,262.2699890136719,264.0,261.44000244140625,262.3800048828125,1116600
2025-08-22,271.5587463378906,273.82000732421875,274.5299987792969,263.05999755859375,263.70001220703125,1605900
2025-08-25,266.3818359375,268.6000061035156,272.82000732421875,268.510009765625,272.7900085449219,1259700
2025-08-26,265.63800048828125,267.8500061035156,270.489990234375,266.989990234375,268.20001220703125,1254200
2025-08-27,267.4429931640625,269.6700134277344,269.9800109863281,265.9200134277344,266.8800048828125,907300
2025-08-28,268.01824951171875,270.25,271.57000732421875,268.79998779296875,270.0899963378906,970200
2025-08-29,265.6479187011719,267.8599853515625,270.3800048828125,266.19000244140625,269.1000061035156,858900
2025-09-02,262.2958984375,264.4800109863281,265.70001220703125,261.57000732421875,264.92999267578125,1423000
2025-09-03,262.8809814453125,265.07000732421875,267.0799865722656,263.8900146484375,264.760009765625,1046300
2025-09-04,266.6297607421875,268.8500061035156,269.79998779296875,265.1700134277344,266.6099853515625,1232400
2025-09-05,262.5140686035156,264.70001220703125,271.6700134277344,262.0,270.69000244140625,1378600
2025-09-08,265.8561706542969,268.07000732421875,268.3800048828125,263.19000244140625,265.1300048828125,998200
2025-09-09,261.81982421875,264.0,268.6199951171875,263.8299865722656,267.760009765625,1253500
2025-09-10,260.25286865234375,262.4200134277344,265.7799987792969,261.1000061035156,264.0,1414600
2025-09-11,265.7272644042969,267.94000244140625,268.9200134277344,262.489990234375,263.29998779296875,1126600
2025-09-12,264.2991638183594,266.5,267.7799987792969,263.5,266.8800048828125,1051600
2025-09-15,262.9504089355469,265.1400146484375,268.6199951171875,264.3900146484375,267.25,1412200
2025-09-16,265.6777038574219,267.8900146484375,269.1000061035156,264.0199890136719,265.5899963378906,1266400
2025-09-17,259.88592529296875,262.04998779296875,268.30999755859375,260.1499938964844,267.3900146484375,1941600
2025-09-18,261.7702331542969,263.95001220703125,266.6199951171875,262.2699890136719,262.7200012207031,1376700
2025-09-19,266.302490234375,268.5199890136719,270.2799987792969,264.1600036621094,265.3999938964844,2771000
2025-09-22,261.91900634765625,264.1000061035156,266.17999267578125,263.07000732421875,265.7699890136719,1477600
2025-09-23,259.6776428222656,261.8399963378906,266.0199890136719,261.3999938964844,263.5,1050300
2025-09-24,259.9751892089844,262.1400146484375,264.2900085449219,260.1300048828125,263.1499938964844,1295700
2025-09-25,258.7453918457031,260.8999938964844,262.25,258.8900146484375,260.95001220703125,1194600
2025-09-26,262.028076171875,264.2099914550781,266.0,261.6300048828125,261.6300048828125,1292400
2025-09-29,264.6165466308594,266.82000732421875,267.69000244140625,264.010009765625,265.3999938964844,1361800
2025-09-30,258.2892150878906,260.44000244140625,265.9599914550781,259.6199951171875,265.5,1695300
2025-10-01,259.4991455078125,261.6600036621094,262.260009765625,258.07000732421875,258.3699951171875,1235200
2025-10-02,264.1999816894531,266.3999938964844,266.7900085449219,261.04998779296875,261.0799865722656,1026800
2025-10-03,265.3603515625,267.57000732421875,268.95001220703125,264.9599914550781,265.9800109863281,2617900
2025-10-06,269.6942443847656,271.94000244140625,273.1000061035156,267.8999938964844,269.1700134277344,2064700
2025-10-07,265.2413330078125,267.45001220703125,273.0400085449219,265.5299987792969,272.42999267578125,1729600
2025-10-08,265.7669372558594,267.9800109863281,269.4800109863281,264.32000732421875,267.8900146484375,1419800
2025-10-09,263.9421691894531,266.1400146484375,272.8500061035156,265.92999267578125,268.17999267578125,1300900
2025-10-10,258.0511779785156,260.20001220703125,270.2200012207031,259.8599853515625,266.3299865722656,1728200
2025-10-13,261.0859375,263.260009765625,265.2900085449219,261.32000732421875,263.6099853515625,1421700
2025-10-14,265.75701904296875,267.9700012207031,269.6400146484375,260.4200134277344,260.8900146484375,1305600
2025-10-15,263.9917297363281,266.19000244140625,269.7900085449219,263.44000244140625,267.79998779296875,1187500
2025-10-16,256.9007873535156,259.0400085449219,267.7200012207031,257.9200134277344,267.3800048828125,1370000
2025-10-17,258.6958312988281,260.8500061035156,263.07000732421875,258.6199951171875,259.0,1646000
2025-10-20,257.85284423828125,260.0,263.80999755859375,259.92999267578125,262.29998779296875,1650200
2025-10-21,266.21319580078125,268.42999267578125,269.5799865722656,262.0400085449219,263.010009765625,1528900
2025-10-22,269.8232116699219,272.07000732421875,276.79998779296875,268.0,268.0,1548100
2025-10-23,267.4727478027344,269.70001220703125,273.0400085449219,268.8500061035156,272.1199951171875,1393200
2025-10-24,269.079345703125,271.32000732421875,273.30999755859375,269.82000732421875,271.3900146484375,1077700
2025-10-27,268.97027587890625,271.2099914550781,274.94000244140625,270.04998779296875,272.4200134277344,995500
2025-10-28,263.26776123046875,265.4599914550781,271.19000244140625,265.32000732421875,269.8800048828125,1089900
2025-10-29,260.9470520019531,263.1199951171875,267.1099853515625,262.0299987792969,263.3699951171875,1378500
2025-10-30,260.1040954589844,262.2699890136719,267.32000732421875,261.70001220703125,263.29998779296875,1217900
2025-10-31,258.42803955078125,260.5799865722656,261.54998779296875,256.760009765625,261.3999938964844,1439900
2025-11-03,261.71075439453125,263.8900146484375,264.80999755859375,258.989990234375,261.6300048828125,2242900
2025-11-04,269.99176025390625,272.239990234375,275.6600036621094,263.510009765625,264.3999938964844,2845200
2025-11-05,280.7323303222656,283.07000732421875,285.6600036621094,272.6600036621094,273.75,2736800
2025-11-06,278.81829833984375,281.1400146484375,286.5799865722656,279.8699951171875,283.0,1543600
2025-11-07,288.7555236816406,291.1600036621094,291.6600036621094,281.92999267578125,282.1499938964844,2471600
2025-11-10,288.0712585449219,290.4700012207031,294.17999267578125,286.1000061035156,292.1199951171875,1737600
2025-11-11,289.4894104003906,291.8999938964844,294.010009765625,290.0400085449219,290.55999755859375,1409000
2025-11-12,289.2613525390625,291.6700134277344,294.989990234375,290.5400085449219,291.3900146484375,1102800
2025-11-13,285.05633544921875,287.42999267578125,293.489990234375,287.010009765625,290.05999755859375,1769200
2025-11-14,283.36041259765625,285.7200012207031,288.0199890136719,281.19000244140625,285.07000732421875,1363300
2025-11-17,280.5538635253906,282.8900146484375,286.8900146484375,280.989990234375,286.3500061035156,1182900
2025-11-18,280.563720703125,282.8999938964844,286.94000244140625,281.29998779296875,283.2200012207031,1553500
2025-11-19,281.8529968261719,284.20001220703125,285.4599914550781,281.5299987792969,282.8800048828125,1040500
2025-11-20,280.7098083496094,282.3800048828125,289.3599853515625,281.7200012207031,285.4200134277344,1215500
2025-11-21,294.0901794433594,295.8399963378906,298.0299987792969,284.2699890136719,284.3699951171875,2384700
2025-11-24,294.4778747558594,296.2300109863281,297.9599914550781,292.7200012207031,295.54998779296875,2348200
2025-11-25,302.32122802734375,304.1199951171875,305.010009765625,296.6700134277344,297.1499938964844,1372800
2025-11-26,302.8480529785156,304.6499938964844,306.0,301.94000244140625,303.510009765625,1240900
2025-11-28,302.9872741699219,304.7900085449219,305.1400146484375,302.95001220703125,303.8999938964844,575500
2025-12-01,301.645263671875,303.44000244140625,307.0799865722656,302.0,302.42999267578125,1421200
2025-12-02,302.8480529785156,304.6499938964844,305.6600036621094,299.3299865722656,304.55999755859375,1126000
2025-12-03,304.83624267578125,306.6499938964844,309.42999267578125,303.5199890136719,303.5199890136719,1459500
2025-12-04,294.2492370605469,296.0,306.6499938964844,292.3699951171875,302.92999267578125,2268200
2025-12-05,290.8594055175781,292.5899963378906,296.2799987792969,292.0,295.20001220703125,1604600
2025-12-08,286.1176452636719,287.82000732421875,292.1600036621094,286.6499938964844,292.07000732421875,1569900
2025-12-09,282.1611633300781,283.8399963378906,287.6700134277344,283.1000061035156,287.3999938964844,2035800
2025-12-10,285.2626953125,286.9599914550781,287.9800109863281,282.0299987792969,283.8900146484375,1743800
2025-12-11,294.7065124511719,296.4599914550781,297.4100036621094,285.07000732421875,287.1700134277344,2260700
2025-12-12,296.9531555175781,298.7200012207031,300.75,296.6400146484375,298.260009765625,1788600
2025-12-15,306.66534423828125,308.489990234375,310.2300109863281,302.1700134277344,304.45001220703125,2217000
2025-12-16,304.1602783203125,305.9700012207031,309.6000061035156,303.04998779296875,308.4800109863281,2012700
2025-12-17,308.23602294921875,310.07000732421875,311.6600036621094,305.4599914550781,305.4599914550781,1658700
2025-12-18,305.0052490234375,306.82000732421875,311.69000244140625,304.8999938964844,310.25,1659700
2025-12-19,308.3254699707031,310.1600036621094,311.67999267578125,304.3999938964844,304.3999938964844,3064600
2025-12-22,311.894287109375,313.75,315.3999938964844,309.95001220703125,310.739990234375,1209900
2025-12-23,312.21234130859375,314.07000732421875,316.69000244140625,313.1400146484375,313.1400146484375,1171800
2025-12-24,313.2959289550781,315.1600036621094,316.2200012207031,313.07000732421875,313.0899963378906,531700
2025-12-26,313.7134094238281,315.5799865722656,315.9599914550781,314.04998779296875,315.1600036621094,663500
2025-12-29,312.55035400390625,314.4100036621094,315.57000732421875,312.42999267578125,315.1000061035156,764600
2025-12-30,312.0831298828125,313.94000244140625,315.510009765625,313.54998779296875,314.4100036621094,877200
2025-12-31,308.4049987792969,310.239990234375,315.3399963378906,309.6700134277344,313.92999267578125,1228300
2026-01-02,311.5562438964844,313.4100036621094,314.29998779296875,309.0,310.54998779296875,1060600
2026-01-05,309.1903381347656,311.0299987792969,316.32000732421875,308.30999755859375,311.82000732421875,2174500
2026-01-06,319.9562683105469,321.8599853515625,322.6000061035156,309.6000061035156,309.95001220703125,1601100
2026-01-07,317.3716735839844,319.260009765625,322.239990234375,317.5299987792969,319.739990234375,1347200
2026-01-08,322.9882507324219,324.9100036621094,325.7099914550781,316.70001220703125,317.6499938964844,1265300
2026-01-09,326.2389221191406,328.17999267578125,331.0899963378906,326.5299987792969,326.9599914550781,1463800
2026-01-12,321.4374694824219,323.3500061035156,325.1499938964844,319.010009765625,325.1499938964844,1397700
2026-01-13,321.0497741699219,322.9599914550781,325.4700012207031,319.8299865722656,322.9700012207031,1233300
2026-01-14,317.7891845703125,319.67999267578125,322.04998779296875,314.75,321.04998779296875,1442000
2026-01-15,323.863037109375,325.7900085449219,329.69000244140625,322.3599853515625,322.3599853515625,2121600
2026-01-16,323.9525451660156,325.8800048828125,327.75,322.07000732421875,326.7099914550781,1903400
2026-01-20,311.9837341308594,313.8399963378906,321.9599914550781,312.6700134277344,320.67999267578125,1756000
2026-01-21,318.6639709472656,320.55999755859375,321.8399963378906,312.5899963378906,314.8299865722656,1984600
2026-01-22,319.76739501953125,321.6700134277344,327.20001220703125,320.7099914550781,322.989990234375,1575600
2026-01-23,317.8090515136719,319.70001220703125,320.739990234375,316.69000244140625,319.30999755859375,1368300
2026-01-26,314.8268127441406,316.70001220703125,319.4700012207031,313.0,317.5899963378906,1247600
2026-01-27,312.09307861328125,313.95001220703125,316.3500061035156,313.260009765625,315.8399963378906,954000
2026-01-28,310.22418212890625,312.07000732421875,316.0,311.57000732421875,315.0799865722656,1264100
2026-01-29,317.878662109375,319.7699890136719,320.75,312.489990234375,312.489990234375,1698200
2026-01-30,313.4350891113281,315.29998779296875,318.95001220703125,313.25,316.7200012207031,1325100
2026-02-02,317.4014892578125,319.2900085449219,321.1000061035156,314.260009765625,316.45001220703125,978500
2026-02-03,316.53662109375,318.4200134277344,322.8599853515625,316.07000732421875,316.5400085449219,1263800
2026-02-04,322.64031982421875,324.55999755859375,329.7799987792969,320.3900146484375,321.3500061035156,2069100
2026-02-05,324.5191650390625,326.45001220703125,326.92999267578125,320.3999938964844,324.3299865722656,1351200
2026-02-06,331.2689514160156,333.239990234375,333.9599914550781,326.0,326.3999938964844,1415300
2026-02-09,329.2509460449219,331.2099914550781,332.07000732421875,326.1300048828125,331.25,2357500
2026-02-10,357.22454833984375,359.3500061035156,363.5400085449219,347.3599853515625,349.9100036621094,4006200
2026-02-11,356.6280822753906,358.75,367.7300109863281,355.0,358.6300048828125,2492000
2026-02-12,352.9797668457031,355.0799865722656,370.0,352.54998779296875,361.9800109863281,1873500
2026-02-13,351.7968444824219,353.8900146484375,359.0799865722656,350.17999267578125,353.3500061035156,1590900
2026-02-17,357.8110656738281,359.94000244140625,361.75,354.8399963378906,354.95001220703125,2160000
2026-02-18,353.89434814453125,356.0,360.1700134277344,352.8599853515625,355.5299987792969,1917000
2026-02-19,347.82049560546875,349.8900146484375,354.9100036621094,349.3299865722656,353.19000244140625,1734500
2026-02-20,345.8720703125,347.92999267578125,352.6099853515625,345.0400085449219,347.4100036621094,2276700
2026-02-23,340.5934753417969,342.6199951171875,348.6600036621094,337.7699890136719,348.4599914550781,1730000
2026-02-24,341.120361328125,343.1499938964844,347.8800048828125,341.5,342.739990234375,1388000
2026-02-25,345.3849792480469,347.44000244140625,348.1499938964844,343.5,346.70001220703125,2465500
2026-02-26,349.1698303222656,350.57000732421875,354.4599914550781,347.8500061035156,349.3699951171875,1471700
2026-02-27,340.3651123046875,341.7300109863281,347.95001220703125,339.510009765625,346.80999755859375,1664600
2026-03-02,329.1501159667969,330.4700012207031,336.3699951171875,325.80999755859375,330.5,2038800
2026-03-03,334.568359375,335.9100036621094,337.1300048828125,320.55999755859375,322.6000061035156,2231100
2026-03-04,334.5982360839844,335.94000244140625,339.9800109863281,333.07000732421875,337.92999267578125,1360200
2026-03-05,331.7098388671875,333.0400085449219,334.04998779296875,326.5299987792969,332.20001220703125,1471500
2026-03-06,322.5067138671875,323.79998779296875,326.7300109863281,316.1199951171875,324.9800109863281,2064500
2026-03-09,327.5465087890625,328.8599853515625,329.3299865722656,311.20001220703125,317.1199951171875,1993500
2026-03-10,324.69793701171875,326.0,331.7099914550781,323.7799987792969,326.04998779296875,1148900
2026-03-11,325.076416015625,326.3800048828125,327.70001220703125,322.95001220703125,326.5899963378906,989900
2026-03-12,315.0466613769531,316.30999755859375,320.9599914550781,315.3699951171875,320.1700134277344,1608600
2026-03-13,312.556640625,313.80999755859375,322.3900146484375,313.4599914550781,318.3800048828125,1082200
2026-03-16,320.5545349121094,321.8399963378906,323.25,316.9700012207031,318.239990234375,1419900
2026-03-17,325.97283935546875,327.2799987792969,330.8399963378906,325.55999755859375,325.6000061035156,1054200
2026-03-18,321.2318420410156,322.5199890136719,329.3500061035156,322.20001220703125,326.0,1400000
2026-03-19,323.5923767089844,324.8900146484375,326.8299865722656,320.05999755859375,323.5,1278200
2026-03-20,318.48284912109375,319.760009765625,325.3299865722656,317.30999755859375,323.0799865722656,3151100
2026-03-23,325.2158508300781,326.5199890136719,333.4599914550781,325.4599914550781,328.9100036621094,1856500
2026-03-24,322.9947814941406,324.2900085449219,326.3399963378906,321.9599914550781,323.3699951171875,1102900
2026-03-25,325.48480224609375,326.7900085449219,329.07000732421875,322.25,326.19000244140625,1513400
2026-03-26,324.43896484375,325.739990234375,328.92999267578125,323.5899963378906,325.5199890136719,1010200
2026-03-27,316.271728515625,317.5400085449219,324.5,316.5400085449219,323.1099853515625,1875100
2026-03-30,318.0346374511719,319.30999755859375,323.6099853515625,317.80999755859375,320.0,1425600
2026-03-31,325.7637023925781,327.07000732421875,330.9200134277344,321.1700134277344,321.1700134277344,2458000
2026-04-01,332.1281433105469,333.4599914550781,334.1400146484375,325.30999755859375,329.6400146484375,1577500
2026-04-02,330.604248046875,331.92999267578125,335.30999755859375,324.8900146484375,327.4200134277344,1119400
2026-04-06,336.6499938964844,338.0,338.42999267578125,328.0,328.7200012207031,1110400
2026-04-07,329.6082458496094,330.92999267578125,337.2699890136719,326.760009765625,337.2699890136719,1498000
2026-04-08,347.187744140625,348.5799865722656,353.6000061035156,346.0400085449219,349.05999755859375,1701100
2026-04-09,351.5203857421875,352.92999267578125,354.0,344.5299987792969,347.510009765625,1147100
2026-04-10,352.6856994628906,354.1000061035156,357.0299987792969,352.0199890136719,354.32000732421875,1122800
2026-04-13,358.1238708496094,359.55999755859375,359.739990234375,348.0,351.5199890136719,1286200
2026-04-14,365.23541259765625,366.70001220703125,367.32000732421875,357.7900085449219,358.94000244140625,1476800
2026-04-15,362.2872009277344,363.739990234375,366.1400146484375,360.8699951171875,365.79998779296875,1528400
2026-04-16,360.97247314453125,362.4200134277344,367.5,361.2300109863281,364.92999267578125,1535600
2026-04-17,376.4205322265625,377.92999267578125,379.55999755859375,368.9700012207031,370.489990234375,2052300
2026-04-20,377.2073669433594,378.7200012207031,379.17999267578125,374.510009765625,375.3599853515625,1205100
2026-04-21,373.950439453125,375.45001220703125,380.0,373.1400146484375,377.3399963378906,1562300
2026-04-22,365.6636657714844,367.1300048828125,377.6099853515625,366.5299987792969,376.0199890136719,1391500
2026-04-23,366.76922607421875,368.239990234375,372.0899963378906,363.54998779296875,369.8399963378906,1141200
2026-04-24,365.68359375,367.1499938964844,368.7300109863281,364.0,367.45001220703125,1148600
2026-04-27,359.2294921875,360.6700134277344,367.05999755859375,358.3800048828125,364.0,1354500
2026-04-28,356.8988037109375,358.3299865722656,366.5,356.9599914550781,358.6400146484375,1240300
2026-04-29,352.53631591796875,353.95001220703125,357.3900146484375,349.04998779296875,357.3900146484375,1249500
2026-04-30,360.2453918457031,361.69000244140625,363.260009765625,355.1000061035156,357.9599914550781,1997200
2026-05-01,353.5522155761719,354.9700012207031,363.75,354.6700134277344,357.5,1001500
2026-05-04,345.85308837890625,347.239990234375,353.8399963378906,345.3800048828125,351.1600036621094,977400
2026-05-05,353.10400390625,354.5199890136719,357.9100036621094,347.3900146484375,347.3900146484375,1878900
2026-05-06,357.62591552734375,359.05999755859375,365.0,352.79998779296875,363.8699951171875,1972500
2026-05-07,350.64385986328125,352.04998779296875,360.8399963378906,350.489990234375,358.010009765625,1209000
2026-05-08,351.7693786621094,353.17999267578125,358.3900146484375,352.3299865722656,353.4800109863281,1068000
2026-05-11,351.9088134765625,353.32000732421875,353.5299987792969,348.1499938964844,350.5400085449219,1729100
2026-05-12,348.8311767578125,350.2300109863281,358.17999267578125,349.42999267578125,355.0,1297600
2026-05-13,348.79132080078125,350.19000244140625,353.9100036621094,346.260009765625,347.7200012207031,1387700
2026-05-14,352.0582275390625,353.4700012207031,357.0799865722656,351.489990234375,352.17999267578125,1138900
2026-05-15,351.7594299316406,353.1700134277344,354.489990234375,350.95001220703125,351.8999938964844,1114000
2026-05-18,357.74542236328125,359.17999267578125,363.7900085449219,352.95001220703125,354.6600036621094,1410100
2026-05-19,357.25738525390625,358.69000244140625,362.5899963378906,354.3599853515625,357.9599914550781,1656000
2026-05-20,368.273193359375,369.75,371.510009765625,356.5799865722656,359.19000244140625,1748000
2026-05-21,369.0799560546875,370.55999755859375,371.1499938964844,361.3999938964844,366.6199951171875,908400
2026-05-22,368.4013366699219,369.1499938964844,370.9100036621094,367.29998779296875,368.2099914550781,820100
2026-05-26,373.0518798828125,373.80999755859375,374.57000732421875,368.760009765625,369.8500061035156,1105600
2026-05-27,385.07745361328125,385.8599853515625,386.29998779296875,378.57000732421875,378.57000732421875,1616800
2026-05-28,384.9776611328125,385.760009765625,388.3699951171875,381.6199951171875,384.8999938964844,1974100
2026-05-29,374.8382568359375,375.6000061035156,386.8800048828125,373.2900085449219,385.55999755859375,2322500
2026-06-01,376.19549560546875,376.9599914550781,378.3299865722656,370.5799865722656,371.3299865722656,1396800
2026-06-02,373.00201416015625,373.760009765625,377.6600036621094,373.1600036621094,376.70001220703125,1186800
2026-06-03,375.9859313964844,376.75,377.1300048828125,371.2799987792969,373.8299865722656,1058000
2026-06-04,384.5185852050781,385.29998779296875,385.9800109863281,380.6400146484375,383.20001220703125,1150100
2026-06-05,391.7139892578125,392.510009765625,396.6499938964844,386.45001220703125,388.1099853515625,1975900
2026-06-08,390.6261901855469,391.4200134277344,395.8500061035156,388.3900146484375,392.510009765625,1349000
2026-06-09,392.8117370605469,393.6099853515625,398.9599914550781,389.3800048828125,394.0,1394700
2026-06-10,385.44671630859375,386.2300109863281,398.5199890136719,385.1600036621094,393.79998779296875,1701600
2026-06-11,396.0851135253906,396.8900146484375,397.3699951171875,386.20001220703125,389.0,1496500
2026-06-12,401.7236328125,402.5400085449219,403.25,396.9800109863281,399.3900146484375,1115800
2026-06-15,399.8175048828125,400.6300048828125,410.9800109863281,399.260009765625,406.42999267578125,1515700
2026-06-16,398.2906188964844,399.1000061035156,400.3699951171875,387.5,391.5,1860300
2026-06-17,393.8096923828125,394.6099853515625,404.07000732421875,393.7200012207031,396.1700134277344,1672000
2026-06-18,395.396484375,396.20001220703125,403.260009765625,394.8999938964844,398.6300048828125,2846400
2026-06-22,383.4108581542969,384.19000244140625,395.0199890136719,383.20001220703125,394.55999755859375,1607100
2026-06-23,386.04547119140625,386.8299865722656,390.3599853515625,381.42999267578125,384.4599914550781,2019500
2026-06-24,382.7821044921875,383.55999755859375,392.6300048828125,382.1700134277344,389.5199890136719,1414700
2026-06-25,378.1415710449219,378.9100036621094,388.25,377.9200134277344,383.5400085449219,1498700
2026-06-26,376.5447998046875,377.30999755859375,381.2099914550781,372.80999755859375,379.4800109863281,2426300
2026-06-29,374.1197204589844,374.8800048828125,382.2699890136719,373.80999755859375,378.57000732421875,1487300
2026-06-30,369.8384094238281,370.5899963378906,374.57000732421875,367.3800048828125,373.57000732421875,1910800
2026-07-01,367.5730285644531,368.32000732421875,373.3800048828125,365.45001220703125,369.95001220703125,1669300
2026-07-02,372.19366455078125,372.95001220703125,374.07000732421875,366.9700012207031,369.8800048828125,1552700
2026-07-06,378.9798583984375,379.75,379.8999938964844,371.6400146484375,373.2300109863281,1737700
2026-07-07,379.9778137207031,380.75,383.989990234375,380.0,382.1499938964844,1494800
2026-07-08,370.40728759765625,371.1600036621094,378.20001220703125,369.7300109863281,378.1499938964844,1391600
2026-07-09,371.714599609375,372.4700012207031,376.010009765625,366.4599914550781,371.79998779296875,1208000
2026-07-10,375.34722900390625,376.1099853515625,378.32000732421875,372.7799987792969,372.82000732421875,1028400
2026-07-13,362.1340637207031,362.8699951171875,378.07000732421875,361.7300109863281,375.70001220703125,1592500
2026-07-14,362.45343017578125,363.19000244140625,364.1400146484375,359.9599914550781,360.7799987792969,1736800
2026-07-15,368.3015441894531,369.04998779296875,370.6700134277344,363.6099853515625,363.6099853515625,1110900
2026-07-16,370.3873291015625,371.1400146484375,376.44000244140625,368.3299865722656,370.489990234375,1257800
2026-07-17,365.4972229003906,366.239990234375,372.9800109863281,363.5199890136719,371.1400146484375,1845500
2026-07-20,366.18585205078125,366.92999267578125,371.3299865722656,364.6300048828125,369.80999755859375,1064700
2026-07-21,367.0640563964844,367.80999755859375,372.2099914550781,365.04998779296875,370.7900085449219,1013100
2026-07-22,369.0500183105469,369.79998779296875,371.3999938964844,366.75,367.5299987792969,915100
2026-07-23,363.7308349609375,364.4700012207031,365.9200134277344,360.7099914550781,363.6700134277344,1200300
2026-07-24,373.6706237792969,374.42999267578125,375.7799987792969,364.25,365.5799865722656,1231700
2026-07-27,382.28314208984375,383.05999755859375,384.20001220703125,377.5299987792969,378.1099853515625,1376900
2026-07-28,382.7421875,383.5199890136719,384.2300109863281,374.54998779296875,382.6400146484375,1804600
2026-07-29,380.3470764160156,381.1199951171875,383.260009765625,375.6199951171875,377.25,1542200
2026-07-30,374.718505859375,375.4800109863281,380.6000061035156,371.0899963378906,380.0,1593500
2026-07-31,372.0738830566406,372.8299865722656,377.92999267578125,372.6300048828125,377.010009765625,1564300
2026-08-03,346.1265869140625,346.8299865722656,365.4700012207031,344.1300048828125,359.44000244140625,4419300
2026-08-04,344.49993896484375,345.20001220703125,346.3599853515625,340.80999755859375,344.7900085449219,3376600
2026-08-05,360.5772399902344,361.30999755859375,361.8299865722656,347.7799987792969,348.30999755859375,2051400
2026-08-06,358.9405822753906,359.6700134277344,364.739990234375,356.010009765625,362.010009765625,1677200
2026-08-07,353.1922607421875,353.9100036621094,359.9700012207031,353.4599914550781,358.8399963378906,2278700
2026-08-10,347.73333740234375,348.44000244140625,353.3599853515625,344.7099914550781,350.1000061035156,1716600
2026-08-11,348.7812194824219,349.489990234375,352.2699890136719,347.2699890136719,348.9700012207031,2390400
2026-08-12,353.8608703613281,354.5799865722656,356.6000061035156,348.8800048828125,351.6000061035156,1350800
2026-08-13,351.8150634765625,352.5299987792969,357.6099853515625,350.9800109863281,356.5799865722656,997000
2026-08-14,355.9965515136719,356.7200012207031,358.1000061035156,349.739990234375,350.7200012207031,880500
2026-08-17,355.84686279296875,356.57000732421875,357.9800109863281,353.0,353.94000244140625,1313100
2026-08-18,356.6053161621094,357.3299865722656,361.4599914550781,355.6600036621094,358.3500061035156,1505400
2026-08-19,359.2200012207031,359.95001220703125,365.1099853515625,357.17999267578125,358.3999938964844,1288200
2026-08-20,356.6000061035156,356.6000061035156,358.75,354.57000732421875,356.6099853515625,1861800
2026-08-21,356.3900146484375,356.3900146484375,361.0,354.19000244140625,359.0199890136719,994500
2026-08-24,360.20001220703125,360.20001220703125,363.3900146484375,357.260009765625,359.3699951171875,954600
2026-08-25,357.7699890136719,357.7699890136719,362.2900085449219,357.42999267578125,360.6099853515625,1436100
2026-08-26,358.6700134277344,358.6700134277344,360.6700134277344,355.07000732421875,358.07000732421875,2033100
2026-08-27,353.8699951171875,353.8699951171875,357.92999267578125,353.7699890136719,354.5899963378906,1480700
2026-08-28,351.0799865722656,351.0799865722656,358.1600036621094,350.80999755859375,358.1600036621094,1011200
2026-08-31,341.760009765625,341.760009765625,350.54998779296875,341.1400146484375,348.70001220703125,1422500
2026-09-01,334.54998779296875,334.54998779296875,342.489990234375,333.739990234375,340.5400085449219,1676100
2026-09-02,333.1400146484375,333.1400146484375,337.989990234375,332.239990234375,336.0400085449219,1266600
2026-09-03,336.07000732421875,336.07000732421875,337.9599914550781,331.1400146484375,333.2699890136719,1401700
2026-09-04,336.510009765625,336.510009765625,339.29998779296875,334.2200012207031,334.2200012207031,1175500
2026-09-08,328.7900085449219,328.7900085449219,336.739990234375,328.239990234375,332.0799865722656,2107400
2026-09-09,331.5199890136719,331.5199890136719,332.25,320.9100036621094,326.3299865722656,2233700
2026-09-10,330.70001220703125,330.70001220703125,334.0799865722656,330.239990234375,330.5,288109
