Price,Adj Close,Close,High,Low,Open,Volume
Ticker,MCHP,MCHP,MCHP,MCHP,MCHP,MCHP
Date,,,,,,
2021-09-10,70.60047149658203,78.73999786376953,80.375,78.63999938964844,78.63999938964844,3836400
2021-09-13,72.0440444946289,80.3499984741211,80.37999725341797,78.83000183105469,79.875,3697400
2021-09-14,72.02161407470703,80.32499694824219,81.16500091552734,79.5199966430664,80.77999877929688,3584000
2021-09-15,72.71202850341797,81.09500122070312,81.12000274658203,79.66500091552734,80.375,3434600
2021-09-16,73.12447357177734,81.55500030517578,82.09500122070312,80.11499786376953,80.23999786376953,3386400
2021-09-17,72.2233657836914,80.55000305175781,81.5,79.66999816894531,81.30500030517578,10976200
2021-09-20,70.16559600830078,78.25499725341797,79.19000244140625,77.15499877929688,79.1050033569336,5917800
2021-09-21,70.51531219482422,78.6449966430664,79.24500274658203,77.54000091552734,78.73999786376953,5091200
2021-09-22,72.39820098876953,80.74500274658203,80.94499969482422,78.95999908447266,79.45999908447266,3016600
2021-09-23,74.0479965209961,82.58499908447266,82.88500213623047,80.59500122070312,80.59500122070312,3162800
2021-09-24,74.10628509521484,82.6500015258789,82.84500122070312,81.7750015258789,82.06500244140625,1901800
2021-09-27,74.45596313476562,83.04000091552734,83.06500244140625,81.2249984741211,81.93499755859375,2488800
2021-09-28,70.98601531982422,79.16999816894531,81.79000091552734,79.11499786376953,80.83999633789062,4259400
2021-09-29,68.62340545654297,76.53500366210938,79.33000183105469,76.45999908447266,78.9749984741211,4455600
2021-09-30,68.81169891357422,76.74500274658203,77.87999725341797,76.4800033569336,77.3499984741211,2830800
2021-10-01,68.46200561523438,76.3550033569336,77.34500122070312,75.55999755859375,77.30000305175781,4276800
2021-10-04,65.7317886352539,73.30999755859375,75.73999786376953,72.875,75.43499755859375,5449800
2021-10-05,66.35943603515625,74.01000213623047,74.79000091552734,73.57499694824219,74.19499969482422,4975400
2021-10-06,66.2383804321289,73.875,74.08499908447266,72.82499694824219,73.01499938964844,2847200
2021-10-07,66.91085052490234,74.625,75.71499633789062,74.51000213623047,74.91500091552734,3126600
2021-10-08,65.5165786743164,73.06999969482422,74.95500183105469,72.58999633789062,74.90499877929688,4538800
2021-10-11,64.51686096191406,71.95500183105469,73.88500213623047,71.90499877929688,72.83000183105469,2892800
2021-10-12,63.207763671875,70.49500274658203,72.82499694824219,69.86000061035156,72.42500305175781,4855200
2021-10-13,62.98809814453125,70.25,71.61000061035156,70.0199966430664,71.5,4826300
2021-10-14,64.98758697509766,72.4800033569336,72.54000091552734,71.30999755859375,71.5,3668800
2021-10-15,65.25655364990234,72.77999877929688,73.4800033569336,72.47000122070312,73.16999816894531,2837100
2021-10-18,66.18008422851562,73.80999755859375,73.86000061035156,71.6500015258789,72.05000305175781,2387500
2021-10-19,67.1125717163086,74.8499984741211,75.0,73.56999969482422,73.98999786376953,2085400
2021-10-20,67.13948059082031,74.87999725341797,75.2699966430664,74.38999938964844,74.7300033569336,2697100
2021-10-21,68.15267944335938,76.01000213623047,76.12000274658203,74.33000183105469,74.33000183105469,1843900
2021-10-22,67.4264144897461,75.19999694824219,76.75,74.75,76.0199966430664,2460000
2021-10-25,67.96438598632812,75.80000305175781,76.3499984741211,74.97000122070312,75.7300033569336,2054800
2021-10-26,66.16217803955078,73.79000091552734,76.9800033569336,73.75,76.81999969482422,3469200
2021-10-27,64.88896179199219,72.37000274658203,73.48999786376953,71.33000183105469,71.91000366210938,5055600
2021-10-28,66.73599243164062,74.43000030517578,75.37000274658203,73.12999725341797,73.12999725341797,3506100
2021-10-29,66.43115234375,74.08999633789062,74.80999755859375,73.58000183105469,73.72000122070312,2594300
2021-11-01,68.95066833496094,76.9000015258789,77.48999786376953,74.4800033569336,74.5999984741211,4113200
2021-11-02,70.63633728027344,78.77999877929688,78.93000030517578,76.66000366210938,76.68000030517578,3344400
2021-11-03,71.52398681640625,79.7699966430664,80.29000091552734,78.0,78.72000122070312,4067200
2021-11-04,74.3483657836914,82.91999816894531,83.12999725341797,78.79000091552734,80.62999725341797,6614500
2021-11-05,76.89479064941406,85.76000213623047,87.19000244140625,82.05999755859375,82.30999755859375,6066500
2021-11-08,75.46915435791016,84.16999816894531,87.5199966430664,81.72000122070312,87.41000366210938,7440600
2021-11-09,74.3483657836914,82.91999816894531,84.76000213623047,81.69000244140625,84.12999725341797,4919200
2021-11-10,72.59098815917969,80.95999908447266,82.94999694824219,79.72000122070312,81.44999694824219,5913600
2021-11-11,74.86842346191406,83.5,83.68000030517578,81.55000305175781,82.7300033569336,3787900
2021-11-12,74.73394012451172,83.3499984741211,84.62999725341797,82.83000183105469,83.54000091552734,2565300
2021-11-15,74.60840606689453,83.20999908447266,85.30999755859375,82.93000030517578,84.70999908447266,2656700
2021-11-16,75.54985046386719,84.26000213623047,84.51000213623047,82.48999786376953,82.52999877929688,2668300
2021-11-17,74.2945785522461,82.86000061035156,84.0,82.55999755859375,83.94000244140625,2986300
2021-11-18,74.90779876708984,83.30999755859375,83.98999786376953,81.94999694824219,83.75,2270700
2021-11-19,74.34134674072266,82.68000030517578,83.94000244140625,82.30000305175781,83.22000122070312,2568700
2021-11-22,74.35032653808594,82.69000244140625,84.37999725341797,82.12000274658203,82.75,5895900
2021-11-23,74.90779876708984,83.30999755859375,83.77999877929688,81.95999908447266,82.80999755859375,6724700
2021-11-24,75.4472885131836,83.91000366210938,84.0,81.23999786376953,82.18000030517578,2205800
2021-11-26,71.99457550048828,80.06999969482422,82.04000091552734,79.52999877929688,81.55999755859375,3198600
2021-11-29,75.88786315917969,84.4000015258789,84.58999633789062,81.47000122070312,81.47000122070312,4371900
2021-11-30,75.01569366455078,83.43000030517578,85.75,82.5,83.87000274658203,7392200
2021-12-01,75.95079803466797,84.47000122070312,88.93000030517578,84.23999786376953,84.79000091552734,6156300
2021-12-02,75.7439956665039,84.23999786376953,85.29000091552734,82.12000274658203,82.9000015258789,4223000
2021-12-03,76.67012786865234,85.2699966430664,87.25,84.22000122070312,85.83999633789062,5530700
2021-12-06,75.48323822021484,83.94999694824219,85.55999755859375,81.69999694824219,85.12999725341797,4746800
2021-12-07,79.92503356933594,88.88999938964844,88.98999786376953,85.47000122070312,85.62000274658203,4043000
2021-12-08,78.53133392333984,87.33999633789062,88.6500015258789,86.44000244140625,88.4800033569336,3864400
2021-12-09,77.8929443359375,86.62999725341797,89.04000091552734,86.5,86.70999908447266,5070900
2021-12-10,78.34253692626953,87.12999725341797,88.87000274658203,86.29000091552734,88.05999755859375,3327800
2021-12-13,76.57122802734375,85.16000366210938,87.75,84.95999908447266,87.38999938964844,2798200
2021-12-14,76.32845306396484,84.88999938964844,85.37000274658203,83.41000366210938,84.02999877929688,4250600
2021-12-15,79.07084655761719,87.94000244140625,88.11000061035156,83.70999908447266,85.2699966430664,4499300
2021-12-16,76.00475311279297,84.52999877929688,88.16000366210938,84.01000213623047,87.36000061035156,4718900
2021-12-17,75.85189056396484,84.36000061035156,85.8499984741211,83.41999816894531,83.75,9002400
2021-12-20,74.2693862915039,82.5999984741211,83.5,81.41000366210938,83.04000091552734,3088800
2021-12-21,76.7330551147461,85.33999633789062,85.5199966430664,83.54000091552734,84.13999938964844,5626700
2021-12-22,77.6591796875,86.37000274658203,86.44000244140625,84.36000061035156,84.47000122070312,2551200
2021-12-23,78.16271209716797,86.93000030517578,87.48999786376953,86.62000274658203,86.75,2193700
2021-12-27,80.33860778808594,89.3499984741211,89.43000030517578,87.30000305175781,87.3499984741211,2311200
2021-12-28,79.15174865722656,88.02999877929688,90.0,87.7300033569336,89.9800033569336,3334800
2021-12-29,79.34059143066406,88.23999786376953,89.05999755859375,88.05999755859375,88.25,1451400
2021-12-30,78.29759216308594,87.08000183105469,88.58999633789062,86.80000305175781,88.19999694824219,1659400
2021-12-31,78.27959442138672,87.05999755859375,87.61000061035156,86.62999725341797,87.41999816894531,1450500
2022-01-03,79.1247787475586,88.0,88.5,86.91999816894531,87.5199966430664,3183500
2022-01-04,78.64823150634766,87.47000122070312,88.97000122070312,85.25,88.4000015258789,3029800
2022-01-05,75.99575805664062,84.5199966430664,87.93000030517578,84.43000030517578,87.2300033569336,4219600
2022-01-06,76.69708251953125,85.30000305175781,86.0,84.38999938964844,84.7699966430664,3039500
2022-01-07,73.6669921875,81.93000030517578,85.79000091552734,81.86000061035156,85.25,4607500
2022-01-10,74.56612396240234,82.93000030517578,83.12000274658203,80.22000122070312,80.79000091552734,3670900
2022-01-11,76.0766830444336,84.61000061035156,84.7300033569336,81.80999755859375,82.48999786376953,3568600
2022-01-12,76.6341552734375,85.2300033569336,86.45999908447266,84.48999786376953,85.19000244140625,3117900
2022-01-13,75.24948120117188,83.69000244140625,86.80000305175781,83.41000366210938,86.04000091552734,3711000
2022-01-14,75.7889633178711,84.29000091552734,84.37999725341797,82.7699966430664,82.81999969482422,3996600
2022-01-18,71.32919311523438,79.33000183105469,82.37999725341797,79.0999984741211,82.20999908447266,5489800
2022-01-19,68.92848205566406,76.66000366210938,80.43000030517578,76.5999984741211,79.97000122070312,4254400
2022-01-20,66.5097885131836,73.97000122070312,78.0,73.88999938964844,77.4000015258789,5237200
2022-01-21,65.934326171875,73.33000183105469,76.0999984741211,73.02999877929688,73.3499984741211,6026900
2022-01-24,67.301025390625,74.8499984741211,75.0199966430664,69.56999969482422,71.87999725341797,7056200
2022-01-25,65.22400665283203,72.54000091552734,74.44000244140625,71.7300033569336,72.06999969482422,5095600
2022-01-26,66.8874282836914,74.38999938964844,77.37000274658203,72.75,74.97000122070312,5657000
2022-01-27,63.87529373168945,71.04000091552734,75.37000274658203,70.5999984741211,74.69999694824219,5501900
2022-01-28,64.93626403808594,72.22000122070312,72.31999969482422,68.7699966430664,70.94000244140625,4636100
2022-01-31,69.66578674316406,77.4800033569336,77.69000244140625,73.66999816894531,74.0999984741211,6281500
2022-02-01,70.39409637451172,78.29000091552734,78.44000244140625,75.66000366210938,77.44000244140625,3920900
2022-02-02,71.06845092773438,79.04000091552734,79.5199966430664,77.7300033569336,79.2300033569336,4649400
2022-02-03,66.68960571289062,74.16999816894531,77.31999969482422,73.9000015258789,77.16000366210938,8356600
2022-02-04,65.79945373535156,73.18000030517578,74.29000091552734,70.44000244140625,72.11000061035156,7395000
2022-02-07,66.2220458984375,73.6500015258789,74.7699966430664,72.73999786376953,73.69000244140625,5335100
2022-02-08,67.83151245117188,75.44000244140625,75.7300033569336,73.23999786376953,73.58000183105469,4993100
2022-02-09,70.51995086669922,78.43000030517578,78.5199966430664,74.87999725341797,76.70999908447266,7302600
2022-02-10,67.37295532226562,74.93000030517578,78.62000274658203,74.44999694824219,76.08999633789062,6469200
2022-02-11,64.13604736328125,71.33000183105469,75.63999938964844,70.79000091552734,74.94000244140625,5801600
2022-02-14,64.0101547241211,71.19000244140625,73.41999816894531,70.25,71.87999725341797,3802600
2022-02-15,67.41793823242188,74.9800033569336,75.2300033569336,72.80999755859375,72.8499984741211,3938900
2022-02-16,67.88546752929688,75.5,75.83999633789062,73.79000091552734,74.5,4103800
2022-02-17,63.99217987060547,71.16999816894531,74.58999633789062,71.04000091552734,74.25,4860500
2022-02-18,64.77090454101562,71.77999877929688,72.58000183105469,70.44999694824219,71.31999969482422,4141500
2022-02-22,64.77993774414062,71.79000091552734,73.19000244140625,70.63999938964844,70.93000030517578,5015300
2022-02-23,63.435420989990234,70.30000305175781,73.58000183105469,70.11000061035156,72.83999633789062,4527200
2022-02-24,64.30167388916016,71.26000213623047,71.44000244140625,66.56999969482422,67.5,10786200
2022-02-25,65.10479736328125,72.1500015258789,72.26000213623047,70.05999755859375,71.11000061035156,7448100
2022-02-28,63.462486267089844,70.33000183105469,71.7300033569336,68.94000244140625,71.19999694824219,7527700
2022-03-01,61.2697639465332,67.9000015258789,70.62000274658203,67.26000213623047,70.12999725341797,7327000
2022-03-02,62.93010330200195,69.73999786376953,70.70999908447266,68.26000213623047,68.44000244140625,7324100
2022-03-03,62.29845428466797,69.04000091552734,70.56999969482422,68.41999816894531,70.48999786376953,4334100
2022-03-04,61.1434440612793,67.76000213623047,68.80999755859375,66.77999877929688,68.12999725341797,4435300
2022-03-07,58.77927017211914,65.13999938964844,68.5999984741211,65.08000183105469,67.87999725341797,6677600
2022-03-08,61.8382453918457,68.52999877929688,70.5199966430664,64.26000213623047,65.33000183105469,8018800
2022-03-09,63.95878219604492,70.87999725341797,71.83999633789062,69.95999908447266,70.9000015258789,6711100
2022-03-10,63.02936553955078,69.8499984741211,70.30000305175781,68.5,69.29000091552734,3607900
2022-03-11,62.29845428466797,69.04000091552734,71.61000061035156,68.9000015258789,70.95999908447266,3528700
2022-03-14,61.47731018066406,68.12999725341797,69.69000244140625,67.18000030517578,68.73999786376953,5887200
2022-03-15,64.62654876708984,71.62000274658203,71.83000183105469,68.77999877929688,68.86000061035156,5835000
2022-03-16,67.45088958740234,74.75,74.83000183105469,71.52999877929688,72.4800033569336,6362000
2022-03-17,68.05545806884766,75.41999816894531,75.4800033569336,73.80999755859375,73.91000366210938,3704700
2022-03-18,69.74284362792969,77.29000091552734,77.54000091552734,74.12999725341797,74.91999816894531,8215800
2022-03-21,69.0931625366211,76.56999969482422,77.55999755859375,75.2300033569336,76.87999725341797,5199200
2022-03-22,68.93074035644531,76.38999938964844,77.69000244140625,76.1500015258789,76.4800033569336,3803700
2022-03-23,66.56658935546875,73.7699966430664,76.23999786376953,73.62000274658203,75.91999816894531,8146800
2022-03-24,70.09478759765625,77.68000030517578,77.79000091552734,74.1500015258789,74.45999908447266,5363600
2022-03-25,69.62556457519531,77.16000366210938,77.63999938964844,76.0199966430664,77.44999694824219,3232700
2022-03-28,69.88723754882812,77.44999694824219,77.5999984741211,74.8499984741211,74.8499984741211,3840000
2022-03-29,71.98971557617188,79.77999877929688,80.0999984741211,78.19999694824219,78.83999633789062,4481300
2022-03-30,68.93074035644531,76.38999938964844,79.25,76.04000091552734,78.93000030517578,4322200
2022-03-31,67.80280303955078,75.13999938964844,77.3499984741211,75.0199966430664,76.77999877929688,4811400
2022-04-01,66.74706268310547,73.97000122070312,75.98999786376953,73.19000244140625,75.66999816894531,4366200
2022-04-04,67.11700439453125,74.37999725341797,75.45999908447266,73.5199966430664,74.31999969482422,3449400
2022-04-05,63.24592590332031,70.08999633789062,74.12999725341797,69.97000122070312,73.58000183105469,5983800
2022-04-06,61.61266326904297,68.27999877929688,70.1500015258789,68.16999816894531,68.94999694824219,7284100
2022-04-07,61.531463623046875,68.19000244140625,69.20999908447266,66.58999633789062,68.25,4658700
2022-04-08,59.84404754638672,66.31999969482422,67.87000274658203,66.12000274658203,67.61000061035156,4194200
2022-04-11,59.38385772705078,65.80999755859375,66.66999816894531,65.19000244140625,65.4800033569336,4262000
2022-04-12,59.07706069946289,65.47000122070312,67.72000122070312,65.0999984741211,67.05000305175781,3281600
2022-04-13,60.241092681884766,66.76000213623047,66.97000122070312,65.26000213623047,65.79000091552734,3770800
2022-04-14,58.85147476196289,65.22000122070312,67.08000183105469,65.12999725341797,67.04000091552734,4127300
2022-04-18,60.67422103881836,67.23999786376953,68.20999908447266,65.0,65.0,6758400
2022-04-19,62.172115325927734,68.9000015258789,69.18000030517578,67.0,67.5,3976000
2022-04-20,62.3977165222168,69.1500015258789,70.87000274658203,68.87000274658203,69.69000244140625,3761400
2022-04-21,61.01710510253906,67.62000274658203,70.88999938964844,67.2300033569336,70.04000091552734,3910500
2022-04-22,59.618473052978516,66.06999969482422,67.8499984741211,65.94999694824219,67.51000213623047,4751500
2022-04-25,61.45022964477539,68.0999984741211,68.20999908447266,65.54000091552734,65.73999786376953,4919300
2022-04-26,58.80635070800781,65.16999816894531,67.3499984741211,65.13999938964844,67.12000274658203,5083400
2022-04-27,58.10251998901367,64.38999938964844,66.36000061035156,63.34000015258789,63.529998779296875,5314100
2022-04-28,61.52242660522461,68.18000030517578,68.97000122070312,64.75,65.79000091552734,4864300
2022-04-29,58.83341979980469,65.19999694824219,68.4800033569336,64.94999694824219,67.4000015258789,4837700
2022-05-02,61.23367691040039,67.86000061035156,67.91000366210938,64.97000122070312,65.63999938964844,5580700
2022-05-03,61.531463623046875,68.19000244140625,68.63999938964844,66.58000183105469,67.5,4029900
2022-05-04,63.79635238647461,70.69999694824219,70.80999755859375,66.38999938964844,68.30000305175781,5280300
2022-05-05,61.45022964477539,68.0999984741211,70.06999969482422,67.11000061035156,69.30000305175781,7453700
2022-05-06,60.96296691894531,67.55999755859375,68.6500015258789,66.30000305175781,67.45999908447266,4157700
2022-05-09,58.030311584472656,64.30999755859375,67.30999755859375,64.0999984741211,66.22000122070312,6579400
2022-05-10,61.58560562133789,68.25,69.41000366210938,65.73999786376953,68.62999725341797,8622200
2022-05-11,58.25591278076172,64.55999755859375,67.94000244140625,64.44999694824219,67.33000183105469,6486700
2022-05-12,59.040958404541016,65.43000030517578,65.54000091552734,63.52000045776367,64.13999938964844,6090700
2022-05-13,60.484710693359375,67.02999877929688,67.7300033569336,65.91000366210938,66.58999633789062,5673200
2022-05-16,59.49212646484375,65.93000030517578,66.94999694824219,65.62000274658203,66.37999725341797,4988500
2022-05-17,62.44282150268555,69.19999694824219,69.30000305175781,67.19000244140625,67.41999816894531,5024900
2022-05-18,59.681640625,66.13999938964844,69.01000213623047,65.72000122070312,68.4000015258789,6197500
2022-05-19,59.81393051147461,66.01000213623047,67.9000015258789,65.22000122070312,65.69000244140625,4098400
2022-05-20,60.4119758605957,66.66999816894531,67.5,64.05999755859375,67.44000244140625,6085600
2022-05-23,60.71099853515625,67.0,68.23999786376953,65.69000244140625,66.66000366210938,5621300
2022-05-24,60.801605224609375,67.0999984741211,67.56999969482422,65.81999969482422,66.04000091552734,5462100
2022-05-25,61.6714973449707,68.05999755859375,68.72000122070312,66.30000305175781,66.3499984741211,4546700
2022-05-26,63.4837760925293,70.05999755859375,70.48999786376953,67.62000274658203,67.97000122070312,4740200
2022-05-27,65.95750427246094,72.79000091552734,72.81999969482422,70.63999938964844,70.7699966430664,5133300
2022-05-31,65.83065795898438,72.6500015258789,73.30000305175781,70.79000091552734,72.47000122070312,7184700
2022-06-01,64.48052215576172,71.16000366210938,73.18000030517578,70.12000274658203,72.87000274658203,4030400
2022-06-02,66.4377670288086,73.31999969482422,73.36000061035156,70.37999725341797,70.37999725341797,3898300
2022-06-03,64.55301666259766,71.23999786376953,72.19999694824219,70.9800033569336,72.08000183105469,3542600
2022-06-06,63.6378173828125,70.2300033569336,72.6500015258789,69.83000183105469,72.43000030517578,3859900
2022-06-07,64.04557800292969,70.68000030517578,70.9000015258789,69.0199966430664,69.7699966430664,3067600
2022-06-08,62.44172668457031,68.91000366210938,70.37000274658203,68.33999633789062,70.33000183105469,4467100
2022-06-09,60.3757209777832,66.62999725341797,69.3499984741211,66.55000305175781,68.18000030517578,4904100
2022-06-10,58.128517150878906,64.1500015258789,65.80999755859375,63.66999816894531,65.27999877929688,5840700
2022-06-13,54.349937438964844,59.97999954223633,62.970001220703125,59.84000015258789,62.130001068115234,7404500
2022-06-14,55.2288932800293,60.95000076293945,61.4900016784668,60.0,60.709999084472656,5207700
2022-06-15,55.77256774902344,61.54999923706055,62.72999954223633,60.34000015258789,61.58000183105469,4725900
2022-06-16,51.7674560546875,57.130001068115234,59.84000015258789,56.619998931884766,59.84000015258789,8197100
2022-06-17,52.19333267211914,57.599998474121094,58.13999938964844,56.2400016784668,57.70000076293945,9709900
2022-06-21,53.77907180786133,59.349998474121094,59.880001068115234,58.72999954223633,59.290000915527344,5083600
2022-06-22,53.4256706237793,58.959999084472656,59.61000061035156,57.88999938964844,58.290000915527344,4538100
2022-06-23,52.4742431640625,57.90999984741211,59.560001373291016,57.29999923706055,59.560001373291016,3924200
2022-06-24,54.89362716674805,60.58000183105469,61.08000183105469,58.720001220703125,59.06999969482422,5796000
2022-06-27,54.97517013549805,60.66999816894531,61.40999984741211,60.09000015258789,61.349998474121094,3145700
2022-06-28,53.869686126708984,59.45000076293945,62.91999816894531,59.38999938964844,62.18000030517578,9588400
2022-06-29,52.601097106933594,58.04999923706055,59.060001373291016,57.310001373291016,58.77000045776367,3981700
2022-06-30,52.62828826904297,58.08000183105469,59.08000183105469,56.54999923706055,57.20000076293945,5327300
2022-07-01,50.88850402832031,56.15999984741211,57.9900016784668,55.290000915527344,57.20000076293945,4657500
2022-07-05,50.870384216308594,56.13999938964844,56.15999984741211,54.33000183105469,54.959999084472656,4536200
2022-07-06,50.87944793701172,56.150001525878906,56.86000061035156,55.369998931884766,56.2400016784668,4865100
2022-07-07,53.235389709472656,58.75,58.9900016784668,57.400001525878906,57.61000061035156,4190300
2022-07-08,53.869686126708984,59.45000076293945,59.619998931884766,57.5,58.029998779296875,4484000
2022-07-11,53.34412384033203,58.869998931884766,59.380001068115234,58.099998474121094,58.560001373291016,4310200
2022-07-12,53.643150329589844,59.20000076293945,60.34000015258789,58.90999984741211,59.27000045776367,3726200
2022-07-13,53.7700080871582,59.34000015258789,59.709999084472656,57.849998474121094,58.189998626708984,2944100
2022-07-14,55.21076965332031,60.93000030517578,61.119998931884766,58.25,59.119998931884766,3376200
2022-07-15,56.524662017822266,62.380001068115234,62.459999084472656,60.59000015258789,61.29999923706055,3924800
2022-07-18,55.953792572021484,61.75,63.599998474121094,61.36000061035156,62.939998626708984,3554800
2022-07-19,58.46379089355469,64.5199966430664,64.91000366210938,62.709999084472656,62.72999954223633,4696200
2022-07-20,59.39712142944336,65.55000305175781,65.97000122070312,63.22999954223633,64.0,3609700
2022-07-21,59.986083984375,66.19999694824219,66.2300033569336,64.56999969482422,65.94000244140625,3163600
2022-07-22,58.64501953125,64.72000122070312,66.43000030517578,64.30999755859375,66.3499984741211,4085000
2022-07-25,58.536277770996094,64.5999984741211,64.95999908447266,63.59000015258789,64.68000030517578,2751700
2022-07-26,57.53046417236328,63.4900016784668,64.73999786376953,63.38999938964844,64.41000366210938,3028500
2022-07-27,60.4119758605957,66.66999816894531,67.2300033569336,64.4800033569336,64.83999633789062,5941000
2022-07-28,61.0462760925293,67.37000274658203,67.61000061035156,65.5199966430664,66.75,2929300
2022-07-29,62.396419525146484,68.86000061035156,69.30999755859375,66.44999694824219,67.0999984741211,3880900
2022-08-01,62.668251037597656,69.16000366210938,69.61000061035156,67.5,68.0999984741211,3278000
2022-08-02,62.767921447753906,69.2699966430664,70.33000183105469,68.48999786376953,68.79000091552734,4438600
2022-08-03,66.34716033935547,73.22000122070312,73.56999969482422,70.5199966430664,72.25,6170400
2022-08-04,65.93034362792969,72.76000213623047,73.68000030517578,72.02999877929688,73.43000030517578,3399100
2022-08-05,64.75237274169922,71.45999908447266,72.54000091552734,70.38999938964844,71.56999969482422,4005600
2022-08-08,64.24491882324219,70.9000015258789,71.80999755859375,69.68000030517578,71.16000366210938,3131200
2022-08-09,61.61714172363281,68.0,70.0999984741211,67.0999984741211,69.88999938964844,5182700
2022-08-10,64.05464172363281,70.69000244140625,70.86000061035156,68.70999908447266,69.79000091552734,4192600
2022-08-11,64.67081451416016,71.37000274658203,72.3499984741211,70.7699966430664,71.12000274658203,3732000
2022-08-12,66.79118347167969,73.70999908447266,73.98999786376953,71.66999816894531,71.94000244140625,4408200
2022-08-15,67.30766296386719,74.27999877929688,74.62999725341797,73.16999816894531,73.37000274658203,4328700
2022-08-16,67.13549041748047,74.08999633789062,74.79000091552734,73.36000061035156,74.12000274658203,4169400
2022-08-17,64.96076965332031,71.69000244140625,73.05999755859375,69.83000183105469,73.05000305175781,6450200
2022-08-18,66.14461517333984,72.69000244140625,73.37999725341797,71.1500015258789,71.83000183105469,4246100
2022-08-19,64.4612045288086,70.83999633789062,72.13999938964844,70.51000213623047,71.55999755859375,4797100
2022-08-22,61.958831787109375,68.08999633789062,69.76000213623047,67.83000183105469,69.37000274658203,4842100
2022-08-23,62.89609146118164,69.12000274658203,69.91999816894531,68.11000061035156,68.20999908447266,6817700
2022-08-24,62.3501091003418,68.5199966430664,69.02999877929688,67.76000213623047,68.7300033569336,4729900
2022-08-25,64.22462463378906,70.58000183105469,70.69999694824219,68.73999786376953,68.86000061035156,3631600
2022-08-26,60.02061462402344,65.95999908447266,70.62999725341797,65.91999816894531,70.30999755859375,5610700
2022-08-29,58.8831787109375,64.70999908447266,66.05999755859375,64.58999633789062,65.48999786376953,3834200
2022-08-30,59.22896194458008,65.08999633789062,65.66000366210938,63.540000915527344,65.48999786376953,5726200
2022-08-31,59.37456512451172,65.25,65.97000122070312,64.12999725341797,65.20999908447266,6793600
2022-09-01,59.0833625793457,64.93000030517578,65.01000213623047,62.86000061035156,63.7599983215332,5225300
2022-09-02,58.69209289550781,64.5,66.73999786376953,64.13999938964844,65.7699966430664,4490900
2022-09-06,58.0096321105957,63.75,65.11000061035156,63.16999816894531,64.54000091552734,3780300
2022-09-07,59.17436981201172,65.02999877929688,65.55000305175781,63.790000915527344,64.11000061035156,3703900
2022-09-08,59.820438385009766,65.73999786376953,66.0199966430664,63.95000076293945,64.47000122070312,4178100
2022-09-09,60.930580139160156,66.95999908447266,67.62999725341797,66.3499984741211,66.45999908447266,3564500
2022-09-12,61.34916305541992,67.41999816894531,67.91000366210938,66.7699966430664,67.33999633789062,3506800
2022-09-13,57.472747802734375,63.15999984741211,65.31999969482422,62.939998626708984,64.72000122070312,6528800
2022-09-14,59.774940490722656,65.69000244140625,66.08999633789062,63.150001525878906,63.720001220703125,7273400
2022-09-15,58.7830810546875,64.5999984741211,66.61000061035156,63.959999084472656,65.31999969482422,4397100
2022-09-16,59.784034729003906,65.69999694824219,65.76000213623047,63.2599983215332,64.01000213623047,6229300
2022-09-19,60.86687469482422,66.88999938964844,66.93000030517578,64.81999969482422,64.91999816894531,4066300
2022-09-20,59.48374557495117,65.37000274658203,66.79000091552734,65.08999633789062,66.20999908447266,5180600
2022-09-21,58.90138244628906,64.7300033569336,67.61000061035156,64.68000030517578,65.5999984741211,3948400
2022-09-22,57.60924530029297,63.310001373291016,64.69999694824219,62.88999938964844,64.6500015258789,4300400
2022-09-23,56.580997467041016,62.18000030517578,62.900001525878906,60.75,62.689998626708984,4725500
2022-09-26,55.92582321166992,61.459999084472656,63.27000045776367,61.27000045776367,62.189998626708984,4642700
2022-09-27,56.88127899169922,62.5099983215332,63.040000915527344,61.279998779296875,62.4900016784668,3425100
2022-09-28,58.1461181640625,63.900001525878906,64.23999786376953,61.95000076293945,62.2400016784668,4101700
2022-09-29,56.408103942871094,61.9900016784668,63.09000015258789,60.77000045776367,63.08000183105469,5469500
2022-09-30,55.534542083740234,61.029998779296875,63.0,60.959999084472656,61.38999938964844,4281800
2022-10-03,57.927730560302734,63.65999984741211,64.30999755859375,61.439998626708984,62.209999084472656,5170600
2022-10-04,60.693992614746094,66.69999694824219,66.7699966430664,65.16999816894531,65.87999725341797,4514300
2022-10-05,61.321876525878906,67.38999938964844,67.91999816894531,65.1500015258789,65.66999816894531,3603100
2022-10-06,61.076175689697266,67.12000274658203,68.38999938964844,66.88999938964844,67.18000030517578,3175200
2022-10-07,58.07331848144531,63.81999969482422,65.5199966430664,63.47999954223633,65.0999984741211,6359500
2022-10-10,55.71653747558594,61.22999954223633,64.01000213623047,60.84000015258789,63.869998931884766,5129600
2022-10-11,54.18781280517578,59.54999923706055,61.150001525878906,58.650001525878906,60.0,6887900
2022-10-12,52.63179397583008,57.84000015258789,59.529998779296875,57.7599983215332,58.959999084472656,4850500
2022-10-13,54.08772659301758,59.439998626708984,60.400001525878906,54.77000045776367,55.869998931884766,7910400
2022-10-14,52.14950942993164,57.310001373291016,60.34000015258789,57.20000076293945,60.099998474121094,4601400
2022-10-17,53.63274002075195,58.939998626708984,60.36000061035156,58.20000076293945,59.91999816894531,4196500
2022-10-18,53.93302536010742,59.27000045776367,61.4900016784668,58.16999816894531,60.86000061035156,3179700
2022-10-19,53.9785270690918,59.31999969482422,60.09000015258789,58.40999984741211,58.5,3498200
2022-10-20,53.92392349243164,59.2599983215332,60.97999954223633,58.56999969482422,58.56999969482422,3989100
2022-10-21,56.28071594238281,61.849998474121094,62.029998779296875,58.84000015258789,59.25,5010000
2022-10-24,56.80848693847656,62.43000030517578,62.66999816894531,60.88999938964844,62.13999938964844,3274400
2022-10-25,58.67390060424805,64.4800033569336,65.31999969482422,62.5099983215332,62.650001525878906,6425300
2022-10-26,56.935874938964844,62.56999969482422,64.58000183105469,62.099998474121094,62.900001525878906,5347400
2022-10-27,55.72563934326172,61.2400016784668,64.0,61.11000061035156,63.52000045776367,7152200
2022-10-28,57.32716369628906,63.0,63.310001373291016,60.9900016784668,61.61000061035156,11231000
2022-10-31,56.18061447143555,61.7400016784668,62.459999084472656,60.7400016784668,62.2400016784668,5515400
2022-11-01,56.74478530883789,62.36000061035156,63.47999954223633,61.81999969482422,63.150001525878906,4695900
2022-11-02,55.17966842651367,60.63999938964844,64.20999908447266,60.59000015258789,62.79999923706055,6138500
2022-11-03,54.10592269897461,59.459999084472656,60.58000183105469,58.61000061035156,59.95000076293945,5458200
2022-11-04,58.10972595214844,63.86000061035156,66.5,62.130001068115234,66.44000244140625,11234100
2022-11-07,59.629356384277344,65.52999877929688,65.80000305175781,63.099998474121094,64.4800033569336,6304700
2022-11-08,61.658546447753906,67.76000213623047,68.62999725341797,65.8499984741211,66.88999938964844,6804400
2022-11-09,60.512001037597656,66.5,67.38999938964844,65.61000061035156,66.80000305175781,5483000
2022-11-10,67.26386260986328,73.91999816894531,74.22000122070312,70.0999984741211,70.68000030517578,10557300
2022-11-11,69.00187683105469,75.83000183105469,76.27999877929688,73.05000305175781,74.2300033569336,4963700
2022-11-14,68.1465072631836,74.88999938964844,76.98999786376953,74.80000305175781,75.12000274658203,4908600
2022-11-15,70.01193237304688,76.94000244140625,78.12000274658203,75.58999633789062,77.66999816894531,4947800
2022-11-16,67.00908660888672,73.63999938964844,75.62999725341797,72.91000366210938,75.12000274658203,6007400
2022-11-17,67.14559173583984,73.79000091552734,74.12999725341797,71.83999633789062,71.94000244140625,3296600
2022-11-18,67.49136352539062,74.16999816894531,75.25,73.51000213623047,75.12000274658203,2763700
2022-11-21,66.0362548828125,72.25,73.6500015258789,71.61000061035156,73.5,4204400
2022-11-22,68.71427917480469,75.18000030517578,75.29000091552734,72.6500015258789,72.87999725341797,5455100
2022-11-23,70.03044891357422,76.62000274658203,77.48999786376953,74.95999908447266,75.08999633789062,5039200
2022-11-25,69.16214752197266,75.66999816894531,76.7300033569336,75.62999725341797,76.26000213623047,1753400
2022-11-28,67.94652557373047,74.33999633789062,76.4800033569336,73.73999786376953,74.77999877929688,4810500
2022-11-29,67.83683776855469,74.22000122070312,74.94000244140625,73.33000183105469,74.7699966430664,2624500
2022-11-30,72.37940979003906,79.19000244140625,79.27999877929688,73.63999938964844,74.72000122070312,7850300
2022-12-01,71.58423614501953,78.31999969482422,79.91000366210938,77.3499984741211,79.75,4118200
2022-12-02,70.66109466552734,77.30999755859375,77.38999938964844,76.02999877929688,76.26000213623047,4036700
2022-12-05,69.99388122558594,76.58000183105469,77.11000061035156,75.91999816894531,76.7300033569336,3433600
2022-12-06,68.67771911621094,75.13999938964844,76.63999938964844,74.52999877929688,76.41999816894531,3428900
2022-12-07,68.7599868774414,75.2300033569336,75.81999969482422,74.41999816894531,74.66999816894531,3014200
2022-12-08,70.2132339477539,76.81999969482422,77.13999938964844,75.25,75.83000183105469,3677400
2022-12-09,69.35409545898438,75.87999725341797,77.38999938964844,75.3499984741211,75.91000366210938,3210400
2022-12-12,70.67936706542969,77.33000183105469,77.4000015258789,75.37000274658203,75.52999877929688,4293000
2022-12-13,70.75250244140625,77.41000366210938,80.5,76.37000274658203,80.04000091552734,5413200
2022-12-14,69.56429290771484,76.11000061035156,78.37000274658203,75.51000213623047,77.41999816894531,3707500
2022-12-15,66.45670318603516,72.70999908447266,75.0,72.52999877929688,74.72000122070312,6190000
2022-12-16,66.42015075683594,72.66999816894531,72.95999908447266,71.51000213623047,72.16000366210938,9412500
2022-12-19,65.33250427246094,71.4800033569336,72.94999694824219,70.48999786376953,72.94999694824219,5084800
2022-12-20,65.09485626220703,71.22000122070312,72.12999725341797,70.27999877929688,70.62999725341797,2666600
2022-12-21,66.6852035522461,72.95999908447266,73.04000091552734,71.58000183105469,71.76000213623047,3209500
2022-12-22,63.89753341674805,69.91000366210938,71.37000274658203,68.44999694824219,71.37000274658203,7644500
2022-12-23,63.915794372558594,69.93000030517578,69.98999786376953,68.69000244140625,69.38999938964844,2501200
2022-12-27,63.09319305419922,69.02999877929688,69.66999816894531,68.31999969482422,69.44000244140625,3642200
2022-12-28,62.03296661376953,67.87000274658203,69.61000061035156,67.69000244140625,68.55000305175781,2674300
2022-12-29,64.39107513427734,70.44999694824219,70.7699966430664,68.72000122070312,68.79000091552734,3825200
2022-12-30,64.20826721191406,70.25,70.33000183105469,68.80999755859375,69.33000183105469,2438200
2023-01-03,63.15718078613281,69.0999984741211,71.58000183105469,68.41000366210938,71.29000091552734,3536800
2023-01-04,64.70182800292969,70.79000091552734,71.61000061035156,69.58000183105469,70.61000061035156,5214600
2023-01-05,63.15718078613281,69.0999984741211,70.77999877929688,68.9800033569336,69.86000061035156,4026000
2023-01-06,66.51155090332031,72.7699966430664,73.26000213623047,69.73999786376953,70.68000030517578,4858400
2023-01-09,67.4529800415039,73.80000305175781,75.38999938964844,73.55999755859375,74.0,3398400
2023-01-10,68.9610595703125,75.44999694824219,75.52999877929688,73.36000061035156,73.98999786376953,2744500
2023-01-11,68.91535186767578,75.4000015258789,75.98999786376953,74.7300033569336,75.73999786376953,3997500
2023-01-12,68.76911926269531,75.23999786376953,75.91000366210938,73.9800033569336,75.66999816894531,3370500
2023-01-13,68.47664642333984,74.91999816894531,75.06999969482422,73.91000366210938,74.7699966430664,4004200
2023-01-17,68.08362579345703,74.48999786376953,75.7699966430664,73.58000183105469,74.87000274658203,3030000
2023-01-18,67.54438018798828,73.9000015258789,76.08000183105469,73.83000183105469,75.37999725341797,4412700
2023-01-19,65.57926940917969,71.75,73.66999816894531,71.41000366210938,73.5199966430664,4882300
2023-01-20,67.2701644897461,73.5999984741211,73.75,71.47000122070312,72.52999877929688,3925400
2023-01-23,69.7470932006836,76.30999755859375,76.66000366210938,73.8499984741211,73.8499984741211,4608800
2023-01-24,69.20785522460938,75.72000122070312,76.63999938964844,75.26000213623047,75.43000030517578,3233500
2023-01-25,69.58256530761719,76.12999725341797,76.22000122070312,73.80000305175781,74.56999969482422,3697000
2023-01-26,71.52938079833984,78.26000213623047,78.36000061035156,76.23999786376953,77.30999755859375,4797600
2023-01-27,70.99928283691406,77.68000030517578,78.5999984741211,77.0999984741211,77.30999755859375,4450200
2023-01-30,69.17127227783203,75.68000030517578,77.41000366210938,75.48999786376953,76.80999755859375,4574100
2023-01-31,70.94444274902344,77.62000274658203,77.73999786376953,75.63999938964844,75.68000030517578,9737400
2023-02-01,74.17999267578125,81.16000366210938,82.08000183105469,77.87999725341797,77.9000015258789,7167000
2023-02-02,77.2601547241211,84.52999877929688,84.94999694824219,82.0,82.0199966430664,8886200
2023-02-03,78.00048065185547,85.33999633789062,87.76000213623047,83.51000213623047,83.72000122070312,8935100
2023-02-06,77.20531463623047,84.47000122070312,86.23999786376953,83.80000305175781,84.29000091552734,5810300
2023-02-07,79.0790023803711,86.5199966430664,87.0,84.16000366210938,84.62999725341797,6388600
2023-02-08,77.49779510498047,84.79000091552734,86.41999816894531,84.5999984741211,85.81999969482422,4189100
2023-02-09,77.58920288085938,84.88999938964844,86.81999969482422,84.2699966430664,86.19999694824219,4792300
2023-02-10,75.49612426757812,82.5999984741211,84.16999816894531,81.94999694824219,84.08999633789062,6291200
2023-02-13,77.07735443115234,84.33000183105469,84.47000122070312,82.80000305175781,82.87999725341797,4421600
2023-02-14,77.58003234863281,84.87999725341797,85.77999877929688,83.05999755859375,83.43000030517578,4553700
2023-02-15,78.52145385742188,85.91000366210938,86.0,84.1500015258789,84.29000091552734,4016600
2023-02-16,77.36070251464844,84.63999938964844,85.66000366210938,84.30000305175781,84.66000366210938,4760500
2023-02-17,76.4317855834961,83.2699966430664,84.11000061035156,82.5199966430664,84.0,4733500
2023-02-21,74.05448913574219,80.68000030517578,83.20999908447266,80.37000274658203,82.37000274658203,6795100
2023-02-22,73.2283935546875,79.77999877929688,81.19999694824219,79.16999816894531,81.12999725341797,3997500
2023-02-23,74.53178405761719,81.19999694824219,81.87999725341797,79.76000213623047,81.44999694824219,4841300
2023-02-24,73.13660430908203,79.68000030517578,80.4000015258789,79.44000244140625,80.08000183105469,4280200
2023-02-27,73.99943542480469,80.62000274658203,81.61000061035156,80.41999816894531,81.41000366210938,3175600
2023-02-28,74.375732421875,81.02999877929688,82.08999633789062,80.26000213623047,80.44999694824219,3719400
2023-03-01,74.14628601074219,80.77999877929688,81.94999694824219,80.58000183105469,81.37000274658203,3383600
2023-03-02,74.39411926269531,81.05000305175781,81.55999755859375,78.95999908447266,79.55999755859375,3395100
2023-03-03,75.81681060791016,82.5999984741211,82.87000274658203,80.41999816894531,81.25,5001500
2023-03-06,75.2385482788086,81.97000122070312,83.62000274658203,81.58000183105469,83.1500015258789,3443100
2023-03-07,75.36705780029297,82.11000061035156,83.80999755859375,81.31999969482422,82.7699966430664,4364800
2023-03-08,77.57913970947266,84.5199966430664,84.6500015258789,82.12999725341797,82.12999725341797,5563200
2023-03-09,76.4226303100586,83.26000213623047,85.77999877929688,83.08000183105469,84.61000061035156,4814500
2023-03-10,74.87139129638672,81.56999969482422,84.06999969482422,81.30999755859375,83.8499984741211,4727100
2023-03-13,74.6052017211914,81.27999877929688,82.37000274658203,80.08000183105469,80.58000183105469,5788100
2023-03-14,76.40426635742188,83.23999786376953,83.70999908447266,81.83000183105469,82.76000213623047,5799200
2023-03-15,73.89844512939453,80.51000213623047,82.27999877929688,79.05000305175781,82.05000305175781,6068800
2023-03-16,75.49555969238281,82.25,82.80000305175781,79.4800033569336,80.0999984741211,6275800
2023-03-17,74.08202362060547,80.70999908447266,82.23999786376953,79.9000015258789,82.20999908447266,8782500
2023-03-20,75.53227233886719,82.29000091552734,82.83000183105469,80.56999969482422,81.04000091552734,3825800
2023-03-21,75.53227233886719,82.29000091552734,83.77999877929688,81.44999694824219,83.0,3771800
2023-03-22,73.95352172851562,80.56999969482422,83.72000122070312,80.47000122070312,82.25,5048100
2023-03-23,75.54145812988281,82.30000305175781,83.79000091552734,80.66999816894531,82.01000213623047,4942500
2023-03-24,72.90713500976562,79.43000030517578,81.79000091552734,78.91000366210938,81.37999725341797,5487600
2023-03-27,71.18152618408203,77.55000305175781,79.79000091552734,76.98999786376953,79.58000183105469,7203400
2023-03-28,71.466064453125,77.86000061035156,77.91999816894531,76.16999816894531,77.41999816894531,4260200
2023-03-29,74.22887420654297,80.87000274658203,81.51000213623047,78.91999816894531,79.4000015258789,4717500
2023-03-30,75.9820327758789,82.77999877929688,83.08999633789062,81.63999938964844,82.05000305175781,3555900
2023-03-31,76.89989471435547,83.77999877929688,83.91999816894531,82.25,82.48999786376953,3115200
2023-04-03,75.91778564453125,82.70999908447266,84.33000183105469,81.87000274658203,83.55000305175781,3434900
2023-04-04,74.93566131591797,81.63999938964844,83.05999755859375,80.80999755859375,83.05000305175781,4198100
2023-04-05,72.98975372314453,79.5199966430664,80.98999786376953,78.18000030517578,80.98999786376953,6202200
2023-04-06,72.23709106445312,78.69999694824219,79.9000015258789,77.33999633789062,78.45999908447266,3417100
2023-04-10,73.93517303466797,80.55000305175781,80.76000213623047,77.91000366210938,78.18000030517578,3132100
2023-04-11,73.93517303466797,80.55000305175781,81.55000305175781,80.37999725341797,81.1500015258789,2837100
2023-04-12,72.72356414794922,79.2300033569336,81.58000183105469,79.05999755859375,81.29000091552734,2406800
2023-04-13,73.54965209960938,80.12999725341797,80.68000030517578,78.41999816894531,79.26000213623047,2885600
2023-04-14,72.99891662597656,79.52999877929688,81.4000015258789,78.79000091552734,80.33000183105469,2837900
2023-04-17,73.92598724365234,80.54000091552734,80.69999694824219,78.75,78.83000183105469,2849100
2023-04-18,74.13709259033203,80.7699966430664,82.26000213623047,80.0199966430664,81.4800033569336,3415700
2023-04-19,72.86125183105469,79.37999725341797,80.19000244140625,78.66999816894531,80.19000244140625,2947800
2023-04-20,71.13563537597656,77.5,78.70999908447266,76.94999694824219,77.73999786376953,6401600
2023-04-21,70.49313354492188,76.80000305175781,77.13999938964844,76.16999816894531,77.0999984741211,3683300
2023-04-24,70.92450714111328,77.2699966430664,77.27999877929688,76.26000213623047,76.75,2893900
2023-04-25,68.26268768310547,74.37000274658203,76.93000030517578,74.3499984741211,76.93000030517578,5923000
2023-04-26,68.02401733398438,74.11000061035156,75.23999786376953,73.63999938964844,75.04000091552734,4232600
2023-04-27,65.90373229980469,71.80000305175781,72.79000091552734,70.30000305175781,72.69000244140625,7746600
2023-04-28,66.9959945678711,72.98999786376953,73.0999984741211,71.61000061035156,72.08999633789062,4460700
2023-05-01,69.18974304199219,75.37999725341797,76.01000213623047,73.4000015258789,73.4000015258789,5312300
2023-05-02,69.86896514892578,76.12000274658203,78.01000213623047,75.20999908447266,76.30000305175781,5503600
2023-05-03,69.98828887939453,76.25,77.9800033569336,75.8499984741211,76.1500015258789,5536700
2023-05-04,69.78633880615234,76.02999877929688,76.27999877929688,74.83000183105469,75.70999908447266,6144700
2023-05-05,69.00615692138672,75.18000030517578,76.55999755859375,70.75,71.0,9468200
2023-05-08,68.17088317871094,74.2699966430664,75.8499984741211,73.72000122070312,75.19000244140625,4222800
2023-05-09,66.7389907836914,72.70999908447266,73.5199966430664,71.52999877929688,73.44999694824219,5017400
2023-05-10,68.07909393310547,74.16999816894531,74.58999633789062,73.2699966430664,73.51000213623047,6898700
2023-05-11,67.14286804199219,73.1500015258789,73.9800033569336,71.83999633789062,73.8499984741211,4613200
2023-05-12,67.7486572265625,73.80999755859375,74.18000030517578,72.80000305175781,73.98999786376953,2907500
2023-05-15,69.18974304199219,75.37999725341797,75.41999816894531,73.23999786376953,73.66999816894531,3181500
2023-05-16,67.96896362304688,74.05000305175781,76.16999816894531,73.98999786376953,75.4000015258789,3354200
2023-05-17,70.30953216552734,76.5999984741211,76.87999725341797,74.44000244140625,75.06999969482422,4100700
2023-05-18,71.86994171142578,78.30000305175781,78.48999786376953,76.76000213623047,77.13999938964844,5384900
2023-05-19,71.82659149169922,77.87000274658203,78.36000061035156,77.47000122070312,78.0,3672600
2023-05-22,73.04412841796875,79.19000244140625,79.62999725341797,77.3499984741211,77.37999725341797,4828000
2023-05-23,71.59598541259766,77.62000274658203,78.83000183105469,77.47000122070312,78.31999969482422,4555800
2023-05-24,67.90644073486328,73.62000274658203,75.5,72.55999755859375,74.9000015258789,7827800
2023-05-25,68.38607025146484,74.13999938964844,74.43000030517578,71.3499984741211,73.12000274658203,7471600
2023-05-26,72.24165344238281,78.31999969482422,78.97000122070312,74.69999694824219,75.0,8215900
2023-05-30,70.88574981689453,76.8499984741211,80.12999725341797,76.23999786376953,80.0,4875800
2023-05-31,69.41915130615234,75.26000213623047,77.45999908447266,74.93000030517578,76.29000091552734,7860500
2023-06-01,70.71051025390625,76.66000366210938,77.44000244140625,74.16999816894531,75.8499984741211,5417800
2023-06-02,71.20858764648438,77.19999694824219,77.80000305175781,75.7300033569336,77.13999938964844,3400200
2023-06-05,69.42837524414062,75.2699966430664,77.62999725341797,74.73999786376953,77.5,4185200
2023-06-06,71.48530578613281,77.5,77.69999694824219,75.01000213623047,75.1500015258789,4750300
2023-06-07,74.70443725585938,80.98999786376953,81.83000183105469,77.9800033569336,77.98999786376953,8071400
2023-06-08,74.48308563232422,80.75,81.87999725341797,80.16000366210938,81.16999816894531,5026700
2023-06-09,73.85584259033203,80.06999969482422,82.11000061035156,79.37000274658203,81.9800033569336,3334100
2023-06-12,76.48465728759766,82.91999816894531,83.3499984741211,80.61000061035156,80.80000305175781,5703500
2023-06-13,79.05812072753906,85.70999908447266,85.86000061035156,83.73999786376953,83.73999786376953,8013300
2023-06-14,79.91595458984375,86.63999938964844,87.12999725341797,85.05000305175781,85.5999984741211,5908500
2023-06-15,78.7445068359375,85.37000274658203,86.37999725341797,85.2699966430664,85.76000213623047,5077000
2023-06-16,78.85520935058594,85.48999786376953,86.44000244140625,84.8499984741211,86.44000244140625,9205100
2023-06-20,77.840576171875,84.38999938964844,85.26000213623047,83.13999938964844,84.7300033569336,4311200
2023-06-21,76.52155303955078,82.95999908447266,84.58000183105469,82.9000015258789,83.62999725341797,3856500
2023-06-22,76.66914367675781,83.12000274658203,83.55000305175781,81.93000030517578,82.58000183105469,3253800
2023-06-23,75.60839080810547,81.97000122070312,82.27999877929688,80.80000305175781,81.6500015258789,4591300
2023-06-26,76.41085815429688,82.83999633789062,83.83000183105469,82.2300033569336,82.38999938964844,3685900
2023-06-27,80.04508209228516,86.77999877929688,87.08000183105469,82.9000015258789,83.12000274658203,4904300
2023-06-28,79.21492004394531,85.87999725341797,86.95999908447266,85.58999633789062,85.80000305175781,4151400
2023-06-29,80.22958374023438,86.9800033569336,87.2699966430664,85.77999877929688,86.37999725341797,3455100
2023-06-30,82.63700103759766,89.58999633789062,90.05000305175781,87.95999908447266,88.2699966430664,5289600
2023-07-03,83.65162658691406,90.69000244140625,91.38999938964844,88.88999938964844,90.70999908447266,2488700
2023-07-05,81.56703186035156,88.43000030517578,89.76000213623047,88.22000122070312,89.56999969482422,5234000
2023-07-06,80.14655303955078,86.88999938964844,87.69999694824219,85.91000366210938,86.66999816894531,6116900
2023-07-07,79.89749908447266,86.62000274658203,87.83999633789062,86.55000305175781,87.08999633789062,4941900
2023-07-10,81.9913330078125,88.88999938964844,88.97000122070312,87.0199966430664,87.0199966430664,6679400
2023-07-11,81.53013610839844,88.38999938964844,89.81999969482422,87.11000061035156,89.4800033569336,4063000
2023-07-12,83.67008972167969,90.70999908447266,91.55000305175781,89.5199966430664,89.68000030517578,4331600
2023-07-13,85.1920394897461,92.36000061035156,92.75,90.83999633789062,91.38999938964844,5135100
2023-07-14,82.75689697265625,89.72000122070312,92.44999694824219,89.33999633789062,92.1500015258789,3838900
2023-07-17,85.0260009765625,92.18000030517578,92.79000091552734,89.0199966430664,89.29000091552734,4167500
2023-07-18,86.09596252441406,93.33999633789062,93.5199966430664,91.55999755859375,91.61000061035156,3483700
2023-07-19,84.61092376708984,91.7300033569336,93.58000183105469,91.5999984741211,93.37000274658203,2553200
2023-07-20,81.39176177978516,88.23999786376953,90.75,87.7699966430664,90.19000244140625,6041700
2023-07-21,82.75689697265625,89.72000122070312,90.58000183105469,89.04000091552734,89.44999694824219,9999400
2023-07-24,81.972900390625,88.87000274658203,90.73999786376953,88.2300033569336,89.58000183105469,3361700
2023-07-25,83.79000091552734,90.83999633789062,91.44000244140625,89.4800033569336,89.56999969482422,4260800
2023-07-26,81.47479248046875,88.33000183105469,89.66000366210938,87.87000274658203,89.30999755859375,4524700
2023-07-27,83.41181182861328,90.43000030517578,92.51000213623047,89.66000366210938,90.80999755859375,8102400
2023-07-28,85.87460327148438,93.0999984741211,93.4000015258789,90.52999877929688,91.80999755859375,5664900
2023-07-31,86.6494140625,93.94000244140625,94.30000305175781,93.29000091552734,93.48999786376953,4732300
2023-08-01,86.10519409179688,93.3499984741211,93.70999908447266,91.9000015258789,92.62000274658203,3512200
2023-08-02,83.26424407958984,90.2699966430664,92.5,89.94999694824219,92.5,5190400
2023-08-03,82.57243347167969,89.5199966430664,90.62999725341797,87.70999908447266,88.69999694824219,5966400
2023-08-04,76.98277282714844,83.45999908447266,87.12999725341797,82.0199966430664,86.0199966430664,11225300
2023-08-07,78.22798156738281,84.80999755859375,84.8499984741211,83.41000366210938,83.69000244140625,5594300
2023-08-08,77.9697036743164,84.52999877929688,84.69000244140625,82.33000183105469,83.19999694824219,4243500
2023-08-09,77.53618621826172,84.05999755859375,85.33999633789062,83.58999633789062,84.72000122070312,6357900
2023-08-10,76.8443832397461,83.30999755859375,85.12999725341797,82.5,85.05999755859375,4534500
2023-08-11,75.42388916015625,81.7699966430664,83.02999877929688,81.62000274658203,82.37000274658203,3753400
2023-08-14,76.5953369140625,83.04000091552734,83.05000305175781,81.3499984741211,81.55000305175781,4483400
2023-08-15,74.61219787597656,80.88999938964844,82.66999816894531,80.83000183105469,82.3499984741211,3871500
2023-08-16,73.5791244506836,79.7699966430664,80.95999908447266,79.62000274658203,80.4800033569336,3955600
2023-08-17,72.96112060546875,79.0999984741211,79.97000122070312,78.83999633789062,79.8499984741211,3993100
2023-08-18,73.24706268310547,79.41000366210938,79.77999877929688,77.58999633789062,78.38999938964844,4270900
2023-08-21,74.6563720703125,80.5199966430664,80.80999755859375,79.05999755859375,79.69999694824219,4479600
2023-08-22,74.38750457763672,80.2300033569336,81.8499984741211,79.70999908447266,81.56999969482422,2883900
2023-08-23,74.72126770019531,80.58999633789062,81.5,78.51000213623047,78.62999725341797,5586100
2023-08-24,72.09736633300781,77.76000213623047,81.44000244140625,77.5999984741211,81.16000366210938,6584700
2023-08-25,73.59012603759766,79.37000274658203,79.66999816894531,77.22000122070312,78.08000183105469,4553300
2023-08-28,74.44312286376953,80.29000091552734,80.75,79.63999938964844,80.05000305175781,3849800
2023-08-29,76.00077819824219,81.97000122070312,82.23999786376953,79.62000274658203,79.81999969482422,4071900
2023-08-30,76.01933288574219,81.98999786376953,82.36000061035156,80.33999633789062,81.58999633789062,4880400
2023-08-31,75.88024139404297,81.83999633789062,82.76000213623047,81.55000305175781,82.30999755859375,4640800
2023-09-01,76.2974853515625,82.29000091552734,82.87999725341797,81.62000274658203,82.83999633789062,2112900
2023-09-05,75.62063598632812,81.55999755859375,82.33999633789062,80.93000030517578,81.69000244140625,3258300
2023-09-06,75.15705108642578,81.05999755859375,82.58999633789062,80.19000244140625,81.72000122070312,3996400
2023-09-07,73.33978271484375,79.0999984741211,79.44999694824219,78.08999633789062,79.12000274658203,6248100
2023-09-08,73.04310607910156,78.77999877929688,79.70999908447266,78.44000244140625,79.0999984741211,4875400
2023-09-11,73.6735610961914,79.45999908447266,80.12999725341797,78.04000091552734,80.0,3695400
2023-09-12,72.66294860839844,78.37000274658203,79.94999694824219,78.19000244140625,78.80000305175781,3998300
2023-09-13,72.94110107421875,78.66999816894531,79.77999877929688,78.37999725341797,78.63999938964844,3315600
2023-09-14,74.20206451416016,80.02999877929688,80.62999725341797,78.41999816894531,79.77999877929688,3680500
2023-09-15,71.97684478759766,77.62999725341797,79.72000122070312,77.16999816894531,79.72000122070312,8587300
2023-09-18,72.27352142333984,77.94999694824219,78.16000366210938,76.80000305175781,77.31999969482422,3746800
2023-09-19,72.11589813232422,77.77999877929688,78.1500015258789,76.81999969482422,77.58000183105469,2232600
2023-09-20,71.13310241699219,76.72000122070312,78.69000244140625,76.66000366210938,78.38999938964844,2666800
2023-09-21,70.54898071289062,76.08999633789062,77.37000274658203,75.66999816894531,75.80000305175781,4733000
2023-09-22,71.4668960571289,77.08000183105469,77.80999755859375,76.41000366210938,76.61000061035156,3713300
2023-09-25,71.79139709472656,77.43000030517578,77.55000305175781,76.20999908447266,76.51000213623047,2182500
2023-09-26,70.51190185546875,76.05000305175781,77.06999969482422,75.62999725341797,77.06999969482422,3996400
2023-09-27,70.92911529541016,76.5,76.94000244140625,75.23999786376953,76.73999786376953,3596800
2023-09-28,72.88546752929688,78.61000061035156,79.30999755859375,76.33000183105469,76.62999725341797,4321600
2023-09-29,72.36627197265625,78.05000305175781,79.58000183105469,77.66000366210938,79.44999694824219,3311200
2023-10-02,72.66294860839844,78.37000274658203,79.02999877929688,77.12999725341797,78.27999877929688,3442600
2023-10-03,71.16091918945312,76.75,78.58999633789062,76.16000366210938,77.26000213623047,3740000
2023-10-04,72.10663604736328,77.7699966430664,78.06999969482422,76.47000122070312,76.79000091552734,3519300
2023-10-05,71.71722412109375,77.3499984741211,78.19000244140625,76.29000091552734,77.75,3338400
2023-10-06,73.74773406982422,79.54000091552734,80.0199966430664,76.29000091552734,76.91000366210938,5348300
2023-10-09,73.64575958251953,79.43000030517578,79.55000305175781,78.13999938964844,78.66999816894531,2884100
2023-10-10,74.8974609375,80.77999877929688,81.61000061035156,79.54000091552734,79.88999938964844,4324400
2023-10-11,75.31466674804688,81.2300033569336,81.62000274658203,79.94999694824219,81.0199966430664,3122100
2023-10-12,74.64710235595703,80.51000213623047,81.66999816894531,79.79000091552734,81.36000061035156,4190000
2023-10-13,71.8192138671875,77.45999908447266,81.16000366210938,77.2300033569336,80.86000061035156,4758400
2023-10-16,73.2007064819336,78.94999694824219,79.23999786376953,77.61000061035156,77.79000091552734,4787200
2023-10-17,73.16363525390625,78.91000366210938,79.94999694824219,77.05999755859375,77.4000015258789,3667800
2023-10-18,72.31062316894531,77.98999786376953,78.66000366210938,76.5999984741211,77.41000366210938,4673700
2023-10-19,71.197998046875,76.79000091552734,78.68000030517578,76.4800033569336,78.12000274658203,4081500
2023-10-20,69.87214660644531,75.36000061035156,77.0999984741211,75.18000030517578,76.83000183105469,3642700
2023-10-23,68.97278594970703,74.38999938964844,75.73999786376953,73.80000305175781,74.91999816894531,3587800
2023-10-24,70.49334716796875,76.02999877929688,76.41000366210938,74.58999633789062,75.08999633789062,4801600
2023-10-25,66.1819839477539,71.37999725341797,74.22000122070312,70.91000366210938,74.13999938964844,8532300
2023-10-26,67.46147918701172,72.76000213623047,74.08999633789062,72.06999969482422,72.5199966430664,4571700
2023-10-27,66.9979019165039,72.26000213623047,73.70999908447266,71.94000244140625,73.70999908447266,4197600
2023-10-30,65.51441192626953,70.66000366210938,71.33999633789062,69.20999908447266,70.87999725341797,6769600
2023-10-31,66.0985336303711,71.29000091552734,71.45999908447266,70.20999908447266,70.5,6721800
2023-11-01,65.86673736572266,71.04000091552734,71.13999938964844,68.75,70.51000213623047,8116400
2023-11-02,68.24031066894531,73.5999984741211,73.98999786376953,71.91999816894531,72.3499984741211,9691800
2023-11-03,70.86422729492188,76.43000030517578,77.0,74.19999694824219,75.11000061035156,9982100
2023-11-06,69.64962768554688,75.12000274658203,76.41999816894531,74.08000183105469,76.31999969482422,4998400
2023-11-07,69.8257827758789,75.30999755859375,76.08000183105469,74.62000274658203,75.27999877929688,5131800
2023-11-08,69.87214660644531,75.36000061035156,76.16999816894531,75.08999633789062,76.04000091552734,4393500
2023-11-09,68.33301544189453,73.69999694824219,76.1500015258789,73.58000183105469,75.7699966430664,5678100
2023-11-10,71.91191864013672,77.55999755859375,77.7699966430664,73.91999816894531,74.16999816894531,6186500
2023-11-13,71.04037475585938,76.62000274658203,76.91000366210938,75.69000244140625,76.6500015258789,3581900
2023-11-14,75.36103057861328,81.27999877929688,81.8499984741211,79.2300033569336,79.3499984741211,6996500
2023-11-15,76.4921875,82.5,84.16000366210938,81.58000183105469,82.01000213623047,6602200
2023-11-16,76.17696380615234,82.16000366210938,82.66000366210938,81.16999816894531,82.3499984741211,5371800
2023-11-17,77.44718170166016,83.52999877929688,83.69000244140625,82.02999877929688,82.47000122070312,4887900
2023-11-20,78.541259765625,84.70999908447266,85.12999725341797,83.20999908447266,83.2300033569336,4030300
2023-11-21,76.89998626708984,82.51000213623047,84.0,82.08000183105469,83.86000061035156,3899600
2023-11-22,76.85338592529297,82.45999908447266,84.18000030517578,82.3499984741211,83.44000244140625,3110300
2023-11-24,77.59899139404297,83.26000213623047,83.30999755859375,82.16000366210938,82.47000122070312,1608600
2023-11-27,76.20098114013672,81.76000213623047,82.62000274658203,81.51000213623047,82.38999938964844,3493700
2023-11-28,76.25688934326172,81.81999969482422,82.30000305175781,81.13999938964844,81.66999816894531,3290000
2023-11-29,77.33804321289062,82.9800033569336,84.69000244140625,82.80999755859375,83.30000305175781,3629600
2023-11-30,77.76675415039062,83.44000244140625,83.83999633789062,82.47000122070312,83.4800033569336,7440400
2023-12-01,78.90382385253906,84.66000366210938,84.80000305175781,82.83999633789062,83.11000061035156,3883600
2023-12-04,78.74535369873047,84.48999786376953,84.55000305175781,82.98999786376953,84.12000274658203,4680700
2023-12-05,77.86927795410156,83.55000305175781,83.94999694824219,82.88999938964844,83.88999938964844,3218800
2023-12-06,77.93452453613281,83.62000274658203,85.18000030517578,83.33000183105469,84.76000213623047,4104800
2023-12-07,79.9756088256836,85.80999755859375,86.33000183105469,83.7699966430664,84.30000305175781,5818600
2023-12-08,80.22724914550781,86.08000183105469,86.75,85.4000015258789,85.45999908447266,3838700
2023-12-11,82.8648452758789,88.91000366210938,89.47000122070312,86.91999816894531,87.18000030517578,5766000
2023-12-12,83.16309356689453,89.2300033569336,89.68000030517578,88.01000213623047,88.44999694824219,3941600
2023-12-13,83.75023651123047,89.86000061035156,90.86000061035156,87.97000122070312,89.36000061035156,4861000
2023-12-14,86.63947296142578,92.95999908447266,93.18000030517578,90.66000366210938,90.9000015258789,7914500
2023-12-15,85.93114471435547,92.19999694824219,94.13999938964844,92.05999755859375,93.41999816894531,10915500
2023-12-18,85.10166931152344,91.30999755859375,92.62999725341797,90.80000305175781,92.5999984741211,4291800
2023-12-19,85.17622375488281,91.38999938964844,92.05999755859375,91.08999633789062,91.63999938964844,3941500
2023-12-20,82.5293197631836,88.55000305175781,91.16000366210938,88.47000122070312,90.52999877929688,5762500
2023-12-21,83.76888275146484,89.87999725341797,90.36000061035156,88.88999938964844,89.94999694824219,5001900
2023-12-22,84.05781555175781,90.19000244140625,91.41000366210938,89.66000366210938,90.58000183105469,2388700
2023-12-26,85.10166931152344,91.30999755859375,91.77999877929688,90.5199966430664,90.52999877929688,2417800
2023-12-27,84.92457580566406,91.12000274658203,91.79000091552734,90.62999725341797,91.58000183105469,3411300
2023-12-28,84.66361999511719,90.83999633789062,91.7699966430664,90.7699966430664,91.4800033569336,2375300
2023-12-29,84.0484848022461,90.18000030517578,91.33000183105469,89.72000122070312,90.75,2488500
2024-01-02,80.67462158203125,86.55999755859375,89.5199966430664,85.83000183105469,89.13999938964844,6584900
2024-01-03,78.81991577148438,84.56999969482422,85.54000091552734,83.93000030517578,85.3499984741211,5271000
2024-01-04,77.72948455810547,83.4000015258789,84.2300033569336,81.80999755859375,82.06999969482422,7079300
2024-01-05,78.27935028076172,83.98999786376953,84.79000091552734,83.29000091552734,83.44000244140625,3968600
2024-01-08,79.8171615600586,85.63999938964844,85.80999755859375,84.37999725341797,84.37999725341797,4621200
2024-01-09,79.53755187988281,85.33999633789062,86.5999984741211,84.05999755859375,84.30999755859375,6725700
2024-01-10,79.63078308105469,85.44000244140625,85.9000015258789,84.16999816894531,85.3499984741211,5124000
2024-01-11,79.87308502197266,85.69999694824219,85.91999816894531,83.91999816894531,85.08000183105469,4206000
2024-01-12,79.60281372070312,85.41000366210938,86.3499984741211,84.80000305175781,86.08999633789062,3025700
2024-01-16,79.36982727050781,85.16000366210938,85.98999786376953,84.36000061035156,85.30999755859375,4335000
2024-01-17,77.67354583740234,83.33999633789062,84.0,81.72000122070312,84.0,6446500
2024-01-18,80.30181884765625,86.16000366210938,86.55999755859375,85.13999938964844,85.86000061035156,6735600
2024-01-19,83.35880279541016,89.44000244140625,89.94000244140625,86.63999938964844,87.4800033569336,6381300
2024-01-22,84.57041931152344,90.73999786376953,91.19999694824219,89.5999984741211,90.0,4977900
2024-01-23,85.73542785644531,91.98999786376953,92.16999816894531,90.33999633789062,91.25,5147300
2024-01-24,84.40264892578125,90.55999755859375,92.70999908447266,90.12999725341797,92.70999908447266,6640400
2024-01-25,83.55452728271484,89.6500015258789,92.19999694824219,89.4000015258789,92.08999633789062,6521500
2024-01-26,81.01014709472656,86.91999816894531,89.12999725341797,86.66999816894531,88.55999755859375,4710900
2024-01-29,81.299072265625,87.2300033569336,87.25,85.45999908447266,86.91999816894531,6610400
2024-01-30,80.11541748046875,85.95999908447266,87.05999755859375,85.5199966430664,86.4000015258789,4283500
2024-01-31,79.38846588134766,85.18000030517578,86.88999938964844,84.44999694824219,84.69999694824219,6713800
2024-02-01,79.82650756835938,85.6500015258789,86.1500015258789,84.05999755859375,85.44999694824219,5489600
2024-02-02,78.55897521972656,84.29000091552734,85.29000091552734,82.4000015258789,82.83999633789062,9615300
2024-02-05,79.6494140625,85.45999908447266,86.43000030517578,83.38999938964844,85.06999969482422,7174600
2024-02-06,77.58967590332031,83.25,85.66000366210938,83.01000213623047,85.58999633789062,6298400
2024-02-07,77.64558410644531,83.30999755859375,84.11000061035156,82.41999816894531,84.0999984741211,5765800
2024-02-08,78.61488342285156,84.3499984741211,85.29000091552734,82.95999908447266,83.4000015258789,6136900
2024-02-09,79.63078308105469,85.44000244140625,86.01000213623047,84.66999816894531,85.05999755859375,4905700
2024-02-12,78.24207305908203,83.94999694824219,86.04000091552734,83.88999938964844,85.5,5507100
2024-02-13,75.18508911132812,80.66999816894531,82.05999755859375,79.94999694824219,81.70999908447266,7910500
2024-02-14,75.10120391845703,80.58000183105469,81.62999725341797,79.94000244140625,81.13999938964844,8419500
2024-02-15,76.89998626708984,82.51000213623047,82.91000366210938,80.80999755859375,81.08000183105469,8322600
2024-02-16,76.0611801147461,81.61000061035156,83.0999984741211,81.08000183105469,82.41000366210938,4055600
2024-02-20,76.79744720458984,82.4000015258789,82.51000213623047,80.37999725341797,80.4000015258789,5653900
2024-02-21,77.80403900146484,83.4800033569336,83.5,81.4800033569336,82.0,5335500
2024-02-22,78.6192855834961,83.9000015258789,84.6500015258789,82.23999786376953,84.06999969482422,7121800
2024-02-23,77.62598419189453,82.83999633789062,83.9000015258789,82.36000061035156,83.80999755859375,3925500
2024-02-26,77.68222045898438,82.9000015258789,83.81999969482422,82.69999694824219,83.80999755859375,3011300
2024-02-27,77.71969604492188,82.94000244140625,84.2300033569336,82.93000030517578,83.05000305175781,4485800
2024-02-28,77.00753021240234,82.18000030517578,82.70999908447266,81.0,81.25,4955300
2024-02-29,78.84416961669922,84.13999938964844,84.25,83.0,83.36000061035156,6229100
2024-03-01,81.52416229248047,87.0,87.8499984741211,84.56999969482422,84.69999694824219,5963100
2024-03-04,81.4491958618164,86.91999816894531,87.95999908447266,86.79000091552734,87.44000244140625,4730000
2024-03-05,80.24976348876953,85.63999938964844,87.22000122070312,84.91000366210938,85.83000183105469,4916200
2024-03-06,82.28318786621094,87.80999755859375,88.5999984741211,86.80999755859375,87.5,8080700
2024-03-07,87.46509552001953,93.33999633789062,94.19000244140625,89.0,89.0,8868400
2024-03-08,83.24835205078125,88.83999633789062,93.66000366210938,88.79000091552734,93.11000061035156,8088400
2024-03-11,84.86946868896484,90.56999969482422,90.87999725341797,88.19000244140625,88.62000274658203,6657200
2024-03-12,86.18135070800781,91.97000122070312,92.2300033569336,89.94999694824219,91.7699966430664,5954800
2024-03-13,84.84135437011719,90.54000091552734,92.4800033569336,89.88999938964844,91.41000366210938,5223100
2024-03-14,83.37953186035156,88.9800033569336,91.25,88.12000274658203,90.48999786376953,5431000
2024-03-15,83.0609359741211,88.63999938964844,89.30999755859375,87.52999877929688,87.52999877929688,14460000
2024-03-18,82.53618621826172,88.08000183105469,90.41000366210938,87.97000122070312,90.23999786376953,4266600
2024-03-19,81.78652954101562,87.27999877929688,87.77999877929688,86.22000122070312,87.76000213623047,3859200
2024-03-20,82.77981567382812,88.33999633789062,88.58000183105469,85.80000305175781,86.8499984741211,4836000
2024-03-21,83.27645874023438,88.87000274658203,91.31999969482422,88.55000305175781,90.44999694824219,5317200
2024-03-22,82.49869537353516,88.04000091552734,89.30999755859375,87.76000213623047,88.5199966430664,3646600
2024-03-25,82.13324737548828,87.6500015258789,88.26000213623047,86.37999725341797,86.66999816894531,4331700
2024-03-26,80.8119888305664,86.23999786376953,88.5199966430664,86.0999984741211,88.36000061035156,4396400
2024-03-27,83.57633209228516,89.19000244140625,89.2699966430664,86.88999938964844,87.30000305175781,4036100
2024-03-28,84.06358337402344,89.70999908447266,89.87000274658203,88.95999908447266,89.5999984741211,3688600
2024-04-01,84.0916976928711,89.73999786376953,90.55000305175781,89.05000305175781,89.73999786376953,3015900
2024-04-02,82.44247436523438,87.9800033569336,88.69000244140625,86.80999755859375,88.25,4253200
2024-04-03,82.5924072265625,88.13999938964844,89.04000091552734,86.98999786376953,87.47000122070312,3186900
2024-04-04,80.83074188232422,86.26000213623047,90.22000122070312,86.05999755859375,89.76000213623047,5491400
2024-04-05,82.05828094482422,87.56999969482422,88.0999984741211,85.9000015258789,86.18000030517578,3585300
2024-04-08,83.53883361816406,89.1500015258789,89.37000274658203,87.56999969482422,87.86000061035156,5074800
2024-04-09,85.90021514892578,91.66999816894531,91.81999969482422,90.05000305175781,90.26000213623047,4985000
2024-04-10,82.5455551147461,88.08999633789062,89.62000274658203,87.94999694824219,89.4800033569336,4508200
2024-04-11,83.6606674194336,89.27999877929688,89.48999786376953,87.55000305175781,88.79000091552734,4074600
2024-04-12,80.24976348876953,85.63999938964844,88.61000061035156,85.55999755859375,88.11000061035156,5434500
2024-04-15,80.30597686767578,85.69999694824219,87.83999633789062,85.05000305175781,87.70999908447266,4389300
2024-04-16,80.52151489257812,85.93000030517578,86.87999725341797,85.45999908447266,86.13999938964844,3449000
2024-04-17,79.71562957763672,85.06999969482422,87.02999877929688,84.69999694824219,86.38999938964844,4820400
2024-04-18,78.90975952148438,84.20999908447266,85.91999816894531,83.77999877929688,84.66000366210938,5261200
2024-04-19,76.53899383544922,81.68000030517578,84.20999908447266,80.9000015258789,83.88999938964844,6912300
2024-04-22,78.27256774902344,83.52999877929688,84.4000015258789,81.68000030517578,82.31999969482422,4368100
2024-04-23,80.76514434814453,86.19000244140625,86.95999908447266,83.73999786376953,83.87000274658203,5325400
2024-04-24,84.97252655029297,90.68000030517578,91.69000244140625,89.4000015258789,90.79000091552734,7141000
2024-04-25,86.40624237060547,92.20999908447266,92.48999786376953,89.81999969482422,91.6500015258789,6241500
2024-04-26,87.7087631225586,93.5999984741211,94.62999725341797,91.45999908447266,91.45999908447266,5621100
2024-04-29,87.31519317626953,93.18000030517578,93.9800033569336,92.66000366210938,92.87999725341797,6106700
2024-04-30,86.19072723388672,91.9800033569336,93.9800033569336,91.94999694824219,92.86000061035156,6026400
2024-05-01,83.20149993896484,88.79000091552734,92.26000213623047,88.44999694824219,90.43000030517578,7284900
2024-05-02,83.82933044433594,89.45999908447266,90.2699966430664,87.48999786376953,90.04000091552734,5406700
2024-05-03,85.60973358154297,91.36000061035156,92.58000183105469,90.6500015258789,91.66999816894531,6983000
2024-05-06,87.85868072509766,93.76000213623047,93.91999816894531,91.58999633789062,91.66999816894531,7243500
2024-05-07,86.26567840576172,92.05999755859375,96.13999938964844,91.86000061035156,94.11000061035156,7414500
2024-05-08,86.2000961303711,91.98999786376953,92.19999694824219,89.81999969482422,91.06999969482422,4837300
2024-05-09,85.72219848632812,91.4800033569336,92.29000091552734,91.2300033569336,91.72000122070312,3906100
2024-05-10,85.74092102050781,91.5,92.4000015258789,90.8499984741211,92.13999938964844,3046700
2024-05-13,86.71546936035156,92.54000091552734,93.44999694824219,92.13999938964844,92.37999725341797,3387800
2024-05-14,87.9523696899414,93.86000061035156,94.06999969482422,92.72000122070312,92.72000122070312,3810300
2024-05-15,89.35798645019531,95.36000061035156,95.69999694824219,93.95999908447266,94.58999633789062,4954900
2024-05-16,88.30847930908203,94.23999786376953,95.69999694824219,94.13999938964844,94.95999908447266,5330900
2024-05-17,88.39281463623047,94.33000183105469,94.62000274658203,93.4800033569336,94.55999755859375,3609600
2024-05-20,90.38874053955078,96.45999908447266,97.58999633789062,94.30000305175781,94.47000122070312,6156800
2024-05-21,90.17408752441406,95.77999877929688,96.11000061035156,94.25,94.4000015258789,3681500
2024-05-22,93.66693878173828,99.48999786376953,99.69000244140625,97.18000030517578,98.05000305175781,9157400
2024-05-23,92.39596557617188,98.13999938964844,100.30000305175781,97.05000305175781,99.9800033569336,7344400
2024-05-24,92.48069763183594,98.2300033569336,100.56999969482422,98.16000366210938,100.02999877929688,5206100
2024-05-28,93.0361557006836,98.81999969482422,98.98999786376953,97.0999984741211,97.58000183105469,4616800
2024-05-29,89.96695709228516,95.55999755859375,97.48999786376953,95.44999694824219,96.05999755859375,7522200
2024-05-30,90.69190216064453,96.33000183105469,96.87999725341797,95.48999786376953,95.5999984741211,7106000
2024-05-31,91.53922271728516,97.2300033569336,97.4000015258789,93.7699966430664,96.48999786376953,7410600
2024-06-03,90.02345275878906,95.62000274658203,98.0999984741211,94.19000244140625,97.88999938964844,4268400
2024-06-04,88.49826049804688,94.0,95.62000274658203,93.69999694824219,95.13999938964844,8083300
2024-06-05,88.78071594238281,94.30000305175781,94.98999786376953,93.72000122070312,94.5,16758300
2024-06-06,87.8957290649414,93.36000061035156,93.68000030517578,92.63999938964844,93.37999725341797,12712300
2024-06-07,87.41558074951172,92.8499984741211,93.79000091552734,92.33000183105469,93.06999969482422,4605300
2024-06-10,88.78071594238281,94.30000305175781,94.86000061035156,91.93000030517578,92.16000366210938,4989900
2024-06-11,88.05577850341797,93.52999877929688,93.93000030517578,92.56999969482422,93.54000091552734,3535700
2024-06-12,88.98783111572266,94.5199966430664,96.23999786376953,93.2300033569336,95.0,5878400
2024-06-13,87.37791442871094,92.80999755859375,93.5199966430664,91.76000213623047,91.87999725341797,3807900
2024-06-14,86.00336456298828,91.3499984741211,92.51000213623047,90.62000274658203,91.41999816894531,3857400
2024-06-17,85.69269561767578,91.0199966430664,91.4000015258789,89.88999938964844,91.4000015258789,5087300
2024-06-18,87.98046112060547,93.44999694824219,93.69000244140625,90.19999694824219,90.80000305175781,4951500
2024-06-20,83.80974578857422,89.0199966430664,92.7699966430664,88.36000061035156,92.5,8707100
2024-06-21,86.21989440917969,91.58000183105469,92.02999877929688,88.75,89.61000061035156,9783700
2024-06-24,83.96038055419922,89.18000030517578,91.45999908447266,89.0,90.83000183105469,4773800
2024-06-25,83.93212890625,89.1500015258789,89.80000305175781,88.16999816894531,89.61000061035156,4614500
2024-06-26,84.77947235107422,90.05000305175781,90.33000183105469,88.69999694824219,88.95999908447266,4596400
2024-06-27,84.19574737548828,89.43000030517578,90.05000305175781,88.30000305175781,89.6500015258789,5688100
2024-06-28,86.14458465576172,91.5,92.37999725341797,90.04000091552734,90.47000122070312,13568600
2024-07-01,86.22932434082031,91.58999633789062,91.69999694824219,90.16000366210938,91.5,8328400
2024-07-02,86.67181396484375,92.05999755859375,92.72000122070312,91.01000213623047,91.12000274658203,3377800
2024-07-03,88.10285186767578,93.58000183105469,93.83000183105469,91.7699966430664,92.27999877929688,2438200
2024-07-05,86.74712371826172,92.13999938964844,93.91999816894531,92.11000061035156,93.83999633789062,2740600
2024-07-08,87.80158233642578,93.26000213623047,93.72000122070312,92.1500015258789,92.27999877929688,4798200
2024-07-09,86.9354248046875,92.33999633789062,93.83999633789062,91.86000061035156,93.5,3226900
2024-07-10,90.36238098144531,95.9800033569336,96.20999908447266,92.79000091552734,93.27999877929688,6386800
2024-07-11,86.7000503540039,92.08999633789062,95.69999694824219,92.02999877929688,95.25,6609500
2024-07-12,87.18961334228516,92.61000061035156,94.44000244140625,92.27999877929688,92.93000030517578,4775000
2024-07-15,86.7000503540039,92.08999633789062,93.31999969482422,91.7300033569336,92.48999786376953,4251400
2024-07-16,89.26084899902344,94.80999755859375,94.87000274658203,92.12999725341797,92.70999908447266,3601900
2024-07-17,86.16342163085938,91.5199966430664,96.9800033569336,91.4000015258789,94.06999969482422,9193800
2024-07-18,86.16342163085938,91.5199966430664,93.30999755859375,90.27999877929688,92.61000061035156,5883000
2024-07-19,83.57437133789062,88.7699966430664,91.77999877929688,88.68000030517578,91.6500015258789,5818700
2024-07-22,87.6697769165039,93.12000274658203,93.2300033569336,89.81999969482422,91.16999816894531,6739900
2024-07-23,84.4593505859375,89.70999908447266,91.7699966430664,89.5999984741211,91.7699966430664,6748300
2024-07-24,81.50314331054688,86.56999969482422,89.9000015258789,86.44999694824219,89.72000122070312,7969600
2024-07-25,80.05326843261719,85.02999877929688,87.94000244140625,82.94000244140625,84.63999938964844,10269400
2024-07-26,81.74791717529297,86.83000183105469,87.70999908447266,85.37999725341797,86.97000122070312,5590300
2024-07-29,82.81179809570312,87.95999908447266,89.30000305175781,87.1500015258789,87.76000213623047,4556100
2024-07-30,81.47489929199219,86.54000091552734,89.13999938964844,86.30999755859375,88.58999633789062,6957300
2024-07-31,83.58378601074219,88.77999877929688,89.11000061035156,87.1500015258789,87.95999908447266,10036100
2024-08-01,79.4319076538086,84.37000274658203,89.58999633789062,83.04000091552734,87.5,14053000
2024-08-02,71.0151596069336,75.43000030517578,79.63999938964844,74.5999984741211,79.44999694824219,17482800
2024-08-05,69.53703308105469,73.86000061035156,77.25,73.19000244140625,75.30000305175781,10756400
2024-08-06,70.29963684082031,74.66999816894531,76.88999938964844,73.7300033569336,74.68000030517578,9488600
2024-08-07,67.78589630126953,72.0,76.91000366210938,71.7699966430664,76.87000274658203,8311900
2024-08-08,72.7568588256836,77.27999877929688,77.43000030517578,73.52999877929688,74.3499984741211,8582200
2024-08-09,71.63652801513672,76.08999633789062,76.94999694824219,74.9800033569336,75.93000030517578,5374800
2024-08-12,71.94720458984375,76.41999816894531,76.9000015258789,74.95999908447266,76.33000183105469,5303900
2024-08-13,74.50800323486328,79.13999938964844,79.44000244140625,76.16000366210938,76.93000030517578,7585500
2024-08-14,73.52886962890625,78.0999984741211,79.22000122070312,76.72000122070312,79.12000274658203,5321200
2024-08-15,76.54158782958984,81.30000305175781,81.56999969482422,79.25,80.0,9511300
2024-08-16,76.117919921875,80.8499984741211,81.83000183105469,80.5,81.23999786376953,4192000
2024-08-19,77.22887420654297,82.02999877929688,82.12999725341797,79.8499984741211,80.55000305175781,5535400
2024-08-20,75.58129119873047,80.27999877929688,81.56999969482422,79.75,81.12000274658203,4826100
2024-08-21,77.96320343017578,82.80999755859375,82.87000274658203,80.80000305175781,80.9000015258789,5765800
2024-08-22,75.52461242675781,79.77999877929688,82.2699966430664,79.48999786376953,82.2699966430664,8336700
2024-08-23,77.42739868164062,81.79000091552734,82.55999755859375,80.45999908447266,81.5,4242600
2024-08-26,76.01688385009766,80.30000305175781,81.86000061035156,79.9800033569336,81.4800033569336,5543200
2024-08-27,76.62273406982422,80.94000244140625,80.98999786376953,79.02999877929688,80.12000274658203,3369800
2024-08-28,75.16487884521484,79.4000015258789,81.30000305175781,78.80000305175781,81.01000213623047,4785500
2024-08-29,76.66060638427734,80.9800033569336,82.6500015258789,80.0,80.20999908447266,4421900
2024-08-30,77.77766418457031,82.16000366210938,82.58999633789062,81.08999633789062,82.48999786376953,4872800
2024-09-03,72.32489776611328,76.4000015258789,80.41999816894531,76.13999938964844,80.2699966430664,9559100
2024-09-04,72.78875732421875,76.88999938964844,77.62000274658203,75.11000061035156,75.38999938964844,5875700
2024-09-05,72.65623474121094,76.75,77.44000244140625,75.43000030517578,75.80999755859375,4137200
2024-09-06,70.13809967041016,74.08999633789062,76.83000183105469,73.69000244140625,76.75,9621600
2024-09-09,71.3877182006836,75.41000366210938,75.69999694824219,74.20999908447266,74.94999694824219,5323600
2024-09-10,71.17943572998047,75.19000244140625,75.31999969482422,73.1500015258789,75.12000274658203,4748200
2024-09-11,73.31889343261719,77.44999694824219,77.63999938964844,73.5999984741211,75.19000244140625,6678900
2024-09-12,72.02197265625,76.08000183105469,77.30000305175781,75.41999816894531,77.30000305175781,3351000
2024-09-13,73.47982788085938,77.62000274658203,78.0,76.75,76.88999938964844,3444700
2024-09-16,72.89289093017578,77.0,77.4800033569336,75.88999938964844,76.80999755859375,3831800
2024-09-17,72.89289093017578,77.0,78.8499984741211,76.31999969482422,78.25,4735800
2024-09-18,72.28703308105469,76.36000061035156,78.3499984741211,76.12000274658203,77.63999938964844,9378900
2024-09-19,74.62528991699219,78.83000183105469,80.6500015258789,77.88999938964844,79.4800033569336,12211800
2024-09-20,72.9023666381836,77.01000213623047,77.58000183105469,75.80999755859375,77.26000213623047,14159500
2024-09-23,72.94969177246094,77.05999755859375,77.33000183105469,76.31999969482422,76.5199966430664,4909200
2024-09-24,73.36622619628906,77.5,78.93000030517578,77.2699966430664,78.08999633789062,4434200
2024-09-25,72.05036926269531,76.11000061035156,77.16999816894531,75.87000274658203,76.66999816894531,6082300
2024-09-26,76.0263442993164,80.30999755859375,80.76000213623047,77.27999877929688,78.83999633789062,8061400
2024-09-27,76.29139709472656,80.58999633789062,81.63999938964844,80.25,80.86000061035156,6496100
2024-09-30,76.00740814208984,80.29000091552734,80.41999816894531,78.91000366210938,79.05000305175781,5612300
2024-10-01,73.35675811767578,77.48999786376953,80.33000183105469,76.77999877929688,79.98999786376953,6934400
2024-10-02,74.04782104492188,78.22000122070312,78.98999786376953,76.88999938964844,77.75,5632100
2024-10-03,73.2052993774414,77.33000183105469,78.02999877929688,76.5199966430664,77.37999725341797,4483700
2024-10-04,73.53662109375,77.68000030517578,79.52999877929688,76.80999755859375,79.47000122070312,4228500
2024-10-07,72.37222290039062,76.44999694824219,77.20999908447266,75.69000244140625,76.83000183105469,5306300
2024-10-08,73.18634796142578,77.30999755859375,77.63999938964844,75.41000366210938,76.0999984741211,4913200
2024-10-09,74.01941680908203,78.19000244140625,78.33999633789062,76.83000183105469,77.0,4724800
2024-10-10,73.2147445678711,77.33999633789062,77.72000122070312,76.44000244140625,76.81999969482422,3832800
2024-10-11,73.82063293457031,77.9800033569336,78.69999694824219,77.0,77.11000061035156,3811900
2024-10-14,74.77674865722656,78.98999786376953,79.22000122070312,77.81999969482422,78.5999984741211,3852900
2024-10-15,71.2173080444336,75.2300033569336,79.18000030517578,74.66999816894531,78.63999938964844,7695200
2024-10-16,71.84209442138672,75.88999938964844,77.68000030517578,75.69999694824219,76.6500015258789,4499100
2024-10-17,72.49530029296875,76.58000183105469,77.9000015258789,76.44000244140625,77.62999725341797,4849000
2024-10-18,73.2147445678711,77.33999633789062,77.6500015258789,76.69999694824219,77.33000183105469,3542200
2024-10-21,71.16996765136719,75.18000030517578,77.06999969482422,74.55000305175781,76.66000366210938,4738100
2024-10-22,71.40663146972656,75.43000030517578,75.66000366210938,74.4000015258789,74.5999984741211,4573000
2024-10-23,71.25516510009766,75.2699966430664,76.75,74.06999969482422,75.79000091552734,4102700
2024-10-24,71.81370544433594,75.86000061035156,76.37999725341797,74.81999969482422,76.31999969482422,3920100
2024-10-25,72.22077178955078,76.29000091552734,77.55000305175781,76.25,76.6500015258789,3940100
2024-10-28,73.08222198486328,77.19999694824219,77.56999969482422,75.3499984741211,75.80000305175781,3654500
2024-10-29,74.83354187011719,79.05000305175781,79.44000244140625,76.69000244140625,76.97000122070312,5456200
2024-10-30,71.54863739013672,75.58000183105469,78.12999725341797,75.48999786376953,77.08999633789062,5706800
2024-10-31,69.45651245117188,73.37000274658203,75.68000030517578,72.66999816894531,75.6500015258789,9069500
2024-11-01,70.81970977783203,74.80999755859375,75.2699966430664,73.41000366210938,73.58999633789062,5472900
2024-11-04,70.49784088134766,74.47000122070312,75.61000061035156,73.80000305175781,74.0999984741211,4223400
2024-11-05,71.08477020263672,75.08999633789062,75.26000213623047,73.0,73.66000366210938,8185700
2024-11-06,69.81624603271484,73.75,77.19999694824219,72.26000213623047,76.30000305175781,11382200
2024-11-07,70.37476348876953,74.33999633789062,75.2300033569336,73.62000274658203,74.33999633789062,7232200
2024-11-08,68.98319244384766,72.87000274658203,73.52999877929688,72.08000183105469,73.2300033569336,6290300
2024-11-11,66.15265655517578,69.87999725341797,72.48999786376953,69.0,72.31999969482422,6591200
2024-11-12,63.71028137207031,67.30000305175781,69.62000274658203,66.08000183105469,68.94999694824219,9799800
2024-11-13,63.038143157958984,66.58999633789062,67.06999969482422,65.55999755859375,66.36000061035156,6997400
2024-11-14,62.1009521484375,65.5999984741211,67.48999786376953,65.4800033569336,67.02999877929688,6115200
2024-11-15,59.507110595703125,62.86000061035156,65.06999969482422,62.630001068115234,64.91000366210938,9280900
2024-11-18,61.769622802734375,65.25,65.31999969482422,62.959999084472656,63.18000030517578,7998400
2024-11-19,61.41936111450195,64.87999725341797,65.23999786376953,63.66999816894531,64.69000244140625,9720100
2024-11-20,61.64655685424805,65.12000274658203,65.1500015258789,63.66999816894531,64.11000061035156,8669500
2024-11-21,62.9624137878418,66.51000213623047,66.83000183105469,65.2300033569336,65.91000366210938,7146700
2024-11-22,63.567691802978516,66.69000244140625,66.88999938964844,65.26000213623047,65.68000030517578,5378100
2024-11-25,66.5797348022461,69.8499984741211,71.0999984741211,67.26000213623047,67.75,11092900
2024-11-26,65.2071762084961,68.41000366210938,70.91999816894531,67.7300033569336,70.75,8778200
2024-11-27,64.69245147705078,67.87000274658203,68.97000122070312,66.5999984741211,68.37999725341797,5523800
2024-11-29,64.9783935546875,68.16999816894531,69.55000305175781,68.08000183105469,68.63999938964844,5221100
2024-12-02,67.0182113647461,70.30999755859375,71.04000091552734,67.98999786376953,67.98999786376953,7030000
2024-12-03,62.328556060791016,65.38999938964844,69.70999908447266,65.23999786376953,69.26000213623047,10712800
2024-12-04,58.754119873046875,61.63999938964844,66.2300033569336,61.06999969482422,66.2300033569336,13749500
2024-12-05,55.52283477783203,58.25,61.70000076293945,57.959999084472656,61.4900016784668,14289400
2024-12-06,56.51414108276367,59.290000915527344,59.58000183105469,58.29999923706055,58.720001220703125,8677500
2024-12-09,58.97335433959961,61.869998931884766,62.70000076293945,59.099998474121094,59.5,8594500
2024-12-10,59.02101135253906,61.91999816894531,62.02000045776367,60.439998626708984,61.4900016784668,9191900
2024-12-11,58.63974380493164,61.52000045776367,62.70000076293945,61.0099983215332,62.5,5698100
2024-12-12,58.62067413330078,61.5,62.040000915527344,60.68000030517578,61.029998779296875,4738700
2024-12-13,57.124176025390625,59.93000030517578,61.34000015258789,59.75,61.0,9040000
2024-12-16,56.31398010253906,59.08000183105469,59.56999969482422,57.939998626708984,57.939998626708984,11748900
2024-12-17,55.56096267700195,58.290000915527344,59.75,58.040000915527344,58.93000030517578,9621900
2024-12-18,53.51162338256836,56.13999938964844,59.7599983215332,55.90999984741211,58.790000915527344,10205900
2024-12-19,53.368648529052734,55.9900016784668,57.709999084472656,55.900001525878906,56.2599983215332,7433000
2024-12-20,52.91111755371094,55.5099983215332,57.06999969482422,55.27000045776367,55.869998931884766,27171200
2024-12-23,55.16062545776367,57.869998931884766,58.0,55.79999923706055,55.93000030517578,8832400
2024-12-24,55.81831741333008,58.560001373291016,58.61000061035156,57.25,57.810001373291016,3201100
2024-12-26,55.73253631591797,58.470001220703125,59.040000915527344,57.79999923706055,57.849998474121094,4143200
2024-12-27,55.608619689941406,58.34000015258789,58.52000045776367,57.7400016784668,58.25,9024100
2024-12-30,54.44573974609375,57.119998931884766,57.709999084472656,56.7400016784668,57.619998931884766,7182000
2024-12-31,54.664974212646484,57.349998474121094,58.11000061035156,56.56999969482422,57.36000061035156,5711600
2025-01-02,54.21697998046875,56.880001068115234,58.459999084472656,56.40999984741211,58.029998779296875,10151800
2025-01-03,54.96998977661133,57.66999816894531,58.13999938964844,56.2400016784668,57.0,5452700
2025-01-06,55.56096267700195,58.290000915527344,59.86000061035156,57.79999923706055,57.849998474121094,6946000
2025-01-07,54.779354095458984,57.470001220703125,59.279998779296875,57.209999084472656,58.77000045776367,10217500
2025-01-08,53.740394592285156,56.380001068115234,57.5,56.0099983215332,57.369998931884766,6226800
2025-01-10,52.60609817504883,55.189998626708984,55.869998931884766,54.470001220703125,55.47999954223633,7634000
2025-01-13,53.29239273071289,55.90999984741211,56.029998779296875,54.81999969482422,54.83000183105469,6656100
2025-01-14,54.21697998046875,56.880001068115234,56.90999984741211,55.380001068115234,56.209999084472656,6015300
2025-01-15,54.33135986328125,57.0,58.43000030517578,56.959999084472656,58.04999923706055,8972300
2025-01-16,53.55928039550781,56.189998626708984,57.27000045776367,55.34000015258789,57.0,7925700
2025-01-17,55.255943298339844,57.970001220703125,58.470001220703125,57.18000030517578,57.4900016784668,8272700
2025-01-21,55.77066421508789,58.5099983215332,59.66999816894531,57.61000061035156,58.099998474121094,6996100
2025-01-22,55.7420654296875,58.47999954223633,59.36000061035156,58.029998779296875,58.220001220703125,6901700
2025-01-23,56.78103256225586,59.56999969482422,59.58000183105469,56.970001220703125,57.689998626708984,6335100
2025-01-24,53.74991989135742,56.38999938964844,59.16999816894531,55.75,58.88999938964844,10300600
2025-01-27,54.55059051513672,57.22999954223633,58.34000015258789,56.630001068115234,57.79999923706055,15094900
2025-01-28,53.64507293701172,56.279998779296875,56.79999923706055,55.369998931884766,56.52000045776367,9813500
2025-01-29,53.406776428222656,56.029998779296875,56.79999923706055,55.36000061035156,56.689998626708984,5233700
2025-01-30,52.5775032043457,55.15999984741211,55.849998474121094,54.18000030517578,55.70000076293945,8456100
2025-01-31,51.75776290893555,54.29999923706055,56.290000915527344,53.97999954223633,54.779998779296875,10275600
2025-02-03,49.81327438354492,52.2599983215332,53.220001220703125,51.369998931884766,53.0,11262700
2025-02-04,50.13735580444336,52.599998474121094,53.0,52.189998626708984,52.43000030517578,10980000
2025-02-05,50.99522018432617,53.5,53.540000915527344,51.439998626708984,51.79999923706055,11945700
2025-02-06,50.62348556518555,53.11000061035156,54.220001220703125,52.709999084472656,53.5099983215332,13342000
2025-02-07,49.46059799194336,51.88999938964844,53.25,50.209999084472656,52.2599983215332,17530500
2025-02-10,49.613101959228516,52.04999923706055,53.09000015258789,51.40999984741211,52.369998931884766,9449900
2025-02-11,50.1182975769043,52.58000183105469,53.150001525878906,51.41999816894531,51.41999816894531,7801900
2025-02-12,51.32883071899414,53.849998474121094,53.93000030517578,51.939998626708984,52.060001373291016,8082900
2025-02-13,51.71963882446289,54.2599983215332,54.65999984741211,53.45000076293945,53.630001068115234,6793400
2025-02-14,53.1494140625,55.7599983215332,55.900001525878906,54.220001220703125,54.45000076293945,7123700
2025-02-18,55.151092529296875,57.86000061035156,58.279998779296875,56.15999984741211,56.15999984741211,11324600
2025-02-19,60.612831115722656,63.59000015258789,64.58000183105469,57.939998626708984,58.540000915527344,20924500
2025-02-20,61.289588928222656,64.30000305175781,65.33999633789062,63.25,64.80999755859375,14626400
2025-02-21,58.2108039855957,61.06999969482422,64.41999816894531,60.65999984741211,64.4000015258789,13464000
2025-02-24,58.41727828979492,60.83000183105469,62.279998779296875,60.689998626708984,60.97999954223633,9836300
2025-02-25,57.78345489501953,60.16999816894531,62.02000045776367,59.459999084472656,60.880001068115234,9384100
2025-02-26,57.399322509765625,59.77000045776367,60.369998931884766,58.439998626708984,60.27000045776367,8482000
2025-02-27,54.854434967041016,57.119998931884766,59.77000045776367,56.70000076293945,59.529998779296875,11503700
2025-02-28,56.52541732788086,58.86000061035156,58.91999816894531,56.599998474121094,57.15999984741211,13308700
2025-03-03,55.65151596069336,57.95000076293945,62.63999938964844,57.36000061035156,62.52000045776367,19509000
2025-03-04,55.8339729309082,58.13999938964844,60.290000915527344,57.97999954223633,58.63999938964844,14039800
2025-03-05,57.274478912353516,59.63999938964844,59.83000183105469,56.900001525878906,58.70000076293945,8642700
2025-03-06,55.949214935302734,58.2599983215332,60.029998779296875,57.779998779296875,58.43000030517578,10643200
2025-03-07,57.399322509765625,59.77000045776367,60.029998779296875,57.83000183105469,58.13999938964844,8182600
2025-03-10,51.32999038696289,53.45000076293945,58.060001373291016,52.79999923706055,57.959999084472656,16124400
2025-03-11,50.16798782348633,52.2400016784668,54.400001525878906,51.06999969482422,54.189998626708984,9121700
2025-03-12,49.84147644042969,51.900001525878906,53.34000015258789,51.63999938964844,52.58000183105469,7250000
2025-03-13,49.83186721801758,51.88999938964844,53.5099983215332,51.31999969482422,51.540000915527344,6002800
2025-03-14,51.378013610839844,53.5,53.619998931884766,52.279998779296875,52.720001220703125,7349200
2025-03-17,53.06820297241211,55.2599983215332,55.709999084472656,53.619998931884766,53.63999938964844,6181800
2025-03-18,52.05025100708008,54.20000076293945,54.93000030517578,53.68000030517578,54.810001373291016,3810800
2025-03-19,52.40556716918945,54.56999969482422,55.369998931884766,53.90999984741211,53.970001220703125,6044700
2025-03-20,48.977169036865234,51.0,52.41999816894531,50.959999084472656,52.279998779296875,13866100
2025-03-21,49.66861343383789,51.720001220703125,52.369998931884766,49.91999816894531,50.619998931884766,29770200
2025-03-24,51.752540588378906,53.88999938964844,54.47999954223633,52.810001373291016,53.11000061035156,12894200
2025-03-25,50.28322982788086,52.36000061035156,54.08000183105469,52.279998779296875,53.5,8676300
2025-03-26,50.10076141357422,52.16999816894531,53.130001068115234,51.58000183105469,52.41999816894531,6084900
2025-03-27,48.77549743652344,50.790000915527344,51.88999938964844,50.189998626708984,51.77000045776367,5492800
2025-03-28,46.768394470214844,48.70000076293945,50.470001220703125,48.27000045776367,50.34000015258789,12054400
2025-03-31,46.489898681640625,48.40999984741211,48.84000015258789,47.439998626708984,48.18000030517578,14064900
2025-04-01,46.57632827758789,48.5,48.709999084472656,47.209999084472656,48.41999816894531,10219700
2025-04-02,46.98927688598633,48.93000030517578,49.470001220703125,47.47999954223633,47.63999938964844,6408300
2025-04-03,39.09531021118164,40.709999084472656,46.79999923706055,39.56999969482422,46.79999923706055,29179100
2025-04-04,34.78339385986328,36.220001220703125,40.18000030517578,36.099998474121094,38.93000030517578,26407700
2025-04-07,36.5792236328125,38.09000015258789,40.0,34.130001068115234,35.59000015258789,24856500
2025-04-08,33.938297271728516,35.34000015258789,39.970001220703125,34.13999938964844,39.7599983215332,17281700
2025-04-09,43.119117736816406,44.900001525878906,45.58000183105469,35.099998474121094,35.4900016784668,29897800
2025-04-10,37.27067184448242,38.810001373291016,41.599998474121094,37.400001525878906,41.369998931884766,24354400
2025-04-11,37.17462921142578,38.709999084472656,38.91999816894531,35.47999954223633,36.91999816894531,20662000
2025-04-14,37.337890625,38.880001068115234,40.310001373291016,38.25,39.91999816894531,9921400
2025-04-15,37.1938362121582,38.72999954223633,39.61000061035156,38.310001373291016,39.09000015258789,6704900
2025-04-16,36.44477462768555,37.95000076293945,38.400001525878906,36.31999969482422,37.25,14564700
2025-04-17,37.030582427978516,38.560001373291016,38.709999084472656,37.58000183105469,38.68000030517578,7777900
2025-04-21,37.8660774230957,39.43000030517578,39.529998779296875,37.40999984741211,37.599998474121094,16395600
2025-04-22,38.69196701049805,40.290000915527344,41.04999923706055,39.58000183105469,40.150001525878906,11719600
2025-04-23,40.26691818237305,41.93000030517578,43.369998931884766,41.630001068115234,42.77000045776367,10228300
2025-04-24,45.251060485839844,47.119998931884766,47.33000183105469,44.119998931884766,44.119998931884766,20418800
2025-04-25,45.030181884765625,46.88999938964844,47.5,46.06999969482422,46.27000045776367,7677600
2025-04-28,45.14542770385742,47.0099983215332,47.849998474121094,45.900001525878906,46.65999984741211,7084500
2025-04-29,44.09865951538086,45.91999816894531,46.720001220703125,45.5,45.810001373291016,8287200
2025-04-30,44.252315521240234,46.08000183105469,46.2400016784668,44.16999816894531,44.540000915527344,10848300
2025-05-01,44.156280517578125,45.97999954223633,47.20000076293945,45.599998474121094,47.029998779296875,8677200
2025-05-02,46.009735107421875,47.90999984741211,48.529998779296875,47.11000061035156,47.15999984741211,9444000
2025-05-05,45.884883880615234,47.779998779296875,48.33000183105469,46.84000015258789,47.22999954223633,8196300
2025-05-06,45.36630630493164,47.2400016784668,47.70000076293945,46.68000030517578,47.0,6499300
2025-05-07,46.17298889160156,48.08000183105469,48.400001525878906,46.91999816894531,47.65999984741211,9565800
2025-05-08,47.19094467163086,49.13999938964844,50.2599983215332,48.560001373291016,48.93000030517578,11279100
2025-05-09,53.135433197021484,55.33000183105469,58.060001373291016,53.83000183105469,55.75,21360900
2025-05-12,58.542118072509766,60.959999084472656,62.4900016784668,59.34000015258789,59.9900016784668,20947300
2025-05-13,59.828975677490234,62.29999923706055,63.119998931884766,60.599998474121094,60.95000076293945,10992800
2025-05-14,58.244422912597656,60.650001525878906,62.08000183105469,60.2599983215332,62.0,10608100
2025-05-15,58.388465881347656,60.79999923706055,61.36000061035156,59.29999923706055,60.31999969482422,8416400
2025-05-16,58.78220748901367,61.209999084472656,61.220001220703125,60.130001068115234,60.66999816894531,6589300
2025-05-19,58.1675910949707,60.56999969482422,61.04999923706055,59.38999938964844,59.630001068115234,8220200
2025-05-20,58.388465881347656,60.79999923706055,60.91999816894531,59.790000915527344,60.0,6145500
2025-05-21,56.89994812011719,59.25,61.40999984741211,58.880001068115234,59.81999969482422,7243900
2025-05-22,56.1789665222168,58.04999923706055,59.779998779296875,57.560001373291016,59.25,11530600
2025-05-23,54.37891387939453,56.189998626708984,56.31999969482422,54.540000915527344,55.9900016784668,10093500
2025-05-27,56.78865432739258,58.68000030517578,59.52000045776367,56.75,57.41999816894531,11214300
2025-05-28,55.60797882080078,57.459999084472656,59.09000015258789,57.400001525878906,58.86000061035156,8292900
2025-05-29,56.23702621459961,58.11000061035156,59.59000015258789,57.380001068115234,59.040000915527344,6573900
2025-05-30,56.169288635253906,58.040000915527344,58.630001068115234,56.619998931884766,58.2400016784668,10845600
2025-06-02,58.06610870361328,60.0,60.290000915527344,57.43000030517578,57.689998626708984,9310200
2025-06-03,61.782344818115234,63.84000015258789,64.08000183105469,59.88999938964844,60.41999816894531,16323000
2025-06-04,62.585594177246094,64.66999816894531,65.27999877929688,63.04999923706055,64.3499984741211,9193300
2025-06-05,62.29526138305664,64.37000274658203,66.37000274658203,63.630001068115234,65.0,11875600
2025-06-06,63.14689254760742,65.25,66.05999755859375,65.08999633789062,65.69000244140625,8884500
2025-06-09,65.85665893554688,68.05000305175781,68.61000061035156,65.91000366210938,66.02999877929688,11974600
2025-06-10,67.34701538085938,69.58999633789062,70.56999969482422,67.66000366210938,68.45999908447266,12064800
2025-06-11,67.356689453125,69.5999984741211,71.01000213623047,68.83999633789062,70.2300033569336,12731500
2025-06-12,65.74050903320312,67.93000030517578,69.19000244140625,67.69000244140625,68.69000244140625,7700300
2025-06-13,63.611427307128906,65.7300033569336,67.33000183105469,65.5,66.54000091552734,9841200
2025-06-16,65.99214172363281,68.19000244140625,68.36000061035156,66.4800033569336,66.75,9211800
2025-06-17,65.50824737548828,67.69000244140625,68.75,67.23999786376953,67.58000183105469,6922900
2025-06-18,65.82760620117188,68.0199966430664,69.30999755859375,67.54000091552734,68.0,5642500
2025-06-20,66.74698638916016,68.97000122070312,69.68000030517578,67.37999725341797,69.48999786376953,19067200
2025-06-23,66.36956787109375,68.58000183105469,70.62999725341797,67.97000122070312,69.06999969482422,7498000
2025-06-24,68.1599349975586,70.43000030517578,71.33000183105469,69.62999725341797,69.80000305175781,8422200
2025-06-25,69.2922134399414,71.5999984741211,71.68000030517578,69.33999633789062,70.30000305175781,7586600
2025-06-26,68.49864959716797,70.77999877929688,71.8499984741211,70.68000030517578,71.6500015258789,7060700
2025-06-27,68.21800231933594,70.48999786376953,71.52999877929688,69.77999877929688,71.05000305175781,6885600
2025-06-30,68.10186767578125,70.37000274658203,70.7699966430664,69.5,70.62999725341797,5861600
2025-07-01,69.36964416503906,71.68000030517578,72.5,69.31999969482422,69.45999908447266,8034500
2025-07-02,70.80194854736328,73.16000366210938,73.5199966430664,70.9800033569336,71.51000213623047,8245500
2025-07-03,70.70516204833984,73.05999755859375,74.4000015258789,72.94000244140625,73.83000183105469,3810800
2025-07-07,69.17608642578125,71.4800033569336,73.56999969482422,71.11000061035156,72.95999908447266,7790100
2025-07-08,72.15680694580078,74.55999755859375,75.75,72.29000091552734,72.69999694824219,11350500
2025-07-09,72.27294921875,74.68000030517578,75.58000183105469,73.9000015258789,74.38999938964844,6484200
2025-07-10,72.6600570678711,75.08000183105469,77.19999694824219,74.98999786376953,75.5999984741211,7550400
2025-07-11,72.15680694580078,74.55999755859375,75.05999755859375,73.72000122070312,74.02999877929688,4885900
2025-07-14,71.66326141357422,74.05000305175781,74.47000122070312,72.77999877929688,73.58000183105469,5756200
2025-07-15,70.7535629272461,73.11000061035156,75.4000015258789,73.08000183105469,75.0199966430664,6016200
2025-07-16,72.03101348876953,74.43000030517578,74.44000244140625,72.05999755859375,72.9000015258789,7036500
2025-07-17,71.90520477294922,74.30000305175781,74.55000305175781,73.41999816894531,74.22000122070312,6255400
2025-07-18,72.3697280883789,74.77999877929688,75.62999725341797,74.05000305175781,75.18000030517578,5239400
2025-07-21,71.4697036743164,73.8499984741211,76.08999633789062,73.80000305175781,75.1500015258789,6153700
2025-07-22,72.83425903320312,75.26000213623047,75.55999755859375,73.08999633789062,73.41000366210938,8819400
2025-07-23,67.9857406616211,70.25,71.75,68.19999694824219,70.69999694824219,19476800
2025-07-24,65.62437438964844,67.80999755859375,69.41999816894531,66.7300033569336,68.91999816894531,13363800
2025-07-25,66.97925567626953,69.20999908447266,69.2699966430664,67.68000030517578,67.7699966430664,8354600
2025-07-28,68.25670623779297,70.52999877929688,71.08000183105469,69.3499984741211,69.70999908447266,6765000
2025-07-29,68.4018783569336,70.68000030517578,71.54000091552734,69.83000183105469,71.02999877929688,5449100
2025-07-30,68.02445220947266,70.29000091552734,71.0999984741211,69.4800033569336,70.91999816894531,6430800
2025-07-31,65.41146850585938,67.58999633789062,70.05999755859375,66.80999755859375,69.69999694824219,15369600
2025-08-01,64.22112274169922,66.36000061035156,68.61000061035156,64.66999816894531,68.55000305175781,11544600
2025-08-04,64.4437026977539,66.58999633789062,67.5,66.44000244140625,66.83000183105469,8552300
2025-08-05,64.96630096435547,67.12999725341797,68.18000030517578,65.37999725341797,67.63999938964844,9872900
2025-08-06,64.0372314453125,66.16999816894531,67.44000244140625,65.6500015258789,66.9000015258789,6366100
2025-08-07,64.08563232421875,66.22000122070312,68.37999725341797,65.77999877929688,67.80999755859375,13767500
2025-08-08,59.87583541870117,61.869998931884766,63.95000076293945,60.880001068115234,61.58000183105469,20070400
2025-08-11,58.98549270629883,60.95000076293945,62.88999938964844,60.84000015258789,61.91999816894531,10238800
2025-08-12,62.42107009887695,64.5,66.5,61.68000030517578,61.939998626708984,12674600
2025-08-13,63.630775451660156,65.75,66.12000274658203,64.16999816894531,64.81999969482422,8379500
2025-08-14,63.8630485534668,65.98999786376953,66.33000183105469,63.40999984741211,64.55000305175781,6843000
2025-08-15,63.59206771850586,65.70999908447266,66.55000305175781,65.5999984741211,66.12999725341797,7744400
2025-08-18,63.446903228759766,65.55999755859375,66.01000213623047,65.04000091552734,65.63999938964844,4991700
2025-08-19,62.624298095703125,64.70999908447266,66.4000015258789,64.4000015258789,65.55999755859375,5069700
2025-08-20,64.60823059082031,66.76000213623047,66.91000366210938,63.68000030517578,65.0,10208900
2025-08-21,63.9694938659668,66.0999984741211,66.68000030517578,65.69999694824219,66.43000030517578,5932200
2025-08-22,67.37529754638672,69.13999938964844,70.69999694824219,66.13999938964844,66.25,12430300
2025-08-25,66.80035400390625,68.55000305175781,69.13999938964844,67.97000122070312,69.13999938964844,5326700
2025-08-26,65.89409637451172,67.62000274658203,69.30000305175781,67.26000213623047,68.27999877929688,8740400
2025-08-27,64.9488525390625,66.6500015258789,67.22000122070312,66.29000091552734,66.94000244140625,8212000
2025-08-28,63.58457946777344,65.25,67.56999969482422,65.08000183105469,66.5999984741211,13999200
2025-08-29,63.34096145629883,65.0,65.68000030517578,64.31999969482422,65.06999969482422,9209700
2025-09-02,61.97669219970703,63.599998474121094,63.849998474121094,62.279998779296875,63.27000045776367,6638800
2025-09-03,61.664859771728516,63.279998779296875,63.75,61.599998474121094,63.54999923706055,6963600
2025-09-04,62.78550720214844,64.43000030517578,64.70999908447266,61.099998474121094,64.0,11087900
2025-09-05,64.23748016357422,65.91999816894531,67.08999633789062,64.36000061035156,64.73999786376953,7765200
2025-09-08,63.63330841064453,65.30000305175781,66.87999725341797,64.83000183105469,66.3499984741211,7153000
2025-09-09,63.10708999633789,64.76000213623047,65.68000030517578,64.43000030517578,65.29000091552734,4192800
2025-09-10,63.08759307861328,64.73999786376953,65.69999694824219,64.16999816894531,64.91000366210938,5407500
2025-09-11,63.360450744628906,65.0199966430664,65.22000122070312,63.779998779296875,64.73999786376953,6455700
2025-09-12,63.048614501953125,64.69999694824219,65.6500015258789,64.41000366210938,65.12000274658203,4608200
2025-09-15,61.55766677856445,63.16999816894531,64.66999816894531,62.27000045776367,64.0,6803800
2025-09-16,62.804996490478516,64.44999694824219,64.72000122070312,63.290000915527344,63.63999938964844,7680300
2025-09-17,64.1010513305664,65.77999877929688,67.62000274658203,63.9900016784668,64.38999938964844,7381600
2025-09-18,64.56880187988281,66.26000213623047,67.87000274658203,65.95999908447266,67.02999877929688,9832000
2025-09-19,63.48713302612305,65.1500015258789,66.5,63.869998931884766,66.30999755859375,13348400
2025-09-22,63.730751037597656,65.4000015258789,66.19999694824219,65.01000213623047,65.5,6466500
2025-09-23,63.05836486816406,64.70999908447266,66.51000213623047,64.4800033569336,65.73999786376953,6218900
2025-09-24,64.16926574707031,65.8499984741211,66.25,64.66999816894531,64.8499984741211,5874100
2025-09-25,63.18504333496094,64.83999633789062,65.44999694824219,63.7400016784668,65.44999694824219,4621100
2025-09-26,62.77576446533203,64.41999816894531,65.0,63.7599983215332,64.66999816894531,4110800
2025-09-29,62.434696197509766,64.06999969482422,65.11000061035156,64.01000213623047,64.87999725341797,6499700
2025-09-30,62.58087158203125,64.22000122070312,64.87000274658203,63.029998779296875,64.2699966430664,7686700
2025-10-01,62.47367477416992,64.11000061035156,64.88999938964844,63.33000183105469,63.97999954223633,8399400
2025-10-02,64.4421157836914,66.12999725341797,67.05999755859375,64.41999816894531,64.77999877929688,6221000
2025-10-03,64.84165954589844,66.54000091552734,69.0,66.3499984741211,66.38999938964844,6368300
2025-10-06,64.890380859375,66.58999633789062,67.7699966430664,64.3499984741211,67.2300033569336,6410200
2025-10-07,63.301979064941406,64.95999908447266,67.41999816894531,64.73999786376953,67.02999877929688,6049300
2025-10-08,65.21195220947266,66.91999816894531,67.12999725341797,64.68000030517578,65.31999969482422,6149900
2025-10-09,64.17900848388672,65.86000061035156,66.75,65.08000183105469,66.69999694824219,3842600
2025-10-10,58.86811065673828,60.40999984741211,66.29000091552734,60.20000076293945,65.9800033569336,12554600
2025-10-13,62.74652862548828,64.38999938964844,64.91999816894531,62.18000030517578,62.79999923706055,8316300
2025-10-14,62.951171875,64.5999984741211,66.61000061035156,62.220001220703125,62.220001220703125,9058400
2025-10-15,63.54559326171875,65.20999908447266,65.75,63.65999984741211,65.5,10045600
2025-10-16,63.68202590942383,65.3499984741211,66.41000366210938,64.38999938964844,65.97000122070312,5193200
2025-10-17,63.477386474609375,65.13999938964844,65.62999725341797,64.26000213623047,64.80999755859375,4582800
2025-10-20,65.3581314086914,67.06999969482422,67.66999816894531,65.6500015258789,66.06999969482422,5562100
2025-10-21,65.796630859375,67.5199966430664,68.0,66.30999755859375,66.95999908447266,5611900
2025-10-22,62.85371780395508,64.5,66.05999755859375,63.29999923706055,65.20999908447266,9989800
2025-10-23,63.42865753173828,65.08999633789062,65.29000091552734,62.93000030517578,62.93000030517578,7224600
2025-10-24,61.55766677856445,63.16999816894531,66.05000305175781,63.119998931884766,65.98999786376953,7533200
2025-10-27,62.90244674682617,64.55000305175781,65.16999816894531,63.4900016784668,63.959999084472656,7361900
2025-10-28,62.01567077636719,63.63999938964844,64.61000061035156,63.0,64.51000213623047,4808700
2025-10-29,60.943748474121094,62.540000915527344,64.30999755859375,62.13999938964844,63.68000030517578,9882000
2025-10-30,60.48574447631836,62.06999969482422,63.41999816894531,61.91999816894531,62.779998779296875,5752900
2025-10-31,60.82680892944336,62.41999816894531,63.130001068115234,61.59000015258789,62.06999969482422,7081600
2025-11-03,60.81706619262695,62.40999984741211,63.45000076293945,62.11000061035156,62.7400016784668,5769400
2025-11-04,57.98133850097656,59.5,62.279998779296875,59.290000915527344,61.38999938964844,8075600
2025-11-05,59.2481575012207,60.79999923706055,62.150001525878906,59.68000030517578,59.86000061035156,8254300
2025-11-06,57.835166931152344,59.349998474121094,61.279998779296875,59.130001068115234,60.58000183105469,10993500
2025-11-07,54.843528747558594,56.279998779296875,56.29999923706055,52.810001373291016,56.20000076293945,19099500
2025-11-10,53.99573516845703,55.40999984741211,57.58000183105469,55.04999923706055,57.33000183105469,9866700
2025-11-11,53.3135986328125,54.709999084472656,55.91999816894531,54.29999923706055,55.279998779296875,8502600
2025-11-12,54.210121154785156,55.630001068115234,56.68000030517578,55.529998779296875,55.529998779296875,6536100
2025-11-13,53.411048889160156,54.810001373291016,56.08000183105469,54.130001068115234,55.04999923706055,10618100
2025-11-14,52.114994049072266,53.47999954223633,54.68000030517578,53.0,54.150001525878906,8290000
2025-11-17,50.38042449951172,51.70000076293945,53.439998626708984,50.880001068115234,53.33000183105469,8118600
2025-11-18,49.57160949707031,50.869998931884766,51.56999969482422,50.61000061035156,51.25,9779900
2025-11-19,49.503395080566406,50.79999923706055,51.470001220703125,50.369998931884766,50.86000061035156,9005800
2025-11-20,47.768829345703125,49.02000045776367,51.709999084472656,48.56999969482422,51.119998931884766,10584000
2025-11-21,49.60084915161133,50.900001525878906,51.45000076293945,48.52000045776367,49.060001373291016,11767300
2025-11-24,50.392372131347656,51.25,51.5099983215332,50.099998474121094,50.540000915527344,12016400
2025-11-25,50.962669372558594,51.83000183105469,52.31999969482422,49.79999923706055,50.33000183105469,9605200
2025-11-26,51.69028091430664,52.56999969482422,53.36000061035156,51.54999923706055,51.869998931884766,6266100
2025-11-28,52.68338394165039,53.58000183105469,53.7400016784668,52.369998931884766,52.689998626708984,3755000
2025-12-01,52.535892486572266,53.43000030517578,54.27000045776367,52.619998931884766,52.880001068115234,5580800
2025-12-02,55.76100540161133,56.709999084472656,57.349998474121094,53.40999984741211,53.79999923706055,11954000
2025-12-03,62.54553985595703,63.61000061035156,63.939998626708984,58.95000076293945,59.29999923706055,22906400
2025-12-04,63.636962890625,64.72000122070312,65.48999786376953,63.220001220703125,63.970001220703125,12641900
2025-12-05,64.70872497558594,65.80999755859375,66.94999694824219,65.54000091552734,66.19000244140625,11350100
2025-12-08,66.22295379638672,67.3499984741211,67.41999816894531,66.2699966430664,66.30000305175781,8146600
2025-12-09,65.73131561279297,66.8499984741211,67.48999786376953,66.52999877929688,66.87000274658203,7488600
2025-12-10,66.76374816894531,67.9000015258789,68.19999694824219,66.2300033569336,66.79000091552734,8780400
2025-12-11,67.93383026123047,69.08999633789062,69.2699966430664,66.77999877929688,67.81999969482422,8243200
2025-12-12,66.05579376220703,67.18000030517578,69.55999755859375,66.62999725341797,69.36000061035156,13126900
2025-12-15,66.05579376220703,67.18000030517578,68.08999633789062,66.5199966430664,68.05999755859375,6768000
2025-12-16,64.7972183227539,65.9000015258789,69.33000183105469,64.91000366210938,68.98999786376953,7294200
2025-12-17,62.91918182373047,63.9900016784668,66.61000061035156,63.439998626708984,66.16999816894531,8750500
2025-12-18,62.98800277709961,64.05999755859375,65.68000030517578,63.75,65.31999969482422,6554800
2025-12-19,63.823787689208984,64.91000366210938,65.18000030517578,64.11000061035156,64.33000183105469,18662500
2025-12-22,65.13152313232422,66.23999786376953,67.01000213623047,65.66999816894531,66.05000305175781,5867700
2025-12-23,64.25641632080078,65.3499984741211,66.20999908447266,65.0999984741211,65.86000061035156,4874300
2025-12-24,64.26625061035156,65.36000061035156,65.9000015258789,65.18000030517578,65.62999725341797,2100900
2025-12-26,63.8532829284668,64.94000244140625,65.9000015258789,64.81999969482422,65.55999755859375,3853600
2025-12-29,63.56813430786133,64.6500015258789,65.47000122070312,63.970001220703125,65.01000213623047,4778500
2025-12-30,63.59762954711914,64.68000030517578,65.2300033569336,64.37000274658203,64.83999633789062,4346300
2025-12-31,62.65370178222656,63.720001220703125,64.6500015258789,63.63999938964844,64.58000183105469,4563500
2026-01-02,63.941768646240234,65.02999877929688,65.87000274658203,64.1500015258789,65.26000213623047,7789800
2026-01-05,65.93781280517578,67.05999755859375,68.83999633789062,65.30000305175781,65.3499984741211,9261200
2026-01-06,73.61711120605469,74.87000274658203,75.29000091552734,70.55999755859375,70.55999755859375,18540100
2026-01-07,72.70267486572266,73.94000244140625,74.0199966430664,71.88999938964844,73.05999755859375,9813500
2026-01-08,72.29953002929688,73.52999877929688,73.73999786376953,71.69999694824219,73.4000015258789,8440400
2026-01-09,73.96125030517578,75.22000122070312,76.05999755859375,73.51000213623047,74.02999877929688,9124300
2026-01-12,72.16187286376953,73.38999938964844,75.31999969482422,73.20999908447266,75.31999969482422,6982500
2026-01-13,72.83049774169922,74.06999969482422,75.13999938964844,73.41000366210938,73.51000213623047,5453700
2026-01-14,73.43029022216797,74.68000030517578,75.01000213623047,73.51000213623047,73.98999786376953,5298500
2026-01-15,73.20413208007812,74.44999694824219,76.0,74.41000366210938,75.2300033569336,6994200
2026-01-16,73.449951171875,74.69999694824219,75.66000366210938,74.33000183105469,75.43000030517578,7005300
2026-01-20,71.945556640625,73.16999816894531,74.3499984741211,72.27999877929688,73.11000061035156,11046300
2026-01-21,74.92485046386719,76.19999694824219,76.73999786376953,73.7699966430664,74.16999816894531,11834300
2026-01-22,74.20706939697266,75.47000122070312,79.5,75.16000366210938,79.01000213623047,12631100
2026-01-23,73.45979309082031,74.70999908447266,75.94000244140625,73.41000366210938,75.77999877929688,7546300
2026-01-26,73.53845977783203,74.79000091552734,75.30000305175781,73.94999694824219,74.70999908447266,7783900
2026-01-27,73.90225982666016,75.16000366210938,76.27999877929688,75.02999877929688,75.12000274658203,6144100
2026-01-28,78.93657684326172,80.27999877929688,81.43000030517578,78.7300033569336,79.81999969482422,14809600
2026-01-29,78.03197479248047,79.36000061035156,80.87999725341797,76.06999969482422,79.88999938964844,7821700
2026-01-30,74.6495361328125,75.91999816894531,78.55999755859375,75.08000183105469,78.33000183105469,12510700
2026-02-02,76.77339935302734,78.08000183105469,79.08000183105469,74.4000015258789,74.79000091552734,8648500
2026-02-03,75.37716674804688,76.66000366210938,79.18000030517578,75.26000213623047,77.69999694824219,8541600
2026-02-04,76.92088317871094,78.2300033569336,79.81999969482422,76.6500015258789,77.5999984741211,14565400
2026-02-05,76.73406219482422,78.04000091552734,79.1500015258789,75.72000122070312,77.1500015258789,11358300
2026-02-06,74.738037109375,76.01000213623047,76.69999694824219,73.37999725341797,74.41000366210938,20208200
2026-02-09,73.16481018066406,74.41000366210938,75.55000305175781,73.5,74.30999755859375,11656400
2026-02-10,75.57381439208984,76.86000061035156,77.70999908447266,74.48999786376953,74.55999755859375,12059000
2026-02-11,79.39871215820312,80.75,81.2699966430664,77.86000061035156,78.22000122070312,13622000
2026-02-12,77.59933471679688,78.91999816894531,83.3499984741211,78.2699966430664,81.80999755859375,12504000
2026-02-13,77.24535369873047,78.55999755859375,79.16999816894531,77.58999633789062,78.0199966430664,7888200
2026-02-17,77.61900329589844,78.94000244140625,79.62999725341797,77.11000061035156,78.5,6181700
2026-02-18,77.78616333007812,79.11000061035156,81.0,78.45999908447266,80.66999816894531,6953400
2026-02-19,75.86878967285156,77.16000366210938,78.7699966430664,76.02999877929688,78.44000244140625,6919300
2026-02-20,76.42925262451172,77.7300033569336,78.38999938964844,76.19000244140625,76.27999877929688,7042900
2026-02-23,75.76163482666016,76.5999984741211,77.75,74.5999984741211,77.13999938964844,5034200
2026-02-24,75.09896850585938,75.93000030517578,79.18000030517578,75.56999969482422,77.20999908447266,5592200
2026-02-25,74.64401245117188,75.47000122070312,77.0999984741211,75.37999725341797,77.05999755859375,7829400
2026-02-26,74.14948272705078,74.97000122070312,75.95999908447266,73.62999725341797,75.73999786376953,9959400
2026-02-27,73.82308959960938,74.63999938964844,74.73999786376953,72.31999969482422,73.26000213623047,10302500
2026-03-02,73.4967041015625,74.30999755859375,74.70999908447266,72.44000244140625,72.86000061035156,5288700
2026-03-03,70.60865783691406,71.38999938964844,72.72000122070312,70.70999908447266,72.0199966430664,9389000
2026-03-04,69.13497161865234,69.9000015258789,72.69999694824219,69.33999633789062,72.5199966430664,7452200
2026-03-05,67.06784057617188,67.80999755859375,70.48999786376953,66.91000366210938,69.0,9606300
2026-03-06,64.06110382080078,64.7699966430664,66.37999725341797,64.19000244140625,65.72000122070312,11745000
2026-03-09,64.2885971069336,65.0,65.55000305175781,61.68000030517578,63.560001373291016,12951600
2026-03-10,64.614990234375,65.33000183105469,67.0999984741211,64.58000183105469,65.0,11371100
2026-03-11,65.06995391845703,65.79000091552734,66.2699966430664,64.62000274658203,65.55000305175781,7308600
2026-03-12,62.04344177246094,62.72999954223633,65.12999725341797,62.349998474121094,64.5999984741211,10756100
2026-03-13,61.262088775634766,61.939998626708984,64.08000183105469,61.38999938964844,63.5,6899600
2026-03-16,63.131404876708984,63.83000183105469,64.9000015258789,63.20000076293945,63.400001525878906,7291100
2026-03-17,63.883079528808594,64.58999633789062,65.69000244140625,64.08999633789062,64.4000015258789,5801600
2026-03-18,64.00177001953125,64.70999908447266,65.79000091552734,64.0,64.0,10218600
2026-03-19,62.597312927246094,63.290000915527344,64.1500015258789,62.43000030517578,62.900001525878906,10227100
2026-03-20,62.28081512451172,62.970001220703125,64.33999633789062,62.119998931884766,62.9900016784668,12516300
2026-03-23,63.63581848144531,64.33999633789062,65.91999816894531,64.23999786376953,64.93000030517578,7972500
2026-03-24,64.91170501708984,65.62999725341797,66.58000183105469,63.70000076293945,63.72999954223633,5553900
2026-03-25,64.44684600830078,65.16000366210938,68.0999984741211,64.83000183105469,66.25,6581000
2026-03-26,63.49734878540039,64.19999694824219,65.98999786376953,63.970001220703125,64.48999786376953,10554300
2026-03-27,61.32143020629883,62.0,63.790000915527344,61.58000183105469,63.529998779296875,8341800
2026-03-30,59.40266418457031,60.060001373291016,62.939998626708984,59.310001373291016,62.40999984741211,8534200
2026-03-31,63.90286636352539,64.61000061035156,64.9800033569336,61.18000030517578,61.349998474121094,12580900
2026-04-01,64.66443634033203,65.37999725341797,66.52999877929688,64.51000213623047,64.83000183105469,7926800
2026-04-02,64.88202667236328,65.5999984741211,65.80999755859375,62.619998931884766,63.220001220703125,6599900
2026-04-06,66.48430633544922,67.22000122070312,67.80999755859375,65.80999755859375,65.97000122070312,5480100
2026-04-07,66.77112579345703,67.51000213623047,67.79000091552734,65.75,67.01000213623047,6549400
2026-04-08,69.95588684082031,70.7300033569336,72.5,69.7300033569336,72.0199966430664,13559100
2026-04-09,70.4405288696289,71.22000122070312,71.55000305175781,69.52999877929688,70.5,8477400
2026-04-10,70.77679443359375,71.55999755859375,72.69999694824219,70.83000183105469,71.91000366210938,8065300
2026-04-13,72.7450180053711,73.55000305175781,73.70999908447266,71.12000274658203,71.45999908447266,6724900
2026-04-14,73.68462371826172,74.5,74.88999938964844,73.0199966430664,74.19999694824219,7446400
2026-04-15,73.67472839355469,74.48999786376953,74.86000061035156,72.9000015258789,74.12999725341797,6869400
2026-04-16,76.0286865234375,76.87000274658203,77.31999969482422,74.01000213623047,74.55999755859375,7221100
2026-04-17,77.89800262451172,78.76000213623047,79.9000015258789,77.76000213623047,78.77999877929688,10896300
2026-04-20,79.5101547241211,80.38999938964844,80.70999908447266,78.41999816894531,79.0,9660700
2026-04-21,80.04425048828125,80.93000030517578,81.86000061035156,80.23999786376953,80.48999786376953,8519100
2026-04-22,81.57728576660156,82.4800033569336,82.9000015258789,81.08999633789062,82.47000122070312,8901100
2026-04-23,89.64797973632812,90.63999938964844,92.23999786376953,85.45999908447266,85.77999877929688,18143200
2026-04-24,88.46111297607422,89.44000244140625,91.5,87.91000366210938,91.11000061035156,11341200
2026-04-27,85.88956451416016,86.83999633789062,89.29000091552734,85.27999877929688,88.95999908447266,10126700
2026-04-28,83.33780670166016,84.26000213623047,87.13999938964844,83.94999694824219,85.7300033569336,13219800
2026-04-29,89.18311309814453,90.16999816894531,90.7300033569336,87.11000061035156,89.0,12902700
2026-04-30,91.89313507080078,92.91000366210938,93.02999877929688,89.12000274658203,91.0,9342700
2026-05-01,92.92174530029297,93.94999694824219,94.55999755859375,91.91000366210938,92.80999755859375,8062800
2026-05-04,94.25697326660156,95.30000305175781,96.22000122070312,93.62000274658203,96.22000122070312,8362100
2026-05-05,97.40217590332031,98.4800033569336,99.08000183105469,94.16999816894531,95.2300033569336,11012100
2026-05-06,101.7935791015625,102.91999816894531,103.23999786376953,98.0,98.4800033569336,13764100
2026-05-07,100.46824645996094,101.58000183105469,102.27999877929688,99.58999633789062,102.1500015258789,15859600
2026-05-08,98.0054931640625,99.08999633789062,105.91000366210938,96.81999969482422,105.05000305175781,18857300
2026-05-11,97.94615173339844,99.02999877929688,101.18000030517578,96.56999969482422,98.0999984741211,19625200
2026-05-12,96.63069915771484,97.69999694824219,98.1500015258789,94.41999816894531,97.05999755859375,12828500
2026-05-13,95.65154266357422,96.70999908447266,99.87000274658203,96.05999755859375,99.6500015258789,12894100
2026-05-14,95.9779281616211,97.04000091552734,97.29000091552734,95.2699966430664,96.38999938964844,6977400
2026-05-15,92.82284545898438,93.8499984741211,95.58999633789062,93.72000122070312,94.0999984741211,9445400
2026-05-18,91.7447738647461,92.76000213623047,95.81999969482422,91.12999725341797,95.81999969482422,10149000
2026-05-19,90.80516815185547,91.80999755859375,93.58999633789062,90.0,90.44999694824219,7350400
2026-05-20,92.99097442626953,94.0199966430664,94.33999633789062,91.80999755859375,92.68000030517578,10871600
2026-05-21,90.11283111572266,91.11000061035156,93.27999877929688,89.16000366210938,93.0,8596100
2026-05-22,92.8712387084961,93.43000030517578,94.91000366210938,90.63999938964844,90.66999816894531,8837400
2026-05-26,97.46360778808594,98.05000305175781,99.97000122070312,95.22000122070312,95.83999633789062,13087000
2026-05-27,96.27078247070312,96.8499984741211,100.25,94.72000122070312,99.37999725341797,12755800
2026-05-28,95.46562957763672,96.04000091552734,97.98999786376953,93.63999938964844,96.86000061035156,7696100
2026-05-29,94.08393859863281,94.6500015258789,97.98999786376953,93.98999786376953,96.68000030517578,11366400
2026-06-01,90.97265625,91.5199966430664,94.19999694824219,90.2300033569336,92.87999725341797,11345100
2026-06-02,96.380126953125,96.95999908447266,99.30000305175781,94.16000366210938,96.75,13414800
2026-06-03,95.97257995605469,96.55000305175781,97.38999938964844,94.36000061035156,96.63999938964844,10449400
2026-06-04,95.72407531738281,96.30000305175781,99.5999984741211,94.58000183105469,95.6500015258789,9557000
2026-06-05,87.81167602539062,88.33999633789062,93.94999694824219,87.55999755859375,93.56999969482422,19736600
2026-06-08,90.82356262207031,91.37000274658203,93.18000030517578,89.62000274658203,91.86000061035156,13900600
2026-06-09,90.92295837402344,91.47000122070312,94.5,85.27999877929688,92.98999786376953,15334200
2026-06-10,87.3842544555664,87.91000366210938,92.48999786376953,87.55000305175781,90.26000213623047,10497600
2026-06-11,92.38417053222656,92.94000244140625,93.33999633789062,88.7300033569336,90.47000122070312,15470300
2026-06-12,94.67041015625,95.23999786376953,95.69999694824219,91.9000015258789,92.95999908447266,8384800
2026-06-15,99.72003173828125,100.31999969482422,100.95999908447266,98.0,98.79000091552734,11611700
2026-06-16,95.05807495117188,95.62999725341797,101.93000030517578,95.56999969482422,99.5,11664300
2026-06-17,93.54717254638672,94.11000061035156,97.88999938964844,93.91999816894531,97.66999816894531,10091600
2026-06-18,99.1733169555664,99.7699966430664,100.91999816894531,97.80999755859375,98.19999694824219,16353500
2026-06-22,102.09573364257812,102.70999908447266,104.02999877929688,101.0999984741211,101.5,11048100
2026-06-23,92.70225524902344,93.26000213623047,98.37999725341797,92.06999969482422,97.08999633789062,17126000
2026-06-24,91.92692565917969,92.4800033569336,93.51000213623047,89.77999877929688,92.86000061035156,10768500
2026-06-25,93.55711364746094,94.12000274658203,97.2300033569336,91.83999633789062,95.69999694824219,9765500
2026-06-26,87.40412902832031,87.93000030517578,91.23999786376953,86.83999633789062,91.08000183105469,31443100
2026-06-29,88.5273666381836,89.05999755859375,89.27999877929688,85.05999755859375,87.48999786376953,12608700
2026-06-30,90.65457153320312,91.19999694824219,92.0199966430664,88.0199966430664,89.12999725341797,16176400
2026-07-01,88.15958404541016,88.69000244140625,91.4000015258789,88.62000274658203,89.5,14264100
2026-07-02,84.13380432128906,84.63999938964844,90.05999755859375,82.8499984741211,89.05999755859375,14794000
2026-07-06,87.066162109375,87.58999633789062,89.5199966430664,86.5999984741211,87.0,7981200
2026-07-07,83.64673614501953,84.1500015258789,84.94999694824219,81.5999984741211,83.95999908447266,13027100
2026-07-08,84.97872161865234,85.48999786376953,86.12000274658203,83.13999938964844,83.13999938964844,7198900
2026-07-09,87.73216247558594,88.26000213623047,90.8499984741211,87.70999908447266,88.48999786376953,11164200
2026-07-10,88.0601806640625,88.58999633789062,89.44999694824219,86.5199966430664,87.81999969482422,6677400
2026-07-13,83.72626495361328,84.2300033569336,87.0,83.87999725341797,87.0,10301300
2026-07-14,86.58903503417969,87.11000061035156,88.6500015258789,86.38999938964844,88.0,10238700
2026-07-15,85.7441177368164,86.26000213623047,88.13999938964844,83.58000183105469,88.13999938964844,7512600
2026-07-16,81.1915054321289,81.68000030517578,84.81999969482422,80.8499984741211,83.8499984741211,12220200
2026-07-17,80.47581481933594,80.95999908447266,82.0,78.0,78.95999908447266,12926900
2026-07-20,80.02851104736328,80.51000213623047,83.41999816894531,80.33000183105469,82.52999877929688,7503900
2026-07-21,82.88134002685547,83.37999725341797,83.87000274658203,81.5199966430664,83.19000244140625,11642200
2026-07-22,84.51152801513672,85.0199966430664,85.66000366210938,81.83999633789062,81.87999725341797,6537900
2026-07-23,80.86347961425781,81.3499984741211,83.38999938964844,80.19000244140625,81.20999908447266,11585800
2026-07-24,78.38837432861328,78.86000061035156,81.23999786376953,78.02999877929688,80.29000091552734,9323800
2026-07-27,77.43412017822266,77.9000015258789,80.36000061035156,75.55999755859375,79.48999786376953,11225500
2026-07-28,75.25720977783203,75.70999908447266,77.61000061035156,74.87999725341797,76.23999786376953,13879800
2026-07-29,70.94316864013672,71.37000274658203,75.83000183105469,71.23999786376953,75.1500015258789,15678900
2026-07-30,74.5614013671875,75.01000213623047,75.86000061035156,73.25,74.93000030517578,13846900
2026-07-31,73.845703125,74.29000091552734,77.66999816894531,74.18000030517578,77.08000183105469,11293200
2026-08-03,74.7701416015625,75.22000122070312,75.72000122070312,72.58000183105469,73.45999908447266,8143500
2026-08-04,80.18754577636719,80.66999816894531,80.9800033569336,77.5,77.5,16079400
2026-08-05,77.32477569580078,77.79000091552734,80.38999938964844,77.0,80.0999984741211,9796300
2026-08-06,73.915283203125,74.36000061035156,79.5999984741211,74.22000122070312,76.62000274658203,15904000
2026-08-07,84.18350982666016,84.69000244140625,85.97000122070312,80.68000030517578,81.3499984741211,19095100
2026-08-10,80.90324401855469,81.38999938964844,85.66000366210938,81.13999938964844,85.54000091552734,8793300
2026-08-11,80.53545379638672,81.0199966430664,83.44000244140625,80.66999816894531,82.27999877929688,7005500
2026-08-12,78.96490478515625,79.44000244140625,83.73999786376953,79.30000305175781,83.7300033569336,9225600
2026-08-13,77.22537231445312,77.69000244140625,80.43000030517578,77.5999984741211,79.48999786376953,7415000
2026-08-14,78.69651794433594,79.16999816894531,79.3499984741211,77.2699966430664,77.87000274658203,8246400
2026-08-17,79.7800064086914,80.26000213623047,81.41000366210938,79.37000274658203,80.05999755859375,8530600
2026-08-18,77.72238159179688,78.19000244140625,78.47000122070312,75.6500015258789,78.01000213623047,12743300
2026-08-19,76.6190185546875,77.08000183105469,79.75,76.97000122070312,79.2699966430664,8833000
2026-08-20,75.35661315917969,75.80999755859375,77.41999816894531,75.68000030517578,76.69000244140625,6824800
2026-08-21,75.625,76.08000183105469,77.0,75.05999755859375,76.81999969482422,4628800
2026-08-24,74.20999908447266,74.20999908447266,75.2300033569336,72.7699966430664,74.79000091552734,11782200
2026-08-25,73.5,73.5,75.31999969482422,73.12999725341797,75.31999969482422,6001700
2026-08-26,74.05000305175781,74.05000305175781,74.41000366210938,72.91000366210938,73.41000366210938,6224900
2026-08-27,75.48999786376953,75.48999786376953,75.56999969482422,73.70999908447266,74.58999633789062,7520800
2026-08-28,72.93000030517578,72.93000030517578,75.58000183105469,72.66999816894531,75.38999938964844,11147800
2026-08-31,73.44999694824219,73.44999694824219,74.05999755859375,72.75,73.51000213623047,7193300
2026-09-01,71.41000366210938,71.41000366210938,72.37000274658203,70.44999694824219,71.91999816894531,10116500
2026-09-02,72.76000213623047,72.76000213623047,73.19000244140625,70.66999816894531,71.45999908447266,5837700
2026-09-03,73.11000061035156,73.11000061035156,73.29000091552734,70.8499984741211,71.63999938964844,5814700
2026-09-04,74.16999816894531,74.16999816894531,74.86000061035156,73.20999908447266,73.77999877929688,7673200
2026-09-08,73.37999725341797,73.37999725341797,74.83999633789062,72.83000183105469,74.6500015258789,8727500
2026-09-09,73.01000213623047,73.01000213623047,74.2699966430664,72.55000305175781,73.05000305175781,5104200
2026-09-10,72.27999877929688,72.27999877929688,72.5896987915039,70.94999694824219,71.37000274658203,1573587
