Price,Adj Close,Close,High,Low,Open,Volume
Ticker,NKE,NKE,NKE,NKE,NKE,NKE
Date,,,,,,
2021-09-10,149.2665557861328,163.58999633789062,165.66000366210938,163.44000244140625,164.25,4252100
2021-09-13,145.55296325683594,159.52000427246094,162.9199981689453,158.3300018310547,161.55999755859375,8814500
2021-09-14,144.85946655273438,158.75999450683594,159.38999938964844,157.07000732421875,159.1699981689453,5323900
2021-09-15,144.0839385986328,157.91000366210938,158.32000732421875,155.6699981689453,157.5,6827100
2021-09-16,143.8010711669922,157.60000610351562,159.00999450683594,157.1999969482422,157.58999633789062,5085900
2021-09-17,142.72438049316406,156.4199981689453,161.0,156.07000732421875,157.9600067138672,7944800
2021-09-20,140.7443389892578,154.25,155.27000427246094,152.32000732421875,153.72999572753906,7041200
2021-09-21,141.44696044921875,155.02000427246094,156.1300048828125,153.5800018310547,155.08999633789062,5857900
2021-09-22,143.65509033203125,157.44000244140625,158.0,155.60000610351562,156.7899932861328,6844800
2021-09-23,145.60772705078125,159.5800018310547,160.2899932861328,158.27000427246094,158.7100067138672,11981500
2021-09-24,136.49237060546875,149.58999633789062,151.85000610351562,148.0,151.0399932861328,26913300
2021-09-27,135.07806396484375,148.0399932861328,149.91000366210938,147.2899932861328,149.50999450683594,11479300
2021-09-28,132.57797241210938,145.3000030517578,147.52999877929688,145.0,147.33999633789062,10692300
2021-09-29,133.2349853515625,146.02000427246094,147.94000244140625,145.69000244140625,145.7100067138672,7794900
2021-09-30,132.5141143798828,145.22999572753906,147.47999572753906,144.4199981689453,145.8800048828125,10133600
2021-10-01,134.18389892578125,147.05999755859375,148.0,144.3699951171875,145.22000122070312,8112300
2021-10-04,134.2569122314453,147.13999938964844,147.6199951171875,145.75999450683594,147.05999755859375,7951000
2021-10-05,136.37379455566406,149.4600067138672,151.0,147.82000732421875,148.0,10881900
2021-10-06,135.7715606689453,148.8000030517578,149.4600067138672,147.50999450683594,148.0,7610700
2021-10-07,138.5545196533203,151.85000610351562,153.66000366210938,150.25999450683594,150.3000030517578,7958000
2021-10-08,139.1293182373047,152.47999572753906,152.8699951171875,150.6699981689453,152.22000122070312,6333700
2021-10-11,137.12193298339844,150.27999877929688,153.58999633789062,150.05999755859375,151.99000549316406,5551200
2021-10-12,139.92315673828125,153.35000610351562,153.60000610351562,151.3000030517578,152.4199981689453,7408600
2021-10-13,142.61485290527344,156.3000030517578,156.6699981689453,153.16000366210938,154.32000732421875,8456300
2021-10-14,143.38131713867188,157.13999938964844,158.4600067138672,156.25,158.17999267578125,6024500
2021-10-15,144.17515563964844,158.00999450683594,158.3300018310547,156.55999755859375,157.8000030517578,5532100
2021-10-18,145.47080993652344,159.42999267578125,159.47000122070312,155.9499969482422,157.30999755859375,5765300
2021-10-19,144.00177001953125,157.82000732421875,159.92999267578125,156.8000030517578,159.67999267578125,6198200
2021-10-20,144.5766143798828,158.4499969482422,158.8000030517578,157.32000732421875,158.5,4487000
2021-10-21,147.9800262451172,162.17999267578125,162.33999633789062,158.27999877929688,158.4499969482422,6121700
2021-10-22,149.16619873046875,163.47999572753906,164.6199951171875,162.27999877929688,162.27999877929688,5323000
2021-10-25,149.84140014648438,164.22000122070312,164.72999572753906,162.66000366210938,163.22999572753906,3878200
2021-10-26,149.4490509033203,163.7899932861328,165.4499969482422,163.1199951171875,164.82000732421875,4711200
2021-10-27,148.1351776123047,162.35000610351562,164.05999755859375,161.66000366210938,163.64999389648438,4163900
2021-10-28,150.06040954589844,164.4600067138672,164.60000610351562,162.80999755859375,163.00999450683594,3762000
2021-10-29,152.64259338378906,167.2899932861328,167.6300048828125,163.0,163.05999755859375,6740600
2021-11-01,151.7666473388672,166.3300018310547,168.8000030517578,165.88999938964844,167.8000030517578,3610800
2021-11-02,153.13536071777344,167.8300018310547,168.16000366210938,166.11000061035156,166.75999450683594,5038000
2021-11-03,157.39645385742188,172.5,172.8699951171875,168.64999389648438,169.0,7176700
2021-11-04,160.0790252685547,175.44000244140625,175.6300048828125,172.0,172.2100067138672,5460100
2021-11-05,161.96780395507812,177.50999450683594,179.10000610351562,175.5,175.72999572753906,5892200
2021-11-08,156.8033905029297,171.85000610351562,176.5399932861328,170.36000061035156,176.35000610351562,8301100
2021-11-09,158.6009063720703,173.82000732421875,173.92999267578125,170.9499969482422,171.25,4343000
2021-11-10,153.5277099609375,168.25999450683594,172.1699981689453,167.5500030517578,171.22999572753906,8185200
2021-11-11,152.35064697265625,166.97000122070312,169.60000610351562,166.6300048828125,169.60000610351562,4994900
2021-11-12,154.28500366210938,169.08999633789062,169.67999267578125,167.39999389648438,167.5,5126300
2021-11-15,154.0660400390625,168.85000610351562,170.36000061035156,168.52000427246094,169.6999969482422,3856700
2021-11-16,156.78512573242188,171.8300018310547,174.0,169.25,169.25,4401000
2021-11-17,156.70297241210938,171.74000549316406,172.74000549316406,170.25,171.60000610351562,3940200
2021-11-18,156.34713745117188,171.35000610351562,173.4600067138672,170.36000061035156,172.3300018310547,4044200
2021-11-19,159.56805419921875,174.8800048828125,177.1999969482422,170.52999877929688,172.14999389648438,6145600
2021-11-22,158.984130859375,174.24000549316406,177.75,174.22999572753906,174.97999572753906,5906400
2021-11-23,157.0770721435547,172.14999389648438,173.42999267578125,170.41000366210938,173.0500030517578,5302100
2021-11-24,156.9676055908203,172.02999877929688,172.42999267578125,167.6699981689453,168.49000549316406,4637600
2021-11-26,153.3087158203125,168.02000427246094,169.67999267578125,167.5399932861328,168.05999755859375,4751100
2021-11-29,154.99673461914062,169.8699951171875,171.14999389648438,169.22999572753906,169.8300018310547,5448700
2021-11-30,154.42189025878906,169.24000549316406,171.5500030517578,167.52999877929688,168.7899932861328,11033700
2021-12-01,152.10427856445312,166.6999969482422,173.3699951171875,166.67999267578125,170.88999938964844,6618200
2021-12-02,155.1153106689453,170.0,170.5500030517578,167.0,167.27999877929688,4398900
2021-12-03,155.613525390625,170.24000549316406,172.07000732421875,166.75999450683594,170.6199951171875,4878500
2021-12-06,154.39781188964844,168.91000366210938,171.2100067138672,168.05999755859375,170.8300018310547,5636900
2021-12-07,156.5733184814453,171.2899932861328,173.35000610351562,170.39999389648438,171.11000061035156,5898700
2021-12-08,155.62265014648438,170.25,171.7899932861328,169.83999633789062,171.22000122070312,5614400
2021-12-09,153.65737915039062,168.10000610351562,171.1699981689453,167.99000549316406,169.2899932861328,5171600
2021-12-10,154.53489685058594,169.05999755859375,170.24000549316406,167.3300018310547,168.5,4791100
2021-12-13,152.505615234375,166.83999633789062,169.38999938964844,165.25999450683594,168.80999755859375,5972300
2021-12-14,151.18936157226562,165.39999389648438,167.0800018310547,164.2100067138672,166.2899932861328,4872200
2021-12-15,149.8182373046875,163.89999389648438,165.6699981689453,161.82000732421875,165.0,7144600
2021-12-16,148.73959350585938,162.72000122070312,165.94000244140625,162.52999877929688,162.6999969482422,7138100
2021-12-17,147.49644470214844,161.36000061035156,162.86000061035156,160.5500030517578,161.6300048828125,7705100
2021-12-20,143.4927520751953,156.97999572753906,159.60000610351562,155.47000122070312,159.33999633789062,8411900
2021-12-21,152.31370544433594,166.6300048828125,171.19000244140625,164.7100067138672,166.69000244140625,13862900
2021-12-22,151.2258758544922,165.44000244140625,169.0,164.08999633789062,167.24000549316406,5811300
2021-12-23,151.4361572265625,165.6699981689453,167.16000366210938,165.44000244140625,166.25,3876900
2021-12-27,153.1820526123047,167.5800018310547,167.69000244140625,165.47999572753906,166.52000427246094,3769300
2021-12-28,152.12173461914062,166.4199981689453,168.25,166.3000030517578,167.8000030517578,2658600
2021-12-29,154.2789306640625,168.77999877929688,169.8000030517578,166.60000610351562,167.07000732421875,3830900
2021-12-30,153.09979248046875,167.49000549316406,170.1199951171875,167.1999969482422,168.30999755859375,2666800
2021-12-31,152.35025024414062,166.6699981689453,167.72000122070312,166.2100067138672,167.55999755859375,2752000
2022-01-03,150.52207946777344,164.6699981689453,167.91000366210938,163.30999755859375,167.52999877929688,5670500
2022-01-04,152.09429931640625,166.38999938964844,167.17999267578125,165.0,165.8800048828125,6064200
2022-01-05,148.3099822998047,162.25,167.00999450683594,162.10000610351562,166.49000549316406,5021000
2022-01-06,147.20396423339844,161.0399932861328,163.19000244140625,159.05999755859375,162.08999633789062,4144600
2022-01-07,143.48362731933594,156.97000122070312,161.13999938964844,156.86000061035156,160.77000427246094,5108000
2022-01-10,137.51467895507812,150.44000244140625,151.3300018310547,148.77999877929688,150.52000427246094,10439000
2022-01-11,137.38670349121094,150.3000030517578,150.83999633789062,147.60000610351562,150.47999572753906,8175400
2022-01-12,139.1326141357422,152.2100067138672,153.4600067138672,150.74000549316406,152.1300048828125,6351200
2022-01-13,136.73770141601562,149.58999633789062,153.60000610351562,149.02000427246094,153.1999969482422,4990900
2022-01-14,135.4488525390625,148.17999267578125,148.83999633789062,146.85000610351562,148.38999938964844,6030500
2022-01-18,134.3245391845703,146.9499969482422,148.8300018310547,146.3000030517578,148.05999755859375,6931000
2022-01-19,132.642578125,145.11000061035156,149.10000610351562,145.02000427246094,147.75999450683594,4823800
2022-01-20,130.46710205078125,142.72999572753906,147.3800048828125,142.5,145.4600067138672,5366500
2022-01-21,130.66819763183594,142.9499969482422,146.36000061035156,142.85000610351562,144.32000732421875,7553400
2022-01-24,133.45614624023438,146.0,146.30999755859375,139.55999755859375,140.80999755859375,9733200
2022-01-25,132.9808349609375,145.47999572753906,147.9600067138672,142.50999450683594,144.97000122070312,8195400
2022-01-26,131.6188507080078,143.99000549316406,148.97000122070312,142.72999572753906,147.77999877929688,7444600
2022-01-27,132.21299743652344,144.63999938964844,147.35000610351562,143.5800018310547,144.99000549316406,6396400
2022-01-28,133.37388610839844,145.91000366210938,146.02999877929688,140.61000061035156,144.1199951171875,6130200
2022-01-31,135.3483123779297,148.07000732421875,148.17999267578125,145.22000122070312,146.27000427246094,6932200
2022-02-01,135.48538208007812,148.22000122070312,149.67999267578125,146.8000030517578,149.5,6695000
2022-02-02,135.93331909179688,148.7100067138672,149.4600067138672,147.52999877929688,148.35000610351562,5491700
2022-02-03,132.82545471191406,145.30999755859375,148.4600067138672,144.97000122070312,147.39999389648438,5240200
2022-02-04,132.89854431152344,145.38999938964844,146.47999572753906,143.63999938964844,145.3699951171875,4313400
2022-02-07,132.67002868652344,145.13999938964844,146.1199951171875,144.22000122070312,145.3000030517578,3877500
2022-02-08,131.19833374023438,143.52999877929688,145.5,142.3000030517578,144.74000549316406,5829400
2022-02-09,133.6937713623047,146.25999450683594,147.36000061035156,145.6699981689453,146.11000061035156,4551000
2022-02-10,132.3775177001953,144.82000732421875,147.5399932861328,143.85000610351562,143.9600067138672,5142600
2022-02-11,128.13616943359375,140.17999267578125,145.05999755859375,139.55999755859375,144.75999450683594,6710500
2022-02-14,129.4250030517578,141.58999633789062,143.2100067138672,139.7899932861328,140.0800018310547,6841200
2022-02-15,133.0722198486328,145.5800018310547,146.32000732421875,144.10000610351562,144.22000122070312,7820200
2022-02-16,133.904052734375,146.49000549316406,146.9499969482422,144.61000061035156,145.02000427246094,4817500
2022-02-17,130.53111267089844,142.8000030517578,146.91000366210938,142.63999938964844,145.5399932861328,5202300
2022-02-18,130.66819763183594,142.9499969482422,143.94000244140625,141.80999755859375,143.3699951171875,5177400
2022-02-22,126.31716918945312,138.19000244140625,141.63999938964844,136.16000366210938,141.58999633789062,9604500
2022-02-23,125.07398986816406,136.8300018310547,140.97000122070312,136.50999450683594,139.66000366210938,7636600
2022-02-24,125.38478088378906,137.1699981689453,137.4199981689453,130.92999267578125,133.0,8417200
2022-02-25,126.87476348876953,138.8000030517578,139.22000122070312,136.19000244140625,138.1300048828125,5424500
2022-02-28,124.8180923461914,136.5500030517578,138.3800048828125,135.0399932861328,137.05999755859375,6613300
2022-03-01,120.86009979248047,132.22000122070312,136.75,131.14999389648438,136.72000122070312,6534000
2022-03-02,124.02278900146484,135.67999267578125,136.61000061035156,132.77000427246094,132.97999572753906,7743900
2022-03-03,122.45973205566406,133.97000122070312,136.8000030517578,133.4499969482422,136.74000549316406,4576500
2022-03-04,120.18302917480469,131.17999267578125,133.6199951171875,130.6999969482422,132.50999450683594,7084500
2022-03-07,114.00807189941406,124.44000244140625,131.02999877929688,124.16999816894531,131.0,11383400
2022-03-08,111.04885864257812,121.20999908447266,125.47000122070312,120.80000305175781,125.23999786376953,9089400
2022-03-09,116.3076400756836,126.94999694824219,129.64999389648438,126.62999725341797,127.37999725341797,8845100
2022-03-10,115.46478271484375,126.02999877929688,126.5999984741211,124.0,124.0199966430664,7167400
2022-03-11,112.34979248046875,122.62999725341797,127.87000274658203,122.51000213623047,127.01000213623047,5882000
2022-03-14,107.71398162841797,117.56999969482422,122.44999694824219,116.75,121.52999877929688,13884900
2022-03-15,109.39057159423828,119.4000015258789,120.41999816894531,117.75,119.83999633789062,10431300
2022-03-16,114.6951904296875,125.19000244140625,126.11000061035156,121.93000030517578,122.8499984741211,11100400
2022-03-17,116.7291030883789,127.41000366210938,127.41000366210938,123.69999694824219,124.94000244140625,6845300
2022-03-18,120.23802947998047,131.24000549316406,131.4600067138672,126.69999694824219,126.8499984741211,10350900
2022-03-21,119.27603912353516,130.19000244140625,132.30999755859375,128.6199951171875,129.72000122070312,14388500
2022-03-22,121.93292999267578,133.08999633789062,139.0,132.99000549316406,137.27999877929688,19731200
2022-03-23,121.85045623779297,133.0,135.39999389648438,131.1999969482422,132.63999938964844,8068800
2022-03-24,121.0075912475586,132.0800018310547,134.19000244140625,131.1999969482422,133.75,5853800
2022-03-25,122.49178314208984,133.6999969482422,133.8699951171875,131.7100067138672,133.0500030517578,6287000
2022-03-28,123.50874328613281,134.80999755859375,134.86000061035156,132.1699981689453,133.75999450683594,5804100
2022-03-29,127.47573852539062,139.13999938964844,139.75,136.9499969482422,137.85000610351562,7275900
2022-03-30,126.92603302001953,138.5399932861328,139.86000061035156,137.55999755859375,138.97999572753906,5545800
2022-03-31,123.2796859741211,134.55999755859375,138.7100067138672,134.5,137.8300018310547,7206500
2022-04-01,122.32688903808594,133.52000427246094,135.27999877929688,132.75,134.4499969482422,5807500
2022-04-04,123.07815551757812,134.33999633789062,135.2100067138672,132.86000061035156,133.0500030517578,5307300
2022-04-05,121.20913696289062,132.3000030517578,134.67999267578125,132.02000427246094,134.0399932861328,5707800
2022-04-06,117.59944915771484,128.36000061035156,130.3000030517578,126.33000183105469,130.0500030517578,6961000
2022-04-07,118.533935546875,129.3800048828125,129.97999572753906,127.08999633789062,127.43000030517578,5320500
2022-04-08,117.40702819824219,128.14999389648438,129.92999267578125,127.87999725341797,129.44000244140625,4877400
2022-04-11,114.5027847290039,124.9800033569336,126.87000274658203,124.31999969482422,125.0999984741211,6365400
2022-04-12,114.55776977539062,125.04000091552734,128.10000610351562,124.33999633789062,125.19999694824219,5146800
2022-04-13,116.80237579345703,127.48999786376953,127.86000061035156,125.04000091552734,125.04000091552734,5119300
2022-04-14,122.27189636230469,133.4600067138672,134.3800048828125,128.88999938964844,129.0800018310547,12811300
2022-04-18,120.59532928466797,131.6300048828125,133.38999938964844,130.30999755859375,132.0,5298200
2022-04-19,125.56095886230469,137.0500030517578,137.47999572753906,132.77999877929688,133.08999633789062,7346100
2022-04-20,124.47987365722656,135.8699951171875,138.64999389648438,135.66000366210938,137.9600067138672,5309700
2022-04-21,124.10425567626953,135.4600067138672,139.13999938964844,135.0800018310547,138.5500030517578,6562400
2022-04-22,118.24992370605469,129.07000732421875,134.92999267578125,128.7100067138672,134.3300018310547,7321700
2022-04-25,117.21465301513672,127.94000244140625,128.94000244140625,124.8499984741211,127.80000305175781,6512500
2022-04-26,110.41667938232422,120.5199966430664,127.58999633789062,120.4800033569336,126.94999694824219,7977900
2022-04-27,111.07630920410156,121.23999786376953,124.0,121.08999633789062,121.08999633789062,6007800
2022-04-28,116.39927673339844,127.05000305175781,127.97000122070312,122.5999984741211,123.16999816894531,6551600
2022-04-29,114.24626922607422,124.69999694824219,128.4499969482422,124.25,126.22000122070312,5867900
2022-05-02,115.51058197021484,126.08000183105469,126.18000030517578,122.80000305175781,124.43000030517578,5428400
2022-05-03,112.56050872802734,122.86000061035156,125.76000213623047,120.22000122070312,125.0199966430664,8201200
2022-05-04,115.49224853515625,126.05999755859375,126.19999694824219,120.08000183105469,122.54000091552734,6924000
2022-05-05,108.68513488769531,118.62999725341797,124.75,116.5199966430664,124.11000061035156,8411600
2022-05-06,104.89218139648438,114.48999786376953,115.9000015258789,110.66000366210938,113.73999786376953,11237500
2022-05-09,101.88715362548828,111.20999908447266,114.43000030517578,110.58999633789062,112.97000122070312,7506000
2022-05-10,100.31134033203125,109.48999786376953,113.44000244140625,108.3499984741211,113.02999877929688,7526900
2022-05-11,98.8729476928711,107.91999816894531,111.1500015258789,107.58999633789062,110.69999694824219,6611800
2022-05-12,98.85464477539062,107.9000015258789,109.87999725341797,105.0,105.18000030517578,10245400
2022-05-13,103.53623962402344,113.01000213623047,113.11000061035156,108.66999816894531,110.26000213623047,9618800
2022-05-16,103.16062927246094,112.5999984741211,113.44000244140625,111.55999755859375,112.9800033569336,5722500
2022-05-17,106.18397521972656,115.9000015258789,117.0999984741211,113.06999969482422,115.5,6026100
2022-05-18,100.20140075683594,109.37000274658203,113.36000061035156,108.77999877929688,112.5,8188300
2022-05-19,97.51702117919922,106.44000244140625,109.11000061035156,106.27999877929688,108.94999694824219,7702000
2022-05-20,98.94625854492188,108.0,109.69000244140625,105.06999969482422,108.66999816894531,7621900
2022-05-23,99.52342987060547,108.62999725341797,108.75,105.81999969482422,107.47000122070312,7136400
2022-05-24,98.29576110839844,107.29000091552734,107.98999786376953,104.7300033569336,107.11000061035156,6023400
2022-05-25,99.12948608398438,108.19999694824219,108.88999938964844,103.45999908447266,103.45999908447266,7158800
2022-05-26,103.47211456298828,112.94000244140625,113.5,110.0,110.0,6520300
2022-05-27,106.26643371582031,115.98999786376953,116.01000213623047,114.01000213623047,114.22000122070312,5043000
2022-05-31,108.88667297363281,118.8499984741211,119.79000091552734,114.44999694824219,117.5,13774600
2022-06-01,108.7309341430664,118.68000030517578,120.75,117.61000061035156,119.83000183105469,5543100
2022-06-02,113.0644302368164,123.41000366210938,123.58000183105469,119.26000213623047,119.51000213623047,5838100
2022-06-03,111.08516693115234,120.94999694824219,122.54000091552734,120.0,120.20999908447266,5201500
2022-06-06,110.42389678955078,120.2300033569336,122.13999938964844,119.43000030517578,121.5,3963400
2022-06-07,111.74644470214844,121.66999816894531,121.97000122070312,118.45999908447266,118.66000366210938,5373600
2022-06-08,112.41692352294922,122.4000015258789,123.81999969482422,120.44999694824219,120.9000015258789,4365800
2022-06-09,108.92684936523438,118.5999984741211,122.02999877929688,118.58999633789062,121.3499984741211,3892600
2022-06-10,105.37249755859375,114.7300033569336,117.08999633789062,114.26000213623047,117.08999633789062,6292600
2022-06-13,101.43238830566406,110.44000244140625,112.0199966430664,109.23999786376953,110.38999938964844,6423100
2022-06-14,101.6895523071289,110.72000122070312,111.88999938964844,110.01000213623047,110.37000274658203,4548400
2022-06-15,104.18770599365234,113.44000244140625,114.72000122070312,111.20999908447266,112.16000366210938,4828700
2022-06-16,98.3831558227539,107.12000274658203,109.9000015258789,105.72000122070312,109.51000213623047,7384800
2022-06-17,98.585205078125,107.33999633789062,108.55000305175781,105.8499984741211,106.1500015258789,10256800
2022-06-21,99.81593322753906,108.68000030517578,109.81999969482422,108.04000091552734,108.45999908447266,6211400
2022-06-22,96.36258697509766,104.91999816894531,106.9000015258789,104.61000061035156,105.4000015258789,9884000
2022-06-23,99.19139862060547,108.0,108.0999984741211,104.41000366210938,105.01000213623047,8898400
2022-06-24,103.70093536376953,112.91000366210938,112.94000244140625,109.61000061035156,109.93000030517578,10463700
2022-06-27,101.48748779296875,110.5,113.20999908447266,109.83999633789062,112.23999786376953,12644700
2022-06-28,94.39713287353516,102.77999877929688,114.05000305175781,102.4800033569336,108.19999694824219,31296500
2022-06-29,94.82879638671875,103.25,105.61000061035156,101.52999877929688,102.98999786376953,10326600
2022-06-30,93.86444854736328,102.19999694824219,103.37999725341797,100.77999877929688,101.94000244140625,9027400
2022-07-01,92.9276351928711,101.18000030517578,102.5,99.52999877929688,101.63999938964844,7934300
2022-07-05,95.8115463256836,104.31999969482422,104.37999725341797,100.11000061035156,100.44999694824219,9948800
2022-07-06,95.72888946533203,104.2300033569336,105.72000122070312,103.44999694824219,104.88999938964844,6432900
2022-07-07,99.310791015625,108.12999725341797,108.27999877929688,105.2699966430664,105.6500015258789,7633900
2022-07-08,99.12712097167969,107.93000030517578,108.61000061035156,106.51000213623047,106.58000183105469,5938600
2022-07-11,96.53710174560547,105.11000061035156,107.08999633789062,104.87000274658203,106.5999984741211,4935200
2022-07-12,95.2972183227539,103.76000213623047,105.86000061035156,103.1500015258789,105.01000213623047,6017400
2022-07-13,96.53710174560547,105.11000061035156,105.87999725341797,101.55999755859375,101.94000244140625,5299400
2022-07-14,94.8012466430664,103.22000122070312,103.80000305175781,101.8499984741211,103.11000061035156,6951300
2022-07-15,96.16053771972656,104.69999694824219,105.62000274658203,103.93000030517578,104.76000213623047,7862000
2022-07-18,95.46253204345703,103.94000244140625,106.68000030517578,103.68000030517578,106.19000244140625,6834800
2022-07-19,100.28434753417969,109.19000244140625,109.58000183105469,105.43000030517578,105.5999984741211,8973900
2022-07-20,102.04774475097656,111.11000061035156,111.62999725341797,108.87000274658203,109.22000122070312,5884600
2022-07-21,102.5161361694336,111.62000274658203,111.66999816894531,110.06999969482422,110.37000274658203,4291400
2022-07-22,100.22005462646484,109.12000274658203,111.93000030517578,108.75,111.93000030517578,6039300
2022-07-25,100.36698913574219,109.27999877929688,109.61000061035156,107.68000030517578,109.61000061035156,5079500
2022-07-26,96.61975860595703,105.19999694824219,107.93000030517578,104.56999969482422,107.4800033569336,8459500
2022-07-27,99.06281280517578,107.86000061035156,108.37999725341797,105.75,106.30000305175781,7437000
2022-07-28,103.0763931274414,112.2300033569336,112.4000015258789,108.02999877929688,109.43000030517578,6773500
2022-07-29,105.54698944091797,114.91999816894531,115.20999908447266,111.5,112.76000213623047,7560000
2022-08-01,104.97755432128906,114.30000305175781,115.55000305175781,113.25,114.0,4802900
2022-08-02,102.65390014648438,111.7699966430664,113.77999877929688,111.66999816894531,113.56999969482422,6334400
2022-08-03,104.95919036865234,114.27999877929688,115.0999984741211,112.58000183105469,113.41999816894531,5986500
2022-08-04,105.14287567138672,114.4800033569336,115.3499984741211,113.83000183105469,114.63999938964844,4332000
2022-08-05,104.58262634277344,113.87000274658203,114.30000305175781,112.56999969482422,112.79000091552734,4162200
2022-08-08,104.7020263671875,114.0,115.58000183105469,113.30999755859375,114.0,6071600
2022-08-09,101.12928771972656,110.11000061035156,111.75,108.81999969482422,111.31999969482422,7377600
2022-08-10,103.91215515136719,113.13999938964844,113.83000183105469,111.86000061035156,113.23999786376953,6951800
2022-08-11,104.7938461303711,114.0999984741211,116.75,113.7300033569336,114.87999725341797,5582100
2022-08-12,106.60318756103516,116.06999969482422,116.12999725341797,113.7699966430664,114.38999938964844,4407900
2022-08-15,106.83280944824219,116.31999969482422,116.58000183105469,114.8499984741211,115.44999694824219,4279000
2022-08-16,108.43089294433594,118.05999755859375,118.47000122070312,115.80999755859375,115.94000244140625,6189800
2022-08-17,107.49408721923828,117.04000091552734,117.9800033569336,116.41000366210938,116.7699966430664,5108400
2022-08-18,106.54810333251953,116.01000213623047,116.68000030517578,115.30000305175781,116.0,4750200
2022-08-19,103.93053436279297,113.16000366210938,115.6500015258789,113.02999877929688,115.5,5967600
2022-08-22,101.34053802490234,110.33999633789062,111.68000030517578,109.83999633789062,111.0199966430664,5802900
2022-08-23,101.65281677246094,110.68000030517578,112.83000183105469,110.56999969482422,110.83999633789062,4806700
2022-08-24,102.32327270507812,111.41000366210938,112.43000030517578,110.0199966430664,110.68000030517578,4769000
2022-08-25,103.98565673828125,113.22000122070312,113.33999633789062,111.38999938964844,111.9000015258789,5433700
2022-08-26,99.44854736328125,108.27999877929688,113.7300033569336,108.2300033569336,113.30999755859375,6203600
2022-08-29,99.08116912841797,107.87999725341797,108.54000091552734,106.44000244140625,106.80999755859375,4132400
2022-08-30,99.06281280517578,107.86000061035156,110.08000183105469,107.12999725341797,108.97000122070312,5129500
2022-08-31,97.767822265625,106.44999694824219,108.01000213623047,105.80999755859375,107.95999908447266,8884800
2022-09-01,97.80455017089844,106.48999786376953,106.55000305175781,103.80000305175781,105.80000305175781,5590800
2022-09-02,97.39466094970703,105.73999786376953,108.1500015258789,105.05000305175781,107.45999908447266,7763800
2022-09-06,96.85124206542969,105.1500015258789,106.41000366210938,103.68000030517578,105.44000244140625,9158900
2022-09-07,99.91842651367188,108.4800033569336,108.55999755859375,105.0,105.08000183105469,7238300
2022-09-08,100.14871978759766,108.7300033569336,108.79000091552734,106.08000183105469,107.0,5628300
2022-09-09,102.21190643310547,110.97000122070312,111.69000244140625,109.30000305175781,109.37999725341797,5171500
2022-09-12,103.51062774658203,112.37999725341797,113.36000061035156,111.37999725341797,111.37999725341797,4836900
2022-09-13,97.37623596191406,105.72000122070312,108.91000366210938,105.44000244140625,108.83999633789062,5955600
2022-09-14,98.55522155761719,107.0,107.36000061035156,105.1500015258789,106.12999725341797,4888700
2022-09-15,97.17361450195312,105.5,108.13999938964844,104.83000183105469,106.1500015258789,6598900
2022-09-16,95.90252685546875,104.12000274658203,105.29000091552734,103.25,104.06999969482422,8000800
2022-09-19,98.7486572265625,107.20999908447266,107.37000274658203,103.33000183105469,103.69000244140625,5162300
2022-09-20,94.33668518066406,102.41999816894531,104.44000244140625,101.70999908447266,103.81999969482422,10006600
2022-09-21,91.91426849365234,99.79000091552734,103.62999725341797,99.7699966430664,102.66999816894531,6279300
2022-09-22,90.7721176147461,98.55000305175781,100.20999908447266,97.83000183105469,99.79000091552734,9638800
2022-09-23,89.36286926269531,97.0199966430664,97.54000091552734,95.33999633789062,96.91999816894531,9026500
2022-09-26,88.4786376953125,96.05999755859375,97.7300033569336,95.70999908447266,96.08999633789062,8521600
2022-09-27,88.69049072265625,96.29000091552734,97.73999786376953,95.0,97.06999969482422,9890300
2022-09-28,90.91028594970703,98.69999694824219,99.43000030517578,96.76000213623047,97.11000061035156,9423300
2022-09-29,87.80626678466797,95.33000183105469,98.11000061035156,94.4800033569336,98.11000061035156,19339200
2022-09-30,76.5599136352539,83.12000274658203,86.19999694824219,82.5,83.30000305175781,48176100
2022-10-03,78.65996551513672,85.4000015258789,86.47000122070312,82.22000122070312,83.12999725341797,19108200
2022-10-04,81.64425659179688,88.63999938964844,89.06999969482422,87.11000061035156,87.69999694824219,15114800
2022-10-05,83.91010284423828,91.0999984741211,91.69999694824219,87.1500015258789,87.48999786376953,12732700
2022-10-06,83.05349731445312,90.16999816894531,92.63999938964844,89.80999755859375,90.48999786376953,9951900
2022-10-07,80.28105926513672,87.16000366210938,88.76000213623047,86.69000244140625,88.54000091552734,8554700
2022-10-10,79.84815216064453,86.69000244140625,87.77999877929688,85.06999969482422,87.76000213623047,7991200
2022-10-11,81.0455551147461,87.98999786376953,88.25,85.75,86.04000091552734,11903200
2022-10-12,81.52450561523438,88.51000213623047,88.87999725341797,87.30999755859375,88.0,8772900
2022-10-13,82.49165344238281,89.55999755859375,89.80999755859375,86.05000305175781,86.38999938964844,9335000
2022-10-14,80.64028930664062,87.55000305175781,90.87999725341797,87.48999786376953,90.51000213623047,7811700
2022-10-17,82.8692855834961,89.97000122070312,90.69000244140625,88.69999694824219,89.52999877929688,8451900
2022-10-18,82.6021728515625,89.68000030517578,92.91000366210938,89.1500015258789,92.5999984741211,7364700
2022-10-19,81.57978820800781,88.56999969482422,89.73999786376953,87.76000213623047,88.26000213623047,5102000
2022-10-20,79.97710418701172,86.83000183105469,90.58000183105469,86.61000061035156,89.47000122070312,13500000
2022-10-21,81.51529693603516,88.5,88.77999877929688,86.70999908447266,87.0199966430664,7976300
2022-10-24,81.06398010253906,88.01000213623047,88.83999633789062,86.23999786376953,87.79000091552734,8847100
2022-10-25,84.48117065429688,91.72000122070312,91.93000030517578,87.88999938964844,88.02999877929688,8639900
2022-10-26,85.09827423095703,92.38999938964844,94.3499984741211,90.69999694824219,90.77999877929688,8648200
2022-10-27,83.39429473876953,90.54000091552734,93.4800033569336,90.22000122070312,92.87999725341797,8617900
2022-10-28,86.42463684082031,93.83000183105469,93.87999725341797,90.45999908447266,91.19999694824219,6022400
2022-10-31,85.36540985107422,92.68000030517578,93.88999938964844,92.68000030517578,93.0,6426400
2022-11-01,86.36937713623047,93.7699966430664,96.45999908447266,92.97000122070312,95.69000244140625,7250700
2022-11-02,83.17325592041016,90.30000305175781,94.44000244140625,90.19000244140625,93.12999725341797,7176600
2022-11-03,83.26534271240234,90.4000015258789,91.61000061035156,88.72000122070312,89.97000122070312,6550300
2022-11-04,88.22994995117188,95.79000091552734,98.2300033569336,93.94999694824219,94.44999694824219,12543300
2022-11-07,86.0654296875,93.44000244140625,96.87000274658203,92.66999816894531,96.30999755859375,9094500
2022-11-08,86.3509521484375,93.75,96.02999877929688,92.94000244140625,94.44000244140625,7017800
2022-11-09,84.83118438720703,92.0999984741211,93.9000015258789,91.95999908447266,92.66999816894531,6550900
2022-11-10,91.63794708251953,99.48999786376953,99.68000030517578,96.2300033569336,96.33000183105469,9361000
2022-11-11,97.717041015625,106.08999633789062,107.20999908447266,100.13999938964844,100.30999755859375,12597500
2022-11-14,96.1512222290039,104.38999938964844,106.44000244140625,104.31999969482422,105.19999694824219,7134900
2022-11-15,98.28811645507812,106.70999908447266,109.30999755859375,105.52999877929688,107.98999786376953,7242900
2022-11-16,96.92491912841797,105.2300033569336,106.5999984741211,104.7699966430664,105.25,5998700
2022-11-17,97.04464721679688,105.36000061035156,105.4000015258789,102.91999816894531,104.11000061035156,5252900
2022-11-18,97.09993743896484,105.41999816894531,107.72000122070312,104.16999816894531,107.62999725341797,5498900
2022-11-21,95.63542938232422,103.83000183105469,105.4800033569336,103.5999984741211,104.61000061035156,4774800
2022-11-22,97.60653686523438,105.97000122070312,106.16000366210938,103.83999633789062,104.62000274658203,5313200
2022-11-23,98.23285675048828,106.6500015258789,106.9800033569336,105.2300033569336,106.0,3873100
2022-11-25,97.59732055664062,105.95999908447266,107.18000030517578,105.55999755859375,106.44999694824219,3426100
2022-11-28,96.67623901367188,104.95999908447266,106.30000305175781,104.6500015258789,105.25,6967400
2022-11-29,97.86444091796875,106.25,106.81999969482422,105.12000274658203,105.37000274658203,8494400
2022-11-30,101.03292846679688,109.69000244140625,109.69000244140625,105.44999694824219,107.08000183105469,16251000
2022-12-01,102.34085845947266,111.11000061035156,111.86000061035156,109.55000305175781,110.08999633789062,7822900
2022-12-02,103.66202545166016,112.19999694824219,112.70999908447266,108.33999633789062,108.6500015258789,5892000
2022-12-05,101.27836608886719,109.62000274658203,111.12999725341797,109.19000244140625,111.0199966430664,6220100
2022-12-06,99.71697998046875,107.93000030517578,110.52999877929688,106.75,109.6500015258789,7086100
2022-12-07,100.08653259277344,108.33000183105469,109.12000274658203,107.05999755859375,107.31999969482422,5751500
2022-12-08,102.88597106933594,111.36000061035156,111.48999786376953,108.45999908447266,108.5999984741211,6192800
2022-12-09,101.0936050415039,109.41999816894531,111.37999725341797,109.26000213623047,110.22000122070312,5677700
2022-12-12,103.54193115234375,112.06999969482422,112.16999816894531,109.70999908447266,110.0999984741211,6426000
2022-12-13,104.26258087158203,112.8499984741211,116.44999694824219,111.25,115.61000061035156,8655300
2022-12-14,102.9691162109375,111.44999694824219,114.12000274658203,110.2300033569336,113.69999694824219,7528500
2022-12-15,100.25282287597656,108.51000213623047,109.62000274658203,107.7300033569336,109.19000244140625,7500700
2022-12-16,97.88763427734375,105.94999694824219,107.61000061035156,105.12000274658203,106.87000274658203,14083600
2022-12-19,95.20831298828125,103.05000305175781,105.51000213623047,102.44999694824219,104.98999786376953,10620300
2022-12-20,95.35612487792969,103.20999908447266,103.4000015258789,101.68000030517578,103.0,17147900
2022-12-21,106.96961212158203,115.77999877929688,119.18000030517578,115.33999633789062,116.76000213623047,32777300
2022-12-22,107.82884216308594,116.70999908447266,116.81999969482422,114.05999755859375,114.29000091552734,17147600
2022-12-23,107.40385437011719,116.25,117.16999816894531,115.77999877929688,116.11000061035156,6603700
2022-12-27,108.6141586303711,117.55999755859375,118.19999694824219,115.81999969482422,116.47000122070312,6661100
2022-12-28,106.23048400878906,114.9800033569336,118.23999786376953,114.95999908447266,117.58000183105469,5437800
2022-12-29,108.42015838623047,117.3499984741211,118.06999969482422,115.80000305175781,116.08000183105469,4588600
2022-12-30,108.10601043701172,117.01000213623047,117.25,115.7699966430664,116.55999755859375,4355500
2023-01-03,109.713623046875,118.75,119.48999786376953,117.44000244140625,118.55000305175781,8124800
2023-01-04,111.9864273071289,121.20999908447266,122.2300033569336,119.52999877929688,119.95999908447266,8550700
2023-01-05,111.44132232666016,120.62000274658203,122.33999633789062,120.08000183105469,120.27999877929688,6046700
2023-01-06,115.05377197265625,124.52999877929688,125.36000061035156,121.7699966430664,122.0,10080700
2023-01-09,115.34943389892578,124.8499984741211,126.61000061035156,124.55000305175781,125.0,9397900
2023-01-10,116.26408386230469,125.83999633789062,126.33000183105469,124.37000274658203,125.20999908447266,5899900
2023-01-11,118.20429229736328,127.94000244140625,128.25999450683594,126.01000213623047,126.31999969482422,6989200
2023-01-12,118.15809631347656,127.88999938964844,128.4600067138672,126.45999908447266,128.35000610351562,8366400
2023-01-13,119.0450439453125,128.85000610351562,129.22999572753906,126.66000366210938,126.66000366210938,4856500
2023-01-17,118.38906860351562,128.13999938964844,129.0500030517578,127.83000183105469,128.0,6172200
2023-01-18,116.80917358398438,126.43000030517578,128.58999633789062,126.0,127.80000305175781,6828800
2023-01-19,115.05377197265625,124.52999877929688,125.44000244140625,123.61000061035156,124.79000091552734,5273500
2023-01-20,116.98473358154297,126.62000274658203,126.63999938964844,124.04000091552734,124.68000030517578,5673200
2023-01-23,118.52764892578125,128.2899932861328,128.75,126.54000091552734,126.9000015258789,5581600
2023-01-24,117.17874908447266,126.83000183105469,128.00999450683594,120.44999694824219,126.80999755859375,5486200
2023-01-25,117.16949462890625,126.81999969482422,127.01000213623047,124.83000183105469,125.86000061035156,5933700
2023-01-26,117.8254623413086,127.52999877929688,128.99000549316406,126.01000213623047,128.4600067138672,5838800
2023-01-27,117.8254623413086,127.52999877929688,128.5800018310547,126.69999694824219,127.06999969482422,5730000
2023-01-30,116.75377655029297,126.37000274658203,127.55999755859375,126.20999908447266,126.5,6494600
2023-01-31,117.64070892333984,127.33000183105469,127.8499984741211,126.01000213623047,126.41999816894531,7686900
2023-02-01,119.64556884765625,129.5,130.22000122070312,126.22000122070312,127.9000015258789,6387900
2023-02-02,119.23905944824219,129.05999755859375,131.30999755859375,127.86000061035156,130.4499969482422,5214500
2023-02-03,117.89939880371094,127.61000061035156,129.4199981689453,126.44000244140625,126.79000091552734,4930200
2023-02-06,116.16246032714844,125.7300033569336,126.0999984741211,124.31999969482422,125.5199966430664,4666400
2023-02-07,115.79290008544922,125.33000183105469,125.93000030517578,123.25,123.95999908447266,5288900
2023-02-08,113.55705261230469,122.91000366210938,124.0999984741211,121.80000305175781,123.37999725341797,5877800
2023-02-09,112.88259887695312,122.18000030517578,125.0199966430664,121.5,124.70999908447266,5929000
2023-02-10,112.92879486083984,122.2300033569336,122.63999938964844,120.54000091552734,121.51000213623047,5195500
2023-02-13,115.62659454345703,125.1500015258789,125.72000122070312,122.45999908447266,122.81999969482422,5689800
2023-02-14,116.59668731689453,126.19999694824219,126.36000061035156,123.73999786376953,123.94999694824219,4845900
2023-02-15,117.77928924560547,127.4800033569336,127.5,124.9000015258789,124.9000015258789,5687900
2023-02-16,114.91519165039062,124.37999725341797,127.20999908447266,124.11000061035156,125.43000030517578,4722200
2023-02-17,115.34020233154297,124.83999633789062,124.88999938964844,123.44000244140625,123.70999908447266,5161500
2023-02-21,111.88475799560547,121.0999984741211,124.0,120.9800033569336,123.27999877929688,5110300
2023-02-22,110.77611541748047,119.9000015258789,121.4000015258789,119.63999938964844,121.0999984741211,5022000
2023-02-23,110.83152770996094,119.95999908447266,120.76000213623047,118.55000305175781,120.76000213623047,4101900
2023-02-24,109.0576400756836,118.04000091552734,118.73999786376953,117.33999633789062,117.97000122070312,4693000
2023-02-27,109.51034545898438,118.52999877929688,119.81999969482422,118.31999969482422,119.26000213623047,4239800
2023-02-28,109.75057983398438,118.79000091552734,120.4000015258789,117.8499984741211,118.73999786376953,8414100
2023-03-01,109.55655670166016,118.58000183105469,119.79000091552734,117.83000183105469,117.94999694824219,4120500
2023-03-02,110.4804458618164,119.58000183105469,119.95999908447266,117.55000305175781,117.55000305175781,4443200
2023-03-03,112.05555725097656,120.94000244140625,121.04000091552734,119.0199966430664,120.12999725341797,3871800
2023-03-06,111.34212493896484,120.16999816894531,121.98999786376953,119.95999908447266,121.12999725341797,5183800
2023-03-07,110.80474853515625,119.58999633789062,121.0199966430664,119.2300033569336,120.19999694824219,5345700
2023-03-08,111.05490112304688,119.86000061035156,120.04000091552734,118.7300033569336,119.2699966430664,4175200
2023-03-09,109.2110824584961,117.87000274658203,121.86000061035156,117.55000305175781,120.08000183105469,5635900
2023-03-10,108.85901641845703,117.48999786376953,118.98999786376953,116.63999938964844,118.83000183105469,5979600
2023-03-13,108.2752914428711,116.86000061035156,118.29000091552734,115.79000091552734,115.81999969482422,6038200
2023-03-14,110.25806427001953,119.0,119.48999786376953,117.2300033569336,119.0,6050800
2023-03-15,109.48905181884766,118.16999816894531,118.62999725341797,115.80999755859375,116.31999969482422,6599200
2023-03-16,111.786865234375,120.6500015258789,120.80999755859375,116.61000061035156,116.86000061035156,5658700
2023-03-17,111.54596710205078,120.38999938964844,121.7300033569336,118.66999816894531,121.16999816894531,12868900
2023-03-20,112.29647064208984,121.19999694824219,122.68000030517578,119.80999755859375,120.98999786376953,7594100
2023-03-21,116.38249969482422,125.61000061035156,126.05999755859375,122.97000122070312,123.5,15078800
2023-03-22,110.72135162353516,119.5,125.26000213623047,119.33000183105469,123.66000366210938,17625500
2023-03-23,112.0833740234375,120.97000122070312,123.2699966430664,119.47000122070312,120.47000122070312,7628100
2023-03-24,111.84246063232422,120.70999908447266,121.0,119.31999969482422,120.2300033569336,6158800
2023-03-27,109.15550994873047,117.80999755859375,121.06999969482422,117.61000061035156,121.0199966430664,6564200
2023-03-28,109.2110824584961,117.87000274658203,118.44000244140625,116.8499984741211,117.94999694824219,4461400
2023-03-29,111.63862609863281,120.48999786376953,120.56999969482422,118.48999786376953,118.63999938964844,5644000
2023-03-30,111.27726745605469,120.0999984741211,121.44000244140625,119.33999633789062,121.02999877929688,4578900
2023-03-31,113.63068389892578,122.63999938964844,122.70999908447266,120.5999984741211,120.91999816894531,5659400
2023-04-03,112.73193359375,121.66999816894531,122.8499984741211,120.81999969482422,122.5,4838400
2023-04-04,114.60354614257812,123.69000244140625,123.94999694824219,121.36000061035156,121.37999725341797,5895300
2023-04-05,112.01849365234375,120.9000015258789,123.33000183105469,120.55999755859375,123.0,4331400
2023-04-06,111.38845825195312,120.22000122070312,120.48999786376953,117.8499984741211,119.51000213623047,4256900
2023-04-10,112.95429992675781,121.91000366210938,121.91000366210938,119.12999725341797,119.30000305175781,3731200
2023-04-11,114.24217224121094,123.30000305175781,124.08000183105469,122.04000091552734,122.04000091552734,4471000
2023-04-12,114.57573699951172,123.66000366210938,124.86000061035156,123.22000122070312,124.76000213623047,4524900
2023-04-13,117.14225769042969,126.43000030517578,126.66999816894531,124.45999908447266,124.63999938964844,5355300
2023-04-14,116.69752502441406,125.94999694824219,127.48999786376953,125.48999786376953,127.0,4828700
2023-04-17,116.91989135742188,126.19000244140625,126.4800033569336,125.12999725341797,126.02999877929688,3917900
2023-04-18,116.93843078613281,126.20999908447266,127.27999877929688,125.0199966430664,127.2300033569336,3857700
2023-04-19,116.43809509277344,125.66999816894531,126.08000183105469,124.91999816894531,126.0,3547400
2023-04-20,115.3077163696289,124.44999694824219,125.3499984741211,123.70999908447266,124.80000305175781,3891600
2023-04-21,116.30836486816406,125.52999877929688,125.68000030517578,123.62000274658203,124.4000015258789,3651400
2023-04-24,117.75376892089844,127.08999633789062,127.12999725341797,125.1500015258789,125.51000213623047,3790900
2023-04-25,115.50228118896484,124.66000366210938,126.7699966430664,124.05000305175781,126.52999877929688,4383300
2023-04-26,114.74250793457031,123.83999633789062,124.9800033569336,123.29000091552734,124.20999908447266,4003200
2023-04-27,116.46588897705078,125.69999694824219,126.01000213623047,123.13999938964844,124.44000244140625,4252100
2023-04-28,117.41095733642578,126.72000122070312,127.06999969482422,124.95999908447266,125.1500015258789,4421400
2023-05-01,118.52279663085938,127.91999816894531,128.67999267578125,126.86000061035156,126.91999816894531,4112600
2023-05-02,117.91130065917969,127.26000213623047,127.58000183105469,125.16999816894531,127.1500015258789,3831600
2023-05-03,117.42948150634766,126.73999786376953,128.3800048828125,123.66999816894531,125.48999786376953,4560100
2023-05-04,114.58501434326172,123.66999816894531,125.19000244140625,122.81999969482422,124.94000244140625,6177100
2023-05-05,117.29049682617188,126.58999633789062,127.02999877929688,125.22000122070312,125.93000030517578,4887800
2023-05-08,117.5592041015625,126.87999725341797,127.69000244140625,125.9800033569336,127.26000213623047,3892600
2023-05-09,115.90996551513672,125.0999984741211,125.66000366210938,124.16999816894531,125.2699966430664,4082100
2023-05-10,114.43677520751953,123.51000213623047,126.45999908447266,122.16999816894531,126.29000091552734,5052600
2023-05-11,113.24154663085938,122.22000122070312,123.86000061035156,121.9000015258789,123.44999694824219,5923100
2023-05-12,111.37918090820312,120.20999908447266,121.19999694824219,119.02999877929688,120.98999786376953,6574200
2023-05-15,111.02710723876953,119.83000183105469,119.98999786376953,118.01000213623047,119.81999969482422,5518200
2023-05-16,107.9231948852539,116.4800033569336,117.83999633789062,116.12000274658203,117.5,8306400
2023-05-17,108.38648986816406,116.9800033569336,117.12999725341797,115.25,116.37999725341797,7765400
2023-05-18,110.13761901855469,118.87000274658203,119.1500015258789,116.8499984741211,117.43000030517578,5970500
2023-05-19,106.3295669555664,114.76000213623047,115.48999786376953,113.0999984741211,114.55999755859375,11674300
2023-05-22,102.08601379394531,110.18000030517578,112.8499984741211,110.0199966430664,112.8499984741211,12710300
2023-05-23,100.78883361816406,108.77999877929688,111.05999755859375,108.19000244140625,109.7699966430664,11790400
2023-05-24,100.33485412597656,108.29000091552734,109.0999984741211,107.19999694824219,109.0,8503200
2023-05-25,99.5843505859375,107.4800033569336,108.97000122070312,107.41999816894531,108.3499984741211,6729800
2023-05-26,99.6121597290039,107.51000213623047,108.44999694824219,107.0,107.0,7911200
2023-05-30,98.69487762451172,106.5199966430664,108.87999725341797,106.2699966430664,108.4000015258789,9335200
2023-05-31,97.52745056152344,105.26000213623047,106.16999816894531,104.83000183105469,105.69999694824219,21465200
2023-06-01,96.01719665527344,103.62999725341797,104.5999984741211,102.9000015258789,104.18000030517578,12025200
2023-06-02,100.19103240966797,107.77999877929688,108.41999816894531,106.12999725341797,107.62999725341797,11838200
2023-06-05,97.79268646240234,105.19999694824219,107.87999725341797,105.18000030517578,107.87999725341797,7434000
2023-06-06,98.71299743652344,106.19000244140625,106.75,105.19999694824219,105.48999786376953,7896300
2023-06-07,99.54960632324219,107.08999633789062,108.23999786376953,105.41999816894531,106.04000091552734,11123900
2023-06-08,98.72227478027344,106.19999694824219,107.5199966430664,105.66999816894531,107.16000366210938,9137600
2023-06-09,98.40621185302734,105.86000061035156,106.27999877929688,105.3499984741211,105.91000366210938,5795200
2023-06-12,99.30792236328125,106.83000183105469,106.8499984741211,104.5999984741211,106.29000091552734,7964600
2023-06-13,99.2614517211914,106.77999877929688,107.4800033569336,106.29000091552734,107.13999938964844,8460500
2023-06-14,104.9133529663086,112.86000061035156,113.4000015258789,107.4800033569336,107.4800033569336,17415500
2023-06-15,104.49502563476562,112.41000366210938,112.81999969482422,110.16000366210938,111.83000183105469,10374200
2023-06-16,105.59193420410156,113.58999633789062,114.76000213623047,113.05999755859375,114.0,14445500
2023-06-20,101.8271255493164,109.54000091552734,112.81999969482422,108.95999908447266,111.41000366210938,10602400
2023-06-21,102.23613739013672,109.9800033569336,110.36000061035156,108.70999908447266,109.12999725341797,8377800
2023-06-22,102.68232727050781,110.45999908447266,111.25,109.77999877929688,110.81999969482422,6002900
2023-06-23,101.80850982666016,109.5199966430664,110.29000091552734,107.30000305175781,107.75,14329200
2023-06-26,103.8721923828125,111.73999786376953,112.20999908447266,109.66999816894531,109.66999816894531,6887100
2023-06-27,105.61053466796875,113.61000061035156,114.18000030517578,112.43000030517578,112.52999877929688,7138600
2023-06-28,105.07137298583984,113.02999877929688,113.75,112.12000274658203,113.33999633789062,6766000
2023-06-29,105.3874282836914,113.37000274658203,114.2699966430664,112.61000061035156,113.5999984741211,12465500
2023-06-30,102.59867858886719,110.37000274658203,112.25,109.80000305175781,111.58999633789062,19629600
2023-07-03,101.4273910522461,109.11000061035156,111.30000305175781,109.11000061035156,111.05999755859375,5734200
2023-07-05,99.55890655517578,107.0999984741211,108.91000366210938,106.54000091552734,108.62000274658203,10405300
2023-07-06,97.69974517822266,105.0999984741211,106.08999633789062,103.66999816894531,105.29000091552734,9923500
2023-07-07,97.10479736328125,104.45999908447266,105.47000122070312,104.02999877929688,104.80000305175781,7463100
2023-07-10,98.33184814453125,105.77999877929688,106.30999755859375,104.25,104.4800033569336,5374600
2023-07-11,99.8284912109375,107.38999938964844,107.62000274658203,105.62000274658203,105.6500015258789,5454900
2023-07-12,100.17244720458984,107.76000213623047,109.08999633789062,107.22000122070312,108.52999877929688,8305000
2023-07-13,100.2468032836914,107.83999633789062,109.12999725341797,107.68000030517578,109.06999969482422,6692300
2023-07-14,100.34906005859375,107.94999694824219,108.63999938964844,107.19000244140625,107.94000244140625,6933600
2023-07-17,101.05554962158203,108.70999908447266,109.0999984741211,106.76000213623047,107.26000213623047,6682900
2023-07-18,101.99444580078125,109.72000122070312,110.33999633789062,108.30999755859375,108.58000183105469,5717200
2023-07-19,102.14317321777344,109.87999725341797,110.25,108.58000183105469,109.08000183105469,5027100
2023-07-20,99.9586410522461,107.52999877929688,110.0199966430664,107.4800033569336,109.56999969482422,6458000
2023-07-21,101.38091278076172,109.05999755859375,109.29000091552734,107.51000213623047,108.0,6631600
2023-07-24,101.11131286621094,108.7699966430664,110.55000305175781,108.51000213623047,110.41000366210938,6787600
2023-07-25,100.67440795898438,108.30000305175781,108.8499984741211,107.38999938964844,108.27999877929688,7692800
2023-07-26,101.60400390625,109.30000305175781,109.58999633789062,107.94999694824219,108.30000305175781,5148900
2023-07-27,100.08877563476562,107.66999816894531,110.2300033569336,107.4000015258789,109.83000183105469,6544600
2023-07-28,100.97187805175781,108.62000274658203,108.95999908447266,107.62999725341797,108.11000061035156,5988300
2023-07-31,102.61724853515625,110.38999938964844,110.8499984741211,109.05000305175781,109.41000366210938,6406000
2023-08-01,101.69696044921875,109.4000015258789,110.52999877929688,109.13999938964844,110.0,4566700
2023-08-02,99.9400405883789,107.51000213623047,108.5199966430664,107.44999694824219,108.27999877929688,6213200
2023-08-03,100.990478515625,108.63999938964844,109.08999633789062,106.6500015258789,107.0,5084300
2023-08-04,101.14852142333984,108.80999755859375,110.30999755859375,108.23999786376953,108.70999908447266,5621400
2023-08-07,102.700927734375,110.4800033569336,110.94000244140625,109.18000030517578,109.87000274658203,4887300
2023-08-08,101.9665298461914,109.69000244140625,109.88999938964844,107.3499984741211,109.62999725341797,5851900
2023-08-09,101.9665298461914,109.69000244140625,110.0199966430664,108.30000305175781,109.79000091552734,4328600
2023-08-10,101.35301208496094,109.02999877929688,111.94999694824219,108.5199966430664,110.30999755859375,7276500
2023-08-11,100.47918701171875,108.08999633789062,109.52999877929688,107.86000061035156,108.9000015258789,5104300
2023-08-14,100.0608901977539,107.63999938964844,108.30000305175781,107.06999969482422,107.91999816894531,5305200
2023-08-15,99.04764556884766,106.55000305175781,106.81999969482422,105.5999984741211,106.06999969482422,6197600
2023-08-16,99.02903747558594,106.52999877929688,108.37999725341797,106.06999969482422,106.06999969482422,5953100
2023-08-17,97.65326690673828,105.05000305175781,107.83000183105469,104.77999877929688,107.43000030517578,5692800
2023-08-18,97.43014526367188,104.80999755859375,105.05000305175781,103.76000213623047,103.83000183105469,5836100
2023-08-21,95.6174545288086,102.86000061035156,105.4800033569336,102.62999725341797,105.47000122070312,6697600
2023-08-22,94.31602478027344,101.45999908447266,102.37000274658203,100.7300033569336,100.95999908447266,9814700
2023-08-23,91.7968521118164,98.75,99.19000244140625,96.55000305175781,96.9800033569336,20909100
2023-08-24,90.75570678710938,97.62999725341797,99.19000244140625,97.55999755859375,98.69999694824219,10310000
2023-08-25,91.88050842285156,98.83999633789062,99.08999633789062,97.80999755859375,98.5,7290600
2023-08-28,92.6148910522461,99.62999725341797,100.05999755859375,98.87000274658203,99.58999633789062,6006600
2023-08-29,94.60420227050781,101.7699966430664,102.16000366210938,99.72000122070312,100.02999877929688,8641600
2023-08-30,94.91096496582031,102.0999984741211,102.80999755859375,101.51000213623047,101.63999938964844,4822100
2023-08-31,94.54842376708984,101.70999908447266,102.88999938964844,101.61000061035156,102.62000274658203,7046200
2023-09-01,95.47181701660156,102.36000061035156,102.95999908447266,101.5199966430664,101.97000122070312,6359400
2023-09-05,93.56908416748047,100.31999969482422,101.95999908447266,100.2300033569336,101.5,6698700
2023-09-06,93.43851470947266,100.18000030517578,100.30999755859375,99.02999877929688,99.76000213623047,6096000
2023-09-07,91.33992767333984,97.93000030517578,98.76000213623047,97.63999938964844,98.26000213623047,9927100
2023-09-08,91.09741973876953,97.66999816894531,98.12999725341797,97.27999877929688,98.0999984741211,6435000
2023-09-11,90.27662658691406,96.79000091552734,98.37999725341797,96.58000183105469,98.33000183105469,7584700
2023-09-12,89.81961059570312,96.30000305175781,97.16999816894531,96.18000030517578,96.98999786376953,6307700
2023-09-13,89.66105651855469,96.12999725341797,97.19999694824219,95.66000366210938,96.30000305175781,7140700
2023-09-14,90.64973449707031,97.19000244140625,97.68000030517578,95.9000015258789,96.72000122070312,7075300
2023-09-15,89.78231048583984,96.26000213623047,98.1500015258789,96.12999725341797,98.1500015258789,10467300
2023-09-18,89.08277893066406,95.51000213623047,96.37000274658203,95.27999877929688,96.0,6946300
2023-09-19,88.25267028808594,94.62000274658203,95.48999786376953,94.41000366210938,95.04000091552734,9386600
2023-09-20,87.71170806884766,94.04000091552734,95.4000015258789,93.83000183105469,93.97000122070312,10274200
2023-09-21,85.42658233642578,91.58999633789062,93.48999786376953,91.4800033569336,93.41999816894531,7958600
2023-09-22,84.73635864257812,90.8499984741211,92.33000183105469,90.55000305175781,91.58000183105469,9289400
2023-09-25,84.50318145751953,90.5999984741211,90.8499984741211,89.79000091552734,90.0,8291700
2023-09-26,84.10210418701172,90.16999816894531,90.69999694824219,89.77999877929688,90.0,8060500
2023-09-27,83.402587890625,89.41999816894531,90.69999694824219,89.20999908447266,90.55999755859375,7631000
2023-09-28,83.59846496582031,89.62999725341797,89.77999877929688,88.66000366210938,89.0999984741211,16315600
2023-09-29,89.18537902832031,95.62000274658203,99.47000122070312,94.62000274658203,99.37000274658203,34935400
2023-10-02,88.19670104980469,94.55999755859375,96.37999725341797,93.7300033569336,96.19999694824219,12776300
2023-10-03,88.69103240966797,95.08999633789062,96.05000305175781,94.18000030517578,94.31999969482422,10964300
2023-10-04,89.43720245361328,95.88999938964844,96.26000213623047,95.12000274658203,95.58000183105469,8045400
2023-10-05,89.34393310546875,95.79000091552734,96.2300033569336,95.27999877929688,95.79000091552734,7430000
2023-10-06,90.5750961303711,97.11000061035156,97.70999908447266,95.05999755859375,95.79000091552734,8532900
2023-10-09,90.36058044433594,96.87999725341797,97.13999938964844,95.91999816894531,96.77999877929688,5964200
2023-10-10,91.05077362060547,97.62000274658203,98.86000061035156,97.2300033569336,97.25,8499000
2023-10-11,92.01148223876953,98.6500015258789,98.94999694824219,98.01000213623047,98.30999755859375,7642900
2023-10-12,92.57109069824219,99.25,100.05000305175781,98.5199966430664,99.54000091552734,10705200
2023-10-13,93.18669128417969,99.91000366210938,100.8499984741211,99.44999694824219,99.58999633789062,8774700
2023-10-16,95.1733627319336,102.04000091552734,102.58000183105469,99.5999984741211,99.72000122070312,10845400
2023-10-17,96.07807922363281,103.01000213623047,103.58999633789062,101.97000122070312,101.97000122070312,9253800
2023-10-18,96.78691864013672,103.7699966430664,103.9000015258789,102.93000030517578,102.97000122070312,8757300
2023-10-19,96.11539459228516,103.05000305175781,104.3499984741211,102.8499984741211,103.7699966430664,8391100
2023-10-20,95.76094055175781,102.66999816894531,103.7699966430664,102.56999969482422,103.31999969482422,7823500
2023-10-23,95.89152526855469,102.80999755859375,103.76000213623047,101.7699966430664,102.12999725341797,5966100
2023-10-24,98.10204315185547,105.18000030517578,105.6500015258789,103.66000366210938,103.66000366210938,9252200
2023-10-25,96.5724105834961,103.54000091552734,105.04000091552734,103.48999786376953,104.45999908447266,7054700
2023-10-26,93.28927612304688,100.0199966430664,102.62999725341797,99.94999694824219,102.18000030517578,11222600
2023-10-27,91.38655853271484,97.9800033569336,100.33999633789062,97.80999755859375,99.77999877929688,9602700
2023-10-30,94.94950103759766,101.80000305175781,102.05000305175781,99.0,99.0,8206700
2023-10-31,95.85423278808594,102.7699966430664,102.93000030517578,101.4000015258789,101.4000015258789,6558500
2023-11-01,94.0914077758789,100.87999725341797,102.66999816894531,99.97000122070312,102.55000305175781,7272400
2023-11-02,98.00878143310547,105.08000183105469,105.55000305175781,101.88999938964844,102.05000305175781,8135100
2023-11-03,99.85553741455078,107.05999755859375,107.6500015258789,106.05000305175781,106.43000030517578,7568000
2023-11-06,100.03275299072266,107.25,107.5999984741211,106.37000274658203,106.95999908447266,5231900
2023-11-07,102.00076293945312,109.36000061035156,109.36000061035156,107.2300033569336,107.31999969482422,7745800
2023-11-08,102.02873229980469,109.38999938964844,110.69999694824219,108.9000015258789,109.37000274658203,8639700
2023-11-09,99.799560546875,107.0,109.9000015258789,106.91999816894531,109.81999969482422,9154200
2023-11-10,98.96945190429688,106.11000061035156,107.83000183105469,105.61000061035156,107.33999633789062,8897700
2023-11-13,97.18798828125,104.19999694824219,105.72000122070312,104.18000030517578,105.37000274658203,7055600
2023-11-14,98.6336898803711,105.75,107.0999984741211,105.37999725341797,105.55999755859375,9674800
2023-11-15,100.56439971923828,107.81999969482422,109.05999755859375,106.72000122070312,106.81999969482422,11140800
2023-11-16,100.36852264404297,107.61000061035156,108.0,107.0,107.0999984741211,5386800
2023-11-17,98.82955169677734,105.95999908447266,108.20999908447266,105.5199966430664,108.05999755859375,6352600
2023-11-20,99.16532135009766,106.31999969482422,106.55000305175781,105.0999984741211,106.0,6197400
2023-11-21,99.37985229492188,106.55000305175781,106.69999694824219,105.3499984741211,106.16999816894531,5803500
2023-11-22,100.65765380859375,107.91999816894531,108.02999877929688,106.81999969482422,107.5,6280300
2023-11-24,100.3965072631836,107.63999938964844,108.0,107.4000015258789,107.5,2443600
2023-11-27,100.6949691772461,107.95999908447266,108.22000122070312,106.9000015258789,107.66000366210938,5785000
2023-11-28,101.43180847167969,108.75,109.9000015258789,108.1500015258789,108.56999969482422,7287400
2023-11-29,102.94279479980469,110.37000274658203,112.1500015258789,110.1500015258789,110.80000305175781,9601800
2023-11-30,102.84952545166016,110.2699966430664,110.5999984741211,108.95999908447266,110.52999877929688,8690900
2023-12-01,106.1998519897461,113.4800033569336,113.55000305175781,109.75,110.33000183105469,8051800
2023-12-04,107.76271057128906,115.1500015258789,115.31999969482422,113.0,113.08000183105469,10086600
2023-12-05,108.00603485107422,115.41000366210938,116.04000091552734,114.5999984741211,114.66000366210938,6960000
2023-12-06,108.66112518310547,116.11000061035156,117.13999938964844,115.56999969482422,116.0,6317000
2023-12-07,107.44451141357422,114.80999755859375,116.0,114.12000274658203,114.12000274658203,7294500
2023-12-08,108.47396087646484,115.91000366210938,116.29000091552734,114.47000122070312,114.5,6122200
2023-12-11,111.00074005126953,118.61000061035156,119.41999816894531,117.43000030517578,117.79000091552734,7972800
2023-12-12,111.96464538574219,119.63999938964844,119.98999786376953,118.58000183105469,119.68000030517578,7378400
2023-12-13,113.39651489257812,121.16999816894531,121.44000244140625,119.19999694824219,119.3499984741211,8182900
2023-12-14,113.2561264038086,121.0199966430664,122.58999633789062,119.81999969482422,121.44000244140625,9590500
2023-12-15,113.75212097167969,121.55000305175781,122.05999755859375,120.5999984741211,120.93000030517578,13633300
2023-12-18,113.36842346191406,121.13999938964844,121.83999633789062,120.86000061035156,121.41000366210938,6874800
2023-12-19,114.7721939086914,122.63999938964844,123.33999633789062,121.63999938964844,121.73999786376953,7697300
2023-12-20,113.63983154296875,121.43000030517578,123.38999938964844,121.0,121.12999725341797,9176600
2023-12-21,114.66925811767578,122.52999877929688,123.30000305175781,121.30000305175781,122.30000305175781,16533300
2023-12-22,101.10884857177734,108.04000091552734,110.80000305175781,107.44999694824219,108.26000213623047,46666200
2023-12-26,101.0901107788086,108.0199966430664,108.69000244140625,107.4800033569336,108.30000305175781,12846700
2023-12-27,100.25721740722656,107.12999725341797,108.58999633789062,106.8499984741211,108.33999633789062,10157900
2023-12-28,101.83879852294922,108.81999969482422,109.4000015258789,106.80999755859375,107.20999908447266,9352900
2023-12-29,101.60484313964844,108.56999969482422,109.95999908447266,108.08999633789062,108.95999908447266,7667500
2024-01-02,99.71443939208984,106.55000305175781,107.8499984741211,106.44999694824219,107.61000061035156,9326600
2024-01-03,97.3654556274414,104.04000091552734,107.4800033569336,104.0,105.72000122070312,10573700
2024-01-04,95.73709106445312,102.30000305175781,103.62000274658203,102.30000305175781,102.45999908447266,10420600
2024-01-05,95.53119659423828,102.08000183105469,103.68000030517578,101.9000015258789,102.45999908447266,8044500
2024-01-08,96.97240447998047,103.62000274658203,103.69000244140625,101.7300033569336,102.08000183105469,9414200
2024-01-09,96.14886474609375,102.73999786376953,103.4000015258789,102.5,103.16999816894531,7759500
2024-01-10,97.1127700805664,103.7699966430664,103.83000183105469,102.37000274658203,102.69000244140625,6784700
2024-01-11,99.10612487792969,105.9000015258789,106.01000213623047,103.7300033569336,104.22000122070312,9537700
2024-01-12,98.32001495361328,105.05999755859375,106.31999969482422,104.72000122070312,106.0,6680900
2024-01-16,95.19428253173828,101.72000122070312,104.22000122070312,101.36000061035156,103.94000244140625,10547900
2024-01-17,94.35203552246094,100.81999969482422,101.30999755859375,100.23999786376953,101.05000305175781,8226200
2024-01-18,94.46434020996094,100.94000244140625,101.43000030517578,100.06999969482422,101.0,8852400
2024-01-19,95.25044250488281,101.77999877929688,102.18000030517578,99.66999816894531,101.0199966430664,8517200
2024-01-22,94.10871124267578,100.55999755859375,101.80999755859375,100.08999633789062,101.75,9897400
2024-01-23,95.36273956298828,101.9000015258789,102.13999938964844,101.2300033569336,101.62999725341797,8208000
2024-01-24,94.29588317871094,100.76000213623047,101.80000305175781,100.69000244140625,101.77999877929688,7879300
2024-01-25,94.30524444580078,100.7699966430664,101.73999786376953,100.08999633789062,101.52999877929688,10063700
2024-01-26,96.15821838378906,102.75,103.2699966430664,101.22000122070312,101.56999969482422,9735800
2024-01-29,97.21571350097656,103.87999725341797,104.01000213623047,101.33999633789062,102.87999725341797,8860800
2024-01-30,97.4964828491211,104.18000030517578,104.30999755859375,103.12999725341797,103.33999633789062,7542800
2024-01-31,95.0164794921875,101.52999877929688,104.30000305175781,101.12000274658203,104.08999633789062,11547600
2024-02-01,95.23172760009766,101.76000213623047,102.25,100.61000061035156,101.9000015258789,7666700
2024-02-02,94.24909210205078,100.70999908447266,101.41000366210938,99.43000030517578,100.87999725341797,8966900
2024-02-05,93.28517150878906,99.68000030517578,100.58999633789062,99.05000305175781,100.5,10097900
2024-02-06,96.0271987915039,102.61000061035156,102.62999725341797,99.12999725341797,99.5,11368600
2024-02-07,97.1314926147461,103.79000091552734,104.33999633789062,102.3499984741211,102.38999938964844,9447800
2024-02-08,97.1127700805664,103.7699966430664,104.95999908447266,103.05000305175781,104.43000030517578,6330400
2024-02-09,97.79594421386719,104.5,104.94000244140625,103.33000183105469,103.80000305175781,5449000
2024-02-12,100.30400848388672,107.18000030517578,107.43000030517578,104.6500015258789,104.73999786376953,7501900
2024-02-13,98.26386260986328,105.0,105.80000305175781,104.25,104.98999786376953,6180500
2024-02-14,99.50855255126953,106.33000183105469,106.41999816894531,104.45999908447266,104.81999969482422,5743300
2024-02-15,99.24652862548828,106.05000305175781,107.33999633789062,105.83000183105469,107.0199966430664,7201300
2024-02-16,96.86945343017578,103.51000213623047,104.69999694824219,101.6500015258789,104.62999725341797,14590100
2024-02-20,96.67293548583984,103.30000305175781,103.83999633789062,102.16999816894531,103.12999725341797,8759500
2024-02-21,98.51654052734375,105.2699966430664,105.5199966430664,102.93000030517578,103.3499984741211,8888100
2024-02-22,98.33875274658203,105.08000183105469,106.01000213623047,104.08000183105469,105.80000305175781,6705500
2024-02-23,98.85346221923828,105.62999725341797,106.62000274658203,105.19000244140625,105.26000213623047,6947300
2024-02-26,97.83338165283203,104.54000091552734,106.0999984741211,103.76000213623047,105.30999755859375,5831500
2024-02-27,98.40425872802734,105.1500015258789,105.25,103.98999786376953,104.83000183105469,5317400
2024-02-28,97.65557861328125,104.3499984741211,105.44000244140625,103.69999694824219,104.0999984741211,4219800
2024-02-29,97.26251220703125,103.93000030517578,105.56999969482422,103.68000030517578,104.9800033569336,10811600
2024-03-01,95.68467712402344,101.87999725341797,103.94000244140625,101.83000183105469,103.87000274658203,7349300
2024-03-04,93.4869613647461,99.54000091552734,101.7699966430664,99.01000213623047,101.6500015258789,11050900
2024-03-05,92.33175659179688,98.30999755859375,99.16999816894531,98.0,99.0,8670600
2024-03-06,91.69310760498047,97.62999725341797,100.0999984741211,97.05999755859375,100.0,10045300
2024-03-07,92.21907043457031,98.19000244140625,98.4000015258789,97.68000030517578,97.98999786376953,8133900
2024-03-08,93.13007354736328,99.16000366210938,99.31999969482422,98.0199966430664,98.48999786376953,9043500
2024-03-11,94.93333435058594,101.08000183105469,101.76000213623047,99.44000244140625,99.9000015258789,8537400
2024-03-12,94.08805847167969,100.18000030517578,101.37000274658203,99.6500015258789,100.79000091552734,7040900
2024-03-13,95.1962890625,101.36000061035156,102.0,100.33000183105469,100.61000061035156,7326400
2024-03-14,94.1631851196289,100.26000213623047,102.48999786376953,100.08999633789062,102.19999694824219,8350900
2024-03-15,93.58088684082031,99.63999938964844,101.16000366210938,99.33999633789062,100.30000305175781,15208500
2024-03-18,92.73561096191406,98.73999786376953,99.66000366210938,98.5199966430664,98.9800033569336,7207000
2024-03-19,93.88143157958984,99.95999908447266,100.04000091552734,98.44000244140625,98.5,6168900
2024-03-20,94.17257690429688,100.2699966430664,100.44000244140625,99.02999877929688,99.44999694824219,7771700
2024-03-21,94.68913269042969,100.81999969482422,101.91999816894531,99.76000213623047,100.44000244140625,17176000
2024-03-22,88.15235900878906,93.86000061035156,95.16999816894531,91.72000122070312,93.8499984741211,41837400
2024-03-25,88.04906463623047,93.75,95.5199966430664,92.7699966430664,94.06999969482422,14548800
2024-03-26,86.9501953125,92.58000183105469,93.86000061035156,92.41000366210938,93.73999786376953,10816900
2024-03-27,88.40594482421875,94.12999725341797,94.1500015258789,92.31999969482422,93.2699966430664,11095700
2024-03-28,88.26506805419922,93.9800033569336,94.80999755859375,93.43000030517578,94.37000274658203,11331700
2024-04-01,86.9314193725586,92.55999755859375,93.91999816894531,91.69000244140625,93.80999755859375,10360000
2024-04-02,85.4193344116211,90.94999694824219,91.9000015258789,90.63999938964844,91.76000213623047,11107300
2024-04-03,84.83702850341797,90.33000183105469,91.44000244140625,90.27999877929688,91.01000213623047,8876600
2024-04-04,83.65364074707031,89.06999969482422,91.05000305175781,88.88999938964844,90.94999694824219,12110300
2024-04-05,83.43762969970703,88.83999633789062,90.25,88.80000305175781,89.1500015258789,9716700
2024-04-08,84.527099609375,90.0,90.26000213623047,88.80000305175781,89.11000061035156,8452500
2024-04-09,85.46627807617188,91.0,91.16000366210938,89.87000274658203,90.0,7191900
2024-04-10,83.58790588378906,89.0,90.0999984741211,88.7699966430664,89.9000015258789,7932900
2024-04-11,86.40547180175781,92.0,92.41000366210938,90.83000183105469,91.2300033569336,15330200
2024-04-12,86.40547180175781,92.0,92.87000274658203,91.12000274658203,92.01000213623047,10905900
2024-04-15,87.43859100341797,93.0999984741211,93.91999816894531,92.54000091552734,93.58999633789062,11597300
2024-04-16,87.71096801757812,93.38999938964844,94.19000244140625,91.6500015258789,93.04000091552734,10388200
2024-04-17,89.07276916503906,94.83999633789062,95.06999969482422,93.66000366210938,94.61000061035156,10181200
2024-04-18,89.91803741455078,95.73999786376953,95.87999725341797,94.52999877929688,95.16000366210938,10062900
2024-04-19,88.78162384033203,94.52999877929688,96.22000122070312,94.48999786376953,95.41999816894531,11241900
2024-04-22,88.4623031616211,94.19000244140625,95.05999755859375,93.8499984741211,94.62999725341797,8642000
2024-04-23,88.3026351928711,94.0199966430664,94.72000122070312,93.91000366210938,94.37000274658203,6582700
2024-04-24,88.88493347167969,94.63999938964844,95.19000244140625,94.0999984741211,94.0999984741211,6493200
2024-04-25,88.2275161743164,93.94000244140625,94.79000091552734,92.44000244140625,94.0,5317900
2024-04-26,88.39655303955078,94.12000274658203,95.41999816894531,93.91000366210938,94.58999633789062,6115700
2024-04-29,88.3402099609375,94.05999755859375,94.88999938964844,93.69999694824219,94.44000244140625,5030700
2024-04-30,86.64966583251953,92.26000213623047,93.51000213623047,92.25,92.91000366210938,6493300
2024-05-01,84.8464126586914,90.33999633789062,91.87000274658203,90.08999633789062,91.80999755859375,9783100
2024-05-02,86.7905502319336,92.41000366210938,92.44999694824219,90.91000366210938,91.33000183105469,7333300
2024-05-03,86.5463638305664,92.1500015258789,93.6500015258789,91.87000274658203,93.08999633789062,5736700
2024-05-06,87.68276977539062,93.36000061035156,93.37000274658203,92.4800033569336,92.80999755859375,6696300
2024-05-07,88.07723236083984,93.77999877929688,94.31999969482422,93.20999908447266,94.08000183105469,7113500
2024-05-08,87.89878845214844,93.58999633789062,93.63999938964844,92.7300033569336,93.12000274658203,5372900
2024-05-09,87.71096801757812,93.38999938964844,93.9800033569336,93.01000213623047,93.63999938964844,6429800
2024-05-10,85.4099349975586,90.94000244140625,93.13999938964844,90.87999725341797,93.06999969482422,10548400
2024-05-13,87.08169555664062,92.72000122070312,92.7699966430664,91.1500015258789,91.2699966430664,8792100
2024-05-14,87.14743041992188,92.79000091552734,94.33999633789062,92.5999984741211,92.98999786376953,7811000
2024-05-15,86.09554290771484,91.66999816894531,92.62000274658203,90.8499984741211,92.29000091552734,15614400
2024-05-16,86.18946075439453,91.7699966430664,92.83999633789062,91.52999877929688,91.69000244140625,12711700
2024-05-17,86.57452392578125,92.18000030517578,92.29000091552734,91.33999633789062,92.01000213623047,12019600
2024-05-20,86.18946075439453,91.7699966430664,92.69999694824219,90.83000183105469,92.25,9701500
2024-05-21,87.17561340332031,92.81999969482422,92.8499984741211,91.44999694824219,91.56999969482422,7809700
2024-05-22,86.87508392333984,92.5,92.76000213623047,91.6500015258789,91.94999694824219,7611900
2024-05-23,85.84195709228516,91.4000015258789,92.58000183105469,91.1500015258789,92.44999694824219,7729000
2024-05-24,86.17066955566406,91.75,92.19999694824219,91.48999786376953,91.7699966430664,6936800
2024-05-28,86.40547180175781,92.0,92.5199966430664,91.3499984741211,91.73999786376953,10835000
2024-05-29,86.09554290771484,91.66999816894531,92.72000122070312,91.37999725341797,91.68000030517578,7237300
2024-05-30,87.76728820800781,93.44999694824219,93.87999725341797,91.95999908447266,92.2300033569336,9300100
2024-05-31,89.27001953125,95.05000305175781,95.06999969482422,92.97000122070312,93.5,12565600
2024-06-03,89.0060043334961,94.4000015258789,95.25,94.05000305175781,94.5199966430664,9668100
2024-06-04,89.32657623291016,94.73999786376953,95.11000061035156,93.41000366210938,94.29000091552734,7838400
2024-06-05,88.93057250976562,94.31999969482422,95.31999969482422,93.69999694824219,95.31999969482422,7463300
2024-06-06,90.25057983398438,95.72000122070312,96.80000305175781,93.98999786376953,94.86000061035156,9760100
2024-06-07,91.03315734863281,96.55000305175781,97.94000244140625,95.30000305175781,95.38999938964844,9397400
2024-06-10,90.51457214355469,96.0,96.98999786376953,95.5999984741211,95.7300033569336,7035100
2024-06-11,90.39200592041016,95.87000274658203,96.0,94.5199966430664,95.5199966430664,7301500
2024-06-12,88.3271484375,93.68000030517578,96.5,93.5,96.3499984741211,9861300
2024-06-13,88.79857635498047,94.18000030517578,94.52999877929688,93.72000122070312,94.04000091552734,8348200
2024-06-14,88.05371856689453,93.38999938964844,94.77999877929688,93.30000305175781,93.80000305175781,7426800
2024-06-17,89.57173156738281,95.0,95.12000274658203,92.01000213623047,92.01000213623047,6365400
2024-06-18,89.36428833007812,94.77999877929688,95.26000213623047,94.20999908447266,94.66999816894531,6712000
2024-06-20,90.10914611816406,95.56999969482422,96.08999633789062,93.5199966430664,93.87999725341797,9393800
2024-06-21,91.62714385986328,97.18000030517578,97.20999908447266,95.41999816894531,95.95999908447266,15124400
2024-06-24,91.61772918701172,97.16999816894531,98.04000091552734,96.68000030517578,97.30000305175781,9466900
2024-06-25,89.33599090576172,94.75,97.63999938964844,94.5,97.30999755859375,9006500
2024-06-26,88.68543243408203,94.05999755859375,94.4800033569336,93.1500015258789,94.08999633789062,10160400
2024-06-27,88.80799865722656,94.19000244140625,94.73999786376953,93.38999938964844,93.7699966430664,25772700
2024-06-28,71.06338500976562,75.37000274658203,79.05000305175781,74.55000305175781,77.12999725341797,129967000
2024-07-01,72.43994903564453,76.83000183105469,77.05999755859375,74.29000091552734,75.5,44369000
2024-07-02,71.6950912475586,76.04000091552734,76.94000244140625,75.38999938964844,76.81999969482422,26183400
2024-07-03,70.94080352783203,75.23999786376953,75.91999816894531,75.0199966430664,75.5,15952000
2024-07-05,71.11994171142578,75.43000030517578,76.08999633789062,74.77999877929688,75.36000061035156,19603700
2024-07-08,68.87593078613281,73.05000305175781,75.48999786376953,73.0,75.41000366210938,29905000
2024-07-09,68.31964874267578,72.45999908447266,74.13999938964844,72.37999725341797,73.30000305175781,23445500
2024-07-10,68.39507293701172,72.54000091552734,72.63999938964844,71.66999816894531,72.26000213623047,21378200
2024-07-11,69.19651794433594,73.38999938964844,73.75,72.29000091552734,72.69999694824219,15876700
2024-07-12,69.22480010986328,73.41999816894531,74.05000305175781,73.16999816894531,73.56999969482422,14527500
2024-07-15,67.23535919189453,71.30999755859375,73.01000213623047,71.23999786376953,73.0,20775800
2024-07-16,68.64965057373047,72.80999755859375,72.95999908447266,71.51000213623047,71.51000213623047,20980700
2024-07-17,68.8947982788086,73.06999969482422,73.33999633789062,72.5,72.52999877929688,11161600
2024-07-18,68.24422454833984,72.37999725341797,73.93000030517578,72.3499984741211,72.97000122070312,14440100
2024-07-19,68.54593658447266,72.69999694824219,72.81999969482422,71.8499984741211,72.30000305175781,11913300
2024-07-22,70.58250427246094,74.86000061035156,75.33999633789062,73.06999969482422,73.12000274658203,19385500
2024-07-23,69.20594024658203,73.4000015258789,75.04000091552734,73.23999786376953,74.62999725341797,11041800
2024-07-24,67.02792358398438,71.08999633789062,73.38999938964844,71.08000183105469,73.25,18563300
2024-07-25,67.32964324951172,71.41000366210938,72.43000030517578,70.91000366210938,71.52999877929688,13855400
2024-07-26,68.4139404296875,72.55999755859375,72.77999877929688,71.87000274658203,72.0,8892000
2024-07-29,69.34737396240234,73.55000305175781,73.87000274658203,72.19999694824219,72.5,10471800
2024-07-30,70.07337188720703,74.31999969482422,74.48999786376953,73.45999908447266,73.69000244140625,8515700
2024-07-31,70.58250427246094,74.86000061035156,75.43000030517578,73.91999816894531,74.5,14632900
2024-08-01,69.6302261352539,73.8499984741211,74.79000091552734,73.26000213623047,74.69999694824219,9563500
2024-08-02,69.78108978271484,74.01000213623047,74.12999725341797,71.91999816894531,72.83000183105469,11526600
2024-08-05,67.33908081054688,71.41999816894531,72.62000274658203,70.75,71.05999755859375,13191500
2024-08-06,68.35736083984375,72.5,73.23999786376953,71.51000213623047,71.66000366210938,13469700
2024-08-07,68.47051239013672,72.62000274658203,74.20999908447266,72.52999877929688,72.87999725341797,9571200
2024-08-08,69.9508056640625,74.19000244140625,74.20999908447266,73.05000305175781,73.2300033569336,8828000
2024-08-09,70.09222412109375,74.33999633789062,74.58000183105469,73.37000274658203,74.12000274658203,7186600
2024-08-12,70.37507629394531,74.63999938964844,75.0,74.05000305175781,74.70999908447266,7067300
2024-08-13,74.01453399658203,78.5,79.05000305175781,75.06999969482422,75.25,22114800
2024-08-14,74.03337097167969,78.5199966430664,79.08999633789062,77.41999816894531,78.0,13613000
2024-08-15,77.78596496582031,82.5,83.05999755859375,80.66999816894531,82.0999984741211,23583600
2024-08-16,78.4742660522461,83.2300033569336,83.94000244140625,82.44000244140625,82.87999725341797,13794200
2024-08-19,78.52140045166016,83.27999877929688,83.98999786376953,82.91999816894531,83.2300033569336,9627300
2024-08-20,78.785400390625,83.55999755859375,83.9000015258789,82.7699966430664,83.48999786376953,7863100
2024-08-21,79.20024871826172,84.0,84.23999786376953,83.22000122070312,83.66999816894531,6915900
2024-08-22,78.64397430419922,83.41000366210938,84.68000030517578,83.20999908447266,84.44999694824219,8485500
2024-08-23,79.24739074707031,84.05000305175781,84.23999786376953,83.22000122070312,83.33999633789062,9219700
2024-08-26,79.4642562866211,84.27999877929688,84.51000213623047,83.37999725341797,83.47000122070312,7853300
2024-08-27,80.41654968261719,85.29000091552734,85.38999938964844,83.61000061035156,84.06999969482422,14954000
2024-08-28,78.05938720703125,82.79000091552734,85.43000030517578,81.87999725341797,85.05000305175781,11088600
2024-08-29,78.50254821777344,83.26000213623047,83.88999938964844,82.86000061035156,83.44999694824219,7477200
2024-08-30,78.55911254882812,83.31999969482422,83.87999725341797,82.05000305175781,83.5999984741211,13755300
2024-09-03,77.01539611816406,81.31999969482422,82.94000244140625,81.01000213623047,82.70999908447266,10133700
2024-09-04,76.73128509521484,81.0199966430664,81.08999633789062,79.66999816894531,80.0999984741211,12837400
2024-09-05,76.55133819580078,80.83000183105469,81.23999786376953,80.20999908447266,81.12999725341797,7596300
2024-09-06,76.3619155883789,80.62999725341797,81.87999725341797,80.3499984741211,80.87999725341797,8512200
2024-09-09,75.28226470947266,79.48999786376953,81.58000183105469,79.0199966430664,80.75,8003300
2024-09-10,73.95637512207031,78.08999633789062,79.55999755859375,77.55000305175781,79.55999755859375,9748400
2024-09-11,74.24995422363281,78.4000015258789,78.58999633789062,76.73999786376953,78.0,8265500
2024-09-12,74.24995422363281,78.4000015258789,79.06999969482422,77.52999877929688,78.2300033569336,7176900
2024-09-13,74.82767486572266,79.01000213623047,79.48999786376953,78.11000061035156,78.30000305175781,5814200
2024-09-16,75.57586669921875,79.80000305175781,79.98999786376953,78.69000244140625,79.33000183105469,9547700
2024-09-17,76.37139129638672,80.63999938964844,80.9800033569336,79.86000061035156,80.01000213623047,7580600
2024-09-18,76.61763000488281,80.9000015258789,81.76000213623047,80.2300033569336,80.66000366210938,7637000
2024-09-19,76.69338989257812,80.9800033569336,83.12000274658203,80.47000122070312,82.5999984741211,15067100
2024-09-20,81.94013977050781,86.5199966430664,88.0,84.80999755859375,87.87000274658203,52039300
2024-09-23,81.63707733154297,86.19999694824219,86.52999877929688,85.05000305175781,85.4000015258789,17712400
2024-09-24,82.83037567138672,87.45999908447266,88.27999877929688,86.66000366210938,87.44000244140625,21123300
2024-09-25,83.341796875,88.0,88.0999984741211,87.23999786376953,87.8499984741211,12392800
2024-09-26,84.65821075439453,89.38999938964844,90.62000274658203,89.05000305175781,89.91999816894531,13592800
2024-09-27,84.70556640625,89.44000244140625,90.26000213623047,89.20999908447266,89.44999694824219,9181000
2024-09-30,83.72061920166016,88.4000015258789,89.75,87.7300033569336,89.69999694824219,12027100
2024-10-01,84.41197967529297,89.12999725341797,89.63999938964844,87.70999908447266,88.0,20623400
2024-10-02,78.70117950439453,83.0999984741211,85.2300033569336,81.7699966430664,82.88999938964844,33208800
2024-10-03,77.75410461425781,82.0999984741211,83.77999877929688,81.9800033569336,82.4000015258789,18143800
2024-10-04,77.89616394042969,82.25,83.54000091552734,82.0999984741211,82.62999725341797,10322600
2024-10-07,76.55133819580078,80.83000183105469,82.47000122070312,80.08999633789062,82.13999938964844,12767400
2024-10-08,76.49449157714844,80.7699966430664,81.41999816894531,79.93000030517578,80.75,10569600
2024-10-09,78.08557891845703,82.44999694824219,82.93000030517578,81.06999969482422,81.13999938964844,11750600
2024-10-10,77.75410461425781,82.0999984741211,83.44999694824219,82.02999877929688,83.4000015258789,8370200
2024-10-11,77.80146789550781,82.1500015258789,82.2699966430664,81.18000030517578,82.04000091552734,10171100
2024-10-14,77.28057861328125,81.5999984741211,82.04000091552734,80.80000305175781,82.0,8177700
2024-10-15,77.77304077148438,82.12000274658203,82.72000122070312,81.05000305175781,81.05000305175781,11804400
2024-10-16,79.49671173095703,83.94000244140625,84.08999633789062,82.05000305175781,82.13999938964844,11220600
2024-10-17,78.98529052734375,83.4000015258789,84.76000213623047,83.37999725341797,84.11000061035156,9204500
2024-10-18,78.53069305419922,82.91999816894531,83.94999694824219,82.62999725341797,83.77999877929688,7214800
2024-10-21,77.16692352294922,81.4800033569336,83.08999633789062,81.44000244140625,82.8499984741211,7550200
2024-10-22,77.11009979248047,81.41999816894531,82.41999816894531,81.2300033569336,81.3499984741211,7308800
2024-10-23,75.81262969970703,80.05000305175781,81.04000091552734,79.79000091552734,81.0,7253100
2024-10-24,74.85608673095703,79.04000091552734,80.80000305175781,79.02999877929688,80.5,7424500
2024-10-25,74.67613983154297,78.8499984741211,79.58000183105469,78.5199966430664,79.22000122070312,9385400
2024-10-28,74.73297882080078,78.91000366210938,79.63999938964844,78.81999969482422,79.31999969482422,6617200
2024-10-29,74.24995422363281,78.4000015258789,79.47000122070312,78.19999694824219,78.87999725341797,7241100
2024-10-30,72.4031753540039,76.44999694824219,78.11000061035156,76.41999816894531,78.0,15691300
2024-10-31,73.04718017578125,77.12999725341797,77.33999633789062,75.19999694824219,76.19999694824219,13990100
2024-11-01,73.92796325683594,78.05999755859375,78.12999725341797,76.95999908447266,77.05000305175781,9623700
2024-11-04,73.10401153564453,77.19000244140625,78.55000305175781,77.11000061035156,77.98999786376953,6593800
2024-11-05,73.8521957397461,77.9800033569336,78.0,77.0,77.25,5629200
2024-11-06,71.33300018310547,75.31999969482422,76.94999694824219,75.12000274658203,76.87000274658203,16193700
2024-11-07,71.90122985839844,75.91999816894531,76.37000274658203,75.20999908447266,75.69999694824219,11831100
2024-11-08,71.86335754394531,75.87999725341797,76.55999755859375,75.25,75.5,8140800
2024-11-11,72.54524993896484,76.5999984741211,77.4000015258789,76.0999984741211,76.1500015258789,9877200
2024-11-12,72.60208129882812,76.66000366210938,77.43000030517578,76.13999938964844,76.45999908447266,9013900
2024-11-13,72.46947479248047,76.5199966430664,77.29000091552734,76.47000122070312,76.91000366210938,6835300
2024-11-14,71.67394256591797,75.68000030517578,76.9800033569336,75.66999816894531,76.68000030517578,6991600
2024-11-15,72.60208129882812,76.66000366210938,77.6500015258789,75.61000061035156,76.0,13584900
2024-11-18,70.92576599121094,74.88999938964844,76.19999694824219,74.25,76.16000366210938,12595100
2024-11-19,69.99763488769531,73.91000366210938,74.7300033569336,73.5999984741211,74.5,12028400
2024-11-20,69.47675323486328,73.36000061035156,73.83999633789062,72.70999908447266,73.66000366210938,12290300
2024-11-21,71.1246566772461,75.0999984741211,75.55999755859375,73.19999694824219,73.36000061035156,12818600
2024-11-22,73.30290222167969,77.4000015258789,77.5,75.83000183105469,76.12999725341797,12248600
2024-11-25,75.06444549560547,79.26000213623047,79.86000061035156,78.41000366210938,78.5,18328900
2024-11-26,73.50178527832031,77.61000061035156,78.9000015258789,77.56999969482422,78.9000015258789,9495600
2024-11-27,74.19313049316406,78.33999633789062,79.05000305175781,77.58999633789062,77.61000061035156,8713500
2024-11-29,74.60037994384766,78.7699966430664,79.18000030517578,78.02999877929688,78.19999694824219,7123500
2024-12-02,75.28573608398438,79.08999633789062,79.0999984741211,77.19999694824219,77.91999816894531,11221000
2024-12-03,75.06681823730469,78.86000061035156,79.4000015258789,77.61000061035156,79.0,9414500
2024-12-04,74.60038757324219,78.37000274658203,78.51000213623047,77.0999984741211,77.81999969482422,15042600
2024-12-05,74.8002700805664,78.58000183105469,78.9000015258789,78.0999984741211,78.26000213623047,8316500
2024-12-06,75.09536743164062,78.88999938964844,81.18000030517578,78.83999633789062,79.22000122070312,13931100
2024-12-09,73.90548706054688,77.63999938964844,79.44999694824219,77.5199966430664,79.44000244140625,12043400
2024-12-10,73.04876708984375,76.73999786376953,78.08000183105469,76.62000274658203,77.5,12193100
2024-12-11,75.05728912353516,78.8499984741211,78.9800033569336,76.30999755859375,76.79000091552734,12033200
2024-12-12,74.21009826660156,77.95999908447266,79.37000274658203,77.86000061035156,78.70999908447266,6983200
2024-12-13,73.53424072265625,77.25,77.83000183105469,76.7699966430664,77.3499984741211,8037300
2024-12-16,73.48664855957031,77.19999694824219,79.0199966430664,76.66000366210938,76.76000213623047,13034000
2024-12-17,74.2481918334961,78.0,78.7699966430664,77.25,77.36000061035156,12452400
2024-12-18,73.20108795166016,76.9000015258789,79.0,76.83999633789062,77.9800033569336,14376900
2024-12-19,73.39146423339844,77.0999984741211,77.94000244140625,76.43000030517578,76.94000244140625,27067600
2024-12-20,73.23916625976562,76.94000244140625,78.0,74.86000061035156,75.95999908447266,49883400
2024-12-23,73.06783294677734,76.76000213623047,78.41000366210938,75.73999786376953,76.33000183105469,14203800
2024-12-24,73.09638214111328,76.79000091552734,77.11000061035156,76.36000061035156,76.75,4919100
2024-12-26,73.23916625976562,76.94000244140625,77.45999908447266,76.54000091552734,76.5999984741211,6363500
2024-12-27,72.7441635131836,76.41999816894531,76.93000030517578,75.80000305175781,76.5199966430664,6334400
2024-12-30,71.05931854248047,74.6500015258789,75.7699966430664,74.55000305175781,75.5999984741211,9042900
2024-12-31,72.0302505493164,75.66999816894531,76.38999938964844,74.77999877929688,74.9000015258789,9425600
2025-01-02,70.12644958496094,73.66999816894531,76.69000244140625,73.23999786376953,76.25,10883400
2025-01-03,69.78374481201172,73.30999755859375,74.19000244140625,73.01000213623047,73.91999816894531,10083500
2025-01-06,68.53677368164062,72.0,74.31999969482422,71.97000122070312,73.75,14947300
2025-01-07,68.62245178222656,72.08999633789062,73.44000244140625,71.9800033569336,72.4000015258789,10463500
2025-01-08,67.86093139648438,71.29000091552734,71.81999969482422,71.01000213623047,71.55999755859375,11855000
2025-01-10,67.7752456665039,71.19999694824219,72.38999938964844,71.08999633789062,71.8499984741211,15677400
2025-01-13,68.61293029785156,72.08000183105469,72.5999984741211,70.77999877929688,71.16999816894531,14584300
2025-01-14,67.7467041015625,71.16999816894531,72.20999908447266,70.52999877929688,72.06999969482422,16732900
2025-01-15,67.6515121459961,71.06999969482422,72.25,70.83999633789062,71.98999786376953,13468100
2025-01-16,67.68959045410156,71.11000061035156,71.2300033569336,70.31999969482422,70.9000015258789,13694600
2025-01-17,67.43256378173828,70.83999633789062,71.5199966430664,70.83999633789062,71.43000030517578,9711300
2025-01-21,69.6505126953125,73.16999816894531,73.2699966430664,71.13999938964844,71.30000305175781,14199900
2025-01-22,70.47864532470703,74.04000091552734,74.69999694824219,73.01000213623047,73.37999725341797,13029300
2025-01-23,70.71662902832031,74.29000091552734,74.5,72.37000274658203,73.33999633789062,10677400
2025-01-24,70.03125762939453,73.56999969482422,74.25,73.25,74.06999969482422,8106700
2025-01-27,71.944580078125,75.58000183105469,75.8499984741211,73.41999816894531,73.44000244140625,11665400
2025-01-28,70.81180572509766,74.38999938964844,75.5999984741211,74.16000366210938,75.33000183105469,8694400
2025-01-29,72.89646911621094,76.58000183105469,77.11000061035156,74.31999969482422,74.44999694824219,11764800
2025-01-30,74.56230163574219,78.33000183105469,78.7699966430664,76.8499984741211,76.8499984741211,10902100
2025-01-31,73.20108795166016,76.9000015258789,78.86000061035156,76.76000213623047,78.11000061035156,13098000
2025-02-03,72.90599060058594,76.58999633789062,76.69000244140625,73.22000122070312,74.9000015258789,18539200
2025-02-04,73.02974700927734,76.72000122070312,78.16000366210938,76.04000091552734,77.55000305175781,11943700
2025-02-05,70.98316192626953,74.56999969482422,76.79000091552734,74.4000015258789,76.30000305175781,9807400
2025-02-06,68.2892837524414,71.73999786376953,75.4000015258789,71.62999725341797,75.23999786376953,16059400
2025-02-07,65.37646484375,68.68000030517578,70.80999755859375,68.62000274658203,70.55999755859375,27428700
2025-02-10,67.52776336669922,70.94000244140625,70.94999694824219,69.12000274658203,69.36000061035156,16201300
2025-02-11,67.90851593017578,71.33999633789062,71.98999786376953,70.51000213623047,70.56999969482422,9636600
2025-02-12,68.78426361083984,72.26000213623047,72.44999694824219,70.33000183105469,70.5999984741211,10810900
2025-02-13,69.68856048583984,73.20999908447266,73.5999984741211,71.62999725341797,72.44999694824219,9739600
2025-02-14,69.5267562866211,73.04000091552734,73.5,72.33999633789062,73.16999816894531,9254400
2025-02-18,73.85789489746094,77.58999633789062,77.68000030517578,74.5,74.5,28252400
2025-02-19,73.08685302734375,76.77999877929688,77.68000030517578,76.08999633789062,76.81999969482422,14184100
2025-02-20,73.51521301269531,77.2300033569336,77.2699966430664,76.33999633789062,76.91000366210938,10689600
2025-02-21,72.82032012939453,76.5,77.98999786376953,75.86000061035156,77.4000015258789,12823400
2025-02-24,76.41851043701172,80.27999877929688,81.08999633789062,78.75,78.87999725341797,24553500
2025-02-25,77.78923034667969,81.72000122070312,81.95999908447266,80.05000305175781,80.30999755859375,15522500
2025-02-26,77.26570129394531,81.16999816894531,82.44000244140625,80.83999633789062,82.0999984741211,16058100
2025-02-27,76.17100524902344,80.0199966430664,81.48999786376953,79.45999908447266,81.48999786376953,11651900
2025-02-28,75.60939025878906,79.43000030517578,80.0199966430664,78.18000030517578,79.25,14113800
2025-03-03,75.01622009277344,78.41000366210938,80.95999908447266,77.88999938964844,79.98999786376953,8628800
2025-03-04,73.97340393066406,77.31999969482422,78.6500015258789,76.77999877929688,77.69999694824219,10034100
2025-03-05,74.44219970703125,77.80999755859375,78.30999755859375,76.45999908447266,77.33000183105469,9853600
2025-03-06,74.34651947021484,77.70999908447266,78.33000183105469,76.73999786376953,76.73999786376953,9623700
2025-03-07,75.18843078613281,78.58999633789062,79.0,76.97000122070312,77.4800033569336,9294300
2025-03-10,73.09322357177734,76.4000015258789,80.19000244140625,76.05999755859375,77.51000213623047,15822600
2025-03-11,70.95973205566406,74.16999816894531,76.08000183105469,73.62000274658203,75.91000366210938,12837000
2025-03-12,70.3952865600586,73.58000183105469,74.5,73.2300033569336,74.36000061035156,12304900
2025-03-13,69.49595642089844,72.63999938964844,73.94000244140625,71.66999816894531,73.18000030517578,10195900
2025-03-14,68.55838012695312,71.66000366210938,73.54000091552734,71.31999969482422,73.27999877929688,12183000
2025-03-17,70.51008605957031,73.69999694824219,73.94999694824219,72.02999877929688,72.13999938964844,15996900
2025-03-18,70.13694763183594,73.30999755859375,74.16000366210938,72.72000122070312,73.88999938964844,8972300
2025-03-19,69.83081817626953,72.98999786376953,73.43000030517578,72.29000091552734,72.63999938964844,10830500
2025-03-20,68.7497329711914,71.86000061035156,73.6500015258789,71.5199966430664,72.91999816894531,25202300
2025-03-21,64.9993896484375,67.94000244140625,68.7300033569336,65.16999816894531,66.58999633789062,77287000
2025-03-24,64.47321319580078,67.38999938964844,68.88999938964844,66.69000244140625,68.55999755859375,26552500
2025-03-25,63.659996032714844,66.54000091552734,68.05000305175781,66.23999786376953,67.55999755859375,17394100
2025-03-26,62.89460754394531,65.73999786376953,66.58999633789062,64.94999694824219,66.37999725341797,18688300
2025-03-27,62.95201873779297,65.80000305175781,67.0999984741211,65.29000091552734,65.5,16435800
2025-03-28,60.5506591796875,63.290000915527344,65.86000061035156,63.13999938964844,65.86000061035156,19600300
2025-03-31,60.7324333190918,63.47999954223633,63.9900016784668,62.650001525878906,62.84000015258789,17400000
2025-04-01,61.957035064697266,64.76000213623047,65.16000366210938,63.29999923706055,63.83000183105469,13489500
2025-04-02,62.148372650146484,64.95999908447266,65.4000015258789,64.16000366210938,64.30000305175781,11161400
2025-04-03,53.17436599731445,55.58000183105469,58.68000030517578,55.400001525878906,56.369998931884766,71499500
2025-04-04,54.7720832824707,57.25,59.220001220703125,52.5,53.220001220703125,67775700
2025-04-07,53.20306396484375,55.61000061035156,57.18000030517578,53.400001525878906,55.400001525878906,45374400
2025-04-08,50.96434783935547,53.27000045776367,58.77000045776367,52.369998931884766,58.77000045776367,30404300
2025-04-09,56.75248718261719,59.31999969482422,59.54999923706055,52.47999954223633,53.279998779296875,44732500
2025-04-10,52.04543685913086,54.400001525878906,57.25,52.279998779296875,57.22999954223633,53919800
2025-04-11,52.03586959838867,54.38999938964844,55.029998779296875,52.86000061035156,54.400001525878906,22617100
2025-04-14,53.011722564697266,55.40999984741211,56.689998626708984,54.66999816894531,55.63999938964844,28346600
2025-04-15,52.45682907104492,54.83000183105469,55.38999938964844,54.16999816894531,54.68000030517578,15977100
2025-04-16,51.23222351074219,53.54999923706055,55.150001525878906,53.34000015258789,54.720001220703125,19094900
2025-04-17,53.34657287597656,55.7599983215332,56.02000045776367,53.650001525878906,53.81999969482422,18935100
2025-04-21,53.69099044799805,56.119998931884766,56.36000061035156,53.5,55.22999954223633,17280900
2025-04-22,54.590301513671875,57.060001373291016,58.09000015258789,56.2400016784668,56.650001525878906,16852200
2025-04-23,54.90602111816406,57.38999938964844,59.20000076293945,56.70000076293945,59.0,21660300
2025-04-24,55.948848724365234,58.47999954223633,58.70000076293945,57.130001068115234,57.810001373291016,14508500
2025-04-25,55.126068115234375,57.619998931884766,58.25,56.61000061035156,58.209999084472656,17156000
2025-04-28,54.82948684692383,57.310001373291016,58.08000183105469,56.79999923706055,57.72999954223633,13321200
2025-04-29,55.049530029296875,57.540000915527344,57.7400016784668,56.7400016784668,57.0,12968000
2025-04-30,53.9588737487793,56.400001525878906,56.59000015258789,54.75,55.86000061035156,17205900
2025-05-01,54.30329132080078,56.7599983215332,57.209999084472656,56.2599983215332,56.68000030517578,10527000
2025-05-02,56.05408477783203,58.59000015258789,58.70000076293945,57.310001373291016,57.869998931884766,14723900
2025-05-05,54.86775588989258,57.349998474121094,58.34000015258789,57.290000915527344,58.119998931884766,15971000
2025-05-06,54.571170806884766,57.040000915527344,57.720001220703125,56.790000915527344,57.150001525878906,11440300
2025-05-07,56.082786560058594,58.619998931884766,58.810001373291016,57.560001373291016,57.869998931884766,11883500
2025-05-08,56.36023712158203,58.90999984741211,60.38999938964844,58.79999923706055,59.689998626708984,19009000
2025-05-09,55.77663040161133,58.29999923706055,59.380001068115234,58.220001220703125,59.13999938964844,13954400
2025-05-12,59.87138366699219,62.58000183105469,63.470001220703125,61.810001373291016,62.380001068115234,29776600
2025-05-13,59.689605712890625,62.38999938964844,62.779998779296875,61.970001220703125,62.61000061035156,17003100
2025-05-14,59.05817413330078,61.72999954223633,62.869998931884766,61.52000045776367,62.04999923706055,13736300
2025-05-15,59.699180603027344,62.400001525878906,62.68000030517578,60.41999816894531,60.63999938964844,14371100
2025-05-16,60.378448486328125,63.11000061035156,63.75,62.5,62.5,12950600
2025-05-19,59.393028259277344,62.08000183105469,62.43000030517578,61.7599983215332,62.150001525878906,15105300
2025-05-20,59.852256774902344,62.560001373291016,63.189998626708984,62.279998779296875,62.5,10771800
2025-05-21,57.3839225769043,59.97999954223633,61.7599983215332,59.880001068115234,61.16999816894531,17354700
2025-05-22,58.665924072265625,61.31999969482422,61.619998931884766,60.15999984741211,60.58000183105469,16764500
2025-05-23,57.42218780517578,60.02000045776367,60.380001068115234,59.4900016784668,59.86000061035156,14282400
2025-05-27,60.11056900024414,62.83000183105469,62.84000015258789,60.84000015258789,61.130001068115234,16642100
2025-05-28,59.10601043701172,61.779998779296875,63.11000061035156,61.560001373291016,62.7400016784668,10015600
2025-05-29,58.78072738647461,61.439998626708984,62.900001525878906,61.130001068115234,62.4900016784668,12218000
2025-05-30,57.96752166748047,60.59000015258789,61.119998931884766,60.099998474121094,61.0,18155100
2025-06-02,59.29656219482422,61.56999969482422,61.599998474121094,59.599998474121094,60.04999923706055,14065300
2025-06-03,60.06702423095703,62.369998931884766,62.45000076293945,60.459999084472656,61.2400016784668,10286100
2025-06-04,60.45225143432617,62.77000045776367,63.040000915527344,62.27000045776367,62.380001068115234,10242300
2025-06-05,60.3559455871582,62.66999816894531,63.65999984741211,62.22999954223633,62.939998626708984,12336300
2025-06-06,60.481143951416016,62.79999923706055,63.09000015258789,62.119998931884766,62.66999816894531,13299600
2025-06-09,59.6240119934082,61.90999984741211,63.4900016784668,61.880001068115234,63.29999923706055,11640000
2025-06-10,61.511634826660156,63.869998931884766,64.16000366210938,62.25,62.380001068115234,15287000
2025-06-11,60.779701232910156,63.11000061035156,64.8499984741211,62.58000183105469,64.4000015258789,10238700
2025-06-12,60.481143951416016,62.79999923706055,62.93000030517578,61.7599983215332,62.7400016784668,9830500
2025-06-13,58.29496383666992,60.529998779296875,62.779998779296875,60.11000061035156,61.75,16509700
2025-06-16,59.6143798828125,61.900001525878906,62.18000030517578,61.2400016784668,61.380001068115234,13681600
2025-06-17,57.7845344543457,60.0,61.29999923706055,59.68000030517578,61.29999923706055,13649700
2025-06-18,57.31262969970703,59.5099983215332,60.45000076293945,59.369998931884766,60.0,14194300
2025-06-20,57.5822868347168,59.790000915527344,60.040000915527344,59.189998626708984,59.75,19084000
2025-06-23,58.53573226928711,60.779998779296875,61.29999923706055,59.439998626708984,59.58000183105469,15921300
2025-06-24,59.152099609375,61.41999816894531,61.97999954223633,60.47999954223633,61.33000183105469,12564000
2025-06-25,58.583892822265625,60.83000183105469,61.529998779296875,60.36000061035156,61.45000076293945,12186200
2025-06-26,60.230743408203125,62.540000915527344,62.72999954223633,60.81999969482422,61.560001373291016,39659800
2025-06-27,69.37996673583984,72.04000091552734,74.19000244140625,69.69000244140625,69.79000091552734,117530300
2025-06-30,68.4168930053711,71.04000091552734,71.70999908447266,70.05999755859375,71.44999694824219,31090400
2025-07-01,70.69938659667969,73.41000366210938,73.94000244140625,71.83000183105469,71.98999786376953,27512900
2025-07-02,73.5693359375,76.38999938964844,76.83999633789062,73.0,73.16999816894531,36882300
2025-07-03,73.5693359375,76.38999938964844,77.02999877929688,75.58000183105469,76.2699966430664,12022600
2025-07-07,73.70417022705078,76.52999877929688,77.5,75.8499984741211,76.04000091552734,17296900
2025-07-08,71.1905517578125,73.91999816894531,76.30000305175781,73.6500015258789,76.12999725341797,19572400
2025-07-09,70.84383392333984,73.55999755859375,74.91999816894531,73.41999816894531,74.12999725341797,12076700
2025-07-10,71.86470794677734,74.62000274658203,75.5,72.94999694824219,73.12000274658203,13033000
2025-07-11,69.94818115234375,72.62999725341797,73.83999633789062,72.4000015258789,73.69000244140625,12771400
2025-07-14,69.58222198486328,72.25,72.58000183105469,71.02999877929688,72.33999633789062,11385400
2025-07-15,69.3318099975586,71.98999786376953,72.87999725341797,71.58000183105469,72.26000213623047,9708300
2025-07-16,69.43775177001953,72.0999984741211,72.70999908447266,71.1500015258789,71.9000015258789,9008600
2025-07-17,70.28526306152344,72.9800033569336,73.20999908447266,72.04000091552734,72.12000274658203,9180400
2025-07-18,69.7940902709961,72.47000122070312,73.27999877929688,72.12000274658203,73.27999877929688,8801000
2025-07-21,71.28684997558594,74.0199966430664,74.80999755859375,72.91000366210938,72.93000030517578,12743900
2025-07-22,72.60626983642578,75.38999938964844,75.54000091552734,74.04000091552734,74.06999969482422,11297500
2025-07-23,73.91604614257812,76.75,77.20999908447266,75.81999969482422,76.1500015258789,16428100
2025-07-24,72.63516235351562,75.41999816894531,77.54000091552734,75.41000366210938,76.51000213623047,10037800
2025-07-25,73.45377349853516,76.2699966430664,76.56999969482422,75.52999877929688,75.91000366210938,7208400
2025-07-28,76.3141098022461,79.23999786376953,79.98999786376953,77.55999755859375,79.0,22631100
2025-07-29,75.43771362304688,78.33000183105469,79.37000274658203,77.76000213623047,78.76000213623047,12885500
2025-07-30,73.8486328125,76.68000030517578,78.30000305175781,75.95999908447266,77.77999877929688,14601700
2025-07-31,71.93211364746094,74.69000244140625,76.4000015258789,74.30999755859375,76.3499984741211,16700000
2025-08-01,71.86470794677734,74.62000274658203,74.69999694824219,72.52999877929688,73.44000244140625,11911600
2025-08-04,72.05731201171875,74.81999969482422,75.26000213623047,74.16000366210938,75.02999877929688,8839000
2025-08-05,71.6335678100586,74.37999725341797,75.70999908447266,74.23999786376953,74.91000366210938,6533800
2025-08-06,72.69295501708984,75.4800033569336,75.9800033569336,74.25,74.47000122070312,7579800
2025-08-07,71.60467529296875,74.3499984741211,76.3499984741211,74.0,76.31999969482422,8717600
2025-08-08,71.45057678222656,74.19000244140625,74.95999908447266,73.38999938964844,74.19999694824219,6739000
2025-08-11,71.28684997558594,74.0199966430664,74.79000091552734,73.05000305175781,74.31999969482422,6985700
2025-08-12,72.13436126708984,74.9000015258789,75.72000122070312,74.33999633789062,74.72000122070312,6397700
2025-08-13,74.34942626953125,77.19999694824219,77.69000244140625,75.19000244140625,75.4800033569336,13472600
2025-08-14,73.5693359375,76.38999938964844,76.5999984741211,75.3499984741211,75.91000366210938,7990500
2025-08-15,74.1279296875,76.97000122070312,77.5,76.16000366210938,76.73999786376953,9767700
2025-08-18,74.5709457397461,77.43000030517578,78.26000213623047,76.8499984741211,77.11000061035156,9069100
2025-08-19,74.04125213623047,76.87999725341797,78.79000091552734,76.68000030517578,78.19999694824219,7684800
2025-08-20,73.44414520263672,76.26000213623047,77.55999755859375,76.16000366210938,76.69000244140625,6282600
2025-08-21,73.36709594726562,76.18000030517578,76.2300033569336,75.12999725341797,75.69999694824219,6354900
2025-08-22,75.4858627319336,78.37999725341797,79.13999938964844,76.25,76.54000091552734,10985900
2025-08-25,76.24668884277344,79.16999816894531,80.16999816894531,78.38999938964844,78.47000122070312,12488900
2025-08-26,75.74589538574219,78.6500015258789,79.4800033569336,78.37999725341797,79.0,6874800
2025-08-27,75.17768096923828,78.05999755859375,79.51000213623047,77.6500015258789,78.95999908447266,12636700
2025-08-28,75.0428466796875,77.91999816894531,78.66000366210938,77.72000122070312,78.58000183105469,7478600
2025-08-29,74.51315307617188,77.37000274658203,79.12999725341797,77.12000274658203,77.75,14208800
2025-09-02,71.918701171875,74.29000091552734,76.05000305175781,74.0,75.63999938964844,15078700
2025-09-03,72.35433959960938,74.73999786376953,75.18000030517578,73.91000366210938,74.4000015258789,8300100
2025-09-04,72.94486999511719,75.3499984741211,75.7699966430664,74.51000213623047,74.75,11096200
2025-09-05,71.55082702636719,73.91000366210938,75.41000366210938,73.62999725341797,74.80000305175781,13758400
2025-09-08,71.78317260742188,74.1500015258789,74.58000183105469,73.70999908447266,74.26000213623047,13793300
2025-09-09,71.25072479248047,73.5999984741211,74.55000305175781,73.05000305175781,73.98999786376953,8740200
2025-09-10,71.8799819946289,74.25,75.45999908447266,73.33000183105469,75.25,11359300
2025-09-11,71.9574203491211,74.33000183105469,75.52999877929688,74.01000213623047,74.41000366210938,9803400
2025-09-12,70.66987609863281,73.0,74.27999877929688,71.93000030517578,74.23999786376953,11806000
2025-09-15,70.69891357421875,73.02999877929688,73.20999908447266,72.58000183105469,73.18000030517578,10323800
2025-09-16,70.4278564453125,72.75,73.37999725341797,72.08999633789062,72.80000305175781,8813600
2025-09-17,70.00190734863281,72.30999755859375,73.31999969482422,71.61000061035156,73.06999969482422,11108700
2025-09-18,69.7986068725586,72.0999984741211,73.5999984741211,71.62999725341797,73.44000244140625,14918400
2025-09-19,68.62723541259766,70.88999938964844,72.25,70.73999786376953,72.01000213623047,33415600
2025-09-22,69.00477600097656,71.27999877929688,72.48999786376953,70.43000030517578,70.79000091552734,12336300
2025-09-23,68.66594696044922,70.93000030517578,72.41999816894531,70.7300033569336,71.56999969482422,10432400
2025-09-24,68.94670104980469,71.22000122070312,71.52999877929688,70.44999694824219,70.66999816894531,10024500
2025-09-25,67.02989196777344,69.23999786376953,71.16000366210938,69.05000305175781,71.16000366210938,13075300
2025-09-26,67.09765625,69.30999755859375,69.44000244140625,68.02999877929688,69.37999725341797,15627600
2025-09-29,67.33000946044922,69.55000305175781,69.95999908447266,68.73999786376953,69.7699966430664,18479300
2025-09-30,67.50426483154297,69.7300033569336,70.20999908447266,68.81999969482422,70.06999969482422,40567700
2025-10-01,71.83157348632812,74.19999694824219,74.69000244140625,71.61000061035156,74.3499984741211,57921900
2025-10-02,72.18976593017578,74.56999969482422,76.97000122070312,73.87999725341797,75.0,26254400
2025-10-03,69.634033203125,71.93000030517578,74.77999877929688,71.91999816894531,74.77999877929688,18794900
2025-10-06,68.8982925415039,71.16999816894531,72.38999938964844,71.01000213623047,72.0199966430664,14039600
2025-10-07,66.71043395996094,68.91000366210938,71.58000183105469,68.9000015258789,71.2300033569336,17368000
2025-10-08,66.88468170166016,69.08999633789062,69.43000030517578,68.66999816894531,68.91000366210938,13051800
2025-10-09,65.88756561279297,68.05999755859375,69.66000366210938,67.88999938964844,69.55000305175781,13410900
2025-10-10,63.13821029663086,65.22000122070312,68.48999786376953,64.87999725341797,68.18000030517578,18806100
2025-10-13,65.22926330566406,67.37999725341797,67.5199966430664,65.55000305175781,65.69999694824219,13191200
2025-10-14,65.48097229003906,67.63999938964844,68.0,66.05999755859375,66.47000122070312,9483700
2025-10-15,66.27478790283203,68.45999908447266,69.52999877929688,68.12999725341797,68.58000183105469,13001500
2025-10-16,64.70650482177734,66.83999633789062,69.04000091552734,66.58000183105469,68.5999984741211,15349700
2025-10-17,65.2195816040039,67.37000274658203,67.7699966430664,66.31999969482422,66.62999725341797,10054000
2025-10-20,65.46160125732422,67.62000274658203,68.18000030517578,67.47000122070312,67.55999755859375,9670000
2025-10-21,66.17799377441406,68.36000061035156,69.29000091552734,67.41000366210938,67.75,9659200
2025-10-22,66.87500762939453,69.08000183105469,69.36000061035156,67.95999908447266,68.22000122070312,8096100
2025-10-23,67.45585632324219,69.68000030517578,69.88999938964844,68.73999786376953,69.08999633789062,9124900
2025-10-24,66.90404510498047,69.11000061035156,70.08000183105469,68.91000366210938,69.70999908447266,7102900
2025-10-27,66.40064239501953,68.58999633789062,70.44000244140625,68.26000213623047,70.04000091552734,9838100
2025-10-28,65.27767181396484,67.43000030517578,68.61000061035156,67.05000305175781,68.11000061035156,11262400
2025-10-29,63.26406478881836,65.3499984741211,67.19000244140625,64.94999694824219,67.01000213623047,15143100
2025-10-30,62.828426361083984,64.9000015258789,66.0,64.56999969482422,65.18000030517578,13895200
2025-10-31,62.528316497802734,64.58999633789062,65.25,64.25,65.0,17822500
2025-11-03,60.650245666503906,62.650001525878906,64.8499984741211,62.34000015258789,64.72000122070312,22633300
2025-11-04,59.275569915771484,61.22999954223633,62.59000015258789,61.119998931884766,62.41999816894531,13725400
2025-11-05,60.12748336791992,62.11000061035156,62.849998474121094,60.86000061035156,61.279998779296875,20979800
2025-11-06,59.91450119018555,61.88999938964844,62.47999954223633,61.66999816894531,61.880001068115234,15164600
2025-11-07,59.14004135131836,61.09000015258789,62.18000030517578,60.290000915527344,61.7400016784668,15504800
2025-11-10,58.85929870605469,60.79999923706055,62.09000015258789,60.4900016784668,61.75,13063100
2025-11-11,61.1342887878418,63.150001525878906,63.599998474121094,61.2400016784668,61.72999954223633,17646400
2025-11-12,62.15076446533203,64.19999694824219,65.19000244140625,63.7400016784668,64.0999984741211,14812200
2025-11-13,63.92236328125,66.02999877929688,66.26000213623047,64.87999725341797,65.70999908447266,21923600
2025-11-14,62.12172317504883,64.16999816894531,65.05999755859375,63.75,64.94000244140625,17760100
2025-11-17,60.89226531982422,62.900001525878906,63.540000915527344,62.2599983215332,63.06999969482422,17064700
2025-11-18,60.49535369873047,62.4900016784668,62.7599983215332,61.68000030517578,62.400001525878906,14614600
2025-11-19,60.640567779541016,62.63999938964844,63.220001220703125,62.0099983215332,62.43000030517578,11732100
2025-11-20,59.46918869018555,61.43000030517578,63.83000183105469,61.40999984741211,62.95000076293945,13886600
2025-11-21,60.79545974731445,62.79999923706055,63.5,61.540000915527344,62.0099983215332,12476900
2025-11-24,59.95322799682617,61.93000030517578,63.06999969482422,61.93000030517578,62.5099983215332,16681700
2025-11-25,61.64736557006836,63.68000030517578,64.12000274658203,61.869998931884766,62.34000015258789,11527200
2025-11-26,62.27661895751953,64.33000183105469,64.87000274658203,62.970001220703125,63.5,13791000
2025-11-28,62.567047119140625,64.62999725341797,64.77999877929688,63.970001220703125,64.47000122070312,4941400
2025-12-01,63.70692825317383,65.38999938964844,65.98999786376953,63.58000183105469,63.77000045776367,12047300
2025-12-02,63.258766174316406,64.93000030517578,65.47000122070312,64.58000183105469,65.44999694824219,9051200
2025-12-03,63.960235595703125,65.6500015258789,66.66000366210938,64.9800033569336,65.08000183105469,12028300
2025-12-04,63.99920654296875,65.69000244140625,66.0999984741211,65.01000213623047,65.5999984741211,10619500
2025-12-05,64.16482543945312,65.86000061035156,66.08000183105469,64.87999725341797,65.69999694824219,10917900
2025-12-08,61.90454864501953,63.540000915527344,65.80000305175781,63.27000045776367,65.5999984741211,12867300
2025-12-09,61.699954986572266,63.33000183105469,63.95000076293945,62.970001220703125,63.5099983215332,9300200
2025-12-10,64.09663391113281,65.79000091552734,66.1500015258789,63.7599983215332,63.97999954223633,20302100
2025-12-11,65.9964370727539,67.73999786376953,67.81999969482422,65.55999755859375,65.83000183105469,16153500
2025-12-12,65.73339080810547,67.47000122070312,69.13999938964844,67.12000274658203,68.16999816894531,14829200
2025-12-15,66.03541564941406,67.77999877929688,68.3499984741211,66.69000244140625,67.41000366210938,15287500
2025-12-16,65.39240264892578,67.12000274658203,68.19999694824219,66.73999786376953,67.29000091552734,16376700
2025-12-17,63.99920654296875,65.69000244140625,66.83000183105469,65.62000274658203,66.55999755859375,13205500
2025-12-18,63.94075012207031,65.62999725341797,67.0,65.4000015258789,66.01000213623047,35650000
2025-12-19,57.1988639831543,58.709999084472656,60.380001068115234,58.220001220703125,59.20000076293945,108652700
2025-12-22,55.747215270996094,57.220001220703125,59.08000183105469,57.13999938964844,58.9900016784668,38695900
2025-12-23,55.86412811279297,57.34000015258789,57.599998474121094,56.9900016784668,57.18000030517578,23276700
2025-12-24,58.455665588378906,60.0,60.58000183105469,58.880001068115234,58.880001068115234,36073300
2025-12-26,59.361724853515625,60.93000030517578,60.93000030517578,59.86000061035156,60.0,22303600
2025-12-29,59.634517669677734,61.209999084472656,61.75,60.5099983215332,60.540000915527344,18062100
2025-12-30,59.61503219604492,61.189998626708984,61.29999923706055,60.63999938964844,61.29999923706055,13507800
2025-12-31,62.07017135620117,63.709999084472656,64.19999694824219,61.91999816894531,62.25,35457400
2026-01-02,61.65123748779297,63.279998779296875,64.12999725341797,62.54999923706055,64.0,22284100
2026-01-05,62.86906814575195,64.52999877929688,65.37000274658203,63.38999938964844,63.7400016784668,23482500
2026-01-06,63.66795349121094,65.3499984741211,65.43000030517578,63.40999984741211,64.05999755859375,19973200
2026-01-07,61.59278106689453,63.220001220703125,65.61000061035156,63.189998626708984,65.5199966430664,18284100
2026-01-08,63.58028030395508,65.26000213623047,65.73999786376953,61.70000076293945,62.18000030517578,21573900
2026-01-09,64.22328186035156,65.91999816894531,66.54000091552734,64.4000015258789,65.11000061035156,18470400
2026-01-12,63.950496673583984,65.63999938964844,66.33999633789062,64.23999786376953,65.25,13901100
2026-01-13,64.593505859375,66.30000305175781,67.08000183105469,65.8499984741211,66.25,13685200
2026-01-14,63.882293701171875,65.56999969482422,67.12999725341797,65.04000091552734,66.29000091552734,15939100
2026-01-15,62.927520751953125,64.58999633789062,65.76000213623047,64.20999908447266,65.76000213623047,13295300
2026-01-16,62.722923278808594,64.37999725341797,64.58999633789062,63.68000030517578,64.38999938964844,15903000
2026-01-20,61.99222946166992,63.630001068115234,64.58000183105469,63.02000045776367,63.4900016784668,20406000
2026-01-21,63.72642135620117,65.41000366210938,65.41999816894531,63.61000061035156,63.880001068115234,17166400
2026-01-22,63.77513122558594,65.45999908447266,66.55000305175781,65.25,65.41000366210938,11853700
2026-01-23,63.36594009399414,65.04000091552734,65.44999694824219,64.44000244140625,65.25,11243900
2026-01-26,63.31721878051758,64.98999786376953,65.63999938964844,64.77999877929688,64.80999755859375,14765900
2026-01-27,61.466129302978516,63.09000015258789,64.83000183105469,62.880001068115234,64.75,13536700
2026-01-28,60.63801193237305,62.2400016784668,63.47999954223633,61.970001220703125,63.04999923706055,10363600
2026-01-29,60.98873519897461,62.599998474121094,62.939998626708984,61.459999084472656,61.93000030517578,12739400
2026-01-30,60.21907424926758,61.810001373291016,62.52000045776367,61.02000045776367,62.2400016784668,14309200
2026-02-02,60.579551696777344,62.18000030517578,62.56999969482422,61.150001525878906,61.65999984741211,11006300
2026-02-03,59.361724853515625,60.93000030517578,62.529998779296875,60.43000030517578,61.779998779296875,17322100
2026-02-04,62.567047119140625,64.22000122070312,64.41000366210938,61.5099983215332,61.720001220703125,20957700
2026-02-05,61.08616638183594,62.70000076293945,64.58000183105469,62.09000015258789,64.19000244140625,12506200
2026-02-06,62.27476501464844,63.91999816894531,64.23999786376953,63.0,63.0099983215332,11961500
2026-02-09,60.80363082885742,62.40999984741211,63.90999984741211,62.369998931884766,63.56999969482422,12920800
2026-02-10,61.417415618896484,63.040000915527344,64.19000244140625,62.290000915527344,63.0,13003400
2026-02-11,60.745174407958984,62.349998474121094,64.01000213623047,61.68000030517578,63.900001525878906,15511900
2026-02-12,59.527347564697266,61.099998474121094,62.720001220703125,60.849998474121094,62.33000183105469,13602400
2026-02-13,61.50510025024414,63.130001068115234,63.380001068115234,61.59000015258789,61.59000015258789,20180900
2026-02-17,63.15159606933594,64.81999969482422,64.81999969482422,62.939998626708984,62.939998626708984,12347500
2026-02-18,63.86281204223633,65.55000305175781,66.1500015258789,64.30999755859375,64.30999755859375,11211500
2026-02-19,63.9212646484375,65.61000061035156,65.83999633789062,64.25,65.19999694824219,10778300
2026-02-20,63.7166748046875,65.4000015258789,68.48999786376953,63.33000183105469,65.30000305175781,33436800
2026-02-23,61.466129302978516,63.09000015258789,64.97000122070312,62.04999923706055,64.5999984741211,17748800
2026-02-24,62.44038391113281,64.08999633789062,64.69999694824219,62.599998474121094,63.279998779296875,14296100
2026-02-25,61.768150329589844,63.400001525878906,64.22000122070312,63.2599983215332,63.88999938964844,9500800
2026-02-26,62.30399703979492,63.95000076293945,65.05999755859375,63.779998779296875,64.20999908447266,10319100
2026-02-27,60.579551696777344,62.18000030517578,62.720001220703125,61.52000045776367,62.720001220703125,18017400
2026-03-02,59.83419418334961,61.0099983215332,61.529998779296875,59.13999938964844,59.900001525878906,15335000
2026-03-03,58.245418548583984,59.38999938964844,60.11000061035156,58.619998931884766,59.439998626708984,17438600
2026-03-04,57.50987243652344,58.63999938964844,59.4900016784668,58.61000061035156,59.189998626708984,15971300
2026-03-05,56.901824951171875,58.02000045776367,58.790000915527344,57.43000030517578,58.599998474121094,22040200
2026-03-06,55.911285400390625,57.0099983215332,57.54999923706055,56.7599983215332,57.470001220703125,16323700
2026-03-09,55.44053649902344,56.529998779296875,56.709999084472656,55.38999938964844,55.7400016784668,18053100
2026-03-10,54.99921417236328,56.08000183105469,57.2400016784668,55.79999923706055,56.70000076293945,15706400
2026-03-11,54.62653732299805,55.70000076293945,57.599998474121094,55.40999984741211,57.599998474121094,20245300
2026-03-12,53.0867919921875,54.130001068115234,55.459999084472656,54.029998779296875,55.279998779296875,18611800
2026-03-13,52.93968200683594,53.97999954223633,54.869998931884766,53.7400016784668,54.34000015258789,14377100
2026-03-16,53.734073638916016,54.790000915527344,55.06999969482422,53.97999954223633,54.27000045776367,13115200
2026-03-17,54.05771255493164,55.119998931884766,55.68000030517578,55.0,55.45000076293945,9861400
2026-03-18,52.43951416015625,53.470001220703125,54.959999084472656,53.2599983215332,54.5,16861300
2026-03-19,52.41008758544922,53.439998626708984,53.630001068115234,52.59000015258789,52.900001525878906,12307700
2026-03-20,51.36071014404297,52.369998931884766,53.61000061035156,52.18000030517578,52.939998626708984,19566100
2026-03-23,51.694156646728516,52.709999084472656,53.560001373291016,52.529998779296875,53.279998779296875,15242700
2026-03-24,52.459129333496094,53.4900016784668,54.08000183105469,52.27000045776367,52.36000061035156,12073800
2026-03-25,51.958953857421875,52.97999954223633,54.220001220703125,52.560001373291016,53.7599983215332,13427100
2026-03-26,51.066490173339844,52.06999969482422,53.619998931884766,51.869998931884766,52.7599983215332,14486700
2026-03-27,50.379981994628906,51.369998931884766,52.11000061035156,51.20000076293945,51.709999084472656,13077800
2026-03-30,50.25249099731445,51.2400016784668,52.189998626708984,50.95000076293945,51.43000030517578,16869200
2026-03-31,51.80203628540039,52.81999969482422,53.11000061035156,51.689998626708984,51.93000030517578,36422800
2026-04-01,43.76987838745117,44.630001068115234,46.83000183105469,44.560001373291016,46.560001373291016,114225700
2026-04-02,43.338356018066406,44.189998626708984,44.34000015258789,43.16999816894531,43.7599983215332,63242600
2026-04-06,43.18143844604492,44.029998779296875,44.380001068115234,43.560001373291016,44.15999984741211,26999600
2026-04-07,41.86726379394531,42.689998626708984,43.869998931884766,42.36000061035156,43.70000076293945,38253000
2026-04-08,42.298789978027344,43.130001068115234,44.29999923706055,42.7599983215332,43.90999984741211,29462900
2026-04-09,43.15201950073242,44.0,44.220001220703125,42.720001220703125,43.220001220703125,24147400
2026-04-10,41.798614501953125,42.619998931884766,43.959999084472656,42.400001525878906,43.83000183105469,26094800
2026-04-13,42.08302688598633,42.90999984741211,42.97999954223633,42.09000015258789,42.22999954223633,21236700
2026-04-14,43.34816360473633,44.20000076293945,44.209999084472656,42.95000076293945,42.9900016784668,22554100
2026-04-15,44.564266204833984,45.439998626708984,45.900001525878906,44.709999084472656,45.09000015258789,31523500
2026-04-16,44.81925582885742,45.70000076293945,46.4900016784668,45.54999923706055,45.79999923706055,21766300
2026-04-17,45.14289474487305,46.029998779296875,46.779998779296875,45.779998779296875,46.380001068115234,31290400
2026-04-20,45.584224700927734,46.47999954223633,46.560001373291016,45.56999969482422,45.97999954223633,19003100
2026-04-21,45.49595642089844,46.38999938964844,46.970001220703125,45.93000030517578,46.77000045776367,22194000
2026-04-22,44.79964065551758,45.68000030517578,46.95000076293945,45.5,46.310001373291016,17985200
2026-04-23,43.916988372802734,44.779998779296875,45.75,44.2400016784668,45.58000183105469,17457500
2026-04-24,43.82872009277344,44.689998626708984,45.41999816894531,44.59000015258789,44.97999954223633,15885000
2026-04-27,44.270050048828125,45.13999938964844,45.40999984741211,44.4900016784668,44.599998474121094,14583100
2026-04-28,44.16217041015625,45.029998779296875,45.709999084472656,44.75,45.380001068115234,12426000
2026-04-29,43.53450393676758,44.38999938964844,45.15999984741211,44.150001525878906,44.91999816894531,13329700
2026-04-30,43.50508117675781,44.36000061035156,44.810001373291016,43.5099983215332,44.09000015258789,21679500
2026-05-01,43.5443115234375,44.400001525878906,44.959999084472656,44.220001220703125,44.81999969482422,11562800
2026-05-04,42.259559631347656,43.09000015258789,44.34000015258789,43.09000015258789,44.189998626708984,33272400
2026-05-05,42.23013687133789,43.060001373291016,43.29999923706055,42.650001525878906,43.040000915527344,18589700
2026-05-06,43.034332275390625,43.880001068115234,44.06999969482422,43.20000076293945,43.630001068115234,19406700
2026-05-07,43.55411911010742,44.40999984741211,44.63999938964844,44.0099983215332,44.04999923706055,17177700
2026-05-08,43.28932189941406,44.13999938964844,44.65999984741211,43.79999923706055,44.2599983215332,17357100
2026-05-11,41.57304763793945,42.38999938964844,44.06999969482422,42.38999938964844,44.06999969482422,24863800
2026-05-12,41.533817291259766,42.349998474121094,42.5099983215332,42.060001373291016,42.29999923706055,21271300
2026-05-13,41.52401351928711,42.34000015258789,42.61000061035156,41.70000076293945,42.20000076293945,21325200
2026-05-14,41.21017837524414,42.02000045776367,42.83000183105469,41.9900016784668,42.560001373291016,19146900
2026-05-15,41.0728759765625,41.880001068115234,42.779998779296875,41.84000015258789,42.0,26172600
2026-05-18,41.74958038330078,42.56999969482422,42.75,41.349998474121094,41.880001068115234,18694900
2026-05-19,41.60246658325195,42.41999816894531,43.20000076293945,41.810001373291016,42.599998474121094,22957900
2026-05-20,43.338356018066406,44.189998626708984,44.279998779296875,41.83000183105469,42.209999084472656,27060200
2026-05-21,43.53450393676758,44.38999938964844,44.7400016784668,43.15999984741211,43.88999938964844,18428100
2026-05-22,43.809104919433594,44.66999816894531,44.720001220703125,44.209999084472656,44.560001373291016,14905100
2026-05-26,44.07390213012695,44.939998626708984,44.95000076293945,44.099998474121094,44.70000076293945,18667600
2026-05-27,45.0938606262207,45.97999954223633,46.59000015258789,45.66999816894531,45.709999084472656,24251900
2026-05-28,46.45707321166992,47.369998931884766,47.650001525878906,45.560001373291016,45.970001220703125,22871300
2026-05-29,45.33904266357422,46.22999954223633,47.20000076293945,46.08000183105469,47.11000061035156,38949100
2026-06-01,45.4478874206543,45.93000030517578,46.279998779296875,45.04999923706055,45.52000045776367,26885100
2026-06-02,43.27098083496094,43.72999954223633,45.779998779296875,43.5099983215332,45.779998779296875,28345000
2026-06-03,43.35014343261719,43.810001373291016,43.9900016784668,43.15999984741211,43.650001525878906,18940500
2026-06-04,43.162132263183594,43.619998931884766,44.70000076293945,43.130001068115234,44.5,17350900
2026-06-05,42.52885055541992,42.97999954223633,43.7400016784668,42.790000915527344,43.29999923706055,18406500
2026-06-08,42.77622985839844,43.22999954223633,43.86000061035156,42.650001525878906,43.060001373291016,18192000
2026-06-09,44.18132400512695,44.650001525878906,45.279998779296875,43.27000045776367,43.52000045776367,21505800
2026-06-10,43.498565673828125,43.959999084472656,44.58000183105469,43.310001373291016,43.77000045776367,15335600
2026-06-11,45.47757339477539,45.959999084472656,45.97999954223633,44.220001220703125,44.52000045776367,16647500
2026-06-12,44.4583854675293,44.93000030517578,46.310001373291016,44.849998474121094,46.290000915527344,16524300
2026-06-15,44.72555160522461,45.20000076293945,46.09000015258789,45.09000015258789,45.36000061035156,14345100
2026-06-16,44.567230224609375,45.040000915527344,46.099998474121094,45.0,45.5099983215332,19591400
2026-06-17,43.72615051269531,44.189998626708984,45.849998474121094,44.15999984741211,44.900001525878906,20859700
2026-06-18,44.72555160522461,45.20000076293945,45.709999084472656,44.2400016784668,44.40999984741211,32320300
2026-06-22,42.73664855957031,43.189998626708984,44.90999984741211,43.13999938964844,44.619998931884766,25864500
2026-06-23,41.935150146484375,42.380001068115234,43.189998626708984,42.31999969482422,42.38999938964844,31517900
2026-06-24,41.38102722167969,41.81999969482422,42.33000183105469,41.310001373291016,42.040000915527344,34384300
2026-06-25,40.47068786621094,40.900001525878906,41.86000061035156,40.439998626708984,41.79999923706055,29228300
2026-06-26,40.322261810302734,40.75,41.470001220703125,40.0,40.06999969482422,33970700
2026-06-29,41.04459762573242,41.47999954223633,41.689998626708984,40.77000045776367,41.13999938964844,27824700
2026-06-30,40.619110107421875,41.04999923706055,41.63999938964844,40.88999938964844,41.380001068115234,73891500
2026-07-01,42.60801315307617,43.060001373291016,43.279998779296875,40.11000061035156,41.400001525878906,80185700
2026-07-02,43.627201080322266,44.09000015258789,45.040000915527344,43.599998474121094,44.11000061035156,34233400
2026-07-06,42.885074615478516,43.34000015258789,44.11000061035156,41.84000015258789,43.900001525878906,21979100
2026-07-07,42.756439208984375,43.209999084472656,44.040000915527344,42.880001068115234,43.720001220703125,17784900
2026-07-08,42.439796447753906,42.88999938964844,43.2599983215332,42.06999969482422,42.70000076293945,21101500
2026-07-09,42.33095169067383,42.779998779296875,43.060001373291016,42.130001068115234,42.689998626708984,19647000
2026-07-10,43.90426254272461,44.369998931884766,44.630001068115234,43.060001373291016,43.41999816894531,23313500
2026-07-13,43.300662994384766,43.7599983215332,44.900001525878906,43.66999816894531,44.7599983215332,13665500
2026-07-14,42.41011428833008,42.86000061035156,44.4900016784668,42.470001220703125,44.310001373291016,13090200
2026-07-15,42.3210563659668,42.77000045776367,43.58000183105469,42.47999954223633,43.0,14388200
2026-07-16,44.1021614074707,44.56999969482422,44.66999816894531,42.900001525878906,42.900001525878906,15944700
2026-07-17,43.300662994384766,43.7599983215332,44.97999954223633,43.52000045776367,44.52000045776367,15825100
2026-07-20,43.013710021972656,43.470001220703125,43.84000015258789,42.83000183105469,43.84000015258789,11926900
2026-07-21,42.509063720703125,42.959999084472656,43.560001373291016,42.75,43.060001373291016,11859000
2026-07-22,41.76693344116211,42.209999084472656,42.90999984741211,41.56999969482422,42.45000076293945,18990000
2026-07-23,40.55974197387695,40.9900016784668,42.08000183105469,40.689998626708984,41.79999923706055,18156200
2026-07-24,41.262290954589844,41.70000076293945,42.150001525878906,40.88999938964844,41.189998626708984,26175200
2026-07-27,41.697669982910156,42.13999938964844,42.599998474121094,41.58000183105469,42.150001525878906,16996900
2026-07-28,42.59811782836914,43.04999923706055,43.27000045776367,42.52000045776367,42.75,23601400
2026-07-29,42.766334533691406,43.220001220703125,43.689998626708984,42.400001525878906,42.599998474121094,15029100
2026-07-30,41.84609603881836,42.290000915527344,42.5,41.22999954223633,42.5,16977600
2026-07-31,41.27218246459961,41.709999084472656,42.08000183105469,41.4900016784668,42.02000045776367,22622400
2026-08-03,42.192420959472656,42.63999938964844,43.209999084472656,42.060001373291016,42.56999969482422,21329900
2026-08-04,41.09407043457031,41.529998779296875,42.09000015258789,40.90999984741211,41.349998474121094,27802800
2026-08-05,42.004417419433594,42.45000076293945,42.47999954223633,41.36000061035156,41.650001525878906,22088600
2026-08-06,41.559139251708984,42.0,42.63999938964844,41.849998474121094,42.52000045776367,18150300
2026-08-07,41.262290954589844,41.70000076293945,42.369998931884766,41.61000061035156,42.02000045776367,22042300
2026-08-10,41.66798400878906,42.11000061035156,42.22999954223633,41.13999938964844,41.7400016784668,21664600
2026-08-11,40.88627624511719,41.31999969482422,41.529998779296875,40.83000183105469,41.47999954223633,25538000
2026-08-12,40.08477783203125,40.5099983215332,41.25,40.45000076293945,41.029998779296875,28760300
2026-08-13,40.79722213745117,41.22999954223633,41.470001220703125,40.47999954223633,40.7400016784668,23641700
2026-08-14,40.30247116088867,40.72999954223633,41.33000183105469,40.709999084472656,41.22999954223633,23639800
2026-08-17,38.679683685302734,39.09000015258789,40.599998474121094,38.86000061035156,40.349998474121094,58659900
2026-08-18,39.639503479003906,40.060001373291016,40.63999938964844,39.22999954223633,39.650001525878906,39173300
2026-08-19,40.619110107421875,41.04999923706055,41.310001373291016,40.369998931884766,40.529998779296875,22055700
2026-08-20,39.78792953491211,40.209999084472656,40.63999938964844,39.810001373291016,40.4900016784668,16662100
2026-08-21,40.3321533203125,40.7599983215332,41.130001068115234,40.2400016784668,40.2599983215332,14707800
2026-08-24,40.322261810302734,40.75,41.34000015258789,40.68000030517578,41.0,18839100
2026-08-25,39.065589904785156,39.47999954223633,39.869998931884766,39.029998779296875,39.52000045776367,41525000
2026-08-26,38.184932708740234,38.59000015258789,39.47999954223633,38.40999984741211,39.400001525878906,38604300
2026-08-27,38.03650665283203,38.439998626708984,38.79999923706055,38.16999816894531,38.5,36573800
2026-08-28,39.184329986572266,39.599998474121094,39.7599983215332,38.560001373291016,38.709999084472656,28437400
2026-08-31,38.650001525878906,39.060001373291016,39.880001068115234,39.029998779296875,39.40999984741211,23905300
2026-09-01,38.119998931884766,38.119998931884766,38.56999969482422,37.970001220703125,38.36000061035156,22241100
2026-09-02,38.2400016784668,38.2400016784668,38.72999954223633,38.0099983215332,38.060001373291016,20727200
2026-09-03,38.77000045776367,38.77000045776367,38.93000030517578,37.95000076293945,38.52000045776367,29597500
2026-09-04,38.400001525878906,38.400001525878906,38.65999984741211,37.97999954223633,38.220001220703125,20631600
2026-09-08,38.099998474121094,38.099998474121094,38.7400016784668,37.900001525878906,38.52000045776367,31672300
2026-09-09,37.349998474121094,37.349998474121094,37.849998474121094,36.849998474121094,37.790000915527344,41030700
2026-09-10,36.92499923706055,36.92499923706055,37.15999984741211,36.7599983215332,36.959999084472656,11453253
