Price,Adj Close,Close,High,Low,Open,Volume
Ticker,NOW,NOW,NOW,NOW,NOW,NOW
Date,,,,,,
2021-09-10,129.5959930419922,129.5959930419922,131.15199279785156,129.34800720214844,130.6219940185547,3771500
2021-09-13,127.81600189208984,127.81600189208984,129.8159942626953,126.13400268554688,129.8000030517578,6311000
2021-09-14,129.08399963378906,129.08399963378906,129.70799255371094,128.1179962158203,128.3979949951172,3747000
2021-09-15,130.42999267578125,130.42999267578125,130.82400512695312,127.53399658203125,128.8179931640625,4016000
2021-09-16,131.27000427246094,131.27000427246094,131.4239959716797,128.93600463867188,130.05999755859375,3111500
2021-09-17,130.20599365234375,130.20599365234375,131.49200439453125,129.65199279785156,130.67799377441406,6490500
2021-09-20,129.74600219726562,129.74600219726562,130.11599731445312,128.0240020751953,128.8719940185547,4789000
2021-09-21,130.83999633789062,130.83999633789062,131.43600463867188,129.12600708007812,130.0,3776000
2021-09-22,132.52999877929688,132.52999877929688,133.10000610351562,130.13600158691406,131.60000610351562,4080500
2021-09-23,132.843994140625,132.843994140625,134.09800720214844,132.6020050048828,133.60000610351562,4357500
2021-09-24,133.26199340820312,133.26199340820312,133.39999389648438,131.0,132.4199981689453,2499000
2021-09-27,129.91200256347656,129.91200256347656,132.0,129.24200439453125,131.9759979248047,4512500
2021-09-28,122.50399780273438,122.50399780273438,127.36799621582031,122.0,126.73400115966797,9944000
2021-09-29,123.60399627685547,123.60399627685547,124.76799774169922,121.43599700927734,124.0,6143000
2021-09-30,124.4540023803711,124.4540023803711,125.39800262451172,123.64800262451172,124.04000091552734,4742000
2021-10-01,126.55999755859375,126.55999755859375,127.08200073242188,122.86599731445312,124.75599670410156,5244500
2021-10-04,123.59400177001953,123.59400177001953,127.61000061035156,121.89399719238281,127.08000183105469,5868500
2021-10-05,126.68399810791016,126.68399810791016,127.90799713134766,124.4000015258789,124.49400329589844,5331000
2021-10-06,125.87200164794922,125.87200164794922,127.1520004272461,124.27999877929688,125.46800231933594,5191500
2021-10-07,127.58399963378906,127.58399963378906,129.6719970703125,127.08599853515625,127.28600311279297,5107000
2021-10-08,123.51599884033203,123.51599884033203,128.73199462890625,123.38400268554688,128.0,8578000
2021-10-11,123.16999816894531,123.16999816894531,125.46199798583984,122.4280014038086,123.60399627685547,4575500
2021-10-12,125.82599639892578,125.82599639892578,126.5999984741211,124.0479965209961,124.47200012207031,3980000
2021-10-13,127.88200378417969,127.88200378417969,128.21600341796875,126.0,126.0,5554000
2021-10-14,130.6060028076172,130.6060028076172,132.552001953125,129.72000122070312,130.0,6630000
2021-10-15,132.63600158691406,132.63600158691406,133.1219940185547,130.97999572753906,131.3719940185547,4596500
2021-10-18,133.24400329589844,133.24400329589844,133.25999450683594,131.46600341796875,132.6999969482422,5673500
2021-10-19,136.0500030517578,136.0500030517578,137.53799438476562,134.45799255371094,134.47999572753906,7362500
2021-10-20,136.2220001220703,136.2220001220703,137.3459930419922,134.23599243164062,136.8459930419922,4362000
2021-10-21,137.26800537109375,137.26800537109375,137.45799255371094,135.37399291992188,136.0,3247500
2021-10-22,137.3300018310547,137.3300018310547,138.593994140625,136.6840057373047,137.1999969482422,4642500
2021-10-25,137.77000427246094,137.77000427246094,138.69400024414062,136.89999389648438,137.3300018310547,2930500
2021-10-26,135.3419952392578,135.3419952392578,138.60000610351562,135.11000061035156,138.53799438476562,5542500
2021-10-27,132.95199584960938,132.95199584960938,136.96600341796875,132.7220001220703,135.13999938964844,7502500
2021-10-28,137.5399932861328,137.5399932861328,138.8000030517578,134.25999450683594,134.302001953125,10566500
2021-10-29,139.552001953125,139.552001953125,139.68600463867188,136.42999267578125,137.27000427246094,5535500
2021-11-01,136.39599609375,136.39599609375,140.96400451660156,135.33200073242188,140.0,5817500
2021-11-02,137.3179931640625,137.3179931640625,137.5,136.10000610351562,137.197998046875,3413000
2021-11-03,137.53399658203125,137.53399658203125,137.82000732421875,134.44400024414062,137.82000732421875,3312500
2021-11-04,140.3459930419922,140.3459930419922,141.52000427246094,137.8280029296875,138.0,4167500
2021-11-05,138.40199279785156,138.40199279785156,140.54800415039062,137.3800048828125,140.39999389648438,2980500
2021-11-08,138.45599365234375,138.45599365234375,139.3179931640625,137.8300018310547,138.74400329589844,3990500
2021-11-09,138.25399780273438,138.25399780273438,139.45599365234375,137.1199951171875,139.06199645996094,2499000
2021-11-10,134.1820068359375,134.1820068359375,137.58599853515625,132.76400756835938,137.35800170898438,6399000
2021-11-11,135.85000610351562,135.85000610351562,136.26800537109375,134.7779998779297,135.93800354003906,5075000
2021-11-12,138.27999877929688,138.27999877929688,138.34800720214844,136.28799438476562,137.0,4958500
2021-11-15,136.51400756835938,136.51400756835938,137.97999572753906,135.74200439453125,137.89199829101562,4060000
2021-11-16,138.50999450683594,138.50999450683594,138.51199340820312,136.4219970703125,136.9980010986328,4633500
2021-11-17,136.98599243164062,136.98599243164062,139.1219940185547,136.77999877929688,138.86599731445312,3457500
2021-11-18,135.16799926757812,135.16799926757812,136.91200256347656,134.8280029296875,136.49400329589844,3757000
2021-11-19,135.19400024414062,135.19400024414062,137.45199584960938,134.83599853515625,136.06199645996094,5256500
2021-11-22,131.2760009765625,131.2760009765625,136.79200744628906,130.27200317382812,135.14199829101562,5971000
2021-11-23,127.38200378417969,127.38200378417969,130.88600158691406,125.48200225830078,130.0,9223500
2021-11-24,129.86199951171875,129.86199951171875,129.88400268554688,124.8280029296875,125.99199676513672,4185000
2021-11-26,129.91000366210938,129.91000366210938,132.21400451660156,128.9040069580078,128.9040069580078,3647500
2021-11-29,134.56399536132812,134.56399536132812,135.3000030517578,130.2220001220703,131.92599487304688,5407000
2021-11-30,129.5399932861328,129.5399932861328,135.9239959716797,128.52999877929688,134.92599487304688,10732000
2021-12-01,119.91400146484375,119.91400146484375,131.5919952392578,119.86799621582031,130.07200622558594,11590500
2021-12-02,124.67400360107422,124.67400360107422,125.16000366210938,119.72799682617188,119.91400146484375,7300000
2021-12-03,122.62200164794922,122.62200164794922,125.75199890136719,118.63200378417969,125.53800201416016,9274000
2021-12-06,123.30799865722656,123.30799865722656,123.93199920654297,118.80999755859375,120.31600189208984,7201500
2021-12-07,132.67799377441406,132.67799377441406,133.6320037841797,126.0,126.197998046875,9250000
2021-12-08,133.16200256347656,133.16200256347656,134.593994140625,130.2100067138672,132.0,4651000
2021-12-09,128.42999267578125,128.42999267578125,133.82200622558594,128.25,133.1999969482422,5445500
2021-12-10,129.39999389648438,129.39999389648438,131.63600158691406,128.0399932861328,129.43800354003906,4251500
2021-12-13,131.18800354003906,131.18800354003906,132.23399353027344,128.53399658203125,128.92999267578125,4997500
2021-12-14,124.93800354003906,124.93800354003906,129.3800048828125,121.43800354003906,128.41799926757812,8298500
2021-12-15,129.4080047607422,129.4080047607422,129.61399841308594,124.91600036621094,125.33200073242188,7907500
2021-12-16,121.7959976196289,121.7959976196289,128.75999450683594,121.33799743652344,127.87799835205078,7941500
2021-12-17,123.1259994506836,123.1259994506836,124.12999725341797,117.40399932861328,119.33999633789062,17093500
2021-12-20,121.0739974975586,121.0739974975586,122.81199645996094,120.24400329589844,121.0,4983500
2021-12-21,126.26399993896484,126.26399993896484,127.06800079345703,121.0,122.5,5645500
2021-12-22,128.78599548339844,128.78599548339844,129.7779998779297,125.12000274658203,126.29199981689453,5053500
2021-12-23,129.71400451660156,129.71400451660156,130.33799743652344,128.20599365234375,129.19200134277344,3323500
2021-12-27,132.656005859375,132.656005859375,132.99000549316406,130.3939971923828,131.1959991455078,3404500
2021-12-28,130.8000030517578,130.8000030517578,133.5279998779297,130.60000610351562,133.5279998779297,2411000
2021-12-29,130.91600036621094,130.91600036621094,131.77200317382812,129.20399475097656,131.03599548339844,2209000
2021-12-30,130.9080047607422,130.9080047607422,132.63400268554688,130.76800537109375,131.24000549316406,2454500
2021-12-31,129.82200622558594,129.82200622558594,131.71800231933594,129.7740020751953,130.4040069580078,2323000
2022-01-03,126.02799987792969,126.02799987792969,130.28199768066406,125.08399963378906,129.6320037841797,5218500
2022-01-04,120.78800201416016,120.78800201416016,125.76399993896484,115.39399719238281,125.6780014038086,14903000
2022-01-05,114.552001953125,114.552001953125,121.5,114.2959976196289,117.80000305175781,10480500
2022-01-06,114.80799865722656,114.80799865722656,117.88999938964844,111.0,113.4800033569336,8372500
2022-01-07,113.27799987792969,113.27799987792969,117.11599731445312,111.66600036621094,114.13800048828125,5952500
2022-01-10,114.4000015258789,114.4000015258789,114.62000274658203,107.16200256347656,110.0199966430664,9838000
2022-01-11,115.68800354003906,115.68800354003906,116.0479965209961,112.3499984741211,113.97599792480469,6700000
2022-01-12,114.6780014038086,114.6780014038086,118.30400085449219,113.92400360107422,117.46399688720703,8586000
2022-01-13,104.25199890136719,104.25199890136719,115.16799926757812,104.0,115.00399780273438,19524500
2022-01-14,106.2040023803711,106.2040023803711,107.70800018310547,102.93199920654297,104.25199890136719,16188000
2022-01-18,104.46800231933594,104.46800231933594,108.89199829101562,103.51799774169922,104.94000244140625,11933000
2022-01-19,104.25800323486328,104.25800323486328,108.74600219726562,104.12799835205078,105.08399963378906,12852500
2022-01-20,103.0,103.0,108.55999755859375,102.74400329589844,106.44200134277344,9428000
2022-01-21,101.5479965209961,101.5479965209961,105.7760009765625,101.4260025024414,102.0,13028000
2022-01-24,105.16799926757812,105.16799926757812,105.52400207519531,96.88600158691406,100.05799865722656,17102500
2022-01-25,99.01599884033203,99.01599884033203,103.5199966430664,96.88800048828125,103.08999633789062,14393500
2022-01-26,96.88400268554688,96.88400268554688,104.197998046875,95.87000274658203,102.85600280761719,17376500
2022-01-27,105.73799896240234,105.73799896240234,111.39800262451172,103.62799835205078,110.70600128173828,27530500
2022-01-28,112.21600341796875,112.21600341796875,112.69999694824219,101.55999755859375,105.73799896240234,19039000
2022-01-31,117.15599822998047,117.15599822998047,117.68000030517578,112.99199676513672,113.4540023803711,13270500
2022-02-01,117.30799865722656,117.30799865722656,118.14199829101562,115.39199829101562,116.9800033569336,9208500
2022-02-02,116.2300033569336,116.2300033569336,118.97000122070312,114.61599731445312,118.97000122070312,6566000
2022-02-03,112.16999816894531,112.16999816894531,116.40799713134766,111.86000061035156,113.64199829101562,6779000
2022-02-04,115.50399780273438,115.50399780273438,117.4739990234375,110.95600128173828,111.99800109863281,6252000
2022-02-07,114.63999938964844,114.63999938964844,117.68800354003906,114.09400177001953,115.5979995727539,4942500
2022-02-08,118.25399780273438,118.25399780273438,118.4000015258789,112.79399871826172,112.83999633789062,6982000
2022-02-09,122.79399871826172,122.79399871826172,122.86599731445312,119.5999984741211,119.7699966430664,8327000
2022-02-10,122.09200286865234,122.09200286865234,124.28199768066406,119.99199676513672,120.09400177001953,9906500
2022-02-11,116.74400329589844,116.74400329589844,122.0,115.52400207519531,120.69000244140625,10700000
2022-02-14,115.91600036621094,115.91600036621094,117.86599731445312,114.83599853515625,115.77400207519531,6200000
2022-02-15,118.33200073242188,118.33200073242188,118.7760009765625,116.24400329589844,117.56199645996094,4935000
2022-02-16,118.1780014038086,118.1780014038086,118.60600280761719,115.2959976196289,117.16799926757812,5502000
2022-02-17,113.1500015258789,113.1500015258789,117.43199920654297,112.91799926757812,116.81600189208984,5346500
2022-02-18,111.2020034790039,111.2020034790039,113.80000305175781,110.30400085449219,113.19200134277344,6383500
2022-02-22,110.02999877929688,110.02999877929688,112.38999938964844,107.87999725341797,108.81400299072266,5810000
2022-02-23,104.94000244140625,104.94000244140625,110.68399810791016,104.53199768066406,110.02999877929688,9319500
2022-02-24,114.79000091552734,114.79000091552734,115.19400024414062,100.49199676513672,101.6500015258789,11838000
2022-02-25,116.0459976196289,116.0459976196289,116.05999755859375,112.80999755859375,113.79199981689453,5269500
2022-02-28,115.98400115966797,115.98400115966797,117.10800170898438,114.18399810791016,115.63999938964844,7480500
2022-03-01,114.21399688720703,114.21399688720703,119.91600036621094,113.35800170898438,116.76399993896484,7942500
2022-03-02,117.41200256347656,117.41200256347656,118.1520004272461,112.00399780273438,115.66400146484375,5450500
2022-03-03,112.46199798583984,112.46199798583984,118.66600036621094,111.33999633789062,118.40399932861328,7343000
2022-03-04,109.41400146484375,109.41400146484375,113.81999969482422,108.48200225830078,111.0979995727539,6907000
2022-03-07,103.92400360107422,103.92400360107422,112.62000274658203,103.73600006103516,110.67400360107422,10728000
2022-03-08,103.63999938964844,103.63999938964844,107.18000030517578,100.89199829101562,102.0,7397500
2022-03-09,111.91600036621094,111.91600036621094,113.15599822998047,106.62200164794922,107.29199981689453,8238500
2022-03-10,106.71800231933594,106.71800231933594,110.38400268554688,106.18399810791016,109.71600341796875,8821500
2022-03-11,102.43000030517578,102.43000030517578,108.91000366210938,102.27200317382812,108.52799987792969,6144500
2022-03-14,99.0199966430664,99.0199966430664,105.26399993896484,98.41000366210938,102.99199676513672,8188000
2022-03-15,102.84400177001953,102.84400177001953,103.5199966430664,98.26200103759766,100.03600311279297,6658000
2022-03-16,109.4800033569336,109.4800033569336,109.75199890136719,103.47799682617188,105.7020034790039,9127000
2022-03-17,113.33599853515625,113.33599853515625,113.59400177001953,108.07599639892578,108.07599639892578,6424000
2022-03-18,115.97599792480469,115.97599792480469,116.77200317382812,113.3499984741211,115.5199966430664,11542500
2022-03-21,113.95999908447266,113.95999908447266,116.12200164794922,111.0739974975586,115.0,7081500
2022-03-22,117.73200225830078,117.73200225830078,119.5479965209961,114.0199966430664,114.14199829101562,6755000
2022-03-23,113.59200286865234,113.59200286865234,115.96600341796875,112.49400329589844,114.72799682617188,5564500
2022-03-24,116.21800231933594,116.21800231933594,116.5459976196289,112.46199798583984,114.0,4927500
2022-03-25,112.3740005493164,112.3740005493164,116.72200012207031,111.36000061035156,116.20800018310547,6785500
2022-03-28,116.552001953125,116.552001953125,116.7760009765625,112.39600372314453,113.46600341796875,6531500
2022-03-29,119.55000305175781,119.55000305175781,120.3239974975586,115.52799987792969,118.04399871826172,6589500
2022-03-30,114.7979965209961,114.7979965209961,118.20999908447266,114.14399719238281,118.02400207519531,7574000
2022-03-31,111.37799835205078,111.37799835205078,115.39800262451172,111.27799987792969,114.7979965209961,10197000
2022-04-01,109.73799896240234,109.73799896240234,112.30400085449219,108.80599975585938,111.22000122070312,9659000
2022-04-04,114.96399688720703,114.96399688720703,115.16200256347656,109.30400085449219,109.5999984741211,7663500
2022-04-05,110.64399719238281,110.64399719238281,114.2959976196289,110.15799713134766,114.0,5778500
2022-04-06,105.58999633789062,105.58999633789062,108.56400299072266,103.93599700927734,108.56400299072266,8124500
2022-04-07,105.95600128173828,105.95600128173828,108.37999725341797,103.98799896240234,105.1259994506836,5777500
2022-04-08,103.12000274658203,103.12000274658203,105.8759994506836,102.84400177001953,105.0,6205000
2022-04-11,102.28399658203125,102.28399658203125,103.9540023803711,99.91400146484375,101.5739974975586,7114000
2022-04-12,102.04199981689453,102.04199981689453,106.82599639892578,101.79000091552734,104.51799774169922,8622000
2022-04-13,105.21399688720703,105.21399688720703,105.92400360107422,102.16200256347656,102.81400299072266,6946500
2022-04-14,101.46600341796875,101.46600341796875,105.18199920654297,101.34400177001953,104.9800033569336,6044000
2022-04-18,99.50599670410156,99.50599670410156,101.33399963378906,98.68000030517578,101.33399963378906,6549500
2022-04-19,102.87999725341797,102.87999725341797,104.14399719238281,98.41400146484375,99.75599670410156,7547500
2022-04-20,101.04399871826172,101.04399871826172,104.41999816894531,100.59600067138672,104.0719985961914,5947000
2022-04-21,98.33399963378906,98.33399963378906,104.33799743652344,97.76799774169922,102.30999755859375,7071500
2022-04-22,94.27999877929688,94.27999877929688,99.5459976196289,93.81999969482422,98.69000244140625,8805000
2022-04-25,94.4540023803711,94.4540023803711,95.47599792480469,92.85199737548828,92.94999694824219,9075500
2022-04-26,91.19999694824219,91.19999694824219,94.43199920654297,90.78399658203125,94.38400268554688,9471000
2022-04-27,93.25800323486328,93.25800323486328,94.88200378417969,91.88600158691406,92.5479965209961,13400500
2022-04-28,100.80400085449219,100.80400085449219,102.80000305175781,96.9520034790039,101.5999984741211,18817000
2022-04-29,95.62000274658203,95.62000274658203,101.7979965209961,95.41600036621094,97.83599853515625,7276000
2022-05-02,96.9000015258789,96.9000015258789,97.06199645996094,93.80400085449219,94.93800354003906,7055000
2022-05-03,96.37200164794922,96.37200164794922,97.6780014038086,93.92400360107422,96.39600372314453,6524500
2022-05-04,99.89199829101562,99.89199829101562,100.22200012207031,92.01799774169922,97.0479965209961,9247500
2022-05-05,93.86599731445312,93.86599731445312,99.09600067138672,92.39600372314453,98.97799682617188,9589500
2022-05-06,91.3479995727539,91.3479995727539,93.69400024414062,87.6240005493164,92.51200103759766,9826500
2022-05-09,85.17400360107422,85.17400360107422,90.06199645996094,84.52200317382812,88.5999984741211,14239500
2022-05-10,86.46399688720703,86.46399688720703,88.88200378417969,83.31199645996094,88.19999694824219,9477500
2022-05-11,84.0719985961914,84.0719985961914,89.59600067138672,83.74199676513672,85.23400115966797,9473500
2022-05-12,86.58799743652344,86.58799743652344,88.62200164794922,81.29399871826172,83.71800231933594,13509500
2022-05-13,90.52999877929688,90.52999877929688,91.93800354003906,87.26799774169922,87.5479965209961,10467500
2022-05-16,86.58599853515625,86.58599853515625,90.35800170898438,86.15599822998047,89.25,8314000
2022-05-17,86.56999969482422,86.56999969482422,90.2959976196289,83.41200256347656,89.18399810791016,10688000
2022-05-18,82.44999694824219,82.44999694824219,86.92400360107422,81.64399719238281,85.69999694824219,8893500
2022-05-19,85.35199737548828,85.35199737548828,87.14399719238281,82.06400299072266,82.89600372314453,10223500
2022-05-20,86.60600280761719,86.60600280761719,89.33599853515625,83.9739990234375,87.53399658203125,8626500
2022-05-23,86.02400207519531,86.02400207519531,87.78600311279297,84.86199951171875,86.18399810791016,9763500
2022-05-24,83.93000030517578,83.93000030517578,86.02200317382812,82.20800018310547,85.30000305175781,8662500
2022-05-25,90.45800018310547,90.45800018310547,91.5199966430664,84.3740005493164,84.69000244140625,16292000
2022-05-26,90.9739990234375,90.9739990234375,92.1500015258789,88.80000305175781,90.02799987792969,8949500
2022-05-27,95.25800323486328,95.25800323486328,95.99400329589844,92.5780029296875,92.63800048828125,9751000
2022-05-31,93.49400329589844,93.49400329589844,95.2760009765625,92.52999877929688,94.41000366210938,12059000
2022-06-01,95.0260009765625,95.0260009765625,99.39600372314453,94.14600372314453,98.20800018310547,8349500
2022-06-02,100.95999908447266,100.95999908447266,102.14600372314453,93.93199920654297,93.93199920654297,10023500
2022-06-03,98.49600219726562,98.49600219726562,101.13200378417969,96.94000244140625,99.16799926757812,5644500
2022-06-06,98.50800323486328,98.50800323486328,100.2020034790039,97.4800033569336,99.40399932861328,4721500
2022-06-07,101.28600311279297,101.28600311279297,102.08999633789062,97.04000091552734,97.54000091552734,6485000
2022-06-08,101.08399963378906,101.08399963378906,101.87200164794922,100.10600280761719,100.38400268554688,5577000
2022-06-09,98.44400024414062,98.44400024414062,101.55599975585938,98.38800048828125,100.1259994506836,4766000
2022-06-10,94.62999725341797,94.62999725341797,97.58000183105469,93.76000213623047,96.5459976196289,6218000
2022-06-13,88.0739974975586,88.0739974975586,91.7699966430664,87.80000305175781,90.0,7466500
2022-06-14,88.94999694824219,88.94999694824219,90.30400085449219,87.5739974975586,88.37999725341797,5394000
2022-06-15,93.19000244140625,93.19000244140625,95.09200286865234,89.81400299072266,89.90399932861328,9754000
2022-06-16,85.61599731445312,85.61599731445312,91.1240005493164,84.83399963378906,89.53800201416016,15154500
2022-06-17,88.75800323486328,88.75800323486328,90.20999908447266,85.80599975585938,86.0260009765625,11812000
2022-06-21,91.05400085449219,91.05400085449219,92.30799865722656,89.97000122070312,89.97200012207031,5681000
2022-06-22,91.7300033569336,91.7300033569336,93.22000122070312,89.66600036621094,90.04199981689453,4919000
2022-06-23,97.10600280761719,97.10600280761719,97.3499984741211,93.25800323486328,93.25800323486328,7197000
2022-06-24,100.81800079345703,100.81800079345703,101.2760009765625,98.7979965209961,99.03199768066406,8501000
2022-06-27,99.33999633789062,99.33999633789062,101.94000244140625,97.84600067138672,101.27400207519531,5636000
2022-06-28,94.68800354003906,94.68800354003906,100.052001953125,94.2040023803711,99.33999633789062,6272000
2022-06-29,95.55799865722656,95.55799865722656,96.69200134277344,93.5,94.72200012207031,4892500
2022-06-30,95.10399627685547,95.10399627685547,95.98400115966797,91.9280014038086,94.5479965209961,8870500
2022-07-01,96.87200164794922,96.87200164794922,97.08999633789062,93.81800079345703,94.98600006103516,7529000
2022-07-05,99.18599700927734,99.18599700927734,99.5,94.802001953125,96.04199981689453,7318000
2022-07-06,98.66200256347656,98.66200256347656,101.29000091552734,97.58000183105469,100.0739974975586,5267500
2022-07-07,99.41000366210938,99.41000366210938,100.38200378417969,98.03399658203125,98.03399658203125,6259500
2022-07-08,98.83000183105469,98.83000183105469,99.88400268554688,97.16600036621094,97.85600280761719,7431000
2022-07-11,98.08000183105469,98.08000183105469,99.10800170898438,96.12000274658203,97.79399871826172,4795500
2022-07-12,85.58799743652344,85.58799743652344,93.34600067138672,84.95800018310547,92.25,34321500
2022-07-13,84.55400085449219,84.55400085449219,86.94200134277344,82.33200073242188,83.2020034790039,15932000
2022-07-14,84.19400024414062,84.19400024414062,86.08599853515625,81.5,83.30000305175781,10826500
2022-07-15,87.1240005493164,87.1240005493164,88.1520004272461,85.51799774169922,86.2699966430664,10787000
2022-07-18,85.3479995727539,85.3479995727539,88.49600219726562,85.2020034790039,87.51799774169922,9056500
2022-07-19,87.18800354003906,87.18800354003906,87.38200378417969,84.052001953125,86.44400024414062,7114000
2022-07-20,91.37000274658203,91.37000274658203,91.65799713134766,88.197998046875,88.58000183105469,7318000
2022-07-21,92.05799865722656,92.05799865722656,92.16600036621094,88.00199890136719,89.87999725341797,10239500
2022-07-22,89.35399627685547,89.35399627685547,93.1760025024414,88.76799774169922,92.12200164794922,6256500
2022-07-25,88.0,88.0,89.13800048828125,87.33200073242188,89.08599853515625,5156500
2022-07-26,84.56400299072266,84.56400299072266,88.72000122070312,83.55599975585938,88.72000122070312,9172500
2022-07-27,89.72000122070312,89.72000122070312,90.0260009765625,85.72599792480469,86.41000366210938,11276000
2022-07-28,87.30000305175781,87.30000305175781,89.26200103759766,84.73799896240234,86.24600219726562,19571000
2022-07-29,89.33200073242188,89.33200073242188,89.75399780273438,85.28600311279297,85.84600067138672,10098000
2022-08-01,90.75399780273438,90.75399780273438,91.11399841308594,87.13999938964844,87.7979965209961,8647500
2022-08-02,90.88800048828125,90.88800048828125,92.21399688720703,88.44999694824219,88.93199920654297,5564500
2022-08-03,94.29000091552734,94.29000091552734,94.58200073242188,91.43199920654297,92.1500015258789,7002500
2022-08-04,98.5999984741211,98.5999984741211,99.09600067138672,92.72599792480469,93.55799865722656,16632500
2022-08-05,98.97000122070312,98.97000122070312,100.65399932861328,95.052001953125,95.61599731445312,14888500
2022-08-08,98.98999786376953,98.98999786376953,100.69599914550781,98.39800262451172,99.0199966430664,8184500
2022-08-09,97.49199676513672,97.49199676513672,99.55400085449219,96.697998046875,98.45600128173828,4916500
2022-08-10,103.23999786376953,103.23999786376953,103.3239974975586,100.19599914550781,100.39199829101562,9159500
2022-08-11,99.88999938964844,99.88999938964844,104.31600189208984,99.48400115966797,104.0,7409000
2022-08-12,101.302001953125,101.302001953125,101.5999984741211,98.5979995727539,100.88800048828125,8311000
2022-08-15,100.81400299072266,100.81400299072266,102.19999694824219,99.71199798583984,100.4000015258789,4964500
2022-08-16,99.3479995727539,99.3479995727539,100.08000183105469,98.30999755859375,99.80000305175781,7162000
2022-08-17,97.75199890136719,97.75199890136719,98.73200225830078,97.09600067138672,97.80000305175781,4377000
2022-08-18,97.91999816894531,97.91999816894531,98.09200286865234,96.04399871826172,97.27200317382812,4908000
2022-08-19,95.25199890136719,95.25199890136719,96.93800354003906,94.66400146484375,96.83399963378906,4907000
2022-08-22,91.94200134277344,91.94200134277344,93.8479995727539,91.15399932861328,93.31400299072266,5096500
2022-08-23,91.99800109863281,91.99800109863281,92.81400299072266,91.2760009765625,91.99800109863281,3951000
2022-08-24,91.50399780273438,91.50399780273438,92.68399810791016,91.03199768066406,92.05799865722656,4176500
2022-08-25,93.20600128173828,93.20600128173828,93.26599884033203,90.66000366210938,91.27999877929688,5283500
2022-08-26,88.93800354003906,88.93800354003906,93.5,88.93399810791016,93.45800018310547,4490000
2022-08-29,87.15599822998047,87.15599822998047,89.51599884033203,87.10199737548828,88.0,4299500
2022-08-30,87.36799621582031,87.36799621582031,88.81600189208984,85.9020004272461,88.5,4802500
2022-08-31,86.92400360107422,86.92400360107422,89.19999694824219,86.76799774169922,88.0,6980000
2022-09-01,86.11199951171875,86.11199951171875,86.33999633789062,83.33599853515625,85.96199798583984,7897000
2022-09-02,86.9020004272461,86.9020004272461,89.49800109863281,86.25599670410156,87.67400360107422,7788500
2022-09-06,86.09400177001953,86.09400177001953,87.552001953125,84.87000274658203,86.02200317382812,4799000
2022-09-07,88.83200073242188,88.83200073242188,89.27799987792969,86.04000091552734,86.197998046875,4409000
2022-09-08,90.15399932861328,90.15399932861328,90.6500015258789,87.61599731445312,87.80799865722656,6056500
2022-09-09,94.00599670410156,94.00599670410156,94.38400268554688,91.50199890136719,91.61599731445312,6960000
2022-09-12,95.25800323486328,95.25800323486328,96.53800201416016,93.85199737548828,95.04000091552734,5875000
2022-09-13,90.47599792480469,90.47599792480469,91.6760025024414,89.87999725341797,90.0,7248000
2022-09-14,91.49800109863281,91.49800109863281,92.11399841308594,89.64199829101562,90.8740005493164,5157500
2022-09-15,87.11000061035156,87.11000061035156,91.56199645996094,86.84200286865234,88.98400115966797,9825000
2022-09-16,85.16000366210938,85.16000366210938,86.802001953125,84.22200012207031,86.29399871826172,10690500
2022-09-19,85.01000213623047,85.01000213623047,85.30000305175781,83.76799774169922,84.55999755859375,4428000
2022-09-20,82.23999786376953,82.23999786376953,84.30000305175781,82.2020034790039,84.30000305175781,8290500
2022-09-21,80.28600311279297,80.28600311279297,83.78800201416016,80.27799987792969,83.03800201416016,12609500
2022-09-22,77.39399719238281,77.39399719238281,80.89199829101562,77.33999633789062,79.9739990234375,12089500
2022-09-23,75.40799713134766,75.40799713134766,77.46600341796875,74.87200164794922,76.58599853515625,11061000
2022-09-26,74.0199966430664,74.0199966430664,76.52200317382812,73.54199981689453,75.2959976196289,11886000
2022-09-27,75.79000091552734,75.79000091552734,75.86000061035156,74.23999786376953,75.35199737548828,10637000
2022-09-28,77.7699966430664,77.7699966430664,78.0780029296875,75.28399658203125,75.68800354003906,7694000
2022-09-29,77.0999984741211,77.0999984741211,77.26200103759766,75.5479965209961,76.57599639892578,7487000
2022-09-30,75.52200317382812,75.52200317382812,79.21600341796875,75.43599700927734,77.0,9128500
2022-10-03,78.34200286865234,78.34200286865234,78.80400085449219,74.94599914550781,76.01599884033203,11638000
2022-10-04,82.30999755859375,82.30999755859375,82.73200225830078,80.16600036621094,80.4260025024414,9894000
2022-10-05,84.11599731445312,84.11599731445312,85.1500015258789,80.4020004272461,80.55000305175781,8859000
2022-10-06,83.68599700927734,83.68599700927734,86.6780014038086,83.30799865722656,84.42400360107422,8718000
2022-10-07,80.24199676513672,80.24199676513672,82.48600006103516,79.79199981689453,82.0,6177500
2022-10-10,76.35600280761719,76.35600280761719,80.44200134277344,75.43000030517578,80.27799987792969,8951500
2022-10-11,74.26000213623047,74.26000213623047,76.34400177001953,73.3759994506836,76.33000183105469,10214000
2022-10-12,73.82599639892578,73.82599639892578,75.26200103759766,73.18800354003906,74.49800109863281,9183000
2022-10-13,72.37999725341797,72.37999725341797,73.31400299072266,67.4000015258789,69.55000305175781,13700000
2022-10-14,68.35199737548828,68.35199737548828,73.37000274658203,68.18000030517578,73.2040023803711,16005500
2022-10-17,69.72200012207031,69.72200012207031,71.7760009765625,69.50199890136719,70.28600311279297,12858000
2022-10-18,71.35800170898438,71.35800170898438,73.49400329589844,70.20999908447266,72.46800231933594,10497000
2022-10-19,71.08799743652344,71.08799743652344,71.97200012207031,70.10399627685547,70.14199829101562,6921000
2022-10-20,71.25199890136719,71.25199890136719,73.29399871826172,70.20800018310547,71.22599792480469,8278500
2022-10-21,72.13400268554688,72.13400268554688,72.3280029296875,69.45800018310547,70.66200256347656,7256500
2022-10-24,73.31199645996094,73.31199645996094,74.18000030517578,71.8499984741211,73.5999984741211,8328500
2022-10-25,75.33200073242188,75.33200073242188,75.5,73.0,73.71600341796875,10662500
2022-10-26,73.28199768066406,73.28199768066406,76.51599884033203,70.19999694824219,70.76000213623047,18000000
2022-10-27,83.13400268554688,83.13400268554688,85.5260009765625,81.72200012207031,85.39199829101562,28129000
2022-10-28,84.08000183105469,84.08000183105469,84.28800201416016,80.75399780273438,83.24600219726562,15611000
2022-10-31,84.14800262451172,84.14800262451172,85.64600372314453,82.98200225830078,83.5999984741211,9492500
2022-11-01,83.71199798583984,83.71199798583984,86.0479965209961,83.31999969482422,85.41600036621094,6799500
2022-11-02,78.53600311279297,78.53600311279297,83.86599731445312,78.46800231933594,83.86599731445312,8858500
2022-11-03,77.11199951171875,77.11199951171875,79.1240005493164,76.97200012207031,78.1240005493164,6895500
2022-11-04,72.3499984741211,72.3499984741211,77.98600006103516,70.83599853515625,77.7020034790039,14191500
2022-11-07,72.63999938964844,72.63999938964844,73.01599884033203,70.25,73.0,8592000
2022-11-08,74.22799682617188,74.22799682617188,75.05799865722656,71.81999969482422,73.0,7861500
2022-11-09,72.25399780273438,72.25399780273438,73.76599884033203,72.23999786376953,73.0,5763000
2022-11-10,80.81199645996094,80.81199645996094,82.11000061035156,78.12799835205078,78.6520004272461,14567500
2022-11-11,81.98200225830078,81.98200225830078,84.89199829101562,80.94400024414062,81.39800262451172,10721500
2022-11-14,80.08000183105469,80.08000183105469,81.31999969482422,78.24400329589844,80.302001953125,7794500
2022-11-15,83.89600372314453,83.89600372314453,85.0780029296875,82.84200286865234,82.84200286865234,9238000
2022-11-16,82.44000244140625,82.44000244140625,83.5,81.08399963378906,83.08000183105469,5841500
2022-11-17,80.11599731445312,80.11599731445312,81.75399780273438,79.56999969482422,80.56999969482422,7628000
2022-11-18,79.8759994506836,79.8759994506836,82.0,78.85600280761719,81.58200073242188,6026500
2022-11-21,77.47599792480469,77.47599792480469,79.19400024414062,76.5,78.83999633789062,6676000
2022-11-22,80.05599975585938,80.05599975585938,80.38600158691406,76.80999755859375,77.89800262451172,6877500
2022-11-23,81.8740005493164,81.8740005493164,82.12000274658203,79.3499984741211,79.96800231933594,5204000
2022-11-25,81.44200134277344,81.44200134277344,81.9219970703125,80.7959976196289,81.33599853515625,2007000
2022-11-28,80.38600158691406,80.38600158691406,81.24400329589844,79.49600219726562,80.78800201416016,5231500
2022-11-29,79.37000274658203,79.37000274658203,80.43399810791016,78.93599700927734,80.17400360107422,5098000
2022-11-30,83.26000213623047,83.26000213623047,83.4540023803711,78.60199737548828,78.8219985961914,10441000
2022-12-01,85.12000274658203,85.12000274658203,86.28399658203125,82.94400024414062,83.23200225830078,8899000
2022-12-02,82.5739974975586,82.5739974975586,84.31999969482422,81.94599914550781,83.44599914550781,6224500
2022-12-05,78.4520034790039,78.4520034790039,81.9739990234375,77.03399658203125,81.19999694824219,8584000
2022-12-06,77.83000183105469,77.83000183105469,78.96399688720703,76.31199645996094,78.447998046875,7368000
2022-12-07,77.7040023803711,77.7040023803711,79.16000366210938,77.01000213623047,77.85399627685547,5061500
2022-12-08,79.24600219726562,79.24600219726562,79.60800170898438,77.04399871826172,78.41799926757812,5162000
2022-12-09,78.71600341796875,78.71600341796875,80.65399932861328,78.61000061035156,78.81400299072266,4192500
2022-12-12,80.3280029296875,80.3280029296875,81.41200256347656,78.94200134277344,79.11199951171875,7379500
2022-12-13,83.23400115966797,83.23400115966797,86.43399810791016,82.0199966430664,84.88600158691406,9725000
2022-12-14,83.6780014038086,83.6780014038086,85.84600067138672,82.30999755859375,83.302001953125,7478500
2022-12-15,80.12799835205078,80.12799835205078,82.77400207519531,79.94200134277344,81.6500015258789,5811000
2022-12-16,78.8740005493164,78.8740005493164,80.87200164794922,78.4280014038086,79.96600341796875,9362500
2022-12-19,76.45999908447266,76.45999908447266,79.5979995727539,76.2020034790039,78.86000061035156,6984000
2022-12-20,77.29399871826172,77.29399871826172,77.67400360107422,75.16400146484375,75.30000305175781,4774000
2022-12-21,78.38200378417969,78.38200378417969,79.0719985961914,76.2300033569336,77.4260025024414,4816000
2022-12-22,75.98799896240234,75.98799896240234,77.35399627685547,74.7300033569336,76.79399871826172,6415000
2022-12-23,76.37200164794922,76.37200164794922,76.37999725341797,74.29399871826172,75.0,4283000
2022-12-27,76.12799835205078,76.12799835205078,76.76599884033203,74.8219985961914,76.02999877929688,4144500
2022-12-28,75.20999908447266,75.20999908447266,77.1240005493164,74.5479965209961,76.08599853515625,3860500
2022-12-29,77.97000122070312,77.97000122070312,78.42400360107422,75.802001953125,76.19000244140625,4602500
2022-12-30,77.65399932861328,77.65399932861328,77.93399810791016,76.45800018310547,76.76000213623047,3496500
2023-01-03,77.0999984741211,77.0999984741211,79.7300033569336,76.12999725341797,79.01599884033203,5440000
2023-01-04,78.7699966430664,78.7699966430664,79.41200256347656,76.947998046875,78.19000244140625,7024500
2023-01-05,73.26399993896484,73.26399993896484,77.94000244140625,73.05000305175781,77.69000244140625,8950000
2023-01-06,73.30599975585938,73.30599975585938,74.31800079345703,70.7239990234375,74.31800079345703,13383500
2023-01-09,75.71199798583984,75.71199798583984,78.5979995727539,74.63800048828125,74.7760009765625,10439000
2023-01-10,76.16799926757812,76.16799926757812,76.75399780273438,74.8740005493164,74.8740005493164,5323000
2023-01-11,78.75599670410156,78.75599670410156,78.78399658203125,76.64199829101562,76.96399688720703,6292000
2023-01-12,82.6520004272461,82.6520004272461,84.16799926757812,79.16999816894531,81.96600341796875,11570000
2023-01-13,82.97799682617188,82.97799682617188,83.47000122070312,81.61199951171875,81.73400115966797,5590500
2023-01-17,83.64800262451172,83.64800262451172,83.88400268554688,81.58999633789062,83.0,6743500
2023-01-18,83.23999786376953,83.23999786376953,86.30000305175781,82.9280014038086,84.15799713134766,8633500
2023-01-19,85.68599700927734,85.68599700927734,86.85399627685547,83.05999755859375,83.2040023803711,13394500
2023-01-20,88.36599731445312,88.36599731445312,88.64800262451172,85.71600341796875,85.83999633789062,7613500
2023-01-23,88.48799896240234,88.48799896240234,90.15599822998047,87.35600280761719,88.19999694824219,9031500
2023-01-24,88.68199920654297,88.68199920654297,89.19200134277344,87.4000015258789,88.0,7077000
2023-01-25,89.75399780273438,89.75399780273438,89.85800170898438,85.45600128173828,85.74800109863281,17240500
2023-01-26,92.61399841308594,92.61399841308594,95.5459976196289,88.93199920654297,92.37200164794922,31754500
2023-01-27,91.77200317382812,91.77200317382812,93.4260025024414,90.33000183105469,91.49600219726562,11756500
2023-01-30,88.51399993896484,88.51399993896484,90.63600158691406,88.02400207519531,90.39800262451172,11596000
2023-01-31,91.0260009765625,91.0260009765625,91.0780029296875,88.46199798583984,88.90399932861328,10181000
2023-02-01,94.76200103759766,94.76200103759766,95.50199890136719,90.6520004272461,91.23799896240234,11307500
2023-02-02,98.25399780273438,98.25399780273438,98.92400360107422,95.89199829101562,96.95999908447266,11498500
2023-02-03,94.44400024414062,94.44400024414062,96.94000244140625,93.77999877929688,95.6259994506836,8753500
2023-02-06,91.04399871826172,91.04399871826172,93.03399658203125,90.55000305175781,91.10199737548828,12298500
2023-02-07,92.6520004272461,92.6520004272461,93.24800109863281,90.10199737548828,90.96600341796875,6713000
2023-02-08,92.7959976196289,92.7959976196289,94.44400024414062,92.19400024414062,92.91799926757812,7829500
2023-02-09,92.66000366210938,92.66000366210938,94.88600158691406,92.21199798583984,94.05000305175781,7613500
2023-02-10,91.6719970703125,91.6719970703125,92.197998046875,90.8740005493164,91.72200012207031,8278000
2023-02-13,92.20800018310547,92.20800018310547,92.76000213623047,90.40399932861328,91.85600280761719,5892000
2023-02-14,92.2699966430664,92.2699966430664,93.89600372314453,91.12000274658203,91.3280029296875,4889500
2023-02-15,92.78199768066406,92.78199768066406,92.9000015258789,91.30400085449219,91.7959976196289,5279500
2023-02-16,90.73799896240234,90.73799896240234,92.197998046875,89.85199737548828,90.0,5752500
2023-02-17,87.802001953125,87.802001953125,90.59400177001953,86.87799835205078,90.0,9820500
2023-02-21,86.37200164794922,86.37200164794922,87.41999816894531,85.70999908447266,86.36399841308594,5492500
2023-02-22,87.96800231933594,87.96800231933594,89.41400146484375,87.05799865722656,87.52999877929688,6185500
2023-02-23,88.34200286865234,88.34200286865234,88.55599975585938,86.75599670410156,88.08200073242188,4734000
2023-02-24,85.11799621582031,85.11799621582031,86.91600036621094,84.75199890136719,86.46399688720703,5430000
2023-02-27,85.71399688720703,85.71399688720703,87.52799987792969,85.53199768066406,86.24800109863281,7410500
2023-02-28,86.43399810791016,86.43399810791016,86.84400177001953,85.13200378417969,85.13200378417969,7343500
2023-03-01,85.78800201416016,85.78800201416016,87.08399963378906,85.20800018310547,86.38800048828125,4587500
2023-03-02,87.20800018310547,87.20800018310547,87.28399658203125,85.11599731445312,85.74199676513672,5783000
2023-03-03,88.7959976196289,88.7959976196289,89.07599639892578,87.82599639892578,87.96399688720703,4957500
2023-03-06,89.2040023803711,89.2040023803711,90.97799682617188,88.8740005493164,89.0999984741211,5470000
2023-03-07,88.96199798583984,88.96199798583984,90.90799713134766,88.75199890136719,89.12000274658203,6076000
2023-03-08,89.39399719238281,89.39399719238281,90.10399627685547,88.30000305175781,88.86599731445312,4088000
2023-03-09,85.69999694824219,85.69999694824219,90.16000366210938,85.61799621582031,88.84600067138672,7347000
2023-03-10,83.01599884033203,83.01599884033203,85.84600067138672,81.86199951171875,85.5999984741211,9421000
2023-03-13,82.98600006103516,82.98600006103516,85.18599700927734,81.0739974975586,82.58999633789062,8422500
2023-03-14,84.90799713134766,84.90799713134766,85.19599914550781,83.38600158691406,84.55999755859375,5682000
2023-03-15,84.4520034790039,84.4520034790039,84.53399658203125,82.95999908447266,83.74400329589844,5934000
2023-03-16,88.47799682617188,88.47799682617188,88.58000183105469,84.30000305175781,84.56800079345703,10371500
2023-03-17,88.19999694824219,88.19999694824219,88.73200225830078,86.91999816894531,88.7300033569336,14587000
2023-03-20,87.02999877929688,87.02999877929688,87.89800262451172,85.16999816894531,87.60800170898438,6895500
2023-03-21,89.09200286865234,89.09200286865234,89.5739974975586,87.22000122070312,87.22000122070312,6410000
2023-03-22,86.7020034790039,86.7020034790039,89.75199890136719,86.69400024414062,89.43599700927734,4657500
2023-03-23,88.09400177001953,88.09400177001953,90.39399719238281,87.53399658203125,88.09400177001953,5827500
2023-03-24,86.58000183105469,86.58000183105469,87.84400177001953,85.4219970703125,87.76599884033203,4613500
2023-03-27,86.26200103759766,86.26200103759766,87.5479965209961,86.0260009765625,86.69999694824219,4676000
2023-03-28,85.81600189208984,85.81600189208984,86.38200378417969,85.4020004272461,85.80400085449219,5445500
2023-03-29,87.68800354003906,87.68800354003906,87.7979965209961,86.25800323486328,86.70999908447266,6522500
2023-03-30,87.9260025024414,87.9260025024414,88.76799774169922,87.61599731445312,88.70800018310547,5393500
2023-03-31,92.94400024414062,92.94400024414062,93.08200073242188,88.3239974975586,88.62000274658203,12269500
2023-04-03,92.89800262451172,92.89800262451172,93.1780014038086,91.48200225830078,92.30599975585938,6793000
2023-04-04,95.20999908447266,95.20999908447266,96.46600341796875,94.47599792480469,95.08799743652344,11236000
2023-04-05,93.46600341796875,93.46600341796875,95.19999694824219,92.05799865722656,95.1500015258789,6729000
2023-04-06,94.6259994506836,94.6259994506836,94.7300033569336,91.49199676513672,92.79000091552734,8457500
2023-04-10,94.52799987792969,94.52799987792969,94.60600280761719,91.2760009765625,93.2300033569336,6213000
2023-04-11,93.96399688720703,93.96399688720703,94.77799987792969,92.86599731445312,93.2020034790039,4889500
2023-04-12,94.28600311279297,94.28600311279297,96.16600036621094,93.89600372314453,94.91799926757812,8112500
2023-04-13,96.69999694824219,96.69999694824219,97.11599731445312,94.58999633789062,95.06400299072266,8001000
2023-04-14,92.60600280761719,92.60600280761719,93.96399688720703,90.93800354003906,93.35600280761719,15376000
2023-04-17,94.11000061035156,94.11000061035156,94.33799743652344,92.71399688720703,93.00199890136719,5354000
2023-04-18,95.197998046875,95.197998046875,95.6259994506836,94.00199890136719,95.6259994506836,5905000
2023-04-19,95.11799621582031,95.11799621582031,95.66999816894531,94.63400268554688,95.0,5093000
2023-04-20,93.53800201416016,93.53800201416016,94.75599670410156,93.08000183105469,94.66400146484375,5193000
2023-04-21,94.66200256347656,94.66200256347656,94.83200073242188,93.02200317382812,94.03800201416016,5459500
2023-04-24,94.5999984741211,94.5999984741211,95.31999969482422,93.05000305175781,94.80000305175781,6116500
2023-04-25,88.45600128173828,88.45600128173828,93.6500015258789,88.39600372314453,93.3499984741211,10293000
2023-04-26,90.80599975585938,90.80599975585938,90.9000015258789,89.1760025024414,90.0,14455500
2023-04-27,90.86799621582031,90.86799621582031,91.7300033569336,85.53600311279297,88.0459976196289,24276500
2023-04-28,91.88400268554688,91.88400268554688,92.33599853515625,89.83999633789062,90.8479995727539,11800500
2023-05-01,90.08200073242188,90.08200073242188,91.26200103759766,89.86000061035156,91.26200103759766,7120500
2023-05-02,88.73600006103516,88.73600006103516,90.19999694824219,87.87799835205078,90.10600280761719,6421500
2023-05-03,87.41600036621094,87.41600036621094,89.37999725341797,87.29000091552734,88.70600128173828,5960000
2023-05-04,86.10199737548828,86.10199737548828,88.50800323486328,85.79399871826172,87.81199645996094,8294000
2023-05-05,86.95999908447266,86.95999908447266,87.93399810791016,86.30999755859375,86.5999984741211,6513000
2023-05-08,87.7979965209961,87.7979965209961,87.91400146484375,85.80999755859375,87.37999725341797,7233000
2023-05-09,88.27799987792969,88.27799987792969,89.16799926757812,87.01399993896484,87.44400024414062,5857500
2023-05-10,90.8280029296875,90.8280029296875,91.99800109863281,89.25,89.83599853515625,7688500
2023-05-11,90.51399993896484,90.51399993896484,91.09200286865234,89.48999786376953,90.7979965209961,10094000
2023-05-12,91.04000091552734,91.04000091552734,91.49400329589844,89.33000183105469,90.5999984741211,6106500
2023-05-15,92.62799835205078,92.62799835205078,92.93000030517578,90.447998046875,90.66000366210938,7506000
2023-05-16,93.64800262451172,93.64800262451172,95.5999984741211,92.35399627685547,92.58000183105469,8142500
2023-05-17,98.58399963378906,98.58399963378906,98.98799896240234,95.43199920654297,95.89800262451172,16088000
2023-05-18,102.03399658203125,102.03399658203125,102.52200317382812,99.16400146484375,100.0,14300500
2023-05-19,102.05999755859375,102.05999755859375,102.34600067138672,100.55000305175781,102.0,8511000
2023-05-22,102.27799987792969,102.27799987792969,103.41799926757812,101.23400115966797,101.31999969482422,6804500
2023-05-23,100.02799987792969,100.02799987792969,102.35600280761719,99.97000122070312,101.5,5620000
2023-05-24,100.51000213623047,100.51000213623047,101.25199890136719,98.82599639892578,99.34400177001953,5495000
2023-05-25,106.35600280761719,106.35600280761719,107.95999908447266,103.55999755859375,104.65799713134766,15816500
2023-05-26,107.49199676513672,107.49199676513672,109.91200256347656,106.36199951171875,106.9280014038086,10671500
2023-05-30,109.8239974975586,109.8239974975586,111.31600189208984,108.8740005493164,109.5999984741211,9686500
2023-05-31,108.95600128173828,108.95600128173828,109.6520004272461,106.75800323486328,107.86599731445312,11929000
2023-06-01,108.59200286865234,108.59200286865234,110.1240005493164,106.40399932861328,106.95999908447266,7398500
2023-06-02,109.63600158691406,109.63600158691406,110.88800048828125,108.25599670410156,109.19999694824219,6391000
2023-06-05,111.34200286865234,111.34200286865234,111.97200012207031,108.4739990234375,109.61599731445312,6581000
2023-06-06,111.16000366210938,111.16000366210938,112.72599792480469,111.03600311279297,111.30000305175781,6941000
2023-06-07,105.66400146484375,105.66400146484375,111.56400299072266,105.447998046875,111.11000061035156,12033000
2023-06-08,107.06800079345703,107.06800079345703,108.29000091552734,105.22200012207031,105.91799926757812,7291500
2023-06-09,106.80599975585938,106.80599975585938,109.0,106.30799865722656,107.64800262451172,6849000
2023-06-12,109.2699966430664,109.2699966430664,109.37999725341797,106.4260025024414,107.80400085449219,6478000
2023-06-13,110.94400024414062,110.94400024414062,111.91799926757812,109.85399627685547,111.19999694824219,6727000
2023-06-14,113.46199798583984,113.46199798583984,113.59600067138672,110.80000305175781,110.98999786376953,6418500
2023-06-15,114.8740005493164,114.8740005493164,115.33599853515625,112.4219970703125,112.61000061035156,6595500
2023-06-16,113.09600067138672,113.09600067138672,114.93000030517578,112.98999786376953,114.8740005493164,10442500
2023-06-20,111.89800262451172,111.89800262451172,113.9260025024414,111.08799743652344,111.66000366210938,5590500
2023-06-21,109.36000061035156,109.36000061035156,111.93000030517578,109.11799621582031,111.55799865722656,5645000
2023-06-22,109.9739990234375,109.9739990234375,110.0459976196289,107.802001953125,108.64399719238281,6190000
2023-06-23,108.5979995727539,108.5979995727539,110.3280029296875,107.3759994506836,108.24600219726562,6842500
2023-06-26,107.59400177001953,107.59400177001953,110.22599792480469,107.3280029296875,108.26599884033203,4832500
2023-06-27,107.99199676513672,107.99199676513672,109.01599884033203,107.00199890136719,108.22799682617188,4270500
2023-06-28,109.73400115966797,109.73400115966797,109.83599853515625,107.45999908447266,107.78600311279297,4805000
2023-06-29,109.61599731445312,109.61599731445312,110.14800262451172,108.53600311279297,109.99400329589844,3551000
2023-06-30,112.39399719238281,112.39399719238281,113.32599639892578,110.80599975585938,111.15799713134766,6629500
2023-07-03,112.5739974975586,112.5739974975586,112.91200256347656,111.18800354003906,112.16999816894531,2367000
2023-07-05,113.1520004272461,113.1520004272461,113.44599914550781,111.23200225830078,111.27999877929688,5581000
2023-07-06,111.16600036621094,111.16600036621094,112.10600280761719,109.68599700927734,111.4000015258789,5089500
2023-07-07,110.59600067138672,110.59600067138672,112.66000366210938,110.55599975585938,111.05599975585938,4280000
2023-07-10,113.12000274658203,113.12000274658203,113.16999816894531,110.5999984741211,110.5999984741211,5885500
2023-07-11,112.28800201416016,112.28800201416016,114.25399780273438,111.50800323486328,113.44200134277344,5671500
2023-07-12,112.26799774169922,112.26799774169922,114.1719970703125,111.447998046875,114.1719970703125,5840500
2023-07-13,115.48999786376953,115.48999786376953,115.88800048828125,113.0,113.3239974975586,6570500
2023-07-14,116.07599639892578,116.07599639892578,116.85199737548828,115.19999694824219,115.4000015258789,4582500
2023-07-17,118.47599792480469,118.47599792480469,118.99800109863281,116.4000015258789,116.53399658203125,5216000
2023-07-18,119.4260025024414,119.4260025024414,120.4000015258789,116.78399658203125,117.96199798583984,6320000
2023-07-19,120.6500015258789,120.6500015258789,122.87200164794922,119.90799713134766,122.18000030517578,8686000
2023-07-20,115.7760009765625,115.7760009765625,120.1760025024414,115.15599822998047,119.52400207519531,7756000
2023-07-21,116.40399932861328,116.40399932861328,118.60199737548828,116.19999694824219,118.12999725341797,4050000
2023-07-24,115.60800170898438,115.60800170898438,117.44400024414062,115.20999908447266,117.30000305175781,4876500
2023-07-25,116.47599792480469,116.47599792480469,117.52799987792969,115.80000305175781,115.80000305175781,5395500
2023-07-26,115.4540023803711,115.4540023803711,117.01799774169922,114.24199676513672,114.78399658203125,9125500
2023-07-27,111.97799682617188,111.97799682617188,120.13200378417969,111.34200286865234,119.5999984741211,15372000
2023-07-28,113.90799713134766,113.90799713134766,113.93599700927734,111.8740005493164,113.50800323486328,10209500
2023-07-31,116.5999984741211,116.5999984741211,116.7300033569336,114.5999984741211,114.76399993896484,8349000
2023-08-01,118.0780029296875,118.0780029296875,118.30000305175781,115.04199981689453,115.64800262451172,5513000
2023-08-02,112.63400268554688,112.63400268554688,116.5719985961914,112.20999908447266,115.97799682617188,8727500
2023-08-03,112.08000183105469,112.08000183105469,112.50199890136719,111.19999694824219,111.59400177001953,4318500
2023-08-04,110.32599639892578,110.32599639892578,112.99600219726562,110.00199890136719,112.87999725341797,8170500
2023-08-07,110.97799682617188,110.97799682617188,111.38200378417969,109.81199645996094,111.0719985961914,6136000
2023-08-08,110.56600189208984,110.56600189208984,110.75199890136719,108.3499984741211,109.39800262451172,5425500
2023-08-09,110.06600189208984,110.06600189208984,111.0,109.0199966430664,110.30400085449219,4696000
2023-08-10,111.0,111.0,113.21399688720703,110.02799987792969,111.56600189208984,5647500
2023-08-11,111.48799896240234,111.48799896240234,111.71399688720703,110.00199890136719,110.15399932861328,4008500
2023-08-14,113.24199676513672,113.24199676513672,113.3499984741211,110.1520004272461,110.38600158691406,3854500
2023-08-15,111.91999816894531,111.91999816894531,114.7959976196289,111.69400024414062,113.49800109863281,4153500
2023-08-16,109.9000015258789,109.9000015258789,112.19599914550781,109.65399932861328,111.4000015258789,4946000
2023-08-17,108.72799682617188,108.72799682617188,110.41000366210938,108.14199829101562,110.08999633789062,4951500
2023-08-18,108.30000305175781,108.30000305175781,108.68000030517578,106.50800323486328,106.79199981689453,4189000
2023-08-21,110.94000244140625,110.94000244140625,111.06199645996094,108.51000213623047,108.5719985961914,4237500
2023-08-22,112.36399841308594,112.36399841308594,112.8499984741211,111.26000213623047,111.92400360107422,4448500
2023-08-23,113.5999984741211,113.5999984741211,115.39399719238281,112.4000015258789,112.89399719238281,5690000
2023-08-24,109.90799713134766,109.90799713134766,115.17400360107422,109.89399719238281,114.91999816894531,4557000
2023-08-25,112.7300033569336,112.7300033569336,113.41400146484375,110.27999877929688,110.88800048828125,3402000
2023-08-28,113.66200256347656,113.66200256347656,114.4000015258789,112.46800231933594,113.3239974975586,2940500
2023-08-29,115.77400207519531,115.77400207519531,116.18000030517578,112.5999984741211,113.03199768066406,3921000
2023-08-30,117.64800262451172,117.64800262451172,117.73999786376953,115.31199645996094,115.68399810791016,4278000
2023-08-31,117.76599884033203,117.76599884033203,119.29199981689453,116.9020004272461,118.0,6656500
2023-09-01,118.1760025024414,118.1760025024414,119.3239974975586,117.5,118.7020034790039,3633500
2023-09-05,119.43199920654297,119.43199920654297,119.9260025024414,116.9000015258789,118.1760025024414,3591500
2023-09-06,119.7020034790039,119.7020034790039,119.8759994506836,118.3219985961914,118.62799835205078,3345000
2023-09-07,119.86399841308594,119.86399841308594,120.29399871826172,117.87200164794922,118.25399780273438,5200000
2023-09-08,120.01399993896484,120.01399993896484,120.91600036621094,119.41999816894531,120.0,3640500
2023-09-11,121.18800354003906,121.18800354003906,121.58000183105469,120.15799713134766,120.69999694824219,4802000
2023-09-12,117.76799774169922,117.76799774169922,120.7020034790039,117.73799896240234,119.5999984741211,4647000
2023-09-13,118.2760009765625,118.2760009765625,118.56800079345703,116.70999908447266,117.20999908447266,3193500
2023-09-14,118.02200317382812,118.02200317382812,118.99600219726562,117.08399963378906,118.69000244140625,3340500
2023-09-15,115.91600036621094,115.91600036621094,117.86000061035156,115.30000305175781,117.71600341796875,8552000
2023-09-18,115.7020034790039,115.7020034790039,116.87999725341797,115.33399963378906,115.447998046875,3305000
2023-09-19,114.46600341796875,114.46600341796875,115.87000274658203,113.30999755859375,115.87000274658203,4148500
2023-09-20,114.11000061035156,114.11000061035156,116.68800354003906,113.9540023803711,115.0,3884000
2023-09-21,109.90599822998047,109.90599822998047,112.9800033569336,109.80400085449219,112.6240005493164,5350500
2023-09-22,110.81800079345703,110.81800079345703,111.78399658203125,110.12200164794922,110.35600280761719,5535500
2023-09-25,111.89600372314453,111.89600372314453,111.9280014038086,110.26000213623047,110.52400207519531,4007000
2023-09-26,108.9260025024414,108.9260025024414,110.94999694824219,107.72599792480469,110.71199798583984,7546000
2023-09-27,109.2760009765625,109.2760009765625,110.35600280761719,108.08000183105469,109.91200256347656,5081000
2023-09-28,110.7040023803711,110.7040023803711,111.2300033569336,105.5999984741211,106.802001953125,5790000
2023-09-29,111.79199981689453,111.79199981689453,113.23400115966797,111.7020034790039,112.17400360107422,6685000
2023-10-02,111.0459976196289,111.0459976196289,112.03399658203125,109.95800018310547,110.94999694824219,4970000
2023-10-03,108.24800109863281,108.24800109863281,111.2699966430664,107.38200378417969,110.4000015258789,6860000
2023-10-04,109.72799682617188,109.72799682617188,110.11399841308594,108.3280029296875,108.91600036621094,3525000
2023-10-05,109.43399810791016,109.43399810791016,109.7020034790039,107.20999908447266,108.96600341796875,3314500
2023-10-06,112.14399719238281,112.14399719238281,113.11599731445312,107.80400085449219,108.5780029296875,5907500
2023-10-09,112.88600158691406,112.88600158691406,113.12999725341797,110.69000244140625,110.97799682617188,4041000
2023-10-10,111.66000366210938,111.66000366210938,112.93599700927734,109.4000015258789,111.21199798583984,7040500
2023-10-11,111.73400115966797,111.73400115966797,113.04000091552734,110.3280029296875,112.0,4394000
2023-10-12,112.02999877929688,112.02999877929688,113.97799682617188,110.9000015258789,112.1520004272461,4123000
2023-10-13,109.93199920654297,109.93199920654297,112.75800323486328,109.81199645996094,111.75199890136719,3885000
2023-10-16,110.32599639892578,110.32599639892578,111.54000091552734,109.30000305175781,109.93199920654297,4157500
2023-10-17,113.69400024414062,113.69400024414062,114.8499984741211,109.76000213623047,109.93199920654297,6986500
2023-10-18,110.13600158691406,110.13600158691406,113.5999984741211,109.97200012207031,112.55999755859375,4361500
2023-10-19,111.99600219726562,111.99600219726562,113.68199920654297,111.32599639892578,111.68800354003906,5364500
2023-10-20,108.50199890136719,108.50199890136719,111.48400115966797,107.23400115966797,111.31999969482422,7092000
2023-10-23,108.2760009765625,108.2760009765625,109.06800079345703,106.10800170898438,107.4000015258789,4715000
2023-10-24,110.87799835205078,110.87799835205078,111.38800048828125,108.85199737548828,109.14199829101562,6635500
2023-10-25,106.03399658203125,106.03399658203125,110.41999816894531,105.447998046875,109.8740005493164,10044500
2023-10-26,110.19000244140625,110.19000244140625,115.80000305175781,109.77200317382812,112.0,17740000
2023-10-27,110.802001953125,110.802001953125,112.80000305175781,109.68800354003906,111.29199981689453,8779000
2023-10-30,113.70800018310547,113.70800018310547,114.43399810791016,111.61799621582031,111.91999816894531,7241000
2023-10-31,116.37000274658203,116.37000274658203,116.96800231933594,112.9800033569336,114.17400360107422,8077500
2023-11-01,118.69599914550781,118.69599914550781,119.01799774169922,116.08799743652344,116.19999694824219,8847000
2023-11-02,119.88600158691406,119.88600158691406,122.17400360107422,119.68000030517578,120.24199676513672,8792000
2023-11-03,121.35199737548828,121.35199737548828,122.35800170898438,118.49600219726562,120.11599731445312,7391000
2023-11-06,121.8499984741211,121.8499984741211,122.19599914550781,120.48999786376953,121.69999694824219,4424500
2023-11-07,122.78199768066406,122.78199768066406,125.17400360107422,122.07599639892578,122.07599639892578,8289500
2023-11-08,125.06600189208984,125.06600189208984,125.23799896240234,123.19999694824219,123.21600341796875,8511500
2023-11-09,123.9520034790039,123.9520034790039,126.49800109863281,123.86399841308594,125.0199966430664,6075500
2023-11-10,126.9520034790039,126.9520034790039,127.28600311279297,123.10800170898438,123.9520034790039,5118000
2023-11-13,127.68199920654297,127.68199920654297,127.9520034790039,126.44999694824219,126.75599670410156,4983500
2023-11-14,130.83399963378906,130.83399963378906,131.3679962158203,129.3000030517578,129.49600219726562,6756000
2023-11-15,130.17999267578125,130.17999267578125,131.98800659179688,129.79400634765625,130.8939971923828,6167500
2023-11-16,130.45599365234375,130.45599365234375,131.36000061035156,129.6060028076172,130.0,5238500
2023-11-17,130.8719940185547,130.8719940185547,130.93600463867188,129.6580047607422,130.38999938964844,3963000
2023-11-20,133.38400268554688,133.38400268554688,133.70799255371094,130.51800537109375,130.8000030517578,5397000
2023-11-21,133.67999267578125,133.67999267578125,134.1280059814453,132.302001953125,132.95199584960938,4631000
2023-11-22,133.9320068359375,133.9320068359375,135.6060028076172,133.45599365234375,134.53599548339844,4440500
2023-11-24,134.77999877929688,134.77999877929688,134.8939971923828,133.75999450683594,134.1060028076172,2250000
2023-11-27,134.11000061035156,134.11000061035156,135.52200317382812,133.91400146484375,134.39999389648438,5050000
2023-11-28,133.04800415039062,133.04800415039062,134.52000427246094,132.2779998779297,133.5260009765625,7603000
2023-11-29,135.78599548339844,135.78599548339844,136.45799255371094,134.1999969482422,134.1999969482422,7326500
2023-11-30,137.1479949951172,137.1479949951172,137.7779998779297,135.76400756835938,136.39999389648438,9164500
2023-12-01,138.1580047607422,138.1580047607422,138.95399475097656,136.656005859375,137.08999633789062,7266500
2023-12-04,137.5240020751953,137.5240020751953,138.79800415039062,136.14199829101562,136.8000030517578,5830500
2023-12-05,137.6439971923828,137.6439971923828,137.92799377441406,135.447998046875,135.88600158691406,4575000
2023-12-06,137.24600219726562,137.24600219726562,139.0780029296875,137.14599609375,138.0,4004500
2023-12-07,137.53599548339844,137.53599548339844,137.85000610351562,136.05999755859375,137.1199951171875,3256000
2023-12-08,139.8159942626953,139.8159942626953,140.2220001220703,137.71200561523438,137.88999938964844,5418500
2023-12-11,141.0240020751953,141.0240020751953,141.7740020751953,139.63999938964844,139.82200622558594,5293500
2023-12-12,143.29600524902344,143.29600524902344,143.57400512695312,140.89599609375,141.0240020751953,4517500
2023-12-13,143.1280059814453,143.1280059814453,144.13600158691406,142.00999450683594,143.39999389648438,6058500
2023-12-14,136.0780029296875,136.0780029296875,142.4199981689453,135.60000610351562,142.0,15116000
2023-12-15,139.6479949951172,139.6479949951172,139.96200561523438,134.8040008544922,135.052001953125,10913000
2023-12-18,140.74400329589844,140.74400329589844,141.86000061035156,139.18800354003906,140.4040069580078,5616500
2023-12-19,141.54200744628906,141.54200744628906,141.697998046875,140.0,141.13999938964844,4526500
2023-12-20,138.75999450683594,138.75999450683594,141.57200622558594,138.72000122070312,140.81399536132812,4705500
2023-12-21,140.15199279785156,140.15199279785156,140.7100067138672,138.19400024414062,140.14999389648438,3935500
2023-12-22,139.50999450683594,139.50999450683594,140.77000427246094,138.88400268554688,140.77000427246094,2465000
2023-12-26,140.24600219726562,140.24600219726562,140.91200256347656,139.74200439453125,140.03399658203125,2319500
2023-12-27,140.7519989013672,140.7519989013672,140.90199279785156,139.82000732421875,140.26199340820312,1948500
2023-12-28,140.49200439453125,140.49200439453125,141.50599670410156,140.26600646972656,141.3280029296875,2510500
2023-12-29,141.29800415039062,141.29800415039062,142.3179931640625,140.11199951171875,141.39999389648438,4628500
2024-01-02,137.50399780273438,137.50399780273438,139.8719940185547,135.08599853515625,139.41000366210938,5654500
2024-01-03,135.05999755859375,135.05999755859375,137.48800659179688,134.80599975585938,135.15199279785156,4415000
2024-01-04,134.37399291992188,134.37399291992188,135.83799743652344,134.24400329589844,134.95399475097656,4571500
2024-01-05,135.23199462890625,135.23199462890625,136.156005859375,134.42599487304688,134.42599487304688,3618000
2024-01-08,139.2519989013672,139.2519989013672,139.56399536132812,136.49200439453125,136.84800720214844,5991000
2024-01-09,139.73399353027344,139.73399353027344,140.24000549316406,138.1999969482422,138.77200317382812,4920500
2024-01-10,142.86000061035156,142.86000061035156,143.38400268554688,140.25,141.5,5059500
2024-01-11,145.29200744628906,145.29200744628906,146.86000061035156,143.6820068359375,144.51199340820312,6153500
2024-01-12,145.83599853515625,145.83599853515625,146.1999969482422,143.7519989013672,144.9600067138672,4164500
2024-01-16,145.51199340820312,145.51199340820312,146.8000030517578,145.0019989013672,146.0,4675500
2024-01-17,145.50799560546875,145.50799560546875,145.79800415039062,142.86199951171875,145.1999969482422,3369000
2024-01-18,149.19200134277344,149.19200134277344,149.49600219726562,147.093994140625,148.48399353027344,6491000
2024-01-19,149.82200622558594,149.82200622558594,150.6320037841797,148.96400451660156,150.08799743652344,6790000
2024-01-22,150.49000549316406,150.49000549316406,153.36199951171875,150.41200256347656,152.03799438476562,8125000
2024-01-23,150.6840057373047,150.6840057373047,150.87399291992188,148.61000061035156,150.42999267578125,5723000
2024-01-24,152.6840057373047,152.6840057373047,155.19200134277344,152.25399780273438,154.17999267578125,14085500
2024-01-25,153.33799743652344,153.33799743652344,156.7760009765625,151.45799255371094,156.0,15638000
2024-01-26,153.88800048828125,153.88800048828125,156.76600646972656,152.9040069580078,153.4199981689453,8999500
2024-01-29,157.447998046875,157.447998046875,157.61000061035156,153.8000030517578,153.86399841308594,6653000
2024-01-30,157.14599609375,157.14599609375,157.98399353027344,155.79200744628906,157.46600341796875,5406000
2024-01-31,153.0800018310547,153.0800018310547,155.5780029296875,151.50599670410156,155.5780029296875,6822000
2024-02-01,154.1999969482422,154.1999969482422,154.58599853515625,152.81199645996094,153.8179931640625,4431500
2024-02-02,156.25999450683594,156.25999450683594,157.39999389648438,154.4199981689453,154.79400634765625,4874000
2024-02-05,156.96800231933594,156.96800231933594,157.2899932861328,154.2239990234375,156.39999389648438,5402500
2024-02-06,155.49000549316406,155.49000549316406,157.82000732421875,153.17599487304688,157.7760009765625,5487500
2024-02-07,158.0780029296875,158.0780029296875,158.69400024414062,156.52000427246094,156.56199645996094,4558500
2024-02-08,159.8820037841797,159.8820037841797,160.05999755859375,158.16799926757812,158.39999389648438,4465000
2024-02-09,162.58799743652344,162.58799743652344,163.06399536132812,160.47000122070312,160.47000122070312,4547500
2024-02-12,157.47000122070312,157.47000122070312,163.0,156.57000732421875,162.82000732421875,6206000
2024-02-13,154.7519989013672,154.7519989013672,156.0959930419922,150.04600524902344,153.0,8929500
2024-02-14,158.39999389648438,158.39999389648438,158.45599365234375,155.25799560546875,157.0,3870500
2024-02-15,156.0,156.0,159.69000244140625,155.9739990234375,159.0,5283000
2024-02-16,153.0,153.0,155.89999389648438,152.9340057373047,154.85400390625,5708500
2024-02-20,150.5679931640625,150.5679931640625,151.8560028076172,147.54800415039062,150.61599731445312,7427500
2024-02-21,149.58799743652344,149.58799743652344,149.71600341796875,146.10400390625,147.3979949951172,4376000
2024-02-22,153.8419952392578,153.8419952392578,158.37399291992188,153.5260009765625,155.0,10731000
2024-02-23,154.19400024414062,154.19400024414062,156.99400329589844,153.3159942626953,155.07000732421875,6486000
2024-02-26,155.9320068359375,155.9320068359375,158.1179962158203,154.89999389648438,154.93800354003906,5604000
2024-02-27,153.42799377441406,153.42799377441406,156.79800415039062,151.39199829101562,156.45199584960938,7070000
2024-02-28,151.95799255371094,151.95799255371094,152.74600219726562,150.8000030517578,152.70199584960938,6333500
2024-02-29,154.26800537109375,154.26800537109375,154.66400146484375,152.5959930419922,153.41000366210938,7431000
2024-03-01,154.7259979248047,154.7259979248047,155.66000366210938,153.6739959716797,154.39999389648438,4563000
2024-03-04,155.21800231933594,155.21800231933594,155.5760040283203,152.947998046875,154.60000610351562,4933500
2024-03-05,148.02999877929688,148.02999877929688,153.44400024414062,146.02999877929688,153.24600219726562,9787500
2024-03-06,148.21200561523438,148.21200561523438,150.47799682617188,146.52999877929688,150.1020050048828,6735000
2024-03-07,153.61599731445312,153.61599731445312,153.78599548339844,147.0540008544922,149.69400024414062,7934500
2024-03-08,151.53599548339844,151.53599548339844,155.51400756835938,150.04600524902344,153.82000732421875,5134500
2024-03-11,151.34800720214844,151.34800720214844,151.83999633789062,148.89599609375,150.39999389648438,4560500
2024-03-12,157.91200256347656,157.91200256347656,158.60000610351562,152.5959930419922,152.86399841308594,7651500
2024-03-13,155.37600708007812,155.37600708007812,161.5540008544922,155.0,159.01199340820312,6127000
2024-03-14,155.8979949951172,155.8979949951172,158.0,154.62399291992188,157.62600708007812,4430500
2024-03-15,148.78199768066406,148.78199768066406,152.39999389648438,147.1999969482422,152.31199645996094,12695500
2024-03-18,151.16000366210938,151.16000366210938,151.93800354003906,149.62399291992188,150.0,4723500
2024-03-19,151.38800048828125,151.38800048828125,151.66400146484375,148.55999755859375,150.0,6121500
2024-03-20,153.51199340820312,153.51199340820312,153.63600158691406,151.00999450683594,152.12399291992188,3517500
2024-03-21,154.63600158691406,154.63600158691406,157.17599487304688,154.3159942626953,156.0,6312500
2024-03-22,154.8300018310547,154.8300018310547,155.97799682617188,153.86399841308594,154.947998046875,4425500
2024-03-25,154.92799377441406,154.92799377441406,155.1820068359375,151.8520050048828,153.61000061035156,3604000
2024-03-26,155.71400451660156,155.71400451660156,157.75999450683594,155.302001953125,155.79800415039062,4550500
2024-03-27,151.8000030517578,151.8000030517578,157.26600646972656,150.6999969482422,156.76600646972656,7007500
2024-03-28,152.47999572753906,152.47999572753906,153.7519989013672,151.14999389648438,151.92999267578125,5418500
2024-04-01,153.6739959716797,153.6739959716797,154.6179962158203,151.81399536132812,152.79800415039062,3582000
2024-04-02,151.39999389648438,151.39999389648438,151.9320068359375,149.64599609375,151.01800537109375,3845000
2024-04-03,151.83200073242188,151.83200073242188,152.94000244140625,150.3000030517578,150.5,2821000
2024-04-04,151.50999450683594,151.50999450683594,156.4499969482422,151.48399353027344,153.67999267578125,5110000
2024-04-05,156.6999969482422,156.6999969482422,158.37600708007812,151.68600463867188,151.68600463867188,6432000
2024-04-08,157.1199951171875,157.1199951171875,157.9980010986328,154.48199462890625,156.66799926757812,4996000
2024-04-09,156.44400024414062,156.44400024414062,159.08799743652344,154.30599975585938,158.6540069580078,3951000
2024-04-10,153.83799743652344,153.83799743652344,154.99000549316406,152.82000732421875,153.8000030517578,4304000
2024-04-11,154.26800537109375,154.26800537109375,155.1959991455078,152.27999877929688,154.0,3741500
2024-04-12,153.74200439453125,153.74200439453125,154.99200439453125,152.19000244140625,152.44000244140625,4799500
2024-04-15,147.16200256347656,147.16200256347656,154.3260040283203,147.0919952392578,153.8000030517578,5858000
2024-04-16,148.95599365234375,148.95599365234375,149.8000030517578,147.0679931640625,147.60000610351562,5429000
2024-04-17,147.2899932861328,147.2899932861328,149.79800415039062,146.99000549316406,149.3560028076172,3607500
2024-04-18,146.27200317382812,146.27200317382812,147.97799682617188,145.47000122070312,147.3800048828125,3943500
2024-04-19,142.78199768066406,142.78199768066406,145.20599365234375,141.70599365234375,145.0,7703000
2024-04-22,144.38999938964844,144.38999938964844,144.9980010986328,142.12399291992188,144.64999389648438,7321000
2024-04-23,148.19000244140625,148.19000244140625,148.73399353027344,145.44000244140625,145.44000244140625,5824500
2024-04-24,149.25799560546875,149.25799560546875,151.4499969482422,147.8260040283203,150.79400634765625,8528000
2024-04-25,143.25,143.25,143.406005859375,137.8000030517578,142.97799682617188,16932500
2024-04-26,144.7100067138672,144.7100067138672,146.94200134277344,143.97000122070312,144.7519989013672,7229500
2024-04-29,144.23199462890625,144.23199462890625,145.66000366210938,142.70399475097656,144.65199279785156,3546000
2024-04-30,138.66600036621094,138.66600036621094,143.49400329589844,138.43800354003906,143.3300018310547,9977500
2024-05-01,137.1219940185547,137.1219940185547,140.13999938964844,136.7779998779297,138.74200439453125,6665000
2024-05-02,139.1439971923828,139.1439971923828,139.21400451660156,137.0,138.60000610351562,5796000
2024-05-03,143.3300018310547,143.3300018310547,144.92999267578125,141.0,141.99600219726562,7185500
2024-05-06,145.31199645996094,145.31199645996094,145.3280029296875,143.6820068359375,143.9980010986328,5954500
2024-05-07,142.66600036621094,142.66600036621094,146.0,139.91000366210938,146.0,7762500
2024-05-08,144.20599365234375,144.20599365234375,144.38999938964844,142.95399475097656,143.27000427246094,5739500
2024-05-09,144.58799743652344,144.58799743652344,145.8000030517578,143.59800720214844,144.11599731445312,5251500
2024-05-10,145.95799255371094,145.95799255371094,146.7100067138672,145.0,145.0,4103500
2024-05-13,146.0240020751953,146.0240020751953,146.57000732421875,144.58999633789062,146.57000732421875,4350000
2024-05-14,144.32400512695312,144.32400512695312,147.39999389648438,143.5540008544922,146.0,5496000
2024-05-15,152.11399841308594,152.11399841308594,152.26199340820312,145.51199340820312,146.0,7530500
2024-05-16,151.6020050048828,151.6020050048828,153.82200622558594,151.48399353027344,152.69000244140625,5470500
2024-05-17,153.00999450683594,153.00999450683594,153.1959991455078,151.50799560546875,153.0,4439000
2024-05-20,154.83599853515625,154.83599853515625,154.96800231933594,152.447998046875,152.70599365234375,3674000
2024-05-21,155.41000366210938,155.41000366210938,155.58599853515625,152.78199768066406,155.0,3920500
2024-05-22,154.16600036621094,154.16600036621094,156.86599731445312,153.8939971923828,156.0,4228500
2024-05-23,151.6300048828125,151.6300048828125,156.33599853515625,151.20599365234375,156.33599853515625,4307500
2024-05-24,147.70199584960938,147.70199584960938,149.94400024414062,147.2740020751953,149.8719940185547,6783500
2024-05-28,145.77200317382812,145.77200317382812,147.79600524902344,143.66200256347656,147.7760009765625,7735000
2024-05-29,146.2239990234375,146.2239990234375,147.57200622558594,144.28799438476562,144.39999389648438,4388500
2024-05-30,128.6580047607422,128.6580047607422,138.51400756835938,128.03399658203125,138.197998046875,25471500
2024-05-31,131.38600158691406,131.38600158691406,131.50799560546875,127.5979995727539,130.35800170898438,21509000
2024-06-03,132.02200317382812,132.02200317382812,132.87399291992188,129.08999633789062,131.9600067138672,9538500
2024-06-04,134.39999389648438,134.39999389648438,134.9199981689453,131.20399475097656,131.72000122070312,12456000
2024-06-05,140.82200622558594,140.82200622558594,141.1439971923828,135.23800659179688,136.69000244140625,13989500
2024-06-06,140.6320037841797,140.6320037841797,142.4720001220703,139.9459991455078,141.24600219726562,7054500
2024-06-07,139.76199340820312,139.76199340820312,140.79800415039062,137.70199584960938,140.1020050048828,5612500
2024-06-10,141.8300018310547,141.8300018310547,142.1280059814453,138.71200561523438,139.46400451660156,4652000
2024-06-11,142.4080047607422,142.4080047607422,143.8000030517578,141.37399291992188,142.3459930419922,5305000
2024-06-12,144.3000030517578,144.3000030517578,145.89999389648438,144.16600036621094,144.45199584960938,6480500
2024-06-13,141.95199584960938,141.95199584960938,145.56399536132812,141.83399963378906,144.39999389648438,5596500
2024-06-14,145.71600341796875,145.71600341796875,146.10000610351562,143.1199951171875,143.1199951171875,4790000
2024-06-17,145.10000610351562,145.10000610351562,145.86599731445312,143.80999755859375,144.6840057373047,5374500
2024-06-18,146.03399658203125,146.03399658203125,146.9040069580078,144.1540069580078,144.57200622558594,5932000
2024-06-20,146.86199951171875,146.86199951171875,148.45199584960938,145.88400268554688,148.39999389648438,5920000
2024-06-21,149.86599731445312,149.86599731445312,150.10800170898438,146.7239990234375,147.98800659179688,8611500
2024-06-24,147.91799926757812,147.91799926757812,149.63600158691406,147.53799438476562,148.39999389648438,6070500
2024-06-25,150.96200561523438,150.96200561523438,151.28199768066406,148.4759979248047,149.0,5154000
2024-06-26,150.78199768066406,150.78199768066406,152.2740020751953,150.1580047607422,150.8000030517578,4930000
2024-06-27,154.8260040283203,154.8260040283203,156.0,151.33399963378906,151.64199829101562,5907000
2024-06-28,157.33399963378906,157.33399963378906,157.99400329589844,154.17599487304688,155.08599853515625,8609000
2024-07-01,157.79200744628906,157.79200744628906,158.0959930419922,154.156005859375,156.8000030517578,5606500
2024-07-02,158.82200622558594,158.82200622558594,158.8300018310547,156.32400512695312,156.99600219726562,4378000
2024-07-03,157.1840057373047,157.1840057373047,159.19000244140625,157.03799438476562,158.73399353027344,2887500
2024-07-05,161.29400634765625,161.29400634765625,161.3040008544922,157.1840057373047,157.6840057373047,5966000
2024-07-08,153.24000549316406,153.24000549316406,155.3300018310547,152.28799438476562,152.6999969482422,10606500
2024-07-09,148.802001953125,148.802001953125,152.00399780273438,147.40199279785156,150.19200134277344,12166500
2024-07-10,148.6300048828125,148.6300048828125,148.67599487304688,146.30999755859375,148.11199951171875,7494000
2024-07-11,149.8280029296875,149.8280029296875,151.3000030517578,148.26600646972656,149.1999969482422,6408000
2024-07-12,151.697998046875,151.697998046875,152.52000427246094,148.8000030517578,149.8000030517578,4547500
2024-07-15,153.57000732421875,153.57000732421875,155.29600524902344,151.85000610351562,153.38999938964844,4554500
2024-07-16,152.1580047607422,152.1580047607422,154.00799560546875,150.90199279785156,153.57000732421875,4983000
2024-07-17,147.21400451660156,147.21400451660156,149.2740020751953,146.0399932861328,148.0,7278500
2024-07-18,147.75399780273438,147.75399780273438,150.11599731445312,146.02000427246094,147.66799926757812,7589500
2024-07-19,150.24000549316406,150.24000549316406,151.17599487304688,147.60000610351562,148.93800354003906,5935000
2024-07-22,151.3000030517578,151.3000030517578,152.88800048828125,150.75399780273438,150.96200561523438,5258000
2024-07-23,153.10400390625,153.10400390625,155.19400024414062,152.1320037841797,152.69400024414062,5036500
2024-07-24,146.1739959716797,146.1739959716797,151.49600219726562,145.8459930419922,151.0,10473500
2024-07-25,165.75799560546875,165.75799560546875,170.0659942626953,156.60800170898438,157.86599731445312,32749000
2024-07-26,165.52200317382812,165.52200317382812,169.3719940185547,163.61399841308594,165.1699981689453,12050500
2024-07-29,159.81199645996094,159.81199645996094,166.10000610351562,159.7100067138672,165.8000030517578,9887500
2024-07-30,159.75999450683594,159.75999450683594,161.1479949951172,156.91799926757812,161.1479949951172,5955500
2024-07-31,162.8780059814453,162.8780059814453,164.29200744628906,161.0,163.23199462890625,6568500
2024-08-01,162.2760009765625,162.2760009765625,167.71800231933594,160.4239959716797,163.77200317382812,6691500
2024-08-02,158.1280059814453,158.1280059814453,158.62600708007812,153.0919952392578,158.1719970703125,7844500
2024-08-05,156.25399780273438,156.25399780273438,158.19000244140625,149.22000122070312,151.4080047607422,10098500
2024-08-06,158.58999633789062,158.58999633789062,162.85800170898438,156.25599670410156,157.39999389648438,7729000
2024-08-07,155.25599670410156,155.25599670410156,163.30799865722656,154.98599243164062,161.1280059814453,5312000
2024-08-08,159.22799682617188,159.22799682617188,160.5399932861328,157.35400390625,158.39999389648438,7245500
2024-08-09,162.21600341796875,162.21600341796875,163.20199584960938,159.22799682617188,159.22799682617188,3997500
2024-08-12,161.32400512695312,161.32400512695312,162.96600341796875,160.01400756835938,162.21600341796875,2698000
2024-08-13,163.75999450683594,163.75999450683594,164.57400512695312,162.1199951171875,162.39999389648438,3829000
2024-08-14,163.8040008544922,163.8040008544922,165.41000366210938,163.10000610351562,164.39999389648438,4164500
2024-08-15,166.4219970703125,166.4219970703125,167.0,164.73599243164062,165.0,5828000
2024-08-16,165.51199340820312,165.51199340820312,166.20799255371094,164.77000427246094,165.85000610351562,4177500
2024-08-19,166.5760040283203,166.5760040283203,166.74400329589844,164.23800659179688,165.1840057373047,3207500
2024-08-20,167.6439971923828,167.6439971923828,168.65199279785156,166.41600036621094,167.0,3923500
2024-08-21,167.83599853515625,167.83599853515625,168.08399963378906,166.0,166.70599365234375,3049500
2024-08-22,164.18600463867188,164.18600463867188,168.50999450683594,163.9040069580078,168.0,3532500
2024-08-23,165.6540069580078,165.6540069580078,166.89999389648438,163.0,166.0,3510500
2024-08-26,165.57200622558594,165.57200622558594,167.3520050048828,165.09800720214844,165.93600463867188,2681500
2024-08-27,166.34800720214844,166.34800720214844,167.14199829101562,164.63400268554688,164.63400268554688,2407500
2024-08-28,162.82200622558594,162.82200622558594,166.53599548339844,161.79200744628906,166.33799743652344,4323000
2024-08-29,166.25399780273438,166.25399780273438,169.8000030517578,164.4600067138672,164.4600067138672,6228000
2024-08-30,171.0,171.0,171.4499969482422,167.16799926757812,167.3520050048828,9605000
2024-09-03,167.1719970703125,167.1719970703125,172.77000427246094,166.1739959716797,171.27999877929688,6307500
2024-09-04,166.96600341796875,166.96600341796875,167.27999877929688,164.2480010986328,165.94400024414062,3544500
2024-09-05,167.0800018310547,167.0800018310547,168.07200622558594,165.00999450683594,165.3300018310547,3944500
2024-09-06,165.00799560546875,165.00799560546875,169.6840057373047,163.79600524902344,167.802001953125,5354000
2024-09-09,171.11599731445312,171.11599731445312,171.39999389648438,165.3939971923828,166.697998046875,5645500
2024-09-10,172.02999877929688,172.02999877929688,173.2899932861328,169.4980010986328,172.14199829101562,4419500
2024-09-11,175.19200134277344,175.19200134277344,175.5240020751953,168.3699951171875,171.6540069580078,5012000
2024-09-12,177.2259979248047,177.2259979248047,177.9040069580078,174.25599670410156,176.00599670410156,4708500
2024-09-13,175.7899932861328,175.7899932861328,176.89999389648438,174.5760040283203,176.35400390625,4564500
2024-09-16,178.49200439453125,178.49200439453125,179.59800720214844,175.9459991455078,177.0,5411500
2024-09-17,177.16600036621094,177.16600036621094,179.9219970703125,176.55999755859375,178.1300048828125,5169500
2024-09-18,178.0780029296875,178.0780029296875,179.94200134277344,176.4600067138672,177.552001953125,4906000
2024-09-19,183.85000610351562,183.85000610351562,184.3939971923828,180.57200622558594,181.60000610351562,7421500
2024-09-20,187.4720001220703,187.4720001220703,188.0240020751953,183.46200561523438,184.08399963378906,18046000
2024-09-23,185.11000061035156,185.11000061035156,189.0919952392578,184.58399963378906,187.37600708007812,6065000
2024-09-24,184.72000122070312,184.72000122070312,185.38400268554688,181.4980010986328,185.11000061035156,5006500
2024-09-25,178.00599670410156,178.00599670410156,180.1999969482422,177.302001953125,179.69400024414062,11444000
2024-09-26,176.9720001220703,176.9720001220703,178.843994140625,174.28599548339844,178.72999572753906,7997500
2024-09-27,176.35800170898438,176.35800170898438,177.23800659179688,175.2740020751953,176.80799865722656,4533000
2024-09-30,178.8780059814453,178.8780059814453,178.9600067138672,175.24400329589844,175.8520050048828,4217500
2024-10-01,173.43600463867188,173.43600463867188,179.71800231933594,173.3260040283203,179.71800231933594,6565500
2024-10-02,176.08200073242188,176.08200073242188,176.91799926757812,172.6479949951172,173.8000030517578,4666000
2024-10-03,178.1280059814453,178.1280059814453,178.44200134277344,175.4239959716797,175.60000610351562,5969000
2024-10-04,183.53599548339844,183.53599548339844,183.6580047607422,179.2779998779297,179.95799255371094,5916000
2024-10-07,181.18800354003906,181.18800354003906,184.50999450683594,179.98599243164062,183.82400512695312,5618000
2024-10-08,184.39999389648438,184.39999389648438,188.60000610351562,183.85400390625,185.19400024414062,5904000
2024-10-09,187.72999572753906,187.72999572753906,188.67999267578125,183.19200134277344,184.39199829101562,5661500
2024-10-10,188.92599487304688,188.92599487304688,189.8000030517578,186.58599853515625,186.64199829101562,5552500
2024-10-11,187.71800231933594,187.71800231933594,189.35400390625,187.41799926757812,188.56399536132812,4270500
2024-10-14,188.93800354003906,188.93800354003906,189.91799926757812,187.1820068359375,189.47799682617188,2837000
2024-10-15,185.5919952392578,185.5919952392578,189.4499969482422,185.33399963378906,189.05599975585938,5408000
2024-10-16,183.7740020751953,183.7740020751953,185.39999389648438,182.406005859375,184.99200439453125,5056000
2024-10-17,183.4239959716797,183.4239959716797,186.6199951171875,183.02200317382812,186.55599975585938,3577500
2024-10-18,184.35000610351562,184.35000610351562,185.6320037841797,183.4239959716797,184.1999969482422,7113000
2024-10-21,183.66799926757812,183.66799926757812,183.7259979248047,179.95399475097656,180.39999389648438,7086000
2024-10-22,183.58999633789062,183.58999633789062,184.8800048828125,182.8719940185547,183.29800415039062,5721500
2024-10-23,181.53599548339844,181.53599548339844,184.02200317382812,180.2740020751953,183.29400634765625,9249500
2024-10-24,191.3159942626953,191.3159942626953,195.95599365234375,188.08200073242188,189.67799377441406,17005000
2024-10-25,190.1699981689453,190.1699981689453,192.98800659179688,189.4340057373047,191.45199584960938,7474000
2024-10-28,189.0,189.0,192.0,189.0,191.802001953125,6192500
2024-10-29,190.61599731445312,190.61599731445312,191.56399536132812,187.88600158691406,190.0,8205500
2024-10-30,190.0,190.0,192.6999969482422,189.89599609375,190.20599365234375,4754000
2024-10-31,186.59800720214844,186.59800720214844,190.8719940185547,185.6699981689453,188.16000366210938,6666500
2024-11-01,188.6820068359375,188.6820068359375,190.23199462890625,186.11000061035156,187.4720001220703,4926500
2024-11-04,190.91799926757812,190.91799926757812,192.07400512695312,188.32000732421875,188.80599975585938,4742000
2024-11-05,194.20799255371094,194.20799255371094,194.77200317382812,191.66600036621094,192.29200744628906,4135000
2024-11-06,198.89599609375,198.89599609375,199.406005859375,196.4199981689453,198.8000030517578,6233000
2024-11-07,203.05599975585938,203.05599975585938,204.88800048828125,199.0,199.36000061035156,6304000
2024-11-08,201.61599731445312,201.61599731445312,203.99200439453125,201.00399780273438,202.18800354003906,5475000
2024-11-11,207.20199584960938,207.20199584960938,207.60000610351562,202.60000610351562,202.60000610351562,6535500
2024-11-12,209.6580047607422,209.6580047607422,210.65199279785156,205.4239959716797,206.156005859375,6458500
2024-11-13,209.11000061035156,209.11000061035156,212.33200073242188,208.6999969482422,209.6580047607422,6568500
2024-11-14,207.9600067138672,207.9600067138672,210.8000030517578,206.39999389648438,209.8000030517578,5788500
2024-11-15,202.2779998779297,202.2779998779297,205.94400024414062,200.6020050048828,204.79400634765625,7492500
2024-11-18,201.0679931640625,201.0679931640625,204.23599243164062,200.75,203.30799865722656,8753500
2024-11-19,204.4199981689453,204.4199981689453,205.16600036621094,198.6840057373047,199.53399658203125,9151000
2024-11-20,204.5959930419922,204.5959930419922,206.33799743652344,201.26199340820312,205.60000610351562,5709500
2024-11-21,209.41000366210938,209.41000366210938,210.65199279785156,206.197998046875,206.7259979248047,5556500
2024-11-22,212.1199951171875,212.1199951171875,212.91799926757812,210.0,210.1999969482422,7184500
2024-11-25,210.54200744628906,210.54200744628906,213.7760009765625,209.8300018310547,212.9199981689453,9651000
2024-11-26,214.01400756835938,214.01400756835938,214.5679931640625,210.89599609375,212.0,3722000
2024-11-27,208.27999877929688,208.27999877929688,213.0399932861328,207.6820068359375,212.73800659179688,4884500
2024-11-29,209.88800048828125,209.88800048828125,210.39999389648438,207.6739959716797,208.47000122070312,2915500
2024-12-02,209.68600463867188,209.68600463867188,211.06399536132812,209.09800720214844,209.67999267578125,5283000
2024-12-03,211.46400451660156,211.46400451660156,211.52999877929688,207.3820037841797,208.01800537109375,6421000
2024-12-04,224.62600708007812,224.62600708007812,225.3260040283203,216.0,216.73399353027344,10315000
2024-12-05,224.74400329589844,224.74400329589844,226.1199951171875,222.6219940185547,223.02000427246094,5377500
2024-12-06,224.8679962158203,224.8679962158203,227.39999389648438,224.0,227.12399291992188,4522000
2024-12-09,224.0959930419922,224.0959930419922,226.8040008544922,221.14199829101562,224.83999633789062,6117000
2024-12-10,225.5679931640625,225.5679931640625,229.4739990234375,222.8040008544922,222.8040008544922,7996000
2024-12-11,229.43600463867188,229.43600463867188,231.5800018310547,227.20799255371094,227.20799255371094,6224000
2024-12-12,229.6840057373047,229.6840057373047,230.93600463867188,227.39999389648438,228.18800354003906,3437000
2024-12-13,224.22000122070312,224.22000122070312,228.3520050048828,222.9199981689453,226.0,6735500
2024-12-16,225.98599243164062,225.98599243164062,226.906005859375,222.0,223.55999755859375,5932500
2024-12-17,222.94400024414062,222.94400024414062,226.46800231933594,222.13400268554688,226.0,6115500
2024-12-18,212.197998046875,212.197998046875,223.77200317382812,211.3979949951172,223.4980010986328,7942500
2024-12-19,214.9739990234375,214.9739990234375,216.16400146484375,212.50399780273438,214.04800415039062,9859000
2024-12-20,218.25,218.25,220.57400512695312,211.0,212.0,10130000
2024-12-23,217.65199279785156,217.65199279785156,218.39999389648438,214.75399780273438,217.1999969482422,3933500
2024-12-24,221.11199951171875,221.11199951171875,221.30999755859375,218.0,219.41600036621094,2093500
2024-12-26,219.82200622558594,219.82200622558594,221.21600341796875,218.72000122070312,220.0,2181500
2024-12-27,216.29200744628906,216.29200744628906,218.91400146484375,212.39999389648438,218.39999389648438,5082500
2024-12-30,213.5399932861328,213.5399932861328,214.71600341796875,211.04600524902344,213.19400024414062,3600000
2024-12-31,212.0240020751953,212.0240020751953,214.6999969482422,210.58599853515625,214.6999969482422,4204500
2025-01-02,210.8679962158203,210.8679962158203,214.74200439453125,208.1999969482422,214.70399475097656,5123000
2025-01-03,214.75399780273438,214.75399780273438,214.8280029296875,211.343994140625,211.86000061035156,4491500
2025-01-06,215.41000366210938,215.41000366210938,216.91000366210938,213.71800231933594,216.79400634765625,4254500
2025-01-07,210.8300018310547,210.8300018310547,217.0,208.8939971923828,214.82000732421875,5667000
2025-01-08,209.8159942626953,209.8159942626953,212.60000610351562,208.4600067138672,212.37600708007812,7108500
2025-01-10,204.91400146484375,204.91400146484375,208.30599975585938,203.35000610351562,207.8260040283203,7886500
2025-01-13,203.1479949951172,203.1479949951172,204.02999877929688,199.8260040283203,202.2259979248047,8563000
2025-01-14,206.25799560546875,206.25799560546875,207.41200256347656,204.1179962158203,206.8800048828125,6361500
2025-01-15,210.8260040283203,210.8260040283203,211.91200256347656,208.1959991455078,210.66200256347656,6437500
2025-01-16,211.4320068359375,211.4320068359375,212.9499969482422,210.51600646972656,211.70799255371094,3164500
2025-01-17,214.29600524902344,214.29600524902344,216.0,212.39999389648438,214.51600646972656,5409500
2025-01-21,219.3699951171875,219.3699951171875,220.9739990234375,217.24400329589844,217.74400329589844,7197000
2025-01-22,225.03399658203125,225.03399658203125,226.13999938964844,222.1719970703125,223.0,8184000
2025-01-23,226.83999633789062,226.83999633789062,226.83999633789062,222.9499969482422,223.52999877929688,5369500
2025-01-24,224.99600219726562,224.99600219726562,229.0,223.76199340820312,228.2239990234375,4588500
2025-01-27,228.12399291992188,228.12399291992188,233.1959991455078,222.1999969482422,223.48399353027344,11206500
2025-01-28,234.0780029296875,234.0780029296875,239.6179962158203,226.3939971923828,230.0,12188500
2025-01-29,228.7259979248047,228.7259979248047,234.0780029296875,227.0399932861328,232.1820068359375,13097000
2025-01-30,202.5500030517578,202.5500030517578,206.1999969482422,198.0,205.4239959716797,31037500
2025-01-31,203.67599487304688,203.67599487304688,207.14999389648438,202.28399658203125,206.40199279785156,14333500
2025-02-03,204.18800354003906,204.18800354003906,206.197998046875,199.61000061035156,201.3000030517578,10080000
2025-02-04,202.0260009765625,202.0260009765625,208.69000244140625,199.66600036621094,207.98199462890625,9594000
2025-02-05,205.41200256347656,205.41200256347656,205.77000427246094,202.41600036621094,203.07200622558594,6696000
2025-02-06,204.66000366210938,204.66000366210938,207.05599975585938,203.6580047607422,204.58399963378906,6308500
2025-02-07,201.6580047607422,201.6580047607422,208.47000122070312,200.79200744628906,205.0,6936000
2025-02-10,204.36199951171875,204.36199951171875,206.6199951171875,202.25,203.50999450683594,5874500
2025-02-11,201.80999755859375,201.80999755859375,204.2740020751953,200.78799438476562,203.0,5080000
2025-02-12,196.47999572753906,196.47999572753906,199.6840057373047,196.0,199.25,8388000
2025-02-13,197.89599609375,197.89599609375,198.39999389648438,194.0959930419922,196.47999572753906,7817000
2025-02-14,197.3260040283203,197.3260040283203,197.8000030517578,193.32000732421875,195.82000732421875,7517000
2025-02-18,199.49600219726562,199.49600219726562,199.50799560546875,194.8000030517578,197.60000610351562,8363500
2025-02-19,197.42799377441406,197.42799377441406,200.57000732421875,195.13400268554688,199.46400451660156,8686000
2025-02-20,193.5959930419922,193.5959930419922,196.11599731445312,191.7740020751953,196.01600646972656,6756000
2025-02-21,187.6820068359375,187.6820068359375,193.39999389648438,186.6020050048828,192.94000244140625,10021000
2025-02-24,185.51600646972656,185.51600646972656,188.89999389648438,182.70599365234375,188.80799865722656,8464000
2025-02-25,184.45799255371094,184.45799255371094,185.3280029296875,179.64199829101562,184.74400329589844,10721500
2025-02-26,188.39199829101562,188.39199829101562,190.52000427246094,185.1999969482422,185.86000061035156,10012500
2025-02-27,184.19200134277344,184.19200134277344,190.6699981689453,183.92799377441406,189.6320037841797,7275500
2025-02-28,185.95199584960938,185.95199584960938,185.99600219726562,181.49000549316406,184.19400024414062,7839500
2025-03-03,182.06199645996094,182.06199645996094,187.8000030517578,180.53599548339844,187.20199584960938,7729500
2025-03-04,181.21800231933594,181.21800231933594,183.46800231933594,175.38800048828125,180.0,12295500
2025-03-05,183.1580047607422,183.1580047607422,184.8000030517578,179.67599487304688,181.0,7701500
2025-03-06,173.41799926757812,173.41799926757812,181.5800018310547,171.64999389648438,178.0,10821000
2025-03-07,170.12600708007812,170.12600708007812,174.0,166.54400634765625,171.3000030517578,12640500
2025-03-10,156.76600646972656,156.76600646972656,166.39999389648438,155.58200073242188,164.67999267578125,19492500
2025-03-11,161.67999267578125,161.67999267578125,165.5959930419922,158.8000030517578,160.0,14995500
2025-03-12,168.6280059814453,168.6280059814453,169.85000610351562,164.68600463867188,166.95799255371094,13709000
2025-03-13,162.32400512695312,162.32400512695312,167.0,161.1959991455078,166.0,9818000
2025-03-14,168.86599731445312,168.86599731445312,169.81199645996094,164.552001953125,164.552001953125,9266000
2025-03-17,168.58599853515625,168.58599853515625,171.13600158691406,167.0,167.8000030517578,8284000
2025-03-18,166.0,166.0,167.49400329589844,164.07000732421875,167.48599243164062,8840000
2025-03-19,168.82400512695312,168.82400512695312,170.8000030517578,166.00399780273438,167.14599609375,7809000
2025-03-20,164.82400512695312,164.82400512695312,165.65199279785156,161.83599853515625,165.447998046875,12965000
2025-03-21,165.5500030517578,165.5500030517578,165.77999877929688,161.75999450683594,163.22799682617188,14536500
2025-03-24,169.9459991455078,169.9459991455078,170.6959991455078,168.24400329589844,169.1999969482422,7997500
2025-03-25,172.2760009765625,172.2760009765625,174.197998046875,171.0,171.64599609375,8216000
2025-03-26,167.7100067138672,167.7100067138672,172.1020050048828,166.80599975585938,171.26800537109375,6743000
2025-03-27,165.54800415039062,165.54800415039062,167.99000549316406,164.4340057373047,167.00799560546875,7400000
2025-03-28,159.552001953125,159.552001953125,164.20199584960938,157.906005859375,164.0,8792500
2025-03-31,159.22799682617188,159.22799682617188,159.8000030517578,151.5679931640625,156.3040008544922,14921000
2025-04-01,162.31199645996094,162.31199645996094,162.5919952392578,158.54600524902344,159.6439971923828,7715000
2025-04-02,164.80599975585938,164.80599975585938,165.4320068359375,158.93600463867188,158.93600463867188,8132000
2025-04-03,154.81399536132812,154.81399536132812,157.61199951171875,151.4499969482422,156.5500030517578,10439000
2025-04-04,144.3300018310547,144.3300018310547,151.75399780273438,143.69000244140625,151.26800537109375,14502000
2025-04-07,147.10000610351562,147.10000610351562,151.72999572753906,135.73199462890625,137.60000610351562,14391000
2025-04-08,145.52000427246094,145.52000427246094,155.17599487304688,142.63800048828125,153.6020050048828,10616000
2025-04-09,165.19000244140625,165.19000244140625,166.3280029296875,144.63999938964844,145.0,15460000
2025-04-10,156.697998046875,156.697998046875,161.9980010986328,152.21600341796875,161.41799926757812,10232000
2025-04-11,157.13400268554688,157.13400268554688,157.37600708007812,151.0,154.26199340820312,10515000
2025-04-14,159.96400451660156,159.96400451660156,162.42599487304688,157.36000061035156,160.44400024414062,8585000
2025-04-15,163.3000030517578,163.3000030517578,164.97999572753906,159.8419952392578,160.19200134277344,8676000
2025-04-16,159.33200073242188,159.33200073242188,164.23399353027344,158.1479949951172,160.9219970703125,9347500
2025-04-17,154.4320068359375,154.4320068359375,160.01199340820312,153.8040008544922,160.01199340820312,9019500
2025-04-21,151.197998046875,151.197998046875,153.11000061035156,148.48199462890625,151.8719940185547,8343500
2025-04-22,153.36599731445312,153.36599731445312,155.3260040283203,150.48800659179688,152.55999755859375,7914000
2025-04-23,162.5399932861328,162.5399932861328,166.79200744628906,161.39999389648438,164.20799255371094,15096000
2025-04-24,187.71400451660156,187.71400451660156,188.79600524902344,179.66600036621094,180.06199645996094,30415500
2025-04-25,189.052001953125,189.052001953125,192.0,185.83399963378906,188.8000030517578,14439000
2025-04-28,187.48199462890625,187.48199462890625,192.20599365234375,185.42599487304688,191.97000122070312,10262000
2025-04-29,188.57200622558594,188.57200622558594,189.4459991455078,186.11000061035156,188.0,6226500
2025-04-30,191.0019989013672,191.0019989013672,191.53199768066406,184.0800018310547,186.11199951171875,9739500
2025-05-01,191.58999633789062,191.58999633789062,195.7239990234375,191.50399780273438,194.77200317382812,9038500
2025-05-02,195.4720001220703,195.4720001220703,197.10000610351562,193.81199645996094,195.78399658203125,8347000
2025-05-05,195.61000061035156,195.61000061035156,198.39999389648438,194.26800537109375,194.60000610351562,6371000
2025-05-06,193.052001953125,193.052001953125,195.73599243164062,192.83799743652344,193.80799865722656,6402500
2025-05-07,196.6580047607422,196.6580047607422,197.46200561523438,193.45799255371094,194.24400329589844,8648500
2025-05-08,194.8979949951172,194.8979949951172,198.39999389648438,194.56199645996094,197.0,7344000
2025-05-09,196.01199340820312,196.01199340820312,197.3560028076172,194.32400512695312,196.0,4600500
2025-05-12,203.1199951171875,203.1199951171875,203.39999389648438,199.13400268554688,201.70399475097656,7160500
2025-05-13,207.343994140625,207.343994140625,207.99600219726562,203.39999389648438,204.60000610351562,7415500
2025-05-14,205.36399841308594,205.36399841308594,209.1999969482422,205.3300018310547,207.39999389648438,7073000
2025-05-15,207.03599548339844,207.03599548339844,208.1300048828125,204.39199829101562,206.88400268554688,4940000
2025-05-16,208.03599548339844,208.03599548339844,208.7480010986328,206.62600708007812,207.67799377441406,5804500
2025-05-19,205.14999389648438,205.14999389648438,206.93800354003906,203.2100067138672,205.7899932861328,10356000
2025-05-20,204.3679962158203,204.3679962158203,204.9320068359375,202.66400146484375,203.0,5375000
2025-05-21,202.95199584960938,202.95199584960938,206.1479949951172,201.11599731445312,201.77999877929688,6298000
2025-05-22,203.1540069580078,203.1540069580078,205.4980010986328,202.35800170898438,202.95199584960938,4282000
2025-05-23,200.87399291992188,200.87399291992188,202.85800170898438,198.9199981689453,200.0,6940500
2025-05-27,205.47799682617188,205.47799682617188,205.96600341796875,202.5959930419922,202.7220001220703,5512500
2025-05-28,204.25999450683594,204.25999450683594,207.53399658203125,203.63600158691406,205.47799682617188,4966500
2025-05-29,203.04600524902344,203.04600524902344,204.91600036621094,200.94000244140625,204.63400268554688,6329500
2025-05-30,202.21800231933594,202.21800231933594,204.0,200.51800537109375,204.0,13319500
2025-06-02,202.4219970703125,202.4219970703125,203.58999633789062,200.05999755859375,201.8280029296875,5013000
2025-06-03,202.17599487304688,202.17599487304688,203.25,201.10000610351562,202.36399841308594,5118500
2025-06-04,202.54800415039062,202.54800415039062,203.50999450683594,200.5919952392578,202.31199645996094,3589000
2025-06-05,203.52000427246094,203.52000427246094,206.28799438476562,202.83399963378906,205.46200561523438,4512000
2025-06-06,206.04200744628906,206.04200744628906,206.9199981689453,203.26800537109375,205.24600219726562,4798500
2025-06-09,205.3719940185547,205.3719940185547,206.89599609375,203.61199951171875,206.1999969482422,4539000
2025-06-10,201.95799255371094,201.95799255371094,205.3719940185547,199.82400512695312,204.22799682617188,5946000
2025-06-11,200.86599731445312,200.86599731445312,203.54400634765625,200.27999877929688,202.04800415039062,3714000
2025-06-12,201.4739990234375,201.4739990234375,203.20799255371094,200.52000427246094,200.52000427246094,4241000
2025-06-13,197.73199462890625,197.73199462890625,200.1999969482422,195.63800048828125,199.6060028076172,6661000
2025-06-16,201.0260009765625,201.0260009765625,203.3939971923828,198.2760009765625,198.39999389648438,6154500
2025-06-17,200.98199462890625,200.98199462890625,202.39999389648438,199.8679962158203,200.77000427246094,4099000
2025-06-18,196.41600036621094,196.41600036621094,201.4080047607422,195.83999633789062,200.88800048828125,6047500
2025-06-20,194.28199768066406,194.28199768066406,197.20199584960938,193.08999633789062,197.1179962158203,10038500
2025-06-23,196.0800018310547,196.0800018310547,196.26600646972656,191.36599731445312,194.28199768066406,5499500
2025-06-24,199.26400756835938,199.26400756835938,199.89999389648438,197.0,198.0,7570000
2025-06-25,201.03199768066406,201.03199768066406,202.8000030517578,199.6300048828125,199.656005859375,5968500
2025-06-26,202.28799438476562,202.28799438476562,202.71200561523438,198.89999389648438,201.43600463867188,6022000
2025-06-27,204.48399353027344,204.48399353027344,206.6060028076172,202.41400146484375,202.55599975585938,7571500
2025-06-30,205.61599731445312,205.61599731445312,207.2740020751953,203.69000244140625,205.947998046875,5046500
2025-07-01,202.3780059814453,202.3780059814453,206.38800048828125,198.9459991455078,205.45199584960938,6220500
2025-07-02,201.95199584960938,201.95199584960938,202.20799255371094,198.39999389648438,200.07400512695312,4357000
2025-07-03,208.93800354003906,208.93800354003906,211.47799682617188,203.0,203.54600524902344,6029500
2025-07-07,207.0019989013672,207.0019989013672,209.8000030517578,205.5240020751953,208.64599609375,5668000
2025-07-08,204.5959930419922,204.5959930419922,207.75399780273438,202.25,207.43600463867188,7301000
2025-07-09,202.74200439453125,202.74200439453125,205.6020050048828,201.8000030517578,204.89999389648438,5767000
2025-07-10,193.6179962158203,193.6179962158203,202.74000549316406,193.06199645996094,202.74000549316406,10016500
2025-07-11,187.75599670410156,187.75599670410156,193.1999969482422,186.83399963378906,192.0,10773500
2025-07-14,192.3560028076172,192.3560028076172,192.8679962158203,187.0279998779297,187.74000549316406,9062500
2025-07-15,191.38400268554688,191.38400268554688,194.8679962158203,191.1999969482422,193.0540008544922,6321500
2025-07-16,193.3939971923828,193.3939971923828,193.8179931640625,190.67599487304688,193.01199340820312,4925500
2025-07-17,191.8300018310547,191.8300018310547,195.0,191.0,193.697998046875,6378000
2025-07-18,192.67999267578125,192.67999267578125,192.70399475097656,189.9459991455078,191.61000061035156,5778000
2025-07-21,191.98199462890625,191.98199462890625,193.82000732421875,191.60000610351562,191.906005859375,5564000
2025-07-22,192.4739990234375,192.4739990234375,194.79200744628906,191.3679962158203,192.75599670410156,5878500
2025-07-23,191.28599548339844,191.28599548339844,193.3699951171875,189.57200622558594,189.57200622558594,9920000
2025-07-24,199.23599243164062,199.23599243164062,210.1999969482422,196.39999389648438,206.9320068359375,20350500
2025-07-25,193.75799560546875,193.75799560546875,200.1999969482422,192.8159942626953,200.0240020751953,9998000
2025-07-28,197.14999389648438,197.14999389648438,199.20799255371094,195.1959991455078,195.1999969482422,7373000
2025-07-29,198.63999938964844,198.63999938964844,201.14999389648438,196.45599365234375,198.30599975585938,6038500
2025-07-30,195.49600219726562,195.49600219726562,198.6060028076172,194.60000610351562,198.3179931640625,5471000
2025-07-31,188.62399291992188,188.62399291992188,196.39999389648438,188.01199340820312,196.39999389648438,10659500
2025-08-01,182.87399291992188,182.87399291992188,187.45799255371094,181.8979949951172,187.45799255371094,9055500
2025-08-04,184.60000610351562,184.60000610351562,185.91600036621094,183.052001953125,183.70399475097656,6427500
2025-08-05,181.0240020751953,181.0240020751953,185.10000610351562,180.88999938964844,184.39999389648438,7242500
2025-08-06,182.46200561523438,182.46200561523438,182.61000061035156,180.5659942626953,182.32000732421875,5343000
2025-08-07,174.82400512695312,174.82400512695312,184.5780029296875,172.39999389648438,184.39999389648438,13993500
2025-08-08,174.5019989013672,174.5019989013672,176.39999389648438,172.42799377441406,175.67799377441406,9514000
2025-08-11,171.2740020751953,171.2740020751953,175.99600219726562,170.17999267578125,173.58399963378906,11849000
2025-08-12,170.68600463867188,170.68600463867188,171.9459991455078,168.00599670410156,171.56199645996094,14329000
2025-08-13,172.66000366210938,172.66000366210938,172.8800048828125,168.5399932861328,172.11399841308594,12268000
2025-08-14,170.1719970703125,170.1719970703125,172.5959930419922,169.26800537109375,171.23199462890625,8939500
2025-08-15,173.447998046875,173.447998046875,173.58799743652344,169.7239990234375,170.35400390625,8794000
2025-08-18,178.41000366210938,178.41000366210938,178.447998046875,173.07400512695312,173.2899932861328,12887000
2025-08-19,177.3560028076172,177.3560028076172,180.1820068359375,176.19200134277344,178.67999267578125,10921000
2025-08-20,178.0500030517578,178.0500030517578,179.7779998779297,176.0,176.8520050048828,9859500
2025-08-21,175.3939971923828,175.3939971923828,177.67599487304688,174.61399841308594,177.18600463867188,5635000
2025-08-22,177.35000610351562,177.35000610351562,179.2760009765625,174.60000610351562,175.66799926757812,5421500
2025-08-25,175.98800659179688,175.98800659179688,178.03399658203125,175.73800659179688,177.94200134277344,4306000
2025-08-26,172.9320068359375,172.9320068359375,176.0,171.01600646972656,175.8000030517578,13418500
2025-08-27,177.5959930419922,177.5959930419922,177.9219970703125,173.63999938964844,174.33399963378906,6011000
2025-08-28,185.72000122070312,185.72000122070312,187.156005859375,177.947998046875,178.10000610351562,15218000
2025-08-29,183.49200439453125,183.49200439453125,186.79800415039062,181.94200134277344,185.8520050048828,9409000
2025-09-02,182.28399658203125,182.28399658203125,182.85000610351562,178.92799377441406,180.35400390625,6239000
2025-09-03,183.87600708007812,183.87600708007812,184.26800537109375,178.90199279785156,181.79800415039062,6690500
2025-09-04,179.71200561523438,179.71200561523438,182.04600524902344,175.63800048828125,181.89599609375,8519500
2025-09-05,182.75999450683594,182.75999450683594,183.24000549316406,180.27000427246094,180.8300018310547,6419500
2025-09-08,187.86599731445312,187.86599731445312,188.96400451660156,182.51199340820312,183.0279998779297,8180500
2025-09-09,186.73399353027344,186.73399353027344,189.0,185.55999755859375,189.0,5988000
2025-09-10,184.71400451660156,184.71400451660156,188.98399353027344,183.86599731445312,187.1999969482422,8243000
2025-09-11,187.656005859375,187.656005859375,188.53399658203125,184.72999572753906,185.54400634765625,5865000
2025-09-12,185.79200744628906,185.79200744628906,188.3699951171875,185.38600158691406,188.3459930419922,3555500
2025-09-15,189.48399353027344,189.48399353027344,191.23399353027344,185.9459991455078,186.08999633789062,7730500
2025-09-16,186.40199279785156,186.40199279785156,189.28799438476562,185.69400024414062,188.14199829101562,6501500
2025-09-17,190.07400512695312,190.07400512695312,190.75399780273438,186.64999389648438,187.35000610351562,6423000
2025-09-18,189.54800415039062,189.54800415039062,192.4080047607422,188.1020050048828,191.30999755859375,7455500
2025-09-19,192.22999572753906,192.22999572753906,193.1479949951172,190.0,190.3699951171875,14036000
2025-09-22,189.55599975585938,189.55599975585938,191.35000610351562,186.1820068359375,190.7779998779297,6039500
2025-09-23,185.53399658203125,185.53399658203125,190.10000610351562,185.2899932861328,189.51199340820312,7035000
2025-09-24,186.6739959716797,186.6739959716797,194.7259979248047,186.22000122070312,192.5279998779297,10109500
2025-09-25,183.7220001220703,183.7220001220703,185.63800048828125,182.0919952392578,185.49000549316406,5945000
2025-09-26,187.1999969482422,187.1999969482422,187.6280059814453,183.33999633789062,183.93800354003906,4457000
2025-09-29,188.1699981689453,188.1699981689453,190.91200256347656,187.84800720214844,188.41200256347656,5115000
2025-09-30,184.05599975585938,184.05599975585938,188.3300018310547,180.89999389648438,187.82000732421875,7077000
2025-10-01,182.48599243164062,182.48599243164062,187.0,178.4499969482422,184.18800354003906,9149500
2025-10-02,182.02000427246094,182.02000427246094,183.00999450683594,179.10800170898438,182.33399963378906,7559000
2025-10-03,182.4720001220703,182.4720001220703,183.94000244140625,181.66600036621094,182.72999572753906,5832000
2025-10-06,182.5679931640625,182.5679931640625,185.95199584960938,179.10800170898438,180.8040008544922,6439000
2025-10-07,180.84800720214844,180.84800720214844,183.16000366210938,178.6719970703125,182.8000030517578,5974500
2025-10-08,182.86399841308594,182.86399841308594,184.0679931640625,181.46600341796875,182.0,5453000
2025-10-09,183.58999633789062,183.58999633789062,183.92999267578125,178.74600219726562,180.77999877929688,5197000
2025-10-10,177.74200439453125,177.74200439453125,185.60000610351562,177.46200561523438,184.0,7019500
2025-10-13,184.74000549316406,184.74000549316406,185.15199279785156,178.53199768066406,179.4080047607422,5926000
2025-10-14,182.2519989013672,182.2519989013672,184.85400390625,179.4739990234375,181.47000122070312,4395000
2025-10-15,180.61000061035156,180.61000061035156,184.4199981689453,179.94000244140625,183.60000610351562,3817000
2025-10-16,178.8979949951172,178.8979949951172,185.8000030517578,177.61399841308594,182.79400634765625,5392000
2025-10-17,180.72000122070312,180.72000122070312,181.30599975585938,177.58999633789062,178.0,4200500
2025-10-20,183.50999450683594,183.50999450683594,184.4040069580078,181.27000427246094,181.3280029296875,5358000
2025-10-21,188.3000030517578,188.3000030517578,188.88800048828125,182.05599975585938,183.5,6299000
2025-10-22,187.1300048828125,187.1300048828125,189.60000610351562,185.5800018310547,188.35800170898438,6073000
2025-10-23,187.83399963378906,187.83399963378906,188.91600036621094,185.60000610351562,186.23800659179688,4223500
2025-10-24,186.03399658203125,186.03399658203125,190.0,185.7760009765625,189.14999389648438,5355000
2025-10-27,189.25799560546875,189.25799560546875,190.33799743652344,187.40199279785156,188.81399536132812,5735000
2025-10-28,187.58200073242188,187.58200073242188,190.1999969482422,187.58200073242188,189.86199951171875,4724500
2025-10-29,182.33999633789062,182.33999633789062,186.9080047607422,182.02000427246094,186.9080047607422,13434000
2025-10-30,186.93600463867188,186.93600463867188,192.96600341796875,179.38600158691406,185.3459930419922,15203000
2025-10-31,183.8560028076172,183.8560028076172,189.52999877929688,180.66400146484375,188.64199829101562,11872000
2025-11-03,182.76800537109375,182.76800537109375,184.42799377441406,177.20399475097656,184.42799377441406,8733000
2025-11-04,177.51400756835938,177.51400756835938,181.7259979248047,175.30999755859375,180.0,9724500
2025-11-05,175.92599487304688,175.92599487304688,178.5240020751953,174.4600067138672,178.33399963378906,7604000
2025-11-06,171.75399780273438,171.75399780273438,175.8000030517578,170.0019989013672,174.9499969482422,10231000
2025-11-07,172.37399291992188,172.37399291992188,172.6199951171875,168.11000061035156,170.26800537109375,8162500
2025-11-10,173.25999450683594,173.25999450683594,173.72000122070312,170.23399353027344,172.77200317382812,7044500
2025-11-11,172.13400268554688,172.13400268554688,174.1300048828125,171.86599731445312,172.68600463867188,5177000
2025-11-12,172.80799865722656,172.80799865722656,174.0,169.83399963378906,173.74200439453125,7603500
2025-11-13,169.93800354003906,169.93800354003906,172.60000610351562,168.79600524902344,170.4759979248047,8147000
2025-11-14,170.08599853515625,170.08599853515625,173.06399536132812,167.80999755859375,168.3979949951172,5917500
2025-11-17,167.1580047607422,167.1580047607422,170.6959991455078,165.64199829101562,169.38400268554688,5701000
2025-11-18,163.593994140625,163.593994140625,167.0,162.32200622558594,165.41600036621094,7640500
2025-11-19,163.2899932861328,163.2899932861328,164.22799682617188,161.51400756835938,163.33200073242188,9577000
2025-11-20,160.0919952392578,160.0919952392578,166.33799743652344,159.45599365234375,166.10000610351562,8095500
2025-11-21,162.68600463867188,162.68600463867188,163.9219970703125,159.0,160.4600067138672,7354000
2025-11-24,163.16799926757812,163.16799926757812,163.8979949951172,160.76199340820312,162.67999267578125,8947000
2025-11-25,165.06199645996094,165.06199645996094,166.17999267578125,162.1999969482422,162.4739990234375,7280000
2025-11-26,160.54400634765625,160.54400634765625,164.4040069580078,159.96800231933594,163.4499969482422,10035500
2025-11-28,162.48199462890625,162.48199462890625,162.8000030517578,161.0019989013672,161.60000610351562,4520500
2025-12-01,164.41400146484375,164.41400146484375,165.21400451660156,159.8000030517578,160.33399963378906,6934000
2025-12-02,164.87600708007812,164.87600708007812,166.68600463867188,164.8000030517578,165.7239990234375,6550500
2025-12-03,166.5800018310547,166.5800018310547,166.5959930419922,162.69200134277344,164.39999389648438,4619500
2025-12-04,167.7740020751953,167.7740020751953,169.3000030517578,166.13800048828125,168.1999969482422,5549000
2025-12-05,170.8719940185547,170.8719940185547,172.3000030517578,167.6020050048828,168.16600036621094,6473000
2025-12-08,170.70399475097656,170.70399475097656,174.39599609375,170.08599853515625,170.84800720214844,7741000
2025-12-09,170.98199462890625,170.98199462890625,172.1999969482422,169.8000030517578,170.52200317382812,4894500
2025-12-10,170.71200561523438,170.71200561523438,172.33200073242188,169.11000061035156,170.11399841308594,8460500
2025-12-11,173.4980010986328,173.4980010986328,175.0,170.2239990234375,170.60000610351562,7037000
2025-12-12,173.01199340820312,173.01199340820312,174.92599487304688,171.58200073242188,173.47799682617188,7495000
2025-12-15,153.0399932861328,153.0399932861328,160.67999267578125,152.1060028076172,159.60000610351562,29629000
2025-12-16,156.2239990234375,156.2239990234375,157.21400451660156,153.91400146484375,154.8939971923828,16672500
2025-12-17,156.47799682617188,156.47799682617188,161.9320068359375,156.2899932861328,157.0,11774500
2025-12-18,153.3800048828125,153.3800048828125,157.77999877929688,151.14999389648438,156.50999450683594,9644000
2025-12-19,155.30999755859375,155.30999755859375,156.16000366210938,152.5399932861328,152.97000122070312,25257500
2025-12-22,156.67999267578125,156.67999267578125,157.16000366210938,153.14999389648438,156.86000061035156,11120300
2025-12-23,154.36000061035156,154.36000061035156,156.08999633789062,151.6300048828125,155.5,12572500
2025-12-24,152.58999633789062,152.58999633789062,153.94000244140625,152.00999450683594,153.5,3896800
2025-12-26,153.88999938964844,153.88999938964844,154.47999572753906,152.2100067138672,152.5,5450500
2025-12-29,154.5800018310547,154.5800018310547,155.69000244140625,152.7899932861328,153.07000732421875,7157700
2025-12-30,154.22999572753906,154.22999572753906,154.69000244140625,153.25,153.85000610351562,5110600
2025-12-31,153.19000244140625,153.19000244140625,154.5399932861328,152.67999267578125,153.99000549316406,5256100
2026-01-02,147.4499969482422,147.4499969482422,153.1999969482422,145.63999938964844,153.0800018310547,9896600
2026-01-05,147.60000610351562,147.60000610351562,149.80999755859375,145.7899932861328,146.50999450683594,9854900
2026-01-06,148.80999755859375,148.80999755859375,149.57000732421875,146.6999969482422,147.4199981689453,6428200
2026-01-07,150.89999389648438,150.89999389648438,152.11000061035156,147.75,148.0,6195600
2026-01-08,146.19000244140625,146.19000244140625,150.3000030517578,146.17999267578125,149.94000244140625,7426100
2026-01-09,141.8000030517578,141.8000030517578,147.35000610351562,141.42999267578125,147.35000610351562,11845400
2026-01-12,142.63999938964844,142.63999938964844,143.77000427246094,141.14999389648438,141.63999938964844,9900000
2026-01-13,138.19000244140625,138.19000244140625,144.6999969482422,137.17999267578125,142.13999938964844,12898300
2026-01-14,134.61000061035156,134.61000061035156,138.19000244140625,132.61000061035156,137.38999938964844,15646900
2026-01-15,131.1699981689453,131.1699981689453,136.24000549316406,129.92999267578125,135.14999389648438,14582800
2026-01-16,127.30999755859375,127.30999755859375,131.35000610351562,126.8499984741211,129.6999969482422,20052400
2026-01-20,125.4000015258789,125.4000015258789,128.77999877929688,125.02999877929688,126.56999969482422,19712200
2026-01-21,125.30000305175781,125.30000305175781,128.00999450683594,123.77999877929688,128.0,16119600
2026-01-22,128.55999755859375,128.55999755859375,128.72999572753906,125.0999984741211,126.0,12944200
2026-01-23,133.11000061035156,133.11000061035156,133.85000610351562,128.22999572753906,128.64999389648438,16605400
2026-01-26,136.33999633789062,136.33999633789062,136.6300048828125,133.27000427246094,134.5500030517578,17489700
2026-01-27,131.8000030517578,131.8000030517578,136.02999877929688,130.86000061035156,135.8300018310547,11804200
2026-01-28,129.6199951171875,129.6199951171875,133.6699981689453,129.13999938964844,132.27000427246094,21254100
2026-01-29,116.7300033569336,116.7300033569336,118.95999908447266,113.12999725341797,118.52999877929688,55125100
2026-01-30,117.01000213623047,117.01000213623047,118.83000183105469,115.88999938964844,117.54000091552734,28053900
2026-02-02,118.0,118.0,121.66999816894531,116.3499984741211,118.80000305175781,18889100
2026-02-03,109.7699966430664,109.7699966430664,115.88999938964844,108.0999984741211,115.0199966430664,34729600
2026-02-04,111.06999969482422,111.06999969482422,111.1500015258789,105.25,107.19000244140625,36718100
2026-02-05,102.62999725341797,102.62999725341797,112.08999633789062,101.7300033569336,109.26000213623047,36178800
2026-02-06,100.73999786376953,100.73999786376953,104.0,98.94000244140625,101.68000030517578,34727000
2026-02-09,103.87000274658203,103.87000274658203,104.25,98.0,100.0,23127400
2026-02-10,106.4800033569336,106.4800033569336,108.9800033569336,104.9000015258789,104.98999786376953,21869600
2026-02-11,100.58000183105469,100.58000183105469,105.94000244140625,99.41999816894531,105.58000183105469,26076000
2026-02-12,103.29000091552734,103.29000091552734,103.70999908447266,99.2699966430664,101.91999816894531,27213100
2026-02-13,107.08000183105469,107.08000183105469,107.69000244140625,104.58999633789062,105.1500015258789,22771200
2026-02-17,105.91000366210938,105.91000366210938,110.8499984741211,103.87999725341797,109.55999755859375,27343000
2026-02-18,107.80999755859375,107.80999755859375,108.26000213623047,103.4000015258789,105.93000030517578,18138700
2026-02-19,107.37000274658203,107.37000274658203,109.22000122070312,106.19000244140625,108.06999969482422,13224700
2026-02-20,104.2699966430664,104.2699966430664,107.80000305175781,103.81999969482422,106.0,15700300
2026-02-23,100.80000305175781,100.80000305175781,101.94000244140625,99.18000030517578,101.94000244140625,24200000
2026-02-24,102.48999786376953,102.48999786376953,105.69999694824219,100.51000213623047,100.95999908447266,18461700
2026-02-25,104.2300033569336,104.2300033569336,104.7300033569336,100.16000366210938,101.62999725341797,15493100
2026-02-26,109.30000305175781,109.30000305175781,110.1500015258789,106.56999969482422,107.44999694824219,26565100
2026-02-27,108.01000213623047,108.01000213623047,108.69999694824219,104.0,105.0,19085200
2026-03-02,109.41999816894531,109.41999816894531,111.08000183105469,105.0999984741211,105.9800033569336,14780500
2026-03-03,113.19000244140625,113.19000244140625,114.91999816894531,107.51000213623047,108.0,17606100
2026-03-04,113.86000061035156,113.86000061035156,115.20999908447266,111.5,112.11000061035156,17432000
2026-03-05,120.37999725341797,120.37999725341797,122.08000183105469,114.12999725341797,114.7699966430664,26568000
2026-03-06,124.33999633789062,124.33999633789062,124.66000366210938,120.18000030517578,120.5,25972300
2026-03-09,121.93000030517578,121.93000030517578,126.66999816894531,121.29000091552734,123.05999755859375,20324700
2026-03-10,116.61000061035156,116.61000061035156,121.43000030517578,114.66000366210938,120.98999786376953,21872600
2026-03-11,115.62999725341797,115.62999725341797,118.83000183105469,113.5999984741211,117.4000015258789,14594900
2026-03-12,112.97000122070312,112.97000122070312,117.20999908447266,112.41999816894531,115.27999877929688,18372100
2026-03-13,113.62000274658203,113.62000274658203,115.91000366210938,111.70999908447266,112.80999755859375,14846400
2026-03-16,114.87999725341797,114.87999725341797,117.19999694824219,113.80000305175781,116.9000015258789,12289400
2026-03-17,116.72000122070312,116.72000122070312,118.98999786376953,114.19999694824219,115.4000015258789,13368500
2026-03-18,113.70999908447266,113.70999908447266,117.44000244140625,113.52999877929688,115.0,10080100
2026-03-19,113.2699966430664,113.2699966430664,117.08999633789062,111.94999694824219,114.18000030517578,11361600
2026-03-20,110.37999725341797,110.37999725341797,112.1500015258789,109.12000274658203,111.30000305175781,18863000
2026-03-23,110.94999694824219,110.94999694824219,113.25,109.88999938964844,110.76000213623047,12219100
2026-03-24,104.6500015258789,104.6500015258789,109.25,104.31999969482422,109.13999938964844,17835200
2026-03-25,103.05999755859375,103.05999755859375,106.87999725341797,101.13999938964844,106.5,14728600
2026-03-26,103.63999938964844,103.63999938964844,105.83999633789062,100.87999725341797,102.41999816894531,11595300
2026-03-27,99.41000366210938,99.41000366210938,102.66999816894531,98.33999633789062,102.63999938964844,18109900
2026-03-30,104.97000122070312,104.97000122070312,105.98999786376953,99.5,100.05999755859375,18685600
2026-03-31,104.55000305175781,104.55000305175781,106.58000183105469,104.05999755859375,105.54000091552734,16821300
2026-04-01,104.04000091552734,104.04000091552734,105.9000015258789,102.01000213623047,105.2300033569336,12439700
2026-04-02,102.0,102.0,103.41000366210938,98.45999908447266,101.79000091552734,16629900
2026-04-06,102.41999816894531,102.41999816894531,103.33000183105469,100.4000015258789,102.97000122070312,9141300
2026-04-07,100.55000305175781,100.55000305175781,103.95999908447266,99.5,102.7699966430664,12008200
2026-04-08,97.47000122070312,97.47000122070312,105.58000183105469,96.95999908447266,104.76000213623047,19796900
2026-04-09,89.80999755859375,89.80999755859375,97.16000366210938,88.66000366210938,96.5,42131500
2026-04-10,83.0,83.0,88.91000366210938,81.23999786376953,88.91000366210938,58715600
2026-04-13,89.05999755859375,89.05999755859375,89.23999786376953,84.18000030517578,84.7699966430664,31675400
2026-04-14,87.79000091552734,87.79000091552734,92.4000015258789,87.12000274658203,90.73999786376953,25132700
2026-04-15,94.19000244140625,94.19000244140625,94.83000183105469,89.19999694824219,90.19999694824219,25835900
2026-04-16,96.44000244140625,96.44000244140625,99.38999938964844,95.37000274658203,97.61000061035156,21971800
2026-04-17,96.66000366210938,96.66000366210938,98.81999969482422,96.12999725341797,97.94999694824219,17754600
2026-04-20,99.72000122070312,99.72000122070312,100.66999816894531,96.80999755859375,97.44000244140625,20306600
2026-04-21,100.13999938964844,100.13999938964844,104.5,99.05999755859375,100.3499984741211,24147900
2026-04-22,103.06999969482422,103.06999969482422,104.30999755859375,101.02999877929688,101.5,35714800
2026-04-23,84.77999877929688,84.77999877929688,90.0199966430664,83.58000183105469,87.25,84103100
2026-04-24,90.16999816894531,90.16999816894531,90.38999938964844,84.93000030517578,85.77999877929688,39011800
2026-04-27,90.44999694824219,90.44999694824219,94.02999877929688,87.80999755859375,89.05999755859375,32789100
2026-04-28,90.48999786376953,90.48999786376953,93.0,90.12999725341797,91.0999984741211,20990400
2026-04-29,88.88999938964844,88.88999938964844,89.30000305175781,87.0999984741211,89.05999755859375,18646600
2026-04-30,88.30999755859375,88.30999755859375,88.70999908447266,85.87999725341797,87.94999694824219,22152200
2026-05-01,91.16000366210938,91.16000366210938,92.5999984741211,87.87000274658203,90.93000030517578,22911800
2026-05-04,91.97000122070312,91.97000122070312,95.62000274658203,91.0999984741211,91.2699966430664,21863500
2026-05-05,92.01000213623047,92.01000213623047,92.88999938964844,89.13999938964844,92.25,22756800
2026-05-06,89.05000305175781,89.05000305175781,91.68000030517578,88.20999908447266,91.5999984741211,23117900
2026-05-07,93.58999633789062,93.58999633789062,95.55999755859375,91.88999938964844,92.16999816894531,27960700
2026-05-08,91.18000030517578,91.18000030517578,91.8499984741211,88.98999786376953,91.12999725341797,24699000
2026-05-11,91.48999786376953,91.48999786376953,94.75,90.47000122070312,91.04000091552734,21402900
2026-05-12,89.0,89.0,92.7699966430664,88.69000244140625,92.47000122070312,22354600
2026-05-13,87.05000305175781,87.05000305175781,88.58000183105469,86.01000213623047,88.58000183105469,22107000
2026-05-14,90.5,90.5,92.0,85.44000244140625,87.31999969482422,25571500
2026-05-15,95.06999969482422,95.06999969482422,96.66999816894531,91.97000122070312,92.08999633789062,34569700
2026-05-18,103.41999816894531,103.41999816894531,104.68000030517578,97.8499984741211,98.86000061035156,51220700
2026-05-19,101.83000183105469,101.83000183105469,110.83000183105469,100.7699966430664,110.13999938964844,55624400
2026-05-20,103.30000305175781,103.30000305175781,103.3499984741211,97.5,100.75,30037700
2026-05-21,99.69000244140625,99.69000244140625,101.58999633789062,98.11000061035156,100.98999786376953,26474000
2026-05-22,102.12999725341797,102.12999725341797,104.58999633789062,99.43000030517578,102.18000030517578,23646300
2026-05-26,99.91999816894531,99.91999816894531,102.54000091552734,98.72000122070312,100.55999755859375,23589900
2026-05-27,102.12000274658203,102.12000274658203,105.4000015258789,98.55000305175781,99.20999908447266,28633300
2026-05-28,108.7300033569336,108.7300033569336,110.16000366210938,104.5999984741211,107.0,39117700
2026-05-29,124.37000274658203,124.37000274658203,124.73999786376953,116.29000091552734,118.4800033569336,68243400
2026-06-01,135.86000061035156,135.86000061035156,139.1999969482422,131.61000061035156,135.77000427246094,68789000
2026-06-02,127.6500015258789,127.6500015258789,132.74000549316406,124.12000274658203,129.89999389648438,41371600
2026-06-03,117.9000015258789,117.9000015258789,128.0800018310547,117.33999633789062,127.98999786376953,34316400
2026-06-04,119.36000061035156,119.36000061035156,124.80000305175781,119.36000061035156,121.94000244140625,28144000
2026-06-05,112.44999694824219,112.44999694824219,121.19999694824219,111.55999755859375,119.19000244140625,31452000
2026-06-08,114.19000244140625,114.19000244140625,115.36000061035156,111.19999694824219,111.69000244140625,19737700
2026-06-09,106.97000122070312,106.97000122070312,112.38999938964844,103.08000183105469,110.30999755859375,35824800
2026-06-10,106.05999755859375,106.05999755859375,109.80000305175781,104.7300033569336,105.27999877929688,20052700
2026-06-11,103.08000183105469,103.08000183105469,105.12000274658203,101.33000183105469,103.02999877929688,28321500
2026-06-12,102.1500015258789,102.1500015258789,103.44999694824219,98.41999816894531,103.37999725341797,26049400
2026-06-15,104.1500015258789,104.1500015258789,107.18000030517578,103.3499984741211,104.80000305175781,23018000
2026-06-16,101.33000183105469,101.33000183105469,105.66000366210938,101.19999694824219,102.9000015258789,17198400
2026-06-17,95.4800033569336,95.4800033569336,102.88999938964844,95.08999633789062,100.68000030517578,32165600
2026-06-18,95.04000091552734,95.04000091552734,96.23999786376953,92.44999694824219,95.30999755859375,36337200
2026-06-22,93.01000213623047,93.01000213623047,97.44000244140625,91.4800033569336,93.30000305175781,24940900
2026-06-23,95.94000244140625,95.94000244140625,97.5,94.61000061035156,95.13999938964844,32559700
2026-06-24,93.80000305175781,93.80000305175781,96.98999786376953,93.41999816894531,94.0,17246400
2026-06-25,89.5199966430664,89.5199966430664,92.05999755859375,89.38999938964844,91.69999694824219,23735600
2026-06-26,98.33999633789062,98.33999633789062,98.91999816894531,90.0,90.44000244140625,27314900
2026-06-29,99.97000122070312,99.97000122070312,103.20999908447266,99.47000122070312,100.4800033569336,25023100
2026-06-30,99.27999877929688,99.27999877929688,99.63999938964844,96.94999694824219,97.30999755859375,19433300
2026-07-01,105.80000305175781,105.80000305175781,106.69000244140625,101.7699966430664,103.5999984741211,26458600
2026-07-02,106.31999969482422,106.31999969482422,107.68000030517578,103.83999633789062,106.22000122070312,20227500
2026-07-06,107.93000030517578,107.93000030517578,110.63999938964844,103.33999633789062,104.0999984741211,16524500
2026-07-07,110.7300033569336,110.7300033569336,113.79000091552734,109.04000091552734,111.55000305175781,22339400
2026-07-08,107.77999877929688,107.77999877929688,108.44000244140625,105.4000015258789,106.20999908447266,15069400
2026-07-09,108.83999633789062,108.83999633789062,109.25,101.51000213623047,102.02999877929688,14241400
2026-07-10,107.70999908447266,107.70999908447266,111.5,105.70999908447266,111.2699966430664,11096900
2026-07-13,111.26000213623047,111.26000213623047,113.02999877929688,107.6500015258789,109.5,16607300
2026-07-14,104.8499984741211,104.8499984741211,107.95999908447266,102.61000061035156,103.73999786376953,23213100
2026-07-15,104.7300033569336,104.7300033569336,108.75,104.33000183105469,106.5,13784200
2026-07-16,104.01000213623047,104.01000213623047,105.86000061035156,99.30999755859375,104.94000244140625,20318200
2026-07-17,103.23999786376953,103.23999786376953,105.83000183105469,102.63999938964844,102.87999725341797,16207300
2026-07-20,104.69999694824219,104.69999694824219,105.33000183105469,98.43000030517578,100.5199966430664,20547100
2026-07-21,102.05999755859375,102.05999755859375,104.58000183105469,101.05000305175781,101.6500015258789,19158500
2026-07-22,95.45999908447266,95.45999908447266,101.16000366210938,94.73999786376953,100.87000274658203,43600900
2026-07-23,91.94000244140625,91.94000244140625,100.25,91.52999877929688,100.01000213623047,48998200
2026-07-24,98.77999877929688,98.77999877929688,98.93000030517578,94.87000274658203,94.91999816894531,29625400
2026-07-27,105.55999755859375,105.55999755859375,108.1500015258789,100.3499984741211,101.87000274658203,32533700
2026-07-28,110.62000274658203,110.62000274658203,112.27999877929688,106.5,106.87999725341797,33681100
2026-07-29,115.76000213623047,115.76000213623047,118.36000061035156,109.5,110.41999816894531,40448100
2026-07-30,110.06999969482422,110.06999969482422,113.12000274658203,106.37999725341797,110.5,29757900
2026-07-31,111.2300033569336,111.2300033569336,112.38999938964844,106.05000305175781,108.5,20525300
2026-08-03,114.19000244140625,114.19000244140625,119.63999938964844,113.69999694824219,114.51000213623047,24517500
2026-08-04,118.13999938964844,118.13999938964844,118.33000183105469,112.0,112.58999633789062,19398600
2026-08-05,117.22000122070312,117.22000122070312,120.0,115.70999908447266,119.9000015258789,15596900
2026-08-06,117.3499984741211,117.3499984741211,117.41999816894531,111.80000305175781,113.0,16281500
2026-08-07,124.87999725341797,124.87999725341797,126.1500015258789,120.95999908447266,121.66999816894531,26705900
2026-08-10,127.44000244140625,127.44000244140625,127.88999938964844,123.27999877929688,124.72000122070312,17216100
2026-08-11,127.54000091552734,127.54000091552734,128.97000122070312,125.16000366210938,126.26000213623047,13461000
2026-08-12,124.94000244140625,124.94000244140625,125.63999938964844,121.8499984741211,123.63999938964844,12654600
2026-08-13,127.25,127.25,129.75,121.6500015258789,125.5999984741211,23124900
2026-08-14,124.0,124.0,128.64999389648438,122.16999816894531,127.69999694824219,15030800
2026-08-17,117.69999694824219,117.69999694824219,123.36000061035156,117.58999633789062,122.43000030517578,20204200
2026-08-18,119.48999786376953,119.48999786376953,121.83999633789062,117.83999633789062,119.4800033569336,17341500
2026-08-19,127.19999694824219,127.19999694824219,129.60000610351562,118.51000213623047,118.63999938964844,22503800
2026-08-20,129.75,129.75,131.14999389648438,127.0999984741211,128.14999389648438,16952300
2026-08-21,128.47999572753906,128.47999572753906,131.17999267578125,127.47000122070312,130.2899932861328,12504600
2026-08-24,128.0500030517578,128.0500030517578,130.14999389648438,127.58999633789062,128.05999755859375,8949300
2026-08-25,127.0,127.0,129.80999755859375,125.25,125.95999908447266,12317500
2026-08-26,125.80000305175781,125.80000305175781,126.55999755859375,121.87999725341797,122.33000183105469,13384900
2026-08-27,138.42999267578125,138.42999267578125,139.32000732421875,130.25,130.47999572753906,27815500
2026-08-28,144.7100067138672,144.7100067138672,145.72000122070312,137.8000030517578,138.47999572753906,29034400
2026-08-31,147.99000549316406,147.99000549316406,149.60000610351562,141.69000244140625,142.0800018310547,26013700
2026-09-01,142.89999389648438,142.89999389648438,146.9600067138672,142.05999755859375,144.5500030517578,16926100
2026-09-02,136.72000122070312,136.72000122070312,142.60000610351562,136.3800048828125,140.3000030517578,14617700
2026-09-03,145.58999633789062,145.58999633789062,146.97999572753906,140.80999755859375,140.99000549316406,18172800
2026-09-04,141.25999450683594,141.25999450683594,145.25999450683594,138.8000030517578,143.32000732421875,12505100
2026-09-08,134.2100067138672,134.2100067138672,136.97999572753906,132.4600067138672,136.72000122070312,14614100
2026-09-09,131.11000061035156,131.11000061035156,134.60000610351562,130.85000610351562,133.5800018310547,10641300
2026-09-10,133.8258056640625,133.8258056640625,134.64999389648438,130.63999938964844,130.63999938964844,6821482
