Price,Adj Close,Close,High,Low,Open,Volume
Ticker,PLD,PLD,PLD,PLD,PLD,PLD
Date,,,,,,
2021-09-10,115.69585418701172,133.6300048828125,135.33999633789062,133.52000427246094,135.1300048828125,1963500
2021-09-13,114.95990753173828,132.77999877929688,134.9499969482422,132.61000061035156,134.77000427246094,1713800
2021-09-14,114.76079559326172,132.5500030517578,133.6699981689453,131.72000122070312,133.25,1781400
2021-09-15,115.40147399902344,133.2899932861328,134.3000030517578,132.05999755859375,133.00999450683594,2223700
2021-09-16,115.3318862915039,132.5800018310547,133.72000122070312,131.6199951171875,132.66000366210938,2126400
2021-09-17,113.1832046508789,130.11000061035156,132.13999938964844,129.77000427246094,131.3699951171875,8745900
2021-09-20,112.26982879638672,129.05999755859375,130.27000427246094,127.69999694824219,128.9600067138672,2159500
2021-09-21,112.0871353149414,128.85000610351562,130.83999633789062,128.80999755859375,129.6300048828125,1793900
2021-09-22,113.0962142944336,130.00999450683594,130.5800018310547,128.89999389648438,129.58999633789062,2840600
2021-09-23,112.07844543457031,128.83999633789062,130.1699981689453,128.8300018310547,129.85000610351562,2275200
2021-09-24,111.26073455810547,127.9000015258789,129.19000244140625,127.45999908447266,128.75,2092800
2021-09-27,109.773193359375,126.19000244140625,128.52000427246094,126.08999633789062,127.26000213623047,2126900
2021-09-28,109.24256134033203,125.58000183105469,126.16000366210938,123.9000015258789,125.25,3054100
2021-09-29,109.99067687988281,126.44000244140625,127.30000305175781,125.88999938964844,126.08000183105469,1608200
2021-09-30,109.112060546875,125.43000030517578,127.68000030517578,125.36000061035156,127.19999694824219,3214000
2021-10-01,109.98196411132812,126.43000030517578,127.3499984741211,124.20999908447266,125.70999908447266,1708700
2021-10-04,110.32992553710938,126.83000183105469,127.20999908447266,125.26000213623047,125.83000183105469,2061900
2021-10-05,109.98196411132812,126.43000030517578,127.5999984741211,125.7699966430664,127.19999694824219,1924300
2021-10-06,111.1650390625,127.79000091552734,127.83000183105469,124.5,126.16000366210938,2242600
2021-10-07,112.54818725585938,129.3800048828125,131.0800018310547,128.8300018310547,128.8300018310547,2559200
2021-10-08,111.80875396728516,128.52999877929688,129.24000549316406,128.3000030517578,128.9600067138672,1403400
2021-10-11,112.16542053222656,128.94000244140625,129.17999267578125,127.27999877929688,128.0,1468600
2021-10-12,115.0796127319336,132.2899932861328,132.9600067138672,128.83999633789062,129.3300018310547,2700100
2021-10-13,116.48016357421875,133.89999389648438,134.1699981689453,131.82000732421875,132.0399932861328,2165400
2021-10-14,118.07209014892578,135.72999572753906,136.02999877929688,133.80999755859375,134.10000610351562,1997400
2021-10-15,119.15945434570312,136.97999572753906,139.0800018310547,135.86000061035156,138.55999755859375,3509000
2021-10-18,121.60386657714844,139.7899932861328,140.80999755859375,136.25999450683594,136.86000061035156,2614700
2021-10-19,121.02105712890625,139.1199951171875,140.16000366210938,138.77000427246094,139.99000549316406,1843500
2021-10-20,124.7616195678711,143.4199981689453,143.4499969482422,139.14999389648438,139.94000244140625,2646500
2021-10-21,126.08389282226562,144.94000244140625,145.9499969482422,143.8300018310547,144.25999450683594,2939800
2021-10-22,125.26618194580078,144.0,145.8800048828125,143.69000244140625,144.91000366210938,2163100
2021-10-25,126.22307586669922,145.10000610351562,145.22000122070312,143.2100067138672,144.22000122070312,1793600
2021-10-26,127.2060775756836,146.22999572753906,146.8800048828125,144.86000061035156,145.08999633789062,1776800
2021-10-27,125.14440155029297,143.86000061035156,146.88999938964844,143.42999267578125,146.85000610351562,2049800
2021-10-28,127.58879089355469,146.6699981689453,146.74000549316406,144.22000122070312,144.52999877929688,1895700
2021-10-29,126.101318359375,144.9600067138672,146.61000061035156,144.6199951171875,145.97999572753906,3743200
2021-11-01,125.90117645263672,144.72999572753906,145.63999938964844,142.0,145.3000030517578,1915800
2021-11-02,127.9019775390625,147.02999877929688,147.22000122070312,144.36000061035156,145.16000366210938,1720100
2021-11-03,128.44129943847656,147.64999389648438,148.1199951171875,145.91000366210938,147.4199981689453,1739300
2021-11-04,128.63270568847656,147.8699951171875,148.94000244140625,146.97999572753906,147.63999938964844,1598800
2021-11-05,127.60620880126953,146.69000244140625,149.08999633789062,146.42999267578125,148.94000244140625,2048400
2021-11-08,128.80670166015625,148.07000732421875,148.2899932861328,145.86000061035156,147.24000549316406,1166900
2021-11-09,129.13726806640625,148.4499969482422,148.99000549316406,147.80999755859375,148.58999633789062,1761600
2021-11-10,129.41563415527344,148.77000427246094,149.6300048828125,147.86000061035156,147.86000061035156,1453400
2021-11-11,129.5374298095703,148.91000366210938,148.9499969482422,147.52000427246094,148.75,1291500
2021-11-12,129.45040893554688,148.80999755859375,149.9199981689453,147.5500030517578,149.1199951171875,1690000
2021-11-15,130.65957641601562,150.1999969482422,150.25,148.1199951171875,148.85000610351562,1502100
2021-11-16,130.02456665039062,149.47000122070312,150.92999267578125,148.83999633789062,150.30999755859375,1318200
2021-11-17,130.81617736816406,150.3800048828125,150.75999450683594,146.0500030517578,148.75999450683594,2039700
2021-11-18,130.99017333984375,150.5800018310547,151.72000122070312,149.50999450683594,150.5,1464400
2021-11-19,130.67698669433594,150.22000122070312,151.3699951171875,148.9199981689453,151.3699951171875,1979900
2021-11-22,131.26849365234375,150.89999389648438,152.61000061035156,149.4499969482422,150.44000244140625,1588500
2021-11-23,132.72999572753906,152.5800018310547,153.24000549316406,149.64999389648438,150.8699951171875,1908200
2021-11-24,134.40887451171875,154.50999450683594,154.8699951171875,151.72999572753906,152.69000244140625,1256100
2021-11-26,130.38119506835938,149.8800048828125,153.3300018310547,149.77000427246094,153.17999267578125,1767300
2021-11-29,133.3389129638672,153.27999877929688,154.02999877929688,150.4499969482422,151.24000549316406,3045500
2021-11-30,131.13803100585938,150.75,153.47999572753906,150.69000244140625,152.08999633789062,5225900
2021-12-01,131.96444702148438,151.6999969482422,156.6999969482422,150.1199951171875,152.22000122070312,3043300
2021-12-02,134.33056640625,154.4199981689453,155.72000122070312,151.66000366210938,151.66000366210938,2729700
2021-12-03,134.5393524169922,154.66000366210938,157.50999450683594,152.25,154.75,2885200
2021-12-06,136.18350219726562,156.5500030517578,157.19000244140625,154.75999450683594,155.1199951171875,3254600
2021-12-07,138.5757293701172,159.3000030517578,159.47999572753906,156.47000122070312,157.6300048828125,2800200
2021-12-08,138.69752502441406,159.44000244140625,161.11000061035156,158.4199981689453,159.22999572753906,2202800
2021-12-09,137.06207275390625,157.55999755859375,159.44000244140625,156.8699951171875,159.07000732421875,2165700
2021-12-10,138.38433837890625,159.0800018310547,159.75,157.1199951171875,158.0,2024800
2021-12-13,140.68124389648438,161.0800018310547,161.8000030517578,157.30999755859375,158.22999572753906,2550000
2021-12-14,138.62884521484375,158.72999572753906,160.86000061035156,157.14999389648438,160.55999755859375,3268800
2021-12-15,141.97381591796875,162.55999755859375,163.17999267578125,159.10000610351562,159.5399932861328,2979300
2021-12-16,142.5764617919922,163.25,163.99000549316406,161.86000061035156,162.3300018310547,3772300
2021-12-17,140.76861572265625,161.17999267578125,165.0800018310547,160.8000030517578,162.86000061035156,6983700
2021-12-20,140.95201110839844,161.38999938964844,162.3800048828125,159.2100067138672,160.08999633789062,2230800
2021-12-21,140.42800903320312,160.7899932861328,163.69000244140625,160.08999633789062,162.24000549316406,2185800
2021-12-22,141.71182250976562,162.25999450683594,162.52000427246094,160.50999450683594,161.3000030517578,2136800
2021-12-23,141.26644897460938,161.75,162.9499969482422,160.27999877929688,162.52000427246094,3047800
2021-12-27,144.88214111328125,165.88999938964844,165.9600067138672,162.61000061035156,162.61000061035156,1591000
2021-12-28,144.79481506347656,165.7899932861328,165.9600067138672,164.02000427246094,165.9600067138672,1749300
2021-12-29,146.44544982910156,167.67999267578125,168.55999755859375,165.55999755859375,165.9600067138672,1399600
2021-12-30,146.69876098632812,167.97000122070312,168.83999633789062,166.69000244140625,167.58999633789062,1504800
2021-12-31,147.03933715820312,168.36000061035156,169.92999267578125,167.58999633789062,168.0800018310547,2025800
2022-01-03,144.01751708984375,164.89999389648438,169.02999877929688,162.0399932861328,168.4600067138672,3437500
2022-01-04,140.61138916015625,161.0,165.3300018310547,160.10000610351562,164.1699981689453,4209300
2022-01-05,137.6856231689453,157.64999389648438,161.3300018310547,157.3699951171875,161.0,3818200
2022-01-06,136.74240112304688,156.57000732421875,157.4499969482422,155.35000610351562,157.42999267578125,3090400
2022-01-07,134.26206970214844,153.72999572753906,156.83999633789062,153.42999267578125,156.5,3449000
2022-01-10,133.64198303222656,153.02000427246094,153.3300018310547,149.82000732421875,152.3800048828125,4169500
2022-01-11,133.61578369140625,152.99000549316406,153.9199981689453,151.39999389648438,153.24000549316406,2656500
2022-01-12,133.83413696289062,153.24000549316406,155.0,153.0,153.0,2635800
2022-01-13,133.75552368164062,153.14999389648438,154.38999938964844,152.89999389648438,153.33999633789062,2108000
2022-01-14,133.39744567871094,152.74000549316406,153.16000366210938,150.61000061035156,152.75,2330300
2022-01-18,134.0000457763672,153.42999267578125,153.61000061035156,150.5,151.57000732421875,4121300
2022-01-19,134.13980102539062,153.58999633789062,159.2100067138672,153.50999450683594,155.75,4361800
2022-01-20,134.6201629638672,154.13999938964844,157.0,151.6199951171875,151.99000549316406,3494800
2022-01-21,135.74676513671875,155.42999267578125,157.89999389648438,154.77000427246094,157.14999389648438,4375000
2022-01-24,133.89527893066406,153.30999755859375,155.4199981689453,149.1300048828125,155.4199981689453,5717800
2022-01-25,134.4629669189453,153.9600067138672,154.7100067138672,150.77999877929688,151.00999450683594,3755500
2022-01-26,132.50660705566406,151.72000122070312,156.72000122070312,150.72000122070312,154.16000366210938,3698400
2022-01-27,129.7904510498047,148.61000061035156,154.14999389648438,147.58999633789062,151.85000610351562,4062400
2022-01-28,135.43238830566406,155.07000732421875,155.11000061035156,146.38999938964844,149.32000732421875,3645200
2022-01-31,136.9607391357422,156.82000732421875,157.27000427246094,154.42999267578125,155.2100067138672,3260500
2022-02-01,134.0786590576172,153.52000427246094,157.5,152.3300018310547,157.41000366210938,3349800
2022-02-02,137.40615844726562,157.3300018310547,157.9600067138672,154.72000122070312,154.72000122070312,2910600
2022-02-03,136.62889099121094,156.44000244140625,157.77999877929688,155.77999877929688,156.05999755859375,1968300
2022-02-04,134.0524444580078,153.49000549316406,155.77999877929688,152.58999633789062,155.02999877929688,1929800
2022-02-07,132.79483032226562,152.0500030517578,154.38999938964844,151.63999938964844,153.25999450683594,3816300
2022-02-08,132.04371643066406,151.19000244140625,152.8300018310547,150.4199981689453,152.58999633789062,2459600
2022-02-09,135.6943817138672,155.3699951171875,155.57000732421875,152.6999969482422,152.6999969482422,2278900
2022-02-10,129.6332550048828,148.42999267578125,154.05999755859375,147.2899932861328,152.5800018310547,3093900
2022-02-11,127.78170013427734,146.30999755859375,150.07000732421875,145.1699981689453,149.35000610351562,4395500
2022-02-14,126.93453979492188,145.33999633789062,148.07000732421875,144.3800048828125,146.0399932861328,3180100
2022-02-15,127.17904663085938,145.6199951171875,147.55999755859375,145.22000122070312,146.5500030517578,3064100
2022-02-16,126.09611511230469,144.3800048828125,146.94000244140625,142.74000549316406,146.1300048828125,2245600
2022-02-17,125.13542175292969,143.27999877929688,144.0500030517578,142.1999969482422,143.25,2703900
2022-02-18,124.49784851074219,142.5500030517578,144.24000549316406,141.9499969482422,143.11000061035156,2485200
2022-02-22,124.34062957763672,142.3699951171875,144.44000244140625,141.63999938964844,143.05999755859375,3244000
2022-02-23,122.93453979492188,140.75999450683594,144.14999389648438,140.5800018310547,143.17999267578125,2362800
2022-02-24,125.17909240722656,143.3300018310547,143.67999267578125,137.89999389648438,138.47000122070312,3439800
2022-02-25,129.65069580078125,148.4499969482422,148.50999450683594,143.66000366210938,143.85000610351562,2934600
2022-02-28,127.37995910644531,145.85000610351562,147.39999389648438,143.88999938964844,146.49000549316406,4213200
2022-03-01,127.30135345458984,145.75999450683594,147.69000244140625,145.07000732421875,146.72999572753906,3458300
2022-03-02,128.9432830810547,147.63999938964844,148.52999877929688,145.72000122070312,146.25999450683594,2816600
2022-03-03,130.6376190185547,149.5800018310547,150.47999572753906,147.3000030517578,148.86000061035156,2248600
2022-03-04,131.73805236816406,150.83999633789062,150.9600067138672,147.24000549316406,148.02999877929688,2780800
2022-03-07,130.0524444580078,148.91000366210938,151.24000549316406,148.5399932861328,150.58999633789062,2590700
2022-03-08,128.37559509277344,146.99000549316406,150.3000030517578,146.74000549316406,148.30999755859375,3021400
2022-03-09,131.42361450195312,150.47999572753906,152.0,148.32000732421875,149.17999267578125,1895100
2022-03-10,131.94766235351562,151.0800018310547,151.5399932861328,147.77999877929688,148.99000549316406,1988400
2022-03-11,129.10922241210938,147.8300018310547,152.5500030517578,147.67999267578125,152.22000122070312,1997400
2022-03-14,130.27952575683594,149.1699981689453,150.3000030517578,147.60000610351562,148.39999389648438,2391400
2022-03-15,132.61141967773438,151.83999633789062,152.85000610351562,149.47000122070312,151.4199981689453,2171300
2022-03-16,134.99571228027344,154.57000732421875,155.27000427246094,151.1199951171875,153.39999389648438,3752700
2022-03-17,137.52389526367188,156.66000366210938,156.72000122070312,152.0800018310547,153.72999572753906,2218700
2022-03-18,140.5963897705078,160.16000366210938,160.42999267578125,156.25999450683594,156.25999450683594,6604900
2022-03-21,139.50784301757812,158.9199981689453,160.85000610351562,157.2899932861328,160.4499969482422,2702000
2022-03-22,139.28839111328125,158.6699981689453,160.7899932861328,157.55999755859375,160.14999389648438,3374100
2022-03-23,138.02423095703125,157.22999572753906,159.07000732421875,156.88999938964844,158.02000427246094,2477400
2022-03-24,136.84796142578125,155.88999938964844,157.89999389648438,154.11000061035156,157.5,2515600
2022-03-25,138.11204528808594,157.3300018310547,157.41000366210938,154.2899932861328,156.14999389648438,1896400
2022-03-28,140.76315307617188,160.35000610351562,161.00999450683594,157.08999633789062,157.52999877929688,2675600
2022-03-29,144.58180236816406,164.6999969482422,165.16000366210938,160.22000122070312,161.67999267578125,3299900
2022-03-30,144.09022521972656,164.13999938964844,164.25,162.05999755859375,163.72999572753906,2368900
2022-03-31,141.755126953125,161.47999572753906,165.52000427246094,161.39999389648438,164.88999938964844,3933500
2022-04-01,145.5474395751953,165.8000030517578,166.22000122070312,160.61000061035156,162.10000610351562,2867300
2022-04-04,143.774169921875,163.77999877929688,166.44000244140625,162.1699981689453,166.1300048828125,2448100
2022-04-05,145.96881103515625,166.27999877929688,168.3300018310547,163.2100067138672,163.5,3289000
2022-04-06,149.3310089111328,170.11000061035156,170.66000366210938,164.00999450683594,165.0,3123000
2022-04-07,148.2073516845703,168.8300018310547,169.88999938964844,166.72000122070312,168.44000244140625,3142100
2022-04-08,148.04933166503906,168.64999389648438,169.38999938964844,166.8800048828125,168.1999969482422,1839600
2022-04-11,145.48599243164062,165.72999572753906,169.33999633789062,164.4199981689453,168.3300018310547,2455300
2022-04-12,145.1348419189453,165.3300018310547,166.8000030517578,164.33999633789062,165.52999877929688,3062200
2022-04-13,144.84515380859375,165.0,166.0500030517578,163.52000427246094,165.25999450683594,2556500
2022-04-14,142.82615661621094,162.6999969482422,166.3800048828125,162.50999450683594,165.9600067138672,2434100
2022-04-18,143.08946228027344,163.0,164.08999633789062,162.17999267578125,162.57000732421875,2502200
2022-04-19,148.84814453125,169.55999755859375,170.1999969482422,165.25,166.14999389648438,3839500
2022-04-20,151.57827758789062,172.6699981689453,174.08999633789062,169.6300048828125,169.6300048828125,4116400
2022-04-21,149.91912841796875,170.77999877929688,174.5399932861328,170.75,174.39999389648438,2620300
2022-04-22,148.11952209472656,168.72999572753906,172.0,168.6300048828125,171.1199951171875,3139800
2022-04-25,147.24166870117188,167.72999572753906,169.11000061035156,163.41000366210938,169.11000061035156,2558300
2022-04-26,145.39820861816406,165.6300048828125,169.4199981689453,165.36000061035156,167.41000366210938,2605300
2022-04-27,147.18902587890625,167.6699981689453,170.25999450683594,165.2100067138672,165.99000549316406,2790900
2022-04-28,151.87673950195312,173.00999450683594,173.97000122070312,166.7899932861328,168.77999877929688,4046000
2022-04-29,140.7104949951172,160.2899932861328,170.25999450683594,159.64999389648438,170.25999450683594,9997100
2022-05-02,134.42507934570312,153.1300048828125,161.42999267578125,149.5800018310547,160.9499969482422,5868000
2022-05-03,133.7491455078125,152.36000061035156,154.9199981689453,150.72999572753906,154.13999938964844,4047600
2022-05-04,133.6789093017578,152.27999877929688,152.83999633789062,146.75,152.49000549316406,5070200
2022-05-05,127.2706069946289,144.97999572753906,153.16000366210938,144.2100067138672,152.16000366210938,5461500
2022-05-06,123.67143249511719,140.8800048828125,144.77000427246094,139.42999267578125,143.94000244140625,6534300
2022-05-09,116.20092010498047,132.3699951171875,139.4499969482422,132.1300048828125,139.36000061035156,5611100
2022-05-10,110.09111022949219,125.41000366210938,135.33999633789062,124.23999786376953,134.05999755859375,11362600
2022-05-11,108.62507629394531,123.73999786376953,129.47999572753906,123.5199966430664,125.51000213623047,8548500
2022-05-12,108.79188537597656,123.93000030517578,124.0199966430664,120.41999816894531,123.37000274658203,8153100
2022-05-13,112.67198181152344,128.35000610351562,128.64999389648438,124.52999877929688,125.30999755859375,6521900
2022-05-16,109.95064544677734,125.25,128.5,124.9800033569336,127.44000244140625,3719300
2022-05-17,110.52124786376953,125.9000015258789,126.44999694824219,123.2300033569336,126.4000015258789,3838000
2022-05-18,104.9293441772461,119.52999877929688,126.80000305175781,119.2300033569336,126.05000305175781,4898000
2022-05-19,105.09613800048828,119.72000122070312,121.25,118.20999908447266,118.55000305175781,5056100
2022-05-20,105.09613800048828,119.72000122070312,121.4000015258789,117.87999725341797,121.11000061035156,5146000
2022-05-23,105.7633056640625,120.4800033569336,122.18000030517578,118.22000122070312,121.70999908447266,5979100
2022-05-24,105.41217803955078,120.08000183105469,120.33000183105469,116.37000274658203,119.23999786376953,5617300
2022-05-25,105.36827087402344,120.02999877929688,121.18000030517578,118.93000030517578,119.81999969482422,4249500
2022-05-26,107.41365051269531,122.36000061035156,123.37000274658203,119.73999786376953,120.62000274658203,5025600
2022-05-27,111.71512603759766,127.26000213623047,128.22999572753906,122.87000274658203,122.91999816894531,4177000
2022-05-31,111.90823364257812,127.4800033569336,128.55999755859375,125.23999786376953,126.38999938964844,14792700
2022-06-01,110.48614501953125,125.86000061035156,129.10000610351562,123.83000183105469,128.35000610351562,4044300
2022-06-02,113.71662139892578,129.5399932861328,129.58999633789062,125.45999908447266,126.38999938964844,3674200
2022-06-03,111.99604797363281,127.58000183105469,129.1300048828125,127.02999877929688,128.02999877929688,3217200
2022-06-06,112.25062561035156,127.87000274658203,129.47999572753906,127.27999877929688,128.74000549316406,3212300
2022-06-07,113.83952331542969,129.67999267578125,129.86000061035156,125.79000091552734,127.12000274658203,3771100
2022-06-08,109.52928161621094,124.7699966430664,129.0800018310547,124.44999694824219,127.9800033569336,3238700
2022-06-09,107.24686431884766,122.16999816894531,126.08000183105469,122.12999725341797,124.25,2841000
2022-06-10,102.91905975341797,117.23999786376953,120.7699966430664,117.12999725341797,120.0,5701500
2022-06-13,95.18521118164062,108.43000030517578,110.27999877929688,106.45999908447266,108.8499984741211,15213000
2022-06-14,97.14281463623047,110.66000366210938,111.47000122070312,107.41000366210938,109.22000122070312,6605100
2022-06-15,101.75813293457031,115.08999633789062,116.87000274658203,110.69000244140625,111.25,7486900
2022-06-16,98.84040832519531,111.79000091552734,113.95999908447266,110.13999938964844,110.41000366210938,5326600
2022-06-17,97.57606506347656,110.36000061035156,113.91999816894531,110.12999725341797,112.5,7180500
2022-06-21,99.34436798095703,112.36000061035156,113.08999633789062,111.37999725341797,111.58999633789062,3729800
2022-06-22,102.08528137207031,115.45999908447266,116.77999877929688,110.5199966430664,110.76000213623047,4252600
2022-06-23,104.54324340820312,118.23999786376953,118.75,115.47000122070312,116.33000183105469,3783700
2022-06-24,108.38935852050781,122.58999633789062,122.62999725341797,118.43000030517578,119.5,4716700
2022-06-27,106.2850570678711,120.20999908447266,122.81999969482422,119.77999877929688,122.2699966430664,3782100
2022-06-28,105.17984771728516,118.95999908447266,123.0999984741211,118.58999633789062,121.66999816894531,3369300
2022-06-29,104.60513305664062,118.30999755859375,118.7699966430664,116.62000274658203,118.3499984741211,2828300
2022-06-30,104.02159881591797,117.6500015258789,119.16000366210938,115.3499984741211,117.26000213623047,4525900
2022-07-01,106.12590026855469,120.02999877929688,120.37999725341797,117.25,117.88999938964844,2672700
2022-07-05,107.36371612548828,121.43000030517578,121.45999908447266,117.83000183105469,119.37999725341797,4218100
2022-07-06,107.3902359008789,121.45999908447266,123.55999755859375,120.77999877929688,121.6500015258789,2983600
2022-07-07,108.37166595458984,122.56999969482422,123.95999908447266,121.38999938964844,121.58000183105469,3617400
2022-07-08,107.496337890625,121.58000183105469,122.76000213623047,120.55999755859375,121.55000305175781,2098200
2022-07-11,107.67317962646484,121.77999877929688,122.66000366210938,120.48999786376953,121.23999786376953,2399400
2022-07-12,106.90396881103516,120.91000366210938,122.91999816894531,119.98999786376953,121.01000213623047,2661700
2022-07-13,106.7713394165039,120.76000213623047,121.86000061035156,118.48999786376953,118.9800033569336,2728900
2022-07-14,104.44599914550781,118.12999725341797,119.22000122070312,117.13999938964844,118.08000183105469,3369900
2022-07-15,106.99237823486328,121.01000213623047,121.51000213623047,118.55000305175781,120.04000091552734,2726600
2022-07-18,105.39205169677734,119.19999694824219,124.27999877929688,119.01000213623047,123.37000274658203,4337300
2022-07-19,110.61744689941406,125.11000061035156,125.23999786376953,119.9000015258789,120.56999969482422,3884600
2022-07-20,110.13998413085938,124.56999969482422,127.43000030517578,124.0,125.11000061035156,3235600
2022-07-21,111.12140655517578,125.68000030517578,125.69999694824219,123.06999969482422,124.62999725341797,3093800
2022-07-22,112.2000961303711,126.9000015258789,127.81999969482422,126.01000213623047,126.70999908447266,2940600
2022-07-25,112.73944091796875,127.51000213623047,128.33999633789062,125.94999694824219,126.58000183105469,2436200
2022-07-26,112.8101577758789,127.58999633789062,128.75999450683594,126.75,127.88999938964844,3338300
2022-07-27,112.63331604003906,127.38999938964844,128.1300048828125,125.27999877929688,127.16000366210938,2087000
2022-07-28,117.06297302246094,132.39999389648438,132.66000366210938,128.47999572753906,129.02999877929688,2962300
2022-07-29,117.20443725585938,132.55999755859375,133.14999389648438,131.50999450683594,131.72999572753906,3273700
2022-08-01,115.80745697021484,130.97999572753906,132.58999633789062,130.75999450683594,132.2100067138672,2615200
2022-08-02,114.38395690917969,129.3699951171875,131.58999633789062,129.30999755859375,130.25999450683594,2829200
2022-08-03,115.57757568359375,130.72000122070312,132.9199981689453,130.35000610351562,130.8800048828125,3589600
2022-08-04,115.60411071777344,130.75,131.14999389648438,128.86000061035156,130.44000244140625,2062600
2022-08-05,116.16997528076172,131.38999938964844,131.57000732421875,128.52000427246094,129.35000610351562,1687300
2022-08-08,116.01966857910156,131.22000122070312,134.0,130.22000122070312,132.63999938964844,2318800
2022-08-09,117.50505828857422,132.89999389648438,133.02000427246094,130.83999633789062,131.9199981689453,2458000
2022-08-10,118.84014892578125,134.41000366210938,135.49000549316406,132.9199981689453,135.19000244140625,2340300
2022-08-11,118.68096923828125,134.22999572753906,135.8000030517578,133.55999755859375,135.3800048828125,1800700
2022-08-12,121.3423080444336,137.24000549316406,137.4199981689453,135.0,135.58999633789062,2609000
2022-08-15,122.3502426147461,138.3800048828125,138.47000122070312,136.5500030517578,137.25,1973200
2022-08-16,121.22736358642578,137.11000061035156,138.86000061035156,137.0500030517578,137.97999572753906,1821700
2022-08-17,121.47494506835938,137.38999938964844,137.9600067138672,135.47000122070312,136.1199951171875,1453500
2022-08-18,120.80298614501953,136.6300048828125,138.22999572753906,136.4199981689453,138.16000366210938,1750600
2022-08-19,118.54837036132812,134.0800018310547,136.85000610351562,133.5,136.8000030517578,2493000
2022-08-22,115.77210998535156,130.94000244140625,133.02000427246094,130.7100067138672,132.60000610351562,2022100
2022-08-23,113.57939147949219,128.4600067138672,130.8000030517578,128.0,130.0800018310547,2103700
2022-08-24,115.9312515258789,131.1199951171875,131.6300048828125,129.07000732421875,129.24000549316406,2644000
2022-08-25,117.3989486694336,132.77999877929688,132.8000030517578,131.1699981689453,131.80999755859375,2572600
2022-08-26,113.48212432861328,128.35000610351562,132.82000732421875,128.27000427246094,132.8000030517578,1626000
2022-08-29,112.54491424560547,127.29000091552734,128.22999572753906,126.72000122070312,127.4800033569336,2136000
2022-08-30,111.09489440917969,125.6500015258789,127.9000015258789,125.27999877929688,127.66000366210938,2250000
2022-08-31,110.08694458007812,124.51000213623047,128.05999755859375,124.44999694824219,127.05999755859375,3730100
2022-09-01,109.90126037597656,124.30000305175781,124.43000030517578,121.51000213623047,123.41000366210938,3166500
2022-09-02,107.77043914794922,121.88999938964844,126.0199966430664,121.43000030517578,125.58999633789062,2297400
2022-09-06,109.4592056274414,123.80000305175781,124.19999694824219,121.83000183105469,122.70999908447266,2649300
2022-09-07,111.96136474609375,126.62999725341797,126.94000244140625,123.7300033569336,124.16000366210938,2452900
2022-09-08,113.09309387207031,127.91000366210938,128.08999633789062,125.05000305175781,125.37000274658203,3057300
2022-09-09,114.61385345458984,129.6300048828125,129.97999572753906,127.70999908447266,128.35000610351562,3516100
2022-09-12,115.11780548095703,130.1999969482422,130.63999938964844,129.3000030517578,129.60000610351562,2534100
2022-09-13,110.59092712402344,125.08000183105469,127.83999633789062,124.77999877929688,126.83999633789062,3304000
2022-09-14,107.73472595214844,121.08000183105469,123.76000213623047,120.13999938964844,122.94999694824219,4065800
2022-09-15,103.410400390625,116.22000122070312,120.9800033569336,116.1500015258789,120.66999816894531,4861200
2022-09-16,101.14143371582031,113.66999816894531,115.83000183105469,111.91000366210938,115.83000183105469,9335500
2022-09-19,100.3673324584961,112.80000305175781,112.80999755859375,110.23999786376953,112.22000122070312,4493100
2022-09-20,98.70343780517578,110.93000030517578,112.08999633789062,109.91000366210938,112.0,5188300
2022-09-21,96.58576202392578,108.55000305175781,112.12999725341797,108.51000213623047,111.44999694824219,4640100
2022-09-22,96.57684326171875,108.54000091552734,109.79000091552734,107.51000213623047,108.0,4918400
2022-09-23,96.63023376464844,108.5999984741211,109.37999725341797,107.23999786376953,107.54000091552734,5598800
2022-09-26,92.67961883544922,104.16000366210938,107.33999633789062,102.80000305175781,107.12999725341797,7135400
2022-09-27,91.00682067871094,102.27999877929688,106.73999786376953,101.79000091552734,105.7300033569336,6329300
2022-09-28,92.47496032714844,103.93000030517578,104.31999969482422,100.83999633789062,103.0,7846600
2022-09-29,90.03695678710938,101.19000244140625,103.25,100.7300033569336,102.69000244140625,7320700
2022-09-30,90.40177154541016,101.5999984741211,103.76000213623047,101.26000213623047,102.2300033569336,18072100
2022-10-03,92.85758209228516,104.36000061035156,106.69000244140625,102.38999938964844,103.5,4863700
2022-10-04,94.30791473388672,105.98999786376953,106.62999725341797,104.63999938964844,105.86000061035156,5980500
2022-10-05,93.81852722167969,105.44000244140625,106.19000244140625,103.11000061035156,104.80000305175781,5311400
2022-10-06,90.68649291992188,101.91999816894531,105.97000122070312,101.55000305175781,105.88999938964844,5068300
2022-10-07,89.29844665527344,100.36000061035156,101.36000061035156,99.68000030517578,100.93000030517578,5762300
2022-10-10,87.9993667602539,98.9000015258789,101.1500015258789,98.83000183105469,100.70999908447266,4587900
2022-10-11,89.53868865966797,100.62999725341797,101.12999725341797,98.05000305175781,99.30000305175781,6385500
2022-10-12,89.3607406616211,100.43000030517578,101.95999908447266,99.5199966430664,100.37000274658203,5937100
2022-10-13,91.22036743164062,102.5199966430664,103.1500015258789,98.02999877929688,98.4800033569336,6307600
2022-10-14,88.55992889404297,99.52999877929688,104.01000213623047,99.4000015258789,104.01000213623047,4480000
2022-10-17,93.63168334960938,105.2300033569336,105.66000366210938,101.97000122070312,102.72000122070312,5103500
2022-10-18,94.18333435058594,105.8499984741211,108.88999938964844,104.7699966430664,108.23999786376953,5311100
2022-10-19,90.76658630371094,102.01000213623047,105.97000122070312,100.8499984741211,104.69999694824219,5924500
2022-10-20,91.16697692871094,102.45999908447266,105.38999938964844,101.87999725341797,102.41999816894531,4282500
2022-10-21,91.7186508178711,103.08000183105469,103.47000122070312,100.63999938964844,102.48999786376953,3971600
2022-10-24,91.97669219970703,103.37000274658203,104.38999938964844,102.22000122070312,103.83999633789062,3377500
2022-10-25,96.38999938964844,108.33000183105469,108.62999725341797,103.95999908447266,103.97000122070312,7074100
2022-10-26,97.76026916503906,109.87000274658203,111.79000091552734,108.7300033569336,108.7300033569336,5076500
2022-10-27,98.77462768554688,111.01000213623047,111.44999694824219,109.12000274658203,110.68000030517578,4371100
2022-10-28,100.5274887084961,112.9800033569336,113.45999908447266,109.61000061035156,110.41000366210938,4179900
2022-10-31,98.54327392578125,110.75,112.1500015258789,110.47000122070312,111.2300033569336,5411300
2022-11-01,96.58576202392578,108.55000305175781,112.25,108.2699966430664,112.19999694824219,4599500
2022-11-02,94.9752426147461,106.73999786376953,111.37999725341797,106.68000030517578,107.69999694824219,5729100
2022-11-03,96.10528564453125,108.01000213623047,108.58000183105469,103.72000122070312,106.27999877929688,5625500
2022-11-04,95.75827026367188,107.62000274658203,109.83999633789062,105.81999969482422,108.80000305175781,3541000
2022-11-07,96.92387390136719,108.93000030517578,109.37999725341797,107.12000274658203,108.7699966430664,2963200
2022-11-08,97.65348815917969,109.75,111.45999908447266,108.31999969482422,108.91000366210938,2438400
2022-11-09,96.7992935180664,108.79000091552734,111.83999633789062,108.6500015258789,109.69000244140625,4043600
2022-11-10,105.29669952392578,118.33999633789062,118.51000213623047,114.43000030517578,114.62000274658203,3705400
2022-11-11,103.33030700683594,116.12999725341797,119.41999816894531,115.95999908447266,118.83000183105469,3258300
2022-11-14,100.10039520263672,112.5,115.61000061035156,112.38999938964844,115.61000061035156,2967000
2022-11-15,100.32283782958984,112.75,114.6500015258789,111.2300033569336,114.1500015258789,3110000
2022-11-16,101.1236343383789,113.6500015258789,114.41000366210938,111.62999725341797,111.95999908447266,3512600
2022-11-17,99.93132019042969,112.30999755859375,113.5,110.41999816894531,111.80999755859375,3384300
2022-11-18,101.933349609375,114.55999755859375,115.12000274658203,113.08999633789062,114.23999786376953,3336800
2022-11-21,102.28034973144531,114.94999694824219,115.61000061035156,113.33999633789062,114.6500015258789,2992000
2022-11-22,103.01886749267578,115.77999877929688,116.04000091552734,114.01000213623047,115.5,2306100
2022-11-23,102.79642486572266,115.52999877929688,116.0,114.19999694824219,115.80999755859375,1585300
2022-11-25,103.5616455078125,116.38999938964844,116.94000244140625,115.26000213623047,116.11000061035156,1341300
2022-11-28,99.17501831054688,111.45999908447266,116.8499984741211,110.91999816894531,115.55999755859375,3910600
2022-11-29,101.26599884033203,113.80999755859375,114.12000274658203,111.26000213623047,111.5999984741211,2635100
2022-11-30,104.80733489990234,117.79000091552734,117.81999969482422,112.48999786376953,113.26000213623047,8839700
2022-12-01,104.19338989257812,117.0999984741211,119.48999786376953,115.73999786376953,119.05000305175781,2784300
2022-12-02,104.05101013183594,116.94000244140625,118.0199966430664,114.81999969482422,115.55999755859375,3014000
2022-12-05,101.66641235351562,114.26000213623047,116.23999786376953,113.73999786376953,116.0,3170000
2022-12-06,101.96892547607422,114.5999984741211,116.12000274658203,114.01000213623047,114.87000274658203,3256000
2022-12-07,103.2146224975586,116.0,117.1500015258789,113.27999877929688,113.7699966430664,3381700
2022-12-08,104.63829040527344,117.5999984741211,118.6500015258789,115.87000274658203,116.16000366210938,4759700
2022-12-09,103.4993667602539,116.31999969482422,118.05999755859375,116.19000244140625,117.05999755859375,2515900
2022-12-12,105.02088928222656,118.02999877929688,118.36000061035156,115.36000061035156,116.4000015258789,2467900
2022-12-13,107.74361419677734,121.08999633789062,122.87000274658203,118.58999633789062,122.76000213623047,3754500
2022-12-14,108.17961120605469,121.58000183105469,123.7300033569336,120.83000183105469,121.5,4141400
2022-12-15,105.5191650390625,118.58999633789062,120.88999938964844,117.91000366210938,119.7699966430664,4284500
2022-12-16,100.53878784179688,112.23999786376953,115.81999969482422,110.9800033569336,115.25,13002600
2022-12-19,100.38652801513672,112.06999969482422,113.27999877929688,111.12999725341797,111.9800033569336,3339900
2022-12-20,100.48506927490234,112.18000030517578,113.25,110.12000274658203,111.41000366210938,2738400
2022-12-21,102.06158447265625,113.94000244140625,115.66000366210938,112.37999725341797,112.55999755859375,3482500
2022-12-22,101.46141052246094,113.2699966430664,113.33999633789062,110.97000122070312,113.12999725341797,2467600
2022-12-23,101.7749252319336,113.62000274658203,114.12999725341797,112.13999938964844,112.58000183105469,1521900
2022-12-27,101.47931671142578,113.29000091552734,113.80000305175781,112.23999786376953,113.38999938964844,1683300
2022-12-28,98.93540954589844,110.44999694824219,113.94999694824219,110.20999908447266,113.5,2623600
2022-12-29,102.08844757080078,113.97000122070312,114.12999725341797,111.1500015258789,112.08000183105469,3043100
2022-12-30,100.97772216796875,112.7300033569336,113.91999816894531,111.3499984741211,113.0999984741211,2138400
2023-01-03,100.94188690185547,112.69000244140625,116.02999877929688,111.18000030517578,113.9800033569336,2170100
2023-01-04,104.7667236328125,116.95999908447266,118.0,114.08999633789062,114.62999725341797,3059500
2023-01-05,101.085205078125,112.8499984741211,116.1500015258789,112.41999816894531,115.66999816894531,3079500
2023-01-06,104.48906707763672,116.6500015258789,117.29000091552734,112.76000213623047,113.4000015258789,3995900
2023-01-09,103.96055603027344,116.05999755859375,118.58999633789062,116.05999755859375,117.5,2504400
2023-01-10,103.95159912109375,116.05000305175781,116.16000366210938,114.30000305175781,115.5999984741211,3097800
2023-01-11,108.34075927734375,120.94999694824219,121.01000213623047,117.30000305175781,117.3499984741211,3084500
2023-01-12,109.3887939453125,122.12000274658203,122.68000030517578,120.23999786376953,121.27999877929688,2608500
2023-01-13,109.19173431396484,121.9000015258789,122.51000213623047,120.16000366210938,120.4000015258789,2283300
2023-01-17,108.76176452636719,121.41999816894531,123.02999877929688,120.9000015258789,122.4000015258789,3057000
2023-01-18,109.86353302001953,122.6500015258789,125.33999633789062,121.38999938964844,122.48999786376953,4245300
2023-01-19,108.64532470703125,121.29000091552734,124.66000366210938,121.23999786376953,122.98999786376953,3875800
2023-01-20,110.01582336425781,122.81999969482422,122.97000122070312,119.58999633789062,121.1500015258789,3281100
2023-01-23,112.927001953125,126.06999969482422,126.41000366210938,122.05000305175781,123.18000030517578,3011200
2023-01-24,113.22259521484375,126.4000015258789,126.98999786376953,121.87000274658203,126.4000015258789,2142800
2023-01-25,112.58662414550781,125.69000244140625,126.25,124.37999725341797,124.98999786376953,2436800
2023-01-26,114.70953369140625,128.05999755859375,128.1300048828125,125.9800033569336,126.69000244140625,2071900
2023-01-27,116.30396270751953,129.83999633789062,130.9199981689453,127.62000274658203,127.97000122070312,2824100
2023-01-30,114.46768188476562,127.79000091552734,130.27000427246094,127.76000213623047,128.39999389648438,2538100
2023-01-31,115.8023452758789,129.27999877929688,129.72999572753906,126.95999908447266,127.1500015258789,4350100
2023-02-01,117.25345611572266,130.89999389648438,131.9499969482422,127.5999984741211,129.0800018310547,2845600
2023-02-02,120.46919250488281,134.49000549316406,136.6699981689453,131.77000427246094,132.57000732421875,3111700
2023-02-03,117.89839935302734,131.6199951171875,132.82000732421875,129.9499969482422,131.9499969482422,3303400
2023-02-06,117.73717498779297,131.44000244140625,131.74000549316406,129.25999450683594,129.5399932861328,2539700
2023-02-07,116.68914794921875,130.27000427246094,131.57000732421875,128.63999938964844,130.07000732421875,3638600
2023-02-08,116.26813507080078,129.8000030517578,131.14999389648438,129.22000122070312,129.47000122070312,1980000
2023-02-09,114.69161987304688,128.0399932861328,131.10000610351562,127.58000183105469,130.1699981689453,2467300
2023-02-10,114.73639678955078,128.08999633789062,128.3800048828125,125.75,127.18000030517578,2303600
2023-02-13,115.8113021850586,129.2899932861328,129.7899932861328,128.2100067138672,128.32000732421875,1755600
2023-02-14,114.4139404296875,127.7300033569336,130.24000549316406,126.87000274658203,128.63999938964844,1859100
2023-02-15,114.23480224609375,127.52999877929688,127.55999755859375,126.36000061035156,126.62000274658203,1733800
2023-02-16,112.67619323730469,125.79000091552734,127.12999725341797,124.18000030517578,125.04000091552734,1782200
2023-02-17,112.25518035888672,125.31999969482422,125.83000183105469,123.4800033569336,125.62999725341797,2623200
2023-02-21,110.60700988769531,123.4800033569336,124.6500015258789,122.6500015258789,124.05000305175781,2448600
2023-02-22,110.08748626708984,122.9000015258789,124.70999908447266,122.16999816894531,124.23999786376953,2526300
2023-02-23,111.08175659179688,124.01000213623047,124.76000213623047,122.30999755859375,123.73999786376953,1844100
2023-02-24,108.7259292602539,121.37999725341797,123.12000274658203,120.87000274658203,123.0999984741211,2517900
2023-02-27,110.09644317626953,122.91000366210938,123.62999725341797,121.4000015258789,123.4000015258789,2439300
2023-02-28,110.53533935546875,123.4000015258789,125.44000244140625,122.30000305175781,122.86000061035156,5780900
2023-03-01,108.50199890136719,121.12999725341797,122.5999984741211,120.8499984741211,121.75,3757800
2023-03-02,111.62816619873047,124.62000274658203,124.75,120.05000305175781,120.27999877929688,2591400
2023-03-03,113.71525573730469,126.94999694824219,127.26000213623047,125.41999816894531,125.9000015258789,2529400
2023-03-06,113.90336608886719,127.16000366210938,127.83999633789062,126.51000213623047,127.51000213623047,1961600
2023-03-07,110.91156768798828,123.81999969482422,127.13999938964844,123.5999984741211,126.80999755859375,2242200
2023-03-08,112.02227783203125,125.05999755859375,125.87000274658203,123.27999877929688,123.27999877929688,2018700
2023-03-09,108.65428161621094,121.30000305175781,125.55999755859375,120.91000366210938,125.20999908447266,2491300
2023-03-10,104.78465270996094,116.9800033569336,121.80999755859375,116.43000030517578,121.0,3717100
2023-03-13,106.02973937988281,118.37000274658203,120.83000183105469,116.44000244140625,116.72000122070312,3314600
2023-03-14,107.3375244140625,119.83000183105469,121.44000244140625,118.44999694824219,121.1500015258789,4342500
2023-03-15,107.498779296875,120.01000213623047,121.29000091552734,117.9800033569336,118.25,4416000
2023-03-16,108.35592651367188,120.08999633789062,121.56999969482422,116.91000366210938,117.56999969482422,4409600
2023-03-17,104.6926498413086,116.02999877929688,119.91000366210938,115.95999908447266,118.77999877929688,6508900
2023-03-20,107.10175323486328,118.69999694824219,118.79000091552734,115.5,117.02999877929688,3851100
2023-03-21,106.79497528076172,118.36000061035156,120.5199966430664,117.44999694824219,120.12000274658203,4078800
2023-03-22,102.96928405761719,114.12000274658203,118.4800033569336,114.02999877929688,117.7699966430664,3472200
2023-03-23,102.99634552001953,114.1500015258789,117.4800033569336,113.7699966430664,114.79000091552734,4007100
2023-03-24,105.59494018554688,117.02999877929688,117.0999984741211,113.2300033569336,113.25,3721400
2023-03-27,105.62199401855469,117.05999755859375,118.52999877929688,116.66000366210938,117.33999633789062,3087500
2023-03-28,105.2520751953125,116.6500015258789,117.16000366210938,115.62999725341797,116.12999725341797,1853300
2023-03-29,108.16646575927734,119.87999725341797,119.98999786376953,118.0999984741211,118.4800033569336,2591100
2023-03-30,110.00713348388672,121.91999816894531,122.2699966430664,120.62000274658203,121.0,3384600
2023-03-31,112.57864379882812,124.7699966430664,124.88999938964844,122.69000244140625,122.97000122070312,5305300
2023-04-03,111.67636108398438,123.7699966430664,126.37000274658203,122.86000061035156,123.95999908447266,2966400
2023-04-04,111.9560775756836,124.08000183105469,124.58000183105469,122.94999694824219,123.7699966430664,2822100
2023-04-05,110.32292938232422,122.2699966430664,124.36000061035156,122.16000366210938,123.76000213623047,2546700
2023-04-06,110.75602722167969,122.75,122.77999877929688,121.1500015258789,122.2699966430664,2104800
2023-04-10,111.6492919921875,123.73999786376953,123.81999969482422,120.72000122070312,121.94000244140625,2936700
2023-04-11,110.68385314941406,122.66999816894531,124.41999816894531,122.54000091552734,123.93000030517578,2553600
2023-04-12,110.81017303466797,122.80999755859375,124.66000366210938,122.68000030517578,124.37999725341797,2576300
2023-04-13,110.00713348388672,121.91999816894531,123.23999786376953,120.44999694824219,122.91999816894531,2608800
2023-04-14,108.05818939208984,119.76000213623047,123.13999938964844,118.93000030517578,122.23999786376953,2957500
2023-04-17,111.10792541503906,123.13999938964844,123.29000091552734,119.70999908447266,120.0,4269800
2023-04-18,111.62223052978516,123.70999908447266,125.0999984741211,122.41999816894531,124.01000213623047,3968800
2023-04-19,112.93054962158203,125.16000366210938,125.41000366210938,122.75,123.9000015258789,2855800
2023-04-20,111.20716857910156,123.25,124.94999694824219,122.98999786376953,124.5999984741211,2285900
2023-04-21,111.50491333007812,123.58000183105469,124.94000244140625,123.23999786376953,124.13999938964844,2703900
2023-04-24,111.15303802490234,123.19000244140625,124.38999938964844,121.79000091552734,124.02999877929688,2281900
2023-04-25,108.8521957397461,120.63999938964844,123.16000366210938,120.37999725341797,122.62000274658203,3146700
2023-04-26,107.43560028076172,119.06999969482422,121.26000213623047,118.37999725341797,120.61000061035156,2321200
2023-04-27,110.2417221069336,122.18000030517578,122.88999938964844,119.37999725341797,120.19999694824219,3347100
2023-04-28,113.01175689697266,125.25,125.72000122070312,122.36000061035156,122.69999694824219,3621000
2023-05-01,110.44022369384766,122.4000015258789,125.44999694824219,122.11000061035156,125.01000213623047,1787500
2023-05-02,110.51241302490234,122.4800033569336,123.44999694824219,121.26000213623047,122.51000213623047,2426200
2023-05-03,112.02827453613281,124.16000366210938,126.2300033569336,122.30000305175781,123.44000244140625,3323200
2023-05-04,112.67791748046875,124.87999725341797,125.05000305175781,122.43000030517578,124.12999725341797,2740400
2023-05-05,114.81635284423828,127.25,127.44999694824219,125.83999633789062,126.05999755859375,1994000
2023-05-08,114.92460632324219,127.37000274658203,127.83999633789062,126.37000274658203,126.76000213623047,2002100
2023-05-09,113.61627197265625,125.91999816894531,127.08000183105469,125.0,126.93000030517578,2745000
2023-05-10,115.56523132324219,128.0800018310547,129.0399932861328,126.30999755859375,127.37000274658203,2377100
2023-05-11,113.453857421875,125.73999786376953,127.11000061035156,124.81999969482422,127.02999877929688,2373600
2023-05-12,112.93956756591797,125.16999816894531,126.22000122070312,124.2300033569336,125.8499984741211,1427500
2023-05-15,113.038818359375,125.27999877929688,125.9800033569336,124.4800033569336,125.44999694824219,1510500
2023-05-16,109.40259552001953,121.25,125.06999969482422,121.02999877929688,125.06999969482422,3417400
2023-05-17,110.71090698242188,122.69999694824219,122.83999633789062,121.0,122.05999755859375,2684100
2023-05-18,110.13345336914062,122.05999755859375,123.5199966430664,121.08000183105469,121.86000061035156,2129100
2023-05-19,111.03573608398438,123.05999755859375,124.37999725341797,122.23999786376953,123.2699966430664,2135500
2023-05-22,112.09142303466797,124.2300033569336,125.69000244140625,122.48999786376953,123.44999694824219,2130800
2023-05-23,111.46884155273438,123.54000091552734,125.01000213623047,122.69999694824219,123.66000366210938,4400700
2023-05-24,109.19507598876953,121.0199966430664,123.48999786376953,120.33000183105469,123.48999786376953,2359800
2023-05-25,110.06127166748047,121.9800033569336,123.36000061035156,120.91000366210938,122.0,2709800
2023-05-26,112.74105834960938,124.94999694824219,125.33000183105469,122.06999969482422,122.48999786376953,2378200
2023-05-30,112.16360473632812,124.30999755859375,126.43000030517578,124.08999633789062,125.69000244140625,2723100
2023-05-31,112.38014221191406,124.55000305175781,126.18000030517578,123.43000030517578,124.30999755859375,14817700
2023-06-01,110.65678405761719,122.63999938964844,124.16999816894531,121.6500015258789,123.48999786376953,3082900
2023-06-02,112.7139892578125,124.91999816894531,125.30999755859375,122.93000030517578,124.0,3084500
2023-06-05,112.45232391357422,124.62999725341797,125.55999755859375,123.5199966430664,125.12000274658203,1977500
2023-06-06,113.53508758544922,125.83000183105469,127.13999938964844,124.55000305175781,125.44000244140625,2255700
2023-06-07,115.54718780517578,128.05999755859375,128.52000427246094,125.55000305175781,126.43000030517578,2952000
2023-06-08,112.70498657226562,124.91000366210938,127.68000030517578,124.61000061035156,127.68000030517578,2749500
2023-06-09,109.45672607421875,121.30999755859375,125.2699966430664,121.08000183105469,125.0999984741211,3312600
2023-06-12,107.9318618774414,119.62000274658203,121.26000213623047,118.43000030517578,121.0,4551200
2023-06-13,109.49281311035156,121.3499984741211,121.44000244140625,119.0,119.56999969482422,2751600
2023-06-14,110.32292938232422,122.2699966430664,123.61000061035156,121.16000366210938,121.68000030517578,2895300
2023-06-15,110.61373138427734,121.72000122070312,122.06999969482422,119.66999816894531,120.4800033569336,2686600
2023-06-16,111.44070434570312,122.62999725341797,124.41999816894531,122.41000366210938,122.9000015258789,5837200
2023-06-20,109.81402587890625,120.83999633789062,121.9800033569336,119.44999694824219,121.83000183105469,3971900
2023-06-21,109.67772674560547,120.69000244140625,121.1500015258789,119.66999816894531,120.44000244140625,2697000
2023-06-22,107.83295440673828,118.66000366210938,121.18000030517578,117.66000366210938,120.87000274658203,2707700
2023-06-23,106.23353576660156,116.9000015258789,120.30000305175781,116.7699966430664,118.44000244140625,4297200
2023-06-26,108.15099334716797,119.01000213623047,119.13999938964844,116.68000030517578,116.69000244140625,2828900
2023-06-27,109.84130859375,120.87000274658203,121.5999984741211,119.05000305175781,119.7300033569336,3670000
2023-06-28,109.5959243774414,120.5999984741211,121.05999755859375,118.9800033569336,120.69000244140625,3295000
2023-06-29,110.41380310058594,121.5,121.83000183105469,119.7699966430664,120.23999786376953,2925100
2023-06-30,111.44070434570312,122.62999725341797,122.87999725341797,119.91000366210938,122.55000305175781,6598700
2023-07-03,112.54937744140625,123.8499984741211,124.70999908447266,121.55000305175781,121.62999725341797,1481700
2023-07-05,112.67660522460938,123.98999786376953,125.94000244140625,122.0999984741211,123.25,4228600
2023-07-06,111.7678451538086,122.98999786376953,123.13999938964844,119.83000183105469,121.69999694824219,2740800
2023-07-07,110.85911560058594,121.98999786376953,122.52999877929688,121.02999877929688,121.83999633789062,2517800
2023-07-10,110.69552612304688,121.80999755859375,122.41000366210938,120.87000274658203,121.55999755859375,1989700
2023-07-11,111.97685241699219,123.22000122070312,123.44000244140625,120.27999877929688,122.22000122070312,2356900
2023-07-12,113.81256103515625,125.23999786376953,126.93000030517578,124.8499984741211,125.33999633789062,3743600
2023-07-13,115.36653137207031,126.94999694824219,127.19999694824219,123.98999786376953,125.33999633789062,2831500
2023-07-14,116.09353637695312,127.75,127.87000274658203,125.80999755859375,126.45999908447266,2655400
2023-07-17,116.30255889892578,127.9800033569336,128.74000549316406,127.11000061035156,127.81999969482422,2811600
2023-07-18,112.68569946289062,124.0,129.75,120.95999908447266,129.75,6395000
2023-07-19,111.5770263671875,122.77999877929688,126.4000015258789,122.5999984741211,125.41999816894531,3594100
2023-07-20,112.46759796142578,123.76000213623047,124.43000030517578,122.30000305175781,124.08999633789062,2709300
2023-07-21,113.99431610107422,125.44000244140625,127.16999816894531,123.8499984741211,124.08000183105469,3304800
2023-07-24,115.42105102539062,127.01000213623047,127.43000030517578,125.30999755859375,125.37000274658203,1952700
2023-07-25,115.50285339355469,127.0999984741211,128.64999389648438,126.63999938964844,126.63999938964844,2817700
2023-07-26,117.48392486572266,129.27999877929688,129.4499969482422,127.23999786376953,127.4800033569336,2778900
2023-07-27,113.5399398803711,124.94000244140625,130.25999450683594,124.87000274658203,130.0,2980000
2023-07-28,112.36762237548828,123.6500015258789,126.8499984741211,123.37000274658203,126.11000061035156,2318500
2023-07-31,113.36726379394531,124.75,125.6500015258789,123.4000015258789,124.06999969482422,2673600
2023-08-01,112.84927368164062,124.18000030517578,124.69999694824219,123.04000091552734,124.51000213623047,2279200
2023-08-02,112.39488983154297,123.68000030517578,124.2699966430664,121.95999908447266,123.45999908447266,2096800
2023-08-03,112.5130386352539,123.80999755859375,124.01000213623047,120.58000183105469,122.33999633789062,2718200
2023-08-04,111.08629608154297,122.23999786376953,125.2300033569336,121.63999938964844,123.44999694824219,2045100
2023-08-07,113.07646942138672,124.43000030517578,124.61000061035156,122.12000274658203,122.38999938964844,1518100
2023-08-08,112.15862274169922,123.41999816894531,123.86000061035156,122.0999984741211,123.41000366210938,1369500
2023-08-09,111.4134521484375,122.5999984741211,124.02999877929688,122.3499984741211,123.12999725341797,2190800
2023-08-10,111.01358795166016,122.16000366210938,124.75,121.45999908447266,123.12000274658203,1590600
2023-08-11,112.24040222167969,123.51000213623047,123.88999938964844,121.33000183105469,121.75,1715900
2023-08-14,112.21315002441406,123.4800033569336,124.11000061035156,122.86000061035156,123.44000244140625,1499400
2023-08-15,111.49522399902344,122.69000244140625,123.18000030517578,121.81999969482422,122.26000213623047,1458900
2023-08-16,110.73187255859375,121.8499984741211,122.93000030517578,121.51000213623047,122.7300033569336,1348700
2023-08-17,109.23241424560547,120.19999694824219,123.08999633789062,120.12000274658203,122.02999877929688,1736700
2023-08-18,110.38655090332031,121.47000122070312,121.83000183105469,118.81999969482422,119.2300033569336,1886800
2023-08-21,109.17790222167969,120.13999938964844,121.47000122070312,119.22000122070312,120.91000366210938,1743000
2023-08-22,109.97760009765625,121.0199966430664,121.47000122070312,119.76000213623047,120.87000274658203,1468700
2023-08-23,111.8405532836914,123.06999969482422,123.37999725341797,121.58999633789062,121.98999786376953,2167700
2023-08-24,110.63190460205078,121.73999786376953,125.2699966430664,121.66000366210938,123.25,1887000
2023-08-25,111.46797180175781,122.66000366210938,123.4000015258789,121.41999816894531,122.08000183105469,2559800
2023-08-28,112.68569946289062,124.0,124.91999816894531,123.51000213623047,123.62999725341797,2106400
2023-08-29,113.68533325195312,125.0999984741211,125.3499984741211,122.76000213623047,123.97000122070312,1833500
2023-08-30,114.23058319091797,125.69999694824219,125.95999908447266,124.69999694824219,125.48999786376953,1849300
2023-08-31,112.8674545288086,124.19999694824219,125.91000366210938,123.88999938964844,125.36000061035156,3277600
2023-09-01,113.22186279296875,124.58999633789062,125.56999969482422,124.05000305175781,125.4000015258789,1591000
2023-09-05,110.91361999511719,122.05000305175781,124.5,121.86000061035156,124.25,2854100
2023-09-06,110.30476379394531,121.37999725341797,122.43000030517578,119.61000061035156,121.95999908447266,2786400
2023-09-07,112.05864715576172,123.30999755859375,123.5199966430664,120.72000122070312,121.02999877929688,2531900
2023-09-08,111.30438995361328,122.4800033569336,123.7699966430664,121.87000274658203,123.58999633789062,1758000
2023-09-11,111.01358795166016,122.16000366210938,122.79000091552734,121.0199966430664,122.79000091552734,1992800
2023-09-12,110.85001373291016,121.9800033569336,122.56999969482422,121.22000122070312,121.77999877929688,2275300
2023-09-13,110.17752838134766,121.23999786376953,122.23999786376953,120.94999694824219,121.87999725341797,1864700
2023-09-14,112.985595703125,124.33000183105469,124.36000061035156,122.16999816894531,122.66999816894531,3375500
2023-09-15,112.72933959960938,123.18000030517578,123.30000305175781,121.87000274658203,122.69999694824219,4818500
2023-09-18,112.3175277709961,122.7300033569336,123.86000061035156,122.0,123.08999633789062,1654500
2023-09-19,111.25593566894531,121.56999969482422,123.3499984741211,121.2699966430664,122.76000213623047,1834000
2023-09-20,110.65193176269531,120.91000366210938,123.08999633789062,120.87000274658203,122.44999694824219,2497800
2023-09-21,104.83152770996094,114.55000305175781,120.76000213623047,114.44000244140625,119.73999786376953,3722800
2023-09-22,104.39224243164062,114.06999969482422,115.97000122070312,113.6500015258789,114.55000305175781,3612300
2023-09-25,103.64180755615234,113.25,113.9000015258789,112.38999938964844,113.44999694824219,3221000
2023-09-26,102.04027557373047,111.5,113.05999755859375,111.0,112.0999984741211,3179200
2023-09-27,101.8115005493164,111.25,112.63999938964844,110.83999633789062,112.12999725341797,3226600
2023-09-28,102.6168212890625,112.12999725341797,113.16000366210938,111.29000091552734,112.01000213623047,2177000
2023-09-29,102.69004821777344,112.20999908447266,114.12999725341797,111.44999694824219,114.04000091552734,3414600
2023-10-02,100.2099609375,109.5,112.69999694824219,108.77999877929688,111.68000030517578,3570000
2023-10-03,98.37964630126953,107.5,109.12000274658203,106.93000030517578,108.93000030517578,2466300
2023-10-04,99.22158813476562,108.41999816894531,108.54000091552734,106.37000274658203,108.30999755859375,2700300
2023-10-05,99.77984619140625,109.02999877929688,109.44000244140625,107.63999938964844,108.25,3377100
2023-10-06,99.6700210571289,108.91000366210938,109.75,106.94999694824219,108.01000213623047,2217300
2023-10-09,100.17335510253906,109.45999908447266,110.05999755859375,107.72000122070312,107.91999816894531,1818300
2023-10-10,100.96954345703125,110.33000183105469,111.37999725341797,108.69999694824219,109.31999969482422,2430400
2023-10-11,102.86393737792969,112.4000015258789,112.61000061035156,111.12000274658203,111.33999633789062,3561700
2023-10-12,100.34722900390625,109.6500015258789,112.38999938964844,109.5199966430664,112.0199966430664,2314500
2023-10-13,100.34722900390625,109.6500015258789,110.52999877929688,108.8499984741211,110.13999938964844,2578700
2023-10-16,101.5094985961914,110.91999816894531,110.97000122070312,109.0199966430664,110.52999877929688,3131800
2023-10-17,98.95619201660156,108.12999725341797,113.16000366210938,107.48999786376953,110.23999786376953,5379100
2023-10-18,95.52434539794922,104.37999725341797,108.19000244140625,104.20999908447266,107.62000274658203,3734600
2023-10-19,93.87706756591797,102.58000183105469,104.52999877929688,102.06999969482422,103.47000122070312,6388500
2023-10-20,93.73980712890625,102.43000030517578,104.95999908447266,102.0,102.75,5620500
2023-10-23,92.25723266601562,100.80999755859375,102.5999984741211,100.56999969482422,101.33000183105469,3978700
2023-10-24,93.07170104980469,101.69999694824219,102.27999877929688,100.86000061035156,101.19999694824219,3050700
2023-10-25,90.36285400390625,98.73999786376953,100.88999938964844,98.25,100.69000244140625,4069000
2023-10-26,91.17733001708984,99.62999725341797,100.48999786376953,98.69999694824219,98.81999969482422,3501400
2023-10-27,89.06332397460938,97.31999969482422,99.2699966430664,96.63999938964844,99.20999908447266,4082900
2023-10-30,90.490966796875,98.87999725341797,99.08000183105469,96.95999908447266,98.19000244140625,3588700
2023-10-31,92.20230865478516,100.75,100.83999633789062,98.81999969482422,99.79000091552734,4561600
2023-11-01,92.9802017211914,101.5999984741211,101.94000244140625,100.36000061035156,101.05999755859375,2585500
2023-11-02,95.83550262451172,104.72000122070312,105.4800033569336,103.76000213623047,103.97000122070312,4532300
2023-11-03,97.51025390625,106.55000305175781,108.4000015258789,106.31999969482422,107.0999984741211,4562500
2023-11-06,96.0276870727539,104.93000030517578,107.55999755859375,103.83999633789062,106.36000061035156,3147300
2023-11-07,95.38706970214844,104.2300033569336,105.30000305175781,103.4800033569336,105.0,3092600
2023-11-08,96.2107162475586,105.12999725341797,105.4800033569336,104.36000061035156,104.62000274658203,2588600
2023-11-09,94.5176773071289,103.27999877929688,105.66999816894531,103.1500015258789,105.66999816894531,3350800
2023-11-10,95.679931640625,104.55000305175781,104.75,102.55999755859375,104.41000366210938,2385600
2023-11-13,93.78553771972656,102.4800033569336,103.93000030517578,102.12000274658203,103.93000030517578,2473500
2023-11-14,100.05438995361328,109.33000183105469,109.94999694824219,105.66000366210938,106.0,5787500
2023-11-15,101.13427734375,110.51000213623047,111.08000183105469,109.05000305175781,109.23999786376953,4620300
2023-11-16,100.91464233398438,110.2699966430664,111.22000122070312,110.02999877929688,110.72000122070312,3609900
2023-11-17,100.73160552978516,110.06999969482422,111.4800033569336,109.55000305175781,111.37000274658203,3125100
2023-11-20,101.58269500732422,111.0,111.08000183105469,108.69000244140625,109.8499984741211,3356200
2023-11-21,101.22578430175781,110.61000061035156,111.02999877929688,110.0999984741211,110.70999908447266,2717300
2023-11-22,102.07689666748047,111.54000091552734,112.16999816894531,110.7699966430664,112.16999816894531,2325300
2023-11-24,102.49787139892578,112.0,112.02999877929688,110.79000091552734,111.87999725341797,1284500
2023-11-27,102.37889099121094,111.87000274658203,112.5,111.26000213623047,111.79000091552734,2770900
2023-11-28,102.59854125976562,112.11000061035156,112.13999938964844,110.27999877929688,110.94000244140625,3226900
2023-11-29,103.44963073730469,113.04000091552734,113.93000030517578,112.98999786376953,113.26000213623047,3241100
2023-11-30,105.17929077148438,114.93000030517578,115.2300033569336,112.30000305175781,113.06999969482422,8202800
2023-12-01,108.22675323486328,118.26000213623047,118.47000122070312,114.7699966430664,115.05000305175781,4159700
2023-12-04,110.12114715576172,120.33000183105469,120.37999725341797,117.38999938964844,117.51000213623047,5388600
2023-12-05,108.58367156982422,118.6500015258789,119.33000183105469,117.7300033569336,119.0,3727700
2023-12-06,108.94974517822266,119.05000305175781,119.98999786376953,118.5199966430664,119.58999633789062,2989100
2023-12-07,108.85823059082031,118.94999694824219,119.72000122070312,118.45999908447266,119.19000244140625,3072200
2023-12-08,109.6818618774414,119.8499984741211,119.91999816894531,118.04000091552734,118.56999969482422,4257600
2023-12-11,111.64946746826172,122.0,122.52999877929688,119.4000015258789,119.44000244140625,5433200
2023-12-12,111.71350860595703,122.06999969482422,123.05000305175781,121.31999969482422,121.62999725341797,4197900
2023-12-13,118.27519989013672,129.24000549316406,129.42999267578125,122.12999725341797,122.36000061035156,5883200
2023-12-14,125.48666381835938,137.1199951171875,137.52000427246094,131.60000610351562,132.4600067138672,9543800
2023-12-15,123.65387725830078,134.25999450683594,136.75999450683594,133.38999938964844,136.24000549316406,8413600
2023-12-18,122.19866943359375,132.67999267578125,135.00999450683594,132.38999938964844,134.5800018310547,3805000
2023-12-19,123.1841812133789,133.75,134.61000061035156,133.19000244140625,133.89999389648438,2613300
2023-12-20,120.16326141357422,130.47000122070312,134.47999572753906,130.38999938964844,133.9600067138672,3448200
2023-12-21,120.61456298828125,130.9600067138672,132.3699951171875,129.22000122070312,132.25,3256400
2023-12-22,121.94078826904297,132.39999389648438,133.22000122070312,130.80999755859375,131.07000732421875,2361300
2023-12-26,122.91707611083984,133.4600067138672,133.8800048828125,132.4600067138672,132.4600067138672,1215900
2023-12-27,123.5801773071289,134.17999267578125,134.19000244140625,132.77999877929688,133.86000061035156,2714600
2023-12-28,124.51041412353516,135.19000244140625,135.22000122070312,133.47999572753906,134.10000610351562,1953100
2023-12-29,122.76970672607422,133.3000030517578,135.0399932861328,133.07000732421875,134.0800018310547,2938000
2024-01-02,123.98542022705078,134.6199951171875,134.7100067138672,132.10000610351562,132.83999633789062,2899100
2024-01-03,120.2093276977539,130.52000427246094,133.02000427246094,130.1199951171875,133.0,3195000
2024-01-04,119.99748229980469,130.2899932861328,131.10000610351562,129.02000427246094,130.02000427246094,3613800
2024-01-05,120.24615478515625,130.55999755859375,132.0,128.2899932861328,129.2100067138672,2393600
2024-01-08,122.64999389648438,133.1699981689453,133.6699981689453,130.30999755859375,130.8300018310547,3208700
2024-01-09,122.5578842163086,133.07000732421875,134.3300018310547,130.64999389648438,131.7100067138672,3109500
2024-01-10,122.99995422363281,133.5500030517578,134.99000549316406,133.10000610351562,134.3699951171875,2354000
2024-01-11,120.94612884521484,131.32000732421875,132.99000549316406,130.58999633789062,132.67999267578125,2787500
2024-01-12,121.15795135498047,131.5500030517578,132.97000122070312,130.60000610351562,132.64999389648438,2380600
2024-01-16,119.70277404785156,129.97000122070312,131.52999877929688,129.1699981689453,130.27000427246094,4001200
2024-01-17,116.83846282958984,126.86000061035156,129.5399932861328,125.37000274658203,127.94000244140625,3912900
2024-01-18,116.28584289550781,126.26000213623047,127.25,124.66999816894531,126.79000091552734,4062900
2024-01-19,118.29364013671875,128.44000244140625,128.8699951171875,126.05999755859375,126.91999816894531,3559000
2024-01-22,118.56993865966797,128.74000549316406,130.38999938964844,128.67999267578125,128.75999450683594,2280900
2024-01-23,117.8976058959961,128.00999450683594,129.99000549316406,127.91999816894531,129.7899932861328,3426400
2024-01-24,115.5306396484375,125.44000244140625,129.8300018310547,125.30999755859375,129.8300018310547,3491500
2024-01-25,116.2305908203125,126.19999694824219,127.41999816894531,125.5,126.87999725341797,2590400
2024-01-26,116.84765625,126.87000274658203,127.33999633789062,125.76000213623047,126.88999938964844,2333000
2024-01-29,117.78707122802734,127.88999938964844,128.35000610351562,126.2699966430664,126.91999816894531,2553900
2024-01-30,116.53453063964844,126.52999877929688,127.70999908447266,125.56999969482422,127.02999877929688,2764300
2024-01-31,116.68187713623047,126.69000244140625,129.08999633789062,125.93000030517578,127.33000183105469,4811300
2024-02-01,120.13565063476562,130.44000244140625,130.4600067138672,126.19999694824219,126.61000061035156,3984000
2024-02-02,119.0396499633789,129.25,130.27000427246094,126.5,128.2100067138672,4195000
2024-02-05,116.8844985961914,126.91000366210938,128.0800018310547,126.08000183105469,127.47000122070312,3591800
2024-02-06,120.1908950805664,130.5,130.75,126.93000030517578,127.52999877929688,3764300
2024-02-07,118.89227294921875,129.08999633789062,131.0399932861328,128.75,130.30999755859375,3907500
2024-02-08,121.2592544555664,131.66000366210938,132.3699951171875,128.7899932861328,129.02999877929688,3261000
2024-02-09,122.01448059082031,132.47999572753906,132.77000427246094,130.4499969482422,131.3800048828125,2870400
2024-02-12,121.61844635009766,132.0500030517578,134.22999572753906,131.8000030517578,133.0,2523800
2024-02-13,120.54087829589844,130.8800048828125,130.99000549316406,127.23999786376953,128.75,4759100
2024-02-14,120.1908950805664,130.5,131.82000732421875,129.22999572753906,130.94000244140625,4294100
2024-02-15,122.58551025390625,133.10000610351562,133.19000244140625,131.6999969482422,131.6999969482422,3409200
2024-02-16,122.85260009765625,133.38999938964844,134.17999267578125,131.32000732421875,131.94000244140625,3421200
2024-02-20,122.81576538085938,133.35000610351562,133.94000244140625,131.57000732421875,132.35000610351562,2995200
2024-02-21,122.8802261352539,133.4199981689453,134.49000549316406,133.02999877929688,133.24000549316406,2436400
2024-02-22,122.89863586425781,133.44000244140625,134.83999633789062,132.97999572753906,133.50999450683594,2946900
2024-02-23,122.68682861328125,133.2100067138672,134.1999969482422,133.0500030517578,133.47999572753906,2131800
2024-02-26,122.08817291259766,132.55999755859375,133.22000122070312,131.52999877929688,132.82000732421875,2000500
2024-02-27,122.0237045288086,132.49000549316406,134.4600067138672,131.75,133.25,2976900
2024-02-28,123.40518188476562,133.99000549316406,135.11000061035156,131.92999267578125,132.02000427246094,2478800
2024-02-29,122.74208068847656,133.27000427246094,135.6999969482422,133.0,135.0800018310547,5131300
2024-03-01,123.96701049804688,134.60000610351562,134.72999572753906,130.22999572753906,133.0399932861328,2786500
2024-03-04,123.05521392822266,133.61000061035156,134.60000610351562,130.9600067138672,134.25999450683594,3316200
2024-03-05,121.9776382446289,132.44000244140625,133.72000122070312,131.77999877929688,133.0500030517578,2328800
2024-03-06,122.56709289550781,133.0800018310547,133.86000061035156,132.4199981689453,133.1199951171875,2245500
2024-03-07,122.25396728515625,132.74000549316406,134.55999755859375,131.97000122070312,134.0399932861328,2080400
2024-03-08,124.39988708496094,135.07000732421875,135.42999267578125,133.42999267578125,133.74000549316406,2942200
2024-03-11,123.52493286132812,134.1199951171875,135.75999450683594,133.14999389648438,134.69000244140625,2068900
2024-03-12,123.93939971923828,134.57000732421875,135.0,132.7899932861328,133.60000610351562,1729200
2024-03-13,122.79732513427734,133.3300018310547,135.27000427246094,132.6999969482422,134.7100067138672,3061400
2024-03-14,120.42113494873047,130.75,133.17999267578125,129.5,132.91000366210938,3076000
2024-03-15,119.70673370361328,129.02000427246094,130.2899932861328,127.37999725341797,127.80999755859375,6698800
2024-03-18,118.8902587890625,128.13999938964844,129.80999755859375,127.87999725341797,128.8000030517578,2274300
2024-03-19,118.6211929321289,127.8499984741211,128.85000610351562,126.95999908447266,128.0800018310547,2641200
2024-03-20,119.40982818603516,128.6999969482422,129.2899932861328,126.68000030517578,127.19999694824219,2565700
2024-03-21,120.5139389038086,129.88999938964844,130.42999267578125,128.30999755859375,128.97000122070312,3020100
2024-03-22,119.33558654785156,128.6199951171875,130.1999969482422,128.00999450683594,130.1999969482422,2738500
2024-03-25,117.95315551757812,127.12999725341797,128.94000244140625,127.11000061035156,128.89999389648438,2472700
2024-03-26,116.10680389404297,125.13999938964844,127.06999969482422,125.06999969482422,126.5199966430664,3567300
2024-03-27,119.55828094482422,128.86000061035156,129.08999633789062,126.83999633789062,126.91999816894531,3202100
2024-03-28,120.82011413574219,130.22000122070312,130.5399932861328,129.10000610351562,129.41000366210938,3676100
2024-04-01,118.68614196777344,127.91999816894531,130.77000427246094,127.44999694824219,130.22000122070312,1762900
2024-04-02,116.51505279541016,125.58000183105469,127.1500015258789,124.83999633789062,126.87999725341797,3187400
2024-04-03,116.98823547363281,126.08999633789062,126.66000366210938,124.62000274658203,125.06999969482422,3585000
2024-04-04,115.68930053710938,124.69000244140625,128.7100067138672,124.31999969482422,128.24000549316406,4335800
2024-04-05,115.73567962646484,124.73999786376953,124.91999816894531,123.25,124.02999877929688,5099600
2024-04-08,117.06246185302734,126.16999816894531,126.29000091552734,124.73999786376953,125.22000122070312,2821600
2024-04-09,117.14595794677734,126.26000213623047,126.80000305175781,125.58999633789062,126.37000274658203,2965800
2024-04-10,111.91309356689453,120.62000274658203,122.08000183105469,119.12000274658203,121.79000091552734,4753000
2024-04-11,111.56978607177734,120.25,122.30999755859375,118.88999938964844,121.22000122070312,4098100
2024-04-12,110.41001892089844,119.0,120.47000122070312,118.5,119.98999786376953,3735300
2024-04-15,107.4317398071289,115.79000091552734,119.9800033569336,115.19000244140625,119.91999816894531,3993800
2024-04-16,106.4575424194336,114.73999786376953,115.91999816894531,113.97000122070312,115.62999725341797,5666400
2024-04-17,98.80305480957031,106.48999786376953,111.5,105.55999755859375,108.69999694824219,11034000
2024-04-18,97.13298034667969,104.69000244140625,106.29000091552734,103.5999984741211,105.95999908447266,6310200
2024-04-19,96.01959991455078,103.48999786376953,104.87000274658203,102.5199966430664,104.63999938964844,6932200
2024-04-22,96.56702423095703,104.08000183105469,104.56999969482422,102.55000305175781,103.80000305175781,3673000
2024-04-23,97.26287841796875,104.83000183105469,105.61000061035156,104.06999969482422,104.54000091552734,4232300
2024-04-24,95.73198699951172,103.18000030517578,104.58999633789062,102.4000015258789,103.77999877929688,4819700
2024-04-25,95.88970947265625,103.3499984741211,104.06999969482422,101.63999938964844,102.01000213623047,3798800
2024-04-26,96.5484619140625,104.05999755859375,104.62999725341797,102.76000213623047,103.43000030517578,4037600
2024-04-29,97.42989349365234,105.01000213623047,105.56999969482422,104.16000366210938,105.45999908447266,2840500
2024-04-30,94.6835708618164,102.05000305175781,104.01000213623047,102.0,102.51000213623047,5607900
2024-05-01,94.52581024169922,101.87999725341797,104.12999725341797,101.62999725341797,101.86000061035156,5526200
2024-05-02,96.98453521728516,104.52999877929688,104.56999969482422,101.11000061035156,103.80999755859375,5836200
2024-05-03,98.24636840820312,105.88999938964844,108.08000183105469,105.4000015258789,106.75,3517600
2024-05-06,97.11443328857422,104.66999816894531,106.62000274658203,104.19999694824219,106.37999725341797,4259700
2024-05-07,99.98138427734375,107.76000213623047,107.98999786376953,105.4800033569336,106.4800033569336,4088000
2024-05-08,98.23709106445312,105.87999725341797,107.33000183105469,105.30000305175781,106.94999694824219,2947700
2024-05-09,100.34323120117188,108.1500015258789,108.36000061035156,106.04000091552734,106.5,4208800
2024-05-10,99.73086547851562,107.48999786376953,108.51000213623047,106.9800033569336,108.45999908447266,2872800
2024-05-13,99.90716552734375,107.68000030517578,109.01000213623047,107.20999908447266,108.31999969482422,3043100
2024-05-14,100.4638442993164,108.27999877929688,109.86000061035156,108.04000091552734,108.86000061035156,3727300
2024-05-15,102.05040740966797,109.98999786376953,111.4800033569336,109.37000274658203,110.5999984741211,4347500
2024-05-16,102.79266357421875,110.79000091552734,111.9000015258789,110.19999694824219,110.55000305175781,4232400
2024-05-17,103.45140838623047,111.5,111.54000091552734,110.22000122070312,111.12999725341797,3260600
2024-05-20,103.96171569824219,112.05000305175781,113.02999877929688,110.62999725341797,111.18000030517578,3941400
2024-05-21,102.61637115478516,110.5999984741211,111.72000122070312,109.75,111.52999877929688,2524900
2024-05-22,101.33598327636719,109.22000122070312,111.4000015258789,108.56999969482422,110.12000274658203,3158100
2024-05-23,98.014404296875,105.63999938964844,109.4000015258789,105.4000015258789,109.19000244140625,4364600
2024-05-24,97.18864440917969,104.75,106.12999725341797,104.5199966430664,105.94999694824219,3107600
2024-05-28,97.42060852050781,105.0,106.2300033569336,104.37000274658203,105.73999786376953,4857000
2024-05-29,97.42060852050781,105.0,105.08000183105469,103.08999633789062,103.68000030517578,2945800
2024-05-30,99.80509185791016,107.56999969482422,107.66999816894531,105.4000015258789,105.91999816894531,4325700
2024-05-31,102.51432037353516,110.48999786376953,110.66000366210938,107.55999755859375,107.75,14977800
2024-06-03,99.64737701416016,107.4000015258789,111.0,106.95999908447266,110.7699966430664,3262400
2024-06-04,100.91847229003906,108.7699966430664,109.87000274658203,106.5,106.5,5538500
2024-06-05,100.89064025878906,108.73999786376953,109.44000244140625,107.5199966430664,109.0,2824700
2024-06-06,102.06896209716797,110.01000213623047,110.23999786376953,107.5999984741211,107.98999786376953,3144300
2024-06-07,102.2452621459961,110.19999694824219,110.27999877929688,107.80000305175781,108.05000305175781,4786900
2024-06-10,103.14523315429688,111.16999816894531,111.33000183105469,109.06999969482422,109.80000305175781,5780800
2024-06-11,103.525634765625,111.58000183105469,112.37000274658203,110.08000183105469,110.91999816894531,7061100
2024-06-12,104.6668472290039,112.80999755859375,115.98999786376953,112.44000244140625,114.05999755859375,4650500
2024-06-13,104.26787567138672,112.37999725341797,113.44000244140625,111.44999694824219,113.23999786376953,3122200
2024-06-14,104.18438720703125,112.29000091552734,112.44000244140625,110.41999816894531,111.94000244140625,3672400
2024-06-17,104.13758850097656,111.27999877929688,112.01000213623047,110.04000091552734,110.48999786376953,2696200
2024-06-18,102.98653411865234,110.05000305175781,112.0,109.9800033569336,111.27999877929688,4337100
2024-06-20,102.1536636352539,109.16000366210938,110.18000030517578,108.80000305175781,109.4000015258789,4760600
2024-06-21,102.37826538085938,109.4000015258789,109.95999908447266,108.45999908447266,109.37999725341797,6708800
2024-06-24,104.46511840820312,111.62999725341797,113.1500015258789,109.30999755859375,109.44999694824219,2924200
2024-06-25,102.78065490722656,109.83000183105469,111.52999877929688,109.6500015258789,111.5199966430664,2929900
2024-06-26,103.32343292236328,110.41000366210938,111.30999755859375,108.5999984741211,108.95999908447266,3385000
2024-06-27,104.2031021118164,111.3499984741211,111.98999786376953,109.88999938964844,110.5199966430664,3174300
2024-06-28,105.10147857666016,112.30999755859375,112.73999786376953,110.36000061035156,111.91999816894531,5436400
2024-07-01,104.76457977294922,111.94999694824219,113.58000183105469,111.18000030517578,112.0,2405800
2024-07-02,105.94371795654297,113.20999908447266,113.55999755859375,111.05000305175781,112.6500015258789,2945400
2024-07-03,106.02793884277344,113.30000305175781,114.37000274658203,112.9000015258789,113.69000244140625,1339500
2024-07-05,107.11347198486328,114.45999908447266,114.94000244140625,113.08999633789062,113.68000030517578,2252300
2024-07-08,107.06670379638672,114.41000366210938,115.19999694824219,113.80999755859375,114.62999725341797,2185700
2024-07-09,107.1041259765625,114.44999694824219,115.08000183105469,112.81999969482422,114.7699966430664,2196100
2024-07-10,109.05998229980469,116.54000091552734,116.6500015258789,114.33000183105469,115.01000213623047,2998300
2024-07-11,112.68159484863281,120.41000366210938,120.86000061035156,118.06999969482422,118.4800033569336,4242900
2024-07-12,112.43827819824219,120.1500015258789,122.61000061035156,119.83999633789062,122.0,4003400
2024-07-15,113.36473083496094,121.13999938964844,121.3499984741211,119.1500015258789,120.3499984741211,3264700
2024-07-16,113.69226837158203,121.48999786376953,122.16999816894531,120.9000015258789,122.16999816894531,4508600
2024-07-17,115.30187225341797,123.20999908447266,129.16000366210938,121.88999938964844,124.44000244140625,8941300
2024-07-18,114.74974060058594,122.62000274658203,127.31999969482422,122.08000183105469,122.5,4631900
2024-07-19,115.80721282958984,123.75,123.77999877929688,121.62999725341797,122.95999908447266,3485200
2024-07-22,118.53044128417969,126.66000366210938,127.25,123.55000305175781,124.6500015258789,6266100
2024-07-23,117.61333465576172,125.68000030517578,126.58999633789062,124.5999984741211,125.95999908447266,3708200
2024-07-24,115.18021392822266,123.08000183105469,126.94999694824219,122.8499984741211,125.41000366210938,4082500
2024-07-25,112.70030975341797,120.43000030517578,124.2300033569336,120.26000213623047,123.73999786376953,3402100
2024-07-26,114.80589294433594,122.68000030517578,123.2699966430664,120.38999938964844,121.18000030517578,3373900
2024-07-29,115.994384765625,123.94999694824219,124.43000030517578,121.37999725341797,122.88999938964844,2376300
2024-07-30,117.99702453613281,126.08999633789062,126.69999694824219,123.55999755859375,124.08000183105469,2663900
2024-07-31,117.9595947265625,126.05000305175781,128.5399932861328,125.25,126.0999984741211,3960100
2024-08-01,119.52240753173828,127.72000122070312,129.66000366210938,125.80999755859375,127.83999633789062,3871100
2024-08-02,116.02245330810547,123.9800033569336,128.4499969482422,122.41999816894531,127.1500015258789,5728500
2024-08-05,111.30593872070312,118.94000244140625,123.12999725341797,118.52999877929688,120.0,5157400
2024-08-06,113.28050994873047,121.05000305175781,122.31999969482422,118.08000183105469,118.95999908447266,4016200
2024-08-07,112.43827819824219,120.1500015258789,124.06999969482422,120.0,123.04000091552734,2967000
2024-08-08,114.16019439697266,121.98999786376953,122.5199966430664,119.7300033569336,120.5999984741211,2806500
2024-08-09,114.07595825195312,121.9000015258789,122.62999725341797,120.41000366210938,122.3499984741211,1901800
2024-08-12,112.28854370117188,119.98999786376953,120.88999938964844,118.75,120.68000030517578,2836800
2024-08-13,114.80589294433594,122.68000030517578,122.97000122070312,120.38999938964844,121.27999877929688,2719500
2024-08-14,115.49839782714844,123.41999816894531,124.33999633789062,122.25,122.7699966430664,2182300
2024-08-15,116.76173400878906,124.7699966430664,125.37000274658203,123.18000030517578,124.12000274658203,2792300
2024-08-16,114.96498107910156,122.8499984741211,124.66999816894531,122.08000183105469,124.38999938964844,2899000
2024-08-19,116.69623565673828,124.69999694824219,124.91000366210938,122.87999725341797,123.13999938964844,1664900
2024-08-20,116.18154907226562,124.1500015258789,124.91000366210938,122.79000091552734,124.69999694824219,2108400
2024-08-21,116.48099517822266,124.47000122070312,125.16999816894531,123.33999633789062,124.26000213623047,2086400
2024-08-22,117.89408111572266,125.9800033569336,126.04000091552734,124.47000122070312,125.08000183105469,2770000
2024-08-23,120.5892333984375,128.86000061035156,129.3699951171875,126.19000244140625,126.70999908447266,2938700
2024-08-26,120.62667083740234,128.89999389648438,129.97000122070312,128.5500030517578,129.89999389648438,2278600
2024-08-27,120.66409301757812,128.94000244140625,129.25999450683594,128.19000244140625,128.19000244140625,2042700
2024-08-28,118.7550277709961,126.9000015258789,129.1999969482422,125.5,128.66000366210938,2501000
2024-08-29,117.28581237792969,125.33000183105469,126.98999786376953,124.63999938964844,126.9000015258789,2419900
2024-08-30,119.61598205566406,127.81999969482422,127.97000122070312,125.11000061035156,126.01000213623047,3618000
2024-09-03,120.13068389892578,128.3699951171875,129.02999877929688,126.37000274658203,126.54000091552734,3526200
2024-09-04,120.037109375,128.27000427246094,130.47999572753906,127.22000122070312,128.61000061035156,3091500
2024-09-05,119.2322998046875,127.41000366210938,129.27000427246094,126.83000183105469,129.07000732421875,2402700
2024-09-06,119.06385040283203,127.2300033569336,128.22000122070312,126.05000305175781,127.5,2484100
2024-09-09,121.89002990722656,130.25,131.11000061035156,127.05000305175781,127.55000305175781,3599400
2024-09-10,123.90200805664062,132.39999389648438,132.57000732421875,130.4499969482422,131.17999267578125,3029800
2024-09-11,122.30177307128906,130.69000244140625,131.36000061035156,128.38999938964844,130.7100067138672,3890300
2024-09-12,121.92744445800781,130.2899932861328,131.66000366210938,128.36000061035156,131.10000610351562,5557000
2024-09-13,121.6373519897461,129.97999572753906,132.38999938964844,129.6699981689453,131.19000244140625,3689400
2024-09-16,121.8824691772461,129.27999877929688,130.16000366210938,128.24000549316406,129.8300018310547,3864300
2024-09-17,121.49592590332031,128.8699951171875,130.0500030517578,127.95999908447266,129.22999572753906,3171100
2024-09-18,119.75178527832031,127.0199966430664,129.32000732421875,126.68000030517578,128.82000732421875,3498600
2024-09-19,121.14710235595703,128.5,129.50999450683594,127.30000305175781,128.82000732421875,2604400
2024-09-20,118.29047393798828,125.47000122070312,127.93000030517578,125.23999786376953,127.69000244140625,8581000
2024-09-23,119.38410949707031,126.62999725341797,127.16999816894531,125.95999908447266,126.5999984741211,3386200
2024-09-24,119.43124389648438,126.68000030517578,127.5199966430664,125.7699966430664,126.41000366210938,3979500
2024-09-25,118.21505737304688,125.38999938964844,127.22000122070312,124.77999877929688,126.7300033569336,3421700
2024-09-26,118.06421661376953,125.2300033569336,126.41999816894531,124.86000061035156,125.88999938964844,3235800
2024-09-27,118.40361022949219,125.58999633789062,127.31999969482422,125.27999877929688,125.98999786376953,3775200
2024-09-30,119.05411529541016,126.27999877929688,126.43000030517578,124.55999755859375,124.77999877929688,3608400
2024-10-01,117.47968292236328,124.61000061035156,126.72000122070312,123.4800033569336,126.63999938964844,3401500
2024-10-02,117.07429504394531,124.18000030517578,124.25,121.94999694824219,122.55999755859375,3848800
2024-10-03,115.05674743652344,122.04000091552734,123.75,121.5,123.7300033569336,3400500
2024-10-04,115.41500091552734,122.41999816894531,122.77999877929688,120.36000061035156,121.58999633789062,2774000
2024-10-07,113.13347625732422,120.0,121.7300033569336,119.30999755859375,121.36000061035156,3186500
2024-10-08,112.51123809814453,119.33999633789062,120.68000030517578,118.22000122070312,120.29000091552734,3035400
2024-10-09,112.03985595703125,118.83999633789062,119.47000122070312,117.9000015258789,118.19000244140625,3661700
2024-10-10,111.51190185546875,118.27999877929688,119.13999938964844,117.47000122070312,118.05999755859375,2767100
2024-10-11,113.35974884033203,120.23999786376953,120.41999816894531,118.1500015258789,118.77999877929688,2712000
2024-10-14,113.56714630126953,120.45999908447266,120.97000122070312,119.5,120.04000091552734,1979000
2024-10-15,114.44393920898438,121.38999938964844,123.05000305175781,120.73999786376953,120.73999786376953,5453600
2024-10-16,119.70465087890625,126.97000122070312,127.6500015258789,121.7699966430664,123.04000091552734,5565200
2024-10-17,115.67897033691406,122.69999694824219,126.91999816894531,122.69999694824219,126.04000091552734,5446800
2024-10-18,115.49041748046875,122.5,123.3499984741211,121.61000061035156,123.01000213623047,3690900
2024-10-21,111.03107452392578,117.7699966430664,121.45999908447266,117.56999969482422,120.72000122070312,3866200
2024-10-22,112.1341323852539,118.94000244140625,119.5999984741211,117.3499984741211,117.3499984741211,3374600
2024-10-23,113.91598510742188,120.83000183105469,121.11000061035156,118.9000015258789,118.93000030517578,4133100
2024-10-24,113.50115966796875,120.38999938964844,121.13999938964844,119.80000305175781,120.05000305175781,4332900
2024-10-25,110.81424713134766,117.54000091552734,120.33000183105469,117.44000244140625,119.80000305175781,3247300
2024-10-28,111.06880187988281,117.80999755859375,118.80000305175781,117.0999984741211,118.44000244140625,3648500
2024-10-29,108.71184539794922,115.30999755859375,118.13999938964844,115.30999755859375,117.77999877929688,3595700
2024-10-30,109.23979949951172,115.87000274658203,117.26000213623047,115.31999969482422,115.9000015258789,3780200
2024-10-31,106.47746276855469,112.94000244140625,115.68000030517578,112.86000061035156,115.16999816894531,5021300
2024-11-01,106.91114807128906,113.4000015258789,115.37000274658203,113.37999725341797,114.80999755859375,3941700
2024-11-04,107.34480285644531,113.86000061035156,115.08999633789062,113.12000274658203,114.04000091552734,2439800
2024-11-05,107.88220977783203,114.43000030517578,114.43000030517578,112.41000366210938,112.9800033569336,2370200
2024-11-06,107.23168182373047,113.73999786376953,115.70999908447266,111.4000015258789,115.70999908447266,5768000
2024-11-07,107.67479705810547,114.20999908447266,114.69000244140625,113.37999725341797,114.16000366210938,3035800
2024-11-08,109.20209503173828,115.83000183105469,116.0,113.94000244140625,114.5,3250900
2024-11-11,107.57107543945312,114.0999984741211,116.4800033569336,113.80000305175781,115.72000122070312,3547000
2024-11-12,106.29832458496094,112.75,115.12000274658203,112.47000122070312,113.80999755859375,2708100
2024-11-13,109.89974212646484,116.56999969482422,117.13999938964844,113.86000061035156,113.91999816894531,4772300
2024-11-14,108.18389129638672,114.75,116.69999694824219,114.2699966430664,116.4000015258789,4757000
2024-11-15,106.93000030517578,113.41999816894531,114.9800033569336,112.66999816894531,114.36000061035156,3889000
2024-11-18,108.08960723876953,114.6500015258789,114.69000244140625,112.41000366210938,112.8499984741211,2411400
2024-11-19,108.54214477539062,115.12999725341797,115.44000244140625,112.88999938964844,113.81999969482422,2950800
2024-11-20,107.98589324951172,114.54000091552734,114.72000122070312,113.5999984741211,114.41999816894531,2821800
2024-11-21,107.44852447509766,113.97000122070312,114.98999786376953,113.5999984741211,114.51000213623047,2626500
2024-11-22,109.17381286621094,115.80000305175781,115.94000244140625,113.95999908447266,114.31999969482422,2432900
2024-11-25,111.31391143798828,118.06999969482422,119.45999908447266,116.31999969482422,116.5199966430664,9970700
2024-11-26,109.52263641357422,116.16999816894531,118.06999969482422,115.5199966430664,117.5999984741211,3367200
2024-11-27,111.05936431884766,117.80000305175781,118.72000122070312,116.91999816894531,117.12999725341797,2655000
2024-11-29,110.09771728515625,116.77999877929688,118.62000274658203,116.66000366210938,117.91999816894531,3124300
2024-12-02,109.21150970458984,115.83999633789062,116.63999938964844,114.81999969482422,116.0999984741211,3386500
2024-12-03,109.73946380615234,116.4000015258789,117.0999984741211,115.58999633789062,115.94999694824219,4520300
2024-12-04,108.46671295166016,115.05000305175781,116.37999725341797,114.37000274658203,116.37999725341797,3761300
2024-12-05,107.27882385253906,113.79000091552734,114.38999938964844,112.88999938964844,114.04000091552734,2510200
2024-12-06,105.59124755859375,112.0,114.44000244140625,111.72000122070312,113.0199966430664,3650800
2024-12-09,108.8155517578125,115.41999816894531,115.44999694824219,112.5,113.0,4717100
2024-12-10,106.6754379272461,113.1500015258789,115.26000213623047,112.55999755859375,115.0999984741211,2908100
2024-12-11,105.55352783203125,111.95999908447266,114.08000183105469,111.29000091552734,113.04000091552734,2804200
2024-12-12,105.26127624511719,111.6500015258789,113.33000183105469,111.30000305175781,111.62000274658203,2868200
2024-12-13,104.77101135253906,111.12999725341797,111.72000122070312,110.62999725341797,111.11000061035156,4741200
2024-12-16,103.53474426269531,108.87000274658203,111.31999969482422,108.5199966430664,110.30000305175781,5586800
2024-12-17,103.53474426269531,108.87000274658203,109.80999755859375,107.93000030517578,108.47000122070312,4687400
2024-12-18,98.81781005859375,103.91000366210938,109.12000274658203,103.83999633789062,108.48999786376953,5422600
2024-12-19,96.43081665039062,101.4000015258789,104.91999816894531,101.37000274658203,104.62999725341797,7786700
2024-12-20,98.25672912597656,103.31999969482422,104.80999755859375,100.81999969482422,100.81999969482422,11067200
2024-12-23,99.03653717041016,104.13999938964844,104.41999816894531,102.55999755859375,102.95999908447266,4626200
2024-12-24,99.569091796875,104.69999694824219,104.80000305175781,103.44000244140625,103.73999786376953,1883700
2024-12-26,101.65177154541016,106.88999938964844,107.47000122070312,103.56999969482422,103.98999786376953,4799000
2024-12-27,100.0826187133789,105.23999786376953,107.2300033569336,104.80999755859375,106.16000366210938,3655100
2024-12-30,99.94949340820312,105.0999984741211,105.47000122070312,103.62999725341797,104.86000061035156,4038500
2024-12-31,100.52008819580078,105.69999694824219,106.41000366210938,104.79000091552734,106.08999633789062,4602700
2025-01-02,99.15066528320312,104.26000213623047,106.56999969482422,103.77999877929688,106.38999938964844,4180100
2025-01-03,100.4535140991211,105.62999725341797,105.93000030517578,103.63999938964844,104.51000213623047,3558800
2025-01-06,101.43303680419922,106.66000366210938,108.83999633789062,105.75,106.5,4450200
2025-01-07,101.35696411132812,106.58000183105469,108.29000091552734,106.06999969482422,107.52999877929688,4958800
2025-01-08,100.32988739013672,105.5,106.62999725341797,104.91000366210938,106.41000366210938,3571500
2025-01-10,98.51348114013672,103.58999633789062,105.0,103.5,104.0,4230700
2025-01-13,100.20626068115234,105.37000274658203,105.45999908447266,103.2300033569336,103.58999633789062,5774700
2025-01-14,102.82149505615234,108.12000274658203,108.58000183105469,105.37000274658203,105.58000183105469,4444400
2025-01-15,102.5647201538086,107.8499984741211,112.0,107.73999786376953,111.48999786376953,4571000
2025-01-16,105.49378204345703,110.93000030517578,111.05999755859375,107.7699966430664,108.22000122070312,5499800
2025-01-17,104.1148452758789,109.4800033569336,111.61000061035156,109.41999816894531,111.19999694824219,5270800
2025-01-21,111.52308654785156,117.2699966430664,117.88999938964844,110.16999816894531,110.26000213623047,8040000
2025-01-22,109.48796844482422,115.12999725341797,117.4800033569336,114.5199966430664,116.26000213623047,5429500
2025-01-23,112.73085021972656,118.54000091552734,118.58000183105469,114.5,115.29000091552734,4788700
2025-01-24,113.10174560546875,118.93000030517578,120.06999969482422,117.20999908447266,118.52999877929688,4165800
2025-01-27,115.30805206298828,121.25,122.08999633789062,117.98999786376953,117.98999786376953,5253400
2025-01-28,114.31901550292969,120.20999908447266,121.55999755859375,119.80999755859375,121.0999984741211,3494600
2025-01-29,113.3299789428711,119.16999816894531,121.01000213623047,118.45999908447266,120.5,2758100
2025-01-30,114.73744201660156,120.6500015258789,122.25,119.37999725341797,120.77999877929688,2844000
2025-01-31,113.40606689453125,119.25,120.69000244140625,118.44999694824219,119.7699966430664,3753700
2025-02-03,112.06515502929688,117.83999633789062,118.51000213623047,114.45999908447266,116.02999877929688,3704000
2025-02-04,112.51211547851562,118.30999755859375,118.80999755859375,116.18000030517578,116.26000213623047,2273400
2025-02-05,112.95909118652344,118.77999877929688,119.44000244140625,117.48999786376953,119.44000244140625,2797800
2025-02-06,112.73085021972656,118.54000091552734,119.2300033569336,116.83999633789062,119.2300033569336,3476400
2025-02-07,111.59915924072266,117.3499984741211,119.2300033569336,117.0,118.77999877929688,2873000
2025-02-10,113.61528015136719,119.47000122070312,119.58999633789062,117.62999725341797,118.05000305175781,2768800
2025-02-11,115.80256652832031,121.7699966430664,122.16999816894531,119.0,119.0,3673500
2025-02-12,113.90057373046875,119.7699966430664,120.6500015258789,118.62000274658203,118.62000274658203,3374700
2025-02-13,114.9751968383789,120.9000015258789,121.45999908447266,118.80999755859375,119.91000366210938,2443800
2025-02-14,114.92765045166016,120.8499984741211,122.61000061035156,120.6500015258789,121.69999694824219,2101300
2025-02-18,115.36509704589844,121.30999755859375,121.81999969482422,120.25,120.76000213623047,2151200
2025-02-19,115.6694107055664,121.62999725341797,122.16000366210938,120.05000305175781,120.7300033569336,5276400
2025-02-20,114.9751968383789,120.9000015258789,121.62999725341797,120.18000030517578,121.62999725341797,2484700
2025-02-21,115.0417709350586,120.97000122070312,121.44999694824219,119.62999725341797,121.30000305175781,3152000
2025-02-24,114.81353759765625,120.7300033569336,122.08000183105469,119.9800033569336,121.12000274658203,2708500
2025-02-25,116.60138702392578,122.61000061035156,123.06999969482422,120.94999694824219,121.29000091552734,3732700
2025-02-26,116.17345428466797,122.16000366210938,123.43000030517578,121.7699966430664,122.94999694824219,2324900
2025-02-27,116.75354766845703,122.7699966430664,124.0,121.5,122.25,2293300
2025-02-28,117.84719848632812,123.91999816894531,124.25,121.91000366210938,122.83999633789062,5562200
2025-03-03,117.4858169555664,123.54000091552734,124.98999786376953,122.73999786376953,124.16000366210938,3184000
2025-03-04,115.81207275390625,121.77999877929688,124.13999938964844,121.58000183105469,123.08999633789062,3242400
2025-03-05,117.96131896972656,124.04000091552734,124.66999816894531,120.5199966430664,120.86000061035156,4300600
2025-03-06,114.40460968017578,120.30000305175781,123.4800033569336,119.7300033569336,122.8499984741211,4080200
2025-03-07,114.03372192382812,119.91000366210938,121.44000244140625,118.05000305175781,120.75,4004300
2025-03-10,112.09369659423828,117.87000274658203,120.13999938964844,117.27999877929688,119.44999694824219,4238600
2025-03-11,111.43751525878906,117.18000030517578,119.0999984741211,115.52999877929688,118.83000183105469,5521700
2025-03-12,110.05856323242188,115.7300033569336,118.01000213623047,115.66000366210938,117.63999938964844,3608400
2025-03-13,104.95172119140625,110.36000061035156,116.44000244140625,110.12000274658203,115.72000122070312,4802800
2025-03-14,106.40673828125,111.88999938964844,112.29000091552734,110.5,111.76000213623047,4732700
2025-03-17,108.83177947998047,114.44000244140625,114.98999786376953,111.48999786376953,111.5,3436100
2025-03-18,107.8243408203125,112.37999725341797,114.0,111.63999938964844,113.86000061035156,3464200
2025-03-19,108.39043426513672,112.97000122070312,113.73999786376953,111.69999694824219,112.26000213623047,4121100
2025-03-20,107.52690887451172,112.06999969482422,113.91999816894531,111.69999694824219,112.62000274658203,3344200
2025-03-21,104.02487182617188,108.41999816894531,111.66000366210938,107.93000030517578,111.2699966430664,7526600
2025-03-24,105.79029083251953,110.26000213623047,110.43000030517578,108.12000274658203,109.27999877929688,5379400
2025-03-25,104.80204772949219,109.2300033569336,110.44000244140625,108.41999816894531,110.06999969482422,3467100
2025-03-26,106.62500762939453,111.12999725341797,111.58000183105469,109.4800033569336,109.5999984741211,3246100
2025-03-27,106.26041412353516,110.75,112.33000183105469,110.58999633789062,111.2300033569336,2825100
2025-03-28,105.97257995605469,110.44999694824219,111.62000274658203,109.93000030517578,111.0,3660200
2025-03-31,107.25826263427734,111.79000091552734,112.20999908447266,110.0999984741211,110.30999755859375,5071200
2025-04-01,106.93204498291016,111.44999694824219,112.73999786376953,110.08999633789062,112.54000091552734,3359900
2025-04-02,107.78596496582031,112.33999633789062,112.55000305175781,110.16000366210938,111.44999694824219,3230800
2025-04-03,97.47174072265625,101.58999633789062,109.37999725341797,101.18000030517578,108.11000061035156,7613200
2025-04-04,94.24795532226562,98.2300033569336,100.31999969482422,95.33999633789062,99.3499984741211,12661100
2025-04-07,90.68834686279297,94.5199966430664,99.16999816894531,91.66999816894531,96.6500015258789,12717900
2025-04-08,86.1213150024414,89.76000213623047,97.58999633789062,88.31999969482422,97.05999755859375,8177500
2025-04-09,94.23836517333984,98.22000122070312,98.80999755859375,85.3499984741211,87.94999694824219,17532000
2025-04-10,91.0433578491211,94.88999938964844,97.47000122070312,92.83999633789062,96.5199966430664,17204000
2025-04-11,92.32903289794922,96.2300033569336,96.41000366210938,92.5199966430664,94.02999877929688,6480100
2025-04-14,94.31511688232422,98.30000305175781,99.37999725341797,96.87000274658203,97.63999938964844,6844900
2025-04-15,94.48782348632812,98.4800033569336,99.5,98.0999984741211,98.86000061035156,6702200
2025-04-16,96.22444915771484,100.29000091552734,101.91000366210938,97.9800033569336,99.69999694824219,7334600
2025-04-17,97.96107482910156,102.0999984741211,103.68000030517578,101.0,101.08000183105469,6213100
2025-04-21,94.6317367553711,98.62999725341797,101.0,97.0999984741211,100.51000213623047,4801500
2025-04-22,95.89823150634766,99.94999694824219,101.0999984741211,98.7699966430664,100.22000122070312,4794400
2025-04-23,97.36621856689453,101.4800033569336,104.9800033569336,100.97000122070312,102.2300033569336,6911200
2025-04-24,99.17000579833984,103.36000061035156,103.72000122070312,100.97000122070312,101.95999908447266,4602300
2025-04-25,98.09539031982422,102.23999786376953,103.5,101.98999786376953,103.37000274658203,2828200
2025-04-28,99.1316146850586,103.31999969482422,104.0999984741211,101.87999725341797,102.30999755859375,3149600
2025-04-29,98.92053985595703,103.0999984741211,103.66999816894531,102.05000305175781,102.56999969482422,2520500
2025-04-30,98.05701446533203,102.19999694824219,103.06999969482422,100.22000122070312,102.44000244140625,7712300
2025-05-01,98.90135192871094,103.08000183105469,104.47000122070312,101.95999908447266,103.27999877929688,3956100
2025-05-02,101.13689422607422,105.41000366210938,105.91999816894531,104.41000366210938,105.16999816894531,4193700
2025-05-05,101.06014251708984,105.33000183105469,106.0199966430664,104.37999725341797,104.5999984741211,3246600
2025-05-06,100.26378631591797,104.5,105.51000213623047,103.5999984741211,104.72000122070312,6505100
2025-05-07,100.78189849853516,105.04000091552734,106.0199966430664,104.19999694824219,104.5,4741200
2025-05-08,101.21365356445312,105.48999786376953,106.43000030517578,103.44999694824219,105.16999816894531,3514500
2025-05-09,102.57609558105469,106.91000366210938,107.27999877929688,105.23999786376953,105.69000244140625,5506200
2025-05-12,105.85745239257812,110.33000183105469,112.94999694824219,110.0,110.94999694824219,10025000
2025-05-13,105.25298309326172,109.69999694824219,110.51000213623047,108.5,110.19999694824219,4533900
2025-05-14,103.23811340332031,107.5999984741211,109.16999816894531,106.68000030517578,108.8499984741211,7699900
2025-05-15,104.80204772949219,109.2300033569336,109.51000213623047,106.62000274658203,107.4800033569336,3163500
2025-05-16,106.06853485107422,110.55000305175781,110.62999725341797,108.76000213623047,109.33999633789062,2768400
2025-05-19,106.16448211669922,110.6500015258789,110.81999969482422,108.3499984741211,108.80999755859375,2880300
2025-05-20,104.32231140136719,108.7300033569336,110.70999908447266,108.47000122070312,109.93000030517578,2689400
2025-05-21,100.42688751220703,104.66999816894531,108.19999694824219,104.36000061035156,107.83999633789062,2861600
2025-05-22,100.82986450195312,105.08999633789062,105.87999725341797,103.80000305175781,104.7699966430664,3492800
2025-05-23,99.82243347167969,104.04000091552734,104.86000061035156,103.0199966430664,104.33000183105469,3075500
2025-05-27,102.29783630371094,106.62000274658203,106.87999725341797,104.44999694824219,105.38999938964844,4067300
2025-05-28,103.5451431274414,107.91999816894531,108.0,106.4800033569336,106.88999938964844,4580500
2025-05-29,104.80204772949219,109.2300033569336,111.37999725341797,108.37999725341797,108.87999725341797,4585600
2025-05-30,104.19757843017578,108.5999984741211,109.08999633789062,106.7699966430664,108.70999908447266,7261600
2025-06-02,104.34149169921875,108.75,108.75,106.1500015258789,107.86000061035156,3958700
2025-06-03,104.60054779052734,109.0199966430664,109.52999877929688,107.73999786376953,108.31999969482422,3423200
2025-06-04,104.03446197509766,108.43000030517578,109.12999725341797,108.27999877929688,108.87999725341797,2436300
2025-06-05,103.4491958618164,107.81999969482422,109.0,107.37999725341797,108.5,2632800
2025-06-06,104.37987518310547,108.79000091552734,110.0199966430664,108.1500015258789,108.9000015258789,3644400
2025-06-09,104.51419830322266,108.93000030517578,110.05999755859375,108.48999786376953,109.2699966430664,3032300
2025-06-10,105.05149841308594,109.48999786376953,110.0,108.18000030517578,109.0,3771600
2025-06-11,104.10162353515625,108.5,110.13999938964844,108.22000122070312,110.01000213623047,3454900
2025-06-12,104.0440673828125,108.44000244140625,109.37999725341797,107.66000366210938,107.9000015258789,3526800
2025-06-13,102.93108367919922,107.27999877929688,107.94000244140625,106.23999786376953,107.36000061035156,3359400
2025-06-16,102.48973083496094,106.81999969482422,108.54000091552734,106.4000015258789,107.0,4537500
2025-06-17,101.79232025146484,105.08999633789062,106.19000244140625,104.30000305175781,105.44000244140625,3068100
2025-06-18,101.78263854980469,105.08000183105469,106.68000030517578,104.5,105.0,2599300
2025-06-20,102.37350463867188,105.69000244140625,106.2699966430664,105.12000274658203,105.52999877929688,6746300
2025-06-23,103.768310546875,107.12999725341797,107.26000213623047,104.87999725341797,105.58000183105469,3118900
2025-06-24,104.73693084716797,108.12999725341797,108.5999984741211,106.37000274658203,107.0,2990100
2025-06-25,101.49205017089844,104.77999877929688,107.51000213623047,104.70999908447266,107.51000213623047,4926000
2025-06-26,101.11428833007812,104.38999938964844,105.11000061035156,103.5,104.76000213623047,4506500
2025-06-27,102.30569458007812,105.62000274658203,107.61000061035156,105.02999877929688,105.11000061035156,5732900
2025-06-30,101.8213882446289,105.12000274658203,105.8499984741211,103.44999694824219,105.44000244140625,7418000
2025-07-01,103.23558044433594,106.58000183105469,108.47000122070312,104.25,104.87000274658203,6626300
2025-07-02,104.91128540039062,108.30999755859375,108.45999908447266,106.11000061035156,106.73999786376953,3458900
2025-07-03,104.63038635253906,108.0199966430664,108.77999877929688,107.62000274658203,108.29000091552734,1549600
2025-07-07,102.99342346191406,106.33000183105469,109.0,105.51000213623047,107.75,3837900
2025-07-08,103.49710083007812,106.8499984741211,108.36000061035156,105.75,105.83999633789062,2939000
2025-07-09,103.0515365600586,106.38999938964844,107.48999786376953,105.27999877929688,107.12999725341797,4461200
2025-07-10,105.00814819335938,108.41000366210938,110.0,106.52999877929688,106.91999816894531,4765000
2025-07-11,105.74429321289062,109.16999816894531,109.16999816894531,106.45999908447266,106.69999694824219,3209800
2025-07-14,105.91864013671875,109.3499984741211,109.52999877929688,108.08999633789062,108.37999725341797,3582000
2025-07-15,105.21156311035156,108.62000274658203,110.11000061035156,108.19000244140625,109.68000030517578,5309300
2025-07-16,106.7129135131836,110.16999816894531,114.5,109.0199966430664,112.75,12177900
2025-07-17,103.09027862548828,106.43000030517578,110.45999908447266,105.75,109.37000274658203,6612800
2025-07-18,103.42929077148438,106.77999877929688,107.16999816894531,105.72000122070312,107.16999816894531,4481500
2025-07-21,104.47541046142578,107.86000061035156,108.69999694824219,106.68000030517578,107.25,3838200
2025-07-22,105.76367950439453,109.19000244140625,109.37000274658203,107.69999694824219,108.22000122070312,5214700
2025-07-23,106.54824829101562,110.0,110.41999816894531,108.54000091552734,109.13999938964844,4215000
2025-07-24,106.27703857421875,109.72000122070312,110.54000091552734,109.22000122070312,109.79000091552734,6208800
2025-07-25,106.82915496826172,110.29000091552734,110.36000061035156,108.33000183105469,109.94999694824219,2150700
2025-07-28,103.75862884521484,107.12000274658203,110.27999877929688,107.06999969482422,110.0,2850600
2025-07-29,106.27703857421875,109.72000122070312,109.83000183105469,106.80000305175781,107.58000183105469,3812700
2025-07-30,105.08563995361328,108.48999786376953,110.38999938964844,107.58999633789062,109.9000015258789,3796500
2025-07-31,103.42929077148438,106.77999877929688,108.77999877929688,106.58999633789062,107.47000122070312,4136100
2025-08-01,101.61797332763672,104.91000366210938,107.2699966430664,104.0999984741211,107.18000030517578,6122800
2025-08-04,101.90856170654297,105.20999908447266,105.88999938964844,104.41000366210938,105.33000183105469,4631700
2025-08-05,103.68114471435547,107.04000091552734,107.58000183105469,105.30000305175781,105.69999694824219,3556700
2025-08-06,102.4122543334961,105.7300033569336,107.43000030517578,105.62999725341797,106.93000030517578,3706100
2025-08-07,102.95466613769531,106.29000091552734,107.4800033569336,105.30999755859375,106.95999908447266,2214900
2025-08-08,102.36381530761719,105.68000030517578,106.7699966430664,105.62000274658203,106.22000122070312,1841700
2025-08-11,100.81402587890625,104.08000183105469,105.86000061035156,103.94000244140625,105.41000366210938,3181500
2025-08-12,101.52111053466797,104.80999755859375,104.94000244140625,103.41000366210938,104.30000305175781,2847100
2025-08-13,102.85781860351562,106.19000244140625,106.54000091552734,104.54000091552734,105.12000274658203,2679200
2025-08-14,102.52848052978516,105.8499984741211,106.31999969482422,104.06999969482422,105.30000305175781,2267900
2025-08-15,103.24524688720703,106.58999633789062,106.80000305175781,105.9800033569336,106.31999969482422,1924200
2025-08-18,102.13134765625,105.44000244140625,106.61000061035156,105.41999816894531,106.56999969482422,2035600
2025-08-19,107.28440856933594,110.76000213623047,110.87000274658203,107.02999877929688,107.47000122070312,3985500
2025-08-20,106.72261047363281,110.18000030517578,112.12000274658203,109.73999786376953,111.43000030517578,3227300
2025-08-21,104.98877716064453,108.38999938964844,109.61000061035156,107.83999633789062,109.05000305175781,3045700
2025-08-22,108.75670623779297,112.27999877929688,113.1500015258789,109.13999938964844,109.2300033569336,3554100
2025-08-25,108.11742401123047,111.62000274658203,112.75,111.30000305175781,112.0199966430664,2022800
2025-08-26,107.85588836669922,111.3499984741211,112.80999755859375,111.05000305175781,111.58000183105469,4839100
2025-08-27,109.1441650390625,112.68000030517578,114.19999694824219,112.12000274658203,112.77999877929688,3451400
2025-08-28,109.10540771484375,112.63999938964844,112.94000244140625,111.4000015258789,112.79000091552734,2559100
2025-08-29,110.20963287353516,113.77999877929688,113.95999908447266,112.19000244140625,112.41000366210938,2827600
2025-09-02,107.8074722290039,111.30000305175781,112.58000183105469,111.01000213623047,112.25,3396000
2025-09-03,107.46843719482422,110.94999694824219,112.25,110.87000274658203,111.0,3333700
2025-09-04,109.07636260986328,112.61000061035156,112.80999755859375,110.51000213623047,111.25,2499500
2025-09-05,110.0837173461914,113.6500015258789,114.94999694824219,112.9800033569336,113.58999633789062,2595800
2025-09-08,109.99652862548828,113.55999755859375,113.76000213623047,111.66000366210938,112.16999816894531,2791100
2025-09-09,108.45643615722656,111.97000122070312,113.9800033569336,111.55000305175781,113.27999877929688,5307200
2025-09-10,107.49750518798828,110.9800033569336,112.29000091552734,110.5999984741211,111.91000366210938,3118900
2025-09-11,111.21699523925781,114.81999969482422,115.66999816894531,111.0,111.30999755859375,5039900
2025-09-12,111.73037719726562,115.3499984741211,115.91000366210938,114.16999816894531,114.86000061035156,3552200
2025-09-15,110.68425750732422,114.2699966430664,116.0,113.69000244140625,115.29000091552734,2717900
2025-09-16,111.43675231933594,114.02999877929688,114.87999725341797,112.87999725341797,113.87000274658203,2989900
2025-09-17,111.29994201660156,113.88999938964844,116.41000366210938,113.37999725341797,114.9800033569336,2869800
2025-09-18,112.54105377197266,115.16000366210938,115.80000305175781,113.87999725341797,114.30000305175781,3936000
2025-09-19,110.92858123779297,113.51000213623047,115.30999755859375,113.25,115.18000030517578,8647800
2025-09-22,111.33902740478516,113.93000030517578,114.45999908447266,112.0,113.16000366210938,2798700
2025-09-23,111.8374252319336,114.44000244140625,114.6500015258789,113.0999984741211,113.9800033569336,2319000
2025-09-24,110.29336547851562,112.86000061035156,114.33999633789062,112.58000183105469,113.80000305175781,3274300
2025-09-25,110.63540649414062,113.20999908447266,113.76000213623047,112.5999984741211,112.91999816894531,2596400
2025-09-26,111.5931167602539,114.19000244140625,114.5999984741211,112.8499984741211,113.45999908447266,3021600
2025-09-29,111.6419677734375,114.23999786376953,114.87000274658203,113.62000274658203,114.5999984741211,2470900
2025-09-30,111.91561126708984,114.5199966430664,114.54000091552734,113.11000061035156,114.22000122070312,3617400
2025-10-01,113.83103942871094,116.4800033569336,116.5199966430664,113.80000305175781,114.30999755859375,2980900
2025-10-02,113.4792251586914,116.12000274658203,116.4800033569336,114.54000091552734,116.22000122070312,2935700
2025-10-03,114.39784240722656,117.05999755859375,118.19999694824219,116.01000213623047,116.4000015258789,3136900
2025-10-06,114.46624755859375,117.12999725341797,117.79000091552734,116.37000274658203,117.0,2540200
2025-10-07,113.33262634277344,115.97000122070312,117.62000274658203,114.1500015258789,117.4800033569336,2969000
2025-10-08,113.35218048095703,115.98999786376953,116.75,114.73999786376953,116.0199966430664,2324500
2025-10-09,111.84719848632812,114.44999694824219,116.04000091552734,114.05000305175781,115.86000061035156,2276200
2025-10-10,108.70043182373047,111.2300033569336,115.23999786376953,111.02999877929688,114.76000213623047,2924100
2025-10-13,110.15653991699219,112.72000122070312,113.04000091552734,111.37999725341797,112.0199966430664,2624300
2025-10-14,112.82444763183594,115.44999694824219,115.70999908447266,111.80999755859375,112.55000305175781,3150800
2025-10-15,119.96821594238281,122.76000213623047,123.27999877929688,116.51000213623047,116.66999816894531,7999900
2025-10-16,118.41437530517578,121.16999816894531,125.05000305175781,120.25,123.86000061035156,6320200
2025-10-17,121.2582015991211,124.08000183105469,124.36000061035156,121.16999816894531,121.27999877929688,5377000
2025-10-20,124.28768920898438,127.18000030517578,127.47000122070312,124.08000183105469,125.19999694824219,4181000
2025-10-21,123.124755859375,125.98999786376953,127.5,125.63999938964844,126.94000244140625,2975600
2025-10-22,123.0856704711914,125.94999694824219,127.0199966430664,124.55999755859375,126.2300033569336,2727300
2025-10-23,122.90975952148438,125.7699966430664,126.72000122070312,124.95999908447266,125.91999816894531,2647900
2025-10-24,123.55475616455078,126.43000030517578,127.3499984741211,125.79000091552734,126.55999755859375,2965900
2025-10-27,124.18997192382812,127.08000183105469,127.12000274658203,125.83999633789062,126.80999755859375,2940900
2025-10-28,122.86090087890625,125.72000122070312,126.94000244140625,125.1500015258789,126.43000030517578,2922800
2025-10-29,120.66207122802734,123.47000122070312,125.5999984741211,122.97000122070312,124.77999877929688,3329800
2025-10-30,121.40478515625,124.2300033569336,124.66000366210938,122.55000305175781,122.81999969482422,2367100
2025-10-31,121.2679672241211,124.08999633789062,124.91999816894531,122.98999786376953,123.69999694824219,3892700
2025-11-03,121.39501953125,124.22000122070312,124.47000122070312,121.75,123.13999938964844,3336100
2025-11-04,121.18001556396484,124.0,125.6500015258789,123.19999694824219,124.0,3086900
2025-11-05,121.00411224365234,123.81999969482422,125.05000305175781,123.55999755859375,124.62000274658203,4179300
2025-11-06,121.18001556396484,124.0,125.37999725341797,123.19999694824219,124.19000244140625,3575300
2025-11-07,122.74363708496094,125.5999984741211,125.62999725341797,123.47000122070312,124.11000061035156,2322100
2025-11-10,122.05955505371094,124.9000015258789,125.97000122070312,123.66000366210938,125.43000030517578,2101300
2025-11-11,123.38861846923828,126.26000213623047,126.41000366210938,124.68000030517578,125.22000122070312,2068000
2025-11-12,122.00090789794922,124.83999633789062,126.4000015258789,124.79000091552734,125.72000122070312,2687000
2025-11-13,121.18001556396484,124.0,124.83000183105469,123.30000305175781,124.08999633789062,3761000
2025-11-14,120.03662872314453,122.83000183105469,125.0199966430664,122.66999816894531,124.0,3651800
2025-11-17,120.71092987060547,123.5199966430664,124.69000244140625,122.4000015258789,123.52999877929688,3111000
2025-11-18,120.98456573486328,123.80000305175781,124.25,122.30999755859375,123.30000305175781,6382500
2025-11-19,119.61640167236328,122.4000015258789,124.2699966430664,121.4000015258789,123.80000305175781,5119100
2025-11-20,120.32003021240234,123.12000274658203,125.55000305175781,122.9000015258789,123.6500015258789,3087200
2025-11-21,122.92930603027344,125.79000091552734,126.5,122.61000061035156,123.76000213623047,3709000
2025-11-24,123.57430267333984,126.44999694824219,127.55999755859375,125.36000061035156,126.45999908447266,10057900
2025-11-25,124.492919921875,127.38999938964844,128.44000244140625,126.2699966430664,126.44999694824219,3158000
2025-11-26,125.24541473388672,128.16000366210938,129.27999877929688,125.9800033569336,127.51000213623047,2183000
2025-11-28,125.60698699951172,128.52999877929688,129.3300018310547,127.9000015258789,128.0,1343800
2025-12-01,125.99789428710938,128.92999267578125,129.77000427246094,127.16000366210938,127.5999984741211,2706200
2025-12-02,125.99789428710938,128.92999267578125,129.8699951171875,128.22999572753906,129.8699951171875,3458200
2025-12-03,126.25198364257812,129.19000244140625,129.52999877929688,128.02999877929688,128.82000732421875,3294300
2025-12-04,125.26494598388672,128.17999267578125,130.4499969482422,128.02999877929688,129.14999389648438,3902300
2025-12-05,125.06951141357422,127.9800033569336,128.8300018310547,127.7699966430664,128.17999267578125,3242200
2025-12-08,123.78929138183594,126.66999816894531,127.97000122070312,126.61000061035156,127.5,2927900
2025-12-09,124.55155181884766,127.44999694824219,128.22999572753906,126.8499984741211,127.4000015258789,4358400
2025-12-10,126.76016998291016,129.7100067138672,130.55999755859375,127.31999969482422,127.75,3479900
2025-12-11,127.59082794189453,130.55999755859375,131.33999633789062,129.97000122070312,130.1199951171875,3702700
2025-12-12,127.21947479248047,130.17999267578125,131.6999969482422,129.80999755859375,131.61000061035156,2721600
2025-12-15,127.68855285644531,130.66000366210938,131.1199951171875,129.02000427246094,131.1199951171875,2863300
2025-12-16,125.6794204711914,127.61000061035156,130.05999755859375,127.4000015258789,129.25,3248500
2025-12-17,126.1324691772461,128.07000732421875,129.02999877929688,127.08999633789062,127.5199966430664,4780100
2025-12-18,125.72866821289062,127.66000366210938,129.7899932861328,127.5999984741211,128.88999938964844,3559200
2025-12-19,125.30516815185547,127.2300033569336,128.4600067138672,126.91999816894531,128.27999877929688,8629400
2025-12-22,125.65972137451172,127.58999633789062,128.3699951171875,127.20999908447266,127.2699966430664,2859800
2025-12-23,125.83699798583984,127.7699966430664,127.97000122070312,127.22000122070312,127.31999969482422,2114000
2025-12-24,127.19611358642578,129.14999389648438,129.47000122070312,128.0,128.16000366210938,1050000
2025-12-26,126.76277923583984,128.7100067138672,129.5,128.0500030517578,129.1999969482422,1090300
2025-12-29,126.5362548828125,128.47999572753906,129.64999389648438,128.02999877929688,129.17999267578125,2637800
2025-12-30,127.05823516845703,129.00999450683594,129.13999938964844,128.22999572753906,128.47999572753906,1757500
2025-12-31,125.72866821289062,127.66000366210938,129.4600067138672,127.62999725341797,129.10000610351562,2761200
2026-01-02,127.0976333618164,129.0500030517578,129.30999755859375,127.23999786376953,127.73999786376953,3280500
2026-01-05,127.72795867919922,129.69000244140625,130.80999755859375,127.76000213623047,128.6999969482422,3265300
2026-01-06,125.53169250488281,127.45999908447266,129.94000244140625,126.3499984741211,129.24000549316406,3927000
2026-01-07,124.98016357421875,126.9000015258789,129.36000061035156,126.7300033569336,127.93000030517578,3698700
2026-01-08,126.44762420654297,128.38999938964844,129.32000732421875,126.0,126.36000061035156,3295800
2026-01-09,127.44233703613281,129.39999389648438,129.75,128.22999572753906,128.32000732421875,2405600
2026-01-12,127.10747528076172,129.05999755859375,130.0500030517578,128.77999877929688,129.14999389648438,2055500
2026-01-13,128.24993896484375,130.22000122070312,130.22000122070312,127.36000061035156,129.0800018310547,3105800
2026-01-14,130.2098388671875,132.2100067138672,132.22000122070312,129.80999755859375,130.55999755859375,2745900
2026-01-15,130.7416534423828,132.75,134.0500030517578,132.2100067138672,132.64999389648438,2795000
2026-01-16,131.19471740722656,133.2100067138672,134.94000244140625,132.05999755859375,132.57000732421875,4652300
2026-01-20,128.8310089111328,130.80999755859375,132.3800048828125,130.38999938964844,131.8800048828125,5632500
2026-01-21,129.156005859375,131.13999938964844,134.52000427246094,128.72000122070312,134.52000427246094,6036200
2026-01-22,124.7536392211914,126.66999816894531,131.0399932861328,126.44000244140625,130.6999969482422,6072600
2026-01-23,125.22638702392578,127.1500015258789,127.38999938964844,125.66999816894531,126.93000030517578,4134700
2026-01-26,124.51727294921875,126.43000030517578,128.58999633789062,126.33999633789062,128.3699951171875,3350900
2026-01-27,126.7529296875,128.6999969482422,128.83999633789062,125.47000122070312,126.33000183105469,3019700
2026-01-28,125.20668029785156,127.12999725341797,129.24000549316406,126.66999816894531,128.75999450683594,3859700
2026-01-29,128.4370574951172,130.41000366210938,130.50999450683594,127.2699966430664,128.4499969482422,4510700
2026-01-30,128.5847930908203,130.55999755859375,130.7100067138672,128.80999755859375,129.3300018310547,4835900
2026-02-02,127.71810150146484,129.67999267578125,131.66000366210938,129.60000610351562,130.5399932861328,2383600
2026-02-03,129.88482666015625,131.8800048828125,132.41000366210938,129.50999450683594,129.50999450683594,3058300
2026-02-04,132.80003356933594,134.83999633789062,135.1199951171875,132.77999877929688,132.91000366210938,3888800
2026-02-05,134.0803680419922,136.13999938964844,136.97000122070312,133.5,134.33999633789062,3746800
2026-02-06,134.87811279296875,136.9499969482422,137.49000549316406,135.66000366210938,137.00999450683594,3120600
2026-02-09,135.203125,137.27999877929688,137.49000549316406,135.13999938964844,136.3699951171875,2047300
2026-02-10,138.35470581054688,140.47999572753906,140.9600067138672,137.5,137.9199981689453,2831200
2026-02-11,137.7637939453125,139.8800048828125,141.85000610351562,139.8300018310547,140.1999969482422,3623400
2026-02-12,134.31674194335938,136.3800048828125,141.9499969482422,135.6199951171875,140.6699981689453,5147200
2026-02-13,136.86756896972656,138.97000122070312,140.47000122070312,136.8300018310547,137.52999877929688,3096500
2026-02-17,139.62521362304688,141.77000427246094,141.9499969482422,139.1300048828125,139.86000061035156,3079400
2026-02-18,137.517578125,139.6300048828125,141.5800018310547,138.7100067138672,141.14999389648438,2751500
2026-02-19,136.93649291992188,139.0399932861328,139.7899932861328,138.19000244140625,139.11000061035156,1772600
2026-02-20,139.36912536621094,141.50999450683594,141.52999877929688,138.66000366210938,138.9600067138672,2408800
2026-02-23,138.61077880859375,140.74000549316406,142.39999389648438,139.97000122070312,141.3300018310547,3942300
2026-02-24,138.1774444580078,140.3000030517578,141.2100067138672,139.36000061035156,140.41000366210938,2359700
2026-02-25,137.91151428222656,140.02999877929688,140.9499969482422,139.60000610351562,140.39999389648438,2865400
2026-02-26,140.50172424316406,142.66000366210938,142.85000610351562,140.35000610351562,140.44000244140625,3221700
2026-02-27,140.41310119628906,142.57000732421875,143.9499969482422,141.9499969482422,142.1199951171875,5263800
2026-03-02,140.56082153320312,142.72000122070312,143.02000427246094,139.66000366210938,141.0,3204600
2026-03-03,138.86683654785156,141.0,141.38999938964844,137.82000732421875,139.5,2590700
2026-03-04,137.3107452392578,139.4199981689453,141.1999969482422,138.0500030517578,141.0500030517578,3018600
2026-03-05,135.76451110839844,137.85000610351562,138.05999755859375,136.25999450683594,137.9199981689453,4350800
2026-03-06,132.50457763671875,134.5399932861328,135.9199981689453,132.89999389648438,135.77999877929688,5286600
2026-03-09,133.1053466796875,135.14999389648438,136.05999755859375,129.8800048828125,133.02999877929688,4635400
2026-03-10,134.10008239746094,136.16000366210938,137.8699951171875,133.86000061035156,134.7899932861328,4050400
2026-03-11,132.36669921875,134.39999389648438,135.6199951171875,133.60000610351562,135.4600067138672,2971300
2026-03-12,129.90451049804688,131.89999389648438,132.89999389648438,130.0,132.89999389648438,4745800
2026-03-13,129.7567901611328,131.75,133.7899932861328,131.38999938964844,133.22000122070312,2342900
2026-03-16,132.0417022705078,134.07000732421875,135.1999969482422,132.5800018310547,133.47000122070312,2170200
2026-03-17,132.25018310546875,133.2100067138672,135.66000366210938,133.19000244140625,134.52999877929688,2518800
2026-03-18,130.25465393066406,131.1999969482422,133.22999572753906,130.89999389648438,132.39999389648438,2754200
2026-03-19,130.14544677734375,131.08999633789062,131.52999877929688,129.75999450683594,130.66000366210938,2767300
2026-03-20,127.08763885498047,128.00999450683594,131.1199951171875,127.29000091552734,130.8699951171875,5564200
2026-03-23,129.37106323242188,130.30999755859375,132.6199951171875,129.41000366210938,130.9499969482422,4179100
2026-03-24,129.41078186035156,130.35000610351562,131.63999938964844,128.39999389648438,128.77999877929688,3196400
2026-03-25,129.42071533203125,130.36000061035156,131.7899932861328,129.5,131.0800018310547,3957400
2026-03-26,128.80517578125,129.74000549316406,130.91000366210938,128.97000122070312,129.49000549316406,3058400
2026-03-27,127.97122192382812,128.89999389648438,130.35000610351562,128.52999877929688,129.22000122070312,3005200
2026-03-30,127.85208892822266,128.77999877929688,130.9199981689453,128.11000061035156,130.6999969482422,3327100
2026-03-31,131.2275848388672,132.17999267578125,133.24000549316406,129.6999969482422,130.50999450683594,4336100
2026-04-01,132.3693084716797,133.3300018310547,134.1300048828125,131.39999389648438,131.77999877929688,3707900
2026-04-02,132.80613708496094,133.77000427246094,134.7899932861328,131.74000549316406,132.7100067138672,3427100
2026-04-06,131.39637756347656,132.35000610351562,134.08999633789062,132.1300048828125,133.5,2602900
2026-04-07,132.26010131835938,133.22000122070312,133.3000030517578,130.86000061035156,132.14999389648438,2301000
2026-04-08,136.41990661621094,137.41000366210938,138.22000122070312,135.0800018310547,136.10000610351562,3961700
2026-04-09,137.0255126953125,138.02000427246094,140.10000610351562,136.5500030517578,136.69000244140625,3568200
2026-04-10,136.2014923095703,137.19000244140625,138.80999755859375,136.22000122070312,138.39999389648438,4027300
2026-04-13,136.16177368164062,137.14999389648438,137.1999969482422,135.02999877929688,136.9499969482422,4253100
2026-04-14,137.36306762695312,138.36000061035156,138.83999633789062,136.91000366210938,137.14999389648438,3982700
2026-04-15,138.76290893554688,139.77000427246094,139.89999389648438,137.49000549316406,137.77999877929688,4747200
2026-04-16,141.14561462402344,142.1699981689453,145.00999450683594,141.4600067138672,142.63999938964844,4835600
2026-04-17,144.05450439453125,145.10000610351562,145.44000244140625,142.25,142.52000427246094,4432800
2026-04-20,143.98500061035156,145.02999877929688,145.1999969482422,143.33999633789062,144.6999969482422,2858600
2026-04-21,140.8974151611328,141.9199981689453,145.27000427246094,141.33999633789062,145.25,4323300
2026-04-22,140.40101623535156,141.4199981689453,143.22000122070312,140.63999938964844,142.9499969482422,3612600
2026-04-23,141.3143768310547,142.33999633789062,144.05999755859375,141.02999877929688,141.75999450683594,3799800
2026-04-24,141.0761260986328,142.10000610351562,144.27999877929688,141.25,142.32000732421875,3265700
2026-04-27,139.0111083984375,140.02000427246094,143.27999877929688,139.89999389648438,140.83999633789062,2823500
2026-04-28,140.51022338867188,141.52999877929688,142.14999389648438,139.8000030517578,141.4199981689453,4046700
2026-04-29,137.81976318359375,138.82000732421875,141.2100067138672,138.14999389648438,139.72000122070312,3526200
2026-04-30,140.9967041015625,142.02000427246094,142.47999572753906,138.58999633789062,139.27000427246094,3859500
2026-05-01,140.39109802246094,141.41000366210938,142.77999877929688,140.82000732421875,142.7100067138672,2842100
2026-05-04,137.7601776123047,138.75999450683594,140.8800048828125,138.02999877929688,140.33999633789062,2480000
2026-05-05,139.25930786132812,140.27000427246094,140.4600067138672,138.0,139.0,2091200
2026-05-06,141.87034606933594,142.89999389648438,143.80999755859375,141.4499969482422,141.60000610351562,3322000
2026-05-07,141.26473999023438,142.2899932861328,144.39999389648438,142.2100067138672,143.3800048828125,3902300
2026-05-08,143.05177307128906,144.08999633789062,144.50999450683594,142.36000061035156,142.97999572753906,3267100
2026-05-11,143.0319366455078,144.07000732421875,145.33999633789062,143.67999267578125,144.30999755859375,2685800
2026-05-12,142.72415161132812,143.75999450683594,144.94000244140625,142.8000030517578,144.3300018310547,2564000
2026-05-13,140.97683715820312,142.0,143.97000122070312,141.86000061035156,143.1999969482422,3062800
2026-05-14,141.632080078125,142.66000366210938,143.27999877929688,141.85000610351562,142.52999877929688,2484000
2026-05-15,139.51742553710938,140.52999877929688,141.97999572753906,140.1699981689453,141.13999938964844,2970100
2026-05-18,141.28460693359375,142.30999755859375,142.8300018310547,141.0,141.1199951171875,2980200
2026-05-19,141.41366577148438,142.44000244140625,142.6300048828125,140.7899932861328,141.92999267578125,3523000
2026-05-20,143.6375274658203,144.67999267578125,144.6999969482422,141.25999450683594,141.77000427246094,2834800
2026-05-21,143.587890625,144.6300048828125,145.2899932861328,142.8000030517578,144.32000732421875,2789600
2026-05-22,144.84872436523438,145.89999389648438,146.27000427246094,144.39999389648438,145.42999267578125,2327700
2026-05-26,145.88124084472656,146.94000244140625,147.92999267578125,146.50999450683594,146.99000549316406,2480300
2026-05-27,145.4642791748047,146.52000427246094,147.47000122070312,146.02999877929688,147.02999877929688,3119800
2026-05-28,144.59060668945312,145.63999938964844,147.10000610351562,144.52000427246094,145.4199981689453,2891900
2026-05-29,142.43624877929688,143.47000122070312,145.5399932861328,142.22000122070312,145.2899932861328,7950600
2026-06-01,138.018310546875,139.02000427246094,142.14999389648438,138.9199981689453,141.58999633789062,2981600
2026-06-02,139.39830017089844,140.41000366210938,140.42999267578125,137.22000122070312,139.00999450683594,3130900
2026-06-03,140.7981414794922,141.82000732421875,142.66000366210938,138.99000549316406,139.2899932861328,4049000
2026-06-04,142.75393676757812,143.7899932861328,144.38999938964844,141.49000549316406,143.61000061035156,3652900
2026-06-05,143.49853515625,144.5399932861328,145.72000122070312,142.5500030517578,142.57000732421875,5442300
2026-06-08,141.751220703125,142.77999877929688,145.16000366210938,142.02999877929688,144.5,3967200
2026-06-09,146.45706176757812,147.52000427246094,148.2899932861328,143.0,144.1999969482422,5184800
2026-06-10,144.7196807861328,145.77000427246094,148.10000610351562,145.74000549316406,147.6699981689453,3054400
2026-06-11,146.1294403076172,147.19000244140625,148.4600067138672,145.7100067138672,147.00999450683594,3493700
2026-06-12,147.66827392578125,148.74000549316406,149.6999969482422,147.85000610351562,148.41000366210938,2452700
2026-06-15,147.4300079345703,148.5,150.17999267578125,148.24000549316406,149.24000549316406,4177600
2026-06-16,146.1199951171875,146.1199951171875,148.4600067138672,145.32000732421875,148.02999877929688,3215000
2026-06-17,140.94000244140625,140.94000244140625,146.1199951171875,140.58999633789062,145.02999877929688,4444700
2026-06-18,140.5399932861328,140.5399932861328,141.49000549316406,139.42999267578125,139.9499969482422,6701200
2026-06-22,143.8300018310547,143.8300018310547,144.80999755859375,140.30999755859375,140.66000366210938,4225000
2026-06-23,145.25,145.25,146.16000366210938,143.38999938964844,143.61000061035156,3117300
2026-06-24,140.8699951171875,140.8699951171875,145.5500030517578,137.6699981689453,145.1699981689453,5992800
2026-06-25,140.52999877929688,140.52999877929688,142.3699951171875,138.36000061035156,141.85000610351562,3912100
2026-06-26,139.97000122070312,139.97000122070312,141.8699951171875,138.97999572753906,141.4600067138672,6244600
2026-06-29,138.88999938964844,138.88999938964844,139.5,136.80999755859375,139.05999755859375,3343900
2026-06-30,135.47000122070312,135.47000122070312,138.3699951171875,135.22000122070312,137.5399932861328,5578200
2026-07-01,136.8000030517578,136.8000030517578,138.8000030517578,135.10000610351562,135.67999267578125,3140200
2026-07-02,139.42999267578125,139.42999267578125,139.5,136.86000061035156,138.36000061035156,2906800
2026-07-06,140.1999969482422,140.1999969482422,140.27999877929688,138.10000610351562,139.2100067138672,3153600
2026-07-07,143.61000061035156,143.61000061035156,143.86000061035156,140.41000366210938,140.80999755859375,3481900
2026-07-08,141.0,141.0,143.0800018310547,140.25999450683594,142.44000244140625,3986400
2026-07-09,141.36000061035156,141.36000061035156,142.6999969482422,140.72999572753906,141.02000427246094,3679000
2026-07-10,140.8699951171875,140.8699951171875,142.75,138.77999877929688,142.61000061035156,2403200
2026-07-13,142.16000366210938,142.16000366210938,142.89999389648438,140.64999389648438,141.3800048828125,2831800
2026-07-14,142.49000549316406,142.49000549316406,143.41000366210938,141.5800018310547,142.0,3588400
2026-07-15,143.4199981689453,143.4199981689453,144.33999633789062,141.6199951171875,143.00999450683594,4867200
2026-07-16,150.05999755859375,150.05999755859375,150.05999755859375,144.19000244140625,145.0,6237700
2026-07-17,149.7899932861328,149.7899932861328,153.35000610351562,148.0,150.0500030517578,4817900
2026-07-20,147.47999572753906,147.47999572753906,149.61000061035156,146.47000122070312,149.0,3110700
2026-07-21,149.94000244140625,149.94000244140625,150.02000427246094,146.72000122070312,148.11000061035156,3263900
2026-07-22,144.6999969482422,144.6999969482422,149.07000732421875,144.10000610351562,148.64999389648438,6649300
2026-07-23,145.1199951171875,145.1199951171875,145.7899932861328,142.32000732421875,143.47000122070312,7444400
2026-07-24,147.6300048828125,147.6300048828125,148.35000610351562,144.0,145.10000610351562,6395400
2026-07-27,147.25999450683594,147.25999450683594,147.8300018310547,145.35000610351562,147.2899932861328,4110500
2026-07-28,147.1199951171875,147.1199951171875,149.16000366210938,146.0399932861328,147.00999450683594,5669200
2026-07-29,145.47000122070312,145.47000122070312,146.85000610351562,143.33999633789062,146.58999633789062,4092400
2026-07-30,146.19000244140625,146.19000244140625,146.75,144.17999267578125,146.22000122070312,5279600
2026-07-31,144.61000061035156,144.61000061035156,146.0,143.58999633789062,146.0,3236000
2026-08-03,144.14999389648438,144.14999389648438,144.8800048828125,142.9600067138672,144.77000427246094,2739100
2026-08-04,139.0500030517578,139.0500030517578,141.47000122070312,138.91000366210938,139.85000610351562,16284400
2026-08-05,140.75999450683594,140.75999450683594,141.50999450683594,138.5500030517578,139.8000030517578,13253700
2026-08-06,139.13999938964844,139.13999938964844,141.1699981689453,138.6300048828125,140.27999877929688,5230700
2026-08-07,140.16000366210938,140.16000366210938,140.4199981689453,138.25,139.32000732421875,4575600
2026-08-10,138.75999450683594,138.75999450683594,139.17999267578125,137.22000122070312,138.11000061035156,4130600
2026-08-11,139.5,139.5,140.16000366210938,137.30999755859375,138.1300048828125,3357400
2026-08-12,140.72999572753906,140.72999572753906,140.88999938964844,138.39999389648438,140.0800018310547,3171800
2026-08-13,141.2100067138672,141.2100067138672,142.3699951171875,140.47000122070312,140.47000122070312,3063400
2026-08-14,141.02999877929688,141.02999877929688,141.6999969482422,140.5,140.75999450683594,2053500
2026-08-17,140.6199951171875,140.6199951171875,141.0,139.35000610351562,141.0,2249900
2026-08-18,140.02000427246094,140.02000427246094,141.3000030517578,139.77999877929688,140.27999877929688,2747900
2026-08-19,141.3000030517578,141.3000030517578,141.60000610351562,139.88999938964844,140.16000366210938,2798100
2026-08-20,140.67999267578125,140.67999267578125,142.0399932861328,140.4600067138672,141.3000030517578,3167600
2026-08-21,141.8000030517578,141.8000030517578,141.86000061035156,140.25999450683594,141.57000732421875,3178900
2026-08-24,143.36000061035156,143.36000061035156,143.50999450683594,141.55999755859375,142.3300018310547,2897600
2026-08-25,143.3300018310547,143.3300018310547,143.5399932861328,141.97000122070312,143.49000549316406,2941800
2026-08-26,142.58999633789062,142.58999633789062,143.82000732421875,142.0,143.38999938964844,3834000
2026-08-27,141.85000610351562,141.85000610351562,142.8699951171875,141.02000427246094,141.4600067138672,2864700
2026-08-28,140.6999969482422,140.6999969482422,142.44000244140625,140.41000366210938,142.3800048828125,1862500
2026-08-31,139.9199981689453,139.9199981689453,140.36000061035156,138.9600067138672,140.0,3709900
2026-09-01,139.67999267578125,139.67999267578125,140.07000732421875,138.66000366210938,139.47000122070312,3096500
2026-09-02,136.58999633789062,136.58999633789062,138.57000732421875,136.36000061035156,138.57000732421875,3618500
2026-09-03,138.35000610351562,138.35000610351562,138.35000610351562,136.39999389648438,137.22000122070312,3469500
2026-09-04,137.33999633789062,137.33999633789062,138.58999633789062,137.22999572753906,138.0,2266800
2026-09-08,138.47999572753906,138.47999572753906,138.97999572753906,136.39999389648438,136.94000244140625,2638700
2026-09-09,135.66000366210938,135.66000366210938,137.91000366210938,135.11000061035156,137.14999389648438,3844400
2026-09-10,135.30499267578125,135.30499267578125,136.47500610351562,134.33619689941406,134.9199981689453,818780
