Price,Adj Close,Close,High,Low,Open,Volume
Ticker,SPGI,SPGI,SPGI,SPGI,SPGI,SPGI
Date,,,,,,
2021-09-10,408.3008728027344,425.96026611328125,430.491943359375,425.0709533691406,427.82403564453125,1027510
2021-09-13,407.5572814941406,425.1844787597656,431.96783447265625,419.89593505859375,429.3566589355469,1443439
2021-09-14,409.5250549316406,427.2374572753906,430.6054992675781,425.0709533691406,425.4304504394531,847397
2021-09-15,410.0329284667969,427.76727294921875,429.68780517578125,424.370849609375,429.508056640625,942738
2021-09-16,411.7559509277344,429.5648193359375,430.5203552246094,427.0009460449219,427.4739685058594,1183840
2021-09-17,404.8366394042969,422.34625244140625,429.3377380371094,421.0406799316406,427.76727294921875,1567003
2021-09-20,403.4310607910156,420.8798522949219,421.53265380859375,415.6102294921875,416.8495788574219,1150227
2021-09-21,403.7302551269531,421.1920471191406,423.841064453125,419.735107421875,423.0274353027344,786302
2021-09-22,404.1293640136719,421.60833740234375,424.7682189941406,417.644287109375,424.7682189941406,1166717
2021-09-23,409.59759521484375,427.3131408691406,430.8420104980469,423.90728759765625,424.143798828125,1154561
2021-09-24,410.8762512207031,428.6471252441406,428.7038879394531,424.9195861816406,425.63861083984375,584204
2021-09-27,403.8481750488281,421.3150329589844,427.2374572753906,417.719970703125,427.0671691894531,825411
2021-09-28,386.41845703125,403.1315002441406,418.174072265625,397.3793640136719,415.0047302246094,2050791
2021-09-29,386.8810119628906,403.614013671875,407.80511474609375,401.4474792480469,405.86566162109375,1210688
2021-09-30,385.3121032714844,401.977294921875,409.4701843261719,401.68402099609375,406.18731689453125,1320087
2021-10-01,388.4588623046875,405.2601623535156,406.5657653808594,398.29705810546875,403.0558166503906,1334251
2021-10-04,377.11419677734375,393.4247741699219,405.3074645996094,392.5638732910156,403.4342346191406,1226120
2021-10-05,385.52972412109375,402.204345703125,405.1087951660156,394.7209167480469,397.0387878417969,1262375
2021-10-06,387.914794921875,404.6925354003906,405.2128601074219,396.2156982421875,398.401123046875,902889
2021-10-07,392.4852600097656,409.4607238769531,413.1598815917969,408.33489990234375,409.0823059082031,795075
2021-10-08,389.6922302246094,406.5468444824219,408.9498596191406,403.1977233886719,408.5146789550781,624687
2021-10-11,388.5767822265625,405.3831481933594,411.0406799316406,403.1977233886719,404.7209167480469,691172
2021-10-12,390.5536804199219,407.4455871582031,411.4285583496094,403.1693420410156,408.174072265625,1504640
2021-10-13,390.3360900878906,407.2185363769531,410.12298583984375,401.64617919921875,409.64996337890625,1343764
2021-10-14,400.6288757324219,417.95648193359375,421.939453125,410.491943359375,411.9583740234375,1518592
2021-10-15,402.5696105957031,419.9810791015625,422.40301513671875,418.7701110839844,421.71240234375,1007955
2021-10-18,406.142578125,423.7086181640625,424.181640625,418.20245361328125,420.06622314453125,883863
2021-10-19,409.07171630859375,426.7644348144531,428.7038879394531,422.8949890136719,425.63861083984375,1101711
2021-10-20,399.5225524902344,416.8022766113281,428.5714416503906,412.38409423828125,427.67266845703125,1606006
2021-10-21,403.94781494140625,421.4190979003906,421.9962158203125,413.2734069824219,416.7833557128906,1016200
2021-10-22,408.5274963378906,426.19677734375,426.8684997558594,419.91485595703125,422.01513671875,1426633
2021-10-25,405.6981506347656,423.2450256347656,426.5184631347656,419.78240966796875,425.86566162109375,1213965
2021-10-26,421.3413391113281,439.5648193359375,445.4209899902344,428.36328125,429.53643798828125,2450972
2021-10-27,419.5095520019531,437.65374755859375,444.8533630371094,437.4172058105469,440.189208984375,1323153
2021-10-28,425.7758483886719,444.19110107421875,449.62158203125,435.7237548828125,435.7237548828125,1934944
2021-10-29,429.9927673339844,448.5903625488281,450.00946044921875,441.0028381347656,442.7530822753906,1679045
2021-11-01,420.0355224609375,438.20245361328125,450.491943359375,433.0747375488281,448.5525207519531,1295248
2021-11-02,418.2217712402344,436.310302734375,444.10595703125,435.63861083984375,439.57427978515625,989563
2021-11-03,412.66278076171875,430.5108947753906,436.11163330078125,428.08892822265625,433.538330078125,1756734
2021-11-04,419.6455078125,437.795654296875,440.8703918457031,430.46356201171875,430.9649963378906,1520600
2021-11-05,417.4146728515625,435.4682922363281,442.7530822753906,433.8221435546875,441.91107177734375,1224429
2021-11-08,418.6570739746094,436.7644348144531,440.6054992675781,433.8221435546875,439.1106872558594,1085750
2021-11-09,418.947265625,437.0671691894531,439.6783447265625,435.0709533691406,438.060546875,1006264
2021-11-10,411.9010009765625,429.7161865234375,436.2724609375,425.92242431640625,434.8628234863281,1068627
2021-11-11,409.4615783691406,427.1712341308594,432.6584777832031,426.6982116699219,432.15704345703125,783343
2021-11-12,411.1302795410156,428.9120178222656,430.7663269042969,424.5979309082031,427.84295654296875,1947628
2021-11-15,416.4988708496094,434.5127868652344,439.0444641113281,425.629150390625,429.0444641113281,2236401
2021-11-16,426.55572509765625,445.0047302246094,446.6982116699219,433.5950927734375,434.07757568359375,1625983
2021-11-17,422.1393737792969,440.3973388671875,443.65185546875,426.9820251464844,441.81646728515625,1775971
2021-11-18,420.7156066894531,438.9120178222656,443.7086181640625,436.01702880859375,443.1882629394531,2997335
2021-11-19,418.3397216796875,436.43328857421875,443.7086181640625,434.39923095703125,442.204345703125,1675768
2021-11-22,415.4559020996094,433.4247741699219,440.9555358886719,433.0936584472656,439.2052917480469,1258781
2021-11-23,415.6463317871094,433.62347412109375,434.24786376953125,427.1523132324219,429.87701416015625,1288800
2021-11-24,421.06024169921875,438.5335998535156,439.4512634277344,430.6244201660156,431.3055725097656,957114
2021-11-26,412.88482666015625,430.0189208984375,438.2686767578125,428.6565856933594,433.1598815917969,881432
2021-11-29,422.3319091796875,439.85809326171875,441.91107177734375,433.2166442871094,434.9101257324219,1574084
2021-11-30,413.974853515625,431.1542053222656,441.5799560546875,429.886474609375,435.61968994140625,1972256
2021-12-01,407.91607666015625,424.8439025878906,437.57806396484375,424.5222473144531,436.18731689453125,1518698
2021-12-02,418.73480224609375,436.11163330078125,437.63482666015625,423.79376220703125,423.87890625,1447773
2021-12-03,414.0566711425781,431.2393493652344,440.38787841796875,421.3150329589844,437.7388916015625,1573345
2021-12-06,414.70166015625,431.91107177734375,435.3736877441406,427.2563781738281,435.3736877441406,1322096
2021-12-07,427.3553161621094,445.0898742675781,445.2128601074219,438.098388671875,441.5421142578125,1155935
2021-12-08,429.6626281738281,447.4928894042969,447.88079833984375,443.5572509765625,445.931884765625,1055520
2021-12-09,424.8117980957031,442.44085693359375,446.5752258300781,442.13812255859375,445.92242431640625,984067
2021-12-10,430.27117919921875,448.12677001953125,448.3065185546875,440.21759033203125,444.47491455078125,955845
2021-12-13,434.9856872558594,453.0368957519531,455.63861083984375,447.568603515625,449.508056640625,1532122
2021-12-14,427.2462158203125,444.9763488769531,452.25164794921875,439.77294921875,450.113525390625,1522397
2021-12-15,435.0855712890625,453.1409606933594,453.6707763671875,444.3140869140625,445.9508056640625,1155618
2021-12-16,433.14166259765625,451.1163635253906,458.098388671875,446.07379150390625,454.9763488769531,1455912
2021-12-17,424.79364013671875,442.42193603515625,449.91485595703125,439.78240966796875,449.7918701171875,2489764
2021-12-20,418.1625061035156,435.515625,437.4266662597656,429.51751708984375,437.4266662597656,1770792
2021-12-21,427.38250732421875,445.1182556152344,445.5061340332031,438.0794677734375,439.64996337890625,758186
2021-12-22,429.89874267578125,447.7388916015625,448.1551513671875,443.3301696777344,445.5723876953125,861138
2021-12-23,430.33477783203125,448.1929931640625,451.674560546875,447.93756103515625,448.7322692871094,1419128
2021-12-27,434.2953186035156,452.31787109375,454.370849609375,447.0293273925781,452.4503173828125,899190
2021-12-28,431.5701599121094,449.4796447753906,455.4777526855469,448.9214782714844,452.8193054199219,758503
2021-12-29,431.0705871582031,448.9593200683594,451.74078369140625,446.8779602050781,450.25543212890625,749836
2021-12-30,427.3734436035156,445.1087951660156,451.0690612792969,444.7019958496094,449.3282775878906,867163
2021-12-31,428.69061279296875,446.4805908203125,448.37274169921875,443.7275390625,444.25732421875,890840
2022-01-03,418.8529052734375,436.234619140625,447.3320617675781,433.538330078125,447.3320617675781,1355497
2022-01-04,417.690185546875,435.0236511230469,439.9432373046875,432.31787109375,439.9432373046875,1284466
2022-01-05,414.0021057128906,431.1825866699219,438.174072265625,430.8514709472656,436.35760498046875,1391118
2022-01-06,410.55035400390625,427.5875244140625,430.42572021484375,422.46923828125,429.2620544433594,1535398
2022-01-07,405.8176574707031,422.6584777832031,427.7010498046875,422.0718994140625,425.80889892578125,1148325
2022-01-10,395.4985046386719,411.91107177734375,418.5525207519531,405.2223205566406,415.4209899902344,2491878
2022-01-11,400.6126708984375,417.2374572753906,417.3793640136719,407.6632080078125,411.91107177734375,1582646
2022-01-12,406.8077697753906,423.689697265625,426.2913818359375,418.7038879394531,419.61212158203125,2019293
2022-01-13,396.2978820800781,412.7436218261719,425.7994384765625,411.2582702636719,423.68023681640625,1224006
2022-01-14,392.7461242675781,409.0444641113281,411.0690612792969,404.2384033203125,409.78240966796875,1480540
2022-01-18,385.2882995605469,401.2771911621094,404.6357727050781,397.95648193359375,403.2261047363281,1567637
2022-01-19,384.1983337402344,400.14190673828125,411.3339538574219,399.68780517578125,404.38031005859375,1622812
2022-01-20,379.6836242675781,395.4399108886719,408.174072265625,393.96405029296875,402.355712890625,1357399
2022-01-21,378.72979736328125,394.446533203125,402.280029296875,392.00567626953125,396.4427490234375,1727244
2022-01-24,379.6563415527344,395.4115295410156,396.26300048828125,379.0823059082031,387.3982849121094,1967500
2022-01-25,362.9241027832031,377.98486328125,390.8325500488281,377.5023498535156,388.4200439453125,2640915
2022-01-26,361.1164245605469,376.1021728515625,385.5345458984375,372.9517517089844,381.4001770019531,2240523
2022-01-27,358.88177490234375,373.77484130859375,387.93756103515625,371.89215087890625,381.94891357421875,1814552
2022-01-28,369.3644714355469,384.6925354003906,384.7871398925781,369.8675537109375,373.916748046875,1798063
2022-01-31,377.1766052246094,392.8287658691406,393.1031188964844,383.60455322265625,384.7209167480469,1890127
2022-02-01,379.2112731933594,394.9479675292969,396.7833557128906,387.1523132324219,395.88458251953125,1540472
2022-02-02,383.39892578125,399.3093566894531,400.5771179199219,394.9858093261719,398.5809020996094,1734114
2022-02-03,375.2962341308594,390.8703918457031,397.1901550292969,389.97161865234375,395.4588317871094,1296728
2022-02-04,376.42254638671875,392.04351806640625,397.3604431152344,386.31976318359375,387.3226013183594,1448936
2022-02-07,368.1200256347656,383.3963928222656,395.1277160644531,382.11920166015625,391.75970458984375,1555164
2022-02-08,363.1512145996094,378.22137451171875,381.3434143066406,370.6244201660156,379.697265625,3052405
2022-02-09,370.6870422363281,385.3263854980469,387.98486328125,379.6405029296875,381.0501403808594,2485324
2022-02-10,360.8211975097656,375.0709533691406,384.7587585449219,372.8666076660156,377.795654296875,2558469
2022-02-11,352.8211669921875,366.7549743652344,375.96026611328125,365.4209899902344,373.69915771484375,2887407
2022-02-14,346.4957580566406,360.17974853515625,368.0037841796875,355.2033996582031,365.65753173828125,3336632
2022-02-15,350.7370910644531,364.5884704589844,368.9687805175781,362.16650390625,366.37652587890625,1506754
2022-02-16,351.81097412109375,365.704833984375,368.29705810546875,360.08514404296875,363.68023681640625,1916447
2022-02-17,347.2057189941406,360.9176940917969,367.0955505371094,360.36895751953125,365.96026611328125,1294614
2022-02-18,344.63916015625,358.249755859375,362.8098449707031,356.16839599609375,361.86376953125,1325055
2022-02-22,346.07708740234375,359.74456787109375,363.576171875,355.77105712890625,356.07379150390625,1742465
2022-02-23,339.8155212402344,353.2355651855469,364.0113525390625,352.6584777832031,363.2166442871094,1867508
2022-02-24,347.378662109375,361.0974426269531,363.0274353027344,343.9356689453125,344.6263122558594,2003438
2022-02-25,346.65960693359375,360.35003662109375,363.75592041015625,350.9933776855469,357.4928894042969,8585165
2022-02-28,341.93597412109375,355.4399108886719,368.476806640625,352.06243896484375,358.5619812011719,5549144
2022-03-01,355.4788513183594,369.51751708984375,374.9101257324219,355.89404296875,357.61590576171875,10327313
2022-03-02,363.2513122558594,377.59698486328125,384.6357727050781,370.8420104980469,372.7530822753906,6129015
2022-03-03,364.50726318359375,378.9025573730469,386.7549743652344,370.0567626953125,377.2563781738281,4608309
2022-03-04,370.9237060546875,385.5723876953125,386.34814453125,375.8372802734375,378.31597900390625,3724762
2022-03-07,350.98272705078125,364.8439025878906,385.9886474609375,363.9356689453125,384.8912048339844,4462654
2022-03-08,353.2489318847656,367.1996154785156,374.43707275390625,359.962158203125,363.4436950683594,3904452
2022-03-09,356.3251953125,370.3973388671875,380.42572021484375,369.89593505859375,379.7540283203125,3207044
2022-03-10,348.35247802734375,362.1097412109375,364.9385070800781,353.68023681640625,360.7190246582031,2925036
2022-03-11,345.5583801269531,359.2052917480469,367.69158935546875,358.8268737792969,364.2384033203125,2380470
2022-03-14,343.1192626953125,356.6698303222656,365.5061340332031,353.0558166503906,362.8476867675781,2703912
2022-03-15,352.5755310058594,366.4995422363281,367.4172058105469,355.1750183105469,360.416259765625,2089900
2022-03-16,356.9804382324219,371.0785217285156,375.0141906738281,363.3585510253906,368.8930969238281,2211350
2022-03-17,366.47314453125,380.9460754394531,381.2393493652344,370.38787841796875,370.38787841796875,2529930
2022-03-18,373.098876953125,387.83349609375,389.78240966796875,381.6934814453125,382.3746337890625,3021117
2022-03-21,368.3843994140625,382.9328308105469,385.9886474609375,380.189208984375,383.71807861328125,2333750
2022-03-22,377.04888916015625,391.939453125,394.068115234375,383.6707763671875,384.5411682128906,2469575
2022-03-23,369.2490234375,383.83160400390625,390.6054992675781,382.9990539550781,389.4607238769531,2267476
2022-03-24,371.0328369140625,385.6859130859375,388.476806640625,384.09649658203125,387.52130126953125,2184608
2022-03-25,376.31170654296875,391.1731262207031,391.53265380859375,385.89404296875,386.8968811035156,2149198
2022-03-28,377.24908447265625,392.1475830078125,395.0898742675781,388.10784912109375,392.00567626953125,2674104
2022-03-29,379.9339904785156,394.9385070800781,398.12677001953125,392.5922546386719,397.1617736816406,1614039
2022-03-30,381.2991027832031,396.35760498046875,396.8022766113281,393.2544860839844,393.9356689453125,2215578
2022-03-31,373.31732177734375,388.060546875,400.7095642089844,388.05108642578125,399.7161865234375,2552549
2022-04-01,371.2239990234375,385.88458251953125,389.97161865234375,383.765380859375,387.871337890625,1820048
2022-04-04,377.0670166015625,391.9583740234375,394.8628234863281,386.05487060546875,387.86187744140625,1712974
2022-04-05,374.86456298828125,389.66888427734375,393.54779052734375,388.0416259765625,389.7161865234375,1335731
2022-04-06,373.9544372558594,388.7228088378906,390.7284851074219,384.34246826171875,385.553466796875,1647017
2022-04-07,377.695068359375,392.6111755371094,393.90728759765625,386.07379150390625,387.2279968261719,2296544
2022-04-08,375.9658203125,390.8136291503906,393.3963928222656,388.6187438964844,391.71240234375,1122428
2022-04-11,369.1580505371094,383.73699951171875,390.189208984375,379.82025146484375,389.0539245605469,1549985
2022-04-12,361.6038818359375,375.88458251953125,384.9858093261719,374.7303771972656,384.068115234375,2353093
2022-04-13,360.6937561035156,374.9385070800781,377.3888244628906,369.68780517578125,374.6452331542969,2598317
2022-04-14,352.75750732421875,366.6887512207031,378.5903625488281,366.13055419921875,376.7360534667969,2541979
2022-04-18,355.4606018066406,369.49859619140625,370.4730224609375,365.0614929199219,365.6480712890625,1281613
2022-04-19,359.820068359375,374.0302734375,375.69537353515625,368.7795715332031,370.22705078125,1976167
2022-04-20,361.54937744140625,375.82781982421875,381.0501403808594,375.3453063964844,376.34814453125,1869410
2022-04-21,355.7063293457031,369.7540283203125,381.72186279296875,368.249755859375,377.7010498046875,1625560
2022-04-22,345.5401916503906,359.1863708496094,368.5146789550781,358.8647155761719,367.568603515625,1848904
2022-04-25,346.96002197265625,360.6622619628906,360.8325500488281,353.52886962890625,356.9063415527344,2322863
2022-04-26,341.7540283203125,355.2507019042969,363.4909973144531,354.5032958984375,359.74456787109375,1784745
2022-04-27,346.43206787109375,360.113525390625,363.98297119140625,356.4427490234375,356.4427490234375,2040750
2022-04-28,351.81097412109375,365.704833984375,368.2119140625,359.3282775878906,363.90728759765625,1786436
2022-04-29,342.6641540527344,356.19677734375,366.37652587890625,355.1277160644531,361.71240234375,2222977
2022-05-02,334.30914306640625,347.5118408203125,351.598876953125,340.8420104980469,344.370849609375,4069450
2022-05-03,327.3102111816406,340.23651123046875,351.94891357421875,337.7010498046875,347.2563781738281,2924825
2022-05-04,331.5787353515625,344.6736145019531,345.2885437011719,328.9214782714844,337.55914306640625,3934471
2022-05-05,315.7242736816406,328.1929931640625,340.9744567871094,325.4304504394531,340.7947082519531,4494575
2022-05-06,314.686767578125,327.1144714355469,328.1173095703125,319.74456787109375,328.1173095703125,3544861
2022-05-09,299.2235107421875,311.0406799316406,324.0491943359375,310.23651123046875,319.2052917480469,4391729
2022-05-10,298.51361083984375,310.302734375,318.2119140625,305.2696228027344,315.73321533203125,3128297
2022-05-11,296.52960205078125,308.24029541015625,316.1400146484375,305.6480712890625,307.2090759277344,3158210
2022-05-12,300.03363037109375,311.8826904296875,314.3519287109375,304.8249816894531,305.553466796875,3436624
2022-05-13,306.5774230957031,318.6849670410156,322.6773986816406,314.6263122558594,317.2185363769531,2971967
2022-05-16,305.2212829589844,317.2752990722656,319.3755798339844,313.0652770996094,315.3642272949219,2735622
2022-05-17,308.78912353515625,320.9839172363281,324.2384033203125,317.6253662109375,323.7464599609375,2271810
2022-05-18,300.4523010253906,312.31787109375,317.4928894042969,311.62725830078125,314.484375,2671779
2022-05-19,302.2270202636719,314.1627197265625,317.1050109863281,307.3415222167969,308.8552551269531,2728857
2022-05-20,311.64691162109375,323.95458984375,324.38031005859375,316.01702880859375,318.3822021484375,3621071
2022-05-23,319.0189514160156,331.6177978515625,334.295166015625,323.8221435546875,325.0331115722656,2910238
2022-05-24,319.3375244140625,331.94891357421875,333.2544860839844,326.7076721191406,328.24029541015625,2166110
2022-05-25,316.4159851074219,328.9120178222656,333.3396301269531,327.2374572753906,330.9649963378906,2991310
2022-05-26,321.5799560546875,333.4626159667969,335.2601623535156,328.7795715332031,330.7852478027344,2164736
2022-05-27,329.03387451171875,341.1920471191406,341.75970458984375,335.1466369628906,335.1466369628906,2301723
2022-05-31,318.8519592285156,330.6338806152344,338.8457946777344,329.9810791015625,337.2469177246094,9564687
2022-06-01,302.91302490234375,314.10595703125,327.89971923828125,295.0520324707031,296.13055419921875,8236778
2022-06-02,312.9764404296875,324.5411682128906,324.7303771972656,313.2355651855469,313.2355651855469,2758347
2022-06-03,306.48944091796875,317.8145751953125,320.46356201171875,313.9356689453125,318.28759765625,2405732
2022-06-06,308.96197509765625,320.37841796875,325.818359375,318.6565856933594,318.6565856933594,1919301
2022-06-07,314.2719421386719,325.88458251953125,326.9631042480469,319.93377685546875,320.8514709472656,2013268
2022-06-08,309.0076599121094,320.42572021484375,326.6130676269531,319.57427978515625,323.2828674316406,1713186
2022-06-09,306.9457092285156,318.28759765625,324.1627197265625,318.14569091796875,320.17974853515625,1859686
2022-06-10,303.5972595214844,314.8155212402344,318.3822021484375,310.8041687011719,313.2166442871094,2647891
2022-06-13,294.1087951660156,304.9763488769531,311.3623352050781,304.1248779296875,308.5714416503906,3548666
2022-06-14,289.6108093261719,300.31219482421875,305.1182556152344,297.1523132324219,302.6679382324219,3011393
2022-06-15,293.1781311035156,304.0113525390625,308.8457946777344,300.4351806640625,302.6868591308594,2631507
2022-06-16,288.33349609375,298.9877014160156,299.76348876953125,295.4209899902344,296.5468444824219,2845973
2022-06-17,291.8917541503906,302.6773986816406,306.12109375,296.5468444824219,296.5468444824219,5132898
2022-06-21,291.97381591796875,302.7625427246094,309.0444641113281,301.2204284667969,305.4304504394531,3820527
2022-06-22,296.6725158691406,307.63482666015625,310.8230895996094,299.5458984375,300.5581970214844,2115374
2022-06-23,304.4914245605469,315.74267578125,316.5279235839844,309.1390686035156,309.5269775390625,2201625
2022-06-24,311.71728515625,323.2355651855469,323.689697265625,315.75213623046875,318.1551513671875,5168941
2022-06-27,310.6316223144531,322.1097412109375,324.7492980957031,319.0728454589844,323.98297119140625,1827130
2022-06-28,303.5425109863281,314.7587585449219,325.4493713378906,313.64239501953125,321.9205322265625,2022992
2022-06-29,305.4129638671875,316.6982116699219,320.113525390625,314.43707275390625,314.7682189941406,1844571
2022-06-30,307.5204162597656,318.8836364746094,321.4664001464844,313.92620849609375,315.5345458984375,2276250
2022-07-01,313.240966796875,324.8155212402344,325.3169250488281,316.4049072265625,318.5714416503906,2021513
2022-07-05,314.1441955566406,325.75213623046875,326.14947509765625,318.5714416503906,320.02838134765625,2167907
2022-07-06,318.4322814941406,330.19866943359375,332.7057800292969,325.6669921875,328.05108642578125,1857678
2022-07-07,320.9961242675781,332.8571472167969,333.3396301269531,326.39544677734375,326.39544677734375,1703250
2022-07-08,321.5890808105469,333.4720764160156,336.6792907714844,330.340576171875,330.35003662109375,1698493
2022-07-11,320.79534912109375,332.6490173339844,337.1523132324219,329.83917236328125,334.9763488769531,1577784
2022-07-12,315.7225646972656,327.3888244628906,335.2885437011719,325.5723876953125,330.9744567871094,1759271
2022-07-13,312.0458068847656,323.576171875,325.5723876953125,321.0879821777344,322.8855285644531,2633833
2022-07-14,314.9197082519531,326.5563049316406,328.6849670410156,318.3822021484375,320.33111572265625,1591736
2022-07-15,318.8246154785156,330.6054992675781,332.9328308105469,329.0160827636719,330.6338806152344,1850279
2022-07-18,315.09307861328125,326.7360534667969,335.90350341796875,326.0643310546875,332.32733154296875,1807153
2022-07-19,325.8406982421875,337.88079833984375,338.25921630859375,329.8297119140625,330.8987731933594,1887802
2022-07-20,327.1726989746094,339.2620544433594,342.5354919433594,337.6253662109375,338.7417297363281,1444496
2022-07-21,329.9280090332031,342.11920166015625,342.40301513671875,337.4550476074219,338.6944274902344,1896998
2022-07-22,330.22003173828125,342.42193603515625,344.6546936035156,340.35003662109375,344.05865478515625,1812649
2022-07-25,323.0032043457031,334.9385070800781,341.0690612792969,332.8098449707031,341.0690612792969,2231327
2022-07-26,324.9100341796875,336.9158020019531,340.9649963378906,330.9839172363281,331.1069030761719,2273818
2022-07-27,329.2894592285156,341.4569396972656,343.2071838378906,336.5468444824219,337.0577087402344,1719845
2022-07-28,341.7613525390625,354.3897705078125,355.60076904296875,342.36517333984375,344.7871398925781,1840448
2022-07-29,343.8963317871094,356.6036071777344,358.0794677734375,352.7341613769531,353.4531555175781,2010520
2022-08-01,343.120849609375,355.7994384765625,356.6698303222656,351.901611328125,353.2734069824219,1499355
2022-08-02,337.3729248046875,349.83917236328125,355.2412414550781,343.841064453125,350.04730224609375,2128904
2022-08-03,335.8948974609375,348.3065185546875,351.9205322265625,343.5950927734375,349.1012268066406,1657482
2022-08-04,344.78131103515625,357.52130126953125,358.325439453125,346.5373840332031,346.5373840332031,2085567
2022-08-05,343.6408386230469,356.33868408203125,356.7360534667969,349.4512634277344,353.0368957519531,1033640
2022-08-08,344.9820251464844,357.72943115234375,359.82025146484375,354.0491943359375,359.508056640625,922550
2022-08-09,344.042236328125,356.7549743652344,359.4796447753906,353.92620849609375,357.99432373046875,1241658
2022-08-10,358.7403869628906,371.9962158203125,373.689697265625,362.128662109375,362.128662109375,2263037
2022-08-11,352.3265075683594,365.3453063964844,373.96405029296875,364.8817443847656,373.75592041015625,1551359
2022-08-12,357.5726623535156,370.7852478027344,371.3150329589844,365.3074645996094,367.52130126953125,1329283
2022-08-15,356.8153076171875,370.0,374.45599365234375,368.9309387207031,369.74456787109375,1555798
2022-08-16,354.69866943359375,367.80511474609375,369.49859619140625,365.553466796875,367.2563781738281,1460457
2022-08-17,353.74981689453125,366.8211975097656,369.508056640625,362.2611083984375,363.0652770996094,1139552
2022-08-18,353.4304504394531,366.49005126953125,367.88079833984375,365.3831481933594,365.7615966796875,1726292
2022-08-19,346.6242980957031,359.4323425292969,364.02081298828125,358.325439453125,363.3112487792969,2711945
2022-08-22,343.45831298828125,356.14947509765625,358.022705078125,354.00189208984375,354.9479675292969,1257724
2022-08-23,340.12823486328125,352.6963195800781,355.7237548828125,351.75970458984375,354.7492980957031,2385438
2022-08-24,342.783203125,355.4493713378906,356.4049072265625,351.92999267578125,352.8287658691406,1879240
2022-08-25,347.1358947753906,359.1485290527344,359.2052917480469,351.5799560546875,354.5127868652344,2118334
2022-08-26,332.9073791503906,344.4276123046875,359.6783447265625,344.0870361328125,359.508056640625,1435829
2022-08-29,330.1092529296875,341.53265380859375,345.4304504394531,340.12298583984375,341.1069030761719,1321567
2022-08-30,325.1347351074219,336.385986328125,343.81268310546875,334.068115234375,343.81268310546875,1823854
2022-08-31,322.0439453125,333.1882629394531,340.27435302734375,333.0274353027344,337.568603515625,2050263
2022-09-01,321.85186767578125,332.9895935058594,333.0936584472656,327.2469177246094,330.7379455566406,1662661
2022-09-02,317.8833312988281,328.8836364746094,336.9347229003906,326.9158020019531,336.9347229003906,1303915
2022-09-06,326.259521484375,337.5496826171875,340.5392761230469,330.9555358886719,331.1352844238281,1695851
2022-09-07,332.4227600097656,343.92620849609375,344.2762451171875,336.158935546875,337.63482666015625,1143885
2022-09-08,335.650634765625,347.2658386230469,347.7010498046875,341.0406799316406,341.66510009765625,1054146
2022-09-09,337.8087158203125,349.49859619140625,351.1920471191406,346.6792907714844,347.6632080078125,1348943
2022-09-12,339.71075439453125,351.4664001464844,354.0491943359375,349.2431335449219,350.50140380859375,1327486
2022-09-13,326.0034484863281,337.2847595214844,345.58184814453125,336.5941467285156,344.5884704589844,1732212
2022-09-14,321.11126708984375,332.2232666015625,340.37841796875,329.1863708496094,340.37841796875,2765641
2022-09-15,317.3620910644531,328.3443603515625,332.204345703125,325.80889892578125,331.750244140625,2193064
2022-09-16,316.456787109375,327.4077453613281,327.67266845703125,322.31787109375,325.4020690917969,3583230
2022-09-19,315.19482421875,326.1021728515625,326.43328857421875,322.6300964355469,324.1627197265625,1631162
2022-09-20,310.3117980957031,321.0501403808594,324.446533203125,317.1428527832031,323.94512939453125,1332560
2022-09-21,306.22430419921875,316.8211975097656,326.28192138671875,316.8211975097656,323.3490905761719,1381922
2022-09-22,294.7847595214844,304.9858093261719,316.22515869140625,304.8439025878906,315.60076904296875,2657192
2022-09-23,290.6607360839844,300.7190246582031,306.158935546875,298.28759765625,304.4276123046875,2584682
2022-09-26,288.4386291503906,298.4200439453125,301.89215087890625,295.2790832519531,300.1324462890625,2877577
2022-09-27,286.4635009765625,296.37652587890625,302.9990539550781,293.5194091796875,300.8703918457031,2995010
2022-09-28,287.8350830078125,297.795654296875,300.1702880859375,294.28570556640625,298.3065185546875,2810880
2022-09-29,283.8664855957031,293.689697265625,295.6669921875,291.72186279296875,294.8344421386719,2339564
2022-09-30,279.2212219238281,288.8836364746094,298.10784912109375,288.6282043457031,293.5572509765625,2330791
2022-10-03,287.85345458984375,297.8145751953125,299.4323425292969,290.29327392578125,290.5108947753906,1563409
2022-10-04,295.86383056640625,306.1021728515625,306.8495788574219,301.1447448730469,301.64617919921875,1593322
2022-10-05,294.12640380859375,304.30462646484375,306.6509094238281,299.83917236328125,301.75970458984375,1465425
2022-10-06,289.1153564453125,299.1201477050781,305.3358459472656,298.401123046875,303.65185546875,1340170
2022-10-07,278.47137451171875,288.10784912109375,296.6698303222656,286.2913818359375,295.9129638671875,2217903
2022-10-10,273.1584777832031,282.6111755371094,290.6149597167969,281.6556396484375,290.5581970214844,1639936
2022-10-11,269.5008239746094,278.8268737792969,283.3585510253906,277.3036804199219,281.2393493652344,1704413
2022-10-12,266.25457763671875,275.4682922363281,279.93377685546875,275.3642272949219,278.9971618652344,1527259
2022-10-13,267.2696838378906,276.5184631347656,278.476806640625,264.25732421875,267.7388916015625,2958649
2022-10-14,262.0939025878906,271.1636657714844,283.92620849609375,270.6906433105469,279.3661193847656,1724601
2022-10-17,271.94232177734375,281.3528747558594,283.86944580078125,275.92242431640625,276.9252624511719,1881989
2022-10-18,275.0697021484375,284.5884704589844,289.62158203125,282.1097412109375,287.93756103515625,2400024
2022-10-19,271.4668273925781,280.8609313964844,283.95458984375,278.6660461425781,280.8325500488281,1478954
2022-10-20,267.041015625,276.28192138671875,283.71807861328125,274.7966003417969,280.5203552246094,1720902
2022-10-21,270.6164245605469,279.9810791015625,280.37841796875,271.81646728515625,276.09271240234375,1840026
2022-10-24,274.68560791015625,284.19110107421875,285.97918701171875,279.4701843261719,282.13812255859375,1977330
2022-10-25,285.3295593261719,295.2033996582031,296.09271240234375,279.583740234375,281.1069030761719,3143412
2022-10-26,284.87237548828125,294.7303771972656,300.8609313964844,293.86944580078125,295.63861083984375,2068338
2022-10-27,291.98663330078125,302.0908203125,308.7984924316406,295.54400634765625,295.54400634765625,2709197
2022-10-28,298.9546203613281,309.2998962402344,309.962158203125,298.6092834472656,299.77294921875,1679150
2022-10-31,293.7606201171875,303.92620849609375,308.9593200683594,303.8221435546875,307.0104064941406,1951116
2022-11-01,289.0787353515625,299.0823059082031,308.5809020996094,298.2308349609375,307.72943115234375,1560132
2022-11-02,284.1500244140625,293.98297119140625,303.2261047363281,292.34625244140625,298.5714416503906,1961475
2022-11-03,282.83319091796875,292.6206359863281,294.8344421386719,288.5998229980469,288.8457946777344,2017496
2022-11-04,289.3256530761719,299.3377380371094,301.0596008300781,293.1409606933594,296.41436767578125,1753669
2022-11-07,291.9317321777344,302.0340576171875,304.9006652832031,297.8145751953125,304.03973388671875,1099280
2022-11-08,292.5627746582031,302.6868591308594,307.71051025390625,299.2809753417969,303.8221435546875,1279393
2022-11-09,287.2223815917969,297.1617736816406,302.27056884765625,295.780517578125,301.3717956542969,1830196
2022-11-10,316.5848083496094,327.54022216796875,328.5619812011719,311.87322998046875,312.8571472167969,2716067
2022-11-11,325.719970703125,336.9914855957031,338.43896484375,327.4077453613281,327.4077453613281,2159028
2022-11-14,317.9198913574219,328.9214782714844,333.9356689453125,327.57806396484375,329.93377685546875,1441325
2022-11-15,324.3116760253906,335.5345458984375,338.25921630859375,332.28948974609375,334.7587585449219,1493964
2022-11-16,323.406494140625,334.5979309082031,338.5241394042969,332.9233703613281,336.1778564453125,1470076
2022-11-17,317.0968933105469,328.07000732421875,331.1163635253906,325.0047302246094,330.12298583984375,1361839
2022-11-18,316.27386474609375,327.2185363769531,334.068115234375,322.052978515625,333.0085144042969,2074785
2022-11-21,317.6912841796875,328.6849670410156,330.46356201171875,320.7284851074219,324.7398376464844,1934944
2022-11-22,322.10797119140625,333.2544860839844,333.4436950683594,327.57806396484375,330.5298156738281,1485191
2022-11-23,327.61279296875,338.9498596191406,342.5260314941406,332.1854248046875,333.98297119140625,2259338
2022-11-25,328.0619812011719,338.6092834472656,338.9877014160156,333.5194091796875,335.90350341796875,807020
2022-11-28,321.7373962402344,332.08135986328125,338.07000732421875,331.0596008300781,335.3453063964844,2057345
2022-11-29,318.1900939941406,328.4200439453125,332.7625427246094,327.71051025390625,331.8070068359375,1771849
2022-11-30,323.3781433105469,333.77484130859375,334.32354736328125,321.7691650390625,328.41058349609375,6837627
2022-12-01,332.34246826171875,343.0274353027344,346.07379150390625,336.7549743652344,337.644287109375,2830540
2022-12-02,329.7943115234375,340.3973388671875,342.5260314941406,336.6414489746094,337.1901550292969,2141905
2022-12-05,321.0957946777344,331.4190979003906,337.91864013671875,329.64996337890625,335.59130859375,2266102
2022-12-06,322.3606872558594,332.7247009277344,333.7275390625,329.6783447265625,332.0908203125,1626089
2022-12-07,322.2048645019531,332.5638732910156,335.4115295410156,330.2081298828125,332.6395568847656,1870890
2022-12-08,323.3872985839844,333.7843017578125,337.947021484375,331.98675537109375,331.98675537109375,1226543
2022-12-09,317.8326416015625,328.05108642578125,333.992431640625,327.72943115234375,332.3935546875,1588460
2022-12-12,318.2359619140625,328.46734619140625,329.6405029296875,326.30084228515625,327.91864013671875,1917398
2022-12-13,327.8603515625,338.401123046875,346.6792907714844,335.4682922363281,342.8382263183594,2072988
2022-12-14,324.3313903808594,334.7587585449219,341.87322998046875,331.2109680175781,338.2119140625,1808950
2022-12-15,315.8436584472656,325.99810791015625,331.4096374511719,324.2384033203125,329.659423828125,2122245
2022-12-16,311.27886962890625,321.2866516113281,323.2544860839844,319.508056640625,321.64617919921875,4768867
2022-12-19,307.66754150390625,317.55914306640625,321.0785217285156,316.7928161621094,320.5298156738281,1560661
2022-12-20,304.41351318359375,314.2005615234375,316.5941467285156,312.9139099121094,314.2762451171875,1361627
2022-12-21,309.3082275390625,319.2525939941406,319.78240966796875,316.13055419921875,317.0009460449219,1299370
2022-12-22,304.41351318359375,314.2005615234375,316.8495788574219,310.6906433105469,316.49005126953125,1538252
2022-12-23,305.17437744140625,314.9858093261719,315.0047302246094,310.7284851074219,311.9962158203125,782180
2022-12-27,303.6894226074219,313.4531555175781,315.6859130859375,311.98675537109375,314.370849609375,782074
2022-12-28,302.1128845214844,311.825927734375,316.9631042480469,311.66510009765625,313.56671142578125,887986
2022-12-29,311.4714050292969,321.4853210449219,321.87322998046875,313.6707763671875,314.11541748046875,1045162
2022-12-30,307.007568359375,316.8779602050781,319.4607238769531,313.96405029296875,317.59698486328125,1167139
2023-01-03,307.21832275390625,317.0955505371094,325.2885437011719,314.22894287109375,323.5950927734375,1282035
2023-01-04,313.1304931640625,323.1977233886719,326.33868408203125,319.61212158203125,322.08135986328125,1473247
2023-01-05,308.052490234375,317.95648193359375,321.94891357421875,316.6698303222656,319.886474609375,1213436
2023-01-06,318.8316955566406,329.0823059082031,330.46356201171875,317.795654296875,321.1447448730469,1882517
2023-01-09,321.1232604980469,331.4474792480469,337.2563781738281,331.1731262207031,332.23272705078125,1796689
2023-01-10,324.8354797363281,335.2790832519531,336.234619140625,329.2336730957031,330.33111572265625,980579
2023-01-11,333.68994140625,344.41815185546875,345.5723876953125,336.1400146484375,336.9631042480469,1688240
2023-01-12,337.0997314453125,347.93756103515625,348.7606506347656,340.9555358886719,346.26300048828125,1254448
2023-01-13,335.8255920410156,346.6225280761719,346.9441833496094,343.3585510253906,344.32354736328125,1529585
2023-01-17,336.7696838378906,347.59698486328125,349.3566589355469,345.4493713378906,346.6509094238281,1308038
2023-01-18,333.73565673828125,344.4654541015625,354.17218017578125,344.21002197265625,347.8902587890625,1860849
2023-01-19,331.013427734375,341.6556396484375,344.17218017578125,337.3131408691406,340.8041687011719,1216501
2023-01-20,337.3563537597656,348.20245361328125,348.5146789550781,341.75970458984375,341.75970458984375,3252812
2023-01-23,339.8403015136719,350.7663269042969,354.09649658203125,345.88458251953125,348.24029541015625,1259944
2023-01-24,337.0538330078125,347.8902587890625,352.9233703613281,344.6452331542969,352.9233703613281,969269
2023-01-25,335.8255920410156,346.6225280761719,348.7606506347656,340.9366149902344,343.58563232421875,1108370
2023-01-26,336.7422180175781,347.568603515625,349.95269775390625,344.8628234863281,349.886474609375,1613616
2023-01-27,342.2509460449219,353.2544860839844,354.9858093261719,343.1882629394531,344.6452331542969,1595753
2023-01-30,335.6056213378906,346.39544677734375,353.64239501953125,345.88458251953125,349.697265625,1271360
2023-01-31,343.67169189453125,354.7209167480469,354.9195861816406,346.7549743652344,349.3471984863281,1756840
2023-02-01,345.72491455078125,356.8401184082031,359.6405029296875,349.4418029785156,352.5165710449219,1548822
2023-02-02,351.206298828125,362.4976501464844,367.4739685058594,359.4134216308594,360.9271545410156,1338691
2023-02-03,341.8110656738281,352.8003845214844,356.35760498046875,350.5298156738281,353.4247741699219,1643107
2023-02-06,337.9154052734375,348.7795715332031,350.04730224609375,346.5563049316406,347.5118408203125,1087019
2023-02-07,340.1611328125,351.0974426269531,352.0340576171875,342.6300964355469,345.4777526855469,908280
2023-02-08,335.33984375,346.12109375,351.523193359375,344.9952697753906,348.31597900390625,1217558
2023-02-09,333.3232727050781,344.03973388671875,354.5790100097656,343.3869323730469,351.1352844238281,1567848
2023-02-10,333.5157165527344,344.2384033203125,345.67645263671875,339.9432373046875,341.96783447265625,1400208
2023-02-13,339.6936950683594,350.6149597167969,351.4190979003906,344.11541748046875,345.0804138183594,1541106
2023-02-14,334.4323425292969,345.1844787597656,350.8420104980469,343.7275390625,350.48248291015625,1498932
2023-02-15,336.9163818359375,347.74835205078125,347.86187744140625,340.7474060058594,340.8420104980469,1069261
2023-02-16,327.9794616699219,338.5241394042969,343.0652770996094,338.48626708984375,340.4351806640625,1022753
2023-02-17,330.7384338378906,341.3717956542969,341.5421142578125,334.6641540527344,335.2223205566406,1275059
2023-02-21,321.5357666015625,331.87322998046875,337.80511474609375,331.53265380859375,337.1333923339844,1275271
2023-02-22,317.3285827636719,327.53076171875,333.3207092285156,325.89404296875,332.2611083984375,1769947
2023-02-23,319.9292907714844,329.3566589355469,331.75970458984375,326.007568359375,330.25543212890625,1316811
2023-02-24,315.5640563964844,324.8628234863281,327.871337890625,322.0340576171875,327.871337890625,1132681
2023-02-27,313.8455505371094,323.0936584472656,328.8268737792969,322.052978515625,328.6092834472656,1462782
2023-02-28,313.5606994628906,322.8003845214844,326.49005126953125,320.4730224609375,321.9205322265625,2163468
2023-03-01,310.4177551269531,319.5648193359375,324.5127868652344,318.9593200683594,321.74078369140625,1262164
2023-03-02,312.3567810058594,321.56103515625,321.6934814453125,313.0179748535156,314.39923095703125,1242926
2023-03-03,318.0361328125,327.4077453613281,327.4928894042969,322.9706726074219,324.03973388671875,1104671
2023-03-06,322.8608093261719,332.3746337890625,334.0302734375,327.80511474609375,328.3443603515625,1704624
2023-03-07,309.3792419433594,318.4957580566406,331.72186279296875,317.91864013671875,331.70294189453125,1547342
2023-03-08,311.42864990234375,320.6054992675781,321.2677307128906,313.3112487792969,318.14569091796875,1244935
2023-03-09,306.8795166015625,315.92242431640625,326.12109375,315.3926086425781,321.4853210449219,1508762
2023-03-10,300.08819580078125,308.9309387207031,320.19866943359375,307.71051025390625,319.0255432128906,2588487
2023-03-13,298.4799499511719,307.2752990722656,312.16650390625,303.83160400390625,307.2185363769531,2376136
2023-03-14,305.77679443359375,314.7871398925781,316.6414489746094,309.89593505859375,312.5733337402344,2064532
2023-03-15,306.9255065917969,315.9697265625,316.461669921875,308.33489990234375,309.1863708496094,2186405
2023-03-16,312.3659362792969,321.57049560546875,323.1409606933594,314.370849609375,315.2128601074219,1428324
2023-03-17,307.3941650390625,316.45220947265625,321.96783447265625,313.3396301269531,320.7663269042969,3613037
2023-03-20,307.4861145019531,316.5468444824219,317.2469177246094,313.2639465332031,316.8779602050781,1590785
2023-03-21,313.92828369140625,323.1788024902344,323.9356689453125,319.7918701171875,320.5771179199219,1127819
2023-03-22,308.52459716796875,317.61590576171875,326.158935546875,317.4928894042969,323.65185546875,1198427
2023-03-23,305.3356628417969,314.3330078125,320.07568359375,312.5449523925781,316.2913818359375,1493752
2023-03-24,307.4217529296875,316.4805908203125,317.2469177246094,309.4418029785156,310.340576171875,1260790
2023-03-27,308.5521545410156,317.644287109375,321.0122985839844,315.59130859375,320.340576171875,1271148
2023-03-28,307.06341552734375,316.11163330078125,317.84295654296875,313.4436950683594,316.2724609375,1015460
2023-03-29,310.7393798828125,319.89593505859375,320.35003662109375,317.0104064941406,318.9593200683594,1356977
2023-03-30,313.6249694824219,322.8666076660156,324.17218017578125,320.35003662109375,322.04351806640625,842535
2023-03-31,316.8414306640625,326.1778564453125,327.89971923828125,323.7086181640625,325.2885437011719,1831570
2023-04-03,318.21990966796875,327.59698486328125,328.0037841796875,322.6679382324219,324.0302734375,1779460
2023-04-04,318.3486328125,327.72943115234375,333.2450256347656,326.8779602050781,329.697265625,1161537
2023-04-05,316.68524169921875,326.01702880859375,329.7540283203125,325.71429443359375,327.1144714355469,1002776
2023-04-06,313.2481384277344,322.47869873046875,324.8817443847656,316.461669921875,324.8817443847656,1384564
2023-04-10,311.3825988769531,320.5581970214844,320.7095642089844,311.6934814453125,319.2431335449219,944112
2023-04-11,314.213134765625,323.4720764160156,325.3547668457031,321.2298889160156,322.355712890625,795287
2023-04-12,315.0218811035156,324.30462646484375,329.0539245605469,323.3301696777344,327.78619384765625,954577
2023-04-13,319.6903381347656,329.1106872558594,329.4701843261719,324.6357727050781,325.75213623046875,774675
2023-04-14,319.68115234375,329.1012268066406,331.2393493652344,327.4266662597656,328.9498596191406,1014720
2023-04-17,320.73797607421875,330.189208984375,330.9933776855469,326.9536437988281,327.89971923828125,912825
2023-04-18,323.64202880859375,333.1788024902344,333.83160400390625,328.8363342285156,331.1258239746094,1293557
2023-04-19,323.5133361816406,333.0463562011719,334.7587585449219,331.523193359375,331.598876953125,893165
2023-04-20,324.3220520019531,333.87890625,336.19677734375,330.8703918457031,331.3907165527344,908069
2023-04-21,323.228515625,332.7530822753906,335.3926086425781,331.66510009765625,334.8155212402344,796027
2023-04-24,319.4973449707031,328.9120178222656,334.6073913574219,327.4928894042969,333.7464599609375,1080571
2023-04-25,317.2458190917969,326.5941467285156,331.901611328125,325.52508544921875,328.6187438964844,1530113
2023-04-26,312.522216796875,321.7313232421875,326.8211975097656,320.6433410644531,324.8249816894531,1683484
2023-04-27,326.77581787109375,336.4049072265625,337.9659423828125,326.8684997558594,327.2563781738281,1741196
2023-04-28,333.208740234375,343.0274353027344,343.3774719238281,335.8751220703125,335.88458251953125,1847847
2023-05-01,333.2731018066406,343.0936584472656,345.818359375,341.77862548828125,342.19488525390625,1146951
2023-05-02,327.1801452636719,336.8211975097656,343.0936584472656,333.4909973144531,340.7001037597656,1195890
2023-05-03,321.6202087402344,331.0974426269531,339.0160827636719,330.9933776855469,338.16461181640625,964407
2023-05-04,319.3595275878906,328.7701110839844,333.4058532714844,327.9281005859375,329.9053955078125,1080994
2023-05-05,325.4984130859375,335.0898742675781,337.4266662597656,331.3528747558594,332.13812255859375,983010
2023-05-08,326.4081726074219,336.0264892578125,336.9441833496094,334.2005615234375,335.3453063964844,735883
2023-05-09,326.49090576171875,336.11163330078125,339.735107421875,335.6102294921875,336.0264892578125,912931
2023-05-10,332.8411560058594,342.6490173339844,344.0302734375,337.84295654296875,337.84295654296875,1487305
2023-05-11,331.1042785644531,340.8609313964844,344.0302734375,338.7984924316406,343.3490905761719,943478
2023-05-12,330.231201171875,339.962158203125,342.45977783203125,337.4739685058594,341.2582702636719,792750
2023-05-15,332.1978454589844,341.98675537109375,342.31787109375,338.08892822265625,340.17974853515625,902889
2023-05-16,329.5970764160156,339.3093566894531,342.7625427246094,339.1390686035156,340.4541015625,721931
2023-05-17,331.7015686035156,341.4758605957031,342.45977783203125,337.9659423828125,341.939453125,920330
2023-05-18,334.3299255371094,344.181640625,344.9101257324219,339.4228820800781,341.8070068359375,1106468
2023-05-19,335.81866455078125,345.71429443359375,350.7852478027344,342.0340576171875,342.6584777832031,1378962
2023-05-22,342.1872863769531,352.27056884765625,353.88836669921875,345.704833984375,345.704833984375,1301590
2023-05-23,332.850341796875,342.6584777832031,352.36517333984375,341.4190979003906,349.66888427734375,1267026
2023-05-24,327.3455810546875,336.9914855957031,342.8382263183594,335.0993347167969,342.08135986328125,1304655
2023-05-25,330.1279296875,338.9971618652344,340.06622314453125,335.6102294921875,336.8684997558594,1130567
2023-05-26,332.3943786621094,341.3244934082031,343.992431640625,338.4200439453125,339.4134216308594,1114501
2023-05-30,335.6651306152344,344.6830749511719,350.14190673828125,343.2450256347656,345.99810791015625,1028989
2023-05-31,338.521240234375,347.61590576171875,348.6565856933594,340.3594970703125,342.47869873046875,2685309
2023-06-01,339.95843505859375,349.0917663574219,351.5042419433594,345.71429443359375,346.7644348144531,1129193
2023-06-02,346.44451904296875,355.75213623046875,358.27813720703125,351.1920471191406,351.939453125,1402216
2023-06-05,348.3516540527344,357.71051025390625,360.1702880859375,356.19677734375,357.59698486328125,860504
2023-06-06,349.34674072265625,358.7322692871094,360.48248291015625,355.69537353515625,356.33868408203125,779538
2023-06-07,344.7493896484375,354.0113525390625,360.21759033203125,352.7152404785156,359.4323425292969,1078880
2023-06-08,352.0922546386719,361.55157470703125,361.71240234375,353.66131591796875,354.45599365234375,1094841
2023-06-09,353.7875061035156,363.2923278808594,364.2384033203125,360.8420104980469,363.4815368652344,1322730
2023-06-12,354.9483947753906,364.484375,365.3547668457031,361.901611328125,363.86944580078125,1225063
2023-06-13,359.8313293457031,369.49859619140625,369.87701416015625,364.05865478515625,365.4399108886719,1601672
2023-06-14,362.16229248046875,371.89215087890625,374.15325927734375,369.4418029785156,370.189208984375,1583915
2023-06-15,368.5101623535156,378.41058349609375,379.63104248046875,371.523193359375,373.2166442871094,1548611
2023-06-16,364.115478515625,373.8978271484375,381.1920471191406,373.69915771484375,380.1702880859375,1990860
2023-06-20,361.0106506347656,370.7095642089844,371.4758605957031,363.69915771484375,366.1778564453125,1585500
2023-06-21,358.4954528808594,368.12677001953125,370.31219482421875,365.60076904296875,368.31597900390625,1338902
2023-06-22,357.69384765625,367.3036804199219,368.01324462890625,363.1315002441406,367.3320617675781,1208362
2023-06-23,359.6470947265625,369.3093566894531,371.2204284667969,364.24786376953125,365.0520324707031,1551253
2023-06-26,356.5606384277344,366.1400146484375,370.2459716796875,366.0643310546875,369.2147521972656,904686
2023-06-27,360.2459716796875,369.92431640625,371.1636657714844,365.78997802734375,368.6376647949219,751844
2023-06-28,360.7158203125,370.40679931640625,370.9555358886719,368.20245361328125,369.1958312988281,762203
2023-06-29,364.6958923339844,374.4938659667969,375.4588317871094,368.8079528808594,370.4730224609375,1056683
2023-06-30,369.34857177734375,379.2715148925781,383.77484130859375,377.2469177246094,378.6092834472656,1426844
2023-07-03,365.6909484863281,375.515625,377.5875244140625,373.0274353027344,376.8874206542969,754275
2023-07-05,368.1600646972656,378.05108642578125,379.697265625,371.72186279296875,374.10595703125,1229291
2023-07-06,364.25372314453125,374.03973388671875,376.083251953125,371.3812561035156,374.03973388671875,1090190
2023-07-07,362.3097229003906,372.04351806640625,376.6036071777344,370.8609313964844,372.01513671875,857861
2023-07-10,367.0821533203125,376.9441833496094,379.1579895019531,372.7436218261719,372.7436218261719,888726
2023-07-11,365.230224609375,375.0425720214844,378.31597900390625,373.6707763671875,375.5723876953125,979416
2023-07-12,374.5724792480469,384.6357727050781,387.3699035644531,381.4285583496094,382.04351806640625,2063581
2023-07-13,379.61212158203125,389.810791015625,391.2582702636719,385.3169250488281,387.88079833984375,1315754
2023-07-14,383.2882080078125,393.58563232421875,394.8533630371094,390.0567626953125,390.36895751953125,1355708
2023-07-17,384.5504150390625,394.8817443847656,396.0643310546875,392.355712890625,394.2384033203125,1257090
2023-07-18,388.6594543457031,399.1012268066406,399.4891052246094,394.5222473144531,395.1939392089844,1082474
2023-07-19,389.2860412597656,399.74456787109375,402.40301513671875,398.249755859375,400.8609313964844,1395451
2023-07-20,390.4468994140625,400.9366149902344,401.2393493652344,398.12677001953125,400.10406494140625,1147268
2023-07-21,389.9862365722656,400.46356201171875,402.355712890625,400.4351806640625,401.87322998046875,1428113
2023-07-24,389.5348205566406,400.0,402.5638732910156,398.3443603515625,401.51373291015625,1524405
2023-07-25,393.8926086425781,404.47491455078125,405.5345458984375,397.83349609375,398.6944274902344,1431072
2023-07-26,394.7033386230469,405.3074645996094,405.5345458984375,402.46923828125,404.9858093261719,1429698
2023-07-27,364.54852294921875,374.34246826171875,390.189208984375,372.5354919433594,381.74078369140625,3731210
2023-07-28,361.3054504394531,371.0122985839844,380.1702880859375,370.8798522949219,376.5468444824219,2556460
2023-07-31,363.4706115722656,373.2355651855469,373.95458984375,367.1144714355469,370.6622619628906,2025423
2023-08-01,366.9715270996094,376.8306579589844,377.3604431152344,372.15704345703125,373.1315002441406,1290914
2023-08-02,363.2310791015625,372.9895935058594,374.5884704589844,369.64996337890625,373.0368957519531,1680207
2023-08-03,353.52947998046875,363.0274353027344,371.77862548828125,362.06243896484375,367.8145751953125,2266842
2023-08-04,356.4040222167969,365.97918701171875,369.64996337890625,360.0946044921875,363.8221435546875,1264806
2023-08-07,359.66552734375,369.3282775878906,369.4512634277344,365.1844787597656,366.6887512207031,756284
2023-08-08,356.1000061035156,365.6669921875,367.97540283203125,360.14190673828125,366.9820251464844,1006158
2023-08-09,357.15948486328125,366.7549743652344,370.8703918457031,365.2980041503906,365.4777526855469,979945
2023-08-10,357.2976989746094,366.8968811035156,373.4626159667969,366.310302734375,368.8741760253906,986287
2023-08-11,357.1871643066406,366.7833557128906,367.6253662109375,362.7814636230469,364.39923095703125,863886
2023-08-14,358.1084899902344,367.72943115234375,369.5648193359375,365.7615966796875,367.1333923339844,896019
2023-08-15,356.5975036621094,366.1778564453125,367.568603515625,364.30462646484375,365.0141906738281,1027298
2023-08-16,356.32110595703125,365.89404296875,368.174072265625,363.3207092285156,364.11541748046875,857227
2023-08-17,354.1376647949219,363.65185546875,369.1106872558594,363.4247741699219,366.5657653808594,1050975
2023-08-18,351.9448547363281,361.4001770019531,364.09649658203125,359.66888427734375,359.92431640625,1105199
2023-08-21,348.7017517089844,358.07000732421875,362.5260314941406,356.47113037109375,361.4001770019531,1235422
2023-08-22,353.3636779785156,362.8571472167969,364.7398376464844,358.5430603027344,360.35003662109375,1083214
2023-08-23,360.9093322753906,370.6054992675781,370.8609313964844,364.446533203125,365.80889892578125,814524
2023-08-24,356.5698547363281,366.14947509765625,374.8439025878906,366.11163330078125,370.8703918457031,814419
2023-08-25,358.5553283691406,367.3320617675781,370.7852478027344,364.9006652832031,367.97540283203125,996011
2023-08-28,360.5499572753906,369.3755798339844,371.94891357421875,366.9631042480469,369.0917663574219,1073912
2023-08-29,362.4616394042969,371.3339538574219,372.0340576171875,367.84295654296875,368.5998229980469,699100
2023-08-30,362.3507995605469,371.2204284667969,374.10595703125,370.36895751953125,370.9744567871094,793279
2023-08-31,360.9471435546875,369.78240966796875,374.5317077636719,369.66888427734375,372.204345703125,1270303
2023-09-01,364.06842041015625,372.9801330566406,375.2317810058594,371.63671875,372.42193603515625,813256
2023-09-05,363.4312744140625,372.32733154296875,381.2109680175781,372.15704345703125,373.1788024902344,1410355
2023-09-06,363.9853210449219,372.8949890136719,374.5032958984375,370.8136291503906,371.98675537109375,1162172
2023-09-07,363.4589538574219,372.355712890625,373.85052490234375,368.5241394042969,368.5241394042969,1227071
2023-09-08,360.80859375,369.6405029296875,374.1627197265625,368.50518798828125,373.2261047363281,913882
2023-09-11,359.56195068359375,368.36328125,371.64617919921875,366.7455139160156,369.6405029296875,1028778
2023-09-12,357.65032958984375,366.4049072265625,368.9120178222656,364.5032958984375,366.2535400390625,1023916
2023-09-13,360.0144958496094,368.8268737792969,369.82025146484375,364.9290466308594,365.80889892578125,719606
2023-09-14,365.8692321777344,374.8249816894531,375.0141906738281,368.8930969238281,373.0558166503906,872554
2023-09-15,358.54608154296875,367.3226013183594,373.4153137207031,366.8874206542969,372.2611083984375,2613221
2023-09-18,359.70965576171875,368.5146789550781,370.12298583984375,365.4967041015625,366.1021728515625,674683
2023-09-19,359.5157775878906,368.31597900390625,368.8457946777344,365.78997802734375,367.0482482910156,897393
2023-09-20,356.6806945800781,365.4115295410156,370.9744567871094,365.0141906738281,368.9877014160156,817590
2023-09-21,343.8167724609375,352.23272705078125,364.2384033203125,352.0908203125,362.9517517089844,1140397
2023-09-22,343.24420166015625,351.64617919921875,355.629150390625,351.0596008300781,352.47869873046875,1225380
2023-09-25,343.03179931640625,351.4285583496094,352.5071105957031,349.583740234375,350.46356201171875,1000239
2023-09-26,336.20733642578125,344.43707275390625,348.7417297363281,343.65185546875,346.43328857421875,1958515
2023-09-27,335.2746887207031,343.4815368652344,345.8751220703125,341.4474792480469,345.4399108886719,1519543
2023-09-28,340.3260803222656,348.6565856933594,350.35003662109375,343.2639465332031,343.4815368652344,2015910
2023-09-29,337.44488525390625,345.704833984375,354.484375,344.9101257324219,351.4758605957031,1207200
2023-10-02,338.6545715332031,346.9441833496094,351.94891357421875,344.9290466308594,347.4550476074219,1658010
2023-10-03,329.142822265625,337.1996154785156,345.96026611328125,335.856201171875,344.5411682128906,1085539
2023-10-04,334.5543518066406,342.7436218261719,343.0274353027344,337.59698486328125,338.6092834472656,1130567
2023-10-05,333.630859375,341.79754638671875,342.8855285644531,338.18353271484375,341.6556396484375,754909
2023-10-06,336.1981506347656,344.4276123046875,346.423828125,338.27813720703125,340.264892578125,930583
2023-10-09,338.4237365722656,346.7076721191406,347.4739685058594,342.45977783203125,342.45977783203125,675000
2023-10-10,341.29571533203125,349.64996337890625,352.34625244140625,345.56292724609375,346.26300048828125,940624
2023-10-11,343.43817138671875,351.8448486328125,353.87890625,349.3093566894531,351.87322998046875,646250
2023-10-12,337.8234558105469,346.09271240234375,353.2544860839844,344.25732421875,352.7341613769531,910288
2023-10-13,335.8749084472656,344.09649658203125,348.6092834472656,341.0974426269531,346.7455139160156,699628
2023-10-16,339.4118347167969,347.719970703125,351.58941650390625,345.2980041503906,346.6225280761719,873822
2023-10-17,339.1994323730469,347.5023498535156,351.60833740234375,343.2828674316406,345.0520324707031,769602
2023-10-18,332.3564758300781,340.491943359375,346.0264892578125,340.302734375,344.5979309082031,1031526
2023-10-19,330.195556640625,338.27813720703125,342.8382263183594,336.8495788574219,341.3244934082031,951089
2023-10-20,323.24188232421875,331.1542053222656,338.14569091796875,331.0217590332031,338.14569091796875,2180168
2023-10-23,323.3988342285156,331.3150329589844,335.5345458984375,327.4455871582031,329.1390686035156,1192825
2023-10-24,321.3117980957031,329.1769104003906,334.8249816894531,326.49005126953125,331.3623352050781,1636765
2023-10-25,322.4107666015625,330.302734375,334.5032958984375,327.2563781738281,327.9281005859375,1176758
2023-10-26,321.6073303222656,329.4796447753906,333.83160400390625,328.7038879394531,328.9877014160156,1000028
2023-10-27,316.2696838378906,324.0113525390625,331.1163635253906,322.2421875,329.70672607421875,1227071
2023-10-30,318.66143798828125,326.461669921875,328.12677001953125,322.128662109375,326.20623779296875,1634651
2023-10-31,322.5769348144531,330.4730224609375,330.5676574707031,324.446533203125,326.8590393066406,1847742
2023-11-01,324.50701904296875,332.4503173828125,334.22894287109375,328.28759765625,331.62725830078125,1492167
2023-11-02,347.1504821777344,355.6480712890625,359.3377380371094,345.3169250488281,345.3169250488281,3220151
2023-11-03,353.5963134765625,362.25164794921875,364.7398376464844,359.55535888671875,360.8420104980469,1996039
2023-11-06,355.2123718261719,363.90728759765625,364.5317077636719,360.7663269042969,361.598876953125,1278230
2023-11-07,355.1385498046875,363.83160400390625,367.0766296386719,362.9801330566406,364.9479675292969,960602
2023-11-08,356.80999755859375,365.54400634765625,365.88458251953125,361.51373291015625,362.8003845214844,826257
2023-11-09,358.010498046875,366.7738952636719,369.4323425292969,364.5979309082031,368.6187438964844,1268611
2023-11-10,363.8191833496094,372.7247009277344,372.8476867675781,366.18731689453125,368.7322692871094,1269668
2023-11-13,364.5948791503906,373.5194091796875,374.6641540527344,371.51373291015625,373.1504211425781,1231299
2023-11-14,372.9983825683594,382.128662109375,384.5127868652344,377.2279968261719,378.08892822265625,1769418
2023-11-15,371.2898864746094,380.37841796875,385.3736877441406,379.92431640625,382.128662109375,1314485
2023-11-16,373.0630187988281,382.19488525390625,383.7275390625,381.4664001464844,382.6206359863281,1122851
2023-11-17,376.8861999511719,386.11163330078125,386.39544677734375,380.12298583984375,381.74078369140625,1740985
2023-11-20,380.04443359375,389.3471984863281,390.9271545410156,385.553466796875,385.60076904296875,1596493
2023-11-21,382.0945739746094,391.4474792480469,391.56103515625,388.7795715332031,388.8647155761719,1119786
2023-11-22,383.33203125,392.7152404785156,395.2507019042969,391.56103515625,392.8949890136719,1033323
2023-11-24,383.33203125,392.7152404785156,393.58563232421875,390.50140380859375,393.58563232421875,427239
2023-11-27,381.5273742675781,390.0189208984375,391.68402099609375,388.25921630859375,390.1702880859375,1402533
2023-11-28,382.20294189453125,390.7095642089844,395.2128601074219,387.89971923828125,388.8363342285156,1199061
2023-11-29,383.7392578125,392.280029296875,395.780517578125,391.4380187988281,392.17596435546875,1000768
2023-11-30,384.84051513671875,393.4058532714844,393.68023681640625,389.886474609375,390.8514709472656,1760962
2023-12-01,390.5506896972656,399.2431335449219,402.06243896484375,393.576171875,394.5127868652344,2086941
2023-12-04,392.5775146484375,401.3150329589844,402.6490173339844,395.4872131347656,396.9252624511719,1599664
2023-12-05,391.6150207519531,400.33111572265625,403.1693420410156,397.0766296386719,403.1220397949219,1755888
2023-12-06,387.45965576171875,396.083251953125,402.08135986328125,395.818359375,400.189208984375,1559709
2023-12-07,386.2750244140625,394.8722839355469,397.2847595214844,394.13433837890625,396.8779602050781,1313851
2023-12-08,384.4240417480469,392.9801330566406,396.26300048828125,390.8893127441406,393.2261047363281,1745636
2023-12-11,392.1703186035156,400.8987731933594,401.2582702636719,393.54779052734375,393.68023681640625,1458871
2023-12-12,395.0022888183594,403.79376220703125,404.11541748046875,399.55535888671875,400.6528015136719,1158366
2023-12-13,402.82257080078125,411.7880859375,412.47869873046875,404.32354736328125,405.77105712890625,1273579
2023-12-14,405.1547546386719,414.17218017578125,417.8524169921875,412.2989501953125,416.2724609375,1396191
2023-12-15,403.3037414550781,412.280029296875,413.765380859375,409.2336730957031,409.2620544433594,2526019
2023-12-18,403.8868408203125,412.8760681152344,415.63861083984375,411.68402099609375,412.45977783203125,951089
2023-12-19,404.1181945800781,413.1125793457031,416.1021728515625,411.0690612792969,411.6934814453125,1249268
2023-12-20,395.9461975097656,404.7587585449219,413.86944580078125,404.5127868652344,413.1504211425781,1641944
2023-12-21,400.44403076171875,409.3566589355469,409.72564697265625,405.9129638671875,405.9129638671875,864098
2023-12-22,402.43377685546875,411.3907165527344,413.3017883300781,409.2904357910156,411.66510009765625,738315
2023-12-26,403.7201843261719,412.7057800292969,414.9763488769531,411.0785217285156,411.0785217285156,565601
2023-12-27,407.2092590332031,416.2724609375,416.5468444824219,410.5960388183594,411.81646728515625,867903
2023-12-28,408.9121398925781,418.01324462890625,419.55535888671875,415.3453063964844,415.9508056640625,717703
2023-12-29,407.69049072265625,416.7644348144531,419.7918701171875,415.4588317871094,418.01324462890625,934705
2024-01-02,403.86834716796875,412.8571472167969,416.7455139160156,410.36895751953125,415.58184814453125,1142194
2024-01-03,397.824951171875,406.6792907714844,411.1636657714844,405.94134521484375,410.037841796875,989881
2024-01-04,397.64910888671875,406.4995422363281,410.264892578125,405.88458251953125,407.4266662597656,1112070
2024-01-05,396.0387878417969,404.8533630371094,408.1173095703125,402.8098449707031,405.73321533203125,973708
2024-01-08,399.96282958984375,408.8647155761719,409.0728454589844,404.5222473144531,407.4266662597656,1261107
2024-01-09,398.11187744140625,406.9725646972656,409.53643798828125,405.1939392089844,405.1939392089844,746453
2024-01-10,400.8512878417969,409.77294921875,411.49481201171875,406.4805908203125,408.46734619140625,1059643
2024-01-11,401.832275390625,410.7757873535156,412.128662109375,407.0198669433594,410.7568664550781,1404542
2024-01-12,404.4328918457031,413.4342346191406,415.6102294921875,410.7284851074219,413.87890625,890840
2024-01-16,404.01641845703125,413.0085144042969,414.5884704589844,409.5269775390625,410.06622314453125,1192085
2024-01-17,405.1084289550781,414.1248779296875,415.78997802734375,410.08514404296875,410.44464111328125,1100337
2024-01-18,406.839111328125,415.89404296875,417.3699035644531,412.13812255859375,415.780517578125,1272734
2024-01-19,409.01397705078125,418.1173095703125,419.5458984375,415.3547668457031,417.4361267089844,1239333
2024-01-22,411.33685302734375,420.491943359375,422.1475830078125,418.9593200683594,420.7379455566406,1083425
2024-01-23,413.2156066894531,422.4124755859375,422.8949890136719,419.1296081542969,422.4881591796875,863146
2024-01-24,412.6695861816406,421.85430908203125,426.03594970703125,421.1920471191406,424.22894287109375,943267
2024-01-25,415.853271484375,425.1087951660156,425.3263854980469,419.697265625,423.2355651855469,1132047
2024-01-26,413.3174133300781,422.5165710449219,425.2033996582031,421.4001770019531,424.7209167480469,832493
2024-01-29,416.2882385253906,425.553466796875,426.31976318359375,420.9649963378906,423.77484130859375,1134795
2024-01-30,420.6842956542969,430.04730224609375,430.7757873535156,424.3140869140625,425.9129638671875,1161326
2024-01-31,414.93701171875,424.17218017578125,432.5354919433594,423.80322265625,430.4730224609375,1923846
2024-02-01,423.1459655761719,432.5638732910156,432.7909240722656,423.58563232421875,424.17218017578125,1139552
2024-02-02,420.2122497558594,429.5648193359375,432.10028076171875,424.0113525390625,430.46356201171875,1641415
2024-02-05,417.8892822265625,427.1901550292969,428.5903625488281,421.63671875,425.73321533203125,1318396
2024-02-06,419.5088806152344,428.8457946777344,430.00946044921875,425.4682922363281,427.4266662597656,1031315
2024-02-07,425.4596252441406,434.9290466308594,436.2913818359375,429.1674499511719,434.6073913574219,1674288
2024-02-08,404.0904235839844,413.0841979980469,413.75592041015625,397.2090759277344,408.5146789550781,4006241
2024-02-09,405.25653076171875,414.2762451171875,417.2563781738281,408.07000732421875,413.3680114746094,1969931
2024-02-12,397.5195617675781,406.3670654296875,415.4588317871094,406.03594970703125,415.4588317871094,1920569
2024-02-13,390.9949951171875,399.697265625,403.2734069824219,397.4739685058594,399.0917663574219,1996462
2024-02-14,389.8196105957031,398.4957580566406,402.5544128417969,394.9574279785156,401.56103515625,1713714
2024-02-15,392.8551330566406,401.598876953125,403.65185546875,399.3188171386719,400.6528015136719,1456652
2024-02-16,392.00372314453125,400.7284851074219,404.45599365234375,399.1106872558594,399.2431335449219,1916764
2024-02-20,394.2618408203125,403.0368957519531,403.2261047363281,398.0037841796875,400.340576171875,2562908
2024-02-21,392.7070617675781,401.4474792480469,406.3292236328125,398.6565856933594,402.5638732910156,1035226
2024-02-22,402.7855224609375,411.750244140625,414.02081298828125,405.3736877441406,405.9697265625,1403696
2024-02-23,405.6081848144531,414.6357727050781,416.5752258300781,412.6395568847656,412.9422912597656,920858
2024-02-26,401.9449462890625,410.037841796875,415.6102294921875,410.0189208984375,413.1315002441406,1200118
2024-02-27,396.7794189453125,404.7682189941406,411.1636657714844,403.2544860839844,409.886474609375,1578735
2024-02-28,398.21685791015625,406.234619140625,408.5241394042969,403.1882629394531,404.41815185546875,1291865
2024-02-29,397.2801513671875,405.2790832519531,410.2081298828125,404.9385070800781,409.1863708496094,2188201
2024-03-01,397.86444091796875,405.8751220703125,408.9593200683594,403.96405029296875,404.9195861816406,1569011
2024-03-04,394.5536193847656,402.4976501464844,406.34814453125,401.0879821777344,405.2790832519531,2174038
2024-03-05,391.65087890625,399.53643798828125,404.0302734375,398.6660461425781,400.9555358886719,1539203
2024-03-06,395.2027282714844,403.1598815917969,403.87890625,399.57427978515625,401.4474792480469,1616999
2024-03-07,395.6943359375,403.66131591796875,407.5023498535156,403.4058532714844,407.5023498535156,1256773
2024-03-08,397.1410217285156,405.1371765136719,407.3793640136719,403.85052490234375,404.6736145019531,1203606
2024-03-11,395.7035827636719,403.6707763671875,405.5723876953125,400.46356201171875,403.9735107421875,1043576
2024-03-12,397.4934387207031,405.4967041015625,407.5023498535156,403.1693420410156,406.16839599609375,1062919
2024-03-13,396.9555969238281,404.9479675292969,406.9725646972656,403.6707763671875,405.1939392089844,792856
2024-03-14,392.72662353515625,400.6338806152344,405.0141906738281,398.35382080078125,403.7086181640625,1369872
2024-03-15,392.114501953125,400.00946044921875,401.62725830078125,396.07379150390625,397.3793640136719,2607619
2024-03-18,391.1314697265625,399.0066223144531,403.2355651855469,398.6376647949219,401.2015075683594,1081417
2024-03-19,393.1903076171875,401.1069030761719,401.1920471191406,398.05108642578125,399.61212158203125,1737602
2024-03-20,395.1007385253906,403.0558166503906,403.0841979980469,398.9877014160156,401.2771911621094,1409087
2024-03-21,397.4377746582031,405.4399108886719,408.13623046875,403.0368957519531,404.30462646484375,1319559
2024-03-22,388.7016906738281,396.5279235839844,407.84295654296875,396.41436767578125,406.2156982421875,1564677
2024-03-25,388.098876953125,395.9129638671875,396.2535400390625,390.5392761230469,394.9290466308594,1418917
2024-03-26,389.0355224609375,396.8684997558594,398.476806640625,394.6830749511719,396.34814453125,1407713
2024-03-27,392.114501953125,400.00946044921875,400.6433410644531,396.09271240234375,400.1513671875,1324315
2024-03-28,394.5628356933594,402.5071105957031,404.1248779296875,399.59320068359375,401.62725830078125,1988851
2024-04-01,396.0837707519531,404.05865478515625,407.9091796875,403.841064453125,405.9508056640625,1778191
2024-04-02,395.17498779296875,403.1315002441406,404.1627197265625,399.886474609375,403.576171875,1489419
2024-04-03,395.49951171875,403.4626159667969,403.92620849609375,401.3434143066406,402.01513671875,1085539
2024-04-04,397.3172302246094,405.3169250488281,413.80322265625,404.181640625,405.97918701171875,1678833
2024-04-05,400.257080078125,408.31597900390625,408.8079528808594,401.1636657714844,405.2317810058594,1224006
2024-04-08,402.5941467285156,410.7001037597656,412.1475830078125,408.5430603027344,408.7228088378906,1109533
2024-04-09,403.4195861816406,411.5421142578125,414.6736145019531,408.9782409667969,413.80322265625,781546
2024-04-10,393.2552185058594,401.1731262207031,407.1050109863281,400.491943359375,405.6669921875,1008801
2024-04-11,392.216552734375,400.113525390625,403.0179748535156,399.2809753417969,401.3812561035156,1193564
2024-04-12,387.4775085449219,395.2790832519531,399.1863708496094,393.992431640625,396.6225280761719,1249585
2024-04-15,379.82647705078125,387.4739685058594,399.8486328125,386.24407958984375,399.0823059082031,1114184
2024-04-16,378.8990478515625,386.5279235839844,391.2109680175781,385.7615966796875,387.1806945800781,1119152
2024-04-17,382.19134521484375,389.886474609375,391.6177978515625,387.4266662597656,389.2052917480469,899613
2024-04-18,383.35986328125,391.0785217285156,393.3585510253906,386.37652587890625,392.5827941894531,1220835
2024-04-19,382.608642578125,390.31219482421875,392.47869873046875,387.80511474609375,392.32733154296875,1203606
2024-04-22,386.661376953125,394.446533203125,395.3642272949219,390.7663269042969,392.6206359863281,1235105
2024-04-23,383.2578430175781,390.9744567871094,395.63861083984375,389.1958312988281,394.5506286621094,2490609
2024-04-24,383.27642822265625,390.9933776855469,392.2232666015625,386.8968811035156,389.9053955078125,3548666
2024-04-25,385.3352355957031,393.0936584472656,406.8022766113281,385.704833984375,404.9574279785156,2556777
2024-04-26,385.5948791503906,393.3585510253906,396.2724609375,390.5865783691406,393.576171875,1703356
2024-04-29,385.15899658203125,392.9139099121094,395.4588317871094,392.06243896484375,395.4588317871094,1613511
2024-04-30,385.6412353515625,393.4058532714844,394.8439025878906,388.3443603515625,392.5260314941406,2118439
2024-05-01,385.984375,393.75592041015625,398.3443603515625,391.5421142578125,391.5421142578125,1144837
2024-05-02,386.689208984375,394.47491455078125,396.6319885253906,386.7928161621094,395.0236511230469,1291654
2024-05-03,394.3125,402.25164794921875,402.431396484375,397.84295654296875,399.2052917480469,2027115
2024-05-06,394.85040283203125,402.8003845214844,404.7019958496094,398.1929931640625,404.34246826171875,1391541
2024-05-07,397.447021484375,405.4493713378906,405.6859130859375,402.17596435546875,402.17596435546875,840421
2024-05-08,398.0498962402344,406.0643310546875,407.1901550292969,404.41815185546875,405.2980041503906,791693
2024-05-09,400.90625,408.9782409667969,409.1106872558594,405.56292724609375,405.9508056640625,1362684
2024-05-10,400.23858642578125,408.29705810546875,411.7880859375,407.8902587890625,410.3594970703125,907857
2024-05-13,396.9370422363281,404.9290466308594,410.19866943359375,404.5600891113281,409.1579895019531,1200012
2024-05-14,396.9555969238281,404.9479675292969,406.5657653808594,397.7010498046875,404.9290466308594,1788867
2024-05-15,404.0686950683594,412.204345703125,412.45977783203125,405.0425720214844,406.158935546875,1344504
2024-05-16,406.22027587890625,414.39923095703125,417.0860900878906,409.0160827636719,412.355712890625,1168936
2024-05-17,409.8000793457031,418.05108642578125,418.25921630859375,413.56671142578125,415.9697265625,1306663
2024-05-20,405.9606628417969,414.13433837890625,417.7578125,413.4342346191406,415.8372802734375,1141560
2024-05-21,407.9360046386719,416.14947509765625,417.4361267089844,413.3396301269531,414.13433837890625,1602412
2024-05-22,410.1895446777344,418.44842529296875,418.7511901855469,414.9195861816406,416.12109375,975294
2024-05-23,404.606689453125,412.7530822753906,417.3415222167969,411.51373291015625,417.3415222167969,1207411
2024-05-24,406.4243469238281,414.6073913574219,416.1778564453125,411.55157470703125,414.28570556640625,699523
2024-05-28,399.7099304199219,407.7578125,414.068115234375,405.86566162109375,412.9233703613281,1268294
2024-05-29,394.9422912597656,402.04351806640625,405.2885437011719,401.2204284667969,403.2828674316406,920436
2024-05-30,391.8103332519531,398.8552551269531,401.8826904296875,397.63482666015625,401.2771911621094,1148219
2024-05-31,397.3121337890625,404.45599365234375,404.6452331542969,396.8684997558594,399.2242126464844,1955133
2024-06-03,398.9385070800781,406.11163330078125,408.9593200683594,401.91107177734375,405.3358459472656,1300110
2024-06-04,401.3363342285156,408.5525207519531,410.04730224609375,404.22894287109375,405.856201171875,695083
2024-06-05,405.4720153808594,412.7625427246094,413.4247741699219,404.7682189941406,409.3850402832031,930054
2024-06-06,403.9571228027344,411.2204284667969,415.2790832519531,410.6906433105469,413.79376220703125,648047
2024-06-07,398.455322265625,405.61968994140625,409.5458984375,405.1371765136719,408.39166259765625,856276
2024-06-10,399.6263122558594,406.8117370605469,407.0577087402344,402.5449523925781,404.5979309082031,734298
2024-06-11,398.5203552246094,405.6859130859375,406.7265930175781,404.15325927734375,406.7265930175781,1213647
2024-06-12,409.15234375,416.5090026855469,417.98486328125,408.8079528808594,410.7852478027344,1288483
2024-06-13,406.30841064453125,413.614013671875,416.9063415527344,411.89215087890625,416.2724609375,728907
2024-06-14,403.7154846191406,410.9744567871094,412.4881591796875,406.6982116699219,411.2866516113281,834396
2024-06-17,402.6932067871094,409.93377685546875,411.3717956542969,406.6887512207031,408.9782409667969,809556
2024-06-18,405.06304931640625,412.34625244140625,412.6868591308594,408.13623046875,410.6338806152344,1039559
2024-06-20,407.7210388183594,415.0520324707031,416.5846862792969,411.0406799316406,412.6300964355469,1063976
2024-06-21,408.1950378417969,415.5345458984375,416.49005126953125,412.4881591796875,415.0236511230469,1445342
2024-06-24,413.53887939453125,420.9744567871094,422.46923828125,414.7019958496094,416.7455139160156,1013135
2024-06-25,417.07977294921875,424.5790100097656,425.0141906738281,418.8930969238281,421.750244140625,1055732
2024-06-26,416.68939208984375,424.181640625,424.9006652832031,419.6405029296875,422.25164794921875,1723756
2024-06-27,417.2005615234375,424.7019958496094,426.6603698730469,422.3746337890625,425.73321533203125,1163651
2024-06-28,414.4961242675781,421.94891357421875,423.81268310546875,418.1929931640625,422.5165710449219,3200913
2024-07-01,414.79351806640625,422.25164794921875,426.7833557128906,420.14190673828125,424.2005615234375,1141137
2024-07-02,418.63177490234375,426.158935546875,426.461669921875,422.28948974609375,422.28948974609375,772984
2024-07-03,417.693115234375,425.2033996582031,427.2847595214844,424.38031005859375,425.60076904296875,488440
2024-07-05,421.2525634765625,428.8268737792969,429.5648193359375,423.85052490234375,427.0293273925781,821395
2024-07-08,423.6875,431.3055725097656,432.4124755859375,429.0633850097656,429.74456787109375,880587
2024-07-09,427.7859802246094,435.4777526855469,436.4995422363281,432.204345703125,434.0302734375,943161
2024-07-10,433.0834045410156,440.8703918457031,440.9271545410156,433.68023681640625,436.47113037109375,1303704
2024-07-11,439.7933654785156,447.7010498046875,447.7388916015625,441.70294189453125,441.70294189453125,1454538
2024-07-12,444.5331115722656,452.5260314941406,455.2223205566406,448.43896484375,449.1106872558594,1432764
2024-07-15,448.4643249511719,456.5279235839844,457.1617736816406,451.4664001464844,453.0747375488281,1145260
2024-07-16,454.2635803222656,462.431396484375,462.4881591796875,456.7076721191406,458.37274169921875,1284361
2024-07-17,455.2672119140625,463.4531555175781,463.538330078125,459.80133056640625,462.0908203125,1491638
2024-07-18,450.45318603515625,458.5525207519531,464.9763488769531,458.0416259765625,461.5799560546875,1321461
2024-07-19,445.94573974609375,453.96405029296875,459.3566589355469,453.1504211425781,459.2052917480469,1156781
2024-07-22,452.89739990234375,461.0406799316406,461.66510009765625,455.9886474609375,458.7795715332031,1157098
2024-07-23,460.55535888671875,468.8363342285156,471.2866516113281,460.8325500488281,461.55157470703125,1082368
2024-07-24,447.6371765136719,455.6859130859375,469.80133056640625,454.3140869140625,468.2119140625,1153398
2024-07-25,449.1892395019531,457.2658386230469,465.4682922363281,451.2488098144531,452.2611083984375,830485
2024-07-26,455.2207946777344,463.4058532714844,466.1021728515625,458.5619812011719,460.4541015625,870228
2024-07-29,455.2301330566406,463.4153137207031,466.7076721191406,462.16650390625,464.9763488769531,1186483
2024-07-30,454.00335693359375,462.16650390625,475.82781982421875,454.7303771972656,468.8741760253906,1479694
2024-07-31,450.4903259277344,458.5903625488281,466.13055419921875,455.2601623535156,465.0425720214844,1738448
2024-08-01,455.880615234375,464.07757568359375,465.0898742675781,459.92431640625,463.4909973144531,1108899
2024-08-02,451.7077941894531,459.8297119140625,463.3207092285156,454.22894287109375,459.64996337890625,1283621
2024-08-05,438.65032958984375,446.5373840332031,452.11920166015625,442.46923828125,451.58941650390625,1651668
2024-08-06,445.6112365722656,453.62347412109375,460.8987731933594,447.80511474609375,449.3661193847656,1557490
2024-08-07,444.34722900390625,452.3367919921875,463.98297119140625,451.674560546875,457.719970703125,1380336
2024-08-08,452.776611328125,460.9176940917969,461.83538818359375,451.55157470703125,452.9706726074219,985335
2024-08-09,454.00335693359375,462.16650390625,463.765380859375,459.3377380371094,461.68402099609375,646038
2024-08-12,450.24871826171875,458.3443603515625,463.56671142578125,457.4077453613281,462.0908203125,773618
2024-08-13,455.0999755859375,463.2828674316406,464.6736145019531,460.07568359375,462.21380615234375,676374
2024-08-14,457.8509216308594,466.083251953125,466.8401184082031,461.53265380859375,462.6395568847656,778163
2024-08-15,458.11114501953125,466.34814453125,470.6433410644531,465.0709533691406,467.3793640136719,822875
2024-08-16,456.1966247558594,464.39923095703125,467.5023498535156,462.6490173339844,467.3604431152344,1070530
2024-08-19,460.72265625,469.0066223144531,469.1579895019531,465.3642272949219,465.3642272949219,1028355
2024-08-20,462.69287109375,471.0122985839844,472.38409423828125,469.2431335449219,470.9176940917969,2163362
2024-08-21,463.7338562011719,472.0718994140625,472.36517333984375,468.7417297363281,471.0122985839844,905955
2024-08-22,463.4921569824219,471.825927734375,473.71807861328125,469.91485595703125,472.0718994140625,1424519
2024-08-23,465.2301330566406,473.5950927734375,475.61968994140625,470.9555358886719,473.4909973144531,718549
2024-08-26,466.55908203125,474.9479675292969,478.5714416503906,474.2005615234375,475.3358459472656,899084
2024-08-27,470.5439758300781,478.13623046875,479.4607238769531,472.6868591308594,473.3490905761719,1187434
2024-08-28,470.4322204589844,478.022705078125,482.7720031738281,473.5572509765625,478.10784912109375,1446187
2024-08-29,473.02056884765625,480.6528015136719,484.2762451171875,477.7767333984375,479.1106872558594,1158789
2024-08-30,477.85272216796875,485.56292724609375,486.28192138671875,479.8486328125,482.16650390625,1316388
2024-09-03,475.5809631347656,483.2544860839844,489.55535888671875,479.64996337890625,487.2090759277344,1119680
2024-09-04,477.91790771484375,485.629150390625,486.234619140625,481.71240234375,483.4153137207031,825728
2024-09-05,481.3534240722656,489.1201477050781,490.6244201660156,486.01702880859375,487.0387878417969,1238487
2024-09-06,475.4319763183594,483.1031188964844,493.3774719238281,482.6111755371094,489.2052917480469,1096849
2024-09-09,480.2641296386719,488.01324462890625,491.83538818359375,485.856201171875,487.0293273925781,991255
2024-09-10,484.10009765625,491.91107177734375,492.8855285644531,485.96026611328125,489.78240966796875,1027615
2024-09-11,480.2455139160156,487.99432373046875,489.7918701171875,477.2942199707031,489.0728454589844,1243138
2024-09-12,484.1559143066406,491.96783447265625,492.9139099121094,484.9479675292969,486.4049072265625,940413
2024-09-13,483.634521484375,491.4380187988281,495.8751220703125,490.1324462890625,493.85052490234375,1214282
2024-09-16,491.0177917480469,498.9403991699219,499.5458984375,492.5449523925781,493.71807861328125,1073701
2024-09-17,486.3625183105469,494.21002197265625,497.4739685058594,489.66888427734375,496.7833557128906,1188068
2024-09-18,483.6997375488281,491.5042419433594,496.9441833496094,488.1929931640625,492.5638732910156,1005313
2024-09-19,488.0756530761719,495.9508056640625,498.39166259765625,493.92620849609375,496.6887512207031,989669
2024-09-20,487.5635681152344,495.4304504394531,496.9063415527344,491.9583740234375,495.1655578613281,1918138
2024-09-23,485.1521301269531,492.9801330566406,499.3755798339844,490.17974853515625,491.977294921875,1015566
2024-09-24,482.3869323730469,490.1702880859375,491.49481201171875,485.3453063964844,489.3850402832031,1131941
2024-09-25,479.32379150390625,487.0577087402344,493.90728759765625,485.4872131347656,491.49481201171875,984173
2024-09-26,476.4189147949219,484.10595703125,488.10784912109375,481.79754638671875,485.56292724609375,1278336
2024-09-27,477.3685607910156,485.0709533691406,488.8174133300781,483.62347412109375,484.0113525390625,852682
2024-09-30,480.99969482421875,488.7606506347656,489.5648193359375,482.7909240722656,484.446533203125,1057000
2024-10-01,476.903076171875,484.5979309082031,490.8893127441406,483.86944580078125,490.6717224121094,1034169
2024-10-02,479.22137451171875,486.9536437988281,488.7890319824219,483.4909973144531,486.34814453125,1017151
2024-10-03,479.11895751953125,486.8495788574219,489.1012268066406,485.74267578125,486.8211975097656,796872
2024-10-04,476.8564758300781,484.5506286621094,488.3065185546875,480.9366149902344,485.88458251953125,722777
2024-10-07,471.5029602050781,479.1106872558594,485.86566162109375,477.89971923828125,484.9101257324219,862512
2024-10-08,482.6103820800781,490.3973388671875,491.5421142578125,482.9328308105469,483.7464599609375,1062496
2024-10-09,485.5152893066406,493.3490905761719,496.07379150390625,490.5960388183594,491.0122985839844,865894
2024-10-10,479.6031188964844,487.3415222167969,493.3680114746094,486.234619140625,491.91107177734375,760089
2024-10-11,486.0180358886719,493.8599853515625,494.5317077636719,488.8079528808594,489.61212158203125,699840
2024-10-14,491.1481018066406,499.0728454589844,500.037841796875,494.38031005859375,494.38031005859375,675634
2024-10-15,492.0140075683594,499.95269775390625,504.5317077636719,499.3661193847656,501.4190979003906,1372409
2024-10-16,492.5260925292969,500.4730224609375,501.0501403808594,493.8599853515625,496.5563049316406,664853
2024-10-17,483.1783752441406,490.9744567871094,503.3112487792969,487.4266662597656,503.0652770996094,1530113
2024-10-18,488.6156921386719,496.4995422363281,497.2374572753906,492.7909240722656,495.65753173828125,1936424
2024-10-21,487.1166687011719,494.9763488769531,496.45220947265625,490.7190246582031,493.0652770996094,854267
2024-10-22,478.1134338378906,485.82781982421875,491.3717956542969,483.0936584472656,491.0690612792969,1391435
2024-10-23,475.69268798828125,483.3680114746094,486.8022766113281,482.11920166015625,485.80889892578125,1081417
2024-10-24,459.2037658691406,466.6130676269531,477.2185363769531,465.5061340332031,472.0908203125,1861694
2024-10-25,456.78302001953125,464.15325927734375,472.02459716796875,462.28948974609375,470.7568664550781,1040511
2024-10-28,453.6453857421875,460.9649963378906,468.24029541015625,460.08514404296875,467.2185363769531,1377800
2024-10-29,453.18914794921875,460.50140380859375,463.4058532714844,459.82025146484375,461.3907165527344,1707584
2024-10-30,452.43505859375,459.735107421875,464.13433837890625,458.6092834472656,461.3339538574219,1172530
2024-10-31,447.23974609375,454.45599365234375,459.6783447265625,454.143798828125,458.7228088378906,1402005
2024-11-01,449.9863586425781,457.2469177246094,460.9555358886719,454.9479675292969,455.88458251953125,993897
2024-11-04,452.2767639160156,459.57427978515625,460.50140380859375,456.8779602050781,457.83349609375,2017496
2024-11-05,455.9450378417969,463.3017883300781,463.4058532714844,458.6944274902344,459.76348876953125,1986632
2024-11-06,456.2057800292969,463.56671142578125,476.461669921875,451.55157470703125,476.461669921875,2525807
2024-11-07,462.8255310058594,470.29327392578125,471.4474792480469,465.7615966796875,468.0416259765625,1389638
2024-11-08,468.15118408203125,475.704833984375,480.12298583984375,470.42572021484375,470.42572021484375,1419657
2024-11-11,472.2850646972656,479.9053955078125,482.45977783203125,473.0463562011719,473.5004577636719,1189759
2024-11-12,468.75634765625,476.31976318359375,480.6528015136719,476.07379150390625,479.61212158203125,1094101
2024-11-13,475.1061096191406,482.7720031738281,487.98486328125,476.385986328125,476.6792907714844,1161009
2024-11-14,475.4319763183594,483.1031188964844,487.91864013671875,482.7720031738281,486.5657653808594,839469
2024-11-15,468.5887145996094,476.14947509765625,483.2450256347656,474.9858093261719,478.8552551269531,1255293
2024-11-18,468.3187561035156,475.8751220703125,477.5118408203125,472.23272705078125,474.5790100097656,1532333
2024-11-19,467.6763000488281,475.2223205566406,478.5998229980469,472.8476867675781,475.61968994140625,1482548
2024-11-20,468.4397888183594,475.99810791015625,480.10406494140625,469.3755798339844,476.4427490234375,1330129
2024-11-21,476.11163330078125,483.79376220703125,485.86566162109375,477.1239318847656,480.6149597167969,1225486
2024-11-22,478.9886169433594,486.7171325683594,489.51751708984375,482.4976501464844,482.4976501464844,1300110
2024-11-25,484.62139892578125,492.44085693359375,492.7436218261719,487.0482482910156,488.8930969238281,1998047
2024-11-26,486.82257080078125,493.81268310546875,495.74267578125,488.14569091796875,493.4436950683594,1002036
2024-11-27,487.6619873046875,494.6641540527344,498.41058349609375,491.51373291015625,494.7966003417969,1470921
2024-11-29,487.3355407714844,494.3330078125,498.3443603515625,493.2923278808594,495.3169250488281,890523
2024-12-02,487.67132568359375,494.6736145019531,496.01702880859375,490.33111572265625,494.24786376953125,1543431
2024-12-03,483.30633544921875,490.2459716796875,496.6603698730469,489.810791015625,495.2507019042969,1324421
2024-12-04,485.23699951171875,492.204345703125,499.4228820800781,491.2582702636719,491.2582702636719,1369661
2024-12-05,479.29583740234375,486.1778564453125,491.3717956542969,484.2005615234375,491.3717956542969,1048438
2024-12-06,481.98199462890625,488.9025573730469,492.5071105957031,485.4588317871094,486.5184631347656,966309
2024-12-09,478.7922058105469,485.6669921875,490.00946044921875,481.91107177734375,486.33868408203125,1274531
2024-12-10,477.6730041503906,484.5317077636719,486.7549743652344,481.939453125,485.931884765625,1447562
2024-12-11,481.515625,488.42950439453125,491.81646728515625,482.27056884765625,484.43707275390625,932485
2024-12-12,478.344482421875,485.2128601074219,490.6717224121094,485.1655578613281,488.7984924316406,886612
2024-12-13,471.7037658691406,478.476806640625,487.4645080566406,477.0766296386719,486.03594970703125,1259733
2024-12-16,469.00836181640625,475.74267578125,482.4976501464844,475.1087951660156,479.2052917480469,1482337
2024-12-17,466.8165588378906,473.5194091796875,474.9763488769531,470.5676574707031,474.9763488769531,1539415
2024-12-18,457.13531494140625,463.69915771484375,478.7984924316406,463.2828674316406,473.1788024902344,1521974
2024-12-19,453.8056640625,460.3216552734375,468.7795715332031,459.5269775390625,466.35760498046875,1780094
2024-12-20,458.7022399902344,465.2885437011719,468.13623046875,457.82403564453125,458.8457946777344,2688585
2024-12-23,464.7086486816406,471.3812561035156,471.9962158203125,462.1854248046875,463.5950927734375,1714771
2024-12-24,470.7711181640625,477.53076171875,477.53076171875,471.3528747558594,472.8382263183594,456835
2024-12-26,470.79913330078125,477.55914306640625,478.7417297363281,473.0274353027344,474.9952697753906,595197
2024-12-27,468.0196838378906,474.7398376464844,479.2431335449219,472.5260314941406,474.8439025878906,710198
2024-12-30,464.4942321777344,471.1636657714844,473.4626159667969,467.3604431152344,471.63671875,839575
2024-12-31,464.50347900390625,471.1731262207031,473.916748046875,468.9782409667969,471.83538818359375,745608
2025-01-02,462.143798828125,468.7795715332031,476.13055419921875,466.6414489746094,472.8949890136719,1629788
2025-01-03,465.9398193359375,472.6300964355469,475.71429443359375,469.0350036621094,471.523193359375,1465636
2025-01-06,460.9220275878906,467.54022216796875,474.17218017578125,466.0643310546875,474.17218017578125,929209
2025-01-07,458.2731628417969,464.8533630371094,470.2081298828125,462.128662109375,466.8211975097656,1632959
2025-01-08,462.47955322265625,469.1201477050781,469.3755798339844,460.9933776855469,461.79754638671875,1322201
2025-01-10,450.22418212890625,456.6887512207031,464.8533630371094,455.2980041503906,462.7436218261719,1257196
2025-01-13,450.1029052734375,456.5657653808594,457.1428527832031,452.7909240722656,454.068115234375,1545123
2025-01-14,451.8563232421875,458.3443603515625,460.7284851074219,456.41436767578125,458.6755065917969,1636976
2025-01-15,463.0951843261719,469.74456787109375,471.1636657714844,461.5042419433594,464.15325927734375,2085144
2025-01-16,471.153564453125,477.91864013671875,478.8174133300781,470.14190673828125,472.8193054199219,1285101
2025-01-17,468.0756530761719,474.7966003417969,479.7918701171875,474.0113525390625,475.92242431640625,1886639
2025-01-21,475.71435546875,482.5449523925781,482.6584777832031,477.0860900878906,478.35382080078125,1369766
2025-01-22,476.56304931640625,483.4058532714844,483.5004577636719,479.0728454589844,482.6017150878906,994214
2025-01-23,478.96942138671875,485.84674072265625,486.09271240234375,478.7038879394531,481.77862548828125,963033
2025-01-24,479.1652526855469,486.04541015625,489.83917236328125,482.7814636230469,485.74267578125,1004573
2025-01-27,485.6940612792969,492.6679382324219,493.94512939453125,480.2081298828125,483.60455322265625,1051398
2025-01-28,485.41424560546875,492.38409423828125,497.0104064941406,488.39166259765625,492.36517333984375,1067887
2025-01-29,482.4016418457031,489.3282775878906,493.9735107421875,487.65374755859375,491.1542053222656,1001508
2025-01-30,488.2962341308594,495.3074645996094,498.5241394042969,491.5799560546875,493.4153137207031,815370
2025-01-31,486.30963134765625,493.2923278808594,499.5269775390625,492.15704345703125,495.94134521484375,1328438
2025-02-03,483.48358154296875,490.42572021484375,491.3907165527344,483.7464599609375,489.9810791015625,1943823
2025-02-04,479.1092529296875,485.9886474609375,490.491943359375,484.5979309082031,485.1844787597656,1302964
2025-02-05,479.6502685546875,486.5373840332031,489.3945007324219,482.8760681152344,488.249755859375,1501891
2025-02-06,484.1177978515625,491.0690612792969,493.2450256347656,487.88079833984375,487.88079833984375,1522186
2025-02-07,484.2017517089844,491.1542053222656,493.5004577636719,488.6660461425781,490.6338806152344,1476523
2025-02-10,480.6109313964844,487.5118408203125,492.5449523925781,485.80889892578125,490.06622314453125,1792461
2025-02-11,504.1238098144531,511.3623352050781,512.77197265625,497.84295654296875,510.8798522949219,2387763
2025-02-12,495.72967529296875,502.8476867675781,508.0416259765625,498.5714416503906,506.9725646972656,1577044
2025-02-13,505.8119812011719,513.0747680664062,513.50048828125,505.4115295410156,507.795654296875,1575141
2025-02-14,503.3590393066406,510.5865783691406,515.9791870117188,509.8297119140625,514.8817138671875,1028778
2025-02-18,507.1642761230469,514.446533203125,514.976318359375,508.18353271484375,514.0870361328125,1844465
2025-02-19,506.1664123535156,513.4342651367188,514.1911010742188,510.416259765625,513.0369262695312,1844571
2025-02-20,499.38580322265625,506.5563049316406,512.9044189453125,504.17218017578125,511.6934814453125,1383402
2025-02-21,497.4924621582031,504.6357727050781,507.2279968261719,502.8855285644531,506.19677734375,1411201
2025-02-24,497.3244934082031,504.4654541015625,507.4928894042969,502.7625427246094,504.45599365234375,1400525
2025-02-25,497.4737854003906,504.6168518066406,507.1901550292969,500.9460754394531,506.0643310546875,1101605
2025-02-26,494.5025329589844,500.7001037597656,506.33868408203125,500.037841796875,503.69915771484375,744022
2025-02-27,490.8771667480469,497.0293273925781,505.58184814453125,494.6357727050781,501.8070068359375,1094946
2025-02-28,498.7071838378906,504.9574279785156,505.3831481933594,496.9158020019531,501.598876953125,1732423
2025-03-03,494.56793212890625,500.7663269042969,508.5619812011719,498.8552551269531,504.9574279785156,1938749
2025-03-04,482.88836669921875,488.9403991699219,500.491943359375,486.9914855957031,498.6471252441406,1484451
2025-03-05,488.5786437988281,494.7019958496094,498.37274169921875,487.3036804199219,489.1296081542969,1739399
2025-03-06,480.45904541015625,486.4805908203125,493.3396301269531,481.74078369140625,489.1201477050781,1553896
2025-03-07,464.37860107421875,470.19866943359375,484.8344421386719,461.2677307128906,482.27056884765625,2020138
2025-03-10,456.3337707519531,462.052978515625,468.5525207519531,457.59698486328125,463.0747375488281,1933253
2025-03-11,448.49444580078125,454.11541748046875,464.4654541015625,453.6329345703125,463.576171875,1965174
2025-03-12,446.86865234375,452.46923828125,460.9460754394531,448.476806640625,457.6253662109375,1773223
2025-03-13,448.35430908203125,453.9735107421875,455.80889892578125,449.4891052246094,452.44085693359375,1861060
2025-03-14,454.5584716796875,460.25543212890625,460.7001037597656,452.7720031738281,455.96026611328125,1509185
2025-03-17,461.8278503417969,467.61590576171875,469.4796447753906,459.2715148925781,461.2866516113281,1234893
2025-03-18,458.2025146484375,463.94512939453125,469.82025146484375,458.6376647949219,466.6130676269531,1553579
2025-03-19,462.7154846191406,468.5146789550781,470.8609313964844,463.69915771484375,464.143798828125,1293979
2025-03-20,464.5655212402344,470.38787841796875,472.36517333984375,466.5752258300781,468.325439453125,1418600
2025-03-21,465.2008972167969,471.0312194824219,471.1825866699219,465.6102294921875,467.4739685058594,2752322
2025-03-24,470.86309814453125,476.7644348144531,480.31219482421875,474.07757568359375,475.97918701171875,1649554
2025-03-25,479.4779357910156,485.4872131347656,486.6225280761719,478.7133483886719,480.8987731933594,1428324
2025-03-26,474.46978759765625,480.416259765625,486.9158020019531,477.91864013671875,484.7682189941406,1113867
2025-03-27,475.2546081542969,481.2109680175781,484.068115234375,477.6632080078125,480.06622314453125,868008
2025-03-28,469.5269470214844,475.4115295410156,483.3869323730469,474.7492980957031,480.38787841796875,1205509
2025-03-31,474.7500915527344,480.7001037597656,483.0463562011719,471.0501403808594,474.5411682128906,1501574
2025-04-01,477.254150390625,483.2355651855469,484.8060607910156,475.90350341796875,476.8874206542969,1036600
2025-04-02,480.244140625,486.26300048828125,487.1428527832031,478.01324462890625,478.48626708984375,913248
2025-04-03,457.2587890625,462.9895935058594,480.5771179199219,462.2232666015625,471.2677307128906,1603363
2025-04-04,421.8651123046875,427.1523132324219,453.1693420410156,426.41436767578125,451.5421142578125,2073200
2025-04-07,409.54083251953125,414.6736145019531,435.9697265625,404.10595703125,418.9593200683594,3366228
2025-04-08,412.521484375,417.69158935546875,445.0236511230469,411.2961120605469,437.93756103515625,2394845
2025-04-09,442.8789367675781,448.42950439453125,450.27435302734375,404.9195861816406,411.5421142578125,2889204
2025-04-10,427.7142333984375,433.0747375488281,445.65753173828125,423.3490905761719,445.65753173828125,1781256
2025-04-11,434.60980224609375,440.0567626953125,441.72186279296875,426.47113037109375,431.4380187988281,1104776
2025-04-14,440.6364440917969,446.158935546875,449.3850402832031,443.1977233886719,446.7171325683594,872342
2025-04-15,439.8142395019531,445.3263854980469,450.1513671875,444.6830749511719,447.0577087402344,1148008
2025-04-16,433.52593994140625,438.9593200683594,446.4995422363281,435.1939392089844,443.8978271484375,878367
2025-04-17,432.4981689453125,437.91864013671875,442.32733154296875,436.16839599609375,441.0217590332031,965147
2025-04-21,419.5198974609375,424.7776794433594,435.4020690917969,420.113525390625,435.1939392089844,1733374
2025-04-22,435.8058166503906,441.2677307128906,441.79754638671875,425.99810791015625,426.43328857421875,1310891
2025-04-23,439.3657531738281,444.8722839355469,458.1551513671875,442.10028076171875,449.85809326171875,1302330
2025-04-24,449.6717224121094,455.3074645996094,456.04541015625,445.3358459472656,447.2469177246094,1298313
2025-04-25,448.49444580078125,454.11541748046875,456.18731689453125,450.46356201171875,454.8344421386719,1034909
2025-04-28,447.90582275390625,453.5194091796875,457.9281005859375,448.174072265625,454.11541748046875,1618373
2025-04-29,459.4825439453125,465.2412414550781,469.0444641113281,456.6319885253906,460.2081298828125,1993819
2025-04-30,467.22845458984375,473.0841979980469,475.3074645996094,457.0766296386719,462.5354919433594,2565550
2025-05-01,466.1820068359375,472.02459716796875,478.9782409667969,470.5203552246094,471.9962158203125,1673231
2025-05-02,473.3671875,479.2998962402344,482.2989501953125,475.74267578125,476.3670654296875,943161
2025-05-05,472.6944580078125,478.6187438964844,484.3897705078125,475.2033996582031,477.4645080566406,1050447
2025-05-06,468.8729553222656,474.7492980957031,478.7133483886719,473.1031188964844,473.9356689453125,819492
2025-05-07,472.5169372558594,478.43896484375,480.2081298828125,473.50994873046875,475.1560974121094,1125177
2025-05-08,474.2922668457031,480.23651123046875,487.0198669433594,479.87701416015625,480.35003662109375,919696
2025-05-09,474.40435791015625,480.35003662109375,481.94891357421875,478.36328125,480.50140380859375,995483
2025-05-12,484.33660888671875,490.40679931640625,491.0122985839844,483.4058532714844,488.18353271484375,961342
2025-05-13,481.7297668457031,487.76727294921875,494.38031005859375,487.65374755859375,490.40679931640625,1284784
2025-05-14,478.3380126953125,484.3330078125,489.3471984863281,483.1693420410156,489.1201477050781,1699339
2025-05-15,485.1962585449219,491.2771911621094,492.1475830078125,482.4976501464844,484.8249816894531,1302435
2025-05-16,488.1675109863281,494.28570556640625,494.6546936035156,490.22705078125,493.3490905761719,1080465
2025-05-19,489.86810302734375,496.007568359375,498.12677001953125,489.3188171386719,489.3188171386719,766959
2025-05-20,488.61602783203125,494.7398376464844,495.2033996582031,490.9082336425781,492.32733154296875,1352009
2025-05-21,476.7776794433594,482.7530822753906,493.3017883300781,482.0718994140625,491.8826904296875,1586980
2025-05-22,477.75872802734375,483.7464599609375,486.4427490234375,479.68780517578125,480.10406494140625,951089
2025-05-23,476.5440979003906,482.5165710449219,485.0898742675781,479.3282775878906,479.76348876953125,1367652
2025-05-27,482.7856140136719,488.8363342285156,490.3216552734375,484.9385070800781,487.3415222167969,925192
2025-05-28,478.79779052734375,483.8978271484375,488.41058349609375,483.1125793457031,486.8968811035156,927940
2025-05-29,481.2503356933594,486.37652587890625,487.3793640136719,481.98675537109375,485.3642272949219,687156
2025-05-30,480.089599609375,485.2033996582031,486.9820251464844,481.0406799316406,486.37652587890625,2264305
2025-06-02,480.7729797363281,485.89404296875,486.03594970703125,474.8912048339844,481.9583740234375,968106
2025-06-03,479.5654296875,484.6736145019531,486.16839599609375,479.4039611816406,486.16839599609375,1477263
2025-06-04,481.1005859375,486.22515869140625,489.3377380371094,484.02081298828125,485.6669921875,752901
2025-06-05,482.8043212890625,487.947021484375,489.55535888671875,485.4967041015625,489.0823059082031,885449
2025-06-06,486.1742858886719,491.3528747558594,493.7843017578125,487.7010498046875,490.37841796875,659885
2025-06-09,482.0928649902344,487.2279968261719,491.1636657714844,482.8666076660156,490.340576171875,786091
2025-06-10,481.08184814453125,486.20623779296875,488.9214782714844,483.69915771484375,488.22137451171875,903841
2025-06-11,481.1380615234375,486.26300048828125,491.2393493652344,484.10595703125,485.4304504394531,1003727
2025-06-12,473.5462646484375,478.5903625488281,482.9328308105469,470.3594970703125,482.9328308105469,1396720
2025-06-13,469.44610595703125,474.446533203125,477.3888244628906,471.79754638671875,473.94512939453125,1419551
2025-06-16,472.73187255859375,477.76727294921875,482.8382263183594,476.16839599609375,477.76727294921875,1069261
2025-06-17,469.052978515625,474.0491943359375,477.7578125,472.6017150878906,474.9952697753906,1265229
2025-06-18,470.5133056640625,475.52508544921875,479.2809753417969,473.5194091796875,473.66131591796875,1166822
2025-06-20,471.98297119140625,477.0104064941406,483.1125793457031,473.94512939453125,477.3226013183594,2198137
2025-06-23,481.69970703125,486.8306579589844,487.8145751953125,477.76727294921875,478.5241394042969,2256378
2025-06-24,489.5536193847656,494.7682189941406,496.14947509765625,487.98486328125,490.0946044921875,1082051
2025-06-25,487.98095703125,493.1788024902344,493.2923278808594,489.659423828125,492.8571472167969,1120314
2025-06-26,482.11163330078125,487.2469177246094,494.1248779296875,486.9536437988281,493.3301696777344,1375263
2025-06-27,484.62969970703125,489.7918701171875,491.9583740234375,485.931884765625,489.3188171386719,2380047
2025-06-30,493.59759521484375,498.8552551269531,499.6783447265625,488.7795715332031,489.68780517578125,1581589
2025-07-01,495.49786376953125,500.7757873535156,501.49481201171875,494.7871398925781,496.8495788574219,1261847
2025-07-02,492.052978515625,497.2942199707031,499.886474609375,494.5411682128906,499.0728454589844,970009
2025-07-03,495.76934814453125,501.0501403808594,501.0501403808594,497.1617736816406,499.697265625,611263
2025-07-07,496.3028869628906,501.58941650390625,503.81268310546875,498.31597900390625,501.94891357421875,922338
2025-07-08,492.7550964355469,498.0037841796875,502.5733337402344,496.310302734375,501.4096374511719,941787
2025-07-09,494.945556640625,500.21759033203125,501.2961120605469,493.614013671875,495.2885437011719,778692
2025-07-10,495.9752502441406,501.2582702636719,504.6263122558594,497.4172058105469,499.66888427734375,743388
2025-07-11,493.39166259765625,498.6471252441406,500.38787841796875,496.6887512207031,498.1551513671875,863252
2025-07-14,496.2467956542969,501.53265380859375,503.0179748535156,496.7455139160156,497.2469177246094,724891
2025-07-15,488.90771484375,494.11541748046875,502.128662109375,494.0491943359375,501.4474792480469,837038
2025-07-16,490.8547668457031,496.083251953125,496.7738952636719,489.3945007324219,495.629150390625,872025
2025-07-17,491.7908630371094,497.0293273925781,499.4134216308594,494.5032958984375,494.9101257324219,916419
2025-07-18,490.87353515625,496.1021728515625,500.1513671875,493.3585510253906,497.3415222167969,1409192
2025-07-21,488.7579650878906,493.96405029296875,501.2393493652344,493.79376220703125,497.83349609375,1024233
2025-07-22,484.72332763671875,489.886474609375,495.1844787597656,486.8590393066406,493.96405029296875,1192930
2025-07-23,492.07171630859375,497.3131408691406,498.4200439453125,488.22137451171875,489.2620544433594,1182572
2025-07-24,496.9300842285156,502.2232666015625,505.4399108886719,497.1617736816406,497.67266845703125,1082368
2025-07-25,500.7680969238281,506.1021728515625,508.0416259765625,500.9460754394531,500.9460754394531,833233
2025-07-28,496.51824951171875,501.8070068359375,506.5090026855469,501.4380187988281,504.5695495605469,927940
2025-07-29,496.8739013671875,502.16650390625,506.8022766113281,501.5421142578125,504.8533630371094,1210899
2025-07-30,495.5072326660156,500.7852478027344,506.234619140625,499.1769104003906,502.052978515625,1335731
2025-07-31,515.88623046875,521.3812866210938,528.7227783203125,503.6707763671875,506.2724609375,2636898
2025-08-01,510.7937316894531,516.234619140625,519.8959350585938,511.1825866699219,515.6196899414062,1992974
2025-08-04,527.0444946289062,532.658447265625,532.658447265625,518.3159790039062,519.5742797851562,1811909
2025-08-05,527.0444946289062,532.658447265625,535.6007690429688,527.2469482421875,534.40869140625,1545968
2025-08-06,526.6139526367188,532.2232666015625,534.143798828125,522.7152099609375,531.901611328125,1423673
2025-08-07,523.403076171875,528.9782104492188,535.8751220703125,526.3008422851562,535.477783203125,1146739
2025-08-08,521.2874755859375,526.840087890625,532.6395263671875,525.7332153320312,530.8609008789062,868114
2025-08-11,520.3607177734375,525.9035034179688,529.5175170898438,525.4683227539062,527.568603515625,1157838
2025-08-12,523.3375244140625,528.9119873046875,531.0028076171875,524.3140869140625,526.6981811523438,742120
2025-08-13,526.632568359375,532.2421875,536.007568359375,530.4351806640625,532.4976196289062,1107102
2025-08-14,528.1023559570312,533.7275390625,547.8240356445312,529.659423828125,533.7086181640625,1077189
2025-08-15,520.9130249023438,526.461669921875,534.7965698242188,525.7332153320312,533.5856323242188,1017574
2025-08-18,515.9892578125,521.4853515625,526.7738647460938,519.7067260742188,524.8344116210938,1001930
2025-08-19,519.00341796875,524.5316772460938,529.3850708007812,521.7407836914062,521.7407836914062,1373783
2025-08-20,521.4371948242188,526.991455078125,529.4229125976562,522.658447265625,525.5440063476562,1642050
2025-08-21,517.1405029296875,522.6489868164062,526.6035766601562,521.2866821289062,523.5194091796875,1037128
2025-08-22,521.0908813476562,526.6414184570312,529.2715454101562,523.916748046875,524.900634765625,1120631
2025-08-25,516.4384765625,521.939453125,527.0198974609375,520.22705078125,526.3197631835938,1175490
2025-08-26,517.9295043945312,522.5354614257812,522.8381958007812,516.8211669921875,519.205322265625,1642472
2025-08-27,515.6320190429688,520.2175903320312,524.6546630859375,520.0189208984375,520.9933471679688,1056789
2025-08-28,513.4564819335938,518.022705078125,521.2866821289062,516.80224609375,519.6405029296875,1092410
2025-08-29,514.2910766601562,518.8646850585938,520.68115234375,516.8779296875,517.4834594726562,937453
2025-09-02,506.03900146484375,510.5392761230469,515.1088256835938,508.46734619140625,514.3140869140625,1130673
2025-09-03,505.6639099121094,510.16082763671875,513.04638671875,506.9347229003906,509.0917663574219,913037
2025-09-04,506.62042236328125,511.1258239746094,514.40869140625,509.3377380371094,512.7530517578125,1056049
2025-09-05,504.557373046875,509.0444641113281,513.8978271484375,503.80322265625,513.5950927734375,972757
2025-09-08,511.8811340332031,516.4332885742188,517.5875244140625,505.96026611328125,508.7701110839844,1118200
2025-09-09,513.6065673828125,518.174072265625,519.3283081054688,513.9829711914062,514.8817138671875,669187
2025-09-10,506.2734375,510.7757873535156,519.4607543945312,509.93377685546875,517.8997192382812,962399
2025-09-11,516.5791625976562,521.1731567382812,522.3935546875,510.8798522949219,511.85430908203125,1073701
2025-09-12,510.3431701660156,514.8817138671875,520.6622314453125,513.7180786132812,518.36328125,1065879
2025-09-15,510.1181335449219,514.6546630859375,518.3443603515625,513.9356689453125,516.2535400390625,1018737
2025-09-16,507.58624267578125,512.1002807617188,513.2072143554688,507.99432373046875,510.8798522949219,1230348
2025-09-17,510.2212829589844,514.7587280273438,517.9281005859375,511.3623352050781,514.8154907226562,925615
2025-09-18,476.1815490722656,480.416259765625,514.2857055664062,475.9697265625,513.4910278320312,3421086
2025-09-19,475.5813903808594,479.810791015625,482.4976501464844,475.4777526855469,480.416259765625,4383802
2025-09-22,474.09039306640625,478.3065185546875,486.41436767578125,478.2119140625,480.9271545410156,1854507
2025-09-23,465.8289794921875,469.97161865234375,479.659423828125,466.47113037109375,478.33489990234375,2377616
2025-09-24,460.1838073730469,464.2762451171875,466.8117370605469,459.2715148925781,465.99810791015625,2729280
2025-09-25,454.74493408203125,458.7890319824219,464.2384033203125,456.35760498046875,462.9422912597656,2043921
2025-09-26,456.8454284667969,460.9082336425781,464.484375,459.1863708496094,461.68402099609375,1879029
2025-09-29,460.7464294433594,464.8439025878906,467.3320617675781,462.0340576171875,465.4304504394531,1961264
2025-09-30,456.4046936035156,460.46356201171875,465.2980041503906,458.10784912109375,465.2980041503906,1718893
2025-10-01,451.6785583496094,455.69537353515625,464.181640625,454.3519287109375,462.5354919433594,2012739
2025-10-02,446.9523620605469,450.9271545410156,458.24029541015625,449.1674499511719,454.143798828125,1649660
2025-10-03,449.9343566894531,453.9356689453125,456.30084228515625,449.1674499511719,449.886474609375,1424519
2025-10-06,448.5653076171875,452.5544128417969,454.5600891113281,448.7038879394531,454.34246826171875,2111358
2025-10-07,451.2565612792969,455.2696228027344,458.9403991699219,453.0463562011719,458.5335998535156,1552522
2025-10-08,452.3912048339844,456.41436767578125,460.1702880859375,452.1475830078125,457.54022216796875,1688558
2025-10-09,457.2486877441406,461.3150329589844,465.4588317871094,458.7511901855469,460.2838134765625,1980818
2025-10-10,455.8327331542969,459.886474609375,467.7578125,459.1201477050781,465.74267578125,2349817
2025-10-13,449.4936218261719,453.4909973144531,463.86944580078125,446.33868408203125,459.7161865234375,2261663
2025-10-14,456.3859558105469,460.44464111328125,461.9583740234375,451.2771911621094,451.3717956542969,1527365
2025-10-15,452.8132019042969,456.8401184082031,464.8249816894531,455.553466796875,460.6433410644531,1232568
2025-10-16,442.65753173828125,446.5941467285156,458.5809020996094,444.6546936035156,457.2942199707031,1787176
2025-10-17,443.7265625,447.67266845703125,450.7663269042969,444.9006652832031,448.0037841796875,1889599
2025-10-20,447.85260009765625,451.83538818359375,452.3367919921875,447.3415222167969,448.8741760253906,1793835
2025-10-21,453.6665344238281,457.7010498046875,459.508056640625,451.7880859375,452.6206359863281,1092092
2025-10-22,449.8687438964844,453.86944580078125,459.659423828125,452.5071105957031,456.0643310546875,1812755
2025-10-23,452.6444396972656,456.6698303222656,457.2090759277344,453.0558166503906,456.14947509765625,1247577
2025-10-24,458.97412109375,463.0558166503906,465.6859130859375,458.44842529296875,460.7095642089844,1380442
2025-10-27,465.7164306640625,469.85809326171875,470.7663269042969,464.9006652832031,465.5061340332031,1968768
2025-10-28,462.9407043457031,467.0577087402344,471.3528747558594,466.0643310546875,468.6282043457031,1404013
2025-10-29,443.59527587890625,447.54022216796875,463.576171875,445.5723876953125,462.9706726074219,2685520
2025-10-30,460.9621276855469,465.0614929199219,473.2734069824219,460.07568359375,461.4664001464844,2780439
2025-10-31,456.8735656738281,460.9366149902344,471.1447448730469,459.3850402832031,467.3226013183594,2666177
2025-11-03,466.0727844238281,470.21759033203125,470.4730224609375,457.68212890625,463.3112487792969,2186827
2025-11-04,468.12640380859375,472.28948974609375,473.3680114746094,468.31597900390625,470.8798522949219,2208813
2025-11-05,466.14776611328125,470.29327392578125,473.3869323730469,468.25921630859375,469.7540283203125,1657059
2025-11-06,459.4898986816406,463.576171875,470.42572021484375,462.44085693359375,468.29705810546875,1390484
2025-11-07,465.5101318359375,469.64996337890625,469.64996337890625,459.7918701171875,462.1097412109375,1801551
2025-11-10,463.0907897949219,467.2090759277344,468.2308349609375,461.2866516113281,466.9725646972656,1591525
2025-11-11,466.73858642578125,470.8893127441406,471.7691650390625,466.9347229003906,468.3065185546875,1194727
2025-11-12,464.96624755859375,469.1012268066406,474.7492980957031,468.7606506347656,470.9176940917969,1021379
2025-11-13,471.6429138183594,475.8372802734375,478.9687805175781,465.1277160644531,465.1277160644531,2074785
2025-11-14,463.1470031738281,467.2658386230469,476.7171325683594,467.0104064941406,474.9763488769531,2201414
2025-11-17,458.5052795410156,462.5827941894531,466.8968811035156,461.3244934082031,465.94134521484375,1987477
2025-11-18,459.7524719238281,463.841064453125,465.84674072265625,460.02838134765625,461.4285583496094,1277279
2025-11-19,460.2400207519531,464.3330078125,466.41436767578125,461.60833740234375,464.28570556640625,1621015
2025-11-20,460.34320068359375,464.43707275390625,471.4474792480469,462.5827941894531,467.1712341308594,1316916
2025-11-21,462.86572265625,466.9820251464844,470.19866943359375,463.90728759765625,467.4266662597656,2013479
2025-11-24,458.7771911621094,462.8571472167969,467.57806396484375,462.45977783203125,467.3604431152344,2940785
2025-11-25,464.3301086425781,467.54022216796875,469.76348876953125,462.8571472167969,463.87890625,1201386
2025-11-26,465.664306640625,468.8836364746094,471.5799560546875,463.576171875,465.1466369628906,1101077
2025-11-28,468.6897277832031,471.92999267578125,473.2071838378906,468.9309387207031,471.0974426269531,792327
2025-12-01,465.3448791503906,468.5619812011719,473.4436950683594,468.098388671875,468.7890319824219,1594379
2025-12-02,461.5301818847656,464.7209167480469,469.77294921875,464.34246826171875,468.22137451171875,1258570
2025-12-03,469.6763000488281,472.9233703613281,474.6830749511719,465.2696228027344,465.71429443359375,1311948
2025-12-04,466.9609069824219,470.189208984375,475.0236511230469,467.9281005859375,472.19488525390625,988824
2025-12-05,468.3985290527344,471.63671875,474.6830749511719,467.8902587890625,467.8902587890625,1937692
2025-12-08,462.36639404296875,465.56292724609375,470.46356201171875,463.0936584472656,469.93377685546875,1547448
2025-12-09,461.0791320800781,464.26678466796875,468.7322692871094,463.689697265625,466.11163330078125,1143568
2025-12-10,461.6335144042969,464.8249816894531,466.2724609375,459.0917663574219,464.40869140625,1727878
2025-12-11,467.4964904785156,470.7284851074219,471.72186279296875,465.56292724609375,466.6225280761719,2818173
2025-12-12,470.7568054199219,474.0113525390625,476.7360534667969,471.2204284667969,471.674560546875,1546602
2025-12-15,469.4414367675781,472.6868591308594,476.13055419921875,470.8420104980469,475.4209899902344,1849856
2025-12-16,469.6575012207031,472.9044494628906,476.33868408203125,468.3065185546875,472.7530822753906,2503505
2025-12-17,479.73919677734375,483.0558166503906,484.7776794433594,473.2639465332031,473.916748046875,2256272
2025-12-18,476.0935974121094,479.3850402832031,488.05108642578125,478.6944274902344,483.2923278808594,1656425
2025-12-19,481.62774658203125,484.9574279785156,485.0804138183594,478.8079528808594,479.3850402832031,3036444
2025-12-22,490.3658142089844,493.75592041015625,496.34814453125,482.42193603515625,482.6963195800781,1504640
2025-12-23,493.4100341796875,496.8211975097656,498.6376647949219,491.825927734375,492.8476867675781,1675662
2025-12-24,493.9737854003906,497.3888244628906,499.1296081542969,495.931884765625,497.2279968261719,469837
2025-12-26,497.4596252441406,500.8987731933594,501.0785217285156,496.423828125,496.423828125,758820
2025-12-29,498.0703430175781,501.51373291015625,503.7464599609375,500.4730224609375,501.5042419433594,1299793
2025-12-30,495.80596923828125,499.2336730957031,503.3017883300781,498.5430603027344,499.3377380371094,962081
2025-12-31,491.0141296386719,494.40869140625,499.4891052246094,494.26678466796875,497.89971923828125,1135112
2026-01-02,481.6841125488281,485.0141906738281,496.26300048828125,483.73699951171875,493.6707763671875,1729886
2026-01-05,500.701171875,504.1627197265625,508.6755065917969,483.916748046875,484.370849609375,1673760
2026-01-06,507.0433044433594,510.5487365722656,512.544921875,503.4436950683594,505.0709533691406,1506119
2026-01-07,505.02325439453125,508.5146789550781,514.1154174804688,508.05108642578125,511.85430908203125,1240812
2026-01-08,508.837890625,512.355712890625,516.310302734375,507.0482482910156,508.42950439453125,1408347
2026-01-09,509.1949462890625,512.7152099609375,517.8145751953125,512.4219360351562,514.4938354492188,1265335
2026-01-12,511.5815124511719,515.1182861328125,515.2034301757812,509.5458984375,511.825927734375,1093255
2026-01-13,509.4016418457031,512.92333984375,516.158935546875,507.4266662597656,515.5440063476562,1446505
2026-01-14,512.070068359375,515.6102294921875,517.492919921875,510.5960388183594,510.8987731933594,1209314
2026-01-15,512.47412109375,516.0170288085938,522.46923828125,512.6489868164062,512.6489868164062,1632325
2026-01-16,513.3385009765625,516.8873901367188,519.2337036132812,513.8221435546875,515.9035034179688,1710437
2026-01-20,487.6786193847656,491.0501403808594,515.6196899414062,490.36895751953125,509.3093566894531,3213174
2026-01-21,499.0663146972656,502.5165710449219,504.03973388671875,492.5733337402344,492.5733337402344,1572605
2026-01-22,507.1842956542969,510.6906433105469,511.4096374511719,502.5733337402344,504.11541748046875,1839709
2026-01-23,501.3682861328125,504.8344421386719,512.3367919921875,501.0785217285156,510.8609313964844,1694900
2026-01-26,502.890380859375,506.3670654296875,509.7540283203125,501.598876953125,504.25732421875,1080360
2026-01-27,494.84759521484375,498.2686767578125,507.2563781738281,497.72943115234375,504.5127868652344,1385093
2026-01-28,496.2099914550781,499.6405029296875,503.73699951171875,494.8533630371094,495.69537353515625,1336259
2026-01-29,496.6891784667969,500.12298583984375,503.5950927734375,493.0652770996094,500.08514404296875,1707161
2026-01-30,495.89990234375,499.3282775878906,503.5950927734375,494.8060607910156,496.30084228515625,1510136
2026-02-02,495.77777099609375,499.2052917480469,502.7814636230469,495.2980041503906,499.3282775878906,1339325
2026-02-03,439.9198913574219,442.9612121582031,479.5458984375,439.583740234375,475.8751220703125,7115830
2026-02-04,437.3829650878906,440.40679931640625,445.3169250488281,424.295166015625,437.0955505371094,6550863
2026-02-05,424.41680908203125,427.3509826660156,448.43896484375,415.515625,444.6546936035156,5293139
2026-02-06,412.7379150390625,415.59130859375,436.6225280761719,412.9895935058594,427.7767333984375,4584949
2026-02-09,417.3511657714844,420.23651123046875,421.60833740234375,412.5733337402344,414.36138916015625,4138789
2026-02-10,376.8459777832031,379.4512634277344,401.89215087890625,374.5317077636719,396.37652587890625,11509145
2026-02-11,367.1495666503906,369.68780517578125,391.66510009765625,369.659423828125,384.7776794433594,5469764
2026-02-12,373.200439453125,375.780517578125,378.3822021484375,361.0312194824219,369.0160827636719,5703783
2026-02-13,384.7947998046875,387.4550476074219,388.2686767578125,377.6253662109375,377.6253662109375,5009229
2026-02-17,385.64984130859375,388.31597900390625,399.6405029296875,386.9725646972656,393.56671142578125,5424418
2026-02-18,394.0402526855469,396.7644348144531,399.82025146484375,390.8893127441406,391.674560546875,3290230
2026-02-19,391.4939880371094,394.2005615234375,397.7388916015625,389.3093566894531,395.59130859375,2231644
2026-02-20,392.25506591796875,394.9668884277344,396.04541015625,388.5809020996094,391.939453125,2951038
2026-02-23,380.32244873046875,382.9517517089844,395.0331115722656,382.44085693359375,391.1731262207031,2699578
2026-02-24,392.9973449707031,395.71429443359375,397.0293273925781,378.9214782714844,380.6054992675781,3494019
2026-02-25,398.93988037109375,400.7663269042969,403.3774719238281,395.97918701171875,396.7928161621094,3422355
2026-02-26,412.01153564453125,413.8978271484375,415.5061340332031,403.5950927734375,403.5950927734375,2656770
2026-02-27,416.1458435058594,418.05108642578125,419.57427978515625,410.189208984375,411.4190979003906,3357455
2026-03-02,417.2759704589844,419.1863708496094,420.5298156738281,409.659423828125,409.659423828125,2998603
2026-03-03,418.13299560546875,420.04730224609375,423.4815368652344,412.25164794921875,413.4342346191406,3450154
2026-03-04,419.5550231933594,421.4758605957031,425.931884765625,417.5118408203125,419.8297119140625,2171501
2026-03-05,424.83831787109375,426.7833557128906,427.3036804199219,418.9309387207031,419.3282775878906,2760038
2026-03-06,426.0155334472656,427.9659423828125,428.27813720703125,419.80133056640625,423.2828674316406,1975744
2026-03-09,419.34783935546875,421.2677307128906,425.3453063964844,408.1551513671875,424.39923095703125,2277412
2026-03-10,410.0809020996094,411.9583740234375,421.0217590332031,408.7038879394531,420.33111572265625,1944246
2026-03-11,403.9783020019531,405.82781982421875,415.61968994140625,393.4909973144531,412.01513671875,2239255
2026-03-12,395.257568359375,397.0671691894531,405.629150390625,395.77105712890625,405.3926086425781,2458371
2026-03-13,397.88507080078125,399.70672607421875,404.4938659667969,396.5090026855469,401.0312194824219,1892559
2026-03-16,401.7463073730469,403.58563232421875,405.65753173828125,401.79754638671875,401.79754638671875,1958515
2026-03-17,407.72650146484375,409.59320068359375,412.45977783203125,405.94134521484375,407.91864013671875,1577784
2026-03-18,401.7934265136719,403.6329345703125,407.61590576171875,403.0274353027344,405.56292724609375,2018870
2026-03-19,401.322509765625,403.1598815917969,404.9006652832031,396.4049072265625,399.3282775878906,2065378
2026-03-20,399.7121276855469,401.5421142578125,405.1750183105469,398.6187438964844,403.3680114746094,3640731
2026-03-23,403.8935241699219,405.74267578125,410.21759033203125,402.1854248046875,406.34814453125,2065801
2026-03-24,387.2525939941406,389.0255432128906,403.0368957519531,388.9309387207031,402.06243896484375,2777796
2026-03-25,384.69097900390625,386.45220947265625,396.7455139160156,383.1598815917969,395.2033996582031,3173748
2026-03-26,388.4297790527344,390.2081298828125,392.9517517089844,384.295166015625,384.8439025878906,2497691
2026-03-27,382.5814208984375,384.3330078125,388.12677001953125,381.6177978515625,385.9886474609375,1731789
2026-03-30,393.27044677734375,395.0709533691406,396.310302734375,386.9063415527344,388.7417297363281,1759694
2026-03-31,400.569091796875,402.40301513671875,403.88836669921875,394.5222473144531,399.91485595703125,2127530
2026-04-01,400.4090270996094,402.2421875,404.5979309082031,393.5950927734375,402.6679382324219,1984306
2026-04-02,406.0501708984375,407.9091796875,410.1513671875,397.4455871582031,398.7795715332031,1485296
2026-04-06,408.828369140625,410.7001037597656,412.1854248046875,406.04541015625,406.5090026855469,1050024
2026-04-07,405.01422119140625,406.8684997558594,413.4058532714844,404.3140869140625,409.64996337890625,1631057
2026-04-08,411.51239013671875,413.3963928222656,418.16461181640625,412.1097412109375,414.0113525390625,1332137
2026-04-09,399.6085205078125,401.4380187988281,411.81646728515625,393.9735107421875,409.80133056640625,2213675
2026-04-10,391.226806640625,393.0179748535156,401.1069030761719,386.6982116699219,399.1769104003906,2130595
2026-04-13,405.0330505371094,406.8874206542969,407.0009460449219,393.576171875,394.32354736328125,1879346
2026-04-14,400.47491455078125,402.30841064453125,411.81646728515625,401.55157470703125,407.84295654296875,2595252
2026-04-15,405.5039367675781,407.3604431152344,411.5421142578125,403.9735107421875,403.9735107421875,2516294
2026-04-16,411.352294921875,413.2355651855469,416.6982116699219,411.83538818359375,413.88836669921875,1629894
2026-04-17,416.7956848144531,418.7038879394531,421.2393493652344,413.90728759765625,418.9971618652344,1775232
2026-04-20,416.9557800292969,418.8647155761719,419.7540283203125,415.3358459472656,418.5430603027344,1563514
2026-04-21,418.7734069824219,420.6906433105469,429.1485290527344,419.2336730957031,420.08514404296875,1623129
2026-04-22,422.90771484375,424.8439025878906,432.0718994140625,422.46923828125,425.92242431640625,1360993
2026-04-23,413.4618225097656,415.3547668457031,423.1598815917969,409.64996337890625,420.9933776855469,1365010
2026-04-24,411.352294921875,413.2355651855469,417.83349609375,410.7568664550781,416.2724609375,1883468
2026-04-27,411.75726318359375,413.64239501953125,416.1021728515625,410.264892578125,413.1977233886719,2362606
2026-04-28,408.22564697265625,410.0946044921875,429.4701843261719,409.735107421875,418.3065185546875,2634361
2026-04-29,407.9619445800781,409.8297119140625,411.56103515625,401.2677307128906,407.65374755859375,1950165
2026-04-30,406.1160888671875,407.97540283203125,410.6622619628906,403.65185546875,407.7578125,1770581
2026-05-01,401.2471618652344,403.0841979980469,415.2128601074219,402.6490173339844,411.977294921875,1118095
2026-05-04,400.01348876953125,401.8448486328125,408.07000732421875,400.4730224609375,401.3812561035156,1593005
2026-05-05,399.1847229003906,401.0122985839844,407.1901550292969,393.75592041015625,402.30841064453125,2383324
2026-05-06,398.9022216796875,400.7284851074219,403.916748046875,395.8372802734375,399.4418029785156,2091592
2026-05-07,403.714599609375,405.56292724609375,409.72564697265625,398.42950439453125,399.72564697265625,1945620
2026-05-08,395.6531066894531,397.4645080566406,404.40869140625,393.81268310546875,402.5449523925781,2087681
2026-05-11,396.48187255859375,398.29705810546875,399.9053955078125,394.40869140625,395.4115295410156,2327408
2026-05-12,399.4672546386719,401.2961120605469,406.9347229003906,398.44842529296875,399.77294921875,2338084
2026-05-13,382.8734130859375,384.6263122558594,397.4172058105469,379.3755798339844,396.8211975097656,2752217
2026-05-14,380.39654541015625,382.13812255859375,391.2677307128906,380.7568664550781,386.9725646972656,2365777
2026-05-15,379.67138671875,381.4096374511719,389.3755798339844,379.8297119140625,384.10595703125,1691940
2026-05-18,393.1009216308594,394.9006652832031,396.9631042480469,381.4569396972656,382.21380615234375,1840237
2026-05-19,386.4991760253906,388.2686767578125,399.7161865234375,386.7928161621094,396.7076721191406,3047014
2026-05-20,392.7242431640625,394.5222473144531,394.7303771972656,382.02459716796875,386.1400146484375,2203634
2026-05-21,391.5187683105469,393.3112487792969,394.9101257324219,386.37652587890625,388.6944274902344,2180063
2026-05-22,393.2798767089844,395.0804138183594,398.8647155761719,392.6206359863281,394.05865478515625,2312293
2026-05-26,388.4580383300781,390.23651123046875,394.19110107421875,386.6225280761719,390.302734375,2513757
2026-05-27,391.5846862792969,393.3774719238281,396.45220947265625,389.1485290527344,389.7918701171875,2087469
2026-05-28,393.355224609375,395.1560974121094,398.476806640625,391.0596008300781,391.674560546875,2541557
2026-05-29,400.23663330078125,401.1352844238281,405.3547668457031,392.7814636230469,392.8098449707031,3482392
2026-06-01,404.54107666015625,405.4493713378906,407.67266845703125,398.174072265625,402.7814636230469,2221074
2026-06-02,394.0632019042969,394.9479675292969,404.0491943359375,390.6054992675781,404.0491943359375,2047092
2026-06-03,389.1829528808594,390.0567626953125,393.8599853515625,385.3453063964844,391.9583740234375,1711600
2026-06-04,396.5740966796875,397.4645080566406,402.9328308105469,395.4588317871094,395.4588317871094,2255004
2026-06-05,400.6520080566406,401.55157470703125,404.2005615234375,397.871337890625,400.07568359375,2388714
2026-06-08,393.71392822265625,394.5979309082031,400.8798522949219,393.68023681640625,398.8363342285156,2241051
2026-06-09,401.01068115234375,401.91107177734375,403.66131591796875,390.5392761230469,392.7436218261719,1996250
2026-06-10,402.4832458496094,403.3869323730469,407.0671691894531,398.3443603515625,400.8136291503906,1933464
2026-06-11,390.1741027832031,391.0501403808594,403.0274353027344,389.3188171386719,401.81646728515625,2247816
2026-06-12,395.4319152832031,396.31976318359375,397.3320617675781,387.2563781738281,392.8382263183594,1862328
2026-06-15,400.302734375,401.2015075683594,406.234619140625,395.4588317871094,395.704833984375,1744367
2026-06-16,408.9682312011719,409.886474609375,412.8382263183594,404.9290466308594,406.7644348144531,2079013
2026-06-17,394.591796875,395.4777526855469,410.6717224121094,394.5979309082031,405.3642272949219,2201097
2026-06-18,387.8897399902344,388.7606506347656,395.4588317871094,385.97918701171875,395.4588317871094,3023126
2026-06-22,384.55755615234375,385.4209899902344,389.49859619140625,381.4190979003906,384.9101257324219,3092676
2026-06-23,377.7327880859375,378.5809020996094,392.6206359863281,378.31597900390625,389.89593505859375,1950165
2026-06-24,379.800048828125,380.6528015136719,383.1315002441406,374.3330078125,380.6811828613281,5286057
2026-06-25,372.994140625,373.83160400390625,390.7284851074219,373.69915771484375,380.8230895996094,3130623
2026-06-26,385.2843933105469,386.14947509765625,393.60455322265625,371.83538818359375,373.841064453125,4869493
2026-06-29,385.6620178222656,386.5279235839844,391.85430908203125,383.3207092285156,390.23651123046875,2724206
2026-06-30,384.4348449707031,385.2980041503906,390.264892578125,380.8798522949219,384.6546936035156,2545996
2026-07-01,414.0403747558594,414.9700012207031,419.760009765625,397.0,399.5799865722656,3956600
2026-07-02,438.904541015625,439.8900146484375,440.010009765625,422.5899963378906,423.260009765625,3749300
2026-07-06,446.2181091308594,447.2200012207031,447.70001220703125,427.75,439.57000732421875,2573100
2026-07-07,442.4665222167969,443.4599914550781,450.32000732421875,440.5799865722656,447.29998779296875,3021900
2026-07-08,429.8249206542969,430.7900085449219,442.9100036621094,430.57000732421875,441.989990234375,2553900
2026-07-09,431.99005126953125,432.9599914550781,433.3399963378906,422.7099914550781,426.6499938964844,1589800
2026-07-10,429.53558349609375,430.5,440.6099853515625,427.05999755859375,438.3399963378906,1320800
2026-07-13,436.859130859375,437.8399963378906,439.7099914550781,433.0,433.4599914550781,1177100
2026-07-14,437.8868103027344,438.8699951171875,439.75,425.739990234375,428.5,1109100
2026-07-15,443.4842834472656,444.4800109863281,450.6199951171875,439.20001220703125,442.2099914550781,1522300
2026-07-16,456.3553771972656,457.3800048828125,457.54998779296875,444.6000061035156,447.5899963378906,1678800
2026-07-17,449.83001708984375,450.8399963378906,462.0199890136719,448.489990234375,456.25,1755000
2026-07-20,447.3455810546875,448.3500061035156,453.07000732421875,442.80999755859375,452.94000244140625,1292200
2026-07-21,430.29388427734375,431.260009765625,441.2300109863281,427.6300048828125,433.5400085449219,1629100
2026-07-22,428.0987854003906,429.05999755859375,435.7200012207031,428.54998779296875,435.5899963378906,1181500
2026-07-23,419.0591125488281,420.0,425.4800109863281,418.69000244140625,424.69000244140625,1646400
2026-07-24,425.44476318359375,426.3999938964844,427.6700134277344,420.010009765625,424.510009765625,1514100
2026-07-27,438.84466552734375,439.8299865722656,442.989990234375,431.79998779296875,433.0,2629700
2026-07-28,423.4093017578125,424.3599853515625,435.9599914550781,406.0,418.7200012207031,4219000
2026-07-29,418.6999206542969,419.6400146484375,424.29998779296875,414.9800109863281,420.9100036621094,2961700
2026-07-30,414.0703125,415.0,418.95001220703125,404.5400085449219,415.3399963378906,3576200
2026-07-31,411.0071716308594,411.92999267578125,417.2900085449219,409.3900146484375,415.739990234375,2172700
2026-08-03,415.3175048828125,416.25,421.989990234375,409.6499938964844,415.2300109863281,1957600
2026-08-04,411.6058349609375,412.5299987792969,418.80999755859375,411.8500061035156,411.92999267578125,3331800
2026-08-05,409.1114196777344,410.0299987792969,421.17999267578125,408.6099853515625,418.6400146484375,1652400
2026-08-06,404.3321533203125,405.239990234375,411.32000732421875,403.45001220703125,408.1099853515625,1633100
2026-08-07,407.27557373046875,408.19000244140625,413.20001220703125,404.20001220703125,405.0,1579200
2026-08-10,410.0194091796875,410.94000244140625,412.7099914550781,405.260009765625,406.8999938964844,1734400
2026-08-11,407.7744445800781,408.69000244140625,412.4599914550781,407.6199951171875,410.739990234375,1379900
2026-08-12,409.1812744140625,410.1000061035156,411.25,404.4700012207031,407.1700134277344,1541000
2026-08-13,421.72314453125,422.6700134277344,424.3399963378906,411.1099853515625,414.0,2241900
2026-08-14,417.8617858886719,418.79998779296875,423.2200012207031,414.2200012207031,422.010009765625,1736900
2026-08-17,409.6103210449219,410.5299987792969,419.760009765625,409.8500061035156,416.0899963378906,1534200
2026-08-18,417.1034851074219,418.0400085449219,422.9700012207031,412.0299987792969,414.3399963378906,1973600
2026-08-19,425.7041931152344,426.6600036621094,433.54998779296875,418.9599914550781,418.9700012207031,1519000
2026-08-20,431.1918640136719,432.1600036621094,433.8299865722656,425.6700134277344,426.0,2288100
2026-08-21,430.3238220214844,431.2900085449219,435.260009765625,428.45001220703125,433.4100036621094,1827300
2026-08-24,434.444580078125,435.4200134277344,439.0199890136719,431.5,431.95001220703125,1910400
2026-08-25,432.0199890136719,432.989990234375,434.4100036621094,423.8900146484375,428.4800109863281,1282900
2026-08-26,436.489990234375,436.489990234375,439.20001220703125,430.1700134277344,430.6099853515625,1398700
2026-08-27,435.3900146484375,435.3900146484375,444.82000732421875,435.1099853515625,436.489990234375,1820400
2026-08-28,442.8900146484375,442.8900146484375,444.55999755859375,436.0,436.0,1288500
2026-08-31,435.8399963378906,435.8399963378906,442.0199890136719,435.45001220703125,440.0,2030900
2026-09-01,440.2099914550781,440.2099914550781,454.9200134277344,428.1499938964844,433.30999755859375,3290700
2026-09-02,431.7099914550781,431.7099914550781,441.6199951171875,431.32000732421875,438.0,2025000
2026-09-03,450.5799865722656,450.5799865722656,450.6600036621094,437.67999267578125,438.79998779296875,2555000
2026-09-04,443.510009765625,443.510009765625,444.32000732421875,437.92999267578125,438.4100036621094,1525100
2026-09-08,429.30999755859375,429.30999755859375,442.5299987792969,429.07000732421875,440.05999755859375,1745500
2026-09-09,418.3599853515625,418.3599853515625,431.6400146484375,418.25,428.0,1783100
2026-09-10,416.5299987792969,416.5299987792969,420.19500732421875,415.2878112792969,416.9700012207031,465295
