Price,Adj Close,Close,High,Low,Open,Volume
Ticker,SYK,SYK,SYK,SYK,SYK,SYK
Date,,,,,,
2021-09-10,260.0020751953125,273.8599853515625,278.3999938964844,273.67999267578125,277.79998779296875,1032600
2021-09-13,257.1254577636719,270.8299865722656,275.8299865722656,269.2900085449219,275.04998779296875,1401400
2021-09-14,261.3313903808594,275.260009765625,277.6700134277344,270.2099914550781,271.9100036621094,1514800
2021-09-15,263.07818603515625,277.1000061035156,278.44000244140625,273.5400085449219,273.95001220703125,955400
2021-09-16,262.1382141113281,276.1099853515625,278.6700134277344,274.0199890136719,276.760009765625,773800
2021-09-17,259.21417236328125,273.0299987792969,275.70001220703125,272.4700012207031,275.489990234375,2823400
2021-09-20,254.75196838378906,268.3299865722656,270.92999267578125,265.239990234375,269.3999938964844,1082200
2021-09-21,254.67604064941406,268.25,272.1300048828125,268.17999267578125,270.0299987792969,868600
2021-09-22,257.90399169921875,271.6499938964844,273.3500061035156,268.3599853515625,269.6199951171875,968700
2021-09-23,262.18572998046875,276.1600036621094,277.4200134277344,271.92999267578125,273.0,963700
2021-09-24,262.6415100097656,276.6400146484375,277.55999755859375,274.92999267578125,275.6300048828125,520200
2021-09-27,259.6413879394531,273.4800109863281,276.5400085449219,271.8900146484375,275.45001220703125,683100
2021-09-28,254.27731323242188,267.8299865722656,273.7699890136719,267.04998779296875,273.04998779296875,1044500
2021-09-29,254.93392944335938,267.8900146484375,269.20001220703125,266.82000732421875,267.9599914550781,653400
2021-09-30,250.965576171875,263.7200012207031,270.0199890136719,263.5199890136719,268.3299865722656,989300
2021-10-01,255.24798583984375,268.2200012207031,269.2799987792969,262.3699951171875,265.42999267578125,1329700
2021-10-04,249.6522979736328,262.3399963378906,268.42999267578125,259.25,266.260009765625,1237100
2021-10-05,249.79502868652344,262.489990234375,266.8900146484375,261.7099914550781,263.17999267578125,1359000
2021-10-06,250.965576171875,263.7200012207031,263.8500061035156,258.94000244140625,260.1600036621094,977700
2021-10-07,253.09722900390625,265.9599914550781,269.3699951171875,265.29998779296875,265.45001220703125,657900
2021-10-08,250.92752075195312,263.67999267578125,267.20001220703125,262.6199951171875,265.57000732421875,669200
2021-10-11,246.22645568847656,258.739990234375,263.0,258.1700134277344,262.6099853515625,1042800
2021-10-12,245.6934814453125,258.17999267578125,260.2900085449219,257.2900085449219,259.9599914550781,978800
2021-10-13,244.09474182128906,256.5,259.32000732421875,256.04998779296875,258.0,1038800
2021-10-14,251.0893096923828,263.8500061035156,264.17999267578125,258.0400085449219,258.2900085449219,1083100
2021-10-15,253.43983459472656,266.32000732421875,266.5,263.4800109863281,265.7900085449219,1909000
2021-10-18,249.3763427734375,262.04998779296875,263.8599853515625,259.760009765625,263.0,1100300
2021-10-19,257.76025390625,270.8599853515625,271.5799865722656,264.260009765625,264.260009765625,966400
2021-10-20,260.5200500488281,273.760009765625,274.4700012207031,269.9100036621094,272.0,1068300
2021-10-21,263.0704040527344,276.44000244140625,276.5299987792969,271.7699890136719,273.5199890136719,962600
2021-10-22,262.39471435546875,275.7300109863281,277.57000732421875,274.67999267578125,275.989990234375,653300
2021-10-25,259.8443603515625,273.04998779296875,276.7200012207031,272.6300048828125,276.4200134277344,924000
2021-10-26,259.96807861328125,273.17999267578125,275.5,272.94000244140625,275.0,605400
2021-10-27,255.514404296875,268.5,274.30999755859375,268.30999755859375,274.0,899100
2021-10-28,255.4573974609375,268.44000244140625,270.3699951171875,265.44000244140625,267.95001220703125,1067000
2021-10-29,253.20196533203125,266.07000732421875,266.7099914550781,258.0,260.70001220703125,2393500
2021-11-01,255.4192657470703,268.3999938964844,269.7300109863281,266.07000732421875,266.1300048828125,1224400
2021-11-02,259.46368408203125,272.6499938964844,273.45001220703125,268.05999755859375,269.989990234375,1329500
2021-11-03,258.7118835449219,271.8599853515625,273.9200134277344,268.1300048828125,272.75,923900
2021-11-04,256.9990234375,270.05999755859375,273.19000244140625,268.5199890136719,272.5799865722656,942700
2021-11-05,262.8039245605469,276.1600036621094,278.4200134277344,270.4200134277344,271.0,1333400
2021-11-08,262.22344970703125,275.54998779296875,277.989990234375,274.510009765625,277.8500061035156,743800
2021-11-09,261.86187744140625,275.1700134277344,276.1099853515625,273.5400085449219,274.9700012207031,879600
2021-11-10,257.9505615234375,271.05999755859375,277.0199890136719,270.0199890136719,274.9599914550781,850600
2021-11-11,250.68011474609375,263.4200134277344,271.3500061035156,261.79998779296875,271.3500061035156,1397500
2021-11-12,251.5555877685547,264.3399963378906,264.55999755859375,261.94000244140625,263.42999267578125,1119500
2021-11-15,249.22409057617188,261.8900146484375,266.3299865722656,261.2699890136719,265.0400085449219,914900
2021-11-16,249.61422729492188,262.29998779296875,263.7900085449219,261.1600036621094,261.989990234375,1150200
2021-11-17,249.38584899902344,262.05999755859375,262.6600036621094,259.75,261.6700134277344,1067200
2021-11-18,247.14007568359375,259.70001220703125,263.19000244140625,257.7900085449219,262.6099853515625,1300200
2021-11-19,250.9370880126953,263.69000244140625,264.8800048828125,255.77000427246094,257.4700012207031,1721400
2021-11-22,247.71096801757812,260.29998779296875,264.4800109863281,260.29998779296875,264.2099914550781,1110500
2021-11-23,242.2295684814453,254.5399932861328,259.9700012207031,253.5800018310547,259.3999938964844,1402200
2021-11-24,242.81005859375,255.14999389648438,256.3900146484375,252.7100067138672,253.75999450683594,1062100
2021-11-26,231.7044677734375,243.47999572753906,250.22000122070312,243.47999572753906,249.8000030517578,1955500
2021-11-29,231.72344970703125,243.5,247.02000427246094,242.9600067138672,246.52999877929688,2137500
2021-11-30,225.18572998046875,236.6300048828125,244.89999389648438,236.08999633789062,242.27999877929688,2702000
2021-12-01,227.53627014160156,239.10000610351562,246.99000549316406,238.77999877929688,240.30999755859375,2390600
2021-12-02,235.43487548828125,247.39999389648438,248.47000122070312,239.0,240.5,1751100
2021-12-03,234.9305419921875,246.8699951171875,249.6699981689453,244.33999633789062,248.85000610351562,1624300
2021-12-06,242.10585021972656,254.41000366210938,257.57000732421875,249.47999572753906,249.99000549316406,1435000
2021-12-07,247.9488983154297,260.54998779296875,264.3800048828125,259.6400146484375,260.07000732421875,1580900
2021-12-08,248.64358520507812,261.2799987792969,262.4200134277344,259.92999267578125,260.4200134277344,1310100
2021-12-09,247.9394073486328,260.5400085449219,263.1400146484375,258.94000244140625,260.0199890136719,1205100
2021-12-10,247.61582946777344,260.20001220703125,262.0299987792969,258.3399963378906,261.3699951171875,828000
2021-12-13,247.4921417236328,260.07000732421875,261.6000061035156,258.44000244140625,260.4100036621094,895100
2021-12-14,242.42942810058594,254.75,259.2699890136719,254.32000732421875,258.25,1082200
2021-12-15,240.02182006835938,252.22000122070312,254.49000549316406,249.41000366210938,254.11000061035156,1667700
2021-12-16,239.29849243164062,251.4600067138672,255.5399932861328,249.92999267578125,253.02000427246094,1502700
2021-12-17,239.0701141357422,251.22000122070312,255.97000122070312,249.22000122070312,250.27000427246094,2416500
2021-12-20,235.78701782226562,247.77000427246094,249.13999938964844,242.52000427246094,248.02999877929688,1378600
2021-12-21,243.82827758789062,256.2200012207031,257.45001220703125,250.0,250.4199981689453,1421700
2021-12-22,251.2796630859375,264.04998779296875,264.2799987792969,256.0,256.2300109863281,1456200
2021-12-23,255.2765655517578,268.25,269.8500061035156,264.4200134277344,265.989990234375,1501500
2021-12-27,257.3415832519531,270.4200134277344,270.6099853515625,267.9200134277344,269.3500061035156,723200
2021-12-28,257.6936950683594,270.7900085449219,272.7300109863281,269.8800048828125,270.8999938964844,705100
2021-12-29,257.9981689453125,271.1099853515625,272.44000244140625,269.80999755859375,270.7900085449219,498700
2021-12-30,258.26055908203125,270.69000244140625,273.82000732421875,270.239990234375,270.8900146484375,820100
2021-12-31,255.1407012939453,267.4200134277344,271.32000732421875,267.2900085449219,269.7699890136719,638300
2022-01-03,256.0948181152344,268.4200134277344,268.8699951171875,264.54998779296875,267.4100036621094,1169700
2022-01-04,265.0154724121094,277.7699890136719,279.0899963378906,271.4100036621094,272.760009765625,1982400
2022-01-05,259.74896240234375,272.25,280.42999267578125,272.0199890136719,276.6400146484375,1318500
2022-01-06,259.03338623046875,271.5,276.9700012207031,269.0400085449219,271.3699951171875,1776100
2022-01-07,251.46751403808594,263.57000732421875,271.07000732421875,262.760009765625,268.260009765625,1787300
2022-01-10,251.73460388183594,263.8500061035156,263.8900146484375,258.17999267578125,262.20001220703125,1304700
2022-01-11,255.85623168945312,268.1700134277344,269.7200012207031,262.94000244140625,264.6700134277344,1019700
2022-01-12,255.7227020263672,268.0299987792969,269.9800109863281,267.1600036621094,268.5,807100
2022-01-13,255.5891571044922,267.8900146484375,271.8699951171875,267.0899963378906,268.75,1062000
2022-01-14,254.4633026123047,266.7099914550781,267.0899963378906,261.260009765625,265.82000732421875,1661300
2022-01-18,248.51942443847656,260.4800109863281,264.1499938964844,259.4800109863281,263.3500061035156,1349800
2022-01-19,246.43946838378906,258.29998779296875,262.9800109863281,258.010009765625,260.75,1498000
2022-01-20,245.21827697753906,257.0199890136719,265.25,256.54998779296875,259.0,1339600
2022-01-21,242.98570251464844,254.67999267578125,258.4200134277344,252.44000244140625,258.4200134277344,2589500
2022-01-24,240.35240173339844,251.9199981689453,252.4600067138672,242.0,250.6199951171875,2307300
2022-01-25,237.82412719726562,249.27000427246094,251.0399932861328,242.55999755859375,244.32000732421875,1692400
2022-01-26,236.86048889160156,248.25999450683594,254.9600067138672,245.1999969482422,252.44000244140625,1569600
2022-01-27,234.06503295898438,245.3300018310547,250.82000732421875,243.42999267578125,249.82000732421875,1730900
2022-01-28,236.98451232910156,248.38999938964844,248.82000732421875,237.4499969482422,240.4199981689453,1903600
2022-01-31,236.66014099121094,248.0500030517578,249.39999389648438,244.4499969482422,246.99000549316406,2021700
2022-02-01,237.18487548828125,248.60000610351562,249.07000732421875,243.88999938964844,248.0,2323300
2022-02-02,242.78530883789062,254.47000122070312,255.33999633789062,247.9499969482422,249.99000549316406,1602900
2022-02-03,239.24569702148438,250.75999450683594,254.77000427246094,250.27000427246094,253.8300018310547,1004800
2022-02-04,239.4269561767578,250.9499969482422,253.22000122070312,248.6300048828125,249.25,792300
2022-02-07,236.79371643066406,248.19000244140625,251.08999633789062,246.05999755859375,248.83999633789062,1262000
2022-02-08,243.38638305664062,255.10000610351562,256.1000061035156,248.49000549316406,248.49000549316406,1134600
2022-02-09,248.2712860107422,260.2200012207031,262.5,257.8599853515625,257.8599853515625,1341500
2022-02-10,243.71083068847656,255.44000244140625,259.29998779296875,254.49000549316406,255.60000610351562,1890700
2022-02-11,240.0948028564453,251.64999389648438,256.8500061035156,250.0,255.8800048828125,1307500
2022-02-14,238.949951171875,250.4499969482422,252.88999938964844,248.64999389648438,251.52000427246094,1325900
2022-02-15,246.8402099609375,258.7200012207031,259.8900146484375,254.0,254.7100067138672,1513400
2022-02-16,247.67027282714844,259.5899963378906,260.4800109863281,254.27999877929688,256.30999755859375,1329000
2022-02-17,240.02806091308594,251.5800018310547,258.04998779296875,250.89999389648438,256.0400085449219,1374300
2022-02-18,236.7459716796875,248.13999938964844,253.2100067138672,246.7899932861328,250.9600067138672,1290900
2022-02-22,238.72091674804688,250.2100067138672,252.5,247.32000732421875,247.55999755859375,1678600
2022-02-23,241.974365234375,253.6199951171875,257.0199890136719,251.47000122070312,253.10000610351562,1975400
2022-02-24,245.86705017089844,257.70001220703125,258.4800109863281,246.0,249.25999450683594,1889900
2022-02-25,253.5855712890625,265.7900085449219,266.0799865722656,257.1499938964844,258.4800109863281,1433200
2022-02-28,251.25753784179688,263.3500061035156,264.4599914550781,260.32000732421875,262.1099853515625,1300600
2022-03-01,250.5610809326172,262.6199951171875,264.67999267578125,259.3299865722656,263.1700134277344,1937800
2022-03-02,256.16156005859375,268.489990234375,271.3900146484375,263.8800048828125,265.0,1816200
2022-03-03,254.2343292236328,266.4700012207031,270.8500061035156,263.9599914550781,269.20001220703125,924900
2022-03-04,254.83541870117188,267.1000061035156,267.2300109863281,260.7200012207031,263.57000732421875,1114000
2022-03-07,241.77401733398438,253.41000366210938,266.8800048828125,251.69000244140625,265.4200134277344,1766600
2022-03-08,234.42759704589844,245.7100067138672,252.83999633789062,244.22999572753906,251.2100067138672,1956900
2022-03-09,238.22482299804688,249.69000244140625,252.6999969482422,245.72999572753906,252.6999969482422,1731100
2022-03-10,236.96542358398438,248.3699951171875,248.97000122070312,243.85000610351562,245.77999877929688,1696900
2022-03-11,236.39295959472656,247.77000427246094,251.97999572753906,247.57000732421875,250.4199981689453,1261200
2022-03-14,234.5611572265625,245.85000610351562,251.72000122070312,243.3000030517578,250.22999572753906,1582900
2022-03-15,242.66131591796875,254.33999633789062,254.88999938964844,248.67999267578125,249.3699951171875,1474600
2022-03-16,250.1222381591797,262.1600036621094,263.57000732421875,256.5,258.0,1530000
2022-03-17,251.8777313232422,264.0,264.0199890136719,258.5799865722656,258.5799865722656,1454400
2022-03-18,255.06443786621094,267.3399963378906,267.7900085449219,261.5400085449219,263.6199951171875,2190100
2022-03-21,253.5855712890625,265.7900085449219,267.6499938964844,263.3500061035156,266.9599914550781,1078000
2022-03-22,254.71141052246094,266.9700012207031,268.489990234375,265.79998779296875,266.1199951171875,1487600
2022-03-23,243.7394256591797,255.47000122070312,265.2699890136719,254.8300018310547,265.0400085449219,1778000
2022-03-24,250.93319702148438,263.010009765625,263.04998779296875,256.7099914550781,257.44000244140625,1177300
2022-03-25,253.78591918945312,266.0,266.25,262.6099853515625,264.0,829600
2022-03-28,257.7166748046875,270.1199951171875,270.2300109863281,264.7900085449219,267.2699890136719,1004500
2022-03-29,260.4358825683594,272.9700012207031,274.1300048828125,269.8900146484375,272.19000244140625,1025400
2022-03-30,257.4371337890625,269.1400146484375,272.45001220703125,267.5799865722656,270.8999938964844,939800
2022-03-31,255.72508239746094,267.3500061035156,271.5799865722656,267.010009765625,267.8900146484375,1566000
2022-04-01,257.35107421875,269.04998779296875,270.75,266.7699890136719,268.2699890136719,1044600
2022-04-04,253.59201049804688,265.1199951171875,267.9800109863281,262.1600036621094,267.7200012207031,1264600
2022-04-05,256.82501220703125,268.5,269.9200134277344,264.05999755859375,264.20001220703125,2199700
2022-04-06,256.5380859375,268.20001220703125,268.7300109863281,257.6400146484375,257.9800109863281,4085800
2022-04-07,258.4223327636719,270.1700134277344,271.4700012207031,265.45001220703125,267.1199951171875,1372600
2022-04-08,257.7528381347656,269.4700012207031,271.4100036621094,266.739990234375,269.8500061035156,1097200
2022-04-11,251.88934326171875,263.3399963378906,268.42999267578125,262.92999267578125,267.510009765625,1046500
2022-04-12,251.0093536376953,262.4200134277344,265.3599853515625,260.510009765625,263.5799865722656,945900
2022-04-13,252.17636108398438,263.6400146484375,264.1099853515625,259.5,259.5,864900
2022-04-14,250.32069396972656,261.70001220703125,265.5400085449219,261.1700134277344,265.5299987792969,913000
2022-04-18,247.69979858398438,258.9599914550781,262.6300048828125,257.7099914550781,260.4200134277344,590800
2022-04-19,259.857177734375,271.6700134277344,273.8299865722656,260.3800048828125,260.3800048828125,2345400
2022-04-20,264.35284423828125,276.3699951171875,279.2799987792969,271.5899963378906,271.5899963378906,1459500
2022-04-21,258.28851318359375,270.0299987792969,278.5,269.8999938964844,277.2799987792969,1354300
2022-04-22,237.51287841796875,248.30999755859375,265.0799865722656,246.44000244140625,263.0400085449219,3099300
2022-04-25,242.79287719726562,253.8300018310547,254.5500030517578,246.7899932861328,247.60000610351562,1800400
2022-04-26,238.07723999023438,248.89999389648438,253.50999450683594,248.89999389648438,252.5,1354100
2022-04-27,238.31637573242188,249.14999389648438,251.97999572753906,246.2100067138672,248.49000549316406,1751200
2022-04-28,241.1381072998047,252.10000610351562,253.6199951171875,247.1999969482422,251.4499969482422,1628100
2022-04-29,230.76947021484375,241.25999450683594,249.02999877929688,240.8000030517578,248.83999633789062,3090500
2022-05-02,226.666015625,236.97000122070312,243.72999572753906,230.16000366210938,241.6999969482422,1911600
2022-05-03,227.52685546875,237.8699951171875,240.08999633789062,236.50999450683594,236.97000122070312,1148100
2022-05-04,235.27462768554688,245.97000122070312,247.75,236.11000061035156,238.47000122070312,1654400
2022-05-05,230.86512756347656,241.36000061035156,246.8000030517578,237.91000366210938,244.02000427246094,1879900
2022-05-06,229.6407928466797,240.0800018310547,241.1999969482422,235.17999267578125,239.9600067138672,1506300
2022-05-09,219.0521240234375,229.00999450683594,236.5,227.83999633789062,235.5,2011000
2022-05-10,217.61732482910156,227.50999450683594,233.3699951171875,224.02000427246094,231.5,1858000
2022-05-11,216.86167907714844,226.72000122070312,233.07000732421875,226.0399932861328,227.17999267578125,1429600
2022-05-12,218.08602905273438,228.0,228.5,224.0399932861328,224.0399932861328,1375500
2022-05-13,223.1269073486328,233.27000427246094,235.8800048828125,230.52999877929688,231.7100067138672,1261300
2022-05-16,223.68165588378906,233.85000610351562,235.3000030517578,231.47000122070312,231.97000122070312,985500
2022-05-17,228.7321014404297,239.1300048828125,239.50999450683594,235.66000366210938,237.55999755859375,1058400
2022-05-18,222.11302185058594,232.2100067138672,237.3699951171875,231.1999969482422,236.1300048828125,1101300
2022-05-19,220.4773406982422,230.5,232.25999450683594,227.22000122070312,228.63999938964844,1920100
2022-05-20,222.15122985839844,232.25,234.07000732421875,226.67999267578125,233.0399932861328,1086600
2022-05-23,222.91647338867188,233.0500030517578,235.55999755859375,230.58999633789062,235.0,925000
2022-05-24,223.136474609375,233.27999877929688,234.25,229.6699981689453,232.3699951171875,771800
2022-05-25,224.7911834716797,235.00999450683594,236.5800018310547,231.02000427246094,232.35000610351562,1115400
2022-05-26,224.72430419921875,234.94000244140625,237.3300018310547,232.8300018310547,235.94000244140625,907900
2022-05-27,226.21644592285156,236.5,238.57000732421875,236.1699981689453,237.05999755859375,1021300
2022-05-31,224.30343627929688,234.5,235.27999877929688,231.52000427246094,234.4499969482422,2090100
2022-06-01,218.08602905273438,228.0,236.00999450683594,225.58999633789062,235.44000244140625,1156600
2022-06-02,224.19821166992188,234.38999938964844,234.5500030517578,224.1999969482422,229.3800048828125,1011500
2022-06-03,219.06170654296875,229.02000427246094,232.41000366210938,228.7100067138672,232.41000366210938,747300
2022-06-06,218.22952270507812,228.14999389648438,231.4499969482422,227.25,231.0500030517578,794700
2022-06-07,220.66864013671875,230.6999969482422,231.02999877929688,225.6300048828125,226.0,739900
2022-06-08,216.81385803222656,226.6699981689453,229.97000122070312,226.3000030517578,229.55999755859375,660400
2022-06-09,209.4486846923828,218.97000122070312,225.64999389648438,218.72000122070312,225.1999969482422,983800
2022-06-10,206.9904022216797,216.39999389648438,219.0399932861328,214.1699981689453,215.17999267578125,1346700
2022-06-13,198.09481811523438,207.10000610351562,212.17999267578125,205.97000122070312,210.38999938964844,1762500
2022-06-14,191.8583221435547,200.5800018310547,206.60000610351562,198.2899932861328,205.88999938964844,1792800
2022-06-15,193.7044219970703,202.50999450683594,205.74000549316406,199.3800048828125,203.5800018310547,1651900
2022-06-16,187.19053649902344,195.6999969482422,197.63999938964844,193.66000366210938,196.63999938964844,1438500
2022-06-17,185.65054321289062,194.08999633789062,199.77000427246094,193.94000244140625,196.16000366210938,2265200
2022-06-21,187.19053649902344,195.6999969482422,198.25999450683594,194.36000061035156,197.4199981689453,1411400
2022-06-22,188.19485473632812,196.75,199.1999969482422,193.33999633789062,194.1999969482422,1300900
2022-06-23,191.3608856201172,200.05999755859375,201.33999633789062,197.08999633789062,197.41000366210938,1293000
2022-06-24,195.54095458984375,204.42999267578125,205.0500030517578,199.92999267578125,202.0399932861328,1546200
2022-06-27,194.29742431640625,203.1300048828125,205.5399932861328,201.74000549316406,204.58999633789062,1126100
2022-06-28,189.19920349121094,197.8000030517578,205.33999633789062,197.64999389648438,204.32000732421875,1313400
2022-06-29,191.43096923828125,199.42999267578125,200.4499969482422,196.5800018310547,198.7100067138672,904600
2022-06-30,190.95098876953125,198.92999267578125,199.25999450683594,194.10000610351562,197.25999450683594,2424900
2022-07-01,195.68325805664062,203.86000061035156,204.16000366210938,197.24000549316406,198.97999572753906,1976600
2022-07-05,193.9170684814453,202.02000427246094,202.5500030517578,197.07000732421875,201.02000427246094,1090300
2022-07-06,192.70758056640625,200.75999450683594,203.57000732421875,199.27000427246094,202.47999572753906,1278800
2022-07-07,193.60992431640625,201.6999969482422,202.0,198.5800018310547,200.50999450683594,2043100
2022-07-08,192.8227996826172,200.8800048828125,203.25999450683594,199.7100067138672,201.22999572753906,854600
2022-07-11,189.51116943359375,197.42999267578125,199.5,196.27000427246094,196.86000061035156,1120600
2022-07-12,187.8697509765625,195.72000122070312,199.30999755859375,194.99000549316406,196.64999389648438,1061900
2022-07-13,186.3915252685547,194.17999267578125,195.6999969482422,191.3300018310547,192.66000366210938,1056700
2022-07-14,184.6636962890625,192.3800048828125,193.0399932861328,190.5399932861328,191.69000244140625,1314300
2022-07-15,186.94827270507812,194.75999450683594,196.32000732421875,193.32000732421875,196.02999877929688,1904000
2022-07-18,181.6785125732422,189.27000427246094,194.82000732421875,188.83999633789062,194.82000732421875,2065900
2022-07-19,189.3863983154297,197.3000030517578,197.47000122070312,191.8800048828125,192.49000549316406,2960600
2022-07-20,190.10630798339844,198.0500030517578,199.77999877929688,195.24000549316406,197.0399932861328,1613700
2022-07-21,192.20843505859375,200.24000549316406,200.5399932861328,196.3699951171875,197.6199951171875,1420900
2022-07-22,191.42137145996094,199.4199981689453,201.1199951171875,197.02999877929688,198.66000366210938,1800400
2022-07-25,193.42750549316406,201.50999450683594,201.9199981689453,198.57000732421875,199.5500030517578,1388000
2022-07-26,196.21119689941406,204.41000366210938,205.0800018310547,200.99000549316406,202.52999877929688,2307700
2022-07-27,203.30477905273438,211.8000030517578,221.00999450683594,206.00999450683594,219.64999389648438,3773500
2022-07-28,210.24476623535156,219.02999877929688,220.80999755859375,210.7100067138672,211.8000030517578,3674500
2022-07-29,206.13648986816406,214.75,218.0,214.39999389648438,217.74000549316406,1981800
2022-08-01,204.927001953125,213.49000549316406,215.08999633789062,211.08999633789062,212.47999572753906,1564000
2022-08-02,204.6966094970703,213.25,216.3800048828125,212.30999755859375,213.41000366210938,852600
2022-08-03,207.24034118652344,215.89999389648438,217.5500030517578,212.9199981689453,214.74000549316406,1032600
2022-08-04,205.6373291015625,214.22999572753906,216.52999877929688,213.9199981689453,216.2899932861328,979900
2022-08-05,207.134765625,215.7899932861328,215.99000549316406,212.0500030517578,212.49000549316406,1152400
2022-08-08,208.6033935546875,217.32000732421875,218.3300018310547,215.5399932861328,217.6199951171875,1319300
2022-08-09,206.32843017578125,214.9499969482422,218.27999877929688,214.1199951171875,217.0800018310547,1329400
2022-08-10,210.40798950195312,219.1999969482422,219.27000427246094,216.3000030517578,218.86000061035156,1359700
2022-08-11,209.2657012939453,218.00999450683594,223.5800018310547,217.7100067138672,221.1199951171875,1696900
2022-08-12,214.17076110839844,223.1199951171875,223.3300018310547,218.5,218.6999969482422,1084400
2022-08-15,215.5626220703125,224.57000732421875,225.4499969482422,221.52999877929688,221.97999572753906,1468100
2022-08-16,215.16903686523438,224.16000366210938,226.25,221.99000549316406,223.0,1178600
2022-08-17,212.54855346679688,221.42999267578125,223.08999633789062,219.6300048828125,221.72000122070312,1018800
2022-08-18,211.98219299316406,220.83999633789062,223.16000366210938,219.61000061035156,222.41000366210938,960800
2022-08-19,209.39048767089844,218.13999938964844,220.9199981689453,217.35000610351562,220.80999755859375,915500
2022-08-22,203.83273315429688,212.35000610351562,215.99000549316406,211.52999877929688,215.14999389648438,784300
2022-08-23,200.75152587890625,209.13999938964844,211.9199981689453,208.36000061035156,211.41000366210938,907700
2022-08-24,203.97671508789062,212.5,212.91000366210938,208.55999755859375,208.9499969482422,1530500
2022-08-25,207.99867248535156,216.69000244140625,216.91000366210938,213.1199951171875,214.16000366210938,725900
2022-08-26,198.6973419189453,207.0,216.6999969482422,206.82000732421875,216.6999969482422,968300
2022-08-29,198.50537109375,206.8000030517578,208.72000122070312,204.67999267578125,205.0,630300
2022-08-30,197.0367431640625,205.27000427246094,207.6999969482422,204.41000366210938,207.25,733200
2022-08-31,196.96949768066406,205.1999969482422,209.75,204.82000732421875,207.66000366210938,1416300
2022-09-01,198.39012145996094,206.67999267578125,206.8000030517578,202.0399932861328,204.9199981689453,874400
2022-09-02,195.5872802734375,203.75999450683594,209.0,201.91000366210938,209.0,862900
2022-09-06,194.59857177734375,202.72999572753906,205.47000122070312,201.83999633789062,204.9499969482422,1273400
2022-09-07,202.73846435546875,211.2100067138672,211.61000061035156,202.8699951171875,202.8699951171875,1087400
2022-09-08,211.4446563720703,220.27999877929688,220.4499969482422,209.17999267578125,209.17999267578125,2596400
2022-09-09,220.77479553222656,230.0,230.00999450683594,220.50999450683594,221.0,3123800
2022-09-12,222.53138732910156,231.8300018310547,232.57000732421875,229.89999389648438,230.36000061035156,2594900
2022-09-13,216.79127502441406,225.85000610351562,228.92999267578125,224.3300018310547,226.0500030517578,1502800
2022-09-14,217.1176300048828,226.19000244140625,228.02999877929688,223.75,223.75,1394800
2022-09-15,217.6263427734375,226.72000122070312,230.6300048828125,225.88999938964844,226.19000244140625,1661900
2022-09-16,212.375732421875,221.25,225.0,219.2899932861328,224.2899932861328,2324000
2022-09-19,212.02061462402344,220.8800048828125,221.32000732421875,216.3800048828125,219.27000427246094,1090300
2022-09-20,209.2177276611328,217.9600067138672,219.9199981689453,214.7100067138672,218.72999572753906,1003200
2022-09-21,203.9479217529297,212.47000122070312,221.32000732421875,212.3800048828125,219.63999938964844,1000300
2022-09-22,200.50193786621094,208.8800048828125,212.0800018310547,208.22999572753906,212.0500030517578,1201100
2022-09-23,198.63011169433594,206.92999267578125,208.08999633789062,202.60000610351562,207.4199981689453,1331900
2022-09-26,195.10733032226562,203.25999450683594,206.92999267578125,200.94000244140625,206.1699981689453,1103200
2022-09-27,194.55056762695312,202.67999267578125,207.1699981689453,200.8000030517578,205.99000549316406,1444300
2022-09-28,197.56463623046875,205.82000732421875,207.11000061035156,202.11000061035156,204.52000427246094,1349000
2022-09-29,197.90658569335938,205.47999572753906,206.6699981689453,201.38999938964844,204.5800018310547,1107900
2022-09-30,195.07489013671875,202.5399932861328,210.27999877929688,202.27999877929688,206.4600067138672,1486000
2022-10-03,202.1058807373047,209.83999633789062,211.19000244140625,203.92999267578125,205.3800048828125,962800
2022-10-04,207.84620666503906,215.8000030517578,215.94000244140625,212.0,212.0,1091900
2022-10-05,208.1544189453125,216.1199951171875,217.9499969482422,212.5,213.39999389648438,764100
2022-10-06,203.62759399414062,211.4199981689453,216.38999938964844,211.1300048828125,215.74000549316406,1052500
2022-10-07,200.8345184326172,208.52000427246094,210.1199951171875,206.83999633789062,209.3000030517578,1222100
2022-10-10,200.33367919921875,208.0,211.3300018310547,205.86000061035156,210.83999633789062,1030300
2022-10-11,203.66615295410156,211.4600067138672,214.22999572753906,206.58999633789062,207.8699951171875,1717900
2022-10-12,200.95968627929688,208.64999389648438,214.85000610351562,208.5800018310547,212.16000366210938,1958100
2022-10-13,206.2088623046875,214.10000610351562,216.4600067138672,203.22999572753906,204.77999877929688,1197700
2022-10-14,201.42202758789062,209.1300048828125,216.9199981689453,208.25,216.3699951171875,1607300
2022-10-17,207.68246459960938,215.6300048828125,216.97000122070312,212.22999572753906,212.33999633789062,1767600
2022-10-18,206.9986114501953,214.9199981689453,224.60000610351562,214.5500030517578,222.6199951171875,1771600
2022-10-19,208.70338439941406,216.69000244140625,217.5500030517578,213.35000610351562,214.44000244140625,1610100
2022-10-20,206.5363006591797,214.44000244140625,219.25999450683594,212.6199951171875,216.60000610351562,1332100
2022-10-21,210.26368713378906,218.30999755859375,218.60000610351562,210.30999755859375,213.6999969482422,1562800
2022-10-24,212.3729705810547,220.5,222.6300048828125,219.02000427246094,220.75999450683594,1078900
2022-10-25,216.34112548828125,224.6199951171875,225.38999938964844,219.5800018310547,219.5800018310547,1352300
2022-10-26,220.16481018066406,228.58999633789062,231.27999877929688,224.5500030517578,225.8000030517578,1555200
2022-10-27,219.86619567871094,228.27999877929688,230.44000244140625,226.7899932861328,229.1999969482422,1764300
2022-10-28,220.7812042236328,229.22999572753906,231.24000549316406,228.2100067138672,228.35000610351562,1509100
2022-10-31,220.7908477783203,229.24000549316406,229.8000030517578,226.2899932861328,227.8300018310547,2690900
2022-11-01,211.9780731201172,220.08999633789062,221.82000732421875,212.0,214.5500030517578,4290000
2022-11-02,204.15736389160156,211.97000122070312,220.36000061035156,211.77999877929688,219.67999267578125,2410200
2022-11-03,197.9354705810547,205.50999450683594,209.91000366210938,205.42999267578125,209.17999267578125,1553500
2022-11-04,203.20382690429688,210.97999572753906,211.25999450683594,205.94000244140625,206.5,2001500
2022-11-07,205.65025329589844,213.52000427246094,213.52000427246094,209.5399932861328,213.17999267578125,1715300
2022-11-08,202.1058807373047,209.83999633789062,213.39999389648438,207.36000061035156,212.97999572753906,1414100
2022-11-09,199.52459716796875,207.16000366210938,210.49000549316406,206.66000366210938,209.9499969482422,1147600
2022-11-10,210.88973999023438,218.9600067138672,220.67999267578125,213.97000122070312,215.0,2117700
2022-11-11,216.02325439453125,224.2899932861328,224.63999938964844,217.9600067138672,220.64999389648438,2213100
2022-11-14,210.9186248779297,218.99000549316406,224.75,218.97999572753906,223.2100067138672,1356300
2022-11-15,213.7887725830078,221.97000122070312,224.0,218.55999755859375,221.19000244140625,1596800
2022-11-16,213.10496520996094,221.25999450683594,223.8000030517578,220.55999755859375,222.32000732421875,944700
2022-11-17,210.90899658203125,218.97999572753906,220.02000427246094,216.5500030517578,218.30999755859375,1557500
2022-11-18,215.3683319091797,223.61000061035156,223.94000244140625,220.74000549316406,221.55999755859375,1447100
2022-11-21,216.37001037597656,224.64999389648438,226.99000549316406,222.66000366210938,223.02000427246094,1263500
2022-11-22,218.1710968017578,226.52000427246094,226.89999389648438,223.91000366210938,224.8300018310547,982300
2022-11-23,221.80210876464844,230.2899932861328,230.77999877929688,227.00999450683594,227.4600067138672,1095600
2022-11-25,224.16184997558594,232.74000549316406,233.2899932861328,230.52000427246094,231.60000610351562,413000
2022-11-28,218.89344787597656,227.27000427246094,233.5,226.58999633789062,230.64999389648438,994700
2022-11-29,218.82598876953125,227.1999969482422,228.91000366210938,226.1699981689453,226.91000366210938,881800
2022-11-30,225.26943969726562,233.88999938964844,233.92999267578125,226.9199981689453,228.1300048828125,1819000
2022-12-01,231.8958740234375,240.77000427246094,242.47999572753906,235.66000366210938,235.66000366210938,1978900
2022-12-02,234.14962768554688,243.11000061035156,244.05999755859375,237.80999755859375,237.80999755859375,1192100
2022-12-05,229.1316680908203,237.89999389648438,241.47000122070312,237.63999938964844,240.50999450683594,1028200
2022-12-06,226.85862731933594,235.5399932861328,237.8699951171875,233.9600067138672,237.02999877929688,968200
2022-12-07,233.1575927734375,242.0800018310547,242.1300048828125,237.1300048828125,237.1300048828125,1170800
2022-12-08,238.7052764892578,247.83999633789062,249.32000732421875,241.88999938964844,242.64999389648438,1993800
2022-12-09,235.61361694335938,244.6300048828125,249.1999969482422,244.55999755859375,246.19000244140625,1251900
2022-12-12,239.98623657226562,249.1699981689453,249.5,243.41000366210938,244.0,1079700
2022-12-13,244.59010314941406,253.9499969482422,258.67999267578125,251.89999389648438,257.7200012207031,1716700
2022-12-14,244.4648895263672,253.82000732421875,258.57000732421875,251.44000244140625,253.4199981689453,1207300
2022-12-15,235.96994018554688,245.0,250.67999267578125,244.88999938964844,249.8000030517578,1421100
2022-12-16,231.00015258789062,239.83999633789062,243.75,235.80999755859375,242.1699981689453,3604000
2022-12-19,230.22000122070312,239.02999877929688,239.8800048828125,236.27000427246094,239.27000427246094,1377100
2022-12-20,229.80584716796875,238.60000610351562,239.72000122070312,236.60000610351562,238.88999938964844,1345400
2022-12-21,232.63748168945312,241.5399932861328,242.77999877929688,238.67999267578125,240.0,1113600
2022-12-22,232.85902404785156,241.77000427246094,241.89999389648438,237.47000122070312,240.0500030517578,992800
2022-12-23,233.88955688476562,242.83999633789062,243.07000732421875,239.6199951171875,240.7899932861328,584100
2022-12-27,235.0356903076172,244.02999877929688,244.97000122070312,241.25999450683594,243.24000549316406,667600
2022-12-28,232.7530517578125,241.66000366210938,247.00999450683594,241.47000122070312,244.38999938964844,795800
2022-12-29,237.1876678466797,245.5,247.16000366210938,241.66000366210938,242.80999755859375,638800
2022-12-30,236.21185302734375,244.49000549316406,245.1300048828125,241.67999267578125,243.94000244140625,690300
2023-01-03,237.69972229003906,246.02999877929688,249.5,243.7899932861328,247.27000427246094,1083200
2023-01-04,243.9409942626953,252.49000549316406,253.3800048828125,246.8000030517578,248.99000549316406,1368300
2023-01-05,241.3613739013672,249.82000732421875,252.2100067138672,248.1999969482422,250.82000732421875,1408500
2023-01-06,247.57366943359375,256.25,256.6400146484375,248.2899932861328,251.80999755859375,1402100
2023-01-09,252.16282653808594,261.0,264.17999267578125,257.42999267578125,258.6199951171875,2396600
2023-01-10,254.8777313232422,263.80999755859375,264.9800109863281,260.760009765625,261.0,2092600
2023-01-11,250.0469970703125,258.80999755859375,263.739990234375,255.6199951171875,263.0,1590500
2023-01-12,247.67027282714844,256.3500061035156,258.2200012207031,255.00999450683594,258.19000244140625,938700
2023-01-13,251.0228271484375,259.82000732421875,260.1499938964844,254.19000244140625,256.1099853515625,752100
2023-01-17,247.71856689453125,256.3999938964844,259.5799865722656,255.39999389648438,259.5799865722656,1294100
2023-01-18,243.4868927001953,252.02000427246094,256.2099914550781,251.35000610351562,256.2099914550781,2007100
2023-01-19,244.7332305908203,253.30999755859375,254.22000122070312,248.8000030517578,250.4499969482422,1038100
2023-01-20,247.54469299316406,256.2200012207031,256.5899963378906,252.13999938964844,254.6699981689453,1157100
2023-01-23,248.771728515625,257.489990234375,262.69000244140625,255.8800048828125,256.5,1493800
2023-01-24,247.09060668945312,255.75,258.6199951171875,253.80999755859375,257.54998779296875,941500
2023-01-25,244.38540649414062,252.9499969482422,254.0,249.3000030517578,251.6999969482422,1178600
2023-01-26,243.86367797851562,252.41000366210938,254.75,250.8699951171875,254.19000244140625,1099000
2023-01-27,245.56410217285156,254.1699981689453,255.91000366210938,249.50999450683594,251.42999267578125,1041000
2023-01-30,241.09085083007812,249.5399932861328,254.16000366210938,249.27000427246094,251.86000061035156,1209700
2023-01-31,245.2162628173828,253.80999755859375,253.9600067138672,248.9600067138672,249.08999633789062,1727700
2023-02-01,269.5050964355469,278.95001220703125,280.4599914550781,267.0,269.6199951171875,4669300
2023-02-02,272.9156188964844,282.4800109863281,282.55999755859375,276.0299987792969,276.44000244140625,2020400
2023-02-03,273.55322265625,283.1400146484375,284.0,280.07000732421875,280.3500061035156,1535300
2023-02-06,262.2879333496094,271.4800109863281,281.20001220703125,270.739990234375,281.1600036621094,1790000
2023-02-07,263.2251281738281,272.45001220703125,273.7200012207031,265.4700012207031,268.760009765625,1851500
2023-02-08,259.1383361816406,268.2200012207031,272.8699951171875,267.6099853515625,271.07000732421875,1368200
2023-02-09,255.40907287597656,264.3599853515625,269.95001220703125,263.239990234375,269.6000061035156,1132100
2023-02-10,255.38973999023438,264.3399963378906,264.8900146484375,261.8399963378906,263.57000732421875,1061100
2023-02-13,257.949951171875,266.989990234375,267.45001220703125,264.1300048828125,265.1600036621094,1087600
2023-02-14,255.69891357421875,264.6600036621094,268.8299865722656,262.6000061035156,265.5899963378906,799000
2023-02-15,256.29791259765625,265.2799987792969,265.79998779296875,262.1600036621094,262.739990234375,999400
2023-02-16,254.2980194091797,263.2099914550781,265.70001220703125,259.32000732421875,261.1600036621094,1009700
2023-02-17,254.2497100830078,263.1600036621094,263.489990234375,260.54998779296875,261.5400085449219,851100
2023-02-21,252.37539672851562,261.2200012207031,262.8999938964844,259.7699890136719,261.0899963378906,1022000
2023-02-22,252.7908172607422,261.6499938964844,262.9800109863281,260.57000732421875,261.4599914550781,1086400
2023-02-23,254.4332275390625,263.3500061035156,264.95001220703125,261.4100036621094,262.25,1036700
2023-02-24,253.4285430908203,262.30999755859375,262.3999938964844,257.3699951171875,259.0,1603900
2023-02-27,253.7279815673828,262.6199951171875,265.3399963378906,261.9599914550781,264.2200012207031,787800
2023-02-28,253.9792022705078,262.8800048828125,265.0899963378906,261.739990234375,262.42999267578125,1321700
2023-03-01,251.167724609375,259.9700012207031,262.6400146484375,259.57000732421875,261.55999755859375,746100
2023-03-02,253.21592712402344,262.0899963378906,262.1000061035156,257.6600036621094,257.9800109863281,1395100
2023-03-03,262.3363342285156,271.5299987792969,271.8599853515625,263.6300048828125,265.0799865722656,1383400
2023-03-06,258.3461608886719,267.3999938964844,271.54998779296875,266.8599853515625,270.489990234375,714800
2023-03-07,255.7279052734375,264.69000244140625,269.67999267578125,263.6499938964844,268.3699951171875,897800
2023-03-08,256.5974426269531,265.5899963378906,266.6099853515625,262.8399963378906,263.4599914550781,677500
2023-03-09,259.26397705078125,268.3500061035156,273.3800048828125,266.29998779296875,266.92999267578125,1869200
2023-03-10,255.7279052734375,264.69000244140625,269.5400085449219,260.8399963378906,267.75,1610300
2023-03-13,257.67950439453125,266.7099914550781,270.4700012207031,261.6300048828125,261.6400146484375,1430200
2023-03-14,266.35546875,275.69000244140625,276.3699951171875,268.54998779296875,270.6499938964844,2193300
2023-03-15,263.7855529785156,273.0299987792969,273.2699890136719,269.3399963378906,269.4200134277344,1535000
2023-03-16,265.8916320800781,275.2099914550781,275.3599853515625,267.82000732421875,270.1700134277344,1092500
2023-03-17,265.1477966308594,274.44000244140625,277.489990234375,273.94000244140625,274.82000732421875,2433400
2023-03-20,267.4568786621094,276.8299865722656,277.6199951171875,273.92999267578125,274.2699890136719,1135400
2023-03-21,268.703125,278.1199951171875,278.7200012207031,275.3999938964844,277.2900085449219,1220400
2023-03-22,263.1189270019531,272.3399963378906,280.5199890136719,272.1499938964844,278.0199890136719,1453700
2023-03-23,264.9931335449219,274.2799987792969,277.6600036621094,271.82000732421875,273.1300048828125,826300
2023-03-24,267.32159423828125,276.69000244140625,277.1499938964844,272.7300109863281,274.1499938964844,854000
2023-03-27,268.6935119628906,278.1099853515625,280.30999755859375,276.69000244140625,279.19000244140625,861400
2023-03-28,268.0172424316406,277.4100036621094,280.1300048828125,276.25,277.2300109863281,824500
2023-03-29,269.5823974609375,279.0299987792969,279.79998779296875,277.2699890136719,278.19000244140625,1122500
2023-03-30,271.9364013671875,280.7099914550781,280.8999938964844,278.7300109863281,280.44000244140625,887000
2023-03-31,276.5476379394531,285.4700012207031,285.67999267578125,280.92999267578125,282.6199951171875,1881400
2023-04-03,278.57232666015625,287.55999755859375,288.1499938964844,280.1400146484375,284.3500061035156,1247800
2023-04-04,278.1266784667969,287.1000061035156,290.1199951171875,285.3999938964844,288.2900085449219,1132700
2023-04-05,279.02764892578125,288.0299987792969,289.8999938964844,286.7900085449219,287.25,1317800
2023-04-06,278.68853759765625,287.67999267578125,288.7699890136719,286.239990234375,288.07000732421875,1113400
2023-04-10,279.2310485839844,288.239990234375,288.32000732421875,284.5400085449219,286.05999755859375,1125500
2023-04-11,281.44952392578125,290.5299987792969,292.20001220703125,289.4700012207031,289.9599914550781,792900
2023-04-12,281.032958984375,290.1000061035156,294.07000732421875,289.5199890136719,292.5199890136719,1126700
2023-04-13,282.4956970214844,291.6099853515625,291.70001220703125,288.80999755859375,290.5899963378906,920100
2023-04-14,282.64105224609375,291.760009765625,292.0899963378906,290.2900085449219,291.260009765625,1235200
2023-04-17,283.6291809082031,292.7799987792969,293.1300048828125,290.0899963378906,292.0199890136719,841700
2023-04-18,281.8272705078125,290.9200134277344,294.5400085449219,290.0299987792969,294.510009765625,1076200
2023-04-19,289.955078125,299.30999755859375,302.2300109863281,291.6099853515625,292.32000732421875,2020000
2023-04-20,292.6578674316406,302.1000061035156,302.17999267578125,297.1099853515625,298.6499938964844,1336200
2023-04-21,294.0528869628906,303.5400085449219,306.55999755859375,301.8999938964844,304.6600036621094,1465800
2023-04-24,292.5997009277344,302.0400085449219,305.44000244140625,301.1300048828125,304.9800109863281,1393600
2023-04-25,290.1295471191406,299.489990234375,303.3699951171875,298.5299987792969,301.3500061035156,1059000
2023-04-26,289.46099853515625,298.79998779296875,300.0799865722656,297.29998779296875,299.489990234375,848100
2023-04-27,288.899169921875,298.2200012207031,299.9800109863281,294.3399963378906,298.8599853515625,1230500
2023-04-28,290.2845153808594,299.6499938964844,299.8800048828125,296.69000244140625,297.1499938964844,1337700
2023-05-01,290.51690673828125,299.8900146484375,301.4599914550781,298.6600036621094,299.6000061035156,2422700
2023-05-02,284.7044982910156,293.8900146484375,299.32000732421875,284.32000732421875,286.67999267578125,2937000
2023-05-03,278.16546630859375,287.1400146484375,296.3699951171875,286.54998779296875,295.8900146484375,1851000
2023-05-04,275.73394775390625,284.6300048828125,286.6099853515625,281.9200134277344,284.5400085449219,1258100
2023-05-05,275.8114318847656,284.7099914550781,286.9800109863281,282.6300048828125,285.6400146484375,1501100
2023-05-08,279.2601013183594,288.2699890136719,288.5299987792969,282.6099853515625,283.20001220703125,758200
2023-05-09,274.7845458984375,283.6499938964844,288.6400146484375,283.55999755859375,288.0799865722656,782400
2023-05-10,276.6736145019531,285.6000061035156,286.4599914550781,282.44000244140625,285.3999938964844,902200
2023-05-11,276.20855712890625,285.1199951171875,288.760009765625,284.32000732421875,284.7300109863281,1152500
2023-05-12,276.5476379394531,285.4700012207031,286.4700012207031,282.739990234375,285.6000061035156,738500
2023-05-15,279.8898010253906,288.9200134277344,290.489990234375,285.6199951171875,285.6199951171875,1128400
2023-05-16,277.00299072265625,285.94000244140625,288.79998779296875,285.19000244140625,288.0899963378906,974500
2023-05-17,275.1042785644531,283.9800109863281,287.9599914550781,281.7300109863281,287.2799987792969,1013800
2023-05-18,276.34423828125,285.260009765625,286.3399963378906,282.7699890136719,284.0,1117300
2023-05-19,276.4507141113281,285.3699951171875,289.1499938964844,284.19000244140625,286.0,1036700
2023-05-22,277.2257385253906,286.1700134277344,291.6199951171875,285.7099914550781,286.57000732421875,1189700
2023-05-23,265.59112548828125,274.1600036621094,285.29998779296875,272.07000732421875,284.3500061035156,2163300
2023-05-24,264.0411682128906,272.55999755859375,275.1400146484375,270.2099914550781,273.0,1181800
2023-05-25,263.8861389160156,272.3999938964844,274.1199951171875,267.760009765625,273.05999755859375,1159100
2023-05-26,264.06048583984375,272.5799865722656,275.8500061035156,271.3299865722656,273.0899963378906,1091700
2023-05-30,263.0046081542969,271.489990234375,275.32000732421875,270.67999267578125,270.9800109863281,1365800
2023-05-31,266.966796875,275.5799865722656,275.8299865722656,269.05999755859375,269.82000732421875,2669300
2023-06-01,269.8633117675781,278.57000732421875,279.55999755859375,273.489990234375,275.1499938964844,1178900
2023-06-02,269.6017150878906,278.29998779296875,280.3900146484375,277.3399963378906,278.9200134277344,1411100
2023-06-05,269.2723693847656,277.9599914550781,280.07000732421875,277.1000061035156,280.07000732421875,858900
2023-06-06,267.9063720703125,276.54998779296875,279.4100036621094,272.489990234375,278.79998779296875,1036200
2023-06-07,269.2820739746094,277.9700012207031,278.82000732421875,274.0899963378906,276.6099853515625,1187000
2023-06-08,268.1195373535156,276.7699890136719,278.9599914550781,275.7300109863281,278.0,963700
2023-06-09,271.86859130859375,280.6400146484375,280.9100036621094,275.3299865722656,276.7699890136719,1135400
2023-06-12,271.17108154296875,279.9200134277344,280.42999267578125,276.54998779296875,279.989990234375,851100
2023-06-13,272.9342346191406,281.739990234375,282.9599914550781,279.05999755859375,280.0,983900
2023-06-14,284.39447021484375,293.57000732421875,300.010009765625,291.0,297.32000732421875,2736000
2023-06-15,286.409423828125,295.6499938964844,296.04998779296875,290.3699951171875,293.75,1088800
2023-06-16,285.1501159667969,294.3500061035156,301.239990234375,294.010009765625,298.2699890136719,2431300
2023-06-20,288.4922180175781,297.79998779296875,299.260009765625,291.04998779296875,292.5799865722656,1401600
2023-06-21,288.26947021484375,297.57000732421875,298.1099853515625,293.7699890136719,296.5899963378906,1469600
2023-06-22,288.5794677734375,297.8900146484375,299.2099914550781,295.760009765625,297.67999267578125,1083600
2023-06-23,288.5697937011719,297.8800048828125,299.489990234375,296.3699951171875,297.010009765625,2412500
2023-06-26,287.5622863769531,296.8399963378906,299.30999755859375,293.8900146484375,296.55999755859375,807000
2023-06-27,289.41259765625,298.75,298.92999267578125,295.0799865722656,297.32000732421875,1044400
2023-06-28,290.894775390625,300.2799987792969,302.3800048828125,298.55999755859375,298.6199951171875,1272000
2023-06-29,293.07012939453125,301.7699890136719,302.2099914550781,297.9599914550781,299.4700012207031,684700
2023-06-30,296.29449462890625,305.0899963378906,306.92999267578125,303.2099914550781,304.8500061035156,1069200
2023-07-03,289.40887451171875,298.0,303.25,297.0400085449219,302.94000244140625,577100
2023-07-05,288.7969665527344,297.3699951171875,298.2699890136719,294.5400085449219,296.4100036621094,806200
2023-07-06,287.1557312011719,295.67999267578125,296.8599853515625,293.2099914550781,295.25,918700
2023-07-07,285.7864074707031,294.2699890136719,295.92999267578125,292.5299987792969,294.260009765625,979500
2023-07-10,286.7867126464844,295.29998779296875,297.3699951171875,294.1300048828125,295.010009765625,688200
2023-07-11,287.8647155761719,296.4100036621094,297.32000732421875,292.8500061035156,295.0,848200
2023-07-12,289.4380187988281,298.0299987792969,299.8500061035156,296.5,298.0799865722656,1094600
2023-07-13,291.0015869140625,299.6400146484375,300.07000732421875,296.4200134277344,297.67999267578125,789300
2023-07-14,293.7110900878906,302.42999267578125,304.8999938964844,299.6400146484375,299.6400146484375,1311000
2023-07-17,290.0109558105469,298.6199951171875,302.3299865722656,297.5,301.510009765625,1212900
2023-07-18,288.088134765625,296.6400146484375,299.4599914550781,293.44000244140625,297.30999755859375,1124800
2023-07-19,285.9903869628906,294.4800109863281,297.6499938964844,291.510009765625,296.0,1411700
2023-07-20,287.5054016113281,296.0400085449219,297.8599853515625,294.1499938964844,295.69000244140625,1390200
2023-07-21,287.068359375,295.5899963378906,296.8999938964844,293.239990234375,295.6499938964844,2965000
2023-07-24,282.3485107421875,290.7300109863281,296.17999267578125,290.3399963378906,294.92999267578125,1226700
2023-07-25,282.52325439453125,290.9100036621094,291.8399963378906,286.9700012207031,289.5899963378906,1269400
2023-07-26,281.7560119628906,290.1199951171875,291.5199890136719,288.0,291.1099853515625,1173000
2023-07-27,273.87982177734375,282.010009765625,290.5,281.8299865722656,290.5,2359900
2023-07-28,274.8412780761719,283.0,284.6300048828125,280.8900146484375,283.7300109863281,1864300
2023-07-31,275.239501953125,283.4100036621094,284.4100036621094,280.8699951171875,283.989990234375,1588500
2023-08-01,271.2189025878906,279.2699890136719,282.32000732421875,278.1300048828125,280.0899963378906,2230500
2023-08-02,266.65435791015625,274.57000732421875,279.760009765625,273.6199951171875,278.1000061035156,1960900
2023-08-03,267.674072265625,275.6199951171875,277.6199951171875,271.8599853515625,273.32000732421875,1921600
2023-08-04,275.5308532714844,283.7099914550781,292.5,282.010009765625,284.0,2792800
2023-08-07,278.01702880859375,286.2699890136719,288.5199890136719,282.5899963378906,285.0,1233300
2023-08-08,274.19061279296875,282.3299865722656,285.79998779296875,279.4100036621094,285.0,976600
2023-08-09,273.8701477050781,282.0,283.7200012207031,280.7200012207031,282.0,878700
2023-08-10,274.8510437011719,283.010009765625,287.7200012207031,282.19000244140625,283.2300109863281,880600
2023-08-11,273.9769287109375,282.1099853515625,283.4100036621094,281.7699890136719,282.82000732421875,625100
2023-08-14,276.5797119140625,284.7900085449219,286.5,281.3599853515625,282.0,1318500
2023-08-15,276.6476745605469,284.8599853515625,286.1099853515625,284.17999267578125,284.57000732421875,724200
2023-08-16,273.49139404296875,281.6099853515625,285.9100036621094,281.5899963378906,285.1000061035156,748400
2023-08-17,269.9174499511719,277.92999267578125,282.8999938964844,277.6600036621094,282.3500061035156,1055700
2023-08-18,269.8980712890625,277.9100036621094,279.32000732421875,276.6199951171875,277.6300048828125,993000
2023-08-21,268.276123046875,276.239990234375,279.9700012207031,275.260009765625,278.5899963378906,1176000
2023-08-22,267.53814697265625,275.4800109863281,276.5,274.05999755859375,275.489990234375,1052400
2023-08-23,268.0043029785156,275.9599914550781,278.8999938964844,275.3900146484375,276.7900085449219,969600
2023-08-24,265.5569152832031,273.44000244140625,278.32000732421875,272.8900146484375,275.45001220703125,1029600
2023-08-25,270.10198974609375,278.1199951171875,278.8900146484375,273.0899963378906,274.5299987792969,907300
2023-08-28,270.2864685058594,278.30999755859375,282.0,276.1199951171875,280.5199890136719,890800
2023-08-29,276.80303955078125,285.0199890136719,285.3900146484375,278.19000244140625,278.19000244140625,1158400
2023-08-30,278.8619689941406,287.1400146484375,289.04998779296875,285.3599853515625,285.6300048828125,1055600
2023-08-31,275.3754577636719,283.54998779296875,289.1499938964844,283.5,287.2900085449219,1049800
2023-09-01,276.24951171875,284.45001220703125,285.4700012207031,282.92999267578125,285.4700012207031,657400
2023-09-05,278.03643798828125,286.2900085449219,289.82000732421875,284.1199951171875,289.75,1289300
2023-09-06,280.7655029296875,289.1000061035156,289.9800109863281,283.3299865722656,286.3399963378906,1253500
2023-09-07,280.687744140625,289.0199890136719,292.0799865722656,288.739990234375,290.0,1311100
2023-09-08,281.19281005859375,289.5400085449219,289.7099914550781,287.1499938964844,288.32000732421875,1052900
2023-09-11,291.07928466796875,299.7200012207031,301.5799865722656,291.1099853515625,291.44000244140625,2101700
2023-09-12,286.2720031738281,294.7699890136719,301.239990234375,293.42999267578125,299.8399963378906,1146700
2023-09-13,288.74847412109375,297.32000732421875,297.70001220703125,291.9800109863281,293.6499938964844,1433400
2023-09-14,286.4953918457031,295.0,299.45001220703125,294.5,298.7099914550781,1390100
2023-09-15,284.32965087890625,292.7699890136719,297.0,292.6400146484375,295.0,2134400
2023-09-18,284.7666320800781,293.2200012207031,294.57000732421875,289.7099914550781,292.3900146484375,1042300
2023-09-19,285.2425842285156,293.7099914550781,294.20001220703125,291.20001220703125,293.5,683900
2023-09-20,280.63922119140625,288.9700012207031,295.6600036621094,288.9200134277344,295.32000732421875,834400
2023-09-21,276.24951171875,284.45001220703125,288.489990234375,284.29998779296875,287.45001220703125,961900
2023-09-22,277.05560302734375,285.2799987792969,287.739990234375,283.3999938964844,283.79998779296875,953400
2023-09-25,279.0950622558594,287.3800048828125,287.8399963378906,284.1700134277344,284.8399963378906,922000
2023-09-26,265.6637268066406,273.54998779296875,285.42999267578125,273.29998779296875,284.75,2661700
2023-09-27,258.8558654785156,266.5400085449219,274.9200134277344,263.1499938964844,274.0,3033000
2023-09-28,266.2770080566406,273.4100036621094,275.6300048828125,266.4800109863281,266.54998779296875,1577400
2023-09-29,266.14068603515625,273.2699890136719,275.989990234375,270.6199951171875,275.20001220703125,1342800
2023-10-02,266.69580078125,273.8399963378906,275.5199890136719,269.95001220703125,271.4200134277344,1159600
2023-10-03,258.93377685546875,265.8699951171875,273.1000061035156,264.6300048828125,272.1400146484375,2002300
2023-10-04,259.2551574707031,266.20001220703125,267.8599853515625,261.8699951171875,266.9599914550781,1085400
2023-10-05,257.90142822265625,264.80999755859375,268.82000732421875,263.32000732421875,266.6400146484375,1044800
2023-10-06,258.91424560546875,265.8500061035156,267.3299865722656,261.1499938964844,263.4599914550781,1523200
2023-10-09,259.8395080566406,266.79998779296875,267.3999938964844,262.6199951171875,264.0799865722656,715700
2023-10-10,267.2801208496094,274.44000244140625,276.1400146484375,265.8900146484375,266.92999267578125,1360800
2023-10-11,253.2655487060547,260.04998779296875,271.0,254.7899932861328,271.0,3069100
2023-10-12,247.22732543945312,253.85000610351562,261.9100036621094,252.9199981689453,260.5299987792969,2358300
2023-10-13,251.1522216796875,257.8800048828125,258.5799865722656,249.97999572753906,250.0,1698900
2023-10-16,257.2002258300781,264.0899963378906,265.1000061035156,258.44000244140625,260.6400146484375,1699700
2023-10-17,261.7970275878906,268.80999755859375,271.6099853515625,260.5,262.3399963378906,2174500
2023-10-18,263.1313171386719,270.17999267578125,272.19000244140625,268.2099914550781,270.0899963378906,1737800
2023-10-19,261.417236328125,268.4200134277344,273.19000244140625,267.489990234375,270.1199951171875,1157000
2023-10-20,258.7584533691406,265.69000244140625,268.8500061035156,263.9800109863281,268.7900085449219,2142100
2023-10-23,256.69378662109375,263.57000732421875,266.80999755859375,262.82000732421875,266.54998779296875,2118200
2023-10-24,258.1448669433594,265.05999755859375,266.2099914550781,261.6400146484375,263.6400146484375,2906200
2023-10-25,252.30142211914062,259.05999755859375,264.6600036621094,258.4700012207031,264.010009765625,1943800
2023-10-26,251.83395385742188,258.5799865722656,260.80999755859375,255.22000122070312,256.010009765625,1882500
2023-10-27,255.07713317871094,261.9100036621094,262.07000732421875,257.9800109863281,261.82000732421875,3783600
2023-10-30,255.7295379638672,262.5799865722656,264.75,258.3299865722656,262.94000244140625,1847400
2023-10-31,263.1702575683594,270.2200012207031,271.6000061035156,264.8500061035156,265.4700012207031,2719000
2023-11-01,264.9525451660156,272.04998779296875,274.3399963378906,268.54998779296875,271.54998779296875,1492000
2023-11-02,270.97125244140625,278.2300109863281,282.3299865722656,272.30999755859375,272.30999755859375,2989800
2023-11-03,269.01373291015625,276.2200012207031,277.94000244140625,268.0,274.3500061035156,2791800
2023-11-06,269.6175537109375,276.8399963378906,279.29998779296875,275.0899963378906,276.6000061035156,1263100
2023-11-07,267.8255615234375,275.0,277.5899963378906,273.3800048828125,276.010009765625,1363900
2023-11-08,267.6112976074219,274.7799987792969,279.0,273.8699951171875,278.3399963378906,1486600
2023-11-09,263.7740783691406,270.8399963378906,278.1199951171875,270.57000732421875,276.42999267578125,1592200
2023-11-10,266.4815673828125,273.6199951171875,275.2300109863281,266.92999267578125,271.6600036621094,1468800
2023-11-13,274.4871520996094,281.8399963378906,285.239990234375,276.6000061035156,277.6099853515625,2128400
2023-11-14,275.64605712890625,283.0299987792969,288.25,282.6000061035156,286.1199951171875,1400500
2023-11-15,276.24017333984375,283.6400146484375,287.6400146484375,283.0299987792969,283.0299987792969,1058200
2023-11-16,283.9437561035156,291.54998779296875,292.7099914550781,282.3500061035156,284.4200134277344,1900900
2023-11-17,280.8565368652344,288.3800048828125,292.7699890136719,286.6300048828125,290.1499938964844,1325900
2023-11-20,281.7427673339844,289.2900085449219,290.5,286.489990234375,287.4800109863281,857700
2023-11-21,285.99871826171875,293.6600036621094,293.79998779296875,289.4200134277344,291.1099853515625,1076400
2023-11-22,286.3785705566406,294.04998779296875,296.4599914550781,293.0299987792969,295.6000061035156,744500
2023-11-24,285.9792785644531,293.6400146484375,295.1600036621094,292.79998779296875,294.5899963378906,382500
2023-11-27,286.29095458984375,293.9599914550781,294.3699951171875,291.69000244140625,292.9100036621094,995500
2023-11-28,284.4210205078125,292.0400085449219,292.8800048828125,289.69000244140625,292.6700134277344,1069600
2023-11-29,286.690185546875,294.3699951171875,296.1300048828125,291.5199890136719,294.0,1131100
2023-11-30,288.5990905761719,296.3299865722656,296.3800048828125,290.6000061035156,294.2099914550781,1423600
2023-12-01,290.02099609375,297.7900085449219,298.70001220703125,294.5799865722656,296.5,1110400
2023-12-04,283.35943603515625,290.95001220703125,298.69000244140625,290.0799865722656,295.760009765625,1584700
2023-12-05,282.930908203125,290.510009765625,291.0,286.29998779296875,290.7300109863281,1216400
2023-12-06,280.3597717285156,287.8699951171875,292.1199951171875,286.6499938964844,291.4200134277344,1383900
2023-12-07,281.8304443359375,289.3800048828125,289.7900085449219,286.7699890136719,288.7799987792969,1434400
2023-12-08,281.5577087402344,289.1000061035156,289.8500061035156,286.3999938964844,288.8500061035156,1078900
2023-12-11,285.3852233886719,293.0299987792969,293.19000244140625,287.989990234375,287.989990234375,999700
2023-12-12,286.8460693359375,294.5299987792969,294.80999755859375,290.7300109863281,293.9800109863281,951700
2023-12-13,290.74169921875,298.5299987792969,298.82000732421875,294.04998779296875,295.25,1504700
2023-12-14,289.3490295410156,297.1000061035156,300.55999755859375,296.260009765625,299.0,1860500
2023-12-15,282.5802917480469,290.1499938964844,292.2099914550781,285.7900085449219,286.17999267578125,4139900
2023-12-18,283.86590576171875,291.4700012207031,292.3599853515625,288.5,291.3900146484375,1416000
2023-12-19,284.3625793457031,291.9800109863281,292.3399963378906,289.6600036621094,291.05999755859375,1433800
2023-12-20,280.7883605957031,288.30999755859375,293.8399963378906,288.1499938964844,292.25,1162400
2023-12-21,288.3068542480469,296.0299987792969,296.0899963378906,288.8999938964844,289.3399963378906,1046200
2023-12-22,289.7385559082031,297.5,298.4200134277344,294.2300109863281,297.6199951171875,1068700
2023-12-26,291.26763916015625,299.07000732421875,300.3599853515625,296.0299987792969,296.6199951171875,539200
2023-12-27,291.2091979980469,299.010009765625,300.0,297.45001220703125,298.75,1029800
2023-12-28,292.0978088378906,299.1199951171875,301.3699951171875,295.94000244140625,297.2900085449219,788500
2023-12-29,292.4297790527344,299.4599914550781,300.3399963378906,298.1499938964844,299.6099853515625,1150900
2024-01-02,289.275634765625,296.2300109863281,299.94000244140625,294.8699951171875,297.6000061035156,979200
2024-01-03,287.0393981933594,293.94000244140625,295.07000732421875,292.42999267578125,295.07000732421875,1355400
2024-01-04,291.05291748046875,298.04998779296875,299.8999938964844,292.9599914550781,293.6199951171875,1419000
2024-01-05,288.396728515625,295.3299865722656,299.29998779296875,294.42999267578125,297.5,807300
2024-01-08,292.9376220703125,299.9800109863281,300.3399963378906,294.3399963378906,297.0,1126300
2024-01-09,296.1308288574219,303.25,305.42999267578125,298.5199890136719,299.5,1343100
2024-01-10,300.554443359375,307.7799987792969,308.2099914550781,304.0,305.0,1302700
2024-01-11,301.736083984375,308.989990234375,309.5199890136719,306.1000061035156,308.17999267578125,920100
2024-01-12,305.5543212890625,312.8999938964844,317.260009765625,310.6000061035156,312.19000244140625,1646600
2024-01-16,306.9116516113281,314.2900085449219,314.44000244140625,309.6000061035156,310.9100036621094,1599800
2024-01-17,306.31591796875,313.67999267578125,315.05999755859375,311.5400085449219,312.7900085449219,1466600
2024-01-18,307.33154296875,314.7200012207031,317.82000732421875,312.8399963378906,315.8500061035156,1472700
2024-01-19,307.6538391113281,315.04998779296875,315.82000732421875,312.45001220703125,315.0799865722656,1905200
2024-01-22,305.91558837890625,313.2699890136719,317.2099914550781,312.6300048828125,316.7699890136719,1868500
2024-01-23,304.8511962890625,312.17999267578125,314.54998779296875,307.5199890136719,314.0,1366800
2024-01-24,300.5251770019531,307.75,313.0,307.3500061035156,312.0199890136719,1420600
2024-01-25,304.5875549316406,311.9100036621094,312.0899963378906,307.2300109863281,309.07000732421875,1200700
2024-01-26,304.0504455566406,311.3599853515625,313.7200012207031,310.6000061035156,313.25,907400
2024-01-29,307.1167297363281,314.5,314.94000244140625,310.739990234375,310.739990234375,1427300
2024-01-30,309.20648193359375,316.6400146484375,317.1199951171875,314.04998779296875,315.1499938964844,2006400
2024-01-31,327.6042175292969,335.4800109863281,342.79998779296875,333.70001220703125,339.0,4931900
2024-02-01,332.5649108886719,340.55999755859375,341.8900146484375,333.9200134277344,335.57000732421875,2004500
2024-02-02,334.01995849609375,342.04998779296875,342.8800048828125,338.6300048828125,341.0,1159600
2024-02-05,334.8597717285156,342.9100036621094,346.5899963378906,340.67999267578125,342.45001220703125,1539600
2024-02-06,331.79351806640625,339.7699890136719,344.94000244140625,338.8999938964844,344.489990234375,1314400
2024-02-07,334.6741638183594,342.7200012207031,344.25,338.2300109863281,340.739990234375,823900
2024-02-08,331.0708312988281,339.0299987792969,341.9100036621094,337.0799865722656,340.7200012207031,1445700
2024-02-09,333.93206787109375,341.9599914550781,344.3299865722656,337.6300048828125,338.8599853515625,1402300
2024-02-12,333.0824890136719,341.0899963378906,343.9800109863281,339.8599853515625,343.7300109863281,845000
2024-02-13,331.82275390625,339.79998779296875,341.45001220703125,336.29998779296875,339.8999938964844,1548100
2024-02-14,341.2169494628906,349.4200134277344,349.67999267578125,340.1600036621094,341.2900085449219,1904500
2024-02-15,340.60174560546875,348.7900085449219,352.55999755859375,345.8999938964844,351.0799865722656,1516100
2024-02-16,341.0997619628906,349.29998779296875,352.8800048828125,348.0199890136719,349.6499938964844,1343100
2024-02-20,339.89862060546875,348.07000732421875,351.9599914550781,347.3900146484375,351.70001220703125,1161900
2024-02-21,339.40057373046875,347.55999755859375,350.2699890136719,346.0400085449219,348.8900146484375,1177600
2024-02-22,344.8593444824219,353.1499938964844,354.82000732421875,348.69000244140625,350.0,1326900
2024-02-23,346.69525146484375,355.0299987792969,357.3999938964844,352.3699951171875,353.6000061035156,691500
2024-02-26,344.1855163574219,352.4599914550781,356.6099853515625,351.70001220703125,355.3500061035156,1224100
2024-02-27,343.9414978027344,352.2099914550781,354.3299865722656,350.6000061035156,351.32000732421875,903900
2024-02-28,343.5410461425781,351.79998779296875,352.25,348.5400085449219,351.6099853515625,1289400
2024-02-29,340.87518310546875,349.07000732421875,353.7699890136719,347.2699890136719,352.3900146484375,2283300
2024-03-01,344.9277648925781,353.2200012207031,354.5400085449219,347.0799865722656,348.82000732421875,1400400
2024-03-04,347.4959716796875,355.8500061035156,356.8399963378906,352.1000061035156,353.0,714100
2024-03-05,344.1171875,352.3900146484375,357.67999267578125,349.9100036621094,357.010009765625,840000
2024-03-06,346.6659240722656,355.0,357.010009765625,352.70001220703125,353.0,892300
2024-03-07,349.2244567871094,357.6199951171875,359.7799987792969,355.6700134277344,357.4599914550781,804100
2024-03-08,349.4685363769531,357.8699951171875,360.2799987792969,355.6400146484375,357.1199951171875,871200
2024-03-11,347.2420349121094,355.5899963378906,361.4100036621094,354.3699951171875,357.8699951171875,1119900
2024-03-12,349.97637939453125,358.3900146484375,360.3299865722656,353.760009765625,355.1700134277344,737000
2024-03-13,348.5115661621094,356.8900146484375,359.6499938964844,355.79998779296875,359.6300048828125,1105200
2024-03-14,347.2909851074219,355.6400146484375,358.2200012207031,353.1600036621094,356.55999755859375,961200
2024-03-15,343.9609069824219,352.2300109863281,354.2300109863281,350.7900085449219,353.3699951171875,2075200
2024-03-18,345.7675476074219,354.0799865722656,355.9200134277344,352.6199951171875,354.0199890136719,953700
2024-03-19,348.5115661621094,356.8900146484375,356.9800109863281,353.55999755859375,354.95001220703125,1052100
2024-03-20,344.8984069824219,353.19000244140625,356.9100036621094,351.5199890136719,356.9100036621094,1179200
2024-03-21,345.2109375,353.510009765625,354.8699951171875,351.0,353.9599914550781,1537600
2024-03-22,344.34185791015625,352.6199951171875,354.95001220703125,348.80999755859375,353.4100036621094,1105400
2024-03-25,342.7891845703125,351.0299987792969,354.239990234375,349.8500061035156,353.25,792500
2024-03-26,342.1544189453125,350.3800048828125,352.989990234375,350.0,351.1700134277344,785800
2024-03-27,351.0904541015625,358.7099914550781,359.0799865722656,351.8900146484375,351.989990234375,1404700
2024-03-28,350.2682800292969,357.8699951171875,359.5,355.69000244140625,359.20001220703125,1074800
2024-04-01,347.13629150390625,354.6700134277344,357.1499938964844,353.3900146484375,357.0299987792969,760800
2024-04-02,341.9586181640625,349.3800048828125,353.8500061035156,348.45001220703125,352.2900085449219,996900
2024-04-03,343.5442199707031,351.0,354.8800048828125,350.2200012207031,350.8599853515625,905900
2024-04-04,340.0010986328125,347.3800048828125,354.5899963378906,346.8299865722656,354.2300109863281,888900
2024-04-05,343.5638122558594,351.0199890136719,351.6700134277344,348.19000244140625,348.4800109863281,686600
2024-04-08,342.3207702636719,349.75,350.989990234375,347.4100036621094,350.4599914550781,786500
2024-04-09,343.4561462402344,350.9100036621094,351.2699890136719,347.4200134277344,351.1099853515625,946500
2024-04-10,339.9521789550781,347.3299865722656,351.0,345.7900085449219,348.1099853515625,646000
2024-04-11,338.9342956542969,346.2900085449219,349.4200134277344,344.1499938964844,349.1600036621094,822200
2024-04-12,334.78436279296875,342.04998779296875,344.1199951171875,339.30999755859375,342.8999938964844,1056800
2024-04-15,331.9263916015625,339.1300048828125,346.3299865722656,337.9700012207031,345.7900085449219,1087800
2024-04-16,330.48760986328125,337.6600036621094,341.42999267578125,334.19000244140625,341.1400146484375,1239300
2024-04-17,328.8922119140625,336.0299987792969,339.3999938964844,334.5899963378906,338.6099853515625,1066100
2024-04-18,320.4945373535156,327.45001220703125,337.0299987792969,326.5899963378906,336.07000732421875,2143600
2024-04-19,318.517333984375,325.42999267578125,330.3800048828125,324.67999267578125,330.3800048828125,1884200
2024-04-22,320.71954345703125,327.67999267578125,329.42999267578125,323.75,327.7099914550781,1688600
2024-04-23,327.7959899902344,334.9100036621094,335.1199951171875,327.0,328.54998779296875,1430500
2024-04-24,329.6947326660156,336.8500061035156,342.6000061035156,334.20001220703125,335.2799987792969,1515700
2024-04-25,329.9884338378906,337.1499938964844,337.8699951171875,333.3299865722656,335.8399963378906,1615300
2024-04-26,328.4810485839844,335.6099853515625,338.510009765625,334.44000244140625,335.19000244140625,1063800
2024-04-29,331.671875,338.8699951171875,340.4200134277344,334.6700134277344,334.6700134277344,1507400
2024-04-30,329.35223388671875,336.5,340.4100036621094,336.32000732421875,337.6499938964844,2480500
2024-05-01,321.1501770019531,328.1199951171875,335.7300109863281,320.7099914550781,333.5799865722656,2766900
2024-05-02,319.6918640136719,326.6300048828125,331.67999267578125,322.510009765625,331.67999267578125,1847000
2024-05-03,321.47320556640625,328.45001220703125,331.760009765625,326.70001220703125,328.6499938964844,1589300
2024-05-06,318.58587646484375,325.5,331.0,324.5899963378906,330.29998779296875,1722200
2024-05-07,325.0848693847656,332.1400146484375,332.3900146484375,326.6300048828125,327.92999267578125,1331200
2024-05-08,322.2856140136719,329.2799987792969,335.3999938964844,327.6000061035156,331.94000244140625,1214000
2024-05-09,323.8320007324219,330.8599853515625,332.75,329.2900085449219,330.4100036621094,980400
2024-05-10,323.55792236328125,330.5799865722656,332.82000732421875,330.1499938964844,331.79998779296875,1307900
2024-05-13,317.6658630371094,324.55999755859375,331.32000732421875,323.510009765625,331.32000732421875,1609600
2024-05-14,317.4113464355469,324.29998779296875,326.0199890136719,322.5,324.0899963378906,1712600
2024-05-15,324.9380187988281,331.989990234375,332.2200012207031,324.29998779296875,325.9100036621094,1989200
2024-05-16,326.88580322265625,333.9800109863281,335.0,331.3500061035156,332.0,1168500
2024-05-17,327.57086181640625,334.67999267578125,334.9800109863281,330.4599914550781,334.6000061035156,940500
2024-05-20,322.72601318359375,329.7300109863281,335.3299865722656,329.2099914550781,334.95001220703125,1217800
2024-05-21,323.4894714355469,330.510009765625,331.42999267578125,328.5799865722656,330.3500061035156,1256500
2024-05-22,328.295166015625,335.4200134277344,336.260009765625,332.4599914550781,333.57000732421875,1611500
2024-05-23,323.1077575683594,330.1199951171875,335.6099853515625,329.8699951171875,334.7900085449219,943300
2024-05-24,328.4126281738281,335.5400085449219,336.8500061035156,330.69000244140625,330.69000244140625,1230600
2024-05-28,332.1025390625,339.30999755859375,339.8900146484375,335.7699890136719,337.0,1872400
2024-05-29,333.8936767578125,341.1400146484375,344.8599853515625,336.20001220703125,336.69000244140625,1918900
2024-05-30,333.286865234375,340.5199890136719,342.54998779296875,338.9200134277344,340.5400085449219,1347100
2024-05-31,333.8446960449219,341.0899963378906,342.2300109863281,337.3500061035156,340.5199890136719,2175300
2024-06-03,332.18084716796875,339.3900146484375,341.1400146484375,336.8800048828125,339.3800048828125,1218300
2024-06-04,334.7353820800781,342.0,343.8299865722656,338.5299987792969,339.0,1729900
2024-06-05,338.6405944824219,345.989990234375,346.9100036621094,341.510009765625,342.0,1121600
2024-06-06,342.203369140625,349.6300048828125,349.94000244140625,344.5199890136719,346.44000244140625,1050400
2024-06-07,341.9096984863281,349.3299865722656,351.55999755859375,348.2200012207031,349.82000732421875,847200
2024-06-10,340.7743835449219,348.1700134277344,348.6700134277344,344.760009765625,348.0899963378906,898300
2024-06-11,339.04193115234375,346.3999938964844,348.42999267578125,341.04998779296875,347.9200134277344,1129000
2024-06-12,339.0517578125,346.4100036621094,349.92999267578125,345.1199951171875,348.0799865722656,835100
2024-06-13,335.7337341308594,343.0199890136719,347.3500061035156,341.7200012207031,345.2300109863281,939200
2024-06-14,337.652099609375,344.9800109863281,345.07000732421875,341.010009765625,343.6199951171875,746500
2024-06-17,337.3780517578125,344.70001220703125,345.20001220703125,341.739990234375,343.2099914550781,815800
2024-06-18,341.26373291015625,348.6700134277344,348.92999267578125,344.4599914550781,345.0,839600
2024-06-20,334.0992126464844,341.3500061035156,349.0,340.6700134277344,348.1400146484375,1670300
2024-06-21,335.3618469238281,342.6400146484375,343.2799987792969,339.4100036621094,343.2799987792969,1837100
2024-06-24,331.86761474609375,339.07000732421875,345.8299865722656,339.0199890136719,342.94000244140625,1040800
2024-06-25,332.3374328613281,339.54998779296875,340.760009765625,336.2699890136719,339.82000732421875,886200
2024-06-26,333.2770690917969,340.510009765625,341.7699890136719,336.1199951171875,338.1600036621094,1140400
2024-06-27,333.3064270019531,340.5400085449219,343.760009765625,339.45001220703125,341.3699951171875,723400
2024-06-28,333.8067932128906,340.25,342.760009765625,338.0799865722656,341.0,1894400
2024-07-01,330.1277770996094,336.5,344.94000244140625,335.489990234375,341.20001220703125,778900
2024-07-02,327.96942138671875,334.29998779296875,337.69000244140625,332.010009765625,335.4100036621094,844100
2024-07-03,325.7325744628906,332.0199890136719,334.7099914550781,331.760009765625,334.0,522400
2024-07-05,330.863525390625,337.25,337.3399963378906,330.20001220703125,334.2300109863281,1007900
2024-07-08,327.78302001953125,334.1099853515625,337.2099914550781,333.5,336.2699890136719,586000
2024-07-09,329.21539306640625,335.57000732421875,336.6600036621094,332.7900085449219,335.2799987792969,789600
2024-07-10,330.95184326171875,337.3399963378906,337.3900146484375,333.75,336.20001220703125,729600
2024-07-11,331.6876525878906,338.0899963378906,339.9200134277344,336.55999755859375,336.9200134277344,852700
2024-07-12,332.94342041015625,339.3699951171875,340.989990234375,336.20001220703125,338.07000732421875,835700
2024-07-15,322.338134765625,328.55999755859375,338.5799865722656,327.82000732421875,338.5299987792969,1363400
2024-07-16,327.11590576171875,333.42999267578125,333.760009765625,328.010009765625,328.8999938964844,1336400
2024-07-17,328.3030090332031,334.6400146484375,344.489990234375,331.2799987792969,332.80999755859375,1246300
2024-07-18,324.9575500488281,331.2300109863281,337.0799865722656,330.1700134277344,330.94000244140625,920400
2024-07-19,334.4935607910156,340.95001220703125,341.3900146484375,331.9700012207031,333.3699951171875,2421800
2024-07-22,335.9062194824219,342.3900146484375,344.19000244140625,339.3800048828125,342.1199951171875,1136600
2024-07-23,335.2586975097656,341.7300109863281,346.07000732421875,340.7900085449219,342.8299865722656,1245300
2024-07-24,333.9735412597656,340.4200134277344,342.6499938964844,337.9200134277344,342.1300048828125,1481400
2024-07-25,321.2392883300781,327.44000244140625,344.1400146484375,326.8699951171875,339.489990234375,1695400
2024-07-26,325.38922119140625,331.6700134277344,334.07000732421875,325.3399963378906,327.0,1680000
2024-07-29,326.96875,333.2799987792969,338.5199890136719,330.0799865722656,332.260009765625,1719100
2024-07-30,323.9667053222656,330.2200012207031,336.0799865722656,328.4800109863281,332.7900085449219,2427300
2024-07-31,321.2491760253906,327.45001220703125,334.4200134277344,320.0,330.5,3543100
2024-08-01,326.8608703613281,333.1700134277344,335.8999938964844,324.0899963378906,330.1400146484375,1630500
2024-08-02,325.2812805175781,331.55999755859375,333.5799865722656,324.010009765625,333.0,1738600
2024-08-05,309.9571228027344,315.94000244140625,330.7300109863281,314.92999267578125,330.7300109863281,2403300
2024-08-06,316.5596923828125,322.6700134277344,326.30999755859375,316.010009765625,317.80999755859375,2477800
2024-08-07,313.5478210449219,319.6000061035156,324.44000244140625,319.07000732421875,323.5199890136719,1350600
2024-08-08,319.81683349609375,325.989990234375,327.29998779296875,320.7799987792969,320.94000244140625,1019300
2024-08-09,321.6219177246094,327.8299865722656,328.489990234375,322.0299987792969,325.3800048828125,793800
2024-08-12,319.0417785644531,325.20001220703125,327.57000732421875,323.7300109863281,327.1300048828125,774100
2024-08-13,322.7599182128906,328.989990234375,330.1000061035156,325.3699951171875,325.9100036621094,913900
2024-08-14,326.380126953125,332.67999267578125,332.9200134277344,328.239990234375,329.17999267578125,909800
2024-08-15,327.8419494628906,334.1700134277344,337.45001220703125,332.9800109863281,334.2799987792969,1257600
2024-08-16,331.491455078125,337.8900146484375,338.3299865722656,333.260009765625,334.25,838700
2024-08-19,334.6014404296875,341.05999755859375,341.9800109863281,336.92999267578125,336.92999267578125,1062200
2024-08-20,336.4360046386719,342.92999267578125,344.0199890136719,340.9599914550781,342.55999755859375,772100
2024-08-21,338.7807922363281,345.32000732421875,345.44000244140625,342.5400085449219,343.989990234375,666800
2024-08-22,344.0784912109375,350.7200012207031,350.92999267578125,345.54998779296875,348.6700134277344,1143400
2024-08-23,346.59979248046875,353.2900085449219,354.0,350.1400146484375,351.45001220703125,966100
2024-08-26,347.5906982421875,354.29998779296875,355.8599853515625,352.92999267578125,353.5400085449219,884900
2024-08-27,351.72100830078125,358.510009765625,359.1300048828125,354.2699890136719,354.79998779296875,1131400
2024-08-28,349.40570068359375,356.1499938964844,359.1000061035156,353.6000061035156,359.0799865722656,1504900
2024-08-29,351.15191650390625,357.92999267578125,359.2699890136719,355.8999938964844,358.2900085449219,1107800
2024-08-30,353.5948181152344,360.4200134277344,360.82000732421875,356.0,359.1600036621094,1307600
2024-09-03,352.8099365234375,359.6199951171875,362.25,357.7900085449219,360.0400085449219,860600
2024-09-04,353.47705078125,360.29998779296875,364.3599853515625,356.7900085449219,360.1099853515625,806300
2024-09-05,351.2206115722656,358.0,360.29998779296875,354.17999267578125,359.239990234375,1213800
2024-09-06,352.1231689453125,358.9200134277344,361.05999755859375,355.7200012207031,358.6700134277344,1001300
2024-09-09,355.9101257324219,362.7799987792969,365.6099853515625,360.8599853515625,361.2200012207031,1439200
2024-09-10,358.1371765136719,365.04998779296875,365.9599914550781,362.7799987792969,364.9599914550781,921000
2024-09-11,359.4125061035156,366.3500061035156,366.69000244140625,358.4599914550781,364.4100036621094,1143900
2024-09-12,360.82525634765625,367.7900085449219,368.8900146484375,364.7099914550781,366.20001220703125,1487400
2024-09-13,363.2386474609375,370.25,374.239990234375,366.92999267578125,366.92999267578125,1114100
2024-09-16,364.9162292480469,371.9599914550781,374.6300048828125,370.010009765625,373.0,910100
2024-09-17,357.0579833984375,363.95001220703125,373.4800109863281,360.8299865722656,371.19000244140625,1399100
2024-09-18,354.5169982910156,361.3599853515625,365.8399963378906,359.6600036621094,363.1499938964844,938900
2024-09-19,358.1371765136719,365.04998779296875,366.70001220703125,362.6199951171875,365.6400146484375,994000
2024-09-20,357.90167236328125,364.80999755859375,366.5899963378906,362.6000061035156,364.82000732421875,1751600
2024-09-23,359.589111328125,366.5299987792969,368.739990234375,365.55999755859375,366.6099853515625,723100
2024-09-24,354.163818359375,361.0,365.57000732421875,359.3699951171875,365.57000732421875,1273600
2024-09-25,352.69219970703125,359.5,363.80999755859375,358.75,363.260009765625,854900
2024-09-26,354.5071716308594,361.3500061035156,363.5,358.30999755859375,362.0,1431800
2024-09-27,353.4476318359375,360.2699890136719,364.1300048828125,359.7699890136719,362.989990234375,814400
2024-09-30,355.2076721191406,361.260009765625,361.54998779296875,356.8399963378906,358.7300109863281,790700
2024-10-01,351.2845153808594,357.2699890136719,362.0,355.3599853515625,361.69000244140625,738900
2024-10-02,349.16064453125,355.1099853515625,356.94000244140625,351.29998779296875,354.9599914550781,830100
2024-10-03,345.7193298339844,351.6099853515625,355.2900085449219,350.7200012207031,354.92999267578125,850800
2024-10-04,345.3358154296875,351.2200012207031,354.42999267578125,347.80999755859375,352.3900146484375,676900
2024-10-07,339.3576965332031,345.1400146484375,349.9100036621094,343.95001220703125,349.9100036621094,1096100
2024-10-08,344.9131164550781,350.7900085449219,351.7200012207031,346.55999755859375,347.8399963378906,923200
2024-10-09,348.0299377441406,353.9599914550781,354.489990234375,349.04998779296875,350.6700134277344,861400
2024-10-10,347.4498291015625,353.3699951171875,356.0,351.7900085449219,355.0,740900
2024-10-11,349.6424865722656,355.6000061035156,358.8699951171875,352.92999267578125,355.0,787900
2024-10-14,353.6836242675781,359.7099914550781,360.9100036621094,354.8800048828125,356.54998779296875,698600
2024-10-15,352.9658203125,358.9800109863281,365.0199890136719,357.0899963378906,359.0199890136719,976000
2024-10-16,355.2568359375,361.30999755859375,362.3500061035156,356.1400146484375,358.3900146484375,796000
2024-10-17,353.70330810546875,359.7300109863281,364.5299987792969,359.0400085449219,362.6099853515625,820700
2024-10-18,363.3686218261719,369.55999755859375,371.1700134277344,360.2200012207031,361.1499938964844,1589600
2024-10-21,361.0973205566406,367.25,370.9700012207031,366.2099914550781,367.45001220703125,906600
2024-10-22,359.8878479003906,366.0199890136719,367.32000732421875,363.0899963378906,366.3800048828125,893500
2024-10-23,357.1544494628906,363.239990234375,366.9700012207031,360.8299865722656,364.7200012207031,1313400
2024-10-24,353.87042236328125,359.8999938964844,366.239990234375,359.8900146484375,364.5,708100
2024-10-25,346.9090576171875,352.82000732421875,361.6000061035156,351.2900085449219,358.489990234375,1244500
2024-10-28,350.04559326171875,356.010009765625,356.5199890136719,354.1499938964844,355.8699951171875,967700
2024-10-29,352.9953918457031,359.010009765625,362.3599853515625,353.45001220703125,354.0,2173500
2024-10-30,357.3413391113281,363.42999267578125,373.7300109863281,357.8999938964844,365.69000244140625,2242800
2024-10-31,350.31103515625,356.2799987792969,364.010009765625,355.55999755859375,360.7300109863281,1383900
2024-11-01,360.99896240234375,367.1499938964844,367.760009765625,357.7799987792969,358.1600036621094,1860500
2024-11-04,360.75311279296875,366.8999938964844,369.69000244140625,364.1300048828125,368.0,730100
2024-11-05,363.6635437011719,369.8599853515625,370.2900085449219,363.04998779296875,366.239990234375,1346500
2024-11-06,362.83758544921875,369.0199890136719,376.0400085449219,364.6199951171875,374.0,1366200
2024-11-07,363.6340637207031,369.8299865722656,370.3399963378906,366.1199951171875,370.3399963378906,867000
2024-11-08,369.661376953125,375.9599914550781,377.8299865722656,370.8299865722656,371.1099853515625,1009200
2024-11-11,372.51275634765625,378.8599853515625,381.5400085449219,376.1400146484375,377.4700012207031,966200
2024-11-12,380.62457275390625,387.1099853515625,388.1199951171875,380.55999755859375,381.4200134277344,1634100
2024-11-13,381.833984375,388.3399963378906,390.5899963378906,385.3399963378906,386.6700134277344,1685900
2024-11-14,376.8587341308594,383.2799987792969,392.70001220703125,382.3999938964844,389.5400085449219,1811800
2024-11-15,383.5447998046875,390.0799865722656,392.010009765625,380.2099914550781,381.989990234375,2874000
2024-11-18,382.876220703125,389.3999938964844,398.20001220703125,389.0299987792969,392.9700012207031,2054600
2024-11-19,382.16827392578125,388.67999267578125,392.30999755859375,385.8900146484375,386.92999267578125,1524200
2024-11-20,379.2185363769531,385.67999267578125,390.0,382.25,389.8500061035156,1098100
2024-11-21,383.6038513183594,390.1400146484375,390.3699951171875,384.57000732421875,387.19000244140625,1136200
2024-11-22,378.4024353027344,384.8500061035156,391.07000732421875,381.4800109863281,390.4100036621094,1069700
2024-11-25,378.4614562988281,384.9100036621094,388.42999267578125,379.5,386.2900085449219,2102800
2024-11-26,383.1810302734375,389.7099914550781,389.95001220703125,384.9100036621094,388.0,1014600
2024-11-27,381.6373291015625,388.1400146484375,391.3999938964844,387.82000732421875,389.1600036621094,1018000
2024-11-29,385.5801086425781,392.1499938964844,393.29998779296875,386.4599914550781,387.0299987792969,711200
2024-12-02,383.1024169921875,389.6300048828125,394.1400146484375,388.6700134277344,393.25,1216500
2024-12-03,384.4198913574219,390.9700012207031,391.8999938964844,386.4599914550781,389.489990234375,923700
2024-12-04,383.2301940917969,389.760009765625,392.2099914550781,387.9599914550781,390.75,707700
2024-12-05,376.0426940917969,382.45001220703125,388.7099914550781,379.82000732421875,387.17999267578125,1319500
2024-12-06,378.5695495605469,385.0199890136719,389.989990234375,383.0899963378906,383.0899963378906,1049400
2024-12-09,374.7250671386719,381.1099853515625,385.1499938964844,378.75,384.79998779296875,924900
2024-12-10,376.2687683105469,382.67999267578125,385.55999755859375,381.0899963378906,384.1199951171875,1281700
2024-12-11,369.8580017089844,376.1600036621094,386.6300048828125,375.260009765625,383.0199890136719,1214000
2024-12-12,368.7763977050781,375.05999755859375,378.0899963378906,374.6199951171875,377.0,846100
2024-12-13,368.32415771484375,374.6000061035156,376.489990234375,373.1499938964844,375.6199951171875,755800
2024-12-16,366.4560241699219,372.70001220703125,376.239990234375,372.45001220703125,375.0,1155500
2024-12-17,364.59765625,370.80999755859375,374.57000732421875,368.04998779296875,371.5799865722656,1540400
2024-12-18,353.1526794433594,359.1700134277344,371.9200134277344,358.489990234375,371.0,1618000
2024-12-19,351.15667724609375,357.1400146484375,363.05999755859375,356.29998779296875,359.30999755859375,1713400
2024-12-20,358.4916687011719,364.6000061035156,364.80999755859375,356.0,356.2300109863281,3146700
2024-12-23,360.35003662109375,366.489990234375,367.260009765625,362.44000244140625,364.7900085449219,1461400
2024-12-24,364.56817626953125,370.7799987792969,370.8299865722656,366.55999755859375,368.2799987792969,431000
2024-12-26,363.23095703125,369.4200134277344,370.6499938964844,367.4800109863281,368.239990234375,839200
2024-12-27,360.9596252441406,367.1099853515625,369.6700134277344,364.7900085449219,367.2300109863281,705500
2024-12-30,356.1908874511719,362.260009765625,364.1099853515625,358.6700134277344,362.8999938964844,813900
2024-12-31,354.8407287597656,360.04998779296875,364.5799865722656,358.239990234375,361.8999938964844,821800
2025-01-02,353.52996826171875,358.7200012207031,362.4800109863281,356.82000732421875,362.4800109863281,858300
2025-01-03,356.2894287109375,361.5199890136719,362.0,358.29998779296875,360.9700012207031,805500
2025-01-06,356.1317443847656,361.3599853515625,362.44000244140625,358.0199890136719,360.9599914550781,1269900
2025-01-07,350.0411682128906,355.17999267578125,362.4700012207031,351.8500061035156,362.1700134277344,1931600
2025-01-08,358.8321228027344,364.1000061035156,364.95001220703125,354.7300109863281,361.30999755859375,1534700
2025-01-10,360.3695373535156,365.6600036621094,368.82000732421875,361.1600036621094,361.6199951171875,1313800
2025-01-13,355.7572937011719,360.9800109863281,367.8500061035156,360.760009765625,363.6499938964844,1400800
2025-01-14,357.5509338378906,362.79998779296875,363.6099853515625,359.32000732421875,362.8299865722656,1175800
2025-01-15,363.27685546875,368.6099853515625,370.04998779296875,363.6600036621094,364.5299987792969,1529200
2025-01-16,376.2662048339844,381.7900085449219,381.82000732421875,372.07000732421875,372.07000732421875,1514900
2025-01-17,377.8726501464844,383.4200134277344,385.82000732421875,379.0,385.0,1727100
2025-01-21,390.1227722167969,395.8500061035156,396.2099914550781,387.8999938964844,389.6400146484375,2102100
2025-01-22,384.8403015136719,390.489990234375,395.0,388.8900146484375,394.1600036621094,1996600
2025-01-23,387.8067626953125,393.5,394.5899963378906,389.45001220703125,391.1199951171875,1389700
2025-01-24,388.6050109863281,394.30999755859375,394.67999267578125,389.82000732421875,390.04998779296875,1331700
2025-01-27,394.1141357421875,399.8999938964844,400.3399963378906,394.5400085449219,396.0,1582400
2025-01-28,389.432861328125,395.1499938964844,406.19000244140625,394.5899963378906,400.6099853515625,1993700
2025-01-29,385.4118957519531,391.07000732421875,396.7099914550781,386.7699890136719,395.0,3322100
2025-01-30,384.7811584472656,390.42999267578125,400.55999755859375,389.29998779296875,394.1499938964844,1683600
2025-01-31,385.6287536621094,391.2900085449219,397.55999755859375,390.0,391.1499938964844,1549100
2025-02-03,385.4809265136719,391.1400146484375,394.1300048828125,387.0,389.44000244140625,999000
2025-02-04,386.7128601074219,392.3900146484375,393.07000732421875,388.239990234375,389.3299865722656,1121500
2025-02-05,393.31585693359375,399.0899963378906,399.8500061035156,393.4200134277344,394.8900146484375,1011500
2025-02-06,390.339599609375,396.07000732421875,400.25,395.9100036621094,398.3999938964844,1124000
2025-02-07,385.73712158203125,391.3999938964844,397.2300109863281,390.6099853515625,396.0400085449219,1025800
2025-02-10,386.9197692871094,392.6000061035156,393.9599914550781,390.3699951171875,392.7900085449219,1334500
2025-02-11,384.8304748535156,390.4800109863281,393.45001220703125,389.0,390.7200012207031,881900
2025-02-12,380.0506286621094,385.6300048828125,389.7300109863281,382.0400085449219,386.7900085449219,1161400
2025-02-13,382.7510070800781,388.3699951171875,388.79998779296875,383.44000244140625,386.239990234375,916600
2025-02-14,379.6071472167969,385.17999267578125,391.489990234375,384.5,390.0299987792969,1267800
2025-02-18,380.0309143066406,385.6099853515625,385.7099914550781,379.3599853515625,383.0,1338400
2025-02-19,382.8988342285156,388.5199890136719,388.6300048828125,384.260009765625,384.5799865722656,827100
2025-02-20,380.8193664550781,386.4100036621094,388.0,383.29998779296875,387.6700134277344,930300
2025-02-21,377.2418518066406,382.7799987792969,387.5199890136719,380.1000061035156,382.8699951171875,1268400
2025-02-24,382.3075256347656,387.9200134277344,390.2799987792969,380.510009765625,381.9700012207031,1317400
2025-02-25,384.6530456542969,390.29998779296875,391.3699951171875,385.07000732421875,388.25,1665000
2025-02-26,386.0722351074219,391.739990234375,396.6700134277344,389.3399963378906,391.54998779296875,867800
2025-02-27,383.2733154296875,388.8999938964844,393.8399963378906,388.510009765625,390.3999938964844,997300
2025-02-28,380.6025390625,386.19000244140625,393.82000732421875,379.6099853515625,391.04998779296875,2855600
2025-03-03,389.16680908203125,394.8800048828125,397.32000732421875,388.3500061035156,390.3999938964844,1237600
2025-03-04,384.2785949707031,389.9200134277344,396.44000244140625,388.7699890136719,395.07000732421875,1687300
2025-03-05,389.965087890625,395.69000244140625,398.0,387.010009765625,387.75,1105000
2025-03-06,376.77862548828125,382.30999755859375,393.4700012207031,380.0,392.0400085449219,1263800
2025-03-07,373.8122253417969,379.29998779296875,381.0,367.45001220703125,379.94000244140625,1961800
2025-03-10,364.7650451660156,370.1199951171875,377.0899963378906,367.2900085449219,375.45001220703125,2162500
2025-03-11,360.00494384765625,365.2900085449219,369.5199890136719,363.1000061035156,369.5199890136719,1638700
2025-03-12,358.575927734375,363.8399963378906,371.1099853515625,361.3399963378906,368.3500061035156,1559100
2025-03-13,358.39849853515625,363.6600036621094,367.2799987792969,361.0299987792969,365.1400146484375,1965800
2025-03-14,364.1835632324219,369.5299987792969,371.760009765625,362.6099853515625,364.5799865722656,1797900
2025-03-17,368.0862731933594,373.489990234375,376.69000244140625,368.0,368.0899963378906,1236000
2025-03-18,370.47125244140625,375.9100036621094,376.7200012207031,372.7699890136719,374.0,1774900
2025-03-19,372.58026123046875,378.04998779296875,380.8900146484375,374.6099853515625,376.8800048828125,1554900
2025-03-20,368.80572509765625,374.2200012207031,378.260009765625,373.32000732421875,377.5,1509100
2025-03-21,365.74072265625,371.1099853515625,374.7900085449219,366.489990234375,371.3299865722656,2372300
2025-03-24,368.85498046875,374.2699890136719,377.2300109863281,372.6700134277344,373.5299987792969,1124300
2025-03-25,367.4752197265625,372.8699951171875,379.0400085449219,370.2200012207031,375.739990234375,865000
2025-03-26,362.4490661621094,367.7699890136719,372.6099853515625,359.989990234375,371.42999267578125,1657600
2025-03-27,362.22235107421875,367.5400085449219,370.0,365.489990234375,367.6099853515625,1138800
2025-03-28,359.2263488769531,364.5,368.510009765625,363.2799987792969,365.510009765625,1274300
2025-03-31,367.7116394042969,372.25,374.20001220703125,361.0299987792969,361.5299987792969,1924300
2025-04-01,368.7488098144531,373.29998779296875,374.0400085449219,366.6099853515625,369.2900085449219,1180900
2025-04-02,372.8581237792969,377.4599914550781,378.3500061035156,366.69000244140625,369.57000732421875,1801700
2025-04-03,363.6616516113281,368.1499938964844,374.55999755859375,361.5899963378906,367.9700012207031,3306100
2025-04-04,341.5841064453125,345.79998779296875,362.07000732421875,344.80999755859375,361.0799865722656,3956700
2025-04-07,341.12969970703125,345.3399963378906,357.5899963378906,329.1600036621094,335.25,4198700
2025-04-08,333.25689697265625,337.3699951171875,357.4700012207031,332.32000732421875,355.4700012207031,2053000
2025-04-09,358.5447692871094,362.9700012207031,364.3999938964844,330.0,335.0,3128700
2025-04-10,344.1425476074219,348.3900146484375,359.4599914550781,337.45001220703125,358.3299865722656,2669000
2025-04-11,346.0094909667969,350.2799987792969,353.1000061035156,341.739990234375,351.1499938964844,1767200
2025-04-14,349.1112060546875,353.4200134277344,358.0,349.1400146484375,354.75,1317900
2025-04-15,342.5718994140625,346.79998779296875,355.3900146484375,345.989990234375,354.8500061035156,1670400
2025-04-16,342.4435119628906,346.6700134277344,352.5799865722656,343.5799865722656,348.239990234375,1302900
2025-04-17,342.27557373046875,346.5,351.0400085449219,343.19000244140625,346.1700134277344,1349900
2025-04-21,335.4497985839844,339.5899963378906,345.6400146484375,335.1199951171875,344.7099914550781,1312500
2025-04-22,343.87579345703125,348.1199951171875,349.45001220703125,341.510009765625,342.1199951171875,1506800
2025-04-23,352.7562255859375,357.1099853515625,368.3699951171875,355.1000061035156,355.1099853515625,1521400
2025-04-24,356.6481628417969,361.04998779296875,361.3299865722656,354.4700012207031,358.6499938964844,1349800
2025-04-25,360.6092834472656,365.05999755859375,366.239990234375,359.3800048828125,360.6000061035156,1462600
2025-04-28,362.0218505859375,366.489990234375,368.95001220703125,363.9100036621094,366.989990234375,1223300
2025-04-29,366.39788818359375,370.9200134277344,372.32000732421875,365.80999755859375,366.9800109863281,1108300
2025-04-30,369.3612976074219,373.9200134277344,375.1600036621094,366.55999755859375,370.0,2251700
2025-05-01,369.4303894042969,373.989990234375,376.17999267578125,368.5400085449219,372.4200134277344,1634300
2025-05-02,373.6088562011719,378.2200012207031,379.3299865722656,363.0799865722656,373.8900146484375,3709100
2025-05-05,376.7105407714844,381.3599853515625,383.989990234375,373.05999755859375,377.8500061035156,1619400
2025-05-06,372.9173889160156,377.5199890136719,381.57000732421875,373.9800109863281,379.1300048828125,2082800
2025-05-07,379.3776550292969,384.05999755859375,384.5799865722656,376.29998779296875,377.4700012207031,1196100
2025-05-08,377.7971496582031,382.4599914550781,388.32000732421875,382.3599853515625,383.9599914550781,927000
2025-05-09,376.27593994140625,380.9200134277344,384.54998779296875,380.2799987792969,382.20001220703125,758800
2025-05-12,383.3486328125,388.0799865722656,392.4200134277344,386.5,389.07000732421875,1359300
2025-05-13,382.80535888671875,387.5299987792969,390.4599914550781,385.7799987792969,388.6700134277344,862600
2025-05-14,381.610107421875,386.32000732421875,388.0199890136719,384.760009765625,386.9599914550781,1107700
2025-05-15,387.41839599609375,392.20001220703125,392.6300048828125,384.5799865722656,388.5,1124400
2025-05-16,389.4039001464844,394.2099914550781,394.489990234375,389.6000061035156,393.1000061035156,1114000
2025-05-19,389.8780822753906,394.69000244140625,394.9200134277344,390.0,392.3500061035156,1072300
2025-05-20,384.80072021484375,389.54998779296875,393.32000732421875,387.989990234375,392.3399963378906,1047400
2025-05-21,375.12017822265625,379.75,388.6199951171875,379.1600036621094,387.54998779296875,1459700
2025-05-22,373.6681213378906,378.2799987792969,380.6199951171875,375.8599853515625,378.1400146484375,1049000
2025-05-23,372.02838134765625,376.6199951171875,379.5299987792969,371.2699890136719,375.54998779296875,1579800
2025-05-27,379.1010437011719,383.7799987792969,385.3999938964844,380.0,380.7200012207031,1099100
2025-05-28,375.7524108886719,380.3900146484375,385.3500061035156,379.7300109863281,381.9599914550781,1158200
2025-05-29,377.6884765625,382.3500061035156,384.6600036621094,378.4800109863281,381.2799987792969,840300
2025-05-30,377.9749755859375,382.6400146484375,384.1600036621094,378.4700012207031,381.79998779296875,1993100
2025-06-02,376.2166748046875,380.8599853515625,381.07000732421875,375.54998779296875,379.55999755859375,852700
2025-06-03,376.3648376464844,381.010009765625,382.1300048828125,377.6099853515625,378.94000244140625,1100400
2025-06-04,377.8860778808594,382.54998779296875,383.8299865722656,380.5899963378906,382.2799987792969,838100
2025-06-05,378.42938232421875,383.1000061035156,384.6000061035156,381.6600036621094,384.6000061035156,904800
2025-06-06,379.209716796875,383.8900146484375,388.69000244140625,382.79998779296875,385.4200134277344,709000
2025-06-09,377.61932373046875,382.2799987792969,384.0299987792969,377.6000061035156,383.510009765625,943500
2025-06-10,380.35552978515625,385.04998779296875,386.2900085449219,381.8399963378906,383.04998779296875,952200
2025-06-11,376.4339599609375,381.0799865722656,385.4200134277344,379.79998779296875,385.07000732421875,792300
2025-06-12,375.8511657714844,380.489990234375,381.5899963378906,378.0199890136719,381.2900085449219,877900
2025-06-13,372.7000732421875,377.29998779296875,382.3500061035156,376.7900085449219,377.2200012207031,876000
2025-06-16,372.52227783203125,377.1199951171875,381.6199951171875,375.9599914550781,379.1300048828125,965100
2025-06-17,368.8179931640625,373.3699951171875,376.989990234375,370.8500061035156,376.44000244140625,1338100
2025-06-18,368.7093200683594,373.260009765625,376.6400146484375,372.04998779296875,374.07000732421875,854700
2025-06-20,370.9812927246094,375.55999755859375,377.8999938964844,373.7799987792969,374.8900146484375,2014500
2025-06-23,374.5373840332031,379.1600036621094,379.489990234375,372.4800109863281,375.1300048828125,1281800
2025-06-24,381.7483825683594,386.4599914550781,388.1199951171875,377.6400146484375,381.79998779296875,1746000
2025-06-25,387.4480285644531,392.2300109863281,393.260009765625,385.2699890136719,385.2699890136719,1916000
2025-06-26,385.6403503417969,390.3999938964844,396.25,388.8599853515625,393.0,1473300
2025-06-27,388.7519226074219,393.54998779296875,396.1499938964844,390.04998779296875,390.3999938964844,2216600
2025-06-30,391.64251708984375,395.6300048828125,395.8699951171875,390.7099914550781,393.7699890136719,1151600
2025-07-01,392.7413635253906,396.739990234375,399.739990234375,392.5899963378906,394.7799987792969,1200600
2025-07-02,387.86102294921875,391.80999755859375,396.82000732421875,388.2099914550781,394.75,1134100
2025-07-03,391.2960510253906,395.2799987792969,395.5,390.30999755859375,393.6300048828125,536300
2025-07-07,388.5539855957031,392.510009765625,395.2699890136719,390.1700134277344,394.2200012207031,1310300
2025-07-08,385.5743103027344,389.5,393.7300109863281,388.6000061035156,390.0,1195300
2025-07-09,388.09857177734375,392.04998779296875,392.7900085449219,387.1400146484375,391.1099853515625,871900
2025-07-10,390.7911682128906,394.7699890136719,397.4599914550781,390.9100036621094,392.94000244140625,1167700
2025-07-11,385.5346984863281,389.4599914550781,392.989990234375,387.44000244140625,392.1000061035156,825100
2025-07-14,387.5145568847656,391.4599914550781,392.95001220703125,386.0400085449219,387.9200134277344,1266800
2025-07-15,386.6532897949219,390.5899963378906,392.7699890136719,387.6300048828125,392.7699890136719,1431900
2025-07-16,386.9305419921875,390.8699951171875,391.4200134277344,385.92999267578125,391.3800048828125,1067800
2025-07-17,384.9803466796875,388.8999938964844,392.04998779296875,385.19000244140625,389.1000061035156,1039900
2025-07-18,385.4753112792969,389.3999938964844,393.0,387.8599853515625,391.1700134277344,1716300
2025-07-21,383.4162902832031,387.32000732421875,391.55999755859375,386.6700134277344,388.05999755859375,791700
2025-07-22,391.1673583984375,395.1499938964844,395.70001220703125,389.5199890136719,389.6199951171875,1016400
2025-07-23,396.88909912109375,400.92999267578125,404.8699951171875,393.19000244140625,399.3999938964844,1464300
2025-07-24,392.66217041015625,396.6600036621094,402.6300048828125,396.29998779296875,401.1000061035156,1711800
2025-07-25,399.4629211425781,403.5299987792969,403.7900085449219,396.3999938964844,397.8299865722656,963600
2025-07-28,396.65155029296875,400.69000244140625,404.1400146484375,399.25,402.5899963378906,888400
2025-07-29,396.53271484375,400.57000732421875,403.9200134277344,399.30999755859375,402.0,970500
2025-07-30,396.37432861328125,400.4100036621094,403.2200012207031,398.0,398.75,1077200
2025-07-31,388.77178955078125,392.7300109863281,401.989990234375,392.07000732421875,398.2699890136719,2343800
2025-08-01,373.98236083984375,377.7900085449219,383.0899963378906,372.32000732421875,372.32000732421875,3012300
2025-08-04,377.64501953125,381.489990234375,384.4599914550781,378.2300109863281,378.8599853515625,1354500
2025-08-05,377.0213928222656,380.8599853515625,382.8299865722656,379.1300048828125,381.8299865722656,1049900
2025-08-06,371.16107177734375,374.94000244140625,381.239990234375,374.32000732421875,381.1300048828125,1478000
2025-08-07,372.5766296386719,376.3699951171875,381.3399963378906,373.7200012207031,377.0,1192100
2025-08-08,373.7744140625,377.5799865722656,379.80999755859375,376.05999755859375,377.0,972300
2025-08-11,372.8736267089844,376.6700134277344,379.2900085449219,375.2699890136719,377.25,1129400
2025-08-12,372.814208984375,376.6099853515625,379.1700134277344,374.67999267578125,377.489990234375,960200
2025-08-13,375.1306457519531,378.95001220703125,379.3299865722656,374.5299987792969,378.4599914550781,1506700
2025-08-14,374.7049560546875,378.5199890136719,379.44000244140625,374.5199890136719,378.3399963378906,1622500
2025-08-15,378.060791015625,381.9100036621094,383.1400146484375,378.70001220703125,380.760009765625,1070800
2025-08-18,377.7638244628906,381.6099853515625,382.989990234375,380.57000732421875,382.05999755859375,1102200
2025-08-19,386.0098571777344,389.94000244140625,390.29998779296875,380.239990234375,380.9200134277344,1776500
2025-08-20,387.9204406738281,391.8699951171875,395.3699951171875,390.1099853515625,391.67999267578125,1388300
2025-08-21,380.95135498046875,384.8299865722656,390.9100036621094,384.5799865722656,389.95001220703125,1117300
2025-08-22,390.24676513671875,394.2200012207031,395.2300109863281,384.3299865722656,385.75,896100
2025-08-25,386.9404296875,390.8800048828125,395.3500061035156,389.3500061035156,393.6700134277344,972900
2025-08-26,390.3556213378906,394.3299865722656,394.9599914550781,389.7099914550781,391.20001220703125,1059800
2025-08-27,389.1875305175781,393.1499938964844,395.1099853515625,391.6700134277344,394.3399963378906,648800
2025-08-28,385.7425842285156,389.6700134277344,392.5,387.9200134277344,390.6499938964844,1028600
2025-08-29,387.465087890625,391.4100036621094,391.989990234375,388.3500061035156,389.7699890136719,672500
2025-09-02,386.0098571777344,389.94000244140625,390.8999938964844,386.010009765625,388.9200134277344,1141000
2025-09-03,384.6438293457031,388.55999755859375,391.3999938964844,384.25,389.8800048828125,898000
2025-09-04,390.36553955078125,394.3399963378906,396.8599853515625,386.80999755859375,389.1199951171875,1040200
2025-09-05,388.35595703125,392.30999755859375,396.3699951171875,389.6400146484375,394.0,1094100
2025-09-08,389.1479187011719,393.1099853515625,393.5299987792969,388.1600036621094,390.9800109863281,854500
2025-09-09,388.8014831542969,392.760009765625,395.8999938964844,390.3900146484375,392.8999938964844,1024700
2025-09-10,379.110107421875,382.9700012207031,392.95001220703125,381.510009765625,392.95001220703125,931700
2025-09-11,384.8714904785156,388.7900085449219,389.3699951171875,382.95001220703125,383.2200012207031,861300
2025-09-12,379.4764099121094,383.3399963378906,387.79998779296875,382.7099914550781,386.0400085449219,985300
2025-09-15,373.3091735839844,377.1099853515625,386.5199890136719,376.6600036621094,383.7799987792969,843000
2025-09-16,372.82415771484375,376.6199951171875,378.5899963378906,375.0,375.489990234375,1251200
2025-09-17,373.0815124511719,376.8800048828125,381.19000244140625,374.7699890136719,376.6000061035156,949400
2025-09-18,374.0318298339844,377.8399963378906,378.1499938964844,373.2699890136719,374.69000244140625,1531700
2025-09-19,373.031982421875,376.8299865722656,380.3999938964844,376.30999755859375,379.0799865722656,1924300
2025-09-22,374.40802001953125,378.2200012207031,381.6199951171875,374.1199951171875,375.6499938964844,2095300
2025-09-23,369.75537109375,373.5199890136719,378.69000244140625,372.0799865722656,376.6700134277344,1865300
2025-09-24,367.4785461425781,371.2200012207031,374.17999267578125,369.3999938964844,372.80999755859375,1684700
2025-09-25,364.855224609375,368.57000732421875,369.3800048828125,362.0,367.8999938964844,1752400
2025-09-26,365.30072021484375,369.0199890136719,372.29998779296875,368.57000732421875,370.3900146484375,964900
2025-09-29,366.1520690917969,369.8800048828125,369.8900146484375,365.0400085449219,368.6499938964844,1404800
2025-09-30,366.77716064453125,369.6700134277344,371.25,365.8999938964844,369.17999267578125,1673800
2025-10-01,361.30029296875,364.1499938964844,371.1700134277344,352.6499938964844,370.0899963378906,3205800
2025-10-02,363.5326843261719,366.3999938964844,366.79998779296875,359.17999267578125,361.6600036621094,1641700
2025-10-03,367.6006164550781,370.5,373.2200012207031,366.80999755859375,367.29998779296875,1078500
2025-10-06,363.4136657714844,366.2799987792969,373.5,365.0,371.010009765625,1721800
2025-10-07,366.3504943847656,369.239990234375,370.0,364.92999267578125,367.0899963378906,1393200
2025-10-08,372.3531494140625,375.2900085449219,375.80999755859375,369.3399963378906,370.1300048828125,1835000
2025-10-09,367.302978515625,370.20001220703125,376.9100036621094,369.80999755859375,375.9100036621094,1746200
2025-10-10,361.746826171875,364.6000061035156,371.79998779296875,364.6000061035156,370.29998779296875,1261200
2025-10-13,362.0643310546875,364.9200134277344,370.6000061035156,363.3699951171875,363.9599914550781,1134800
2025-10-14,367.10455322265625,370.0,372.95001220703125,364.2699890136719,364.29998779296875,1288200
2025-10-15,366.85650634765625,369.75,373.0400085449219,367.32000732421875,369.57000732421875,1489000
2025-10-16,366.36041259765625,369.25,372.8800048828125,366.4700012207031,370.239990234375,1126000
2025-10-17,371.4899597167969,374.4200134277344,374.7799987792969,368.30999755859375,369.510009765625,1129700
2025-10-20,378.2367248535156,381.2200012207031,382.7200012207031,370.94000244140625,375.70001220703125,1417300
2025-10-21,376.78814697265625,379.760009765625,383.1199951171875,377.239990234375,381.2200012207031,1062100
2025-10-22,385.3109436035156,388.3500061035156,392.54998779296875,383.5299987792969,385.6099853515625,1789400
2025-10-23,380.0623474121094,383.05999755859375,388.6099853515625,378.7200012207031,387.0,1352700
2025-10-24,378.8022766113281,381.7900085449219,384.80999755859375,379.2099914550781,384.79998779296875,1143200
2025-10-27,380.7171936035156,383.7200012207031,383.9100036621094,379.5400085449219,382.8599853515625,1179900
2025-10-28,372.9881286621094,375.92999267578125,383.05999755859375,375.70001220703125,382.3999938964844,1325100
2025-10-29,366.69775390625,369.5899963378906,375.30999755859375,367.57000732421875,375.2799987792969,1451400
2025-10-30,366.092529296875,368.9800109863281,372.3999938964844,368.0,368.92999267578125,1768100
2025-10-31,353.4521789550781,356.239990234375,369.42999267578125,355.7300109863281,363.70001220703125,2750300
2025-11-03,355.357177734375,358.1600036621094,360.6499938964844,353.8599853515625,356.6000061035156,1877800
2025-11-04,359.7723693847656,362.6099853515625,363.7200012207031,355.1000061035156,358.29998779296875,1801600
2025-11-05,354.87103271484375,357.6700134277344,364.9200134277344,353.4800109863281,362.5,2110200
2025-11-06,351.0412292480469,353.80999755859375,356.0899963378906,349.1600036621094,354.32000732421875,2732100
2025-11-07,353.243896484375,356.0299987792969,357.5,352.5,354.6300048828125,1523200
2025-11-10,352.24176025390625,355.0199890136719,355.29998779296875,351.239990234375,354.3999938964844,1868800
2025-11-11,360.8538513183594,363.70001220703125,364.07000732421875,354.07000732421875,356.05999755859375,2228000
2025-11-12,364.4653625488281,367.3399963378906,370.6099853515625,362.79998779296875,364.1000061035156,1678200
2025-11-13,370.497802734375,373.4200134277344,375.989990234375,364.79998779296875,364.79998779296875,2589200
2025-11-14,359.38543701171875,362.2200012207031,373.4100036621094,362.1499938964844,371.82000732421875,1913200
2025-11-17,357.3117980957031,360.1300048828125,363.6600036621094,357.5,362.1000061035156,2018700
2025-11-18,356.70654296875,359.5199890136719,365.25,357.4599914550781,360.1300048828125,1760800
2025-11-19,361.37969970703125,364.2300109863281,364.6400146484375,358.3599853515625,359.5199890136719,1696700
2025-11-20,357.6590270996094,360.4800109863281,369.55999755859375,360.010009765625,365.9700012207031,1381400
2025-11-21,365.3880615234375,368.2699890136719,371.0,361.19000244140625,363.05999755859375,1460200
2025-11-24,367.32281494140625,370.2200012207031,372.0,367.3900146484375,368.4100036621094,1927600
2025-11-25,372.144775390625,375.0799865722656,376.6199951171875,371.0,372.70001220703125,1374900
2025-11-26,369.37664794921875,372.2900085449219,376.45001220703125,370.3999938964844,376.45001220703125,2021100
2025-11-28,368.2752990722656,371.17999267578125,373.6000061035156,371.1700134277344,372.6400146484375,641300
2025-12-01,369.4064025878906,372.32000732421875,374.1000061035156,369.0,369.4200134277344,1637600
2025-12-02,363.8105163574219,366.67999267578125,373.0,364.489990234375,372.42999267578125,1561100
2025-12-03,363.08624267578125,365.95001220703125,369.2200012207031,365.5,366.9599914550781,939800
2025-12-04,361.498779296875,364.3500061035156,367.6199951171875,362.3800048828125,366.5,1628400
2025-12-05,361.17132568359375,364.0199890136719,368.239990234375,361.95001220703125,365.5199890136719,1415600
2025-12-08,350.8328552246094,353.6000061035156,363.739990234375,351.5,363.6000061035156,1933400
2025-12-09,346.4970703125,349.2300109863281,357.6400146484375,348.7799987792969,355.45001220703125,1481600
2025-12-10,351.03131103515625,353.79998779296875,354.30999755859375,347.260009765625,348.2799987792969,2160900
2025-12-11,350.20782470703125,352.9700012207031,361.0,352.6499938964844,355.4700012207031,1550500
2025-12-12,351.31903076171875,354.0899963378906,356.3999938964844,352.3699951171875,353.8999938964844,1400400
2025-12-15,352.52947998046875,355.30999755859375,356.2099914550781,351.1099853515625,354.5199890136719,2144000
2025-12-16,348.93780517578125,351.69000244140625,354.989990234375,349.54998779296875,354.989990234375,2352900
2025-12-17,349.82086181640625,352.5799865722656,357.1600036621094,351.1499938964844,352.4599914550781,1967100
2025-12-18,350.3466796875,353.1099853515625,359.80999755859375,352.7300109863281,353.8399963378906,1968300
2025-12-19,352.4203796386719,355.20001220703125,358.2799987792969,352.94000244140625,354.79998779296875,2757800
2025-12-22,353.73004150390625,356.5199890136719,357.6700134277344,353.5,353.6099853515625,2273800
2025-12-23,352.0433349609375,354.82000732421875,356.5199890136719,353.95001220703125,355.1400146484375,905200
2025-12-24,351.9639587402344,354.739990234375,355.9800109863281,354.3699951171875,354.3699951171875,787300
2025-12-26,351.4480285644531,354.2200012207031,355.6499938964844,353.010009765625,354.6499938964844,674400
2025-12-29,349.7414855957031,352.5,355.95001220703125,351.30999755859375,355.0799865722656,1435400
2025-12-30,351.34881591796875,354.1199951171875,355.0899963378906,351.0,351.5,854200
2025-12-31,349.5882873535156,351.4700012207031,354.3599853515625,351.1499938964844,353.92999267578125,1196400
2026-01-02,346.3158874511719,348.17999267578125,351.54998779296875,345.7200012207031,351.2799987792969,2102300
2026-01-05,346.9226379394531,348.7900085449219,351.57000732421875,344.6300048828125,345.1099853515625,1938100
2026-01-06,364.4284362792969,366.3900146484375,367.0400085449219,349.0,350.8900146484375,2279700
2026-01-07,365.7811279296875,367.75,368.2200012207031,363.9800109863281,367.67999267578125,2174800
2026-01-08,365.2440185546875,367.2099914550781,370.8800048828125,364.1099853515625,364.8399963378906,1682100
2026-01-09,365.572265625,367.5400085449219,370.75,365.9200134277344,367.9700012207031,2001900
2026-01-12,359.435302734375,361.3699951171875,367.19000244140625,358.1700134277344,366.44000244140625,1926600
2026-01-13,353.9150085449219,355.82000732421875,361.8999938964844,351.6700134277344,361.0,1820500
2026-01-14,357.46588134765625,359.3900146484375,359.3900146484375,350.0199890136719,353.0299987792969,1795000
2026-01-15,360.5492858886719,362.489990234375,364.4100036621094,356.6499938964844,358.6300048828125,1690700
2026-01-16,361.8323669433594,363.7799987792969,365.44000244140625,360.239990234375,361.5899963378906,2177800
2026-01-20,357.6846923828125,359.6099853515625,365.0,358.3900146484375,359.80999755859375,2040600
2026-01-21,360.99688720703125,362.94000244140625,365.29998779296875,360.0799865722656,361.6300048828125,1969600
2026-01-22,356.749755859375,358.6700134277344,364.9800109863281,358.3699951171875,362.9200134277344,1731400
2026-01-23,353.1391906738281,355.0400085449219,358.5899963378906,350.8299865722656,357.1300048828125,1846900
2026-01-26,355.0688171386719,356.9800109863281,358.69000244140625,354.6199951171875,355.2900085449219,1715700
2026-01-27,352.67169189453125,354.57000732421875,357.9200134277344,354.04998779296875,355.010009765625,1396000
2026-01-28,355.9142150878906,357.8299865722656,359.739990234375,352.4800109863281,353.5400085449219,2026200
2026-01-29,352.4031066894531,354.29998779296875,359.9599914550781,350.32000732421875,357.29998779296875,2224500
2026-01-30,367.5814208984375,369.55999755859375,375.9200134277344,363.4800109863281,369.1000061035156,3319700
2026-02-02,366.1690673828125,368.1400146484375,369.6099853515625,363.9200134277344,367.92999267578125,1875800
2026-02-03,358.88824462890625,360.82000732421875,371.8999938964844,358.7900085449219,368.1099853515625,2041400
2026-02-04,358.7290954589844,360.6600036621094,369.1099853515625,357.7300109863281,360.1499938964844,3862500
2026-02-05,360.47967529296875,362.4200134277344,368.0799865722656,360.7900085449219,362.67999267578125,3032300
2026-02-06,356.37176513671875,358.2900085449219,364.80999755859375,354.4800109863281,361.70001220703125,2002100
2026-02-09,354.173583984375,356.0799865722656,357.2200012207031,349.3699951171875,354.45001220703125,2336500
2026-02-10,359.126953125,361.05999755859375,369.30999755859375,357.44000244140625,358.4700012207031,2448300
2026-02-11,361.7528076171875,363.70001220703125,364.1000061035156,355.7799987792969,360.3699951171875,1949300
2026-02-12,363.8913269042969,365.8500061035156,372.04998779296875,365.05999755859375,365.5899963378906,2126800
2026-02-13,364.0902099609375,366.04998779296875,378.0899963378906,364.25,369.7099914550781,2339800
2026-02-17,367.2034606933594,369.17999267578125,374.7900085449219,367.94000244140625,369.6499938964844,2313500
2026-02-18,375.2998962402344,377.32000732421875,377.3399963378906,366.1000061035156,367.6499938964844,2670000
2026-02-19,370.66485595703125,372.6600036621094,376.95001220703125,368.8999938964844,374.69000244140625,1487500
2026-02-20,378.1943054199219,380.2300109863281,381.3900146484375,370.1499938964844,374.5,1806700
2026-02-23,382.6702575683594,384.7300109863281,388.2099914550781,379.760009765625,380.2900085449219,1765800
2026-02-24,379.28839111328125,381.3299865722656,385.9599914550781,379.1300048828125,384.2699890136719,1325900
2026-02-25,381.9739685058594,384.0299987792969,386.55999755859375,379.4599914550781,379.57000732421875,1013600
2026-02-26,383.99310302734375,386.05999755859375,388.3900146484375,382.45001220703125,386.239990234375,1060500
2026-02-27,385.3855895996094,387.4599914550781,388.6700134277344,381.75,382.57000732421875,1790000
2026-03-02,384.9479675292969,387.0199890136719,389.3299865722656,383.010009765625,383.5,1868600
2026-03-03,382.5309753417969,384.5899963378906,385.989990234375,376.3800048828125,383.989990234375,1406000
2026-03-04,379.8454284667969,381.8900146484375,384.510009765625,380.8699951171875,382.9200134277344,1661200
2026-03-05,368.5163879394531,370.5,377.489990234375,368.44000244140625,377.1300048828125,1974200
2026-03-06,362.6081848144531,364.55999755859375,368.25,356.25,366.57000732421875,1569900
2026-03-09,363.9609375,365.9200134277344,367.42999267578125,356.94000244140625,360.760009765625,1842900
2026-03-10,356.7298583984375,358.6499938964844,364.8999938964844,357.75,364.6099853515625,1428200
2026-03-11,343.92877197265625,345.7799987792969,359.75,339.489990234375,358.489990234375,4077000
2026-03-12,335.40460205078125,337.2099914550781,346.6600036621094,328.2300109863281,343.8500061035156,3547900
2026-03-13,334.96697998046875,336.7699890136719,344.3999938964844,335.739990234375,341.0,2272500
2026-03-16,347.6885070800781,349.55999755859375,350.3399963378906,339.1000061035156,340.5899963378906,2870900
2026-03-17,347.24090576171875,349.1099853515625,355.75,348.82000732421875,350.510009765625,2519400
2026-03-18,343.9585876464844,345.80999755859375,349.3299865722656,341.0,345.3500061035156,2433700
2026-03-19,337.94097900390625,339.760009765625,347.0799865722656,339.6099853515625,342.9599914550781,2332400
2026-03-20,333.8728942871094,335.6700134277344,342.2900085449219,334.32000732421875,340.20001220703125,2876200
2026-03-23,330.8093566894531,332.5899963378906,341.19000244140625,332.3800048828125,337.25,2401800
2026-03-24,326.751220703125,328.510009765625,331.6199951171875,327.2099914550781,331.2200012207031,2544600
2026-03-25,325.8957824707031,327.6499938964844,334.2300109863281,324.92999267578125,332.739990234375,1934300
2026-03-26,330.8988952636719,332.67999267578125,339.6700134277344,325.6300048828125,325.67999267578125,2219600
2026-03-27,325.68695068359375,327.44000244140625,335.0400085449219,325.7200012207031,332.6499938964844,1787100
2026-03-30,324.3541259765625,326.1000061035156,331.9599914550781,324.4800109863281,329.7099914550781,1944900
2026-03-31,327.7151184082031,328.5899963378906,328.94000244140625,319.32000732421875,327.0,2391400
2026-04-01,328.5229797363281,329.3999938964844,331.57000732421875,326.54998779296875,329.2799987792969,1657200
2026-04-02,330.65728759765625,331.5400085449219,332.989990234375,324.0299987792969,327.0,1485700
2026-04-06,331.4152526855469,332.29998779296875,334.4200134277344,330.2200012207031,330.9100036621094,1332400
2026-04-07,331.1858825683594,332.07000732421875,333.17999267578125,327.70001220703125,330.25,1660100
2026-04-08,339.104736328125,340.010009765625,341.2900085449219,336.2900085449219,336.2900085449219,1731000
2026-04-09,338.237060546875,339.1400146484375,339.94000244140625,334.2200012207031,338.1600036621094,1393500
2026-04-10,338.24700927734375,339.1499938964844,345.17999267578125,337.0299987792969,342.8900146484375,1733700
2026-04-13,346.3154602050781,347.239990234375,347.54998779296875,339.2900085449219,341.0,2590400
2026-04-14,344.9591064453125,345.8800048828125,352.79998779296875,345.510009765625,347.8399963378906,2304800
2026-04-15,340.3314514160156,341.239990234375,348.2699890136719,341.0400085449219,346.7099914550781,2066000
2026-04-16,337.47906494140625,338.3800048828125,342.7799987792969,336.5199890136719,340.7200012207031,1609600
2026-04-17,342.4059143066406,343.32000732421875,347.5199890136719,341.05999755859375,342.0199890136719,2477900
2026-04-20,337.4391784667969,338.3399963378906,344.6199951171875,337.3500061035156,342.8699951171875,1158700
2026-04-21,326.4285583496094,327.29998779296875,339.3900146484375,326.94000244140625,338.29998779296875,1690500
2026-04-22,328.4731140136719,329.3500061035156,335.4200134277344,327.75,327.75,2328500
2026-04-23,328.7723083496094,329.6499938964844,333.239990234375,324.8999938964844,329.0,1248400
2026-04-24,326.6380310058594,327.510009765625,334.5899963378906,325.0,327.989990234375,1675300
2026-04-27,328.134033203125,329.010009765625,330.94000244140625,325.5,326.5899963378906,2022700
2026-04-28,320.5741882324219,321.42999267578125,332.2699890136719,320.1199951171875,331.3900146484375,2017600
2026-04-29,314.2909851074219,315.1300048828125,319.7900085449219,311.30999755859375,319.32000732421875,2936500
2026-04-30,314.2909851074219,315.1300048828125,317.8399963378906,313.0,314.1499938964844,2754300
2026-05-01,293.9453125,294.7300109863281,313.3399963378906,294.54998779296875,313.3399963378906,4519500
2026-05-04,290.10552978515625,290.8800048828125,297.3800048828125,290.2200012207031,294.6499938964844,3089800
2026-05-05,294.4638977050781,295.25,297.239990234375,290.1700134277344,291.2900085449219,3454500
2026-05-06,291.5516662597656,292.3299865722656,297.6199951171875,289.9100036621094,297.6199951171875,3033300
2026-05-07,293.4466247558594,294.2300109863281,298.7300109863281,292.4800109863281,292.9599914550781,2648700
2026-05-08,284.7099304199219,285.4700012207031,294.9100036621094,284.95001220703125,294.0,2136100
2026-05-11,281.82763671875,282.5799865722656,286.3399963378906,281.0,285.55999755859375,2619800
2026-05-12,293.6660461425781,294.45001220703125,296.3800048828125,284.75,285.79998779296875,3371300
2026-05-13,301.2856750488281,302.0899963378906,303.7300109863281,290.0,290.4599914550781,3800300
2026-05-14,304.69659423828125,305.510009765625,306.79998779296875,298.4700012207031,301.2300109863281,3178200
2026-05-15,305.9432678222656,306.760009765625,311.0799865722656,306.1199951171875,309.8900146484375,3594900
2026-05-18,312.38604736328125,313.2200012207031,314.82000732421875,305.0,307.0,3515100
2026-05-19,316.90399169921875,317.75,318.7300109863281,310.2300109863281,313.54998779296875,3575800
2026-05-20,320.634033203125,321.489990234375,322.8699951171875,313.9800109863281,318.2099914550781,3020300
2026-05-21,312.6653137207031,313.5,322.0,313.05999755859375,317.9800109863281,2890700
2026-05-22,315.63739013671875,316.4800109863281,318.8999938964844,312.42999267578125,313.5,1893100
2026-05-26,312.1666564941406,313.0,315.69000244140625,310.3500061035156,314.5199890136719,2834600
2026-05-27,305.1254577636719,305.94000244140625,315.67999267578125,300.2099914550781,314.760009765625,3672800
2026-05-28,306.8109436035156,307.6300048828125,310.510009765625,303.07000732421875,305.5899963378906,2439000
2026-05-29,304.2777099609375,305.0899963378906,309.0799865722656,304.0,307.5,6064600
2026-06-01,298.6626892089844,299.4599914550781,305.32000732421875,297.8800048828125,303.7699890136719,2950200
2026-06-02,292.5190734863281,293.29998779296875,297.05999755859375,290.9599914550781,296.5400085449219,2995600
2026-06-03,294.2145690917969,295.0,297.5199890136719,291.739990234375,295.0,2188700
2026-06-04,300.40802001953125,301.2099914550781,306.45001220703125,298.0199890136719,299.989990234375,2476600
2026-06-05,304.84619140625,305.6600036621094,311.0,303.760009765625,305.6099853515625,2123100
2026-06-08,300.7271728515625,301.5299987792969,304.9800109863281,301.45001220703125,302.739990234375,1676900
2026-06-09,313.1739501953125,314.010009765625,315.1600036621094,302.5,303.260009765625,2701700
2026-06-10,308.0177307128906,308.8399963378906,315.4700012207031,306.9700012207031,314.7200012207031,1678400
2026-06-11,304.8262634277344,305.6400146484375,309.9800109863281,302.6700134277344,307.3999938964844,2030200
2026-06-12,311.3687744140625,312.20001220703125,314.2699890136719,306.3900146484375,308.2799987792969,3182300
2026-06-15,307.1201171875,307.94000244140625,312.30999755859375,306.6700134277344,310.19000244140625,2444400
2026-06-16,309.7530822753906,310.5799865722656,311.5,305.79998779296875,309.239990234375,1754700
2026-06-17,300.3382263183594,301.1400146484375,310.7099914550781,299.19000244140625,308.0,2930400
2026-06-18,306.98046875,307.79998779296875,311.5400085449219,299.3599853515625,301.19000244140625,3427700
2026-06-22,303.8787841796875,304.69000244140625,311.82000732421875,303.510009765625,307.57000732421875,2395500
2026-06-23,309.17462158203125,310.0,311.67999267578125,304.0400085449219,308.7799987792969,2260500
2026-06-24,312.8448181152344,313.67999267578125,319.5400085449219,311.54998779296875,312.80999755859375,2947400
2026-06-25,315.2683410644531,316.1099853515625,322.25,314.0,316.0199890136719,2299700
2026-06-26,331.82415771484375,332.7099914550781,333.82000732421875,317.75,317.75,5507800
2026-06-29,329.6399841308594,330.5199890136719,334.75,329.25,333.07000732421875,2810000
2026-06-30,314.8399963378906,314.8399963378906,327.0,311.19000244140625,326.6099853515625,2955800
2026-07-01,313.3900146484375,313.3900146484375,319.0199890136719,309.2300109863281,317.1600036621094,2917800
2026-07-02,326.5400085449219,326.5400085449219,327.760009765625,307.489990234375,317.0400085449219,2609800
2026-07-06,324.7300109863281,324.7300109863281,327.760009765625,318.0299987792969,327.5,2141100
2026-07-07,329.739990234375,329.739990234375,333.989990234375,324.5400085449219,328.8999938964844,2573100
2026-07-08,326.8500061035156,326.8500061035156,330.7300109863281,325.510009765625,328.7799987792969,2319700
2026-07-09,327.1099853515625,327.1099853515625,330.2200012207031,321.7900085449219,325.6400146484375,1947200
2026-07-10,329.7799987792969,329.7799987792969,331.5799865722656,327.0,328.05999755859375,2724600
2026-07-13,331.45001220703125,331.45001220703125,336.1499938964844,329.1000061035156,330.17999267578125,2217700
2026-07-14,311.07000732421875,311.07000732421875,319.55999755859375,306.5299987792969,319.55999755859375,4052800
2026-07-15,316.44000244140625,316.44000244140625,317.489990234375,310.3599853515625,313.0,2722200
2026-07-16,331.20001220703125,331.20001220703125,335.8599853515625,318.760009765625,320.1199951171875,2305700
2026-07-17,319.8699951171875,319.8699951171875,329.260009765625,318.0799865722656,328.8999938964844,2459700
2026-07-20,319.1400146484375,319.1400146484375,322.1600036621094,317.19000244140625,319.2300109863281,1632700
2026-07-21,314.5799865722656,314.5799865722656,316.739990234375,311.45001220703125,314.1499938964844,1412600
2026-07-22,309.239990234375,309.239990234375,316.989990234375,309.1199951171875,315.05999755859375,2152300
2026-07-23,318.9700012207031,318.9700012207031,319.3800048828125,306.8999938964844,310.17999267578125,2509000
2026-07-24,330.25,330.25,330.80999755859375,324.0199890136719,325.0799865722656,2372600
2026-07-27,336.739990234375,336.739990234375,338.7900085449219,331.9200134277344,332.82000732421875,2069900
2026-07-28,346.6000061035156,346.6000061035156,352.4599914550781,344.010009765625,346.6600036621094,2751800
2026-07-29,352.25,352.25,352.489990234375,342.9200134277344,344.1199951171875,1857400
2026-07-30,348.0400085449219,348.0400085449219,351.489990234375,344.3999938964844,349.7300109863281,2767300
2026-07-31,325.70001220703125,325.70001220703125,334.4599914550781,317.6199951171875,330.1000061035156,4536500
2026-08-03,341.20001220703125,341.20001220703125,342.0400085449219,330.6000061035156,332.94000244140625,2627600
2026-08-04,335.9599914550781,335.9599914550781,339.6499938964844,331.5899963378906,336.0400085449219,3180100
2026-08-05,337.0299987792969,337.0299987792969,339.0,330.1600036621094,336.1000061035156,2031500
2026-08-06,337.42999267578125,337.42999267578125,343.8699951171875,334.239990234375,340.45001220703125,1803200
2026-08-07,339.0299987792969,339.0299987792969,340.0,332.5400085449219,336.6700134277344,1845900
2026-08-10,345.80999755859375,345.80999755859375,345.92999267578125,335.0,337.0299987792969,1660100
2026-08-11,348.1499938964844,348.1499938964844,349.7699890136719,344.45001220703125,344.45001220703125,1626800
2026-08-12,347.2099914550781,347.2099914550781,347.4599914550781,339.3500061035156,342.19000244140625,2089900
2026-08-13,341.0899963378906,341.0899963378906,346.6400146484375,339.5299987792969,345.0199890136719,2017200
2026-08-14,339.2099914550781,339.2099914550781,341.510009765625,335.1199951171875,341.5,2800800
2026-08-17,331.67999267578125,331.67999267578125,339.760009765625,331.29998779296875,338.0,2286600
2026-08-18,331.3699951171875,331.3699951171875,339.239990234375,331.0400085449219,337.0,3179900
2026-08-19,339.9800109863281,339.9800109863281,343.8999938964844,331.0,331.739990234375,2188000
2026-08-20,327.70001220703125,327.70001220703125,342.3500061035156,327.4700012207031,338.260009765625,2232100
2026-08-21,329.45001220703125,329.45001220703125,332.54998779296875,324.0,326.0299987792969,3163300
2026-08-24,327.80999755859375,327.80999755859375,334.8699951171875,327.010009765625,330.0,1878100
2026-08-25,330.5899963378906,330.5899963378906,331.75,324.0,325.0899963378906,2202700
2026-08-26,329.6700134277344,329.6700134277344,333.3900146484375,326.4100036621094,329.1300048828125,1571500
2026-08-27,322.1199951171875,322.1199951171875,328.45001220703125,321.6000061035156,326.8500061035156,2166500
2026-08-28,330.69000244140625,330.69000244140625,332.7200012207031,322.1199951171875,322.6099853515625,2227700
2026-08-31,323.79998779296875,323.79998779296875,329.5,323.1199951171875,327.7900085449219,2040900
2026-09-01,317.3999938964844,317.3999938964844,331.5,316.8500061035156,329.8299865722656,2138400
2026-09-02,312.19000244140625,312.19000244140625,321.75,311.3800048828125,315.05999755859375,2185600
2026-09-03,307.989990234375,307.989990234375,319.5,306.5,313.9599914550781,2656000
2026-09-04,303.1300048828125,303.1300048828125,307.54998779296875,302.510009765625,304.489990234375,2401400
2026-09-08,276.42999267578125,276.42999267578125,301.510009765625,275.1000061035156,301.0,6318300
2026-09-09,275.3900146484375,275.3900146484375,278.75,270.8500061035156,271.8399963378906,5500600
2026-09-10,274.2398986816406,274.2398986816406,278.0,270.8949890136719,274.6199951171875,1094616
