Price,Adj Close,Close,High,Low,Open,Volume
Ticker,TJX,TJX,TJX,TJX,TJX,TJX
Date,,,,,,
2021-09-10,64.06510925292969,68.87000274658203,70.1500015258789,68.81999969482422,69.94999694824219,6709400
2021-09-13,63.90697479248047,68.69999694824219,69.47000122070312,68.26000213623047,69.30999755859375,5820200
2021-09-14,64.63255310058594,69.4800033569336,69.72000122070312,68.66999816894531,69.37999725341797,7322800
2021-09-15,64.63255310058594,69.4800033569336,69.91999816894531,68.87999725341797,69.19999694824219,5031800
2021-09-16,65.56278991699219,70.4800033569336,70.76000213623047,69.58000183105469,69.63999938964844,5629800
2021-09-17,65.4976806640625,70.41000366210938,71.12000274658203,69.7699966430664,70.0,9208800
2021-09-20,64.28836059570312,69.11000061035156,70.08999633789062,68.48999786376953,69.47000122070312,5759800
2021-09-21,64.4557876586914,69.29000091552734,70.41000366210938,69.23999786376953,69.83000183105469,6901300
2021-09-22,64.67906188964844,69.52999877929688,70.19000244140625,69.38999938964844,69.80000305175781,8418600
2021-09-23,65.76744079589844,70.69999694824219,71.94000244140625,69.95999908447266,69.97000122070312,6595300
2021-09-24,66.13954162597656,71.0999984741211,71.36000061035156,70.19999694824219,70.38999938964844,4802100
2021-09-27,66.1767578125,71.13999938964844,72.61000061035156,71.08000183105469,71.5,5228400
2021-09-28,65.19068145751953,70.08000183105469,71.05999755859375,69.48999786376953,70.52999877929688,5431400
2021-09-29,65.02325439453125,69.9000015258789,70.98999786376953,69.81999969482422,70.48999786376953,3671300
2021-09-30,61.376747131347656,65.9800033569336,69.3499984741211,65.79000091552734,69.19000244140625,10900200
2021-10-01,61.9627799987793,66.61000061035156,67.05999755859375,65.51000213623047,66.30000305175781,6787000
2021-10-04,61.26511001586914,65.86000061035156,67.0,65.63999938964844,66.33999633789062,6503500
2021-10-05,60.56744384765625,65.11000061035156,66.30999755859375,64.80999755859375,65.91000366210938,9136300
2021-10-06,59.84185791015625,64.33000183105469,65.05000305175781,63.52000045776367,64.5,10030200
2021-10-07,60.446510314941406,64.9800033569336,66.29000091552734,64.7699966430664,64.80000305175781,6213800
2021-10-08,60.223243713378906,64.73999786376953,65.30999755859375,64.6500015258789,64.93000030517578,5352100
2021-10-11,58.62326431274414,63.02000045776367,64.76000213623047,62.95000076293945,64.56999969482422,8466100
2021-10-12,58.57674026489258,62.970001220703125,63.59000015258789,62.84000015258789,63.400001525878906,5157400
2021-10-13,59.06976318359375,63.5,64.19000244140625,63.36000061035156,63.529998779296875,7218100
2021-10-14,59.66511154174805,64.13999938964844,64.55999755859375,62.720001220703125,62.91999816894531,7946100
2021-10-15,59.86045837402344,64.3499984741211,64.97000122070312,64.26000213623047,64.6500015258789,5633900
2021-10-18,60.13022994995117,64.63999938964844,64.79000091552734,63.689998626708984,63.97999954223633,4244600
2021-10-19,59.44186019897461,63.900001525878906,64.83999633789062,63.470001220703125,64.66999816894531,6146000
2021-10-20,59.40464782714844,63.86000061035156,65.02999877929688,63.689998626708984,64.11000061035156,5953900
2021-10-21,60.16744613647461,64.68000030517578,64.72000122070312,63.900001525878906,63.900001525878906,3970700
2021-10-22,59.683719635009766,64.16000366210938,64.76000213623047,63.54999923706055,64.61000061035156,4272500
2021-10-25,60.70698165893555,65.26000213623047,65.6500015258789,64.33999633789062,64.33999633789062,5969400
2021-10-26,60.77208709716797,65.33000183105469,66.13999938964844,65.26000213623047,65.66999816894531,6075800
2021-10-27,60.0557975769043,64.55999755859375,65.48999786376953,64.2300033569336,65.48999786376953,4573000
2021-10-28,60.651161193847656,65.19999694824219,65.4000015258789,64.76000213623047,64.81999969482422,3829700
2021-10-29,60.920921325683594,65.48999786376953,65.98999786376953,64.73999786376953,65.0,8269300
2021-11-01,62.000003814697266,66.6500015258789,67.02999877929688,65.44999694824219,65.52999877929688,7424400
2021-11-02,62.62324523925781,67.31999969482422,67.87999725341797,66.2699966430664,66.87000274658203,7510200
2021-11-03,63.655799865722656,68.43000030517578,68.70999908447266,66.94999694824219,66.94999694824219,6308700
2021-11-04,64.8744125366211,69.73999786376953,69.95999908447266,68.41000366210938,68.62999725341797,8238700
2021-11-05,66.23255157470703,71.19999694824219,71.87999725341797,70.8499984741211,70.94999694824219,8726100
2021-11-08,65.0139389038086,69.88999938964844,71.25,69.55999755859375,70.9000015258789,6713700
2021-11-09,65.06063842773438,69.68000030517578,70.26000213623047,69.2699966430664,69.80999755859375,4298800
2021-11-10,64.38837432861328,68.95999908447266,70.51000213623047,68.9000015258789,69.77999877929688,5950600
2021-11-11,63.69742965698242,68.22000122070312,69.5199966430664,68.11000061035156,69.08000183105469,6047500
2021-11-12,64.23896789550781,68.80000305175781,69.02999877929688,68.18000030517578,68.69999694824219,8504700
2021-11-15,64.72447967529297,69.31999969482422,70.4800033569336,69.16000366210938,69.30999755859375,6333200
2021-11-16,64.892578125,69.5,70.33999633789062,68.33999633789062,69.37000274658203,9819300
2021-11-17,68.67406463623047,73.55000305175781,76.94000244140625,73.19999694824219,76.80000305175781,21456600
2021-11-18,68.25391387939453,73.0999984741211,73.77999877929688,71.79000091552734,73.5999984741211,9466400
2021-11-19,66.31179809570312,71.0199966430664,72.81999969482422,70.19000244140625,72.79000091552734,8162000
2021-11-22,65.24736785888672,69.87999725341797,71.97000122070312,69.23999786376953,71.6500015258789,7021300
2021-11-23,66.2464370727539,70.94999694824219,71.2699966430664,69.0,69.38999938964844,7110200
2021-11-24,66.74131774902344,71.4800033569336,71.55000305175781,69.61000061035156,69.69000244140625,4960400
2021-11-26,64.76184844970703,69.36000061035156,70.45999908447266,69.04000091552734,69.91999816894531,4737200
2021-11-29,65.9850082397461,70.66999816894531,72.30000305175781,70.25,71.80999755859375,5813500
2021-11-30,64.7991714477539,69.4000015258789,70.58000183105469,68.44000244140625,70.29000091552734,9925200
2021-12-01,63.501346588134766,68.01000213623047,71.68000030517578,67.97000122070312,70.87999725341797,8014400
2021-12-02,65.59284973144531,70.25,70.4800033569336,67.9800033569336,68.0199966430664,6050400
2021-12-03,66.00366973876953,70.69000244140625,70.91999816894531,69.79000091552734,70.5199966430664,7970100
2021-12-06,67.82439422607422,72.63999938964844,73.5,71.22000122070312,71.5,7782500
2021-12-07,69.20630645751953,74.12000274658203,74.62999725341797,72.38999938964844,72.88999938964844,7976000
2021-12-08,69.41168975830078,74.33999633789062,74.79000091552734,73.8499984741211,74.22000122070312,8158900
2021-12-09,69.11292266845703,74.0199966430664,74.69000244140625,73.9000015258789,74.06999969482422,4901400
2021-12-10,69.7758560180664,74.7300033569336,74.81999969482422,73.94999694824219,74.20999908447266,5123800
2021-12-13,68.28191375732422,73.12999725341797,74.81999969482422,72.86000061035156,74.33999633789062,6883900
2021-12-14,68.1045150756836,72.94000244140625,73.69000244140625,72.58999633789062,72.68000030517578,6972700
2021-12-15,68.216552734375,73.05999755859375,73.19999694824219,71.33000183105469,72.81999969482422,5940800
2021-12-16,68.59938049316406,73.47000122070312,74.72000122070312,73.44999694824219,74.19999694824219,9558000
2021-12-17,69.11292266845703,74.0199966430664,74.56999969482422,72.3499984741211,73.47000122070312,11378800
2021-12-20,67.67501068115234,72.4800033569336,73.19999694824219,71.33000183105469,72.94999694824219,7263300
2021-12-21,69.20630645751953,74.12000274658203,74.43000030517578,72.77999877929688,73.06999969482422,6644300
2021-12-22,69.0942611694336,74.0,74.43000030517578,73.45999908447266,74.0199966430664,4852400
2021-12-23,68.8608169555664,73.75,74.38999938964844,73.5,74.08999633789062,4625900
2021-12-27,69.36502838134766,74.29000091552734,74.52999877929688,73.7300033569336,73.73999786376953,3165300
2021-12-28,69.81319427490234,74.7699966430664,75.30000305175781,74.16999816894531,74.16999816894531,2982500
2021-12-29,70.45745849609375,75.45999908447266,75.91999816894531,74.69999694824219,74.73999786376953,2884100
2021-12-30,70.52281951904297,75.52999877929688,76.12999725341797,75.3499984741211,75.3499984741211,2799100
2021-12-31,70.88694763183594,75.91999816894531,76.33000183105469,75.37999725341797,75.6500015258789,3193200
2022-01-03,70.54148864746094,75.55000305175781,76.58999633789062,75.48999786376953,75.83000183105469,4814900
2022-01-04,71.63391876220703,76.72000122070312,77.3499984741211,75.70999908447266,75.70999908447266,5905700
2022-01-05,70.15865325927734,75.13999938964844,77.33000183105469,75.08999633789062,76.97000122070312,5101900
2022-01-06,70.46678161621094,75.47000122070312,75.98999786376953,74.73999786376953,75.55999755859375,4059900
2022-01-07,69.44905090332031,74.37999725341797,75.41999816894531,74.19000244140625,74.93000030517578,5497700
2022-01-10,67.68431854248047,72.48999786376953,73.86000061035156,70.12000274658203,73.62999725341797,7964500
2022-01-11,69.29033660888672,74.20999908447266,74.63999938964844,72.08000183105469,72.48999786376953,5682300
2022-01-12,68.54335021972656,73.41000366210938,75.41999816894531,73.22000122070312,74.41000366210938,5654100
2022-01-13,67.7964096069336,72.61000061035156,74.13999938964844,72.36000061035156,74.05000305175781,6149400
2022-01-14,66.4612045288086,71.18000030517578,71.97000122070312,70.27999877929688,71.83000183105469,6631100
2022-01-18,64.34169006347656,68.91000366210938,70.66999816894531,68.76000213623047,70.23999786376953,9601600
2022-01-19,63.968196868896484,68.51000213623047,70.33999633789062,68.44000244140625,69.3499984741211,6621100
2022-01-20,62.866432189941406,67.33000183105469,69.56999969482422,67.26000213623047,68.68000030517578,6669000
2022-01-21,62.98780059814453,67.45999908447266,68.72000122070312,66.58999633789062,67.06999969482422,8652900
2022-01-24,64.48175048828125,69.05999755859375,69.13999938964844,65.8499984741211,66.45999908447266,10903800
2022-01-25,64.1269302368164,68.68000030517578,69.27999877929688,66.87999725341797,68.0,8265700
2022-01-26,64.51908874511719,69.0999984741211,70.95999908447266,68.37000274658203,69.20999908447266,7358200
2022-01-27,65.00460052490234,69.62000274658203,71.27999877929688,69.25,70.43000030517578,6184700
2022-01-28,66.64791107177734,71.37999725341797,71.4000015258789,68.63999938964844,69.5199966430664,7180600
2022-01-31,67.19880676269531,71.97000122070312,72.0999984741211,70.80000305175781,71.08000183105469,4543000
2022-02-01,67.97379302978516,72.80000305175781,72.94000244140625,71.77999877929688,72.19000244140625,4461700
2022-02-02,67.25484466552734,72.02999877929688,73.13999938964844,71.37000274658203,72.70999908447266,5400500
2022-02-03,65.18202209472656,69.80999755859375,71.83000183105469,69.66000366210938,71.5,5802300
2022-02-04,64.5937728881836,69.18000030517578,69.77999877929688,68.16999816894531,69.26000213623047,4991100
2022-02-07,64.75251007080078,69.3499984741211,70.11000061035156,68.58999633789062,69.58999633789062,4750800
2022-02-08,65.7702407836914,70.44000244140625,70.72000122070312,68.9800033569336,69.30999755859375,4464500
2022-02-09,66.97917938232422,71.47000122070312,72.11000061035156,70.86000061035156,71.0,4041800
2022-02-10,66.20135498046875,70.63999938964844,71.72000122070312,70.04000091552734,70.12999725341797,3856000
2022-02-11,64.38323974609375,68.69999694824219,70.69000244140625,68.48999786376953,70.44999694824219,4807400
2022-02-14,63.71786117553711,67.98999786376953,69.01000213623047,67.5999984741211,68.79000091552734,6472000
2022-02-15,64.56129455566406,68.88999938964844,69.11000061035156,68.25,68.45999908447266,6474200
2022-02-16,62.88378143310547,67.0999984741211,68.83999633789062,66.25,68.4000015258789,5802000
2022-02-17,61.075042724609375,65.16999816894531,66.8499984741211,64.86000061035156,66.26000213623047,6591000
2022-02-18,61.99346160888672,66.1500015258789,66.51000213623047,64.95999908447266,65.12000274658203,6050800
2022-02-22,61.150020599365234,65.25,66.91000366210938,64.97000122070312,66.05999755859375,8055300
2022-02-23,58.57282257080078,62.5,65.83999633789062,59.849998474121094,60.91999816894531,25852500
2022-02-24,60.625221252441406,64.69000244140625,64.80000305175781,60.9900016784668,61.5099983215332,9786500
2022-02-25,62.58387756347656,66.77999877929688,66.8499984741211,64.30999755859375,64.63999938964844,6400700
2022-02-28,61.94660186767578,66.0999984741211,66.36000061035156,65.01000213623047,65.4000015258789,7647800
2022-03-01,59.884849548339844,63.900001525878906,66.33999633789062,63.52000045776367,66.16000366210938,6279400
2022-03-02,61.965362548828125,66.12000274658203,67.58000183105469,64.41000366210938,64.44000244140625,8125200
2022-03-03,61.58111572265625,65.70999908447266,66.12000274658203,65.0,66.02999877929688,5186300
2022-03-04,58.61030578613281,62.540000915527344,65.19000244140625,62.189998626708984,64.91999816894531,8971500
2022-03-07,54.66484832763672,58.33000183105469,63.0099983215332,58.06999969482422,62.439998626708984,11448700
2022-03-08,56.22990798950195,60.0,61.09000015258789,57.91999816894531,58.16999816894531,11952400
2022-03-09,57.34513854980469,61.189998626708984,62.650001525878906,61.150001525878906,61.70000076293945,5773800
2022-03-10,58.151092529296875,62.04999923706055,62.08000183105469,59.56999969482422,59.81999969482422,5809100
2022-03-11,57.57005310058594,61.43000030517578,62.5099983215332,61.2599983215332,62.29999923706055,5300600
2022-03-14,57.401363372802734,61.25,62.09000015258789,60.95000076293945,61.540000915527344,4889200
2022-03-15,57.841827392578125,61.720001220703125,62.83000183105469,61.369998931884766,61.7599983215332,6422200
2022-03-16,58.61030578613281,62.540000915527344,63.650001525878906,61.54999923706055,62.43000030517578,8278000
2022-03-17,58.33853530883789,62.25,62.72999954223633,61.45000076293945,61.869998931884766,8139200
2022-03-18,58.51658630371094,62.439998626708984,62.619998931884766,61.2400016784668,62.0,11728300
2022-03-21,57.1577033996582,60.9900016784668,62.83000183105469,60.47999954223633,62.83000183105469,7342900
2022-03-22,57.288909912109375,61.130001068115234,62.29999923706055,60.97999954223633,61.43000030517578,13372400
2022-03-23,55.742584228515625,59.47999954223633,60.72999954223633,59.41999816894531,60.63999938964844,8240700
2022-03-24,56.295509338378906,60.06999969482422,60.33000183105469,58.97999954223633,59.72999954223633,8633000
2022-03-25,57.4388427734375,61.290000915527344,61.439998626708984,60.040000915527344,60.7400016784668,10110400
2022-03-28,58.10424041748047,62.0,62.0099983215332,60.36000061035156,60.400001525878906,10417000
2022-03-29,60.26908493041992,64.30999755859375,64.48999786376953,62.630001068115234,62.63999938964844,9812500
2022-03-30,58.10424041748047,62.0,63.7599983215332,61.83000183105469,63.380001068115234,7937100
2022-03-31,56.77347183227539,60.58000183105469,62.209999084472656,60.4900016784668,61.599998474121094,10282200
2022-04-01,57.06398391723633,60.88999938964844,61.040000915527344,60.029998779296875,60.720001220703125,5762000
2022-04-04,58.169837951660156,62.06999969482422,62.29999923706055,60.439998626708984,60.810001373291016,5855000
2022-04-05,57.83246994018555,61.709999084472656,62.08000183105469,60.16999816894531,60.38999938964844,6130300
2022-04-06,56.72660446166992,60.529998779296875,61.09000015258789,59.779998779296875,60.90999984741211,8641500
2022-04-07,57.47633743286133,61.33000183105469,61.7400016784668,59.470001220703125,59.959999084472656,7628300
2022-04-08,57.69187927246094,61.560001373291016,62.310001373291016,60.880001068115234,61.2599983215332,7604400
2022-04-11,57.973026275634766,61.86000061035156,63.36000061035156,61.77000045776367,61.97999954223633,6230000
2022-04-12,58.88208770751953,62.83000183105469,64.04000091552734,62.34000015258789,62.400001525878906,5873900
2022-04-13,59.697418212890625,63.70000076293945,64.01000213623047,62.7599983215332,63.06999969482422,6107600
2022-04-14,58.769622802734375,62.709999084472656,64.38999938964844,62.56999969482422,63.86000061035156,6511000
2022-04-18,58.51658630371094,62.439998626708984,63.11000061035156,62.099998474121094,62.41999816894531,4521800
2022-04-19,61.3187255859375,65.43000030517578,65.62999725341797,62.43000030517578,62.56999969482422,9021100
2022-04-20,62.58387756347656,66.77999877929688,67.43000030517578,66.18000030517578,66.25,7942800
2022-04-21,61.79667663574219,65.94000244140625,68.29000091552734,65.73999786376953,67.5999984741211,7815200
2022-04-22,58.769622802734375,62.709999084472656,65.37000274658203,62.630001068115234,64.33000183105469,5424600
2022-04-25,59.406890869140625,63.38999938964844,63.439998626708984,61.27000045776367,62.290000915527344,6331700
2022-04-26,57.560691833496094,61.41999816894531,63.25,61.41999816894531,62.650001525878906,5744200
2022-04-27,57.6075325012207,61.470001220703125,62.0099983215332,60.72999954223633,61.40999984741211,7501700
2022-04-28,59.36003494262695,63.34000015258789,63.709999084472656,61.689998626708984,62.349998474121094,4236400
2022-04-29,57.429481506347656,61.279998779296875,63.029998779296875,61.060001373291016,62.7599983215332,6981400
2022-05-02,58.38538360595703,62.29999923706055,62.34000015258789,60.540000915527344,61.68000030517578,8136500
2022-05-03,58.12298583984375,62.02000045776367,62.68000030517578,61.31999969482422,62.65999984741211,4447700
2022-05-04,60.04417419433594,64.06999969482422,64.13999938964844,61.2599983215332,61.97999954223633,4747200
2022-05-05,57.83246994018555,61.709999084472656,63.540000915527344,60.91999816894531,62.970001220703125,5940400
2022-05-06,56.61414337158203,60.40999984741211,61.220001220703125,59.02000045776367,61.220001220703125,6099000
2022-05-09,55.4239387512207,59.13999938964844,61.119998931884766,58.83000183105469,59.779998779296875,8264800
2022-05-10,52.66868209838867,56.20000076293945,59.90999984741211,55.470001220703125,59.58000183105469,9331900
2022-05-11,51.806644439697266,54.9900016784668,56.68000030517578,54.86000061035156,56.41999816894531,8399600
2022-05-12,52.758182525634766,56.0,56.290000915527344,54.4900016784668,54.619998931884766,8510600
2022-05-13,53.8792839050293,57.189998626708984,57.56999969482422,56.06999969482422,56.720001220703125,8036400
2022-05-16,52.871238708496094,56.119998931884766,56.849998474121094,55.560001373291016,56.63999938964844,7952300
2022-05-17,52.937191009521484,56.189998626708984,56.209999084472656,53.689998626708984,55.84000015258789,13982300
2022-05-18,56.70561218261719,60.189998626708984,63.040000915527344,59.0099983215332,61.45000076293945,26649700
2022-05-19,57.85499954223633,61.40999984741211,62.900001525878906,59.0,59.619998931884766,13905700
2022-05-20,54.519927978515625,57.869998931884766,59.849998474121094,55.720001220703125,58.61000061035156,15719000
2022-05-23,56.81867980957031,60.310001373291016,61.119998931884766,57.75,58.11000061035156,9251700
2022-05-24,56.22514343261719,59.68000030517578,59.869998931884766,58.47999954223633,59.20000076293945,6998800
2022-05-25,57.67599105834961,61.220001220703125,61.77000045776367,59.0,59.45000076293945,6851700
2022-05-26,60.3986930847168,64.11000061035156,64.30000305175781,61.84000015258789,62.83000183105469,10821900
2022-05-27,60.85091018676758,64.58999633789062,64.83999633789062,63.369998931884766,63.779998779296875,6524400
2022-05-31,59.889949798583984,63.56999969482422,64.23999786376953,62.630001068115234,64.23999786376953,7561200
2022-06-01,58.88189697265625,62.5,64.43000030517578,62.2599983215332,64.36000061035156,4158800
2022-06-02,60.0783805847168,63.77000045776367,63.88999938964844,62.68000030517578,62.939998626708984,3436900
2022-06-03,58.43909454345703,62.029998779296875,63.869998931884766,61.90999984741211,63.599998474121094,4894200
2022-06-06,58.156463623046875,61.72999954223633,62.540000915527344,61.380001068115234,62.41999816894531,3905100
2022-06-07,57.515830993652344,61.04999923706055,61.279998779296875,59.27000045776367,59.90999984741211,6706100
2022-06-08,57.873836517333984,61.43000030517578,62.380001068115234,60.52000045776367,61.09000015258789,4250000
2022-06-09,57.13899230957031,60.650001525878906,61.65999984741211,60.650001525878906,61.16999816894531,3852300
2022-06-10,55.55625534057617,58.970001220703125,60.29999923706055,58.7599983215332,59.38999938964844,4862700
2022-06-13,54.01118850708008,57.33000183105469,58.08000183105469,57.029998779296875,57.290000915527344,7137400
2022-06-14,54.01118850708008,57.33000183105469,58.31999969482422,57.16999816894531,57.369998931884766,5863800
2022-06-15,54.293819427490234,57.630001068115234,58.189998626708984,56.84000015258789,57.54999923706055,7151900
2022-06-16,53.45534133911133,56.7400016784668,56.97999954223633,55.959999084472656,56.529998779296875,9118900
2022-06-17,53.34228515625,56.619998931884766,57.36000061035156,56.02000045776367,56.459999084472656,12330100
2022-06-21,54.161930084228516,57.4900016784668,58.279998779296875,57.029998779296875,57.77000045776367,6140000
2022-06-22,53.766239166259766,57.06999969482422,57.7400016784668,56.72999954223633,56.90999984741211,6373500
2022-06-23,53.98292541503906,57.29999923706055,57.779998779296875,56.349998474121094,57.380001068115234,4435500
2022-06-24,56.75272750854492,60.2400016784668,60.310001373291016,57.58000183105469,57.81999969482422,7373800
2022-06-27,56.34762191772461,59.810001373291016,60.900001525878906,59.52000045776367,60.7400016784668,5093800
2022-06-28,54.15250778198242,57.47999954223633,60.59000015258789,57.439998626708984,60.130001068115234,5850400
2022-06-29,53.78507614135742,57.09000015258789,57.529998779296875,56.7400016784668,57.33000183105469,3741100
2022-06-30,52.61685562133789,55.849998474121094,56.66999816894531,55.54999923706055,56.06999969482422,5708300
2022-07-01,52.79585647583008,56.040000915527344,56.119998931884766,54.54999923706055,55.599998474121094,5391800
2022-07-05,54.2467155456543,57.58000183105469,58.310001373291016,55.33000183105469,55.439998626708984,8365000
2022-07-06,54.61414337158203,57.970001220703125,58.66999816894531,57.06999969482422,57.86000061035156,5698600
2022-07-07,56.046142578125,59.4900016784668,59.959999084472656,58.04999923706055,58.189998626708984,6823900
2022-07-08,55.52798080444336,58.939998626708984,59.779998779296875,58.880001068115234,59.380001068115234,5960500
2022-07-11,55.01924514770508,58.400001525878906,59.06999969482422,58.130001068115234,58.65999984741211,4086300
2022-07-12,55.56566619873047,58.97999954223633,59.59000015258789,58.27000045776367,58.31999969482422,5367300
2022-07-13,55.659881591796875,59.08000183105469,59.439998626708984,57.7599983215332,58.029998779296875,5630600
2022-07-14,55.34899139404297,58.75,58.9900016784668,57.9900016784668,58.029998779296875,4195900
2022-07-15,57.05420684814453,60.560001373291016,60.58000183105469,59.38999938964844,59.560001373291016,7248800
2022-07-18,56.988258361816406,60.4900016784668,61.7400016784668,60.45000076293945,61.0099983215332,7520700
2022-07-19,59.023216247558594,62.650001525878906,62.7599983215332,60.9900016784668,61.29999923706055,5848000
2022-07-20,59.39064407348633,63.040000915527344,63.27000045776367,62.33000183105469,62.540000915527344,4128900
2022-07-21,60.05012130737305,63.7400016784668,63.790000915527344,62.689998626708984,62.95000076293945,2966200
2022-07-22,60.06895065307617,63.7599983215332,64.66000366210938,63.189998626708984,64.0,5040100
2022-07-25,59.62617111206055,63.290000915527344,63.7599983215332,62.7400016784668,63.599998474121094,5311500
2022-07-26,57.14841079711914,60.65999984741211,61.29999923706055,60.36000061035156,60.970001220703125,7473500
2022-07-27,57.28031539916992,60.79999923706055,61.29999923706055,59.810001373291016,60.310001373291016,5908600
2022-07-28,57.64773941040039,61.189998626708984,61.56999969482422,60.45000076293945,61.02000045776367,5588900
2022-07-29,57.619468688964844,61.15999984741211,61.7599983215332,60.09000015258789,61.34000015258789,6669200
2022-08-01,59.023216247558594,62.650001525878906,62.84000015258789,60.75,60.83000183105469,6196900
2022-08-02,58.071685791015625,61.63999938964844,62.4900016784668,61.08000183105469,62.310001373291016,5947300
2022-08-03,59.56023025512695,63.220001220703125,63.56999969482422,61.91999816894531,62.2400016784668,3711800
2022-08-04,59.61674118041992,63.279998779296875,63.95000076293945,63.0099983215332,63.709999084472656,3445700
2022-08-05,59.183372497558594,62.81999969482422,63.099998474121094,62.22999954223633,62.4900016784668,2640400
2022-08-08,59.993595123291016,63.68000030517578,64.2699966430664,63.369998931884766,63.400001525878906,4694100
2022-08-09,59.070316314697266,62.70000076293945,63.560001373291016,62.22999954223633,63.5099983215332,5572400
2022-08-10,59.66191864013672,63.029998779296875,64.25,62.900001525878906,63.65999984741211,5284900
2022-08-11,60.96818542480469,64.41000366210938,65.27999877929688,63.77000045776367,63.91999816894531,4339900
2022-08-12,61.97153854370117,65.47000122070312,65.5,63.9900016784668,64.47000122070312,5058400
2022-08-15,61.876888275146484,65.37000274658203,66.38999938964844,65.08000183105469,65.25,5306500
2022-08-16,63.08849334716797,66.6500015258789,67.77999877929688,65.2300033569336,65.2300033569336,7562200
2022-08-17,64.87748718261719,68.54000091552734,69.7699966430664,65.47000122070312,65.97000122070312,12745900
2022-08-18,64.37580871582031,68.01000213623047,68.30000305175781,66.94999694824219,67.77999877929688,6770700
2022-08-19,62.851837158203125,66.4000015258789,67.83000183105469,66.2300033569336,67.62000274658203,6078500
2022-08-22,60.949249267578125,64.38999938964844,66.0,63.79999923706055,66.0,4734900
2022-08-23,60.47595977783203,63.88999938964844,64.69000244140625,63.689998626708984,64.30999755859375,4163700
2022-08-24,60.930320739746094,64.37000274658203,64.94999694824219,63.2599983215332,63.63999938964844,5563000
2022-08-25,61.611839294433594,65.08999633789062,65.4800033569336,63.470001220703125,63.79999923706055,6919000
2022-08-26,59.529396057128906,62.88999938964844,65.73999786376953,62.880001068115234,65.27999877929688,4409900
2022-08-29,59.74711227416992,63.119998931884766,63.72999954223633,62.45000076293945,62.54999923706055,4351400
2022-08-30,59.21703338623047,62.560001373291016,63.709999084472656,62.0099983215332,63.4900016784668,4707400
2022-08-31,59.01826095581055,62.349998474121094,62.83000183105469,61.86000061035156,62.130001068115234,6310100
2022-09-01,60.428646087646484,63.84000015258789,63.90999984741211,62.060001373291016,62.439998626708984,4530800
2022-09-02,60.125736236572266,63.52000045776367,64.56999969482422,63.130001068115234,64.18000030517578,4055300
2022-09-06,59.529396057128906,62.88999938964844,63.86000061035156,62.209999084472656,63.529998779296875,4359200
2022-09-07,62.32176208496094,65.83999633789062,65.97000122070312,62.79999923706055,62.849998474121094,4732800
2022-09-08,62.91809844970703,66.47000122070312,66.5,64.66999816894531,65.0199966430664,4956800
2022-09-09,63.060096740722656,66.62000274658203,66.98999786376953,66.12000274658203,66.25,4376300
2022-09-12,63.400848388671875,66.9800033569336,67.80000305175781,66.48999786376953,66.98999786376953,3635000
2022-09-13,61.11016082763672,64.55999755859375,66.01000213623047,64.37000274658203,65.33999633789062,5416900
2022-09-14,60.92085266113281,64.36000061035156,65.11000061035156,63.709999084472656,64.9000015258789,4648100
2022-09-15,61.41305923461914,64.87999725341797,65.81999969482422,64.5,64.66999816894531,4366100
2022-09-16,61.20482635498047,64.66000366210938,65.25,64.01000213623047,64.27999877929688,6657200
2022-09-19,62.037803649902344,65.54000091552734,65.58999633789062,64.16999816894531,64.25,4047700
2022-09-20,60.3150520324707,63.720001220703125,65.0,62.7599983215332,64.94999694824219,4707100
2022-09-21,59.59565734863281,62.959999084472656,65.0,62.959999084472656,64.0199966430664,3093300
2022-09-22,58.69642639160156,62.0099983215332,63.34000015258789,61.97999954223633,63.0099983215332,5146200
2022-09-23,57.995967864990234,61.27000045776367,61.880001068115234,60.709999084472656,61.63999938964844,4677700
2022-09-26,57.0872688293457,60.310001373291016,62.0099983215332,60.15999984741211,61.38999938964844,5108300
2022-09-27,57.3333740234375,60.56999969482422,61.689998626708984,59.810001373291016,60.939998626708984,4400200
2022-09-28,58.98039627075195,62.310001373291016,62.689998626708984,60.7400016784668,61.060001373291016,6416700
2022-09-29,58.06222915649414,61.34000015258789,61.970001220703125,60.779998779296875,61.86000061035156,4500700
2022-09-30,58.80054473876953,62.119998931884766,63.369998931884766,59.779998779296875,60.79999923706055,8322100
2022-10-03,59.538856506347656,62.900001525878906,63.59000015258789,61.810001373291016,63.029998779296875,5927700
2022-10-04,61.92420196533203,65.41999816894531,65.55000305175781,64.1500015258789,64.29000091552734,5831300
2022-10-05,62.28391647338867,65.80000305175781,66.16000366210938,64.69000244140625,64.80999755859375,4066900
2022-10-06,61.611839294433594,65.08999633789062,66.62999725341797,64.9000015258789,66.05000305175781,5122500
2022-10-07,61.1385612487793,64.58999633789062,64.8499984741211,63.939998626708984,64.51000213623047,5153100
2022-10-10,60.892459869384766,64.33000183105469,65.36000061035156,63.63999938964844,65.0,3169400
2022-10-11,60.92085266113281,64.36000061035156,65.31999969482422,63.66999816894531,63.90999984741211,4251400
2022-10-12,60.466495513916016,63.880001068115234,64.63999938964844,63.619998931884766,64.41999816894531,4700900
2022-10-13,61.6970329284668,65.18000030517578,65.76000213623047,62.25,62.5,5318500
2022-10-14,60.15414047241211,63.54999923706055,66.48999786376953,63.45000076293945,65.83999633789062,4234800
2022-10-17,62.36909103393555,65.88999938964844,66.4000015258789,65.0199966430664,65.20999908447266,5570900
2022-10-18,63.258846282958984,66.83000183105469,67.83000183105469,66.30000305175781,67.41000366210938,4674600
2022-10-19,62.56786346435547,66.0999984741211,67.33999633789062,65.4000015258789,66.68000030517578,3190500
2022-10-20,61.86741256713867,65.36000061035156,66.83000183105469,65.19999694824219,66.29000091552734,3985200
2022-10-21,63.997188568115234,67.61000061035156,68.05999755859375,65.2699966430664,65.30999755859375,5865200
2022-10-24,65.48328399658203,69.18000030517578,69.30000305175781,67.69000244140625,67.93000030517578,5044200
2022-10-25,66.69487762451172,70.45999908447266,71.33999633789062,69.38999938964844,69.91000366210938,6383500
2022-10-26,67.120849609375,70.91000366210938,71.87000274658203,70.41000366210938,70.76000213623047,4420100
2022-10-27,68.06742095947266,71.91000366210938,72.5,71.05000305175781,71.11000061035156,5216700
2022-10-28,68.62588500976562,72.5,72.98999786376953,71.25,71.8499984741211,6658900
2022-10-31,68.24724578857422,72.0999984741211,73.01000213623047,71.97000122070312,72.16999816894531,5887400
2022-11-01,67.9254150390625,71.76000213623047,72.91999816894531,70.4800033569336,72.55999755859375,5222500
2022-11-02,66.5339584350586,70.29000091552734,72.69000244140625,70.2699966430664,71.66000366210938,4432400
2022-11-03,67.39534759521484,71.19999694824219,71.73999786376953,69.94999694824219,70.19999694824219,3886500
2022-11-04,67.3858871459961,71.19000244140625,72.31999969482422,70.06999969482422,71.76000213623047,4970400
2022-11-07,68.26618194580078,72.12000274658203,72.31999969482422,70.0999984741211,71.48999786376953,5189900
2022-11-08,67.66984558105469,71.48999786376953,72.6500015258789,70.45999908447266,72.5999984741211,4279400
2022-11-09,66.61006164550781,70.08000183105469,72.16000366210938,69.93000030517578,71.58999633789062,3797900
2022-11-10,70.33598327636719,74.0,74.26000213623047,72.55000305175781,72.95999908447266,5848100
2022-11-11,70.24091339111328,73.9000015258789,75.0,73.19000244140625,74.47000122070312,5988600
2022-11-14,69.44249725341797,73.05999755859375,74.16999816894531,72.94000244140625,73.45999908447266,6371000
2022-11-15,71.40050506591797,75.12000274658203,76.0999984741211,74.23999786376953,74.44999694824219,9634900
2022-11-16,75.1073989868164,79.0199966430664,79.4000015258789,74.3499984741211,74.37999725341797,12943900
2022-11-17,74.12841033935547,77.98999786376953,78.19000244140625,75.81999969482422,76.94999694824219,9709100
2022-11-18,74.28997802734375,78.16000366210938,79.98999786376953,77.73999786376953,78.97000122070312,6860200
2022-11-21,75.08839416503906,79.0,79.05999755859375,77.38999938964844,77.38999938964844,5493300
2022-11-22,76.14342498779297,80.11000061035156,80.44999694824219,78.69000244140625,79.5,8887400
2022-11-23,76.55213165283203,80.54000091552734,80.86000061035156,79.87999725341797,80.0,6499000
2022-11-25,77.01787567138672,81.02999877929688,81.16999816894531,80.19000244140625,81.0,2454100
2022-11-28,76.0673828125,80.02999877929688,80.91999816894531,79.83999633789062,79.98999786376953,5328900
2022-11-29,76.19094848632812,80.16000366210938,80.48999786376953,79.41999816894531,80.33999633789062,4771300
2022-11-30,76.08641052246094,80.05000305175781,80.16000366210938,78.91000366210938,80.0,10392200
2022-12-01,75.79173278808594,79.73999786376953,80.38999938964844,78.7699966430664,80.38999938964844,6758800
2022-12-02,76.21946716308594,80.19000244140625,80.69000244140625,78.8499984741211,79.30000305175781,4776700
2022-12-05,75.52561950683594,79.45999908447266,79.87000274658203,78.3499984741211,78.80999755859375,4443500
2022-12-06,75.4305648803711,79.36000061035156,81.1500015258789,78.87999725341797,80.33999633789062,4864100
2022-12-07,75.46858978271484,79.4000015258789,79.91000366210938,78.91000366210938,79.19000244140625,5222800
2022-12-08,74.78424072265625,78.68000030517578,80.4000015258789,78.48999786376953,80.0,6358500
2022-12-09,74.1949234008789,78.05999755859375,78.41000366210938,76.7699966430664,77.62999725341797,6594700
2022-12-12,74.86027526855469,78.76000213623047,78.77999877929688,77.80000305175781,78.56999969482422,5570200
2022-12-13,75.24047088623047,79.16000366210938,80.69000244140625,78.55000305175781,80.69000244140625,5808900
2022-12-14,75.36402893066406,79.29000091552734,79.9000015258789,78.55999755859375,79.37999725341797,4749300
2022-12-15,74.76522827148438,78.66000366210938,79.48999786376953,77.83000183105469,78.4800033569336,5929500
2022-12-16,73.80522918701172,77.6500015258789,78.69999694824219,77.44000244140625,78.18000030517578,12375900
2022-12-19,74.22344970703125,78.08999633789062,78.68000030517578,77.62999725341797,78.0,3914200
2022-12-20,73.7481918334961,77.58999633789062,78.38999938964844,77.47000122070312,78.23999786376953,3953200
2022-12-21,74.93631744384766,78.83999633789062,79.22000122070312,78.29000091552734,78.56999969482422,4109900
2022-12-22,74.53712463378906,78.41999816894531,78.41999816894531,77.30999755859375,78.1500015258789,3962100
2022-12-23,75.56363677978516,79.5,79.5,78.01000213623047,78.36000061035156,2318300
2022-12-27,75.11691284179688,79.02999877929688,80.0,78.91999816894531,79.6500015258789,3351500
2022-12-28,74.79373931884766,78.69000244140625,79.33000183105469,78.25,78.95999908447266,3052500
2022-12-29,75.41154479980469,79.33999633789062,79.88999938964844,78.94999694824219,79.12999725341797,2569600
2022-12-30,75.65867614746094,79.5999984741211,79.72000122070312,78.62999725341797,78.91999816894531,3074100
2023-01-03,75.0978775024414,79.01000213623047,79.9800033569336,78.55000305175781,79.7300033569336,4264700
2023-01-04,75.90581512451172,79.86000061035156,80.58999633789062,79.23999786376953,79.86000061035156,4262700
2023-01-05,76.65669250488281,80.6500015258789,80.94000244140625,79.58000183105469,80.08000183105469,4762600
2023-01-06,78.62419891357422,82.72000122070312,83.08000183105469,80.87000274658203,81.12999725341797,4673100
2023-01-09,77.47411346435547,81.51000213623047,83.12999725341797,81.41999816894531,82.47000122070312,5960800
2023-01-10,78.3580551147461,82.44000244140625,82.5,81.4000015258789,81.5,3914400
2023-01-11,78.19647979736328,82.2699966430664,83.02999877929688,81.9000015258789,82.91999816894531,6035000
2023-01-12,77.86381530761719,81.91999816894531,82.30999755859375,81.05000305175781,82.16999816894531,5268800
2023-01-13,77.49313354492188,81.52999877929688,82.54000091552734,81.26000213623047,81.83000183105469,4649900
2023-01-17,77.51212310791016,81.55000305175781,82.06999969482422,81.29000091552734,81.55999755859375,5283100
2023-01-18,75.8582992553711,79.80999755859375,81.98999786376953,79.66999816894531,81.66999816894531,4448800
2023-01-19,75.47809600830078,79.41000366210938,80.12999725341797,79.33000183105469,79.7300033569336,5280800
2023-01-20,75.60165405273438,79.54000091552734,79.54000091552734,78.5199966430664,79.1500015258789,10633100
2023-01-23,75.24998474121094,79.16999816894531,79.9800033569336,78.93000030517578,79.66000366210938,6463900
2023-01-24,77.2745132446289,81.30000305175781,81.31999969482422,79.05000305175781,79.38999938964844,7853700
2023-01-25,78.55765533447266,82.6500015258789,82.6500015258789,80.38999938964844,80.8499984741211,5111900
2023-01-26,78.3770751953125,82.45999908447266,83.05999755859375,81.80999755859375,82.80000305175781,5161200
2023-01-27,77.8353042602539,81.88999938964844,82.98999786376953,81.70999908447266,82.69999694824219,3920800
2023-01-30,77.47411346435547,81.51000213623047,82.19999694824219,81.22000122070312,81.9000015258789,4289000
2023-01-31,77.80677795410156,81.86000061035156,82.0,81.30000305175781,81.51000213623047,4795500
2023-02-01,78.33906555175781,82.41999816894531,82.7699966430664,81.02999877929688,81.98999786376953,5355400
2023-02-02,76.4095687866211,80.38999938964844,82.54000091552734,80.26000213623047,82.31999969482422,9315300
2023-02-03,76.53311920166016,80.5199966430664,81.08000183105469,79.80999755859375,80.20999908447266,9091000
2023-02-06,76.18144226074219,80.1500015258789,81.83000183105469,80.04000091552734,80.51000213623047,4855100
2023-02-07,75.90581512451172,79.86000061035156,79.91999816894531,78.20999908447266,79.27999877929688,5448400
2023-02-08,76.61653900146484,80.30999755859375,81.01000213623047,78.83999633789062,79.41999816894531,6417800
2023-02-09,77.04585266113281,80.76000213623047,81.68000030517578,80.69999694824219,80.69999694824219,4560900
2023-02-10,76.55931091308594,80.25,80.4000015258789,79.79000091552734,80.05999755859375,3547300
2023-02-13,76.85505676269531,80.55999755859375,80.98999786376953,80.2300033569336,80.37999725341797,5669600
2023-02-14,77.0076904296875,80.72000122070312,81.12999725341797,80.12999725341797,80.41999816894531,3736300
2023-02-15,76.94090270996094,80.6500015258789,80.87999725341797,80.05999755859375,80.36000061035156,3389300
2023-02-16,75.95828247070312,79.62000274658203,80.36000061035156,79.43000030517578,79.68000030517578,4739800
2023-02-17,76.15862274169922,79.83000183105469,80.12000274658203,79.41000366210938,79.62999725341797,4926200
2023-02-21,75.195068359375,78.81999969482422,79.62999725341797,78.5999984741211,79.08999633789062,7122600
2023-02-22,73.8976058959961,77.45999908447266,78.58000183105469,76.81999969482422,78.19999694824219,10844400
2023-02-23,74.17427825927734,77.75,77.9800033569336,76.19999694824219,77.86000061035156,6463800
2023-02-24,73.6400375366211,77.19000244140625,77.69999694824219,76.48999786376953,77.18000030517578,6312100
2023-02-27,73.36335754394531,76.9000015258789,78.0199966430664,76.4800033569336,78.0199966430664,5270000
2023-02-28,73.07716369628906,76.5999984741211,77.27999877929688,76.43000030517578,77.0,5626300
2023-03-01,73.3252182006836,76.86000061035156,76.91000366210938,75.73999786376953,76.11000061035156,5512900
2023-03-02,73.18212890625,76.70999908447266,77.5,76.06999969482422,77.19999694824219,4878500
2023-03-03,74.3269271850586,77.91000366210938,77.93000030517578,76.80000305175781,77.06999969482422,3864100
2023-03-06,74.65128326416016,78.25,78.79000091552734,77.5,77.66000366210938,5819900
2023-03-07,73.439697265625,76.9800033569336,78.63999938964844,76.83999633789062,78.58000183105469,5224700
2023-03-08,73.63050842285156,77.18000030517578,77.77999877929688,76.55999755859375,77.44000244140625,3811600
2023-03-09,71.52213287353516,74.97000122070312,77.0,74.5199966430664,76.73999786376953,7948600
2023-03-10,70.88294982910156,74.30000305175781,75.81999969482422,74.19000244140625,75.02999877929688,4880200
2023-03-13,70.15791320800781,73.54000091552734,74.5199966430664,72.91999816894531,73.4800033569336,5484600
2023-03-14,71.3218002319336,74.76000213623047,75.0199966430664,73.98999786376953,74.5999984741211,4303800
2023-03-15,70.74938201904297,74.16000366210938,74.5,73.23999786376953,73.68000030517578,6420700
2023-03-16,71.16914367675781,74.5999984741211,74.91000366210938,73.56999969482422,73.7699966430664,5314400
2023-03-17,71.05467224121094,74.4800033569336,74.7699966430664,73.58999633789062,74.04000091552734,7790200
2023-03-20,71.9323501586914,75.4000015258789,75.75,74.55999755859375,74.58999633789062,4368400
2023-03-21,72.84820556640625,76.36000061035156,77.12999725341797,76.0,76.22000122070312,4539400
2023-03-22,71.6747817993164,75.12999725341797,76.91000366210938,75.11000061035156,76.81999969482422,3820700
2023-03-23,71.19776916503906,74.62999725341797,75.83000183105469,74.1500015258789,75.23999786376953,5003700
2023-03-24,71.42672729492188,74.87000274658203,74.95999908447266,73.6500015258789,74.44000244140625,4643500
2023-03-27,71.91326141357422,75.37999725341797,75.72000122070312,74.7699966430664,75.3499984741211,3873900
2023-03-28,72.7051010131836,76.20999908447266,76.2300033569336,75.4000015258789,75.8499984741211,3209800
2023-03-29,73.02947235107422,76.55000305175781,76.83000183105469,76.12000274658203,76.38999938964844,3766400
2023-03-30,73.37291717529297,76.91000366210938,77.86000061035156,76.5999984741211,77.29000091552734,3034000
2023-03-31,74.75621795654297,78.36000061035156,78.41000366210938,77.1500015258789,77.41999816894531,5104800
2023-04-03,75.23322296142578,78.86000061035156,78.87999725341797,78.0,78.08999633789062,4464500
2023-04-04,75.02334594726562,78.63999938964844,79.38999938964844,78.55999755859375,79.19999694824219,3102800
2023-04-05,74.4509506225586,78.04000091552734,78.76000213623047,77.86000061035156,78.69999694824219,3893900
2023-04-06,74.46049499511719,78.05000305175781,78.18000030517578,77.37999725341797,77.88999938964844,3085900
2023-04-10,74.77531433105469,78.37999725341797,78.58999633789062,77.44000244140625,77.44000244140625,3899100
2023-04-11,74.73713684082031,78.33999633789062,78.91000366210938,77.94999694824219,78.7300033569336,4367200
2023-04-12,73.17256927490234,76.69999694824219,78.51000213623047,76.45999908447266,78.25,4828400
2023-04-13,73.64957427978516,77.19999694824219,77.43000030517578,76.54000091552734,77.01000213623047,5033000
2023-04-14,73.6400375366211,77.19000244140625,78.0999984741211,76.5999984741211,77.22000122070312,3927000
2023-04-17,74.04071807861328,77.61000061035156,77.62999725341797,76.97000122070312,77.44999694824219,4362200
2023-04-18,74.183837890625,77.76000213623047,78.05000305175781,77.43000030517578,77.69000244140625,3087100
2023-04-19,74.42232513427734,78.01000213623047,78.04000091552734,77.47000122070312,77.61000061035156,2476900
2023-04-20,75.4335708618164,79.06999969482422,79.20999908447266,77.75,77.98999786376953,4634400
2023-04-21,74.82301330566406,78.43000030517578,79.70999908447266,78.36000061035156,79.43000030517578,4009600
2023-04-24,74.91841888427734,78.52999877929688,78.88999938964844,78.13999938964844,78.80000305175781,4041900
2023-04-25,73.30612182617188,76.83999633789062,78.45999908447266,76.76000213623047,78.30999755859375,4275800
2023-04-26,73.8976058959961,77.45999908447266,77.9000015258789,76.2300033569336,76.44000244140625,5043300
2023-04-27,75.30953979492188,78.94000244140625,78.98999786376953,77.8499984741211,77.8499984741211,5084000
2023-04-28,75.195068359375,78.81999969482422,79.04000091552734,78.13999938964844,78.88999938964844,3448000
2023-05-01,74.71806335449219,78.31999969482422,79.12999725341797,77.97000122070312,79.04000091552734,3607500
2023-05-02,74.64173889160156,78.23999786376953,78.30000305175781,76.56999969482422,77.83000183105469,3652300
2023-05-03,74.2601318359375,77.83999633789062,78.79000091552734,77.77999877929688,78.47000122070312,4199200
2023-05-04,73.52556610107422,77.06999969482422,77.80000305175781,76.66000366210938,77.75,2657900
2023-05-05,74.88977813720703,78.5,78.6500015258789,77.4000015258789,77.63999938964844,3987900
2023-05-08,74.75621795654297,78.36000061035156,78.88999938964844,78.02999877929688,78.88999938964844,3066600
2023-05-09,74.97563934326172,78.58999633789062,78.79000091552734,77.79000091552734,78.30000305175781,3278100
2023-05-10,74.71027374267578,77.9800033569336,78.95999908447266,77.12999725341797,78.88999938964844,3830500
2023-05-11,74.78691101074219,78.05999755859375,78.3499984741211,77.44000244140625,78.16999816894531,3981500
2023-05-12,75.67790985107422,78.98999786376953,79.26000213623047,78.0,78.27999877929688,6158400
2023-05-15,75.92700958251953,79.25,79.30999755859375,78.44999694824219,78.88999938964844,6987400
2023-05-16,74.9402084350586,78.22000122070312,79.44000244140625,78.20999908447266,78.81999969482422,8043500
2023-05-17,75.63957977294922,78.94999694824219,81.31999969482422,77.36000061035156,78.72000122070312,11852400
2023-05-18,75.9461669921875,79.2699966430664,79.73999786376953,78.08999633789062,78.70999908447266,5139300
2023-05-19,76.02281188964844,79.3499984741211,79.63999938964844,78.36000061035156,79.02999877929688,6441200
2023-05-22,75.14139556884766,78.43000030517578,79.73999786376953,78.38999938964844,79.2699966430664,5500900
2023-05-23,74.24081420898438,77.48999786376953,78.30000305175781,77.33000183105469,78.0,5433600
2023-05-24,73.5988998413086,76.81999969482422,78.0,76.73999786376953,77.81999969482422,4693000
2023-05-25,72.75580596923828,75.94000244140625,77.68000030517578,75.7699966430664,77.0,7042200
2023-05-26,73.77135467529297,77.0,77.19000244140625,75.79000091552734,75.94000244140625,4419300
2023-05-30,73.54141235351562,76.76000213623047,77.18000030517578,76.45999908447266,76.95999908447266,4517400
2023-05-31,73.57015991210938,76.79000091552734,77.05999755859375,75.6500015258789,76.25,7077200
2023-06-01,73.43602752685547,76.6500015258789,77.12000274658203,76.29000091552734,76.44000244140625,5223600
2023-06-02,74.83480072021484,78.11000061035156,78.48999786376953,77.19999694824219,77.3499984741211,4910200
2023-06-05,75.55335235595703,78.86000061035156,78.88999938964844,77.91000366210938,77.91000366210938,4988400
2023-06-06,75.371337890625,78.66999816894531,79.37999725341797,78.58000183105469,78.83999633789062,5110600
2023-06-07,74.83480072021484,78.11000061035156,78.91000366210938,77.26000213623047,78.66000366210938,5521300
2023-06-08,74.49949645996094,77.76000213623047,78.3499984741211,77.44000244140625,78.12000274658203,4746800
2023-06-09,76.03239440917969,79.36000061035156,79.66000366210938,78.08000183105469,78.29000091552734,4629800
2023-06-12,76.67431640625,80.02999877929688,80.23999786376953,79.33999633789062,79.66999816894531,4553400
2023-06-13,77.63237762451172,81.02999877929688,81.8499984741211,80.56999969482422,80.69999694824219,5186300
2023-06-14,76.54975891113281,79.9000015258789,81.05000305175781,79.62999725341797,80.86000061035156,4902500
2023-06-15,78.06351470947266,81.4800033569336,81.58999633789062,79.86000061035156,79.95999908447266,5003400
2023-06-16,77.85274505615234,81.26000213623047,82.16999816894531,80.94000244140625,82.0,8394200
2023-06-20,77.01921844482422,80.38999938964844,81.51000213623047,80.31999969482422,80.93000030517578,6513600
2023-06-21,77.47908782958984,80.87000274658203,81.16999816894531,80.16000366210938,80.6500015258789,4920500
2023-06-22,78.06351470947266,81.4800033569336,81.81999969482422,80.94000244140625,81.7699966430664,3763900
2023-06-23,78.61919403076172,82.05999755859375,82.29000091552734,81.05999755859375,81.16999816894531,4912100
2023-06-26,78.29344940185547,81.72000122070312,82.27999877929688,81.6500015258789,82.04000091552734,3650300
2023-06-27,79.32815551757812,82.80000305175781,83.27999877929688,82.31999969482422,82.31999969482422,4318600
2023-06-28,79.19403076171875,82.66000366210938,83.33999633789062,82.30000305175781,82.77999877929688,3972600
2023-06-29,80.22874450683594,83.73999786376953,83.83000183105469,83.08999633789062,83.33999633789062,4138700
2023-06-30,81.23473358154297,84.79000091552734,85.2300033569336,83.88999938964844,84.0,4579900
2023-07-03,80.70777893066406,84.23999786376953,84.9000015258789,84.23999786376953,84.41000366210938,2181800
2023-07-05,81.14849090576172,84.69999694824219,84.75,83.87999725341797,84.02999877929688,4912900
2023-07-06,79.94133758544922,83.44000244140625,84.7300033569336,83.3499984741211,84.38999938964844,4677100
2023-07-07,79.23234558105469,82.69999694824219,83.25,82.54000091552734,83.0,4533100
2023-07-10,80.06586456298828,83.56999969482422,83.66000366210938,82.25,82.25,3807000
2023-07-11,81.18681335449219,84.73999786376953,84.83000183105469,83.5999984741211,83.95999908447266,3722600
2023-07-12,81.67544555664062,85.25,86.43000030517578,85.1500015258789,86.1500015258789,6298800
2023-07-13,81.37843322753906,84.94000244140625,85.69000244140625,84.75,85.33999633789062,6468300
2023-07-14,81.35926055908203,84.91999816894531,84.94000244140625,83.98999786376953,84.66000366210938,3865200
2023-07-17,81.53173065185547,85.0999984741211,85.86000061035156,84.77999877929688,85.16999816894531,3126500
2023-07-18,81.58921813964844,85.16000366210938,85.66999816894531,84.55999755859375,85.12000274658203,4254000
2023-07-19,82.00118255615234,85.58999633789062,85.73999786376953,84.83000183105469,84.95999908447266,3002300
2023-07-20,81.8478775024414,85.43000030517578,86.19999694824219,85.36000061035156,85.83999633789062,2904100
2023-07-21,81.9916000366211,85.58000183105469,86.11000061035156,85.36000061035156,85.7699966430664,3575500
2023-07-24,82.95923614501953,86.58999633789062,86.68000030517578,85.41999816894531,85.5,2827400
2023-07-25,83.62031555175781,87.27999877929688,87.45999908447266,85.81999969482422,86.41000366210938,4648600
2023-07-26,83.75443267822266,87.41999816894531,87.62999725341797,86.6500015258789,87.20999908447266,3505400
2023-07-27,82.82511901855469,86.44999694824219,87.5999984741211,86.37999725341797,87.5,3708200
2023-07-28,83.20833587646484,86.8499984741211,87.43000030517578,86.41999816894531,86.73999786376953,3105500
2023-07-31,82.90176391601562,86.52999877929688,87.0,86.05999755859375,86.87000274658203,3202500
2023-08-01,82.74848175048828,86.37000274658203,87.23999786376953,86.22000122070312,86.52999877929688,3963500
2023-08-02,82.02033996582031,85.61000061035156,86.87999725341797,85.55000305175781,86.31999969482422,3552500
2023-08-03,82.41315460205078,86.0199966430664,86.66999816894531,85.5199966430664,85.62999725341797,3361300
2023-08-04,81.86702728271484,85.44999694824219,86.62000274658203,85.2699966430664,86.55999755859375,2470700
2023-08-07,82.67181396484375,86.29000091552734,86.5999984741211,85.88999938964844,86.0,2694800
2023-08-08,82.94966125488281,86.58000183105469,86.61000061035156,85.3499984741211,86.29000091552734,3020000
2023-08-09,82.9237060546875,86.22000122070312,87.23999786376953,86.16999816894531,87.0,6829500
2023-08-10,82.9044418334961,86.19999694824219,87.80999755859375,86.1500015258789,86.75,4797800
2023-08-11,82.60631561279297,85.88999938964844,86.69999694824219,85.66000366210938,85.91999816894531,4656100
2023-08-14,82.91407012939453,86.20999908447266,87.20999908447266,86.11000061035156,86.31999969482422,6871700
2023-08-15,82.49088287353516,85.7699966430664,86.62000274658203,85.44000244140625,86.02999877929688,6082000
2023-08-16,85.89555358886719,89.30999755859375,90.19000244140625,87.83999633789062,88.75,15063200
2023-08-17,84.91455841064453,88.29000091552734,89.83999633789062,87.9800033569336,89.05999755859375,8543100
2023-08-18,86.09752655029297,89.5199966430664,89.62999725341797,88.31999969482422,88.5,7777700
2023-08-21,86.1937026977539,89.62000274658203,89.87999725341797,88.55999755859375,89.48999786376953,5617200
2023-08-22,85.6935806274414,89.0999984741211,89.29000091552734,88.43000030517578,89.0,4343500
2023-08-23,86.56879425048828,90.01000213623047,90.19000244140625,88.58999633789062,89.0199966430664,4478900
2023-08-24,84.93379211425781,88.30999755859375,90.30000305175781,88.26000213623047,90.0,4747400
2023-08-25,85.42428588867188,88.81999969482422,89.18000030517578,87.80999755859375,88.80999755859375,4277800
2023-08-28,86.82847595214844,90.27999877929688,90.4000015258789,88.58000183105469,88.75,5083700
2023-08-29,87.49210357666016,90.97000122070312,91.22000122070312,89.97000122070312,90.0,4700000
2023-08-30,88.61735534667969,92.13999938964844,92.33000183105469,90.91000366210938,91.19999694824219,5520800
2023-08-31,88.9443588256836,92.4800033569336,92.87000274658203,91.88999938964844,91.98999786376953,6427600
2023-09-01,89.0982437133789,92.63999938964844,92.80000305175781,92.04000091552734,92.5,4450700
2023-09-05,88.11724853515625,91.62000274658203,92.5,91.55000305175781,92.5,4171000
2023-09-06,87.29014587402344,90.76000213623047,91.58999633789062,90.48999786376953,91.48999786376953,6003400
2023-09-07,87.95375061035156,91.44999694824219,91.7300033569336,90.79000091552734,90.88999938964844,4940900
2023-09-08,87.95375061035156,91.44999694824219,92.13999938964844,91.37999725341797,91.6500015258789,4720600
2023-09-11,88.07878112792969,91.58000183105469,92.02999877929688,91.23999786376953,91.81999969482422,4042200
2023-09-12,88.65584564208984,92.18000030517578,92.31999969482422,91.41999816894531,91.45999908447266,3678300
2023-09-13,89.36754608154297,92.91999816894531,93.0,92.19000244140625,92.55999755859375,5481900
2023-09-14,90.01193237304688,93.58999633789062,93.77999877929688,92.41999816894531,92.5999984741211,5182500
2023-09-15,88.90589904785156,92.44000244140625,93.4000015258789,92.33000183105469,93.2300033569336,7606900
2023-09-18,88.42499542236328,91.94000244140625,92.97000122070312,91.79000091552734,92.37000274658203,4274100
2023-09-19,87.52095031738281,91.0,92.11000061035156,90.47000122070312,91.80999755859375,6972400
2023-09-20,87.19393920898438,90.66000366210938,91.55999755859375,90.56999969482422,91.1500015258789,5076200
2023-09-21,85.76089477539062,89.16999816894531,90.5999984741211,88.94999694824219,90.37999725341797,4975600
2023-09-22,85.75130462646484,89.16000366210938,89.9000015258789,88.94000244140625,89.11000061035156,4352200
2023-09-25,84.88571166992188,88.26000213623047,89.20999908447266,88.05999755859375,88.88999938964844,4273300
2023-09-26,84.5106201171875,87.87000274658203,88.77999877929688,87.81999969482422,88.4000015258789,3867300
2023-09-27,84.74143981933594,88.11000061035156,88.86000061035156,87.47000122070312,88.0999984741211,4913600
2023-09-28,86.15524291992188,89.58000183105469,89.63999938964844,88.58999633789062,88.58999633789062,6608600
2023-09-29,85.48200225830078,88.87999725341797,90.08000183105469,88.80000305175781,89.8499984741211,5420900
2023-10-02,85.2896499633789,88.68000030517578,89.61000061035156,88.3499984741211,88.55000305175781,4685600
2023-10-03,84.49137878417969,87.8499984741211,89.33999633789062,87.29000091552734,88.83000183105469,5094600
2023-10-04,84.67411041259766,88.04000091552734,88.37000274658203,87.0199966430664,87.9000015258789,4349200
2023-10-05,84.4721450805664,87.83000183105469,88.47000122070312,87.47000122070312,88.18000030517578,3649500
2023-10-06,85.17424011230469,88.55999755859375,89.05999755859375,86.70999908447266,87.76000213623047,3947300
2023-10-09,85.31849670410156,88.70999908447266,88.7300033569336,87.33999633789062,87.87000274658203,3487100
2023-10-10,85.26080322265625,88.6500015258789,89.63999938964844,88.44000244140625,88.88999938964844,5786000
2023-10-11,85.83785247802734,89.25,89.56999969482422,88.58999633789062,89.19999694824219,3916100
2023-10-12,85.52047729492188,88.91999816894531,89.55999755859375,88.2300033569336,89.37999725341797,2808300
2023-10-13,85.21271514892578,88.5999984741211,89.16000366210938,88.2300033569336,88.93000030517578,2846000
2023-10-16,86.25141906738281,89.68000030517578,90.30999755859375,88.88999938964844,89.0,6125100
2023-10-17,87.14584350585938,90.61000061035156,90.95999908447266,89.33999633789062,89.56999969482422,4373500
2023-10-18,86.9919662475586,90.44999694824219,91.18000030517578,90.26000213623047,90.33000183105469,3701100
2023-10-19,86.39568328857422,89.83000183105469,90.94000244140625,89.08000183105469,90.52999877929688,4276200
2023-10-20,85.6935806274414,89.0999984741211,90.0,88.87000274658203,89.95999908447266,4166200
2023-10-23,84.95303344726562,88.33000183105469,89.19999694824219,87.91000366210938,88.88999938964844,3395000
2023-10-24,86.0398178100586,89.45999908447266,90.08000183105469,88.80999755859375,88.80999755859375,4186400
2023-10-25,85.54933166503906,88.94999694824219,89.62999725341797,88.38999938964844,89.36000061035156,3951300
2023-10-26,84.56830596923828,87.93000030517578,89.58000183105469,87.86000061035156,88.83000183105469,4031600
2023-10-27,83.85661315917969,87.19000244140625,88.47000122070312,86.91999816894531,87.91000366210938,3553200
2023-10-30,84.89533233642578,88.2699966430664,88.54000091552734,87.05000305175781,87.43000030517578,3453300
2023-10-31,84.70295715332031,88.06999969482422,88.44999694824219,87.30999755859375,88.37999725341797,6610000
2023-11-01,84.693359375,88.05999755859375,88.69999694824219,87.22000122070312,88.55000305175781,5079600
2023-11-02,86.48223114013672,89.91999816894531,90.27999877929688,88.08999633789062,88.30999755859375,8158100
2023-11-03,87.52095031738281,91.0,91.5199966430664,90.61000061035156,90.68000030517578,3978400
2023-11-06,87.3766860961914,90.8499984741211,91.41999816894531,90.68000030517578,90.98999786376953,4686800
2023-11-07,87.29975128173828,90.7699966430664,91.41999816894531,90.62000274658203,91.05000305175781,4438400
2023-11-08,87.28333282470703,90.41999816894531,91.16999816894531,90.31999969482422,90.52999877929688,8107400
2023-11-09,87.90113067626953,91.05999755859375,91.63999938964844,90.05999755859375,90.62000274658203,7382800
2023-11-10,88.03627014160156,91.19999694824219,91.5199966430664,89.7300033569336,91.44000244140625,6767300
2023-11-13,87.97836303710938,91.13999938964844,91.63999938964844,90.55999755859375,91.08999633789062,5520700
2023-11-14,89.29117584228516,92.5,93.25,91.91000366210938,92.04000091552734,7076000
2023-11-15,86.3276596069336,89.43000030517578,90.91000366210938,88.5199966430664,89.80000305175781,11607300
2023-11-16,85.30445861816406,88.37000274658203,89.69000244140625,87.26000213623047,88.76000213623047,9584200
2023-11-17,85.75814056396484,88.83999633789062,90.1500015258789,88.79000091552734,89.12999725341797,9344700
2023-11-20,86.4338607788086,89.54000091552734,89.80000305175781,88.3499984741211,88.66000366210938,7061600
2023-11-21,85.98016357421875,89.06999969482422,90.0,88.44000244140625,89.77999877929688,6659800
2023-11-22,86.82963562011719,89.94999694824219,90.4000015258789,89.22000122070312,89.66999816894531,4982200
2023-11-24,86.84895324707031,89.97000122070312,90.5999984741211,89.55000305175781,90.36000061035156,2066400
2023-11-27,86.00911712646484,89.0999984741211,89.91000366210938,89.01000213623047,89.70999908447266,6165500
2023-11-28,86.0477294921875,89.13999938964844,89.4800033569336,88.75,88.91000366210938,3865000
2023-11-29,85.04379272460938,88.0999984741211,89.5999984741211,87.8499984741211,89.44000244140625,5014600
2023-11-30,85.053466796875,88.11000061035156,88.66000366210938,87.79000091552734,88.37000274658203,11206300
2023-12-01,85.9511947631836,89.04000091552734,89.38999938964844,87.91999816894531,88.30999755859375,4964500
2023-12-04,85.49750518798828,88.56999969482422,89.68000030517578,88.30000305175781,88.54000091552734,5884400
2023-12-05,84.94728088378906,88.0,88.4000015258789,87.44000244140625,88.23999786376953,3840200
2023-12-06,85.48786163330078,88.55999755859375,89.04000091552734,87.97000122070312,87.97000122070312,5102500
2023-12-07,85.80641174316406,88.88999938964844,89.29000091552734,88.5,88.7699966430664,4210200
2023-12-08,86.03807830810547,89.12999725341797,89.30000305175781,88.43000030517578,89.02999877929688,5124900
2023-12-11,87.62120056152344,90.7699966430664,90.87999725341797,89.66000366210938,89.66000366210938,4891000
2023-12-12,88.00733184814453,91.16999816894531,91.4000015258789,90.4000015258789,90.68000030517578,4237200
2023-12-13,88.70233917236328,91.88999938964844,91.88999938964844,90.87000274658203,91.54000091552734,5567000
2023-12-14,86.82963562011719,89.94999694824219,92.30999755859375,89.86000061035156,92.12999725341797,7156000
2023-12-15,86.19253540039062,89.29000091552734,90.12000274658203,88.58000183105469,89.41000366210938,9827600
2023-12-18,86.70413970947266,89.81999969482422,90.30999755859375,89.37000274658203,89.73999786376953,4367300
2023-12-19,88.1135025024414,91.27999877929688,91.37999725341797,89.5199966430664,89.5199966430664,4429400
2023-12-20,86.9358139038086,90.05999755859375,91.19999694824219,90.04000091552734,90.91999816894531,4783100
2023-12-21,88.21003723144531,91.37999725341797,91.48999786376953,90.2699966430664,90.4000015258789,5376200
2023-12-22,88.6637191772461,91.8499984741211,91.97000122070312,91.30000305175781,91.56999969482422,3463200
2023-12-26,89.57112121582031,92.79000091552734,92.87000274658203,91.83000183105469,91.91999816894531,3275600
2023-12-27,89.55179595947266,92.7699966430664,93.1500015258789,92.37000274658203,92.7699966430664,3525300
2023-12-28,90.00550842285156,93.23999786376953,93.68000030517578,92.69000244140625,92.9800033569336,3249100
2023-12-29,90.55573272705078,93.80999755859375,94.29000091552734,93.37999725341797,93.58999633789062,5342500
2024-01-02,90.04411315917969,93.27999877929688,94.2300033569336,92.83000183105469,93.08999633789062,5273500
2024-01-03,88.51892852783203,91.69999694824219,93.25,91.66000366210938,93.05999755859375,5337800
2024-01-04,89.56146240234375,92.77999877929688,93.08000183105469,91.30999755859375,91.81999969482422,5328000
2024-01-05,88.5285873413086,91.70999908447266,93.22000122070312,91.55999755859375,92.6500015258789,4533700
2024-01-08,89.60008239746094,92.81999969482422,92.94999694824219,91.58999633789062,91.58999633789062,4716100
2024-01-09,89.8510513305664,93.08000183105469,93.20999908447266,92.19999694824219,92.5,3609400
2024-01-10,90.8742904663086,94.13999938964844,94.45999908447266,93.08000183105469,93.08000183105469,4653800
2024-01-11,91.9457778930664,95.25,95.33999633789062,93.91000366210938,94.33999633789062,4287900
2024-01-12,91.7334213256836,95.02999877929688,95.6500015258789,94.80000305175781,95.6500015258789,2958900
2024-01-16,92.54428100585938,95.87000274658203,95.91999816894531,95.08000183105469,95.08000183105469,5972000
2024-01-17,91.11561584472656,94.38999938964844,95.58999633789062,94.30999755859375,95.43000030517578,5530800
2024-01-18,91.46312713623047,94.75,94.9800033569336,94.05999755859375,94.30999755859375,4390100
2024-01-19,92.18710327148438,95.5,95.69999694824219,94.2699966430664,95.16000366210938,4138600
2024-01-22,91.8299331665039,95.12999725341797,95.6500015258789,94.77999877929688,95.5199966430664,3974100
2024-01-23,91.76236724853516,95.05999755859375,95.66000366210938,94.9800033569336,95.1500015258789,3387500
2024-01-24,91.65617370605469,94.94999694824219,95.63999938964844,94.88999938964844,95.2300033569336,3438900
2024-01-25,92.1967544555664,95.51000213623047,95.91000366210938,95.04000091552734,95.36000061035156,4326700
2024-01-26,93.03659057617188,96.37999725341797,96.44999694824219,95.54000091552734,95.69000244140625,4163600
2024-01-29,93.06555938720703,96.41000366210938,96.8499984741211,95.62999725341797,96.37999725341797,3636500
2024-01-30,93.46131896972656,96.81999969482422,96.8499984741211,95.62000274658203,96.16000366210938,4112800
2024-01-31,91.61756896972656,94.91000366210938,97.0,94.66000366210938,97.0,4967000
2024-02-01,93.69298553466797,97.05999755859375,97.08000183105469,94.70999908447266,94.95999908447266,4608900
2024-02-02,94.12737274169922,97.51000213623047,98.05000305175781,96.25,96.94000244140625,3973400
2024-02-05,93.2972183227539,96.6500015258789,96.73999786376953,95.16000366210938,96.5,5466200
2024-02-06,93.73159790039062,97.0999984741211,97.2300033569336,96.04000091552734,96.5,4410700
2024-02-07,94.43628692626953,97.83000183105469,98.29000091552734,97.4000015258789,97.54000091552734,4641900
2024-02-08,94.94789123535156,98.36000061035156,99.44999694824219,98.12999725341797,98.5,6246100
2024-02-09,95.3243637084961,98.75,99.06999969482422,98.01000213623047,98.23999786376953,3488200
2024-02-12,94.67760467529297,98.08000183105469,98.86000061035156,97.77999877929688,98.66000366210938,4062500
2024-02-13,94.56175231933594,97.95999908447266,98.04000091552734,97.13999938964844,97.18000030517578,4190200
2024-02-14,94.1191177368164,97.16999816894531,98.22000122070312,96.6500015258789,97.91000366210938,4765700
2024-02-15,94.86495208740234,97.94000244140625,98.33000183105469,97.20999908447266,97.41999816894531,4802900
2024-02-16,94.96179962158203,98.04000091552734,98.48999786376953,97.04000091552734,97.98999786376953,4470000
2024-02-20,94.30316162109375,97.36000061035156,98.41000366210938,97.2699966430664,97.80000305175781,5591600
2024-02-21,95.08771514892578,98.16999816894531,98.41999816894531,97.11000061035156,97.7300033569336,5690400
2024-02-22,95.99820709228516,99.11000061035156,99.12999725341797,98.3499984741211,98.7699966430664,5463200
2024-02-23,96.25972747802734,99.37999725341797,99.63999938964844,98.76000213623047,99.16999816894531,4581400
2024-02-26,96.11444091796875,99.2300033569336,99.69000244140625,98.43000030517578,99.52999877929688,4688600
2024-02-27,97.36392974853516,100.5199966430664,100.73999786376953,99.0199966430664,99.13999938964844,5436200
2024-02-28,97.92572021484375,101.0999984741211,102.83999633789062,99.97000122070312,100.87999725341797,7555500
2024-02-29,96.02726745605469,99.13999938964844,100.16000366210938,98.56999969482422,100.04000091552734,10568000
2024-03-01,95.41706085205078,98.51000213623047,99.55999755859375,97.91000366210938,99.37999725341797,7110400
2024-03-04,94.86495208740234,97.94000244140625,98.63999938964844,97.7699966430664,98.16000366210938,5319400
2024-03-05,94.33220672607422,97.38999938964844,98.38999938964844,97.29000091552734,97.69999694824219,5982700
2024-03-06,93.373291015625,96.4000015258789,97.66999816894531,96.22000122070312,97.25,6421400
2024-03-07,92.7533950805664,95.76000213623047,97.54000091552734,95.62000274658203,96.94999694824219,6760100
2024-03-08,92.89869689941406,95.91000366210938,96.63999938964844,95.7699966430664,95.81999969482422,5372600
2024-03-11,93.44110107421875,96.47000122070312,96.83000183105469,95.55999755859375,96.33000183105469,4185200
2024-03-12,94.16755676269531,97.22000122070312,97.44999694824219,96.26000213623047,96.47000122070312,4130900
2024-03-13,94.9811782836914,98.05999755859375,98.0999984741211,97.16000366210938,97.33000183105469,3919000
2024-03-14,95.53328704833984,98.62999725341797,98.6500015258789,97.68000030517578,98.5,5858300
2024-03-15,94.48719787597656,97.55000305175781,98.62999725341797,97.20999908447266,98.31999969482422,7609900
2024-03-18,93.1989517211914,96.22000122070312,97.55000305175781,96.16000366210938,97.55000305175781,4780400
2024-03-19,95.32987213134766,98.41999816894531,98.47000122070312,96.27999877929688,96.44999694824219,5573300
2024-03-20,95.77543640136719,98.87999725341797,98.87999725341797,97.7300033569336,98.4800033569336,5825800
2024-03-21,96.06600189208984,99.18000030517578,99.5999984741211,98.54000091552734,98.80000305175781,4962000
2024-03-22,96.35659790039062,99.4800033569336,99.62999725341797,98.4800033569336,98.83000183105469,5138400
2024-03-25,95.097412109375,98.18000030517578,99.58999633789062,98.13999938964844,99.52999877929688,6915400
2024-03-26,96.18224334716797,99.30000305175781,99.38999938964844,98.20999908447266,98.25,5256900
2024-03-27,97.90636444091797,101.08000183105469,101.61000061035156,100.08000183105469,100.08000183105469,5461600
2024-03-28,98.23567962646484,101.41999816894531,102.04000091552734,100.88999938964844,101.22000122070312,4778100
2024-04-01,96.56968688964844,99.69999694824219,101.16000366210938,99.36000061035156,101.05000305175781,3731300
2024-04-02,96.34690856933594,99.47000122070312,99.5199966430664,98.58999633789062,99.37000274658203,4350100
2024-04-03,94.22566986083984,97.27999877929688,99.70999908447266,97.1500015258789,99.41000366210938,5036200
2024-04-04,92.74369812011719,95.75,98.25,95.58000183105469,97.86000061035156,5660700
2024-04-05,93.7704086303711,96.80999755859375,97.27999877929688,95.93000030517578,96.16000366210938,5866100
2024-04-08,93.2086410522461,96.2300033569336,96.97000122070312,96.22000122070312,96.47000122070312,5390200
2024-04-09,94.05130767822266,97.0999984741211,97.29000091552734,96.30000305175781,96.9800033569336,7992300
2024-04-10,93.2570571899414,96.27999877929688,97.0999984741211,96.11000061035156,96.61000061035156,3910700
2024-04-11,92.85025787353516,95.86000061035156,96.51000213623047,94.83999633789062,96.18000030517578,4845100
2024-04-12,91.45545959472656,94.41999816894531,95.33999633789062,93.91999816894531,94.91999816894531,3951600
2024-04-15,90.06067657470703,92.9800033569336,95.43000030517578,92.94999694824219,95.33000183105469,5194900
2024-04-16,90.44811248779297,93.37999725341797,93.88999938964844,92.98999786376953,93.01000213623047,4063500
2024-04-17,90.20596313476562,93.12999725341797,94.26000213623047,92.80999755859375,94.26000213623047,4768400
2024-04-18,89.75072479248047,92.66000366210938,93.69999694824219,92.5199966430664,93.6500015258789,3290800
2024-04-19,90.42874145507812,93.36000061035156,93.38999938964844,92.3499984741211,93.0199966430664,6043900
2024-04-22,91.12614440917969,94.08000183105469,94.61000061035156,93.31999969482422,94.12999725341797,4114500
2024-04-23,91.532958984375,94.5,94.66999816894531,93.48999786376953,94.47000122070312,5843600
2024-04-24,92.28845977783203,95.27999877929688,95.48999786376953,93.83000183105469,94.08000183105469,6897000
2024-04-25,93.39266204833984,96.41999816894531,97.4800033569336,94.47000122070312,97.3499984741211,6248700
2024-04-26,93.33455657958984,96.36000061035156,97.87999725341797,96.29000091552734,96.63999938964844,3748400
2024-04-29,91.89134979248047,94.87000274658203,96.29000091552734,94.62000274658203,96.06999969482422,4631000
2024-04-30,91.13581085205078,94.08999633789062,94.91000366210938,94.05000305175781,94.61000061035156,5117000
2024-05-01,90.87430572509766,93.81999969482422,94.41999816894531,93.38999938964844,93.55999755859375,5363900
2024-05-02,91.9300765991211,94.91000366210938,95.58000183105469,94.31999969482422,95.5,6314400
2024-05-03,92.12379455566406,95.11000061035156,95.5,94.51000213623047,95.2699966430664,5893900
2024-05-06,94.39033508300781,97.44999694824219,97.66000366210938,95.37999725341797,95.41999816894531,6229600
2024-05-07,94.8455581665039,97.91999816894531,98.2699966430664,97.4800033569336,97.5999984741211,4749300
2024-05-08,95.40736389160156,98.5,98.55999755859375,97.47000122070312,97.80000305175781,5814400
2024-05-09,95.80448913574219,98.91000366210938,99.29000091552734,98.55000305175781,98.69999694824219,6000600
2024-05-10,95.70763397216797,98.80999755859375,99.58000183105469,98.55999755859375,99.2699966430664,2906000
2024-05-13,95.64952087402344,98.75,99.61000061035156,98.56999969482422,99.06999969482422,4146600
2024-05-14,95.93041229248047,99.04000091552734,99.30999755859375,98.08000183105469,99.0199966430664,5709600
2024-05-15,95.75053405761719,98.4800033569336,99.3499984741211,98.19999694824219,98.5,4246800
2024-05-16,96.17833709716797,98.91999816894531,99.45999908447266,98.73999786376953,98.81999969482422,3592000
2024-05-17,97.51036071777344,100.29000091552734,100.37999725341797,98.70999908447266,99.20999908447266,6467500
2024-05-20,95.07965087890625,97.79000091552734,99.88999938964844,97.72000122070312,99.55000305175781,7054100
2024-05-21,94.99215698242188,97.69999694824219,98.73999786376953,97.52999877929688,98.4000015258789,7664700
2024-05-22,98.3173599243164,101.12000274658203,104.9800033569336,100.79000091552734,102.0999984741211,14857300
2024-05-23,97.38396453857422,100.16000366210938,100.98999786376953,99.22000122070312,99.66000366210938,7430400
2024-05-24,99.30909729003906,102.13999938964844,102.56999969482422,100.69999694824219,100.88999938964844,5625200
2024-05-28,98.60905456542969,101.41999816894531,102.9800033569336,101.33000183105469,102.0,5090300
2024-05-29,98.62849426269531,101.44000244140625,101.98999786376953,101.01000213623047,101.06999969482422,5367100
2024-05-30,100.50499725341797,103.37000274658203,104.30000305175781,101.80000305175781,101.98999786376953,9088700
2024-05-31,100.24248504638672,103.0999984741211,104.2699966430664,102.9000015258789,103.44999694824219,26987100
2024-06-03,102.51764678955078,105.44000244140625,105.66999816894531,103.69999694824219,103.69999694824219,7160100
2024-06-04,102.93571472167969,105.87000274658203,105.94999694824219,104.25,105.06999969482422,5068200
2024-06-05,104.80249786376953,107.79000091552734,107.81999969482422,105.52999877929688,106.05999755859375,5377000
2024-06-06,103.96633911132812,106.93000030517578,107.94999694824219,106.51000213623047,107.80000305175781,9229900
2024-06-07,104.46219635009766,107.44000244140625,108.58000183105469,107.12000274658203,107.4000015258789,8043300
2024-06-10,104.34552001953125,107.31999969482422,107.5199966430664,106.37000274658203,107.26000213623047,4502700
2024-06-11,104.11217498779297,107.08000183105469,107.4000015258789,106.81999969482422,107.30000305175781,4010400
2024-06-12,104.12190246582031,107.08999633789062,107.66000366210938,106.18000030517578,107.12999725341797,4297700
2024-06-13,105.25946807861328,108.26000213623047,108.45999908447266,106.88999938964844,107.13999938964844,5636600
2024-06-14,105.4928207397461,108.5,108.81999969482422,107.83999633789062,107.94000244140625,3698700
2024-06-17,107.16514587402344,110.22000122070312,110.58000183105469,108.0999984741211,108.0999984741211,5444900
2024-06-18,107.20403289794922,110.26000213623047,110.70999908447266,109.7300033569336,110.19999694824219,4869000
2024-06-20,107.32070922851562,110.37999725341797,111.33999633789062,109.7300033569336,110.06999969482422,7622200
2024-06-21,107.93324279785156,111.01000213623047,111.11000061035156,109.9000015258789,110.16999816894531,9206200
2024-06-24,107.9721450805664,111.05000305175781,111.56999969482422,110.77999877929688,111.11000061035156,4657500
2024-06-25,107.60267639160156,110.66999816894531,111.37000274658203,109.94999694824219,111.12000274658203,3931100
2024-06-26,107.47627258300781,110.54000091552734,111.79000091552734,110.12999725341797,110.2699966430664,5966800
2024-06-27,107.48601531982422,110.55000305175781,110.83000183105469,109.83000183105469,110.51000213623047,3377500
2024-06-28,107.04846954345703,110.0999984741211,110.75,109.79000091552734,110.33999633789062,12781400
2024-07-01,107.51517486572266,110.58000183105469,111.26000213623047,109.55999755859375,110.66000366210938,4546500
2024-07-02,107.14569091796875,110.19999694824219,110.9000015258789,109.88999938964844,110.36000061035156,4955600
2024-07-03,107.3304214477539,110.38999938964844,111.12000274658203,110.20999908447266,110.30999755859375,2277500
2024-07-05,108.54579162597656,111.63999938964844,111.72000122070312,110.41000366210938,110.41000366210938,4408800
2024-07-08,109.09999084472656,112.20999908447266,112.27999877929688,111.1500015258789,111.87999725341797,5074700
2024-07-09,109.0416488647461,112.1500015258789,112.61000061035156,111.76000213623047,112.29000091552734,4328600
2024-07-10,109.83892059326172,112.97000122070312,112.97000122070312,111.63999938964844,112.73999786376953,4240700
2024-07-11,110.78204345703125,113.94000244140625,114.0199966430664,112.43000030517578,112.93000030517578,3520800
2024-07-12,111.13206481933594,114.30000305175781,115.3499984741211,114.0199966430664,114.30999755859375,3866000
2024-07-15,110.6556396484375,113.80999755859375,114.44000244140625,113.27999877929688,114.29000091552734,5555500
2024-07-16,111.83209991455078,115.0199966430664,115.23999786376953,113.91999816894531,113.97000122070312,3660000
2024-07-17,110.81121826171875,113.97000122070312,115.1500015258789,113.87999725341797,114.8499984741211,5012600
2024-07-18,109.89727020263672,113.02999877929688,114.29000091552734,112.0,113.81999969482422,7285200
2024-07-19,108.65274047851562,111.75,113.5199966430664,111.58999633789062,113.45999908447266,5721900
2024-07-22,110.07228088378906,113.20999908447266,113.58999633789062,112.0999984741211,112.30000305175781,4764600
2024-07-23,110.27645874023438,113.41999816894531,113.98999786376953,113.0999984741211,113.30999755859375,3203100
2024-07-24,108.1666030883789,111.25,113.13999938964844,111.1500015258789,113.05999755859375,4755500
2024-07-25,108.18604278564453,111.2699966430664,112.5999984741211,111.19000244140625,111.62999725341797,3570800
2024-07-26,108.73052978515625,111.83000183105469,112.5199966430664,111.51000213623047,111.76000213623047,4958700
2024-07-29,109.44027709960938,112.55999755859375,112.9800033569336,111.18000030517578,111.80999755859375,2579800
2024-07-30,110.10144805908203,113.23999786376953,113.36000061035156,112.6500015258789,112.76000213623047,3104600
2024-07-31,109.8875503540039,113.0199966430664,113.83000183105469,112.94000244140625,113.69999694824219,4360400
2024-08-01,110.50980377197266,113.66000366210938,113.95999908447266,112.69999694824219,113.79000091552734,3131400
2024-08-02,110.00421905517578,113.13999938964844,114.19000244140625,111.62000274658203,113.06999969482422,3369800
2024-08-05,105.87200164794922,108.88999938964844,112.48999786376953,107.83000183105469,111.55999755859375,8563600
2024-08-06,106.37759399414062,109.41000366210938,110.55000305175781,108.55999755859375,109.27999877929688,5045200
2024-08-07,104.9386215209961,107.93000030517578,111.02999877929688,107.76000213623047,109.9000015258789,4856500
2024-08-08,106.87345886230469,109.91999816894531,110.02999877929688,108.2699966430664,108.51000213623047,5158700
2024-08-09,107.63182830810547,110.69999694824219,111.0,109.4800033569336,109.68000030517578,7202100
2024-08-12,108.30272674560547,111.38999938964844,111.55000305175781,110.16000366210938,111.06999969482422,4437100
2024-08-13,107.96240997314453,111.04000091552734,111.72000122070312,110.43000030517578,111.3499984741211,4675500
2024-08-14,106.05674743652344,109.08000183105469,110.31999969482422,107.70999908447266,108.2300033569336,7077800
2024-08-15,108.76414489746094,111.4800033569336,111.70999908447266,110.23999786376953,110.56999969482422,5625500
2024-08-16,108.73486328125,111.44999694824219,111.95999908447266,110.95999908447266,111.44000244140625,4656300
2024-08-19,109.7495346069336,112.48999786376953,112.69999694824219,111.80999755859375,111.87000274658203,7163100
2024-08-20,110.54955291748047,113.30999755859375,113.48999786376953,112.36000061035156,113.04000091552734,6750600
2024-08-21,117.30096435546875,120.2300033569336,120.88999938964844,117.91000366210938,119.88999938964844,11343400
2024-08-22,116.1009292602539,119.0,121.05999755859375,118.73999786376953,119.0199966430664,7843800
2024-08-23,116.55949401855469,119.47000122070312,120.54000091552734,118.47000122070312,120.12999725341797,4523900
2024-08-26,117.20341491699219,120.12999725341797,120.6500015258789,119.66999816894531,119.66999816894531,3939600
2024-08-27,117.1351089477539,120.05999755859375,120.52999877929688,119.19000244140625,119.48999786376953,4680000
2024-08-28,116.37409973144531,119.27999877929688,121.12999725341797,119.12999725341797,120.5,3906100
2024-08-29,114.5106430053711,117.37000274658203,119.94000244140625,117.2300033569336,119.30000305175781,5055000
2024-08-30,114.41307067871094,117.2699966430664,117.69000244140625,116.25,117.5,6369600
2024-09-03,114.67650604248047,117.54000091552734,118.2300033569336,116.66000366210938,117.86000061035156,5657500
2024-09-04,114.65697479248047,117.5199966430664,117.81999969482422,116.58000183105469,117.08999633789062,5540400
2024-09-05,115.13505554199219,118.01000213623047,118.13999938964844,116.45999908447266,117.62000274658203,5387800
2024-09-06,112.80327606201172,115.62000274658203,118.13999938964844,115.41000366210938,117.69000244140625,4827100
2024-09-09,114.21794891357422,117.06999969482422,117.7300033569336,115.9000015258789,116.0,5752200
2024-09-10,114.95942687988281,117.83000183105469,118.41000366210938,116.8499984741211,117.44999694824219,5160200
2024-09-11,114.97894287109375,117.8499984741211,117.93000030517578,116.37999725341797,117.93000030517578,3561200
2024-09-12,115.3399429321289,118.22000122070312,118.52999877929688,117.63999938964844,117.81999969482422,3287300
2024-09-13,116.89119720458984,119.80999755859375,120.01000213623047,118.37000274658203,118.80999755859375,3961000
2024-09-16,116.69607543945312,119.61000061035156,120.75,119.4800033569336,120.36000061035156,3392200
2024-09-17,114.96919250488281,117.83999633789062,120.23999786376953,117.47000122070312,119.52999877929688,3880100
2024-09-18,114.3935775756836,117.25,118.41999816894531,117.05999755859375,117.55999755859375,3183300
2024-09-19,115.40824127197266,118.29000091552734,118.73999786376953,117.75,118.5199966430664,3186800
2024-09-20,115.05699157714844,117.93000030517578,118.5,117.55000305175781,117.76000213623047,7024800
2024-09-23,114.27649688720703,117.12999725341797,118.55999755859375,116.44000244140625,118.52999877929688,3511600
2024-09-24,114.78382110595703,117.6500015258789,117.76000213623047,116.29000091552734,117.2300033569336,3354400
2024-09-25,115.25213623046875,118.12999725341797,118.16000366210938,117.11000061035156,117.9000015258789,3743100
2024-09-26,115.20335388183594,118.08000183105469,118.8499984741211,117.51000213623047,118.5,3797900
2024-09-27,114.6374740600586,117.5,118.04000091552734,117.30000305175781,117.80000305175781,2998100
2024-09-30,114.67650604248047,117.54000091552734,117.86000061035156,116.54000091552734,117.55999755859375,5350400
2024-10-01,113.79842376708984,116.63999938964844,117.52999877929688,115.72000122070312,117.5,7888700
2024-10-02,113.61305236816406,116.44999694824219,116.62999725341797,115.41000366210938,116.0,4315500
2024-10-03,112.25690460205078,115.05999755859375,115.8499984741211,114.23999786376953,115.5,4851700
2024-10-04,111.89594268798828,114.69000244140625,115.54000091552734,113.88999938964844,115.11000061035156,6480000
2024-10-07,109.39830017089844,112.12999725341797,114.63999938964844,111.22000122070312,114.30999755859375,6345200
2024-10-08,110.68614959716797,113.44999694824219,113.55999755859375,111.88999938964844,112.80000305175781,6289400
2024-10-09,111.20323944091797,113.9800033569336,114.2300033569336,113.19000244140625,113.41999816894531,3970800
2024-10-10,109.84708404541016,112.58999633789062,113.81999969482422,112.22000122070312,113.7300033569336,3453100
2024-10-11,110.95931243896484,113.7300033569336,113.87999725341797,112.3499984741211,112.62999725341797,3865500
2024-10-14,112.43253326416016,115.23999786376953,115.36000061035156,113.6500015258789,114.0199966430664,4697500
2024-10-15,113.9155044555664,116.76000213623047,117.66999816894531,115.54000091552734,115.83000183105469,7378400
2024-10-16,114.5399169921875,117.4000015258789,117.5,116.04000091552734,116.30000305175781,4688700
2024-10-17,114.61797332763672,117.4800033569336,118.55999755859375,117.20999908447266,118.06999969482422,2934400
2024-10-18,114.84236145019531,117.70999908447266,118.13999938964844,117.13999938964844,117.86000061035156,3478100
2024-10-21,112.84230041503906,115.66000366210938,117.62000274658203,114.87000274658203,117.55999755859375,4495600
2024-10-22,112.38375091552734,115.19000244140625,115.95999908447266,114.69000244140625,115.83999633789062,3900300
2024-10-23,111.43738555908203,114.22000122070312,115.19999694824219,114.12999725341797,114.62000274658203,4156400
2024-10-24,111.41786193847656,114.19999694824219,115.38999938964844,114.08999633789062,114.83999633789062,2847600
2024-10-25,111.04713439941406,113.81999969482422,114.80999755859375,113.56999969482422,114.56999969482422,2686900
2024-10-28,111.38859558105469,114.16999816894531,115.0,113.66000366210938,114.66000366210938,2798900
2024-10-29,111.33006286621094,114.11000061035156,114.97000122070312,112.77999877929688,113.16000366210938,3576500
2024-10-30,110.19831848144531,112.94999694824219,114.13999938964844,112.48999786376953,114.0999984741211,3763700
2024-10-31,110.2763900756836,113.02999877929688,113.55999755859375,112.04000091552734,112.3499984741211,3874200
2024-11-01,109.6519775390625,112.38999938964844,113.87999725341797,112.37999725341797,113.30999755859375,5067400
2024-11-04,109.94464874267578,112.69000244140625,113.52999877929688,111.7300033569336,112.73999786376953,4006800
2024-11-05,110.97883605957031,113.75,113.81999969482422,112.44999694824219,112.55999755859375,2962800
2024-11-06,112.81303405761719,115.62999725341797,116.94999694824219,114.08000183105469,116.13999938964844,11891300
2024-11-07,114.00331115722656,116.8499984741211,117.58000183105469,115.5199966430664,115.79000091552734,6897600
2024-11-08,114.95942687988281,117.83000183105469,118.61000061035156,116.47000122070312,116.51000213623047,5785700
2024-11-11,115.18382263183594,118.05999755859375,118.9800033569336,117.69000244140625,118.20999908447266,3537200
2024-11-12,116.93022155761719,119.8499984741211,120.0199966430664,117.77999877929688,118.66999816894531,3943200
2024-11-13,118.1790542602539,121.12999725341797,121.91999816894531,119.88999938964844,119.91000366210938,4511000
2024-11-14,117.3520736694336,119.91000366210938,122.0999984741211,119.91000366210938,120.18000030517578,5581000
2024-11-15,117.41079711914062,119.97000122070312,120.61000061035156,119.33999633789062,119.7300033569336,5103300
2024-11-18,117.11717987060547,119.66999816894531,120.97000122070312,119.45999908447266,120.01000213623047,5134500
2024-11-19,117.00953674316406,119.55999755859375,119.9000015258789,118.02999877929688,119.37000274658203,5794500
2024-11-20,117.18570709228516,119.73999786376953,120.69999694824219,116.75,119.44000244140625,8991000
2024-11-21,117.2150650024414,119.7699966430664,119.91000366210938,117.77999877929688,119.87000274658203,5204300
2024-11-22,118.87879180908203,121.47000122070312,121.70999908447266,119.05999755859375,120.25,6398500
2024-11-25,122.12798309326172,124.79000091552734,125.43000030517578,121.86000061035156,121.94000244140625,8925200
2024-11-26,123.50788116455078,126.19999694824219,126.44000244140625,124.43000030517578,125.04000091552734,4725000
2024-11-27,123.66448211669922,126.36000061035156,128.0,126.16999816894531,126.30000305175781,4491100
2024-11-29,123.0087661743164,125.69000244140625,126.55999755859375,125.69000244140625,126.13999938964844,2846700
2024-12-02,123.49811553955078,126.19000244140625,127.62000274658203,126.06999969482422,126.38999938964844,4818800
2024-12-03,122.08881378173828,124.75,126.80000305175781,124.25,126.58999633789062,3916000
2024-12-04,122.82283020019531,125.5,125.73999786376953,124.1500015258789,124.76000213623047,4785500
2024-12-05,123.2338638305664,125.91999816894531,126.80999755859375,125.25,125.56999969482422,4768000
2024-12-06,123.40023040771484,126.08999633789062,127.13999938964844,125.68000030517578,126.44000244140625,4064400
2024-12-09,123.21430969238281,125.9000015258789,126.7300033569336,125.5199966430664,126.4000015258789,6245800
2024-12-10,124.4865493774414,127.19999694824219,127.4000015258789,124.94000244140625,126.16000366210938,6186000
2024-12-11,124.10487365722656,126.80999755859375,127.91000366210938,126.56999969482422,127.30999755859375,5440600
2024-12-12,123.72319030761719,126.41999816894531,127.05000305175781,125.8499984741211,126.94000244140625,4727700
2024-12-13,122.18669128417969,124.8499984741211,126.8499984741211,124.83000183105469,126.43000030517578,4595400
2024-12-16,121.08079528808594,123.72000122070312,125.41000366210938,123.37000274658203,125.20999908447266,6990500
2024-12-17,120.43486785888672,123.05999755859375,124.9800033569336,122.9000015258789,124.2300033569336,6813000
2024-12-18,118.65370178222656,121.23999786376953,124.31999969482422,121.16000366210938,123.2699966430664,5808500
2024-12-19,118.61454772949219,121.19999694824219,123.27999877929688,121.01000213623047,122.41000366210938,7979800
2024-12-20,119.3974838256836,122.0,123.54000091552734,121.0,121.0999984741211,11714000
2024-12-23,119.17239379882812,121.7699966430664,122.12999725341797,120.30000305175781,121.54000091552734,5436900
2024-12-24,120.85570526123047,123.48999786376953,123.48999786376953,121.76000213623047,121.98999786376953,1476100
2024-12-26,122.34327697753906,125.01000213623047,125.2300033569336,123.4000015258789,123.44999694824219,2892800
2024-12-27,121.29609680175781,123.94000244140625,124.76000213623047,123.69000244140625,123.91999816894531,3471500
2024-12-30,118.50689697265625,121.08999633789062,122.63999938964844,120.61000061035156,122.20999908447266,3976600
2024-12-31,118.2328872680664,120.80999755859375,121.88999938964844,120.3499984741211,121.88999938964844,3600100
2025-01-02,118.56562805175781,121.1500015258789,122.13999938964844,120.75,121.70999908447266,3424400
2025-01-03,118.15457916259766,120.7300033569336,121.79000091552734,120.0199966430664,121.55000305175781,3897200
2025-01-06,118.30137634277344,120.87999725341797,121.72000122070312,120.36000061035156,120.73999786376953,5963400
2025-01-07,117.57716369628906,120.13999938964844,121.7699966430664,120.02999877929688,121.08999633789062,4500100
2025-01-08,119.0549545288086,121.6500015258789,122.01000213623047,119.51000213623047,120.16999816894531,5219200
2025-01-10,117.49887084960938,120.05999755859375,122.29000091552734,119.75,121.4800033569336,4355200
2025-01-13,117.33248901367188,119.88999938964844,120.19999694824219,117.88999938964844,120.05999755859375,4603700
2025-01-14,116.69635772705078,119.23999786376953,120.5999984741211,118.69000244140625,120.5,4652500
2025-01-15,116.56914520263672,119.11000061035156,120.41999816894531,118.47000122070312,120.33999633789062,4906300
2025-01-16,118.79071807861328,121.37999725341797,121.69000244140625,119.2300033569336,119.55000305175781,3840100
2025-01-17,119.25068664550781,121.8499984741211,122.83999633789062,121.47000122070312,122.58000183105469,4752400
2025-01-21,120.66976165771484,123.30000305175781,124.48999786376953,122.70999908447266,123.68000030517578,4859700
2025-01-22,119.955322265625,122.56999969482422,123.48999786376953,121.3499984741211,123.41000366210938,4256800
2025-01-23,119.98469543457031,122.5999984741211,123.06999969482422,122.20999908447266,122.5,3821400
2025-01-24,120.1119155883789,122.7300033569336,123.4800033569336,122.30999755859375,122.56999969482422,4470300
2025-01-27,122.23562622070312,124.9000015258789,125.31999969482422,123.04000091552734,123.0999984741211,4734000
2025-01-28,121.68756103515625,124.33999633789062,125.44999694824219,123.69999694824219,124.61000061035156,3350800
2025-01-29,121.56034088134766,124.20999908447266,125.30000305175781,124.0,124.27999877929688,3930500
2025-01-30,123.40023040771484,126.08999633789062,126.4800033569336,124.61000061035156,124.83000183105469,4334300
2025-01-31,122.12798309326172,124.79000091552734,126.22000122070312,124.62000274658203,125.91999816894531,3268400
2025-02-03,121.65821075439453,124.30999755859375,125.30999755859375,123.0999984741211,123.95999908447266,5635800
2025-02-04,122.47050476074219,125.13999938964844,125.38999938964844,124.26000213623047,124.30999755859375,5804900
2025-02-05,122.8326187133789,125.51000213623047,125.55999755859375,123.93000030517578,125.13999938964844,4381500
2025-02-06,123.46875,126.16000366210938,127.4800033569336,125.80000305175781,125.94000244140625,4769200
2025-02-07,122.03011322021484,124.69000244140625,126.80000305175781,124.44999694824219,126.0999984741211,3216700
2025-02-10,122.30413055419922,124.97000122070312,125.66000366210938,123.58000183105469,125.12000274658203,3765000
2025-02-11,122.02031707763672,124.68000030517578,124.81999969482422,123.91999816894531,124.47000122070312,2571300
2025-02-12,121.7560806274414,124.41000366210938,124.55000305175781,123.5999984741211,123.83000183105469,3453300
2025-02-13,123.5377197265625,125.8499984741211,126.12000274658203,124.2300033569336,124.5,2885700
2025-02-14,122.05545806884766,124.33999633789062,126.75,123.3499984741211,126.55000305175781,4192900
2025-02-18,121.55484008789062,123.83000183105469,124.3499984741211,122.2300033569336,124.0199966430664,5121300
2025-02-19,121.15237426757812,123.41999816894531,124.0,123.0,123.91999816894531,3678700
2025-02-20,120.720458984375,122.9800033569336,123.37999725341797,121.94999694824219,123.08999633789062,4662900
2025-02-21,118.88481903076172,121.11000061035156,123.06999969482422,120.66999816894531,122.93000030517578,5692800
2025-02-24,119.23821258544922,121.47000122070312,122.51000213623047,121.27999877929688,121.54000091552734,5293000
2025-02-25,120.44559478759766,122.69999694824219,123.37999725341797,121.5,121.5199966430664,6373500
2025-02-26,122.59536743164062,124.88999938964844,127.58000183105469,123.0,125.87999725341797,7545100
2025-02-27,121.2210922241211,123.48999786376953,126.45999908447266,123.1500015258789,126.0,5259600
2025-02-28,122.46775817871094,124.76000213623047,124.9000015258789,123.3499984741211,123.5999984741211,6043200
2025-03-03,121.2701644897461,123.54000091552734,125.98999786376953,123.05999755859375,124.43000030517578,4817500
2025-03-04,119.50324249267578,121.73999786376953,123.19999694824219,121.23999786376953,122.79000091552734,6264200
2025-03-05,120.77934265136719,123.04000091552734,123.2300033569336,121.19999694824219,121.33999633789062,6704900
2025-03-06,118.43327331542969,120.6500015258789,122.81999969482422,120.1500015258789,121.55999755859375,4834100
2025-03-07,117.07862091064453,119.2699966430664,120.58000183105469,117.25,120.01000213623047,6230100
2025-03-10,115.4491195678711,117.61000061035156,119.79000091552734,116.98999786376953,118.77999877929688,5952200
2025-03-11,113.98651123046875,116.12000274658203,117.61000061035156,115.7300033569336,117.45999908447266,6518900
2025-03-12,113.22081756591797,115.33999633789062,117.4000015258789,114.86000061035156,117.4000015258789,4063700
2025-03-13,110.73731231689453,112.80999755859375,114.97000122070312,112.0999984741211,114.97000122070312,6018600
2025-03-14,111.17903900146484,113.26000213623047,114.0,112.30000305175781,113.55999755859375,6411000
2025-03-17,112.41588592529297,114.5199966430664,115.08000183105469,113.37999725341797,113.88999938964844,4358400
2025-03-18,113.14230346679688,115.26000213623047,115.5199966430664,114.13999938964844,114.55999755859375,5874100
2025-03-19,115.69452667236328,117.86000061035156,118.2699966430664,115.30999755859375,115.7300033569336,6838200
2025-03-20,114.1141128540039,116.25,117.9800033569336,116.0,117.30000305175781,6841300
2025-03-21,113.98651123046875,116.12000274658203,116.30000305175781,113.9800033569336,115.33999633789062,7150700
2025-03-24,117.40255737304688,119.5999984741211,119.69999694824219,116.9800033569336,117.0,4315200
2025-03-25,117.67741394042969,119.87999725341797,120.7300033569336,119.41000366210938,119.5999984741211,4134700
2025-03-26,117.50071716308594,119.69999694824219,120.52999877929688,119.33000183105469,119.87000274658203,3004700
2025-03-27,118.354736328125,120.56999969482422,121.33999633789062,119.38999938964844,119.80999755859375,4003400
2025-03-28,116.03809356689453,118.20999908447266,120.2699966430664,117.20999908447266,120.0199966430664,3742300
2025-03-31,119.56214141845703,121.80000305175781,122.1500015258789,117.45999908447266,117.63999938964844,6828800
2025-04-01,120.4652328491211,122.72000122070312,122.87999725341797,121.25,121.44000244140625,4781900
2025-04-02,122.63463592529297,124.93000030517578,125.45999908447266,121.80999755859375,122.0,5002000
2025-04-03,123.12544250488281,125.43000030517578,128.0,123.12999725341797,123.79000091552734,11388100
2025-04-04,119.91553497314453,122.16000366210938,128.3300018310547,121.80000305175781,125.37000274658203,12964000
2025-04-07,116.94119262695312,119.12999725341797,123.98999786376953,116.37000274658203,120.04000091552734,12898300
2025-04-08,117.82465362548828,120.02999877929688,124.87000274658203,118.58999633789062,122.36000061035156,10926000
2025-04-09,123.73406219482422,126.05000305175781,128.99000549316406,119.75,119.75,12134400
2025-04-10,125.12796783447266,127.47000122070312,128.42999267578125,123.80999755859375,125.97000122070312,7583200
2025-04-11,125.79546356201172,128.14999389648438,129.02000427246094,125.9000015258789,126.52999877929688,6935500
2025-04-14,128.20046997070312,130.60000610351562,131.1999969482422,128.6300048828125,129.25999450683594,7093500
2025-04-15,126.1390380859375,128.5,131.3000030517578,128.2899932861328,130.50999450683594,5020900
2025-04-16,123.98927307128906,126.30999755859375,129.27000427246094,125.52999877929688,128.72999572753906,5569600
2025-04-17,125.27521514892578,127.62000274658203,127.9800033569336,126.18000030517578,126.7699966430664,5555200
2025-04-21,121.70209503173828,123.9800033569336,127.52999877929688,122.25,127.2300033569336,4946600
2025-04-22,123.40029907226562,125.70999908447266,126.76000213623047,124.0,124.5999984741211,4989300
2025-04-23,123.19416046142578,125.5,128.11000061035156,124.80999755859375,127.19000244140625,5612900
2025-04-24,124.17578887939453,126.5,127.02999877929688,123.91999816894531,124.69000244140625,4626200
2025-04-25,124.23467254638672,126.55999755859375,126.7699966430664,125.12000274658203,126.08999633789062,4205800
2025-04-28,124.79420471191406,127.12999725341797,127.79000091552734,126.11000061035156,126.7699966430664,3573200
2025-04-29,125.67766571044922,128.02999877929688,128.2100067138672,126.12999725341797,126.9000015258789,3886700
2025-04-30,126.31572723388672,128.67999267578125,128.8699951171875,126.5199966430664,127.9800033569336,5685800
2025-05-01,125.28501892089844,127.62999725341797,128.77999877929688,127.33999633789062,127.86000061035156,4585300
2025-05-02,126.83599853515625,129.2100067138672,129.77999877929688,128.22999572753906,129.0,4720700
2025-05-05,126.57095336914062,128.94000244140625,129.88999938964844,128.8000030517578,129.2100067138672,4869600
2025-05-06,126.09979248046875,128.4600067138672,128.8699951171875,127.4800033569336,127.62999725341797,3472100
2025-05-07,126.2862777709961,128.64999389648438,129.89999389648438,128.10000610351562,128.10000610351562,5967700
2025-05-08,125.73655700683594,128.08999633789062,130.27000427246094,127.7300033569336,129.07000732421875,4443600
2025-05-09,125.74639129638672,128.10000610351562,128.35000610351562,126.95999908447266,127.55999755859375,4131100
2025-05-12,129.07411193847656,131.49000549316406,131.5399932861328,128.6300048828125,130.30999755859375,4810500
2025-05-13,128.41641235351562,130.82000732421875,132.47000122070312,130.3699951171875,131.67999267578125,5471800
2025-05-14,128.83851623535156,131.25,131.52000427246094,130.0,130.5,5763100
2025-05-15,131.01988220214844,133.0399932861328,133.17999267578125,130.91000366210938,131.13999938964844,4846400
2025-05-16,131.31529235839844,133.33999633789062,133.89999389648438,132.47999572753906,133.0,4874400
2025-05-19,132.9796600341797,135.02999877929688,135.2899932861328,132.5500030517578,133.0800018310547,5118900
2025-05-20,132.88116455078125,134.92999267578125,135.85000610351562,134.25999450683594,134.8699951171875,7061100
2025-05-21,129.0404052734375,131.02999877929688,133.0,129.9600067138672,131.14999389648438,12025600
2025-05-22,127.61241149902344,129.5800018310547,131.36000061035156,129.1199951171875,130.38999938964844,5341800
2025-05-23,123.79132843017578,125.69999694824219,128.1199951171875,124.91999816894531,128.0,8787100
2025-05-27,126.01701354980469,127.95999908447266,128.24000549316406,126.36000061035156,126.63999938964844,7198200
2025-05-28,124.30343627929688,126.22000122070312,128.42999267578125,126.06999969482422,127.58999633789062,4344800
2025-05-29,125.14053344726562,127.06999969482422,127.93000030517578,126.69999694824219,127.3499984741211,6410900
2025-05-30,124.97311401367188,126.9000015258789,127.29000091552734,126.19999694824219,127.1500015258789,9364900
2025-06-02,126.47986602783203,128.42999267578125,128.4600067138672,125.87999725341797,126.25,6271000
2025-06-03,126.17457580566406,128.1199951171875,128.39999389648438,126.83000183105469,128.24000549316406,5132600
2025-06-04,126.12535095214844,128.07000732421875,129.07000732421875,127.55000305175781,128.22000122070312,4437200
2025-06-05,125.43597412109375,127.37000274658203,128.19000244140625,126.52999877929688,128.05999755859375,4693600
2025-06-06,126.49957275390625,128.4499969482422,128.7899932861328,127.30000305175781,127.94000244140625,4612900
2025-06-09,124.43145751953125,126.3499984741211,128.0800018310547,125.73999786376953,128.00999450683594,4754800
2025-06-10,124.12616729736328,126.04000091552734,126.58000183105469,125.45999908447266,125.69999694824219,4684800
2025-06-11,122.63909149169922,124.52999877929688,126.20999908447266,124.30000305175781,126.20999908447266,4145800
2025-06-12,122.57015991210938,124.45999908447266,124.94000244140625,123.55999755859375,124.47000122070312,4087600
2025-06-13,122.02851104736328,123.91000366210938,124.97000122070312,123.25,123.5,3786600
2025-06-16,122.3830337524414,124.2699966430664,125.31999969482422,124.08000183105469,124.55999755859375,4930200
2025-06-17,121.14217376708984,123.01000213623047,124.5999984741211,122.72000122070312,123.47000122070312,4264600
2025-06-18,120.67930603027344,122.54000091552734,123.5,122.41000366210938,123.44999694824219,4924800
2025-06-20,121.62474060058594,123.5,123.77999877929688,122.5,123.05000305175781,6729700
2025-06-23,122.86560821533203,124.76000213623047,124.97000122070312,122.72000122070312,123.44999694824219,4072700
2025-06-24,122.70803833007812,124.5999984741211,125.55000305175781,124.18000030517578,124.94999694824219,4546200
2025-06-25,120.62022399902344,122.4800033569336,124.75,122.44999694824219,124.48999786376953,4669700
2025-06-26,120.28538513183594,122.13999938964844,122.7699966430664,119.9000015258789,122.7699966430664,8415100
2025-06-27,121.50656127929688,123.37999725341797,123.79000091552734,121.63999938964844,121.9800033569336,9786300
2025-06-30,121.6148910522461,123.48999786376953,123.98999786376953,122.26000213623047,123.98999786376953,6228000
2025-07-01,123.25952911376953,125.16000366210938,125.6500015258789,123.16000366210938,123.66999816894531,5126200
2025-07-02,123.40725708007812,125.30999755859375,125.62999725341797,124.30999755859375,125.38999938964844,4790200
2025-07-03,123.94891357421875,125.86000061035156,126.11000061035156,124.7699966430664,125.3499984741211,2986600
2025-07-07,123.26937866210938,125.16999816894531,126.19999694824219,124.72000122070312,125.94999694824219,3945000
2025-07-08,123.3580093383789,125.26000213623047,125.6500015258789,124.1500015258789,125.0199966430664,5683300
2025-07-09,123.54512023925781,125.44999694824219,125.94999694824219,124.3499984741211,125.5199966430664,3818100
2025-07-10,122.27471160888672,124.16000366210938,125.37000274658203,123.98999786376953,125.0199966430664,5051100
2025-07-11,121.83154296875,123.70999908447266,124.16999816894531,123.37000274658203,123.7300033569336,4145900
2025-07-14,121.68382263183594,123.55999755859375,123.69000244140625,122.5199966430664,123.1500015258789,4651200
2025-07-15,119.89146423339844,121.73999786376953,123.79000091552734,121.72000122070312,123.19000244140625,4720500
2025-07-16,119.50738525390625,121.3499984741211,122.29000091552734,119.83999633789062,122.12999725341797,6151800
2025-07-17,120.31493377685547,122.16999816894531,122.38999938964844,121.0,121.05000305175781,3828200
2025-07-18,120.31493377685547,122.16999816894531,122.81999969482422,122.0,122.30000305175781,3464300
2025-07-21,123.04286193847656,124.94000244140625,125.16999816894531,122.30000305175781,122.48999786376953,4721900
2025-07-22,123.69284057617188,125.5999984741211,126.43000030517578,124.2300033569336,125.08000183105469,4284900
2025-07-23,124.4413070678711,126.36000061035156,127.04000091552734,125.93000030517578,126.19000244140625,4367500
2025-07-24,124.34282684326172,126.26000213623047,126.72000122070312,125.4000015258789,126.06999969482422,4722800
2025-07-25,124.52009582519531,126.44000244140625,127.0199966430664,125.95999908447266,126.76000213623047,5143200
2025-07-28,123.48604583740234,125.38999938964844,127.12999725341797,124.8499984741211,126.33999633789062,6114400
2025-07-29,124.45116424560547,126.37000274658203,127.0,125.5,126.0999984741211,5543300
2025-07-30,123.89965057373047,125.80999755859375,127.08000183105469,125.27999877929688,126.62999725341797,3193300
2025-07-31,122.63909149169922,124.52999877929688,125.7699966430664,124.37999725341797,124.94000244140625,4653000
2025-08-01,124.08677673339844,126.0,126.2300033569336,123.77999877929688,124.11000061035156,4855400
2025-08-04,127.25788116455078,129.22000122070312,129.22000122070312,126.30000305175781,126.41999816894531,4807800
2025-08-05,126.81471252441406,128.77000427246094,129.85000610351562,128.47999572753906,129.22999572753906,5178400
2025-08-06,130.09417724609375,132.10000610351562,132.16000366210938,128.6300048828125,128.91000366210938,4839400
2025-08-07,129.97596740722656,131.97999572753906,132.88999938964844,130.97999572753906,132.7100067138672,6154800
2025-08-08,129.375244140625,131.3699951171875,132.75,131.36000061035156,132.0800018310547,4629700
2025-08-11,130.38958740234375,132.39999389648438,132.4499969482422,130.8800048828125,131.7899932861328,3304200
2025-08-12,131.36456298828125,133.38999938964844,133.66000366210938,132.3300018310547,132.80999755859375,4284500
2025-08-13,132.06378173828125,134.10000610351562,134.22999572753906,133.16000366210938,133.35000610351562,5593800
2025-08-14,131.34751892089844,132.9499969482422,134.00999450683594,132.7100067138672,133.02000427246094,3763200
2025-08-15,131.02149963378906,132.6199951171875,133.61000061035156,132.00999450683594,133.1300048828125,4796100
2025-08-18,131.45619201660156,133.05999755859375,134.1300048828125,132.6300048828125,132.92999267578125,6225500
2025-08-19,132.9973907470703,134.6199951171875,134.97000122070312,133.33999633789062,133.33999633789062,6727300
2025-08-20,136.60340881347656,138.27000427246094,145.5800018310547,137.75999450683594,143.5399932861328,13223200
2025-08-21,135.8525390625,137.50999450683594,138.75999450683594,136.32000732421875,136.4600067138672,7054300
2025-08-22,134.8942413330078,136.5399932861328,139.3800048828125,135.9199981689453,137.97000122070312,5776700
2025-08-25,133.86679077148438,135.5,137.07000732421875,135.36000061035156,136.11000061035156,4734400
2025-08-26,135.0325469970703,136.67999267578125,136.74000549316406,134.75,135.6699981689453,6531600
2025-08-27,135.575927734375,137.22999572753906,137.5,136.22000122070312,136.67999267578125,4522000
2025-08-28,135.46725463867188,137.1199951171875,137.89999389648438,136.3000030517578,137.5500030517578,5138900
2025-08-29,134.96340942382812,136.61000061035156,137.47999572753906,135.89999389648438,137.27000427246094,4118600
2025-09-02,136.89979553222656,138.57000732421875,138.60000610351562,136.1999969482422,136.1999969482422,5282500
2025-09-03,137.7889404296875,139.47000122070312,139.5800018310547,138.38999938964844,138.57000732421875,4798900
2025-09-04,139.32025146484375,141.02000427246094,141.10000610351562,139.7100067138672,139.8699951171875,4172500
2025-09-05,137.5814666748047,139.25999450683594,141.5,138.92999267578125,141.4199981689453,6735800
2025-09-08,139.1424102783203,140.83999633789062,141.0,139.14999389648438,139.22999572753906,4801400
2025-09-09,138.28289794921875,139.97000122070312,140.52999877929688,139.05999755859375,139.77999877929688,3453300
2025-09-10,138.17425537109375,139.86000061035156,140.0399932861328,138.7100067138672,139.55999755859375,3573600
2025-09-11,139.13253784179688,140.8300018310547,141.25,139.7899932861328,140.3800048828125,5197900
2025-09-12,137.798828125,139.47999572753906,141.35000610351562,138.89999389648438,140.52000427246094,5173200
2025-09-15,139.46844482421875,141.1699981689453,141.24000549316406,139.47000122070312,139.8000030517578,4186600
2025-09-16,137.86798095703125,139.5500030517578,141.11000061035156,138.8300018310547,140.6699981689453,3786300
2025-09-17,138.35205078125,140.0399932861328,140.88999938964844,139.22000122070312,139.99000549316406,4617100
2025-09-18,138.243408203125,139.92999267578125,141.02000427246094,139.3699951171875,139.97000122070312,4794700
2025-09-19,138.09519958496094,139.77999877929688,140.4199981689453,139.10000610351562,140.19000244140625,7503900
2025-09-22,137.7296600341797,139.41000366210938,139.7899932861328,138.6699981689453,139.7899932861328,3683200
2025-09-23,138.03591918945312,139.72000122070312,139.86000061035156,138.89999389648438,139.4499969482422,3308500
2025-09-24,138.7472381591797,140.44000244140625,141.4499969482422,139.0,139.50999450683594,5027700
2025-09-25,139.7549591064453,141.4600067138672,141.57000732421875,140.3000030517578,140.8699951171875,4120000
2025-09-26,141.36529541015625,143.08999633789062,143.22000122070312,141.4499969482422,141.8699951171875,4224400
2025-09-29,141.79013061523438,143.52000427246094,143.64999389648438,142.0399932861328,143.19000244140625,4260400
2025-09-30,142.79782104492188,144.5399932861328,144.8300018310547,143.30999755859375,143.30999755859375,6435800
2025-10-01,142.58047485351562,144.32000732421875,145.1199951171875,143.5399932861328,144.0800018310547,6703800
2025-10-02,140.7725372314453,142.49000549316406,144.49000549316406,142.1999969482422,143.6699981689453,4449400
2025-10-03,139.62652587890625,141.3300018310547,143.25,141.14999389648438,142.49000549316406,2993800
2025-10-06,141.3850555419922,143.11000061035156,143.63999938964844,141.24000549316406,141.24000549316406,6309600
2025-10-07,140.9404754638672,142.66000366210938,143.64999389648438,140.11000061035156,142.74000549316406,6700900
2025-10-08,139.01400756835938,140.7100067138672,142.9499969482422,140.3800048828125,142.72000122070312,5158400
2025-10-09,136.88990783691406,138.55999755859375,141.47000122070312,138.4499969482422,140.72999572753906,3750700
2025-10-10,138.68795776367188,140.3800048828125,141.07000732421875,138.22999572753906,138.7100067138672,4261200
2025-10-13,139.685791015625,141.38999938964844,141.91000366210938,139.77999877929688,140.22999572753906,4144300
2025-10-14,142.36312866210938,144.10000610351562,144.36000061035156,141.16000366210938,141.41000366210938,4431800
2025-10-15,143.41036987304688,145.16000366210938,146.4600067138672,144.00999450683594,144.00999450683594,5397600
2025-10-16,140.83181762695312,142.5500030517578,145.25999450683594,142.05999755859375,145.25999450683594,3400100
2025-10-17,142.1062774658203,143.83999633789062,144.4600067138672,142.64999389648438,143.0,4003100
2025-10-20,141.6024169921875,143.3300018310547,144.3800048828125,142.5500030517578,143.9499969482422,3321600
2025-10-21,142.17543029785156,143.91000366210938,144.3000030517578,142.6699981689453,143.17999267578125,3886900
2025-10-22,141.33566284179688,143.05999755859375,144.6199951171875,142.92999267578125,144.39999389648438,3800000
2025-10-23,140.68362426757812,142.39999389648438,143.38999938964844,142.08999633789062,143.05999755859375,5072500
2025-10-24,140.19952392578125,141.91000366210938,142.99000549316406,141.83999633789062,142.77000427246094,3442600
2025-10-27,141.5431365966797,143.27000427246094,143.5399932861328,142.08999633789062,142.5500030517578,3775400
2025-10-28,142.29397583007812,144.02999877929688,144.0500030517578,142.27000427246094,142.82000732421875,3628100
2025-10-29,139.98219299316406,141.69000244140625,143.83999633789062,140.86000061035156,143.57000732421875,4383300
2025-10-30,140.57493591308594,142.2899932861328,143.49000549316406,141.39999389648438,141.61000061035156,4168600
2025-10-31,138.45086669921875,140.13999938964844,142.05999755859375,139.7100067138672,141.6699981689453,4877300
2025-11-03,138.7176055908203,140.41000366210938,140.72999572753906,138.82000732421875,140.3800048828125,5195700
2025-11-04,140.33782958984375,142.0500030517578,142.10000610351562,139.75999450683594,139.80999755859375,4473300
2025-11-05,141.9679412841797,143.6999969482422,145.5500030517578,141.36000061035156,141.74000549316406,6335900
2025-11-06,142.03712463378906,143.77000427246094,144.02999877929688,141.85000610351562,143.38999938964844,5554600
2025-11-07,142.8669891357422,144.61000061035156,145.11000061035156,143.33999633789062,143.97000122070312,5638000
2025-11-10,144.9515380859375,146.72000122070312,146.92999267578125,143.75999450683594,144.11000061035156,4056300
2025-11-11,144.39830017089844,146.16000366210938,147.58999633789062,145.6199951171875,147.19000244140625,2980000
2025-11-12,145.8505859375,147.6300048828125,148.11000061035156,144.92999267578125,146.66000366210938,5826500
2025-11-13,145.052978515625,146.39999389648438,147.9199981689453,146.25,146.97000122070312,3879200
2025-11-14,144.73594665527344,146.0800018310547,147.6999969482422,145.42999267578125,146.16000366210938,4774300
2025-11-17,143.84420776367188,145.17999267578125,147.0,144.75999450683594,146.16000366210938,10612400
2025-11-18,144.24053955078125,145.5800018310547,146.85000610351562,143.82000732421875,144.25,10007700
2025-11-19,144.46841430664062,145.80999755859375,151.0,144.66000366210938,150.5,8563300
2025-11-20,146.7076416015625,148.07000732421875,149.22999572753906,145.94000244140625,146.25,9023900
2025-11-21,150.03671264648438,151.42999267578125,152.5800018310547,148.82000732421875,149.05999755859375,10087100
2025-11-24,147.4903564453125,148.86000061035156,151.72000122070312,148.5,151.5,13003600
2025-11-25,150.98788452148438,152.38999938964844,153.02000427246094,148.41000366210938,148.8699951171875,5639100
2025-11-26,151.7210693359375,153.1300048828125,154.66000366210938,151.9499969482422,152.99000549316406,4373600
2025-11-28,150.52220153808594,151.9199981689453,153.05999755859375,151.52000427246094,152.89999389648438,2496200
2025-12-01,149.73947143554688,151.1300048828125,152.74000549316406,150.7100067138672,151.5,4598200
2025-12-02,148.6396942138672,150.02000427246094,151.74000549316406,149.41000366210938,151.69000244140625,5336400
2025-12-03,148.67930603027344,150.05999755859375,150.97999572753906,149.66000366210938,150.3699951171875,4517000
2025-12-04,148.9171142578125,150.3000030517578,151.30999755859375,150.05999755859375,150.08999633789062,4075400
2025-12-05,151.8696746826172,153.27999877929688,153.33999633789062,149.9499969482422,150.0800018310547,6075200
2025-12-08,152.30563354492188,153.72000122070312,154.44000244140625,152.8000030517578,153.25,5633500
2025-12-09,152.26602172851562,153.67999267578125,154.05999755859375,153.02000427246094,153.52999877929688,5108800
2025-12-10,154.23770141601562,155.6699981689453,156.39999389648438,154.8699951171875,155.0800018310547,6249200
2025-12-11,154.14852905273438,155.5800018310547,157.72000122070312,155.2100067138672,156.27999877929688,4444400
2025-12-12,154.703369140625,156.13999938964844,157.13999938964844,155.60000610351562,156.08999633789062,4431100
2025-12-15,155.2681427001953,156.7100067138672,157.33999633789062,155.92999267578125,156.2100067138672,5709900
2025-12-16,153.6630401611328,155.08999633789062,157.8300018310547,155.00999450683594,157.0399932861328,4658900
2025-12-17,154.22779846191406,155.66000366210938,155.8699951171875,154.61000061035156,155.55999755859375,3845900
2025-12-18,153.45498657226562,154.8800048828125,156.9199981689453,154.66000366210938,155.66000366210938,5513100
2025-12-19,153.17755126953125,154.60000610351562,155.42999267578125,154.14999389648438,155.13999938964844,9330800
2025-12-22,155.13931274414062,156.5800018310547,156.6300048828125,154.14999389648438,154.52000427246094,3603000
2025-12-23,154.4853973388672,155.9199981689453,157.16000366210938,155.61000061035156,156.8800048828125,2793900
2025-12-24,155.84278869628906,157.2899932861328,157.47000122070312,155.9199981689453,155.92999267578125,1402700
2025-12-26,155.66445922851562,157.11000061035156,157.75999450683594,156.69000244140625,157.0,1688200
2025-12-29,155.0303497314453,156.47000122070312,157.57000732421875,156.02999877929688,156.83999633789062,3214800
2025-12-30,153.92063903808594,155.35000610351562,156.5,155.0399932861328,155.8000030517578,2848000
2025-12-31,152.1966552734375,153.61000061035156,155.91000366210938,153.55999755859375,155.14999389648438,3040400
2026-01-02,152.86048889160156,154.27999877929688,154.35000610351562,152.0500030517578,153.25,4064700
2026-01-05,152.42453002929688,153.83999633789062,155.02000427246094,152.8800048828125,154.0,5027200
2026-01-06,152.5037841796875,153.9199981689453,154.82000732421875,152.1300048828125,153.0,5327900
2026-01-07,152.62269592285156,154.0399932861328,155.5399932861328,153.3300018310547,154.3699951171875,5681800
2026-01-08,156.79396057128906,158.25,158.5500030517578,153.4199981689453,154.39999389648438,5950300
2026-01-09,156.35800170898438,157.80999755859375,159.47999572753906,157.3000030517578,157.9199981689453,4487900
2026-01-12,155.65455627441406,157.10000610351562,158.75999450683594,156.8000030517578,157.7100067138672,5529800
2026-01-13,156.68496704101562,158.13999938964844,158.16000366210938,156.2899932861328,156.8800048828125,4104000
2026-01-14,153.70265197753906,155.1300048828125,158.11000061035156,154.5399932861328,157.75,5371200
2026-01-15,154.7231903076172,156.16000366210938,156.7899932861328,154.80999755859375,155.75,4105700
2026-01-16,155.9319610595703,157.3800048828125,157.7899932861328,155.7100067138672,155.97000122070312,6270000
2026-01-20,154.64393615722656,156.0800018310547,157.60000610351562,155.35000610351562,157.1999969482422,5887600
2026-01-21,154.41604614257812,155.85000610351562,157.0,155.00999450683594,156.33999633789062,5511800
2026-01-22,152.00839233398438,153.4199981689453,156.69000244140625,152.74000549316406,155.94000244140625,5808100
2026-01-23,151.830078125,153.24000549316406,153.72999572753906,152.47000122070312,153.0500030517578,5651500
2026-01-26,148.69912719726562,150.0800018310547,153.7899932861328,148.88999938964844,152.72999572753906,8152500
2026-01-27,146.64817810058594,148.00999450683594,150.91000366210938,147.5500030517578,150.5,7093800
2026-01-28,146.43019104003906,147.7899932861328,148.22999572753906,146.75,147.3800048828125,6424300
2026-01-29,146.11314392089844,147.47000122070312,148.8300018310547,145.8300018310547,147.74000549316406,5950400
2026-01-30,148.43161010742188,149.80999755859375,149.94000244140625,147.08999633789062,147.7100067138672,6015900
2026-02-02,148.78831481933594,150.1699981689453,150.49000549316406,148.75,150.3000030517578,8782100
2026-02-03,150.6708221435547,152.07000732421875,152.61000061035156,149.50999450683594,149.69000244140625,5637600
2026-02-04,152.52362060546875,153.94000244140625,155.19000244140625,152.6300048828125,152.8800048828125,6879000
2026-02-05,153.97018432617188,155.39999389648438,156.38999938964844,153.58999633789062,154.5399932861328,7474700
2026-02-06,154.4259490966797,155.86000061035156,156.33999633789062,154.72999572753906,155.3800048828125,4708100
2026-02-09,154.80245971679688,156.24000549316406,156.3300018310547,154.02000427246094,155.39999389648438,4337600
2026-02-10,151.87957763671875,153.2899932861328,157.16000366210938,153.05999755859375,156.61000061035156,4519400
2026-02-11,149.36297607421875,150.75,154.25999450683594,150.27000427246094,153.17999267578125,5469400
2026-02-12,153.19329833984375,154.17999267578125,155.58999633789062,151.97999572753906,153.11000061035156,6172400
2026-02-13,153.4715118408203,154.4600067138672,155.82000732421875,152.6699981689453,153.9199981689453,3754700
2026-02-17,155.9654541015625,156.97000122070312,156.99000549316406,153.41000366210938,155.36000061035156,5506700
2026-02-18,156.22377014160156,157.22999572753906,157.32000732421875,155.9600067138672,156.33999633789062,2944200
2026-02-19,155.5083770751953,156.50999450683594,157.32000732421875,155.27000427246094,156.97000122070312,3933200
2026-02-20,157.21737670898438,158.22999572753906,158.5,155.66000366210938,156.05999755859375,5643200
2026-02-23,156.68084716796875,157.69000244140625,160.4600067138672,155.75,159.0,5710000
2026-02-24,156.65103149414062,157.66000366210938,158.9499969482422,157.02000427246094,158.07000732421875,5280900
2026-02-25,154.82281494140625,155.82000732421875,162.67999267578125,154.8000030517578,157.5500030517578,8042000
2026-02-26,157.6744384765625,158.69000244140625,159.3300018310547,156.4199981689453,157.82000732421875,5987700
2026-02-27,160.62542724609375,161.66000366210938,161.66000366210938,158.39999389648438,158.42999267578125,7099900
2026-03-02,158.9164276123047,159.94000244140625,161.5,158.75,160.22000122070312,4924400
2026-03-03,158.68792724609375,159.7100067138672,159.72000122070312,155.75,158.66000366210938,5060100
2026-03-04,160.69497680664062,161.72999572753906,161.89999389648438,158.1999969482422,160.00999450683594,4741100
2026-03-05,159.9001007080078,160.92999267578125,161.1999969482422,158.97000122070312,160.27000427246094,6532400
2026-03-06,158.3103485107422,159.3300018310547,160.11000061035156,157.6199951171875,159.67999267578125,5923100
2026-03-09,157.12794494628906,158.13999938964844,158.92999267578125,155.11000061035156,158.47999572753906,4620600
2026-03-10,158.50906372070312,159.52999877929688,162.58999633789062,156.3800048828125,157.27000427246094,5804700
2026-03-11,156.86962890625,157.8800048828125,159.0,157.14999389648438,158.61000061035156,3977100
2026-03-12,154.79298400878906,155.7899932861328,158.17999267578125,155.69000244140625,157.25,3664300
2026-03-13,154.43528747558594,155.42999267578125,157.8699951171875,155.02999877929688,156.4600067138672,3123500
2026-03-16,155.0215301513672,156.02000427246094,157.77999877929688,155.3300018310547,156.5800018310547,4384700
2026-03-17,154.3856201171875,155.3800048828125,156.77000427246094,154.38999938964844,156.60000610351562,3861600
2026-03-18,151.8916778564453,152.8699951171875,155.75,152.75,154.72000122070312,3103400
2026-03-19,153.69009399414062,154.67999267578125,155.58999633789062,152.17999267578125,152.94000244140625,3889100
2026-03-20,153.98817443847656,154.97999572753906,156.67999267578125,154.27000427246094,154.27000427246094,7321800
2026-03-23,155.49844360351562,156.5,157.82000732421875,155.60000610351562,157.3000030517578,4577100
2026-03-24,157.36642456054688,158.3800048828125,159.4600067138672,155.47000122070312,156.72999572753906,4380000
2026-03-25,158.71771240234375,159.74000549316406,159.91000366210938,156.77000427246094,157.5500030517578,3606700
2026-03-26,156.5615997314453,157.57000732421875,159.92999267578125,157.02999877929688,159.5800018310547,4156600
2026-03-27,154.12728881835938,155.1199951171875,158.0,154.4600067138672,157.30999755859375,4319100
2026-03-30,154.79298400878906,155.7899932861328,157.66000366210938,155.25,157.07000732421875,3868100
2026-03-31,158.677978515625,159.6999969482422,160.3300018310547,156.82000732421875,157.33999633789062,4199500
2026-04-01,160.99305725097656,162.02999877929688,162.3699951171875,160.0,160.4600067138672,4003900
2026-04-02,160.25779724121094,161.2899932861328,162.33999633789062,160.16000366210938,161.5,3856700
2026-04-06,160.78440856933594,161.82000732421875,162.14999389648438,159.89999389648438,160.82000732421875,3698100
2026-04-07,156.571533203125,157.5800018310547,161.4600067138672,157.42999267578125,161.27999877929688,4308600
2026-04-08,160.60556030273438,161.63999938964844,161.88999938964844,158.0500030517578,158.42999267578125,4938000
2026-04-09,163.94406127929688,165.0,165.82000732421875,160.5399932861328,160.8300018310547,5593300
2026-04-10,160.56581115722656,161.60000610351562,164.9499969482422,160.4199981689453,164.42999267578125,3559400
2026-04-13,158.3103485107422,159.3300018310547,161.25,157.3300018310547,160.97000122070312,5208400
2026-04-14,159.2542724609375,160.27999877929688,160.3699951171875,157.89999389648438,158.49000549316406,4537600
2026-04-15,159.20457458496094,160.22999572753906,161.27000427246094,158.9499969482422,159.6999969482422,3366700
2026-04-16,156.47218322753906,157.47999572753906,161.16000366210938,156.4199981689453,160.39999389648438,3956100
2026-04-17,159.6516876220703,160.67999267578125,161.39999389648438,158.50999450683594,158.5800018310547,5190300
2026-04-20,158.6680450439453,159.69000244140625,161.5,159.3699951171875,161.02999877929688,4062200
2026-04-21,158.23085021972656,159.25,160.69000244140625,158.47999572753906,160.07000732421875,3236600
2026-04-22,157.45584106445312,158.47000122070312,160.22999572753906,158.1999969482422,159.39999389648438,2582000
2026-04-23,157.3366241455078,158.35000610351562,160.52999877929688,157.5,158.74000549316406,3179100
2026-04-24,156.02505493164062,157.02999877929688,158.55999755859375,155.72000122070312,157.69000244140625,3981400
2026-04-27,156.47218322753906,157.47999572753906,158.77000427246094,156.47000122070312,156.47000122070312,3799500
2026-04-28,156.1939697265625,157.1999969482422,158.75,155.85000610351562,158.4600067138672,2841000
2026-04-29,155.07119750976562,156.07000732421875,156.63999938964844,155.14999389648438,156.00999450683594,3545800
2026-04-30,155.74685668945312,156.75,157.5800018310547,155.42999267578125,156.10000610351562,4613200
2026-05-01,155.8263397216797,156.8300018310547,158.27999877929688,156.0,157.11000061035156,4125500
2026-05-04,153.6503448486328,154.63999938964844,156.80999755859375,153.5,155.88999938964844,4047000
2026-05-05,153.96832275390625,154.9600067138672,157.1300048828125,154.6999969482422,155.00999450683594,6108700
2026-05-06,154.45516967773438,155.4499969482422,156.14999389648438,153.22000122070312,155.85000610351562,7664700
2026-05-07,153.4913787841797,154.47999572753906,157.42999267578125,153.4199981689453,156.0399932861328,4674100
2026-05-08,152.3785400390625,153.36000061035156,155.3000030517578,152.52000427246094,155.02000427246094,4908200
2026-05-11,147.95703125,148.91000366210938,153.8800048828125,147.27000427246094,152.83999633789062,5770500
2026-05-12,149.29837036132812,150.25999450683594,151.0500030517578,147.11000061035156,149.0,5317800
2026-05-13,146.08905029296875,147.02999877929688,149.8000030517578,146.13999938964844,149.17999267578125,6416100
2026-05-14,146.8865509033203,147.35000610351562,148.1199951171875,146.39999389648438,146.75999450683594,7764800
2026-05-15,146.96627807617188,147.42999267578125,148.3699951171875,147.10000610351562,147.82000732421875,8988100
2026-05-18,149.7774200439453,150.25,151.66000366210938,147.8000030517578,148.19000244140625,6911700
2026-05-19,150.2060546875,150.67999267578125,152.55999755859375,148.7100067138672,149.10000610351562,8732600
2026-05-20,158.70924377441406,159.2100067138672,160.58999633789062,152.4499969482422,152.88999938964844,9371800
2026-05-21,156.96475219726562,157.4600067138672,159.97999572753906,156.50999450683594,159.5,5855000
2026-05-22,157.77220153808594,158.27000427246094,158.4600067138672,155.8800048828125,157.5,4844800
2026-05-26,158.47000122070312,158.97000122070312,159.80999755859375,157.0,158.3000030517578,4721700
2026-05-27,156.5161590576172,157.00999450683594,160.88999938964844,156.55999755859375,160.0,5631000
2026-05-28,154.40283203125,154.88999938964844,157.6300048828125,153.77000427246094,156.02000427246094,7647200
2026-05-29,154.26327514648438,154.75,156.52000427246094,154.25999450683594,155.14999389648438,12110000
2026-06-01,152.26956176757812,152.75,154.3300018310547,152.42999267578125,153.3800048828125,5892800
2026-06-02,153.20660400390625,153.69000244140625,154.1999969482422,152.33999633789062,152.86000061035156,5004200
2026-06-03,157.40335083007812,157.89999389648438,158.07000732421875,153.0,153.05999755859375,5865100
2026-06-04,158.13107299804688,158.6300048828125,160.8699951171875,157.92999267578125,160.0,5847400
2026-06-05,160.20452880859375,160.7100067138672,161.77999877929688,158.64999389648438,159.2899932861328,4867000
2026-06-08,159.24754333496094,159.75,162.19000244140625,159.1199951171875,159.22999572753906,7123800
2026-06-09,164.3514404296875,164.8699951171875,164.8699951171875,160.64999389648438,161.11000061035156,5663300
2026-06-10,167.13265991210938,167.66000366210938,167.9199981689453,163.85000610351562,165.64999389648438,7141900
2026-06-11,167.81051635742188,168.33999633789062,170.0,167.3300018310547,167.75,6983900
2026-06-12,167.88031005859375,168.41000366210938,169.85000610351562,166.99000549316406,169.5,4875300
2026-06-15,166.80369567871094,167.3300018310547,168.74000549316406,164.50999450683594,168.38999938964844,5819300
2026-06-16,165.79689025878906,166.32000732421875,168.0500030517578,165.75,167.57000732421875,5174900
2026-06-17,163.61376953125,164.1300048828125,167.10000610351562,163.44000244140625,165.74000549316406,4496800
2026-06-18,163.29476928710938,163.80999755859375,166.8800048828125,163.1300048828125,164.9199981689453,9069800
2026-06-22,163.6536407470703,164.1699981689453,167.2899932861328,164.05999755859375,166.0800018310547,5211600
2026-06-23,163.8330841064453,164.35000610351562,166.52999877929688,163.42999267578125,164.8699951171875,4903200
2026-06-24,164.65049743652344,165.1699981689453,166.25999450683594,164.07000732421875,164.72999572753906,4662400
2026-06-25,154.70188903808594,155.19000244140625,166.5399932861328,154.64999389648438,163.13999938964844,8558600
2026-06-26,154.9411163330078,155.42999267578125,157.1300048828125,153.50999450683594,156.02999877929688,13745400
2026-06-29,150.75433349609375,151.22999572753906,155.05999755859375,150.63999938964844,154.7100067138672,7585600
2026-06-30,151.0234832763672,151.5,152.3000030517578,149.61000061035156,150.92999267578125,6785800
2026-07-01,150.87396240234375,151.35000610351562,152.36000061035156,149.7100067138672,152.0500030517578,5047700
2026-07-02,153.77481079101562,154.25999450683594,154.25999450683594,150.52000427246094,151.8000030517578,4918800
2026-07-06,150.83409118652344,151.30999755859375,154.0,149.9499969482422,152.99000549316406,5758000
2026-07-07,153.62527465820312,154.11000061035156,155.74000549316406,152.47000122070312,153.83999633789062,5301900
2026-07-08,152.30943298339844,152.7899932861328,154.1199951171875,152.25,154.0,4624800
2026-07-09,150.4253692626953,150.89999389648438,153.92999267578125,150.25,152.75,6048800
2026-07-10,150.86398315429688,151.33999633789062,151.8699951171875,150.25,151.13999938964844,4169000
2026-07-13,150.05653381347656,150.52999877929688,153.94000244140625,150.25,152.82000732421875,3644900
2026-07-14,149.8671417236328,150.33999633789062,151.1699981689453,148.8800048828125,150.25,4990200
2026-07-15,150.4951629638672,150.97000122070312,151.8300018310547,148.27000427246094,148.8000030517578,6550100
2026-07-16,154.30313110351562,154.7899932861328,155.27000427246094,151.4499969482422,152.0800018310547,4557500
2026-07-17,153.97418212890625,154.4600067138672,158.14999389648438,153.8699951171875,155.0,6184900
2026-07-20,155.2102813720703,155.6999969482422,156.0399932861328,153.82000732421875,154.52999877929688,4979100
2026-07-21,154.5623321533203,155.0500030517578,155.3699951171875,152.77000427246094,155.1999969482422,4737200
2026-07-22,154.92120361328125,155.41000366210938,158.0,154.0399932861328,155.7899932861328,4887800
2026-07-23,152.99725341796875,153.47999572753906,155.0800018310547,152.39999389648438,154.17999267578125,3339700
2026-07-24,153.7349395751953,154.22000122070312,155.35000610351562,152.1199951171875,152.8699951171875,4249500
2026-07-27,155.88815307617188,156.3800048828125,157.6199951171875,155.14999389648438,155.97000122070312,4309200
2026-07-28,160.2942352294922,160.8000030517578,161.4499969482422,158.35000610351562,159.82000732421875,5851600
2026-07-29,161.1216278076172,161.6300048828125,163.0399932861328,159.3000030517578,159.99000549316406,3961300
2026-07-30,158.7590789794922,159.25999450683594,160.14999389648438,157.52000427246094,159.99000549316406,6297700
2026-07-31,156.84512329101562,157.33999633789062,159.05999755859375,157.10000610351562,159.0500030517578,3766700
2026-08-03,157.00462341308594,157.5,160.49000549316406,155.72999572753906,159.2899932861328,4549800
2026-08-04,157.05445861816406,157.5500030517578,158.49000549316406,155.3000030517578,157.1300048828125,7351600
2026-08-05,159.41700744628906,159.9199981689453,160.5,157.8300018310547,158.1199951171875,6044900
2026-08-06,161.55027770996094,162.05999755859375,162.1199951171875,159.69000244140625,161.85000610351562,6853800
2026-08-07,160.85247802734375,161.36000061035156,162.5,159.22999572753906,160.4600067138672,4722500
2026-08-10,158.3204803466797,158.82000732421875,160.85000610351562,158.22999572753906,160.7899932861328,4045800
2026-08-11,155.25015258789062,155.74000549316406,159.0,155.49000549316406,157.91000366210938,3900400
2026-08-12,152.1300048828125,152.61000061035156,155.30999755859375,152.1300048828125,153.63999938964844,4344500
2026-08-13,153.80999755859375,153.80999755859375,154.0399932861328,151.42999267578125,153.0,5377000
2026-08-14,152.11000061035156,152.11000061035156,153.57000732421875,151.7100067138672,153.2100067138672,3929800
2026-08-17,150.85000610351562,150.85000610351562,153.30999755859375,150.41000366210938,151.0,6908500
2026-08-18,150.85000610351562,150.85000610351562,153.42999267578125,150.85000610351562,153.05999755859375,6574600
2026-08-19,144.5,144.5,150.5399932861328,141.94000244140625,144.13999938964844,12894900
2026-08-20,140.69000244140625,140.69000244140625,142.49000549316406,139.30999755859375,142.2100067138672,12330200
2026-08-21,140.52999877929688,140.52999877929688,141.92999267578125,139.58999633789062,140.61000061035156,9696100
2026-08-24,140.7100067138672,140.7100067138672,141.19000244140625,139.1699981689453,141.19000244140625,7310000
2026-08-25,139.47999572753906,139.47999572753906,142.49000549316406,139.42999267578125,140.9199981689453,6069500
2026-08-26,136.8300018310547,136.8300018310547,139.25,136.74000549316406,139.1999969482422,10469800
2026-08-27,134.22000122070312,134.22000122070312,135.89999389648438,134.1699981689453,135.85000610351562,7037900
2026-08-28,135.1199951171875,135.1199951171875,135.55999755859375,133.5500030517578,134.75,6800200
2026-08-31,133.91000366210938,133.91000366210938,135.5500030517578,133.0800018310547,135.10000610351562,11952500
2026-09-01,133.27000427246094,133.27000427246094,134.67999267578125,133.0399932861328,134.00999450683594,7177700
2026-09-02,131.30999755859375,131.30999755859375,133.5,131.17999267578125,133.36000061035156,6998900
2026-09-03,132.19000244140625,132.19000244140625,132.36000061035156,130.14999389648438,131.6199951171875,7841200
2026-09-04,132.0800018310547,132.0800018310547,133.11000061035156,131.77999877929688,131.77999877929688,7265600
2026-09-08,128.9199981689453,128.9199981689453,132.0,128.3699951171875,131.25999450683594,11170900
2026-09-09,126.12000274658203,126.12000274658203,128.1300048828125,125.80999755859375,128.08999633789062,8368000
2026-09-10,126.5250015258789,126.5250015258789,127.02999877929688,125.55999755859375,126.37999725341797,1719039
