Price,Adj Close,Close,High,Low,Open,Volume
Ticker,VZ,VZ,VZ,VZ,VZ,VZ
Date,,,,,,
2021-09-10,39.532867431640625,54.22999954223633,54.66999816894531,54.220001220703125,54.560001373291016,15944100
2021-09-13,39.81717300415039,54.619998931884766,54.97999954223633,54.400001525878906,54.400001525878906,20749000
2021-09-14,39.66408157348633,54.40999984741211,54.77000045776367,54.279998779296875,54.650001525878906,16937500
2021-09-15,39.78071975708008,54.56999969482422,54.65999984741211,54.310001373291016,54.310001373291016,15330000
2021-09-16,39.67866516113281,54.43000030517578,54.790000915527344,54.349998474121094,54.619998931884766,14431400
2021-09-17,39.56931686401367,54.279998779296875,54.459999084472656,54.060001373291016,54.13999938964844,30787600
2021-09-20,39.55473709106445,54.2599983215332,54.58000183105469,54.0099983215332,54.060001373291016,20440500
2021-09-21,39.38706970214844,54.029998779296875,54.63999938964844,54.0099983215332,54.290000915527344,16906900
2021-09-22,39.408939361572266,54.060001373291016,54.38999938964844,54.02000045776367,54.13999938964844,15907900
2021-09-23,39.67137908935547,54.41999816894531,54.61000061035156,54.0099983215332,54.20000076293945,14714100
2021-09-24,39.634918212890625,54.369998931884766,54.56999969482422,54.25,54.36000061035156,12663900
2021-09-27,39.707828521728516,54.470001220703125,54.650001525878906,54.380001068115234,54.45000076293945,13118200
2021-09-28,39.48183822631836,54.15999984741211,54.689998626708984,54.029998779296875,54.45000076293945,19528200
2021-09-29,39.642215728759766,54.380001068115234,54.65999984741211,54.09000015258789,54.09000015258789,14823000
2021-09-30,39.37248611450195,54.0099983215332,54.5099983215332,54.0,54.5,18736600
2021-10-01,39.583892822265625,54.29999923706055,54.560001373291016,53.91999816894531,54.02000045776367,18618400
2021-10-04,39.72968673706055,54.5,54.849998474121094,54.279998779296875,54.45000076293945,18159200
2021-10-05,39.73698043823242,54.5099983215332,54.810001373291016,54.31999969482422,54.63999938964844,13218200
2021-10-06,39.75156784057617,54.529998779296875,54.59000015258789,54.0099983215332,54.34000015258789,21339800
2021-10-07,39.75893020629883,53.900001525878906,54.349998474121094,53.83000183105469,54.040000915527344,18069600
2021-10-08,39.2720947265625,53.2400016784668,53.970001220703125,53.220001220703125,53.869998931884766,21384600
2021-10-11,38.49018859863281,52.18000030517578,53.290000915527344,51.97999954223633,53.2599983215332,32088400
2021-10-12,37.863197326660156,51.33000183105469,52.18000030517578,51.11000061035156,52.18000030517578,42154000
2021-10-13,37.87793731689453,51.349998474121094,51.40999984741211,50.86000061035156,51.209999084472656,27246900
2021-10-14,38.29840087890625,51.91999816894531,51.9900016784668,51.15999984741211,51.27000045776367,27764900
2021-10-15,38.55657196044922,52.27000045776367,52.810001373291016,52.02000045776367,52.08000183105469,27005500
2021-10-18,38.2910270690918,51.90999984741211,52.31999969482422,51.63999938964844,52.15999984741211,20853500
2021-10-19,38.6155891418457,52.349998474121094,52.41999816894531,51.91999816894531,52.0,16094800
2021-10-20,39.545021057128906,53.61000061035156,53.7400016784668,52.720001220703125,52.790000915527344,30659500
2021-10-21,39.38274002075195,53.38999938964844,53.93000030517578,53.06999969482422,53.77000045776367,17771100
2021-10-22,39.04343032836914,52.93000030517578,53.41999816894531,52.880001068115234,53.41999816894531,16074000
2021-10-25,38.78525161743164,52.58000183105469,53.099998474121094,52.459999084472656,52.970001220703125,15987400
2021-10-26,39.15407180786133,53.08000183105469,53.16999816894531,52.560001373291016,52.70000076293945,15185200
2021-10-27,38.82212448120117,52.630001068115234,53.20000076293945,52.470001220703125,53.16999816894531,15007400
2021-10-28,38.94752502441406,52.79999923706055,53.150001525878906,52.619998931884766,52.75,18374700
2021-10-29,39.087684631347656,52.9900016784668,53.04999923706055,52.40999984741211,52.5,17763200
2021-11-01,39.05815505981445,52.95000076293945,53.369998931884766,52.869998931884766,53.2400016784668,14177700
2021-11-02,38.77786636352539,52.56999969482422,53.09000015258789,52.5099983215332,53.04999923706055,16913800
2021-11-03,39.0507926940918,52.939998626708984,53.06999969482422,52.52000045776367,52.59000015258789,12240000
2021-11-04,38.246768951416016,51.849998474121094,52.90999984741211,51.20000076293945,52.90999984741211,30807500
2021-11-05,38.53445053100586,52.2400016784668,52.79999923706055,52.02000045776367,52.02000045776367,17442800
2021-11-08,38.60083770751953,52.33000183105469,52.41999816894531,51.90999984741211,52.29999923706055,15985200
2021-11-09,38.53445053100586,52.2400016784668,52.369998931884766,51.9900016784668,52.29999923706055,16014100
2021-11-10,38.79999542236328,52.599998474121094,52.7599983215332,52.209999084472656,52.41999816894531,16261100
2021-11-11,38.68935012817383,52.45000076293945,52.7400016784668,52.36000061035156,52.7400016784668,10983700
2021-11-12,38.60821533203125,52.34000015258789,52.52000045776367,52.290000915527344,52.5099983215332,14378500
2021-11-15,38.6524772644043,52.400001525878906,52.540000915527344,52.06999969482422,52.439998626708984,14282700
2021-11-16,38.40167999267578,52.060001373291016,52.619998931884766,52.040000915527344,52.5099983215332,15876100
2021-11-17,38.15825271606445,51.72999954223633,52.060001373291016,51.61000061035156,52.0099983215332,17679200
2021-11-18,37.79680633544922,51.2400016784668,51.650001525878906,51.130001068115234,51.5,19490300
2021-11-19,37.51650619506836,50.86000061035156,51.31999969482422,50.66999816894531,51.279998779296875,21105200
2021-11-22,38.018096923828125,51.540000915527344,52.029998779296875,50.650001525878906,50.849998474121094,22751600
2021-11-23,38.17300796508789,51.75,52.150001525878906,51.560001373291016,51.560001373291016,21501600
2021-11-24,38.10661697387695,51.65999984741211,52.11000061035156,51.59000015258789,51.630001068115234,15474500
2021-11-26,38.20988082885742,51.79999923706055,52.20000076293945,51.099998474121094,51.150001525878906,17048100
2021-11-29,38.10661697387695,51.65999984741211,51.849998474121094,51.33000183105469,51.61000061035156,18652500
2021-11-30,37.0812873840332,50.27000045776367,51.36000061035156,50.040000915527344,51.2599983215332,47766200
2021-12-01,36.71247482299805,49.77000045776367,50.91999816894531,49.7400016784668,50.5,26295500
2021-12-02,37.420616149902344,50.72999954223633,51.16999816894531,49.779998779296875,49.83000183105469,27364400
2021-12-03,37.9295768737793,51.41999816894531,51.4900016784668,50.52000045776367,50.59000015258789,24711700
2021-12-06,37.671409606933594,51.06999969482422,51.93000030517578,50.959999084472656,51.63999938964844,22433100
2021-12-07,37.46487045288086,50.790000915527344,51.0099983215332,50.130001068115234,51.0,27754700
2021-12-08,37.24357604980469,50.4900016784668,50.849998474121094,50.150001525878906,50.720001220703125,20452700
2021-12-09,37.00015640258789,50.15999984741211,50.400001525878906,49.869998931884766,50.400001525878906,23628300
2021-12-10,37.02227783203125,50.189998626708984,50.33000183105469,49.9900016784668,50.33000183105469,18498700
2021-12-13,37.08866882324219,50.279998779296875,50.540000915527344,49.689998626708984,50.099998474121094,27618800
2021-12-14,37.361595153808594,50.650001525878906,51.150001525878906,50.18000030517578,50.369998931884766,31555900
2021-12-15,37.2878303527832,50.54999923706055,51.040000915527344,50.47999954223633,50.83000183105469,24115700
2021-12-16,38.91064453125,52.75,52.91999816894531,50.54999923706055,50.65999984741211,40091300
2021-12-17,39.220458984375,53.16999816894531,53.220001220703125,52.36000061035156,53.04999923706055,54501100
2021-12-20,39.16144561767578,53.09000015258789,53.34000015258789,52.689998626708984,52.72999954223633,23418000
2021-12-21,38.932777404785156,52.779998779296875,53.33000183105469,52.650001525878906,53.2599983215332,23905300
2021-12-22,38.9254035949707,52.77000045776367,52.900001525878906,52.060001373291016,52.58000183105469,16486500
2021-12-23,38.859012603759766,52.68000030517578,53.09000015258789,52.66999816894531,52.849998474121094,14921400
2021-12-27,38.859012603759766,52.68000030517578,52.81999969482422,52.45000076293945,52.689998626708984,19705800
2021-12-28,38.888519287109375,52.720001220703125,53.09000015258789,52.61000061035156,52.630001068115234,12126500
2021-12-29,38.622962951660156,52.36000061035156,52.880001068115234,52.34000015258789,52.77000045776367,15109500
2021-12-30,38.54182052612305,52.25,52.56999969482422,52.08000183105469,52.380001068115234,15615500
2021-12-31,38.327903747558594,51.959999084472656,52.310001373291016,51.880001068115234,52.20000076293945,15911400
2022-01-03,38.681968688964844,52.439998626708984,52.560001373291016,51.97999954223633,52.06999969482422,18240100
2022-01-04,39.44175720214844,53.470001220703125,53.709999084472656,52.54999923706055,52.63999938964844,26376800
2022-01-05,39.84745788574219,54.02000045776367,54.63999938964844,53.5099983215332,53.84000015258789,28697300
2022-01-06,39.65566635131836,53.7599983215332,54.54999923706055,53.65999984741211,54.47999954223633,21563800
2022-01-07,40.491783142089844,54.2400016784668,54.36000061035156,53.2599983215332,53.2599983215332,26512500
2022-01-10,40.21556091308594,53.869998931884766,54.83000183105469,53.810001373291016,54.4900016784668,24929400
2022-01-11,40.00653839111328,53.59000015258789,54.08000183105469,53.15999984741211,53.91999816894531,18598500
2022-01-12,39.902015686035156,53.45000076293945,53.65999984741211,53.09000015258789,53.38999938964844,12778300
2022-01-13,39.95427322387695,53.52000045776367,54.029998779296875,53.18000030517578,53.52000045776367,18178200
2022-01-14,39.77510070800781,53.279998779296875,53.70000076293945,53.08000183105469,53.59000015258789,18695800
2022-01-18,39.88709259033203,53.43000030517578,53.56999969482422,52.58000183105469,53.099998474121094,21570300
2022-01-19,39.939353942871094,53.5,53.68000030517578,52.869998931884766,53.470001220703125,18374200
2022-01-20,39.86470031738281,53.400001525878906,53.939998626708984,53.08000183105469,53.4900016784668,24297100
2022-01-21,39.685523986816406,53.15999984741211,53.900001525878906,53.06999969482422,53.72999954223633,25294800
2022-01-24,39.536224365234375,52.959999084472656,53.709999084472656,52.20000076293945,53.11000061035156,32500600
2022-01-25,39.491432189941406,52.900001525878906,53.849998474121094,52.2599983215332,53.130001068115234,32075900
2022-01-26,38.087955474853516,51.02000045776367,52.86000061035156,50.810001373291016,52.619998931884766,41504700
2022-01-27,38.21486282348633,51.189998626708984,52.06999969482422,50.810001373291016,50.90999984741211,35339600
2022-01-28,39.491432189941406,52.900001525878906,52.93000030517578,51.189998626708984,51.439998626708984,29490800
2022-01-31,39.73778533935547,53.22999954223633,53.31999969482422,52.209999084472656,52.52000045776367,25182400
2022-02-01,39.71538543701172,53.20000076293945,53.599998474121094,52.209999084472656,53.400001525878906,33045600
2022-02-02,40.16329574584961,53.79999923706055,54.279998779296875,53.29999923706055,53.560001373291016,24160200
2022-02-03,40.15584182739258,53.790000915527344,54.56999969482422,53.70000076293945,54.0,21219800
2022-02-04,39.797508239746094,53.310001373291016,53.83000183105469,53.22999954223633,53.52000045776367,16199800
2022-02-07,39.56609344482422,53.0,53.36000061035156,52.5099983215332,53.22999954223633,15438900
2022-02-08,39.43170928955078,52.81999969482422,53.16999816894531,52.58000183105469,53.0099983215332,13911700
2022-02-09,39.939353942871094,53.5,53.65999984741211,52.880001068115234,53.150001525878906,16449300
2022-02-10,39.595943450927734,53.040000915527344,53.540000915527344,52.900001525878906,53.34000015258789,18644400
2022-02-11,39.80497360229492,53.31999969482422,53.459999084472656,52.70000076293945,52.95000076293945,18833100
2022-02-14,39.767642974853516,53.27000045776367,53.45000076293945,52.5,53.25,16081700
2022-02-15,39.8348388671875,53.36000061035156,53.59000015258789,53.150001525878906,53.29999923706055,12824100
2022-02-16,39.86470031738281,53.400001525878906,53.79999923706055,53.09000015258789,53.189998626708984,17277700
2022-02-17,39.99907302856445,53.58000183105469,53.59000015258789,52.779998779296875,53.099998474121094,17462500
2022-02-18,40.18570327758789,53.83000183105469,53.959999084472656,53.279998779296875,53.560001373291016,20298500
2022-02-22,40.237953186035156,53.900001525878906,54.029998779296875,53.59000015258789,54.0,19858400
2022-02-23,39.872161865234375,53.40999984741211,53.93000030517578,53.2400016784668,53.900001525878906,17841900
2022-02-24,39.260009765625,52.59000015258789,53.15999984741211,51.709999084472656,52.970001220703125,30079700
2022-02-25,40.402198791503906,54.119998931884766,54.540000915527344,53.08000183105469,53.08000183105469,31444200
2022-02-28,40.06625747680664,53.66999816894531,54.099998474121094,53.400001525878906,53.79999923706055,30593900
2022-03-01,40.02146911621094,53.61000061035156,54.189998626708984,53.2599983215332,53.5,24693100
2022-03-02,40.41712951660156,54.13999938964844,54.40999984741211,53.529998779296875,53.66999816894531,20712900
2022-03-03,40.80532455444336,54.65999984741211,55.150001525878906,54.18000030517578,54.380001068115234,27577700
2022-03-04,41.14126205444336,55.11000061035156,55.38999938964844,54.2599983215332,54.43000030517578,26913800
2022-03-07,40.82025146484375,54.68000030517578,55.2400016784668,54.5,54.75,24962800
2022-03-08,39.752716064453125,53.25,55.34000015258789,53.189998626708984,54.959999084472656,36526700
2022-03-09,39.62581253051758,53.08000183105469,53.810001373291016,53.0099983215332,53.720001220703125,23049800
2022-03-10,39.73778533935547,53.22999954223633,53.34000015258789,52.779998779296875,53.0,17501800
2022-03-11,39.595943450927734,53.040000915527344,53.58000183105469,53.0099983215332,53.36000061035156,20838500
2022-03-14,39.19281768798828,52.5,53.66999816894531,52.439998626708984,53.43000030517578,23124100
2022-03-15,39.38691711425781,52.7599983215332,53.0,52.209999084472656,52.689998626708984,20477600
2022-03-16,39.18534851074219,52.4900016784668,53.0,51.95000076293945,52.869998931884766,28500700
2022-03-17,39.08830261230469,52.36000061035156,52.540000915527344,52.0,52.47999954223633,22931500
2022-03-18,37.92371368408203,50.79999923706055,52.290000915527344,50.79999923706055,52.119998931884766,70390600
2022-03-21,38.14767074584961,51.099998474121094,51.810001373291016,50.970001220703125,51.369998931884766,39892800
2022-03-22,38.07302474975586,51.0,51.459999084472656,50.95000076293945,51.189998626708984,28676600
2022-03-23,38.05062484741211,50.970001220703125,51.459999084472656,50.959999084472656,51.04999923706055,25988800
2022-03-24,38.07302474975586,51.0,51.189998626708984,50.93000030517578,51.040000915527344,21087300
2022-03-25,38.28205108642578,51.279998779296875,51.459999084472656,50.970001220703125,51.060001373291016,18765800
2022-03-28,38.19993209838867,51.16999816894531,51.38999938964844,50.95000076293945,51.36000061035156,21688600
2022-03-29,38.25966262817383,51.25,51.34000015258789,50.959999084472656,51.31999969482422,28193400
2022-03-30,38.528404235839844,51.61000061035156,51.630001068115234,51.08000183105469,51.220001220703125,23821200
2022-03-31,38.02824020385742,50.939998626708984,51.75,50.93000030517578,51.65999984741211,31027600
2022-04-01,38.90913772583008,52.119998931884766,52.189998626708984,50.81999969482422,51.02000045776367,30550300
2022-04-04,39.1629524230957,52.459999084472656,52.5,51.63999938964844,52.02000045776367,25793000
2022-04-05,39.40184783935547,52.779998779296875,52.900001525878906,52.130001068115234,52.20000076293945,23150600
2022-04-06,39.71538543701172,53.20000076293945,53.43000030517578,52.56999969482422,52.810001373291016,28661700
2022-04-07,39.79850387573242,52.66999816894531,52.97999954223633,52.040000915527344,52.45000076293945,22790600
2022-04-08,40.44834518432617,53.529998779296875,53.68000030517578,52.5,52.72999954223633,24852200
2022-04-11,40.72791290283203,53.900001525878906,54.70000076293945,53.709999084472656,53.869998931884766,33614900
2022-04-12,40.55412673950195,53.66999816894531,54.04999923706055,53.41999816894531,53.869998931884766,21136400
2022-04-13,40.909271240234375,54.13999938964844,54.369998931884766,53.59000015258789,53.59000015258789,19798000
2022-04-14,40.675025939941406,53.83000183105469,54.189998626708984,53.779998779296875,54.0,16915100
2022-04-18,40.34255599975586,53.38999938964844,54.279998779296875,53.220001220703125,53.7599983215332,14394300
2022-04-19,40.61457443237305,53.75,53.90999984741211,53.459999084472656,53.58000183105469,12890000
2022-04-20,41.113285064697266,54.40999984741211,54.4900016784668,53.70000076293945,53.7599983215332,19563400
2022-04-21,41.566654205322266,55.0099983215332,55.5099983215332,54.470001220703125,54.61000061035156,32821100
2022-04-22,39.22423553466797,51.90999984741211,53.540000915527344,51.459999084472656,53.439998626708984,44958400
2022-04-25,37.99257278442383,50.279998779296875,51.439998626708984,49.540000915527344,51.34000015258789,46028400
2022-04-26,37.33518981933594,49.40999984741211,50.650001525878906,49.369998931884766,50.2599983215332,29507700
2022-04-27,36.617340087890625,48.459999084472656,49.5099983215332,48.41999816894531,49.5099983215332,30582000
2022-04-28,36.57200622558594,48.400001525878906,49.16999816894531,48.29999923706055,48.689998626708984,33011700
2022-04-29,34.98520278930664,46.29999923706055,48.20000076293945,46.16999816894531,48.15999984741211,41014200
2022-05-02,34.93231201171875,46.22999954223633,47.060001373291016,45.54999923706055,46.5099983215332,33309400
2022-05-03,35.642601013183594,47.16999816894531,47.40999984741211,46.060001373291016,46.38999938964844,33263100
2022-05-04,36.54933166503906,48.369998931884766,48.41999816894531,47.0,47.2400016784668,29564600
2022-05-05,36.148860931396484,47.84000015258789,48.33000183105469,47.40999984741211,48.029998779296875,20664300
2022-05-06,36.47378158569336,48.27000045776367,48.439998626708984,47.52000045776367,47.599998474121094,19322000
2022-05-09,36.73825454711914,48.619998931884766,48.86000061035156,47.75,48.130001068115234,24391300
2022-05-10,36.36798858642578,48.130001068115234,49.439998626708984,47.77000045776367,48.900001525878906,23007300
2022-05-11,36.1790885925293,47.880001068115234,48.52000045776367,47.619998931884766,48.18000030517578,20133200
2022-05-12,36.315101623535156,48.060001373291016,48.18000030517578,47.40999984741211,47.810001373291016,21623900
2022-05-13,36.40578079223633,48.18000030517578,48.45000076293945,47.61000061035156,48.25,21080500
2022-05-16,37.055606842041016,49.040000915527344,49.20000076293945,47.7599983215332,47.97999954223633,22754700
2022-05-17,36.980045318603516,48.939998626708984,49.209999084472656,48.529998779296875,48.95000076293945,22043100
2022-05-18,36.94225311279297,48.88999938964844,49.459999084472656,48.630001068115234,48.95000076293945,22365100
2022-05-19,37.10093688964844,49.099998474121094,49.18000030517578,48.130001068115234,48.459999084472656,23186400
2022-05-20,37.42585754394531,49.529998779296875,49.599998474121094,48.91999816894531,49.040000915527344,24181800
2022-05-23,37.531646728515625,49.66999816894531,50.27000045776367,49.5,49.790000915527344,16761800
2022-05-24,38.29482650756836,50.68000030517578,50.81999969482422,48.86000061035156,49.689998626708984,25414700
2022-05-25,38.71797180175781,51.2400016784668,51.27000045776367,50.38999938964844,50.5,19831500
2022-05-26,38.52907180786133,50.9900016784668,51.61000061035156,50.90999984741211,51.310001373291016,15500400
2022-05-27,38.83887481689453,51.400001525878906,51.43000030517578,50.529998779296875,50.75,13347300
2022-05-31,38.75575256347656,51.290000915527344,51.560001373291016,50.849998474121094,51.2599983215332,25016600
2022-06-01,38.83887481689453,51.400001525878906,51.630001068115234,51.04999923706055,51.439998626708984,15358100
2022-06-02,38.75575256347656,51.290000915527344,51.59000015258789,50.38999938964844,51.54999923706055,13527800
2022-06-03,38.39305877685547,50.810001373291016,51.25,50.689998626708984,50.939998626708984,10819800
2022-06-06,38.71797180175781,51.2400016784668,51.349998474121094,50.720001220703125,50.93000030517578,12898100
2022-06-07,39.02777862548828,51.650001525878906,51.70000076293945,50.93000030517578,51.150001525878906,15383000
2022-06-08,38.952205657958984,51.54999923706055,51.959999084472656,51.439998626708984,51.72999954223633,13249700
2022-06-09,38.49129104614258,50.939998626708984,51.77000045776367,50.91999816894531,51.619998931884766,12078400
2022-06-10,38.40060806274414,50.81999969482422,51.400001525878906,50.470001220703125,50.650001525878906,19868500
2022-06-13,37.4712028503418,49.59000015258789,50.790000915527344,49.400001525878906,50.619998931884766,23762500
2022-06-14,37.146278381347656,49.15999984741211,49.84000015258789,48.900001525878906,49.59000015258789,20278700
2022-06-15,37.13872528076172,49.150001525878906,49.83000183105469,48.599998474121094,49.22999954223633,22005600
2022-06-16,36.90448760986328,48.84000015258789,48.970001220703125,48.0099983215332,48.52000045776367,22029300
2022-06-17,37.04804992675781,49.029998779296875,49.4900016784668,48.529998779296875,48.61000061035156,36469500
2022-06-21,38.272151947021484,50.650001525878906,50.90999984741211,49.220001220703125,49.310001373291016,34258500
2022-06-22,38.37794494628906,50.790000915527344,51.16999816894531,50.209999084472656,50.2599983215332,23650600
2022-06-23,39.360252380371094,52.09000015258789,52.18000030517578,51.029998779296875,51.029998779296875,21736400
2022-06-24,38.50639724731445,50.959999084472656,52.150001525878906,50.56999969482422,52.029998779296875,28490700
2022-06-27,38.50639724731445,50.959999084472656,51.4900016784668,50.650001525878906,51.290000915527344,16974900
2022-06-28,38.12858200073242,50.459999084472656,51.29999923706055,50.43000030517578,51.06999969482422,16615700
2022-06-29,38.49129104614258,50.939998626708984,51.0,50.31999969482422,50.47999954223633,13901400
2022-06-30,38.347713470458984,50.75,51.220001220703125,50.459999084472656,50.66999816894531,18880500
2022-07-01,39.02021789550781,51.63999938964844,51.77000045776367,50.58000183105469,50.959999084472656,14189300
2022-07-05,38.853973388671875,51.41999816894531,51.459999084472656,50.47999954223633,51.41999816894531,19675600
2022-07-06,38.92198944091797,51.5099983215332,51.88999938964844,51.130001068115234,51.41999816894531,14938900
2022-07-07,38.799564361572266,50.709999084472656,51.060001373291016,50.36000061035156,50.959999084472656,13617100
2022-07-08,38.63124084472656,50.4900016784668,50.91999816894531,50.40999984741211,50.52000045776367,13959200
2022-07-11,38.63888931274414,50.5,50.7400016784668,50.2599983215332,50.369998931884766,12259000
2022-07-12,38.853118896484375,50.779998779296875,51.36000061035156,50.279998779296875,50.650001525878906,20528700
2022-07-13,38.646541595458984,50.5099983215332,51.09000015258789,50.20000076293945,50.439998626708984,13362500
2022-07-14,38.63124084472656,50.4900016784668,50.560001373291016,49.72999954223633,49.91999816894531,10271700
2022-07-15,39.03675842285156,51.02000045776367,51.040000915527344,50.349998474121094,51.0,13021300
2022-07-18,38.47056198120117,50.279998779296875,51.16999816894531,50.16999816894531,51.060001373291016,16173100
2022-07-19,38.60063171386719,50.45000076293945,50.560001373291016,50.2400016784668,50.47999954223633,14638500
2022-07-20,37.544761657714844,49.06999969482422,50.54999923706055,49.0099983215332,50.470001220703125,29611400
2022-07-21,36.46593475341797,47.65999984741211,47.880001068115234,46.68000030517578,47.630001068115234,32321000
2022-07-22,34.00987243652344,44.45000076293945,46.18000030517578,43.77000045776367,45.95000076293945,58265000
2022-07-25,34.24706268310547,44.7599983215332,44.79999923706055,44.04999923706055,44.380001068115234,27180700
2022-07-26,34.369476318359375,44.91999816894531,45.16999816894531,44.27000045776367,44.5,20571800
2022-07-27,34.36183547973633,44.90999984741211,45.09000015258789,44.45000076293945,44.810001373291016,21560500
2022-07-28,34.85151290893555,45.54999923706055,45.720001220703125,44.75,44.84000015258789,22051900
2022-07-29,35.3411979675293,46.189998626708984,46.5,45.58000183105469,45.709999084472656,23129800
2022-08-01,35.39476013183594,46.2599983215332,46.5,45.91999816894531,46.290000915527344,18612100
2022-08-02,34.69083786010742,45.34000015258789,46.43000030517578,45.310001373291016,46.25,18710300
2022-08-03,34.68318557739258,45.33000183105469,45.61000061035156,45.18000030517578,45.459999084472656,17314100
2022-08-04,33.99457550048828,44.43000030517578,45.220001220703125,44.36000061035156,45.220001220703125,29704300
2022-08-05,34.39244079589844,44.95000076293945,44.97999954223633,44.36000061035156,44.47999954223633,17297500
2022-08-08,34.078739166259766,44.540000915527344,45.0099983215332,44.349998474121094,44.95000076293945,20597000
2022-08-09,34.18585968017578,44.68000030517578,44.849998474121094,44.38999938964844,44.61000061035156,14554000
2022-08-10,34.30827713012695,44.84000015258789,45.060001373291016,44.650001525878906,45.0099983215332,16402700
2022-08-11,34.26236343383789,44.779998779296875,45.2599983215332,44.7400016784668,44.959999084472656,15407300
2022-08-12,34.54546356201172,45.150001525878906,45.2599983215332,44.810001373291016,44.95000076293945,15090900
2022-08-15,34.85917282104492,45.560001373291016,45.63999938964844,44.939998626708984,45.029998779296875,15713600
2022-08-16,35.04279327392578,45.79999923706055,46.04999923706055,45.380001068115234,45.5,14112800
2022-08-17,34.69083786010742,45.34000015258789,45.720001220703125,45.2599983215332,45.43000030517578,11294400
2022-08-18,33.81093978881836,44.189998626708984,44.529998779296875,43.90999984741211,44.41999816894531,25957400
2022-08-19,33.98692321777344,44.41999816894531,44.4900016784668,43.959999084472656,44.099998474121094,19485400
2022-08-22,33.79563522338867,44.16999816894531,44.470001220703125,44.09000015258789,44.400001525878906,15031400
2022-08-23,33.26005554199219,43.470001220703125,44.130001068115234,43.41999816894531,44.0,19014200
2022-08-24,33.32125473022461,43.54999923706055,43.630001068115234,43.220001220703125,43.54999923706055,17384400
2022-08-25,33.466636657714844,43.7400016784668,43.81999969482422,43.41999816894531,43.650001525878906,14327600
2022-08-26,33.09172058105469,43.25,43.70000076293945,43.2400016784668,43.59000015258789,16795700
2022-08-29,33.15293502807617,43.33000183105469,43.56999969482422,43.02000045776367,43.02000045776367,15039500
2022-08-30,32.540828704833984,42.529998779296875,43.380001068115234,42.5,43.380001068115234,20705100
2022-08-31,31.989940643310547,41.810001373291016,42.59000015258789,41.7599983215332,42.470001220703125,28368200
2022-09-01,31.989940643310547,41.810001373291016,42.04999923706055,41.63999938964844,41.63999938964844,21641700
2022-09-02,31.599729537963867,41.29999923706055,42.209999084472656,41.150001525878906,42.0,21155700
2022-09-06,31.446697235107422,41.099998474121094,41.689998626708984,41.09000015258789,41.349998474121094,23898600
2022-09-07,31.43140411376953,41.08000183105469,41.650001525878906,41.0,41.13999938964844,25548300
2022-09-08,31.615020751953125,41.31999969482422,41.720001220703125,40.709999084472656,41.0,28753200
2022-09-09,32.318946838378906,42.2400016784668,42.31999969482422,41.470001220703125,41.68000030517578,20259500
2022-09-12,32.71681594848633,42.7599983215332,42.849998474121094,42.40999984741211,42.59000015258789,18553200
2022-09-13,31.94403648376465,41.75,42.61000061035156,41.56999969482422,42.400001525878906,21284500
2022-09-14,31.584428787231445,41.279998779296875,41.93000030517578,40.97999954223633,41.75,23152200
2022-09-15,31.393138885498047,41.029998779296875,41.27000045776367,40.709999084472656,41.029998779296875,22763400
2022-09-16,31.56146812438965,41.25,41.540000915527344,40.65999984741211,40.97999954223633,45069300
2022-09-19,31.553823471069336,41.2400016784668,41.25,40.689998626708984,41.060001373291016,18960900
2022-09-20,31.056486129760742,40.59000015258789,40.9900016784668,40.470001220703125,40.9900016784668,15561200
2022-09-21,30.207197189331055,39.47999954223633,40.900001525878906,39.470001220703125,40.689998626708984,25612100
2022-09-22,30.55150604248047,39.93000030517578,40.400001525878906,39.2599983215332,39.470001220703125,19806400
2022-09-23,30.2377986907959,39.52000045776367,39.869998931884766,39.11000061035156,39.560001373291016,19439700
2022-09-26,29.786375045776367,38.93000030517578,39.380001068115234,38.630001068115234,39.22999954223633,21345700
2022-09-27,29.755773544311523,38.88999938964844,39.70000076293945,38.779998779296875,39.20000076293945,20357700
2022-09-28,30.13833236694336,39.38999938964844,39.5099983215332,39.0099983215332,39.060001373291016,20567400
2022-09-29,29.564491271972656,38.63999938964844,39.20000076293945,38.45000076293945,39.11000061035156,17806900
2022-09-30,29.051855087280273,37.970001220703125,38.790000915527344,37.95000076293945,38.540000915527344,23523600
2022-10-03,29.962352752685547,39.15999984741211,39.369998931884766,38.38999938964844,38.5,21495300
2022-10-04,30.459693908691406,39.810001373291016,39.849998474121094,39.25,39.5,25922500
2022-10-05,30.14598846435547,39.400001525878906,39.619998931884766,38.869998931884766,39.34000015258789,17797900
2022-10-06,29.44032096862793,37.84000015258789,39.65999984741211,37.77000045776367,39.470001220703125,36663300
2022-10-07,28.67008399963379,36.849998474121094,37.70000076293945,36.810001373291016,37.630001068115234,31838700
2022-10-10,28.491134643554688,36.619998931884766,37.31999969482422,36.369998931884766,37.130001068115234,21622200
2022-10-11,27.96208381652832,35.939998626708984,36.689998626708984,35.93000030517578,36.560001373291016,27708900
2022-10-12,27.759794235229492,35.68000030517578,36.20000076293945,35.599998474121094,35.900001525878906,23336800
2022-10-13,28.31997299194336,36.400001525878906,36.59000015258789,35.040000915527344,35.119998931884766,33118100
2022-10-14,28.30440902709961,36.380001068115234,36.90999984741211,36.34000015258789,36.79999923706055,26019000
2022-10-17,28.92682647705078,37.18000030517578,37.29999923706055,36.59000015258789,36.720001220703125,21962900
2022-10-18,28.84124183654785,37.06999969482422,37.70000076293945,36.83000183105469,37.66999816894531,27488600
2022-10-19,28.45223617553711,36.56999969482422,37.369998931884766,36.560001373291016,36.56999969482422,29563600
2022-10-20,28.786785125732422,37.0,37.529998779296875,36.54999923706055,36.56999969482422,35523700
2022-10-21,27.5030460357666,35.349998474121094,35.70000076293945,34.54999923706055,35.52000045776367,51671100
2022-10-24,27.985424041748047,35.970001220703125,36.38999938964844,35.56999969482422,35.65999984741211,28844800
2022-10-25,28.343311309814453,36.43000030517578,36.47999954223633,35.79999923706055,35.90999984741211,25496500
2022-10-26,28.343311309814453,36.43000030517578,36.709999084472656,36.20000076293945,36.380001068115234,20328200
2022-10-27,28.148807525634766,36.18000030517578,36.720001220703125,36.130001068115234,36.689998626708984,20268000
2022-10-28,29.30805778503418,37.66999816894531,38.040000915527344,36.56999969482422,36.79999923706055,31824300
2022-10-31,29.074647903442383,37.369998931884766,37.540000915527344,37.02000045776367,37.5099983215332,26630600
2022-11-01,29.074647903442383,37.369998931884766,38.09000015258789,37.29999923706055,37.97999954223633,22968900
2022-11-02,29.33917999267578,37.709999084472656,38.349998474121094,37.15999984741211,37.25,30648900
2022-11-03,28.90349006652832,37.150001525878906,37.540000915527344,37.119998931884766,37.36000061035156,22329800
2022-11-04,28.9735107421875,37.2400016784668,37.369998931884766,36.79999923706055,37.349998474121094,17599400
2022-11-07,28.93461036682129,37.189998626708984,37.45000076293945,36.97999954223633,37.31999969482422,19697600
2022-11-08,29.463666915893555,37.869998931884766,37.9900016784668,37.15999984741211,37.20000076293945,17392700
2022-11-09,29.26915740966797,37.619998931884766,38.130001068115234,37.59000015258789,37.91999816894531,17574600
2022-11-10,29.96937370300293,38.52000045776367,38.54999923706055,37.81999969482422,38.29999923706055,23049000
2022-11-11,29.798206329345703,38.29999923706055,38.689998626708984,37.810001373291016,38.54999923706055,22981000
2022-11-14,29.80599594116211,38.310001373291016,38.9900016784668,38.29999923706055,38.45000076293945,23028500
2022-11-15,29.331405639648438,37.70000076293945,38.83000183105469,37.459999084472656,38.4900016784668,25074100
2022-11-16,29.471435546875,37.880001068115234,38.06999969482422,37.630001068115234,37.65999984741211,18962200
2022-11-17,29.689287185668945,38.15999984741211,38.18000030517578,37.290000915527344,37.54999923706055,18780400
2022-11-18,29.992717742919922,38.54999923706055,38.77000045776367,38.290000915527344,38.290000915527344,17821700
2022-11-21,30.047176361083984,38.619998931884766,39.130001068115234,38.52000045776367,38.599998474121094,19184200
2022-11-22,30.498430252075195,39.20000076293945,39.31999969482422,38.84000015258789,38.84000015258789,19809500
2022-11-23,30.280582427978516,38.91999816894531,39.20000076293945,38.61000061035156,39.029998779296875,14170000
2022-11-25,30.358386993408203,39.02000045776367,39.36000061035156,38.970001220703125,39.099998474121094,7725700
2022-11-28,29.75153160095215,38.2400016784668,39.09000015258789,38.130001068115234,39.0099983215332,21560900
2022-11-29,29.82933235168457,38.34000015258789,38.369998931884766,37.95000076293945,38.02000045776367,14008800
2022-11-30,30.327268600463867,38.97999954223633,39.13999938964844,38.150001525878906,38.209999084472656,31358800
2022-12-01,29.821550369262695,38.33000183105469,39.22999954223633,37.810001373291016,39.18000030517578,26276600
2022-12-02,29.704849243164062,38.18000030517578,38.29999923706055,37.70000076293945,37.93000030517578,21677100
2022-12-05,28.84124183654785,37.06999969482422,38.11000061035156,36.900001525878906,37.97999954223633,27561000
2022-12-06,28.70119857788086,36.88999938964844,37.06999969482422,36.630001068115234,36.9900016784668,26293700
2022-12-07,28.919042587280273,37.16999816894531,37.310001373291016,36.66999816894531,36.7400016784668,23065900
2022-12-08,28.864585876464844,37.099998474121094,37.2400016784668,36.869998931884766,37.11000061035156,19549100
2022-12-09,29.097984313964844,37.400001525878906,37.630001068115234,36.959999084472656,37.209999084472656,20671200
2022-12-12,29.525907516479492,37.95000076293945,37.959999084472656,37.279998779296875,37.689998626708984,19629600
2022-12-13,29.455883026123047,37.86000061035156,38.619998931884766,37.84000015258789,38.38999938964844,30176800
2022-12-14,29.13689613342285,37.45000076293945,38.09000015258789,37.2400016784668,37.869998931884766,23329800
2022-12-15,29.3858642578125,37.77000045776367,38.34000015258789,37.65999984741211,37.75,33007200
2022-12-16,28.88014030456543,37.119998931884766,37.56999969482422,36.66999816894531,37.5099983215332,62763800
2022-12-19,28.81012535095215,37.029998779296875,37.470001220703125,36.58000183105469,37.33000183105469,26127200
2022-12-20,28.779008865356445,36.9900016784668,37.209999084472656,36.619998931884766,36.9900016784668,24147300
2022-12-21,29.39363670349121,37.779998779296875,37.849998474121094,37.2400016784668,37.27000045776367,24504300
2022-12-22,29.80599594116211,38.310001373291016,38.31999969482422,37.369998931884766,37.68000030517578,26865300
2022-12-23,29.88379669189453,38.40999984741211,38.540000915527344,37.91999816894531,38.310001373291016,16918300
2022-12-27,30.537330627441406,39.25,39.400001525878906,38.31999969482422,38.4900016784668,25315900
2022-12-28,30.19500160217285,38.810001373291016,39.65999984741211,38.59000015258789,39.189998626708984,21793200
2022-12-29,30.545108795166016,39.2599983215332,39.529998779296875,38.810001373291016,38.900001525878906,17347000
2022-12-30,30.65403938293457,39.400001525878906,39.689998626708984,39.06999969482422,39.310001373291016,44007200
2023-01-03,31.214208602905273,40.119998931884766,40.22999954223633,39.380001068115234,39.77000045776367,31330700
2023-01-04,32.00001525878906,41.130001068115234,41.41999816894531,40.2599983215332,40.540000915527344,28779500
2023-01-05,32.44348907470703,41.70000076293945,41.95000076293945,40.81999969482422,41.20000076293945,29987200
2023-01-06,32.824710845947266,42.189998626708984,42.58000183105469,41.880001068115234,41.91999816894531,26010400
2023-01-09,32.6927375793457,41.369998931884766,41.66999816894531,41.310001373291016,41.380001068115234,23062200
2023-01-10,33.15108871459961,41.95000076293945,41.97999954223633,41.16999816894531,41.36000061035156,16695300
2023-01-11,32.5425910949707,41.18000030517578,42.18000030517578,41.02000045776367,42.13999938964844,20674800
2023-01-12,33.04045486450195,41.810001373291016,41.95000076293945,41.119998931884766,41.380001068115234,16980300
2023-01-13,33.0799674987793,41.86000061035156,41.91999816894531,41.369998931884766,41.650001525878906,17229800
2023-01-17,32.28180694580078,40.849998474121094,41.91999816894531,40.790000915527344,41.849998474121094,28697000
2023-01-18,31.586389541625977,39.970001220703125,40.86000061035156,39.81999969482422,40.86000061035156,22976500
2023-01-19,31.657508850097656,40.060001373291016,40.279998779296875,39.470001220703125,39.709999084472656,24812600
2023-01-20,31.61009979248047,40.0,40.119998931884766,39.459999084472656,40.040000915527344,23377900
2023-01-23,31.317705154418945,39.630001068115234,40.34000015258789,39.41999816894531,39.9900016784668,34249300
2023-01-24,31.942001342773438,40.41999816894531,40.72999954223633,38.40999984741211,38.689998626708984,32143900
2023-01-25,31.870880126953125,40.33000183105469,41.09000015258789,39.90999984741211,40.540000915527344,26527000
2023-01-26,31.823467254638672,40.27000045776367,40.56999969482422,39.93000030517578,40.380001068115234,19568100
2023-01-27,32.1158561706543,40.63999938964844,40.68000030517578,39.77000045776367,40.220001220703125,17254000
2023-01-30,32.43986129760742,41.04999923706055,41.2599983215332,40.70000076293945,40.84000015258789,22272600
2023-01-31,32.85079574584961,41.56999969482422,41.58000183105469,41.0099983215332,41.08000183105469,18665200
2023-02-01,32.94561767578125,41.689998626708984,42.0,41.130001068115234,41.9900016784668,19542000
2023-02-02,33.056251525878906,41.83000183105469,41.93000030517578,41.20000076293945,41.7400016784668,18443800
2023-02-03,32.80337142944336,41.5099983215332,41.970001220703125,41.13999938964844,41.779998779296875,18314400
2023-02-06,32.62162399291992,41.279998779296875,41.59000015258789,40.900001525878906,41.5099983215332,15530700
2023-02-07,32.04473876953125,40.54999923706055,41.209999084472656,40.119998931884766,40.9900016784668,21668500
2023-02-08,32.021034240722656,40.52000045776367,40.70000076293945,40.119998931884766,40.529998779296875,14080200
2023-02-09,31.459943771362305,39.810001373291016,40.65999984741211,39.75,40.619998931884766,17485700
2023-02-10,31.617992401123047,40.0099983215332,40.06999969482422,39.720001220703125,40.0,15398500
2023-02-13,31.86298179626465,40.31999969482422,40.470001220703125,39.880001068115234,40.0099983215332,14486000
2023-02-14,31.870880126953125,40.33000183105469,40.58000183105469,39.90999984741211,40.459999084472656,12292400
2023-02-15,31.9103946685791,40.380001068115234,40.400001525878906,40.099998474121094,40.22999954223633,11265200
2023-02-16,31.483652114868164,39.84000015258789,40.209999084472656,39.70000076293945,40.060001373291016,16625900
2023-02-17,31.783954620361328,40.220001220703125,40.38999938964844,39.65999984741211,39.84000015258789,15029200
2023-02-21,30.977890014648438,39.20000076293945,39.97999954223633,39.15999984741211,39.900001525878906,17805500
2023-02-22,31.041112899780273,39.279998779296875,39.59000015258789,39.029998779296875,39.380001068115234,15086800
2023-02-23,30.44842529296875,38.529998779296875,39.31999969482422,38.52000045776367,39.119998931884766,16738200
2023-02-24,30.6143798828125,38.7400016784668,38.7599983215332,38.09000015258789,38.22999954223633,16431500
2023-02-27,30.725011825561523,38.880001068115234,39.150001525878906,38.630001068115234,38.9900016784668,14210900
2023-02-28,30.66969871520996,38.810001373291016,38.970001220703125,38.54999923706055,38.70000076293945,16685300
2023-03-01,30.266660690307617,38.29999923706055,38.709999084472656,38.150001525878906,38.709999084472656,18411700
2023-03-02,30.353593826293945,38.40999984741211,38.459999084472656,37.939998626708984,38.099998474121094,18818900
2023-03-03,30.23505210876465,38.2599983215332,38.5099983215332,38.060001373291016,38.439998626708984,23407500
2023-03-06,30.14812660217285,38.150001525878906,38.630001068115234,38.04999923706055,38.369998931884766,22925600
2023-03-07,29.958467483520508,37.90999984741211,38.150001525878906,37.43000030517578,38.099998474121094,23713500
2023-03-08,29.658172607421875,37.529998779296875,37.810001373291016,37.349998474121094,37.79999923706055,20295600
2023-03-09,28.883724212646484,36.54999923706055,37.650001525878906,36.52000045776367,37.599998474121094,26506900
2023-03-10,28.986461639404297,36.68000030517578,36.91999816894531,36.40999984741211,36.63999938964844,23940700
2023-03-13,28.875823974609375,36.540000915527344,37.33000183105469,36.38999938964844,36.540000915527344,21834500
2023-03-14,29.144506454467773,36.880001068115234,36.939998626708984,36.5,36.65999984741211,22433200
2023-03-15,29.286754608154297,37.060001373291016,37.2599983215332,36.52000045776367,36.689998626708984,21722200
2023-03-16,28.907438278198242,36.58000183105469,36.880001068115234,36.439998626708984,36.81999969482422,29164400
2023-03-17,29.073387145996094,36.790000915527344,36.83000183105469,36.15999984741211,36.54999923706055,47352500
2023-03-20,29.57914924621582,37.43000030517578,37.709999084472656,36.93000030517578,36.959999084472656,19247800
2023-03-21,29.82412338256836,37.7400016784668,37.77000045776367,37.36000061035156,37.720001220703125,16648100
2023-03-22,29.48431396484375,37.310001373291016,37.95000076293945,37.290000915527344,37.790000915527344,15321800
2023-03-23,29.531728744506836,37.369998931884766,37.630001068115234,37.15999984741211,37.29999923706055,15799000
2023-03-24,29.760910034179688,37.65999984741211,37.70000076293945,37.25,37.529998779296875,14957700
2023-03-27,30.069103240966797,38.04999923706055,38.220001220703125,37.70000076293945,37.9900016784668,14472800
2023-03-28,30.029598236083984,38.0,38.310001373291016,37.91999816894531,38.02000045776367,13092600
2023-03-29,30.408910751342773,38.47999954223633,38.5099983215332,38.15999984741211,38.310001373291016,12308900
2023-03-30,30.55115509033203,38.65999984741211,38.75,38.439998626708984,38.54999923706055,13918700
2023-03-31,30.732908248901367,38.88999938964844,39.04999923706055,38.54999923706055,38.790000915527344,22801500
2023-04-03,30.993698120117188,39.220001220703125,39.58000183105469,39.02000045776367,39.04999923706055,19354900
2023-04-04,31.333507537841797,39.650001525878906,39.650001525878906,39.209999084472656,39.290000915527344,18577100
2023-04-05,31.697023391723633,40.11000061035156,40.2400016784668,39.56999969482422,39.72999954223633,23561300
2023-04-06,31.715503692626953,39.47999954223633,39.779998779296875,39.15999984741211,39.5,21546600
2023-04-10,31.611066818237305,39.349998474121094,39.349998474121094,38.9900016784668,39.209999084472656,16114300
2023-04-11,31.691404342651367,39.45000076293945,39.70000076293945,39.27000045776367,39.33000183105469,12539700
2023-04-12,31.490571975708008,39.20000076293945,39.630001068115234,39.099998474121094,39.369998931884766,13095200
2023-04-13,31.58696746826172,39.31999969482422,39.31999969482422,38.91999816894531,39.189998626708984,13515800
2023-04-14,31.506633758544922,39.220001220703125,39.41999816894531,38.88999938964844,39.369998931884766,11008400
2023-04-17,31.699434280395508,39.459999084472656,39.5099983215332,39.13999938964844,39.220001220703125,11572900
2023-04-18,31.281702041625977,38.939998626708984,39.4900016784668,38.900001525878906,39.470001220703125,16588500
2023-04-19,31.008569717407227,38.599998474121094,38.9900016784668,38.52000045776367,38.91999816894531,17701200
2023-04-20,29.875873565673828,37.189998626708984,37.79999923706055,36.97999954223633,37.65999984741211,31521300
2023-04-21,29.980300903320312,37.31999969482422,37.43000030517578,37.04999923706055,37.43000030517578,23823800
2023-04-24,29.803571701049805,37.099998474121094,37.4900016784668,36.97999954223633,37.189998626708984,20362500
2023-04-25,29.96424102783203,37.29999923706055,37.36000061035156,36.56999969482422,36.709999084472656,24959400
2023-04-26,29.658966064453125,36.91999816894531,37.439998626708984,36.81999969482422,37.099998474121094,21499300
2023-04-27,31.161197662353516,38.790000915527344,38.810001373291016,37.130001068115234,37.20000076293945,28841000
2023-04-28,31.193340301513672,38.83000183105469,39.0,38.459999084472656,38.560001373291016,19197500
2023-05-01,31.09693145751953,38.709999084472656,39.18000030517578,38.68000030517578,39.16999816894531,17043500
2023-05-02,30.26146697998047,37.66999816894531,38.5099983215332,37.4900016784668,38.470001220703125,17268700
2023-05-03,30.51050567626953,37.97999954223633,38.29999923706055,37.61000061035156,37.959999084472656,16703200
2023-05-04,30.00440216064453,37.349998474121094,37.959999084472656,37.290000915527344,37.86000061035156,16163100
2023-05-05,30.390010833740234,37.83000183105469,37.84000015258789,37.15999984741211,37.52000045776367,15817400
2023-05-08,30.390010833740234,37.83000183105469,37.90999984741211,37.439998626708984,37.68000030517578,10672400
2023-05-09,30.181129455566406,37.56999969482422,37.81999969482422,37.43000030517578,37.81999969482422,12226800
2023-05-10,30.22933578491211,37.630001068115234,37.83000183105469,37.290000915527344,37.810001373291016,14427500
2023-05-11,30.205232620239258,37.599998474121094,37.63999938964844,37.31999969482422,37.40999984741211,11068700
2023-05-12,30.19720458984375,37.59000015258789,37.7400016784668,37.40999984741211,37.63999938964844,10670700
2023-05-15,29.53847312927246,36.77000045776367,37.630001068115234,36.720001220703125,37.630001068115234,20408700
2023-05-16,28.960073471069336,36.04999923706055,36.779998779296875,36.040000915527344,36.619998931884766,20244700
2023-05-17,29.064512252807617,36.18000030517578,36.34000015258789,36.040000915527344,36.220001220703125,16741100
2023-05-18,29.02434539794922,36.130001068115234,36.16999816894531,35.720001220703125,36.0099983215332,20365900
2023-05-19,28.960073471069336,36.04999923706055,36.52000045776367,36.029998779296875,36.220001220703125,16829200
2023-05-22,28.887779235839844,35.959999084472656,36.33000183105469,35.90999984741211,36.25,16634300
2023-05-23,29.112703323364258,36.2400016784668,36.90999984741211,35.79999923706055,35.939998626708984,21539700
2023-05-24,28.815471649169922,35.869998931884766,36.25,35.849998474121094,36.22999954223633,16044200
2023-05-25,27.97197723388672,34.81999969482422,35.560001373291016,34.7400016784668,35.540000915527344,32465900
2023-05-26,28.1165771484375,35.0,35.060001373291016,34.66999816894531,34.84000015258789,18216700
2023-05-30,28.036245346069336,34.900001525878906,35.130001068115234,34.779998779296875,34.970001220703125,19353300
2023-05-31,28.622676849365234,35.630001068115234,35.97999954223633,34.86000061035156,34.86000061035156,53756700
2023-06-01,28.694976806640625,35.720001220703125,35.900001525878906,35.41999816894531,35.599998474121094,20565300
2023-06-02,27.779184341430664,34.58000183105469,34.900001525878906,33.720001220703125,34.400001525878906,61527900
2023-06-05,27.68277931213379,34.459999084472656,35.150001525878906,34.45000076293945,34.779998779296875,30125600
2023-06-06,27.875579833984375,34.70000076293945,34.7400016784668,34.33000183105469,34.5,18406700
2023-06-07,28.325443267822266,35.2599983215332,35.279998779296875,34.630001068115234,34.720001220703125,25494100
2023-06-08,28.462011337280273,35.43000030517578,35.439998626708984,34.97999954223633,35.2400016784668,17749700
2023-06-09,28.4941463470459,35.470001220703125,35.619998931884766,35.2599983215332,35.459999084472656,14953900
2023-06-12,28.60660743713379,35.61000061035156,35.779998779296875,35.36000061035156,35.65999984741211,14044500
2023-06-13,28.50217628479004,35.47999954223633,35.790000915527344,35.41999816894531,35.5,17706700
2023-06-14,28.7030086517334,35.72999954223633,35.97999954223633,35.619998931884766,35.630001068115234,16538700
2023-06-15,29.273372650146484,36.439998626708984,36.470001220703125,35.68000030517578,35.7599983215332,18890900
2023-06-16,29.289443969726562,36.459999084472656,36.689998626708984,36.16999816894531,36.52000045776367,36102100
2023-06-20,28.767274856567383,35.810001373291016,36.16999816894531,35.779998779296875,36.08000183105469,17687900
2023-06-21,28.78334617614746,35.83000183105469,35.970001220703125,35.5,35.70000076293945,17121200
2023-06-22,28.799407958984375,35.849998474121094,35.91999816894531,35.56999969482422,35.81999969482422,12431200
2023-06-23,28.526275634765625,35.5099983215332,36.08000183105469,35.47999954223633,35.95000076293945,18991500
2023-06-26,29.00827980041504,36.11000061035156,36.13999938964844,35.5,35.65999984741211,15840000
2023-06-27,29.361738204956055,36.54999923706055,36.68000030517578,36.220001220703125,36.369998931884766,17757800
2023-06-28,29.578641891479492,36.81999969482422,36.86000061035156,36.2400016784668,36.5,16756400
2023-06-29,29.7152099609375,36.9900016784668,37.02000045776367,36.65999984741211,36.790000915527344,16740800
2023-06-30,29.875873565673828,37.189998626708984,37.25,36.849998474121094,37.0,19098300
2023-07-03,29.94816780090332,37.279998779296875,37.380001068115234,36.959999084472656,37.16999816894531,10367100
2023-07-05,30.10883903503418,37.47999954223633,37.68000030517578,37.22999954223633,37.279998779296875,19868300
2023-07-06,29.82767105102539,37.130001068115234,37.40999984741211,37.060001373291016,37.400001525878906,21558200
2023-07-07,29.355854034423828,35.900001525878906,36.349998474121094,35.869998931884766,36.220001220703125,20482700
2023-07-10,28.734394073486328,35.13999938964844,35.959999084472656,35.0,35.91999816894531,30326400
2023-07-11,28.61173439025879,34.9900016784668,35.220001220703125,34.709999084472656,35.119998931884766,28340300
2023-07-12,28.505434036254883,34.86000061035156,35.2400016784668,34.709999084472656,35.099998474121094,27299600
2023-07-13,28.325538635253906,34.63999938964844,34.86000061035156,34.41999816894531,34.81999969482422,25641900
2023-07-14,27.810375213623047,34.0099983215332,34.5,33.95000076293945,34.43000030517578,31576000
2023-07-17,25.72521209716797,31.459999084472656,33.650001525878906,31.25,33.650001525878906,97510600
2023-07-18,26.387561798095703,32.27000045776367,33.150001525878906,31.969999313354492,32.02000045776367,79722200
2023-07-19,27.777666091918945,33.970001220703125,34.15999984741211,33.15999984741211,33.709999084472656,61881000
2023-07-20,27.5078182220459,33.63999938964844,34.0,33.5099983215332,33.900001525878906,32839900
2023-07-21,27.704076766967773,33.880001068115234,33.939998626708984,33.36000061035156,33.5099983215332,25179400
2023-07-24,27.78584098815918,33.97999954223633,34.599998474121094,33.709999084472656,33.880001068115234,30784200
2023-07-25,27.998451232910156,34.2400016784668,34.95000076293945,33.720001220703125,34.63999938964844,35719500
2023-07-26,28.08022117614746,34.34000015258789,34.61000061035156,33.77000045776367,33.849998474121094,27916000
2023-07-27,27.434228897094727,33.54999923706055,34.61000061035156,33.540000915527344,34.22999954223633,28097500
2023-07-28,27.82672691345215,34.029998779296875,34.31999969482422,33.65999984741211,33.66999816894531,30642100
2023-07-31,27.867616653442383,34.08000183105469,34.119998931884766,33.84000015258789,34.0,24500400
2023-08-01,27.336105346679688,33.43000030517578,34.29999923706055,33.31999969482422,34.290000915527344,27289500
2023-08-02,27.24615478515625,33.31999969482422,33.70000076293945,33.220001220703125,33.470001220703125,20481600
2023-08-03,27.033552169799805,33.060001373291016,33.25,32.72999954223633,33.04999923706055,20465700
2023-08-04,26.673757553100586,32.619998931884766,33.029998779296875,32.529998779296875,33.0,24584000
2023-08-07,26.600160598754883,32.529998779296875,32.83000183105469,32.18000030517578,32.650001525878906,24314000
2023-08-08,26.632869720458984,32.56999969482422,32.810001373291016,32.43000030517578,32.45000076293945,22178900
2023-08-09,26.747350692749023,32.709999084472656,32.83000183105469,32.34000015258789,32.5099983215332,20798500
2023-08-10,27.000843048095703,33.02000045776367,33.31999969482422,32.81999969482422,32.849998474121094,19031600
2023-08-11,27.27886390686035,33.36000061035156,33.41999816894531,32.95000076293945,32.959999084472656,15271400
2023-08-14,27.442407608032227,33.560001373291016,33.59000015258789,33.13999938964844,33.189998626708984,17934000
2023-08-15,27.197092056274414,33.2599983215332,33.5099983215332,33.209999084472656,33.349998474121094,15528600
2023-08-16,27.205270767211914,33.27000045776367,33.63999938964844,33.13999938964844,33.29999923706055,17395100
2023-08-17,27.033552169799805,33.060001373291016,33.47999954223633,32.849998474121094,33.36000061035156,19128000
2023-08-18,27.13167953491211,33.18000030517578,33.41999816894531,32.86000061035156,32.86000061035156,21722700
2023-08-21,26.98448944091797,33.0,33.220001220703125,32.77000045776367,33.150001525878906,27074400
2023-08-22,27.148033142089844,33.20000076293945,33.31999969482422,32.88999938964844,33.08000183105469,21722000
2023-08-23,27.13985252380371,33.189998626708984,33.369998931884766,33.0099983215332,33.20000076293945,15766400
2023-08-24,27.295217514038086,33.380001068115234,33.58000183105469,33.0,33.0099983215332,18561400
2023-08-25,27.270689010620117,33.349998474121094,33.52000045776367,33.02000045776367,33.33000183105469,14912100
2023-08-28,27.434228897094727,33.54999923706055,33.619998931884766,33.2599983215332,33.47999954223633,16050400
2023-08-29,28.36642074584961,34.689998626708984,34.75,33.95000076293945,33.9900016784668,28782800
2023-08-30,28.325538635253906,34.63999938964844,34.95000076293945,34.54999923706055,34.88999938964844,15021400
2023-08-31,28.603557586669922,34.97999954223633,35.13999938964844,34.7599983215332,34.849998474121094,24333200
2023-09-01,28.505434036254883,34.86000061035156,35.150001525878906,34.84000015258789,34.9900016784668,14748700
2023-09-05,28.047515869140625,34.29999923706055,35.06999969482422,34.29999923706055,34.849998474121094,17486000
2023-09-06,27.949384689331055,34.18000030517578,34.439998626708984,33.9900016784668,34.099998474121094,19187100
2023-09-07,27.646831512451172,33.810001373291016,34.52000045776367,33.75,34.18000030517578,26605800
2023-09-08,27.35245704650879,33.45000076293945,33.83000183105469,33.22999954223633,33.810001373291016,24872400
2023-09-11,27.75313949584961,33.939998626708984,34.09000015258789,33.58000183105469,33.70000076293945,18883900
2023-09-12,27.834901809692383,34.040000915527344,34.18000030517578,33.79999923706055,34.130001068115234,15784400
2023-09-13,27.687719345092773,33.86000061035156,34.29999923706055,33.5099983215332,34.29999923706055,21027900
2023-09-14,27.834901809692383,34.040000915527344,34.380001068115234,33.939998626708984,34.27000045776367,26570100
2023-09-15,27.630483627319336,33.790000915527344,34.16999816894531,33.65999984741211,33.959999084472656,38205200
2023-09-18,27.417875289916992,33.529998779296875,33.970001220703125,33.52000045776367,33.900001525878906,16233700
2023-09-19,27.311573028564453,33.400001525878906,33.72999954223633,33.25,33.58000183105469,23379300
2023-09-20,27.475114822387695,33.599998474121094,33.939998626708984,33.36000061035156,33.58000183105469,23742000
2023-09-21,27.22162628173828,33.290000915527344,33.849998474121094,33.2599983215332,33.52000045776367,17993800
2023-09-22,27.21344757080078,33.279998779296875,33.5099983215332,32.93000030517578,33.2599983215332,22740000
2023-09-25,27.11532211303711,33.15999984741211,33.25,32.869998931884766,33.16999816894531,17616900
2023-09-26,26.97631072998047,32.9900016784668,33.16999816894531,32.810001373291016,32.88999938964844,18841600
2023-09-27,26.493864059448242,32.400001525878906,33.0099983215332,32.310001373291016,32.95000076293945,22083500
2023-09-28,26.616518020629883,32.54999923706055,32.619998931884766,32.400001525878906,32.400001525878906,18772100
2023-09-29,26.502038955688477,32.40999984741211,32.75,32.369998931884766,32.619998931884766,19787600
2023-10-02,25.970523834228516,31.760000228881836,32.470001220703125,31.729999542236328,32.439998626708984,24722600
2023-10-03,26.150423049926758,31.979999542236328,32.0099983215332,31.610000610351562,31.700000762939453,21389400
2023-10-04,25.790630340576172,31.540000915527344,31.969999313354492,31.399999618530273,31.790000915527344,23694100
2023-10-05,26.01958656311035,31.81999969482422,31.920000076293945,31.3799991607666,31.559999465942383,22774400
2023-10-06,25.764862060546875,30.850000381469727,31.0,30.139999389648438,30.940000534057617,31291800
2023-10-09,26.265966415405273,31.450000762939453,31.5,30.739999771118164,30.739999771118164,20344300
2023-10-10,26.52486228942871,31.760000228881836,31.799999237060547,31.31999969482422,31.479999542236328,19151900
2023-10-11,26.274314880371094,31.459999084472656,31.969999313354492,31.40999984741211,31.829999923706055,15694200
2023-10-12,25.814971923828125,30.90999984741211,31.3700008392334,30.649999618530273,31.329999923706055,21718300
2023-10-13,25.614532470703125,30.670000076293945,31.389999389648438,30.639999389648438,31.079999923706055,24528400
2023-10-16,26.09892463684082,31.25,31.31999969482422,30.6200008392334,30.84000015258789,21087900
2023-10-17,26.316070556640625,31.510000228881836,31.540000915527344,31.100000381469727,31.110000610351562,21186000
2023-10-18,25.931894302368164,31.049999237060547,31.479999542236328,30.989999771118164,31.420000076293945,22024300
2023-10-19,26.374536514282227,31.579999923706055,31.969999313354492,31.399999618530273,31.420000076293945,28806600
2023-10-20,26.366182327270508,31.56999969482422,32.13999938964844,31.549999237060547,31.56999969482422,27271200
2023-10-23,26.215850830078125,31.389999389648438,31.65999984741211,31.260000228881836,31.479999542236328,31725800
2023-10-24,28.646188735961914,34.29999923706055,34.459999084472656,32.970001220703125,33.150001525878906,61617900
2023-10-25,28.13673210144043,33.689998626708984,34.61000061035156,33.599998474121094,34.5,30832800
2023-10-26,28.78816795349121,34.470001220703125,34.70000076293945,33.63999938964844,33.65999984741211,34367000
2023-10-27,27.927940368652344,33.439998626708984,34.59000015258789,33.34000015258789,34.380001068115234,23924800
2023-10-30,28.913436889648438,34.619998931884766,34.79999923706055,33.84000015258789,33.84000015258789,31497700
2023-10-31,29.339372634887695,35.130001068115234,35.209999084472656,34.66999816894531,34.709999084472656,28903400
2023-11-01,29.56486701965332,35.400001525878906,35.560001373291016,35.150001525878906,35.40999984741211,26071200
2023-11-02,29.982452392578125,35.900001525878906,35.939998626708984,35.310001373291016,35.310001373291016,24946000
2023-11-03,30.08266830444336,36.02000045776367,36.369998931884766,35.939998626708984,35.9900016784668,23323200
2023-11-06,29.765302658081055,35.63999938964844,36.029998779296875,35.619998931884766,35.97999954223633,15544000
2023-11-07,30.015859603881836,35.939998626708984,36.099998474121094,35.650001525878906,35.70000076293945,17654600
2023-11-08,29.873878479003906,35.77000045776367,35.97999954223633,35.599998474121094,35.939998626708984,16971500
2023-11-09,29.748605728149414,35.619998931884766,36.04999923706055,35.459999084472656,35.869998931884766,15685800
2023-11-10,29.823768615722656,35.709999084472656,35.91999816894531,35.400001525878906,35.90999984741211,12791200
2023-11-13,29.915637969970703,35.81999969482422,36.18000030517578,35.40999984741211,35.63999938964844,17236700
2023-11-14,29.965747833251953,35.880001068115234,36.099998474121094,35.810001373291016,36.0099983215332,17667100
2023-11-15,30.065967559814453,36.0,36.11000061035156,35.84000015258789,35.880001068115234,22855500
2023-11-16,30.21630096435547,36.18000030517578,36.380001068115234,35.93000030517578,36.08000183105469,19110800
2023-11-17,30.258054733276367,36.22999954223633,36.380001068115234,36.08000183105469,36.380001068115234,19355200
2023-11-20,30.675636291503906,36.72999954223633,36.869998931884766,36.20000076293945,36.279998779296875,18656400
2023-11-21,31.109920501708984,37.25,37.45000076293945,36.849998474121094,36.86000061035156,22946400
2023-11-22,31.193437576293945,37.349998474121094,37.52000045776367,37.220001220703125,37.33000183105469,14613100
2023-11-24,31.24355125427246,37.40999984741211,37.56999969482422,37.29999923706055,37.45000076293945,6766700
2023-11-27,31.193437576293945,37.349998474121094,37.540000915527344,37.290000915527344,37.45000076293945,15245300
2023-11-28,31.293657302856445,37.470001220703125,37.5099983215332,37.20000076293945,37.349998474121094,14521700
2023-11-29,31.53586196899414,37.7599983215332,37.88999938964844,37.529998779296875,37.529998779296875,16387400
2023-11-30,32.011905670166016,38.33000183105469,38.439998626708984,37.81999969482422,37.83000183105469,36623500
2023-12-01,32.22069549560547,38.58000183105469,38.61000061035156,38.27000045776367,38.400001525878906,20762500
2023-12-04,31.76970672607422,38.040000915527344,38.56999969482422,38.029998779296875,38.400001525878906,22109200
2023-12-05,32.08706283569336,38.41999816894531,38.54999923706055,38.09000015258789,38.349998474121094,23003300
2023-12-06,32.15388488769531,38.5,38.880001068115234,38.08000183105469,38.25,20218500
2023-12-07,32.27914810180664,38.650001525878906,38.72999954223633,38.29999923706055,38.54999923706055,15223200
2023-12-08,31.945093154907227,38.25,38.68000030517578,38.0099983215332,38.65999984741211,21850400
2023-12-11,31.460691452026367,37.66999816894531,38.38999938964844,37.47999954223633,38.290000915527344,21914500
2023-12-12,31.151681900024414,37.29999923706055,37.63999938964844,37.16999816894531,37.56999969482422,17096700
2023-12-13,30.892784118652344,36.9900016784668,37.150001525878906,36.459999084472656,37.08000183105469,32473200
2023-12-14,31.627731323242188,37.869998931884766,37.97999954223633,37.18000030517578,37.25,28551600
2023-12-15,31.210142135620117,37.369998931884766,37.83000183105469,37.13999938964844,37.54999923706055,51721600
2023-12-18,31.460691452026367,37.66999816894531,37.79999923706055,37.27000045776367,37.720001220703125,22057200
2023-12-19,31.377164840698242,37.56999969482422,37.7400016784668,37.4900016784668,37.599998474121094,17642500
2023-12-20,31.151681900024414,37.29999923706055,37.72999954223633,37.279998779296875,37.5,18134600
2023-12-21,31.26025390625,37.43000030517578,37.54999923706055,37.209999084472656,37.349998474121094,15421000
2023-12-22,31.31036376953125,37.4900016784668,37.779998779296875,37.400001525878906,37.41999816894531,13171600
2023-12-26,31.3020076751709,37.47999954223633,37.63999938964844,37.310001373291016,37.439998626708984,11856600
2023-12-27,31.160036087036133,37.310001373291016,37.459999084472656,37.20000076293945,37.33000183105469,15267600
2023-12-28,31.31036376953125,37.4900016784668,37.720001220703125,37.150001525878906,37.18000030517578,14931700
2023-12-29,31.485748291015625,37.70000076293945,37.7599983215332,37.31999969482422,37.380001068115234,16222700
2024-01-02,32.47124481201172,38.880001068115234,38.970001220703125,37.68000030517578,37.72999954223633,23810900
2024-01-03,32.70508575439453,39.15999984741211,39.720001220703125,39.130001068115234,39.529998779296875,26263900
2024-01-04,32.8804817199707,39.369998931884766,39.849998474121094,39.36000061035156,39.68000030517578,24214600
2024-01-05,33.57365798950195,40.20000076293945,40.369998931884766,39.29999923706055,39.470001220703125,30276700
2024-01-08,33.490150451660156,40.099998474121094,40.2599983215332,39.47999954223633,40.150001525878906,28483000
2024-01-09,33.154693603515625,39.040000915527344,39.25,38.77000045776367,39.25,17880100
2024-01-10,33.188663482666016,39.08000183105469,39.099998474121094,38.65999984741211,39.08000183105469,16354700
2024-01-11,32.186546325683594,37.900001525878906,39.029998779296875,37.560001373291016,39.029998779296875,31289800
2024-01-12,32.74705505371094,38.560001373291016,38.77000045776367,38.16999816894531,38.189998626708984,18774800
2024-01-16,33.367008209228516,39.290000915527344,39.349998474121094,38.349998474121094,38.58000183105469,31039400
2024-01-17,33.01032257080078,38.869998931884766,39.43000030517578,38.66999816894531,38.720001220703125,21377100
2024-01-18,33.069766998291016,38.939998626708984,39.0099983215332,38.459999084472656,38.529998779296875,17112800
2024-01-19,33.40097427368164,39.33000183105469,39.43000030517578,38.689998626708984,39.06999969482422,20561700
2024-01-22,33.6132926940918,39.58000183105469,39.720001220703125,39.310001373291016,39.400001525878906,26039200
2024-01-23,35.863792419433594,42.22999954223633,42.25,40.59000015258789,41.06999969482422,49713700
2024-01-24,35.057010650634766,41.279998779296875,42.34000015258789,41.189998626708984,42.22999954223633,27910400
2024-01-25,35.91475296020508,42.290000915527344,42.29999923706055,41.33000183105469,41.45000076293945,24613200
2024-01-26,36.00817108154297,42.400001525878906,42.4900016784668,42.099998474121094,42.290000915527344,20367200
2024-01-29,35.710933685302734,42.04999923706055,42.38999938964844,41.65999984741211,42.119998931884766,23905700
2024-01-30,36.06761932373047,42.470001220703125,42.599998474121094,41.810001373291016,42.0,20044600
2024-01-31,35.96570587158203,42.349998474121094,43.209999084472656,42.040000915527344,42.189998626708984,23392300
2024-02-01,36.0846061706543,42.4900016784668,42.720001220703125,41.970001220703125,42.68000030517578,19586500
2024-02-02,35.778873443603516,42.130001068115234,42.470001220703125,41.83000183105469,42.20000076293945,21548600
2024-02-05,35.14193344116211,41.380001068115234,42.18000030517578,41.279998779296875,42.0,20466200
2024-02-06,34.90414047241211,41.099998474121094,41.56999969482422,40.95000076293945,41.38999938964844,17517600
2024-02-07,34.32665252685547,40.41999816894531,41.13999938964844,40.36000061035156,41.099998474121094,21815600
2024-02-08,33.8935432434082,39.90999984741211,40.369998931884766,39.439998626708984,40.29999923706055,19523500
2024-02-09,33.732181549072266,39.720001220703125,40.09000015258789,39.2599983215332,39.900001525878906,18479400
2024-02-12,34.05489730834961,40.099998474121094,40.16999816894531,39.529998779296875,39.72999954223633,15060500
2024-02-13,34.08037567138672,40.130001068115234,40.459999084472656,39.68000030517578,40.20000076293945,14483600
2024-02-14,34.09736633300781,40.150001525878906,40.540000915527344,39.970001220703125,40.380001068115234,12443200
2024-02-15,34.471031188964844,40.59000015258789,40.619998931884766,40.18000030517578,40.209999084472656,12081400
2024-02-16,34.3861083984375,40.4900016784668,40.66999816894531,39.7400016784668,40.290000915527344,12645500
2024-02-20,34.39459228515625,40.5,40.90999984741211,40.27000045776367,40.40999984741211,12069500
2024-02-21,34.90414047241211,41.099998474121094,41.119998931884766,40.369998931884766,40.4900016784668,16268200
2024-02-22,34.58992004394531,40.72999954223633,40.93000030517578,40.11000061035156,40.75,22068900
2024-02-23,34.53047561645508,40.65999984741211,41.150001525878906,40.459999084472656,40.630001068115234,15228600
2024-02-26,33.70669937133789,39.689998626708984,40.630001068115234,39.43000030517578,40.599998474121094,25108400
2024-02-27,33.91053009033203,39.93000030517578,39.97999954223633,39.43000030517578,39.68000030517578,17074100
2024-02-28,34.05489730834961,40.099998474121094,40.209999084472656,39.86000061035156,39.959999084472656,12437000
2024-02-29,33.98695755004883,40.02000045776367,40.22999954223633,39.849998474121094,40.099998474121094,20486500
2024-03-01,34.13982009887695,40.20000076293945,40.290000915527344,39.77000045776367,39.9900016784668,12130900
2024-03-04,34.23324203491211,40.310001373291016,40.33000183105469,39.5099983215332,39.91999816894531,18753900
2024-03-05,34.2672119140625,40.349998474121094,40.959999084472656,39.91999816894531,40.349998474121094,20640100
2024-03-06,33.91053009033203,39.93000030517578,40.369998931884766,39.77000045776367,40.349998474121094,16331100
2024-03-07,33.57082748413086,39.529998779296875,40.279998779296875,39.380001068115234,40.099998474121094,17100600
2024-03-08,33.5538444519043,39.5099983215332,39.880001068115234,39.38999938964844,39.61000061035156,17807900
2024-03-11,34.08037567138672,40.130001068115234,40.22999954223633,39.560001373291016,39.56999969482422,12344600
2024-03-12,34.08037567138672,40.130001068115234,40.2599983215332,39.900001525878906,40.029998779296875,12452700
2024-03-13,34.19077682495117,40.2599983215332,40.5,40.060001373291016,40.290000915527344,13751800
2024-03-14,33.77464294433594,39.77000045776367,40.060001373291016,39.439998626708984,40.0,17475400
2024-03-15,33.53685760498047,39.4900016784668,39.93000030517578,39.13999938964844,39.599998474121094,54893900
2024-03-18,33.91053009033203,39.93000030517578,39.959999084472656,39.2599983215332,39.47999954223633,16200800
2024-03-19,33.94449234008789,39.970001220703125,40.04999923706055,39.810001373291016,39.880001068115234,15226900
2024-03-20,34.07188415527344,40.119998931884766,40.27000045776367,39.79999923706055,39.959999084472656,15198800
2024-03-21,34.428565979003906,40.540000915527344,40.59000015258789,39.97999954223633,40.119998931884766,21868300
2024-03-22,34.28418731689453,40.369998931884766,40.810001373291016,40.0099983215332,40.7400016784668,17816400
2024-03-25,34.70882034301758,40.869998931884766,40.880001068115234,40.47999954223633,40.529998779296875,14587200
2024-03-26,34.691829681396484,40.849998474121094,41.0,40.709999084472656,40.83000183105469,17854100
2024-03-27,35.27781295776367,41.540000915527344,41.779998779296875,41.099998474121094,41.099998474121094,19260100
2024-03-28,35.634498596191406,41.959999084472656,42.150001525878906,41.630001068115234,41.63999938964844,19771400
2024-04-01,35.9062614440918,42.279998779296875,42.34000015258789,41.529998779296875,41.9900016784668,15031600
2024-04-02,36.12706756591797,42.540000915527344,42.68000030517578,42.2599983215332,42.29999923706055,17260800
2024-04-03,36.38184356689453,42.84000015258789,42.900001525878906,42.529998779296875,42.58000183105469,18211800
2024-04-04,36.05063247680664,42.45000076293945,43.41999816894531,42.439998626708984,42.9900016784668,16461400
2024-04-05,35.7703857421875,42.119998931884766,42.439998626708984,41.61000061035156,42.25,14338700
2024-04-08,35.43917465209961,41.72999954223633,42.150001525878906,41.709999084472656,42.119998931884766,14457800
2024-04-09,35.244991302490234,40.84000015258789,41.18000030517578,40.540000915527344,41.060001373291016,17224100
2024-04-10,34.96883773803711,40.52000045776367,40.65999984741211,39.959999084472656,40.61000061035156,17900400
2024-04-11,34.65816116333008,40.15999984741211,40.470001220703125,40.09000015258789,40.45000076293945,14782200
2024-04-12,34.278438568115234,39.720001220703125,40.2599983215332,39.68000030517578,40.18000030517578,21555000
2024-04-15,34.61500549316406,40.11000061035156,40.349998474121094,39.849998474121094,40.11000061035156,16442800
2024-04-16,34.32158279418945,39.77000045776367,40.13999938964844,39.56999969482422,40.11000061035156,14016800
2024-04-17,34.3302116394043,39.779998779296875,39.97999954223633,39.459999084472656,39.849998474121094,21009200
2024-04-18,34.63227081298828,40.130001068115234,40.16999816894531,39.709999084472656,39.849998474121094,20173700
2024-04-19,34.94295120239258,40.4900016784668,40.66999816894531,39.97999954223633,40.0,24706500
2024-04-22,33.31187057495117,38.599998474121094,41.63999938964844,38.560001373291016,41.400001525878906,51243200
2024-04-23,34.261173248291016,39.70000076293945,39.9900016784668,38.68000030517578,38.90999984741211,25972800
2024-04-24,34.0799446105957,39.4900016784668,39.65999984741211,38.939998626708984,39.5,15946600
2024-04-25,33.8469352722168,39.220001220703125,39.81999969482422,38.959999084472656,39.290000915527344,16837700
2024-04-26,34.24391555786133,39.68000030517578,39.959999084472656,38.900001525878906,39.060001373291016,18246200
2024-04-29,34.597740173339844,40.09000015258789,40.81999969482422,39.869998931884766,39.900001525878906,19438600
2024-04-30,34.0799446105957,39.4900016784668,39.91999816894531,39.439998626708984,39.90999984741211,20222200
2024-05-01,33.829681396484375,39.20000076293945,39.65999984741211,39.130001068115234,39.33000183105469,17754000
2024-05-02,33.59666442871094,38.93000030517578,39.47999954223633,38.75,39.31999969482422,17394900
2024-05-03,33.5621452331543,38.88999938964844,39.20000076293945,38.75,39.04999923706055,13195600
2024-05-06,33.941864013671875,39.33000183105469,39.349998474121094,39.060001373291016,39.119998931884766,13348800
2024-05-07,33.92460250854492,39.310001373291016,39.58000183105469,39.09000015258789,39.529998779296875,11935200
2024-05-08,34.071311950683594,39.47999954223633,39.56999969482422,39.099998474121094,39.2400016784668,10438000
2024-05-09,34.33884811401367,39.790000915527344,39.83000183105469,39.380001068115234,39.5099983215332,12881000
2024-05-10,34.865272521972656,40.400001525878906,40.41999816894531,39.709999084472656,39.810001373291016,16888500
2024-05-13,34.98610305786133,40.540000915527344,40.650001525878906,40.09000015258789,40.34000015258789,21365700
2024-05-14,34.94295120239258,40.4900016784668,40.689998626708984,40.41999816894531,40.59000015258789,17664400
2024-05-15,34.94295120239258,40.4900016784668,40.90999984741211,40.439998626708984,40.75,14926000
2024-05-16,34.7358283996582,40.25,40.439998626708984,40.13999938964844,40.290000915527344,12913200
2024-05-17,34.57185745239258,40.060001373291016,40.40999984741211,39.83000183105469,40.38999938964844,14670400
2024-05-20,34.62363815307617,40.119998931884766,40.310001373291016,40.0099983215332,40.04999923706055,8665000
2024-05-21,34.192138671875,39.619998931884766,40.119998931884766,39.279998779296875,40.099998474121094,18327000
2024-05-22,34.33884811401367,39.790000915527344,40.18000030517578,39.619998931884766,39.70000076293945,12374100
2024-05-23,34.02816390991211,39.43000030517578,39.79999923706055,39.11000061035156,39.599998474121094,14105000
2024-05-24,34.29570007324219,39.7400016784668,39.7400016784668,39.5,39.5099983215332,10420000
2024-05-28,33.96775436401367,39.36000061035156,39.790000915527344,39.16999816894531,39.720001220703125,15071300
2024-05-29,33.743370056152344,39.099998474121094,39.470001220703125,39.0,39.2599983215332,17652000
2024-05-30,34.80487060546875,40.33000183105469,40.36000061035156,39.18000030517578,39.220001220703125,19633200
2024-05-31,35.512535095214844,41.150001525878906,41.279998779296875,40.099998474121094,40.13999938964844,38917400
2024-06-03,35.36581802368164,40.97999954223633,41.5099983215332,40.900001525878906,41.18000030517578,20688100
2024-06-04,35.86635971069336,41.560001373291016,41.560001373291016,40.720001220703125,40.880001068115234,16040200
2024-06-05,35.68511962890625,41.349998474121094,41.720001220703125,41.130001068115234,41.599998474121094,11964000
2024-06-06,35.667869567871094,41.33000183105469,41.720001220703125,41.13999938964844,41.310001373291016,10259100
2024-06-07,35.331295013427734,40.939998626708984,41.290000915527344,40.810001373291016,41.15999984741211,10410200
2024-06-10,34.873905181884766,40.40999984741211,40.93000030517578,40.33000183105469,40.90999984741211,15210700
2024-06-11,34.88253402709961,40.41999816894531,40.59000015258789,40.220001220703125,40.290000915527344,12083300
2024-06-12,34.32158279418945,39.77000045776367,40.79999923706055,39.58000183105469,40.77000045776367,15065300
2024-06-13,34.3302116394043,39.779998779296875,39.79999923706055,39.29999923706055,39.75,12297400
2024-06-14,34.23527908325195,39.66999816894531,39.84000015258789,39.45000076293945,39.47999954223633,10480600
2024-06-17,34.05405044555664,39.459999084472656,39.599998474121094,38.95000076293945,39.599998474121094,22286600
2024-06-18,34.589115142822266,40.08000183105469,40.18000030517578,39.70000076293945,39.709999084472656,17125700
2024-06-20,34.72719955444336,40.2400016784668,40.470001220703125,39.810001373291016,39.84000015258789,17704700
2024-06-21,34.72719955444336,40.2400016784668,40.380001068115234,39.900001525878906,40.369998931884766,30375300
2024-06-24,35.529788970947266,41.16999816894531,41.220001220703125,40.31999969482422,40.38999938964844,20773800
2024-06-25,35.45212173461914,41.08000183105469,41.630001068115234,40.83000183105469,41.209999084472656,17475700
2024-06-26,35.40034103393555,41.02000045776367,41.16999816894531,40.709999084472656,41.0,19709900
2024-06-27,35.22773742675781,40.81999969482422,41.040000915527344,40.560001373291016,41.0,15560800
2024-06-28,35.5901985168457,41.2400016784668,41.58000183105469,40.689998626708984,40.86000061035156,27639200
2024-07-01,36.02170181274414,41.7400016784668,41.97999954223633,41.349998474121094,41.41999816894531,16412100
2024-07-02,35.46937561035156,41.099998474121094,41.70000076293945,40.720001220703125,41.630001068115234,21659400
2024-07-03,35.48664093017578,41.119998931884766,41.38999938964844,40.95000076293945,41.130001068115234,6653900
2024-07-05,35.6160888671875,41.27000045776367,41.380001068115234,40.95000076293945,41.16999816894531,17552200
2024-07-08,35.84047317504883,41.529998779296875,41.59000015258789,41.08000183105469,41.29999923706055,15380400
2024-07-09,35.64198303222656,41.29999923706055,41.779998779296875,41.209999084472656,41.470001220703125,20475200
2024-07-10,36.032310485839844,41.08000183105469,41.130001068115234,40.689998626708984,40.880001068115234,13826800
2024-07-11,36.22527313232422,41.29999923706055,41.36000061035156,40.75,41.08000183105469,12487800
2024-07-12,36.33929443359375,41.43000030517578,41.56999969482422,41.20000076293945,41.310001373291016,11129100
2024-07-15,35.77793502807617,40.790000915527344,41.459999084472656,40.70000076293945,41.43000030517578,15874900
2024-07-16,36.35683822631836,41.45000076293945,41.54999923706055,40.81999969482422,40.849998474121094,16016900
2024-07-17,36.865570068359375,42.029998779296875,42.189998626708984,41.52000045776367,41.54999923706055,20401700
2024-07-18,36.90065383911133,42.06999969482422,42.52000045776367,41.720001220703125,41.900001525878906,15752800
2024-07-19,36.50594711303711,41.619998931884766,42.29999923706055,41.43000030517578,42.29999923706055,17608000
2024-07-22,34.28682327270508,39.09000015258789,40.0,38.70000076293945,39.95000076293945,54985800
2024-07-23,34.111392974853516,38.88999938964844,39.27000045776367,38.720001220703125,38.7400016784668,25257700
2024-07-24,34.79555130004883,39.66999816894531,39.83000183105469,39.04999923706055,39.2400016784668,22889000
2024-07-25,35.0411491394043,39.95000076293945,40.970001220703125,39.790000915527344,39.86000061035156,19740300
2024-07-26,35.163944244384766,40.09000015258789,40.16999816894531,39.650001525878906,39.900001525878906,15911500
2024-07-29,35.11131286621094,40.029998779296875,40.119998931884766,39.66999816894531,40.08000183105469,12937200
2024-07-30,35.120094299316406,40.040000915527344,40.2599983215332,39.83000183105469,40.0099983215332,16089200
2024-07-31,35.54111099243164,40.52000045776367,40.790000915527344,39.97999954223633,40.029998779296875,23605400
2024-08-01,35.83055877685547,40.849998474121094,41.18000030517578,40.279998779296875,40.66999816894531,18166800
2024-08-02,35.935813903808594,40.970001220703125,41.939998626708984,40.40999984741211,41.20000076293945,26124900
2024-08-05,34.90958023071289,39.79999923706055,40.27000045776367,39.63999938964844,40.0,26855000
2024-08-06,35.313053131103516,40.2599983215332,40.47999954223633,39.7599983215332,39.970001220703125,18104200
2024-08-07,35.330596923828125,40.279998779296875,40.720001220703125,40.20000076293945,40.36000061035156,12176300
2024-08-08,35.54111099243164,40.52000045776367,40.790000915527344,40.25,40.279998779296875,13237100
2024-08-09,35.74285125732422,40.75,40.79999923706055,40.029998779296875,40.4900016784668,11818700
2024-08-12,35.54988479614258,40.529998779296875,41.0,40.310001373291016,40.95000076293945,11099000
2024-08-13,35.76915740966797,40.779998779296875,40.79999923706055,40.349998474121094,40.650001525878906,15349400
2024-08-14,35.874420166015625,40.900001525878906,41.099998474121094,40.4900016784668,40.599998474121094,10931100
2024-08-15,35.120094299316406,40.040000915527344,40.91999816894531,40.0,40.84000015258789,17489600
2024-08-16,35.62005615234375,40.61000061035156,40.619998931884766,40.060001373291016,40.099998474121094,13377500
2024-08-19,35.73408126831055,40.7400016784668,40.86000061035156,40.560001373291016,40.630001068115234,9401400
2024-08-20,35.83055877685547,40.849998474121094,40.959999084472656,40.630001068115234,40.65999984741211,8784000
2024-08-21,36.005985260009766,41.04999923706055,41.06999969482422,40.72999954223633,40.90999984741211,13683400
2024-08-22,35.84810256958008,40.869998931884766,41.15999984741211,40.61000061035156,41.099998474121094,13529600
2024-08-23,36.146324157714844,41.209999084472656,41.22999954223633,40.91999816894531,40.9900016784668,11757300
2024-08-26,36.39192199707031,41.4900016784668,41.7400016784668,41.2400016784668,41.369998931884766,10309500
2024-08-27,36.35683822631836,41.45000076293945,41.63999938964844,41.18000030517578,41.54999923706055,9778200
2024-08-28,36.39192199707031,41.4900016784668,41.709999084472656,41.36000061035156,41.4900016784668,12732700
2024-08-29,36.18141555786133,41.25,41.56999969482422,41.13999938964844,41.540000915527344,17338100
2024-08-30,36.64628982543945,41.779998779296875,41.88999938964844,41.16999816894531,41.29999923706055,20009900
2024-09-03,37.65498733520508,42.93000030517578,42.93000030517578,41.91999816894531,41.959999084472656,23319900
2024-09-04,36.383148193359375,41.47999954223633,43.27000045776367,41.20000076293945,43.0,31272700
2024-09-05,36.23404312133789,41.310001373291016,41.810001373291016,40.900001525878906,41.310001373291016,28199800
2024-09-06,36.09370040893555,41.150001525878906,41.790000915527344,41.130001068115234,41.36000061035156,18100300
2024-09-09,37.47955322265625,42.72999954223633,42.779998779296875,41.2599983215332,41.2599983215332,27850300
2024-09-10,38.2865104675293,43.650001525878906,43.689998626708984,42.380001068115234,42.790000915527344,36980400
2024-09-11,38.4180793762207,43.79999923706055,43.81999969482422,42.939998626708984,43.5099983215332,22395500
2024-09-12,38.47071075439453,43.86000061035156,43.880001068115234,43.43000030517578,43.5,18397000
2024-09-13,38.97066879272461,44.43000030517578,44.470001220703125,43.619998931884766,43.93000030517578,20029700
2024-09-16,39.47062683105469,45.0,45.04999923706055,44.459999084472656,44.61000061035156,24714500
2024-09-17,38.66367721557617,44.08000183105469,44.75,43.91999816894531,44.75,18769600
2024-09-18,38.488250732421875,43.880001068115234,44.5,43.779998779296875,44.099998474121094,16897900
2024-09-19,38.54087829589844,43.939998626708984,43.970001220703125,43.33000183105469,43.959999084472656,23097200
2024-09-20,38.88296127319336,44.33000183105469,44.470001220703125,43.650001525878906,43.779998779296875,52671900
2024-09-23,38.82155227661133,44.2599983215332,44.529998779296875,43.95000076293945,44.349998474121094,18083200
2024-09-24,39.17241287231445,44.65999984741211,44.790000915527344,44.130001068115234,44.209999084472656,15154000
2024-09-25,39.075927734375,44.54999923706055,44.880001068115234,44.41999816894531,44.79999923706055,21990100
2024-09-26,39.1373176574707,44.619998931884766,44.880001068115234,44.36000061035156,44.599998474121094,15779600
2024-09-27,39.3741455078125,44.88999938964844,45.04999923706055,44.4900016784668,44.720001220703125,15659300
2024-09-30,39.391685485839844,44.90999984741211,45.36000061035156,44.790000915527344,45.130001068115234,13509700
2024-10-01,39.654823303222656,45.209999084472656,45.2400016784668,44.65999984741211,44.959999084472656,17536400
2024-10-02,39.51448440551758,45.04999923706055,45.279998779296875,44.869998931884766,45.130001068115234,12040800
2024-10-03,39.04961013793945,44.52000045776367,44.959999084472656,44.38999938964844,44.93000030517578,12258400
2024-10-04,38.75138473510742,44.18000030517578,44.25,43.54999923706055,43.77000045776367,14531200
2024-10-07,38.45317077636719,43.84000015258789,44.13999938964844,43.77000045776367,44.08000183105469,12885000
2024-10-08,38.60227584838867,44.0099983215332,44.150001525878906,43.689998626708984,44.0,10855100
2024-10-09,38.68998718261719,44.11000061035156,44.25,43.810001373291016,44.060001373291016,12614200
2024-10-10,38.260616302490234,42.95000076293945,43.66999816894531,42.810001373291016,43.439998626708984,12352800
2024-10-11,38.30515670776367,43.0,43.2400016784668,42.79999923706055,43.150001525878906,10658700
2024-10-14,38.47441482543945,43.189998626708984,43.290000915527344,42.88999938964844,43.0,9923500
2024-10-15,38.96437072753906,43.7400016784668,43.970001220703125,43.16999816894531,43.470001220703125,15444500
2024-10-16,39.11579895019531,43.90999984741211,44.099998474121094,43.65999984741211,43.7400016784668,9459000
2024-10-17,39.06235122680664,43.849998474121094,44.0,43.529998779296875,43.880001068115234,10539500
2024-10-18,39.18707275390625,43.9900016784668,44.16999816894531,43.66999816894531,43.83000183105469,13058400
2024-10-21,38.92873001098633,43.70000076293945,44.20000076293945,43.599998474121094,44.04999923706055,18760000
2024-10-22,36.96892547607422,41.5,42.63999938964844,40.75,41.900001525878906,42576300
2024-10-23,38.18043899536133,42.86000061035156,42.900001525878906,41.7599983215332,41.86000061035156,27174700
2024-10-24,37.28962326049805,41.86000061035156,42.45000076293945,41.63999938964844,42.380001068115234,23506400
2024-10-25,36.86203384399414,41.380001068115234,42.18000030517578,41.369998931884766,41.900001525878906,19717400
2024-10-28,37.075828552246094,41.619998931884766,41.779998779296875,41.38999938964844,41.45000076293945,13575000
2024-10-29,36.8174934387207,41.33000183105469,41.68000030517578,41.290000915527344,41.31999969482422,15072300
2024-10-30,36.77294921875,41.279998779296875,41.5099983215332,41.119998931884766,41.33000183105469,16372600
2024-10-31,37.53014373779297,42.130001068115234,42.650001525878906,41.25,41.2599983215332,31077900
2024-11-01,36.84422302246094,41.36000061035156,42.349998474121094,41.29999923706055,42.119998931884766,16682400
2024-11-04,36.57697296142578,41.060001373291016,41.77000045776367,40.900001525878906,41.650001525878906,14760900
2024-11-05,36.75513458251953,41.2599983215332,41.27000045776367,40.83000183105469,41.0099983215332,12322800
2024-11-06,36.66604995727539,41.15999984741211,41.66999816894531,40.93000030517578,41.439998626708984,21957100
2024-11-07,36.14046859741211,40.56999969482422,41.189998626708984,40.5099983215332,41.08000183105469,24225500
2024-11-08,36.0602912902832,40.47999954223633,40.849998474121094,40.41999816894531,40.7400016784668,21305900
2024-11-11,36.02466583251953,40.439998626708984,40.880001068115234,40.40999984741211,40.470001220703125,17116400
2024-11-12,35.98902893066406,40.400001525878906,40.599998474121094,40.06999969482422,40.5,16984600
2024-11-13,36.64823913574219,41.13999938964844,41.400001525878906,40.310001373291016,40.400001525878906,19953500
2024-11-14,36.40771484375,40.869998931884766,41.2599983215332,40.86000061035156,41.13999938964844,13636600
2024-11-15,37.10255432128906,41.650001525878906,41.77000045776367,40.79999923706055,40.79999923706055,21482500
2024-11-18,37.63703918457031,42.25,42.58000183105469,41.66999816894531,41.66999816894531,17405400
2024-11-19,37.35198211669922,41.93000030517578,42.22999954223633,41.79999923706055,42.209999084472656,10520600
2024-11-20,37.61031723022461,42.220001220703125,42.279998779296875,41.75,42.0,14706500
2024-11-21,37.8597526550293,42.5,42.75,42.0099983215332,42.220001220703125,12534100
2024-11-22,38.43878173828125,43.150001525878906,43.34000015258789,42.34000015258789,42.599998474121094,17017400
2024-11-25,39.17815399169922,43.97999954223633,44.04999923706055,43.310001373291016,43.34000015258789,28365900
2024-11-26,39.52558135986328,44.369998931884766,44.5,43.75,43.97999954223633,17247000
2024-11-27,39.53448486328125,44.380001068115234,44.72999954223633,44.369998931884766,44.47999954223633,12372400
2024-11-29,39.49885177612305,44.34000015258789,44.52000045776367,44.04999923706055,44.380001068115234,9023100
2024-12-02,39.06235122680664,43.849998474121094,44.31999969482422,43.52000045776367,44.27000045776367,12783900
2024-12-03,39.04453659057617,43.83000183105469,44.41999816894531,43.70000076293945,43.90999984741211,15415900
2024-12-04,37.8775634765625,42.52000045776367,43.779998779296875,42.40999984741211,43.72999954223633,21431600
2024-12-05,37.90428924560547,42.54999923706055,42.869998931884766,42.52000045776367,42.59000015258789,16176900
2024-12-06,37.74393844604492,42.369998931884766,42.66999816894531,42.02000045776367,42.529998779296875,15685900
2024-12-09,37.73503112792969,42.36000061035156,43.099998474121094,42.15999984741211,42.470001220703125,15570300
2024-12-10,37.681583404541016,42.29999923706055,42.650001525878906,42.06999969482422,42.369998931884766,16337200
2024-12-11,37.405433654785156,41.9900016784668,42.459999084472656,41.88999938964844,42.189998626708984,13986100
2024-12-12,37.48560333251953,42.08000183105469,42.15999984741211,41.810001373291016,42.060001373291016,11232300
2024-12-13,37.66376876831055,42.279998779296875,42.400001525878906,41.810001373291016,42.0,13360400
2024-12-16,36.416629791259766,40.880001068115234,42.25,40.810001373291016,42.15999984741211,30228300
2024-12-17,36.327537536621094,40.779998779296875,41.119998931884766,40.5099983215332,40.65999984741211,15374000
2024-12-18,35.846500396728516,40.2400016784668,41.04999923706055,40.209999084472656,40.70000076293945,19199600
2024-12-19,35.60597610473633,39.970001220703125,40.459999084472656,39.93000030517578,40.04999923706055,17859100
2024-12-20,35.570350646972656,39.93000030517578,40.38999938964844,39.91999816894531,39.93000030517578,47590900
2024-12-23,35.579254150390625,39.939998626708984,40.130001068115234,39.83000183105469,39.93000030517578,21292300
2024-12-24,35.45454025268555,39.79999923706055,39.959999084472656,39.470001220703125,39.900001525878906,11712200
2024-12-26,35.597076416015625,39.959999084472656,40.16999816894531,39.7400016784668,39.83000183105469,12946400
2024-12-27,35.56143569946289,39.91999816894531,40.15999984741211,39.650001525878906,39.86000061035156,15168100
2024-12-30,35.2763786315918,39.599998474121094,39.84000015258789,39.400001525878906,39.79999923706055,15672000
2024-12-31,35.62379837036133,39.9900016784668,40.029998779296875,39.54999923706055,39.63999938964844,13549900
2025-01-02,35.81978225708008,40.209999084472656,40.560001373291016,39.97999954223633,40.029998779296875,22470200
2025-01-03,35.86431121826172,40.2599983215332,40.630001068115234,40.11000061035156,40.31999969482422,15229900
2025-01-06,35.285282135009766,39.61000061035156,40.33000183105469,39.58000183105469,40.290000915527344,27115000
2025-01-07,34.67061996459961,38.91999816894531,39.97999954223633,38.83000183105469,39.709999084472656,31517100
2025-01-08,34.68843078613281,38.939998626708984,38.9900016784668,38.439998626708984,38.90999984741211,22901600
2025-01-10,34.27865219116211,37.810001373291016,38.22999954223633,37.59000015258789,38.18000030517578,27338400
2025-01-13,34.55970001220703,38.119998931884766,38.150001525878906,37.7400016784668,37.939998626708984,19734000
2025-01-14,34.70475769042969,38.279998779296875,38.349998474121094,37.83000183105469,38.33000183105469,15740100
2025-01-15,34.61409378051758,38.18000030517578,38.59000015258789,38.06999969482422,38.29999923706055,27817100
2025-01-16,34.7591552734375,38.34000015258789,38.34000015258789,37.939998626708984,38.130001068115234,24678300
2025-01-17,35.158058166503906,38.779998779296875,38.970001220703125,38.349998474121094,38.41999816894531,24082100
2025-01-21,35.375640869140625,39.02000045776367,39.58000183105469,38.790000915527344,38.869998931884766,25717600
2025-01-22,35.31217956542969,38.95000076293945,39.34000015258789,38.59000015258789,38.88999938964844,31488900
2025-01-23,35.52069854736328,39.18000030517578,39.400001525878906,39.08000183105469,39.2400016784668,25153500
2025-01-24,35.847076416015625,39.540000915527344,40.68000030517578,39.369998931884766,40.11000061035156,37123900
2025-01-27,36.84433364868164,40.63999938964844,40.810001373291016,40.04999923706055,40.150001525878906,35520300
2025-01-28,36.62675476074219,40.400001525878906,40.810001373291016,40.349998474121094,40.599998474121094,21031900
2025-01-29,36.51795959472656,40.279998779296875,40.880001068115234,40.04999923706055,40.81999969482422,24238100
2025-01-30,35.78361129760742,39.470001220703125,40.349998474121094,39.15999984741211,40.349998474121094,27913500
2025-01-31,35.71108627319336,39.38999938964844,39.939998626708984,39.279998779296875,39.56999969482422,45178700
2025-02-03,36.24597930908203,39.97999954223633,40.119998931884766,39.150001525878906,39.310001373291016,27967100
2025-02-04,36.091861724853516,39.810001373291016,39.880001068115234,39.599998474121094,39.779998779296875,19190200
2025-02-05,36.38197326660156,40.130001068115234,40.310001373291016,39.810001373291016,40.130001068115234,16830500
2025-02-06,36.209716796875,39.939998626708984,40.290000915527344,39.66999816894531,40.22999954223633,15370600
2025-02-07,36.15531921386719,39.880001068115234,40.11000061035156,39.56999969482422,39.959999084472656,15754800
2025-02-10,36.218788146972656,39.95000076293945,40.13999938964844,39.81999969482422,40.02000045776367,16737500
2025-02-11,36.708351135253906,40.4900016784668,40.52000045776367,39.81999969482422,39.97999954223633,15182700
2025-02-12,36.7446174621582,40.529998779296875,40.599998474121094,40.150001525878906,40.4900016784668,14440300
2025-02-13,37.20697784423828,41.040000915527344,41.11000061035156,40.41999816894531,40.61000061035156,17056700
2025-02-14,37.16165542602539,40.9900016784668,41.290000915527344,40.939998626708984,41.13999938964844,12438200
2025-02-18,37.35203552246094,41.20000076293945,41.220001220703125,40.61000061035156,40.91999816894531,16357700
2025-02-19,38.08638000488281,42.0099983215332,42.04999923706055,41.279998779296875,41.349998474121094,21039600
2025-02-20,38.52155303955078,42.4900016784668,42.529998779296875,41.880001068115234,42.0,19771700
2025-02-21,38.766334533691406,42.7599983215332,43.22999954223633,42.16999816894531,42.43000030517578,25465100
2025-02-24,39.27403259277344,43.31999969482422,43.630001068115234,42.56999969482422,42.75,27560600
2025-02-25,39.62760925292969,43.709999084472656,43.970001220703125,43.5,43.58000183105469,24356900
2025-02-26,39.14710998535156,43.18000030517578,43.650001525878906,42.77000045776367,43.540000915527344,18651400
2025-02-27,39.228702545166016,43.27000045776367,43.41999816894531,42.88999938964844,43.08000183105469,19212300
2025-02-28,39.074581146240234,43.099998474121094,43.7599983215332,42.61000061035156,43.43000030517578,25197500
2025-03-03,39.77266311645508,43.869998931884766,43.869998931884766,42.93000030517578,42.959999084472656,22334000
2025-03-04,38.866065979003906,42.869998931884766,44.47999954223633,42.81999969482422,44.0,32627500
2025-03-05,38.8388671875,42.84000015258789,43.349998474121094,42.380001068115234,42.779998779296875,18038400
2025-03-06,40.09904098510742,44.22999954223633,44.31999969482422,42.86000061035156,43.0,22845900
2025-03-07,41.75812911987305,46.060001373291016,46.20000076293945,44.29999923706055,44.29999923706055,44992100
2025-03-10,42.14796447753906,46.4900016784668,47.36000061035156,46.060001373291016,46.060001373291016,39837000
2025-03-11,39.37376403808594,43.43000030517578,43.90999984741211,42.63999938964844,43.2400016784668,64142300
2025-03-12,38.61221694946289,42.59000015258789,42.88999938964844,41.16999816894531,42.099998474121094,49650800
2025-03-13,39.62760925292969,43.709999084472656,43.81999969482422,42.77000045776367,42.77000045776367,30708600
2025-03-14,39.50068664550781,43.56999969482422,43.77000045776367,43.0099983215332,43.15999984741211,17432100
2025-03-17,39.57321548461914,43.650001525878906,43.81999969482422,43.09000015258789,43.59000015258789,15560900
2025-03-18,40.09904098510742,44.22999954223633,44.43000030517578,43.52000045776367,43.720001220703125,16254400
2025-03-19,39.836124420166016,43.939998626708984,44.31999969482422,43.720001220703125,44.29999923706055,14373300
2025-03-20,39.66387939453125,43.75,43.959999084472656,43.380001068115234,43.959999084472656,18109300
2025-03-21,39.88146209716797,43.9900016784668,44.2400016784668,43.52000045776367,43.790000915527344,68445500
2025-03-24,39.49162292480469,43.560001373291016,44.13999938964844,43.529998779296875,43.630001068115234,18050000
2025-03-25,39.42816162109375,43.4900016784668,43.83000183105469,43.150001525878906,43.5,21483200
2025-03-26,40.053714752197266,44.18000030517578,44.33000183105469,43.56999969482422,43.709999084472656,21684400
2025-03-27,40.760868072509766,44.959999084472656,45.25,44.31999969482422,44.47999954223633,21905200
2025-03-28,40.73366165161133,44.93000030517578,45.34000015258789,44.880001068115234,45.130001068115234,19530600
2025-03-31,41.123504638671875,45.36000061035156,45.79999923706055,45.130001068115234,45.29999923706055,27786900
2025-04-01,41.141639709472656,45.380001068115234,45.599998474121094,45.119998931884766,45.4900016784668,15710800
2025-04-02,40.56140899658203,44.7400016784668,45.540000915527344,44.599998474121094,45.369998931884766,21924100
2025-04-03,41.359222412109375,45.619998931884766,46.189998626708984,45.20000076293945,45.4900016784668,30474800
2025-04-04,39.0111198425293,43.029998779296875,45.79999923706055,42.79999923706055,44.7599983215332,42663400
2025-04-07,38.603153228759766,42.58000183105469,43.33000183105469,41.25,41.529998779296875,38812000
2025-04-08,38.23143768310547,42.16999816894531,43.220001220703125,41.68000030517578,43.0,29790200
2025-04-09,38.884193420410156,42.88999938964844,43.52000045776367,40.880001068115234,41.68000030517578,49426000
2025-04-10,39.536376953125,42.91999816894531,43.2400016784668,41.849998474121094,42.4900016784668,36501700
2025-04-11,40.28251647949219,43.72999954223633,43.900001525878906,43.099998474121094,43.849998474121094,30144300
2025-04-14,40.80758285522461,44.29999923706055,44.650001525878906,43.61000061035156,43.900001525878906,24323000
2025-04-15,40.973392486572266,44.47999954223633,44.689998626708984,44.220001220703125,44.5,21795300
2025-04-16,40.1719856262207,43.61000061035156,44.88999938964844,43.52000045776367,44.7400016784668,17271600
2025-04-17,40.568084716796875,44.040000915527344,44.47999954223633,43.58000183105469,43.7599983215332,16504800
2025-04-21,39.545589447021484,42.93000030517578,44.290000915527344,42.68000030517578,44.20000076293945,23802500
2025-04-22,39.785091400146484,43.189998626708984,43.66999816894531,41.540000915527344,41.9900016784668,37633800
2025-04-23,39.33372116088867,42.70000076293945,42.9900016784668,42.11000061035156,42.54999923706055,29402100
2025-04-24,39.435054779052734,42.810001373291016,43.130001068115234,42.47999954223633,42.709999084472656,16597300
2025-04-25,38.60599899291992,41.90999984741211,42.650001525878906,41.34000015258789,42.529998779296875,23361900
2025-04-28,39.04816436767578,42.38999938964844,42.47999954223633,41.86000061035156,42.0,16188500
2025-04-29,39.56401443481445,42.95000076293945,43.0099983215332,42.22999954223633,42.310001373291016,14712800
2025-04-30,40.58650588989258,44.060001373291016,44.209999084472656,43.369998931884766,43.54999923706055,29563000
2025-05-01,39.88642120361328,43.29999923706055,43.83000183105469,43.2599983215332,43.77000045776367,18921900
2025-05-02,40.29173278808594,43.7400016784668,43.900001525878906,43.31999969482422,43.459999084472656,15366500
2025-05-05,40.10749816894531,43.540000915527344,44.0,43.220001220703125,43.810001373291016,9210000
2025-05-06,40.669410705566406,44.150001525878906,44.310001373291016,43.43000030517578,43.56999969482422,12131500
2025-05-07,40.429908752441406,43.88999938964844,44.36000061035156,43.790000915527344,44.0099983215332,12826600
2025-05-08,40.1719856262207,43.61000061035156,44.060001373291016,43.5099983215332,43.79999923706055,14967400
2025-05-09,40.1719856262207,43.61000061035156,43.880001068115234,43.31999969482422,43.52000045776367,10878400
2025-05-12,39.61007308959961,43.0,43.209999084472656,42.29999923706055,43.04999923706055,20160000
2025-05-13,39.28767013549805,42.650001525878906,43.209999084472656,42.4900016784668,43.209999084472656,20069600
2025-05-14,39.011314392089844,42.349998474121094,42.939998626708984,42.25,42.779998779296875,20447500
2025-05-15,40.05223083496094,43.47999954223633,43.529998779296875,42.599998474121094,42.599998474121094,14608000
2025-05-16,40.522029876708984,43.9900016784668,43.9900016784668,43.36000061035156,43.4900016784668,13407700
2025-05-19,40.816802978515625,44.310001373291016,44.369998931884766,43.869998931884766,44.08000183105469,14778600
2025-05-20,40.73389434814453,44.220001220703125,44.54999923706055,44.20000076293945,44.2599983215332,12189900
2025-05-21,40.30095291137695,43.75,44.22999954223633,43.56999969482422,44.040000915527344,16038600
2025-05-22,39.729820251464844,43.130001068115234,43.84000015258789,43.06999969482422,43.75,14947700
2025-05-23,39.904842376708984,43.31999969482422,43.47999954223633,42.86000061035156,43.470001220703125,12393400
2025-05-27,40.07065200805664,43.5,43.70000076293945,43.2400016784668,43.279998779296875,12873700
2025-05-28,39.729820251464844,43.130001068115234,43.529998779296875,43.060001373291016,43.45000076293945,12783000
2025-05-29,39.914058685302734,43.33000183105469,43.38999938964844,42.97999954223633,43.150001525878906,9960400
2025-05-30,40.494388580322266,43.959999084472656,44.060001373291016,43.290000915527344,43.369998931884766,26569500
2025-06-02,40.623348236083984,44.099998474121094,44.119998931884766,43.349998474121094,43.79999923706055,11873300
2025-06-03,40.374637603759766,43.83000183105469,44.04999923706055,43.61000061035156,43.93000030517578,13140900
2025-06-04,39.831153869628906,43.2400016784668,43.93000030517578,43.2400016784668,43.90999984741211,14360100
2025-06-05,39.88642120361328,43.29999923706055,43.40999984741211,43.029998779296875,43.349998474121094,12095900
2025-06-06,40.34700393676758,43.79999923706055,43.91999816894531,43.380001068115234,43.400001525878906,10135200
2025-06-09,40.208831787109375,43.650001525878906,43.95000076293945,43.5099983215332,43.650001525878906,13399400
2025-06-10,40.65098571777344,44.130001068115234,44.349998474121094,43.56999969482422,43.650001525878906,13724100
2025-06-11,40.29173278808594,43.7400016784668,44.400001525878906,43.689998626708984,44.189998626708984,14602100
2025-06-12,39.75746154785156,43.15999984741211,43.88999938964844,42.90999984741211,43.880001068115234,22370500
2025-06-13,39.61928176879883,43.0099983215332,43.279998779296875,42.91999816894531,42.9900016784668,13544100
2025-06-16,39.14949035644531,42.5,43.11000061035156,42.33000183105469,42.959999084472656,20449300
2025-06-17,38.55073165893555,41.849998474121094,42.81999969482422,41.810001373291016,42.79999923706055,23028200
2025-06-18,38.38492202758789,41.66999816894531,41.959999084472656,41.599998474121094,41.95000076293945,18654200
2025-06-20,38.41255569458008,41.70000076293945,42.099998474121094,41.650001525878906,41.810001373291016,37068100
2025-06-23,39.020530700683594,42.36000061035156,42.38999938964844,41.720001220703125,41.810001373291016,16014400
2025-06-24,39.26923751831055,42.630001068115234,42.72999954223633,42.27000045776367,42.380001068115234,16716300
2025-06-25,38.79944610595703,42.119998931884766,42.470001220703125,41.939998626708984,42.400001525878906,15599700
2025-06-26,38.7810173034668,42.099998474121094,42.27000045776367,41.880001068115234,42.16999816894531,15870000
2025-06-27,38.97447204589844,42.310001373291016,42.45000076293945,41.97999954223633,42.150001525878906,21439600
2025-06-30,39.85878372192383,43.27000045776367,43.31999969482422,42.279998779296875,42.310001373291016,22796000
2025-07-01,40.23646545410156,43.68000030517578,43.880001068115234,43.209999084472656,43.41999816894531,19233200
2025-07-02,40.153564453125,43.59000015258789,44.029998779296875,43.43000030517578,43.81999969482422,18313900
2025-07-03,40.11671447753906,43.54999923706055,43.77000045776367,43.41999816894531,43.7400016784668,10301300
2025-07-07,39.425838470458984,42.79999923706055,43.70000076293945,42.66999816894531,43.70000076293945,22039300
2025-07-08,39.665348052978516,43.060001373291016,43.2400016784668,42.540000915527344,42.79999923706055,16736200
2025-07-09,39.25082015991211,42.61000061035156,43.060001373291016,42.470001220703125,42.9900016784668,23519800
2025-07-10,39.34254837036133,42.029998779296875,42.18000030517578,41.599998474121094,41.869998931884766,19359300
2025-07-11,38.958770751953125,41.619998931884766,42.029998779296875,41.4900016784668,41.97999954223633,20174300
2025-07-14,38.921329498291016,41.58000183105469,41.84000015258789,41.47999954223633,41.59000015258789,15757300
2025-07-15,38.62178421020508,41.2599983215332,41.630001068115234,41.099998474121094,41.439998626708984,15653200
2025-07-16,38.6124267578125,41.25,41.45000076293945,41.15999984741211,41.27000045776367,17971300
2025-07-17,38.33161163330078,40.95000076293945,41.349998474121094,40.83000183105469,41.290000915527344,18411200
2025-07-18,38.228641510009766,40.84000015258789,41.119998931884766,40.689998626708984,40.97999954223633,21079700
2025-07-21,39.77314376831055,42.4900016784668,43.08000183105469,41.68000030517578,41.95000076293945,47574000
2025-07-22,40.21308898925781,42.959999084472656,43.4900016784668,42.54999923706055,42.75,23521000
2025-07-23,40.10076141357422,42.84000015258789,42.869998931884766,42.04999923706055,42.400001525878906,23357200
2025-07-24,40.325416564941406,43.08000183105469,43.349998474121094,42.7599983215332,42.900001525878906,20411000
2025-07-25,40.325416564941406,43.08000183105469,43.209999084472656,42.75,43.02000045776367,16571500
2025-07-28,39.65145492553711,42.36000061035156,43.02000045776367,42.2400016784668,43.02000045776367,18243700
2025-07-29,39.97907257080078,42.709999084472656,42.97999954223633,42.400001525878906,42.41999816894531,13118500
2025-07-30,39.87610626220703,42.599998474121094,42.88999938964844,42.45000076293945,42.66999816894531,13313300
2025-07-31,40.025875091552734,42.7599983215332,43.11000061035156,42.150001525878906,42.290000915527344,25538700
2025-08-01,40.13820266723633,42.880001068115234,43.470001220703125,42.619998931884766,43.290000915527344,20841300
2025-08-04,40.203731536865234,42.95000076293945,43.029998779296875,42.529998779296875,42.79999923706055,13629900
2025-08-05,39.94162368774414,42.66999816894531,43.099998474121094,42.66999816894531,42.95000076293945,14863700
2025-08-06,39.64208984375,42.349998474121094,42.79999923706055,42.310001373291016,42.79999923706055,17812000
2025-08-07,40.203731536865234,42.95000076293945,43.029998779296875,42.16999816894531,42.5,15543400
2025-08-08,40.39094161987305,43.150001525878906,43.36000061035156,43.029998779296875,43.099998474121094,13057000
2025-08-11,40.41902160644531,43.18000030517578,43.529998779296875,42.9900016784668,43.22999954223633,12914900
2025-08-12,40.48454666137695,43.25,43.650001525878906,43.209999084472656,43.34000015258789,12469300
2025-08-13,40.915130615234375,43.709999084472656,43.84000015258789,43.0,43.20000076293945,14327700
2025-08-14,40.71855545043945,43.5,43.790000915527344,43.33000183105469,43.7599983215332,10582800
2025-08-15,41.4112434387207,44.2400016784668,44.439998626708984,43.43000030517578,43.56999969482422,21239200
2025-08-18,41.55165100097656,44.38999938964844,44.599998474121094,44.220001220703125,44.349998474121094,12692100
2025-08-19,42.06647872924805,44.939998626708984,45.06999969482422,44.470001220703125,44.5099983215332,17944200
2025-08-20,42.178810119628906,45.060001373291016,45.75,44.95000076293945,45.08000183105469,20982100
2025-08-21,42.150726318359375,45.029998779296875,45.209999084472656,44.869998931884766,44.97999954223633,11866800
2025-08-22,41.598453521728516,44.439998626708984,45.43000030517578,44.25,45.150001525878906,19123700
2025-08-25,41.40188217163086,44.22999954223633,44.47999954223633,43.959999084472656,44.439998626708984,16021200
2025-08-26,41.14914321899414,43.959999084472656,44.41999816894531,43.75,44.11000061035156,17328200
2025-08-27,41.43932342529297,44.27000045776367,44.279998779296875,43.880001068115234,44.02000045776367,12046600
2025-08-28,41.121063232421875,43.93000030517578,44.189998626708984,43.689998626708984,44.099998474121094,15842800
2025-08-29,41.40188217163086,44.22999954223633,44.290000915527344,43.93000030517578,43.970001220703125,14792700
2025-09-02,40.9993782043457,43.79999923706055,44.47999954223633,43.5099983215332,44.15999984741211,21123700
2025-09-03,40.94321060180664,43.7400016784668,43.7400016784668,42.880001068115234,43.5,21828500
2025-09-04,41.355079650878906,44.18000030517578,44.41999816894531,43.93000030517578,44.06999969482422,14480500
2025-09-05,41.542293548583984,44.380001068115234,44.470001220703125,44.02000045776367,44.099998474121094,13406700
2025-09-08,40.55006790161133,43.31999969482422,43.619998931884766,42.939998626708984,42.97999954223633,30273900
2025-09-09,40.78408432006836,43.56999969482422,43.7400016784668,43.349998474121094,43.36000061035156,15595500
2025-09-10,40.70920181274414,43.4900016784668,43.66999816894531,43.0099983215332,43.4900016784668,14807800
2025-09-11,41.31763458251953,44.13999938964844,44.150001525878906,43.5099983215332,43.61000061035156,15510600
2025-09-12,41.15850830078125,43.970001220703125,44.09000015258789,43.77000045776367,44.0099983215332,13723500
2025-09-15,41.06489562988281,43.869998931884766,44.25,43.77000045776367,44.04999923706055,15034700
2025-09-16,40.94321060180664,43.7400016784668,43.95000076293945,43.29999923706055,43.869998931884766,16173600
2025-09-17,41.38316345214844,44.209999084472656,44.40999984741211,43.86000061035156,43.869998931884766,14414000
2025-09-18,40.877685546875,43.66999816894531,43.95000076293945,43.58000183105469,43.880001068115234,16507300
2025-09-19,40.69983673095703,43.47999954223633,43.790000915527344,43.459999084472656,43.790000915527344,29164200
2025-09-22,40.40030288696289,43.15999984741211,43.52000045776367,42.97999954223633,43.380001068115234,18507700
2025-09-23,40.57815170288086,43.349998474121094,43.380001068115234,42.959999084472656,43.15999984741211,16796400
2025-09-24,40.41902160644531,43.18000030517578,43.38999938964844,42.959999084472656,43.20000076293945,21162400
2025-09-25,40.57815170288086,43.349998474121094,43.77000045776367,43.2400016784668,43.2400016784668,19012200
2025-09-26,40.82152557373047,43.61000061035156,43.709999084472656,43.45000076293945,43.650001525878906,12456200
2025-09-29,40.48454666137695,43.25,43.650001525878906,43.09000015258789,43.599998474121094,15854500
2025-09-30,41.13978576660156,43.95000076293945,43.970001220703125,43.189998626708984,43.2400016784668,24399100
2025-10-01,41.02745819091797,43.83000183105469,44.09000015258789,43.45000076293945,43.91999816894531,19921900
2025-10-02,40.62495422363281,43.400001525878906,43.720001220703125,43.220001220703125,43.58000183105469,21550100
2025-10-03,40.877685546875,43.66999816894531,43.93000030517578,43.400001525878906,43.439998626708984,18016000
2025-10-06,38.79027557373047,41.439998626708984,43.380001068115234,41.349998474121094,43.25,75944200
2025-10-07,38.752838134765625,41.400001525878906,41.86000061035156,41.34000015258789,41.61000061035156,34001300
2025-10-08,38.67795181274414,41.31999969482422,41.540000915527344,41.060001373291016,41.540000915527344,35601000
2025-10-09,38.21928405761719,40.83000183105469,41.36000061035156,40.72999954223633,41.349998474121094,34868200
2025-10-10,37.94315719604492,39.849998474121094,40.61000061035156,39.81999969482422,40.25,38107700
2025-10-13,37.84794235229492,39.75,40.15999984741211,39.40999984741211,39.75,26453700
2025-10-14,38.60966110229492,40.54999923706055,40.58000183105469,39.7599983215332,39.79999923706055,22346100
2025-10-15,38.44779586791992,40.380001068115234,40.560001373291016,40.2400016784668,40.41999816894531,18233200
2025-10-16,38.42875289916992,40.36000061035156,40.56999969482422,40.18000030517578,40.41999816894531,16751200
2025-10-17,38.60966110229492,40.54999923706055,40.65999984741211,40.209999084472656,40.5,20523500
2025-10-20,38.84769821166992,40.79999923706055,40.869998931884766,40.349998474121094,40.70000076293945,28079200
2025-10-21,38.37162780761719,40.29999923706055,40.779998779296875,40.130001068115234,40.630001068115234,29881700
2025-10-22,37.89554977416992,39.79999923706055,40.209999084472656,38.91999816894531,39.56999969482422,31009500
2025-10-23,36.56254196166992,38.400001525878906,39.86000061035156,38.38999938964844,39.790000915527344,52663600
2025-10-24,36.96244430541992,38.81999969482422,38.91999816894531,38.540000915527344,38.599998474121094,27485700
2025-10-27,37.35282516479492,39.22999954223633,39.290000915527344,38.77000045776367,38.810001373291016,27487200
2025-10-28,37.43852233886719,39.31999969482422,39.52000045776367,38.95000076293945,39.150001525878906,30719200
2025-10-29,38.28593063354492,40.209999084472656,41.31999969482422,39.66999816894531,40.93000030517578,53730200
2025-10-30,37.095741271972656,38.959999084472656,40.189998626708984,38.77000045776367,40.02000045776367,47371000
2025-10-31,37.83842468261719,39.7400016784668,39.959999084472656,38.779998779296875,38.97999954223633,52181800
2025-11-03,37.58134460449219,39.470001220703125,39.61000061035156,38.84000015258789,39.5099983215332,39851100
2025-11-04,37.43852233886719,39.31999969482422,39.66999816894531,39.16999816894531,39.56999969482422,33632800
2025-11-05,37.79081726074219,39.689998626708984,39.77000045776367,39.2599983215332,39.33000183105469,22947100
2025-11-06,37.91459655761719,39.81999969482422,39.88999938964844,39.380001068115234,39.52000045776367,30949700
2025-11-07,38.11454391479492,40.029998779296875,40.31999969482422,39.65999984741211,39.939998626708984,28389500
2025-11-10,37.94315719604492,39.849998474121094,40.150001525878906,39.56999969482422,39.900001525878906,22414400
2025-11-11,38.75248336791992,40.70000076293945,40.779998779296875,40.040000915527344,40.04999923706055,25360900
2025-11-12,38.84769821166992,40.79999923706055,40.959999084472656,40.7400016784668,40.779998779296875,17834000
2025-11-13,39.14287185668945,41.11000061035156,41.72999954223633,40.7400016784668,40.84000015258789,30487400
2025-11-14,39.09526062011719,41.060001373291016,41.41999816894531,40.650001525878906,41.31999969482422,29368500
2025-11-17,39.04765319824219,41.0099983215332,41.279998779296875,40.880001068115234,41.060001373291016,21620800
2025-11-18,39.49516296386719,41.47999954223633,41.5,40.9900016784668,41.029998779296875,24067500
2025-11-19,39.21903610229492,41.189998626708984,41.61000061035156,40.939998626708984,41.5,21895000
2025-11-20,38.80961227416992,40.7599983215332,41.439998626708984,40.650001525878906,41.150001525878906,32173600
2025-11-21,39.25712203979492,41.22999954223633,41.61000061035156,40.41999816894531,40.66999816894531,32037600
2025-11-24,38.28593063354492,40.209999084472656,41.459999084472656,40.150001525878906,41.349998474121094,44805100
2025-11-25,38.64775085449219,40.59000015258789,40.79999923706055,40.40999984741211,40.59000015258789,24375300
2025-11-26,38.92387390136719,40.880001068115234,40.970001220703125,40.560001373291016,40.59000015258789,15186100
2025-11-28,39.14287185668945,41.11000061035156,41.130001068115234,40.709999084472656,40.81999969482422,9926300
2025-12-01,38.79057693481445,40.7400016784668,41.09000015258789,40.68000030517578,40.959999084472656,19655900
2025-12-02,38.66679382324219,40.61000061035156,40.7599983215332,40.36000061035156,40.75,23194100
2025-12-03,38.72392272949219,40.66999816894531,41.31999969482422,40.65999984741211,40.7400016784668,19910700
2025-12-04,39.28569030761719,41.2599983215332,41.349998474121094,40.66999816894531,40.86000061035156,28382300
2025-12-05,39.69511413574219,41.689998626708984,42.060001373291016,41.2400016784668,41.2599983215332,27802700
2025-12-08,39.32377243041992,41.29999923706055,41.75,40.91999816894531,41.75,22932000
2025-12-09,38.21928024291992,40.13999938964844,41.47999954223633,40.11000061035156,41.22999954223633,31770600
2025-12-10,38.00980758666992,39.91999816894531,40.2599983215332,39.68000030517578,40.20000076293945,40053400
2025-12-11,38.29545593261719,40.220001220703125,40.54999923706055,39.970001220703125,40.0,21895000
2025-12-12,38.93339538574219,40.88999938964844,40.97999954223633,40.099998474121094,40.220001220703125,20600000
2025-12-15,38.84769821166992,40.79999923706055,41.310001373291016,40.79999923706055,40.900001525878906,34725800
2025-12-16,38.80009078979492,40.75,41.0,40.650001525878906,40.900001525878906,22709800
2025-12-17,38.92387390136719,40.880001068115234,40.900001525878906,40.470001220703125,40.779998779296875,22316100
2025-12-18,38.47636413574219,40.40999984741211,40.90999984741211,40.38999938964844,40.779998779296875,18822600
2025-12-19,37.91459655761719,39.81999969482422,40.2400016784668,39.810001373291016,40.13999938964844,53345100
2025-12-22,38.06693649291992,39.97999954223633,40.060001373291016,39.65999984741211,39.720001220703125,21111600
2025-12-23,38.00980758666992,39.91999816894531,40.20000076293945,39.869998931884766,40.0,19761800
2025-12-24,38.39066696166992,40.31999969482422,40.34000015258789,39.88999938964844,39.93000030517578,7949500
2025-12-26,38.54301452636719,40.47999954223633,40.540000915527344,40.27000045776367,40.27000045776367,11875400
2025-12-29,38.54301452636719,40.47999954223633,40.70000076293945,40.380001068115234,40.5099983215332,16846700
2025-12-30,38.75248336791992,40.70000076293945,40.77000045776367,40.41999816894531,40.47999954223633,15581300
2025-12-31,38.78104782104492,40.72999954223633,40.959999084472656,40.66999816894531,40.709999084472656,17454800
2026-01-02,38.58110046386719,40.52000045776367,40.900001525878906,40.29999923706055,40.77000045776367,30856800
2026-01-05,38.30497360229492,40.22999954223633,40.52000045776367,39.83000183105469,40.43000030517578,43091700
2026-01-06,38.37162780761719,40.29999923706055,40.459999084472656,39.9900016784668,40.34000015258789,32758400
2026-01-07,38.20976257324219,40.130001068115234,40.79999923706055,39.9900016784668,40.54999923706055,26834100
2026-01-08,38.62870788574219,40.56999969482422,40.72999954223633,40.060001373291016,40.16999816894531,28103000
2026-01-09,38.52396774291992,40.459999084472656,40.7599983215332,40.290000915527344,40.56999969482422,32108600
2026-01-12,38.59177780151367,39.84000015258789,40.060001373291016,39.5099983215332,39.81999969482422,31259300
2026-01-13,37.78778076171875,39.0099983215332,39.91999816894531,38.79999923706055,39.84000015258789,37255500
2026-01-14,38.58209228515625,39.83000183105469,39.849998474121094,39.099998474121094,39.119998931884766,25714700
2026-01-15,38.12681579589844,39.36000061035156,39.86000061035156,39.2400016784668,39.83000183105469,26483000
2026-01-16,37.69091796875,38.90999984741211,39.349998474121094,38.900001525878906,39.099998474121094,38980200
2026-01-20,37.8555908203125,39.08000183105469,39.220001220703125,38.68000030517578,38.88999938964844,30650900
2026-01-21,38.01057815551758,39.2400016784668,39.31999969482422,38.959999084472656,39.099998474121094,21158800
2026-01-22,38.24305725097656,39.47999954223633,39.689998626708984,39.25,39.31999969482422,18880500
2026-01-23,38.281803131103516,39.52000045776367,39.560001373291016,39.060001373291016,39.45000076293945,21849400
2026-01-26,38.37866973876953,39.619998931884766,39.79999923706055,39.529998779296875,39.68000030517578,21081800
2026-01-27,38.088069915771484,39.31999969482422,39.68000030517578,39.189998626708984,39.65999984741211,26108800
2026-01-28,38.17525100708008,39.40999984741211,39.86000061035156,39.36000061035156,39.40999984741211,24412500
2026-01-29,38.56271743774414,39.810001373291016,40.29999923706055,39.47999954223633,39.58000183105469,44347500
2026-01-30,43.12514877319336,44.52000045776367,44.630001068115234,41.380001068115234,42.0099983215332,123584700
2026-02-02,43.21232986450195,44.61000061035156,45.47999954223633,43.880001068115234,44.58000183105469,64539400
2026-02-03,44.80094909667969,46.25,46.7599983215332,44.5,44.63999938964844,60299100
2026-02-04,45.537132263183594,47.0099983215332,47.54999923706055,46.16999816894531,46.779998779296875,46213100
2026-02-05,45.62431335449219,47.099998474121094,47.58000183105469,46.650001525878906,47.209999084472656,42866500
2026-02-06,44.85906982421875,46.310001373291016,47.25,46.060001373291016,46.970001220703125,36094600
2026-02-09,45.54682159423828,47.02000045776367,47.06999969482422,45.81999969482422,46.15999984741211,26954800
2026-02-10,45.90523147583008,47.38999938964844,47.790000915527344,46.77000045776367,47.02000045776367,32147000
2026-02-11,47.435726165771484,48.970001220703125,49.13999938964844,47.16999816894531,47.18000030517578,48933100
2026-02-12,47.91037368774414,49.459999084472656,50.2400016784668,48.900001525878906,48.900001525878906,56131100
2026-02-13,47.47446823120117,49.0099983215332,49.43000030517578,48.630001068115234,49.15999984741211,31998500
2026-02-17,47.39698028564453,48.93000030517578,49.5,48.779998779296875,49.29999923706055,24327500
2026-02-18,46.544551849365234,48.04999923706055,48.95000076293945,47.83000183105469,48.63999938964844,29318100
2026-02-19,47.116065979003906,48.63999938964844,49.150001525878906,48.4900016784668,48.88999938964844,26530600
2026-02-20,47.70695495605469,49.25,49.34000015258789,48.529998779296875,49.029998779296875,25456700
2026-02-23,48.12348175048828,49.68000030517578,50.47999954223633,49.25,49.349998474121094,30113000
2026-02-24,48.29784393310547,49.86000061035156,50.08000183105469,49.38999938964844,49.779998779296875,23816700
2026-02-25,47.68758010864258,49.22999954223633,49.849998474121094,49.16999816894531,49.650001525878906,21693000
2026-02-26,47.35823440551758,48.88999938964844,49.4900016784668,48.869998931884766,49.2599983215332,23662600
2026-02-27,48.569068908691406,50.13999938964844,50.150001525878906,49.22999954223633,49.36000061035156,34693500
2026-03-02,48.41408157348633,49.97999954223633,50.2599983215332,49.630001068115234,49.97999954223633,23725700
2026-03-03,49.27619934082031,50.869998931884766,51.099998474121094,49.369998931884766,49.72999954223633,31586900
2026-03-04,49.59585952758789,51.20000076293945,51.40999984741211,50.150001525878906,50.40999984741211,22816000
2026-03-05,49.57648849487305,51.18000030517578,51.31999969482422,50.34000015258789,50.970001220703125,27534300
2026-03-06,49.51836395263672,51.119998931884766,51.25,50.40999984741211,51.09000015258789,23562600
2026-03-09,48.86935806274414,50.45000076293945,51.099998474121094,50.36000061035156,51.0,29057400
2026-03-10,49.121212005615234,50.709999084472656,50.81999969482422,50.02000045776367,50.310001373291016,20031300
2026-03-11,49.0921516418457,50.68000030517578,50.880001068115234,50.060001373291016,50.880001068115234,21554200
2026-03-12,49.04371643066406,50.630001068115234,50.95000076293945,49.810001373291016,50.45000076293945,26296100
2026-03-13,49.77022171020508,51.380001068115234,51.66999816894531,50.95000076293945,50.95000076293945,21780900
2026-03-16,49.37306594848633,50.970001220703125,51.459999084472656,50.75,51.36000061035156,20017500
2026-03-17,48.937164306640625,50.52000045776367,51.29999923706055,50.36000061035156,51.29999923706055,23765200
2026-03-18,48.03630065917969,49.59000015258789,50.47999954223633,49.380001068115234,50.369998931884766,32972500
2026-03-19,47.929744720458984,49.47999954223633,50.290000915527344,48.90999984741211,49.59000015258789,31234700
2026-03-20,48.41408157348633,49.97999954223633,50.459999084472656,49.4900016784668,49.7400016784668,67321800
2026-03-23,48.99528503417969,50.58000183105469,50.75,49.619998931884766,50.040000915527344,26390300
2026-03-24,49.314945220947266,50.90999984741211,51.68000030517578,50.47999954223633,50.54999923706055,20264600
2026-03-25,48.79186248779297,50.369998931884766,50.83000183105469,50.290000915527344,50.650001525878906,21920200
2026-03-26,49.150272369384766,50.7400016784668,51.25,50.43000030517578,50.56999969482422,24423300
2026-03-27,48.733741760253906,50.310001373291016,51.45000076293945,50.279998779296875,51.0,26273400
2026-03-30,48.724056243896484,50.29999923706055,50.91999816894531,50.150001525878906,50.869998931884766,23797600
2026-03-31,48.62718963623047,50.20000076293945,50.54999923706055,49.7400016784668,50.54999923706055,30514900
2026-04-01,47.842567443847656,49.38999938964844,50.16999816894531,49.16999816894531,50.06999969482422,28398900
2026-04-02,47.852256774902344,49.400001525878906,49.900001525878906,49.279998779296875,49.810001373291016,22737800
2026-04-06,47.61008834838867,49.150001525878906,49.72999954223633,49.029998779296875,49.400001525878906,17542700
2026-04-07,47.0966911315918,48.619998931884766,49.22999954223633,48.529998779296875,49.099998474121094,21945900
2026-04-08,46.53486251831055,48.040000915527344,48.15999984741211,47.119998931884766,47.880001068115234,34143200
2026-04-09,46.28300857543945,47.779998779296875,48.16999816894531,47.2599983215332,47.810001373291016,29376900
2026-04-10,45.268306732177734,46.040000915527344,47.099998474121094,45.95000076293945,47.09000015258789,25248600
2026-04-13,44.658695220947266,45.41999816894531,46.09000015258789,45.040000915527344,46.09000015258789,32920900
2026-04-14,44.71769332885742,45.47999954223633,45.47999954223633,44.27000045776367,44.77000045776367,31187400
2026-04-15,44.27523422241211,45.029998779296875,45.38999938964844,44.93000030517578,45.33000183105469,26230300
2026-04-16,45.99590301513672,46.779998779296875,46.86000061035156,45.040000915527344,45.22999954223633,26004100
2026-04-17,45.76975631713867,46.54999923706055,46.88999938964844,46.08000183105469,46.11000061035156,20004700
2026-04-20,45.66160202026367,46.439998626708984,46.970001220703125,46.2599983215332,46.59000015258789,16608100
2026-04-21,45.49445343017578,46.27000045776367,47.02000045776367,46.130001068115234,46.52000045776367,28978400
2026-04-22,45.209312438964844,45.97999954223633,46.150001525878906,45.16999816894531,45.880001068115234,22129500
2026-04-23,46.42852783203125,47.220001220703125,47.52000045776367,46.29999923706055,46.47999954223633,22750200
2026-04-24,45.60260772705078,46.380001068115234,47.34000015258789,46.380001068115234,47.060001373291016,26602300
2026-04-27,46.31053924560547,47.099998474121094,48.650001525878906,46.7400016784668,47.43000030517578,37920100
2026-04-28,46.44819641113281,47.2400016784668,48.18000030517578,46.599998474121094,47.9900016784668,28369800
2026-04-29,45.82875442504883,46.61000061035156,47.529998779296875,46.2599983215332,47.18000030517578,24195700
2026-04-30,47.22494888305664,48.029998779296875,48.04999923706055,46.83000183105469,46.86000061035156,34708800
2026-05-01,47.303611755371094,48.11000061035156,48.4900016784668,47.810001373291016,48.290000915527344,24123000
2026-05-04,46.77266311645508,47.56999969482422,47.880001068115234,47.33000183105469,47.81999969482422,18080100
2026-05-05,46.54651641845703,47.34000015258789,47.790000915527344,47.20000076293945,47.540000915527344,15148100
2026-05-06,46.644840240478516,47.439998626708984,47.61000061035156,46.90999984741211,47.16999816894531,19336400
2026-05-07,46.30070877075195,47.09000015258789,47.650001525878906,47.060001373291016,47.22999954223633,18839600
2026-05-08,46.42852783203125,47.220001220703125,47.459999084472656,46.95000076293945,47.209999084472656,16349800
2026-05-11,46.43836212158203,47.22999954223633,47.9900016784668,46.970001220703125,47.5,18560100
2026-05-12,47.12662887573242,47.93000030517578,48.18000030517578,47.27000045776367,47.70000076293945,18131900
2026-05-13,46.41869354248047,47.209999084472656,48.279998779296875,47.16999816894531,47.88999938964844,21212800
2026-05-14,46.27121353149414,47.060001373291016,47.5,46.90999984741211,47.459999084472656,16585100
2026-05-15,45.5927734375,46.369998931884766,47.4900016784668,46.34000015258789,47.47999954223633,23356600
2026-05-18,45.97623825073242,46.7599983215332,47.02000045776367,45.810001373291016,46.599998474121094,25427400
2026-05-19,46.939815521240234,47.7400016784668,47.790000915527344,46.790000915527344,46.810001373291016,24593800
2026-05-20,47.018470764160156,47.81999969482422,48.09000015258789,47.4900016784668,47.72999954223633,16714600
2026-05-21,47.46092987060547,48.27000045776367,48.279998779296875,47.380001068115234,47.61000061035156,15841900
2026-05-22,47.53958511352539,48.349998474121094,48.52000045776367,48.04999923706055,48.5,14717700
2026-05-26,47.677242279052734,48.4900016784668,48.689998626708984,47.86000061035156,48.290000915527344,23013700
2026-05-27,47.431434631347656,48.2400016784668,48.959999084472656,48.119998931884766,48.43000030517578,15109800
2026-05-28,47.205284118652344,48.0099983215332,48.4900016784668,47.77000045776367,48.47999954223633,20714100
2026-05-29,47.00864028930664,47.810001373291016,48.15999984741211,47.34000015258789,48.060001373291016,40404700
2026-06-01,46.92998123168945,47.72999954223633,48.040000915527344,47.470001220703125,47.5,14647700
2026-06-02,47.067630767822266,47.869998931884766,48.13999938964844,47.27000045776367,47.779998779296875,14902900
2026-06-03,45.86808395385742,46.650001525878906,47.54999923706055,46.13999938964844,47.45000076293945,27861900
2026-06-04,44.117916107177734,44.869998931884766,47.34000015258789,44.29999923706055,47.13999938964844,33072500
2026-06-05,44.609535217285156,45.369998931884766,46.11000061035156,45.0,45.2400016784668,23121400
2026-06-08,44.67836380004883,45.439998626708984,45.83000183105469,45.099998474121094,45.29999923706055,18994700
2026-06-09,45.012664794921875,45.779998779296875,46.09000015258789,44.790000915527344,45.290000915527344,24758100
2026-06-10,46.163055419921875,46.95000076293945,47.029998779296875,45.95000076293945,46.459999084472656,25239500
2026-06-11,46.153221130371094,46.939998626708984,48.060001373291016,46.900001525878906,47.349998474121094,26889400
2026-06-12,47.303611755371094,48.11000061035156,48.209999084472656,47.0,47.40999984741211,21956900
2026-06-15,46.281044006347656,47.06999969482422,47.75,47.02000045776367,47.31999969482422,24208500
2026-06-16,45.946739196777344,46.72999954223633,47.400001525878906,46.310001373291016,47.099998474121094,20698400
2026-06-17,45.071659088134766,45.84000015258789,46.61000061035156,45.22999954223633,46.5099983215332,33481500
2026-06-18,44.609535217285156,45.369998931884766,46.060001373291016,45.36000061035156,45.790000915527344,66305300
2026-06-22,44.59970474243164,45.36000061035156,45.88999938964844,45.150001525878906,45.369998931884766,19293000
2026-06-23,45.946739196777344,46.72999954223633,46.849998474121094,45.400001525878906,45.709999084472656,23019100
2026-06-24,44.91434097290039,45.68000030517578,46.79999923706055,45.43000030517578,46.459999084472656,25280100
2026-06-25,45.29780197143555,46.06999969482422,46.2599983215332,45.33000183105469,45.540000915527344,17584000
2026-06-26,45.759925842285156,46.540000915527344,46.59000015258789,46.0,46.20000076293945,38132700
2026-06-29,43.36082077026367,44.099998474121094,45.849998474121094,42.779998779296875,45.56999969482422,55387600
2026-06-30,41.63032531738281,42.34000015258789,44.36000061035156,42.0,44.220001220703125,60542600
2026-07-01,41.28619384765625,41.9900016784668,42.79999923706055,41.4900016784668,42.38999938964844,57139600
2026-07-02,41.84663772583008,42.560001373291016,43.08000183105469,40.7599983215332,42.2400016784668,59019100
2026-07-06,41.36484909057617,42.06999969482422,43.15999984741211,41.630001068115234,42.900001525878906,55342900
2026-07-07,41.87613296508789,42.59000015258789,43.5,42.41999816894531,42.70000076293945,34682400
2026-07-08,41.73847961425781,42.45000076293945,43.2400016784668,42.25,42.47999954223633,23082100
2026-07-09,41.53200149536133,42.2400016784668,42.34000015258789,41.65999984741211,42.20000076293945,28215800
2026-07-10,42.119998931884766,42.119998931884766,42.439998626708984,41.34000015258789,41.61000061035156,27705400
2026-07-13,42.68000030517578,42.68000030517578,42.849998474121094,42.349998474121094,42.65999984741211,24782000
2026-07-14,42.470001220703125,42.470001220703125,42.810001373291016,42.209999084472656,42.63999938964844,17515400
2026-07-15,42.83000183105469,42.83000183105469,43.34000015258789,42.209999084472656,42.27000045776367,23029200
2026-07-16,43.880001068115234,43.880001068115234,44.220001220703125,42.88999938964844,43.0,25260300
2026-07-17,43.59000015258789,43.59000015258789,45.02000045776367,43.27000045776367,44.63999938964844,31014400
2026-07-20,43.5,43.5,43.65999984741211,43.13999938964844,43.279998779296875,21344400
2026-07-21,43.779998779296875,43.779998779296875,43.869998931884766,42.88999938964844,43.25,20340100
2026-07-22,44.290000915527344,44.290000915527344,45.119998931884766,44.15999984741211,45.040000915527344,23734300
2026-07-23,43.81999969482422,43.81999969482422,44.58000183105469,43.779998779296875,44.15999984741211,28013500
2026-07-24,46.380001068115234,46.380001068115234,46.439998626708984,43.72999954223633,44.08000183105469,40755200
2026-07-27,47.31999969482422,47.31999969482422,47.560001373291016,46.31999969482422,46.380001068115234,30409500
2026-07-28,48.189998626708984,48.189998626708984,49.0099983215332,47.79999923706055,47.849998474121094,29692600
2026-07-29,47.220001220703125,47.220001220703125,48.540000915527344,45.70000076293945,48.47999954223633,41396200
2026-07-30,46.11000061035156,46.11000061035156,47.09000015258789,45.72999954223633,46.400001525878906,20937900
2026-07-31,46.810001373291016,46.810001373291016,46.90999984741211,45.470001220703125,45.900001525878906,28291300
2026-08-03,47.36000061035156,47.36000061035156,47.810001373291016,47.150001525878906,47.31999969482422,23007900
2026-08-04,46.880001068115234,46.880001068115234,47.08000183105469,46.060001373291016,47.0,23748600
2026-08-05,46.470001220703125,46.470001220703125,46.90999984741211,45.09000015258789,46.0,39580600
2026-08-06,46.9900016784668,46.9900016784668,47.47999954223633,46.58000183105469,47.20000076293945,24297000
2026-08-07,47.060001373291016,47.060001373291016,47.060001373291016,46.09000015258789,46.34000015258789,20545000
2026-08-10,47.029998779296875,47.029998779296875,47.119998931884766,46.099998474121094,46.7400016784668,15462500
2026-08-11,47.27000045776367,47.27000045776367,47.45000076293945,46.79999923706055,46.900001525878906,13314600
2026-08-12,46.97999954223633,46.97999954223633,47.08000183105469,46.61000061035156,46.88999938964844,12120500
2026-08-13,48.220001220703125,48.220001220703125,48.2400016784668,47.0,47.029998779296875,17937300
2026-08-14,48.47999954223633,48.47999954223633,48.61000061035156,48.189998626708984,48.459999084472656,15062300
2026-08-17,48.060001373291016,48.060001373291016,48.68000030517578,48.0,48.2400016784668,14466200
2026-08-18,48.540000915527344,48.540000915527344,49.0099983215332,48.40999984741211,48.56999969482422,14376300
2026-08-19,49.36000061035156,49.36000061035156,49.599998474121094,48.59000015258789,48.599998474121094,17796000
2026-08-20,49.189998626708984,49.189998626708984,49.59000015258789,49.13999938964844,49.279998779296875,12546300
2026-08-21,49.45000076293945,49.45000076293945,49.720001220703125,49.16999816894531,49.369998931884766,15078100
2026-08-24,50.150001525878906,50.150001525878906,50.279998779296875,49.36000061035156,49.4900016784668,19498700
2026-08-25,50.25,50.25,50.33000183105469,49.790000915527344,50.0,21337600
2026-08-26,50.189998626708984,50.189998626708984,50.779998779296875,50.08000183105469,50.310001373291016,20720800
2026-08-27,49.43000030517578,49.43000030517578,49.900001525878906,49.119998931884766,49.560001373291016,16389700
2026-08-28,50.099998474121094,50.099998474121094,50.33000183105469,49.540000915527344,49.54999923706055,15790100
2026-08-31,50.02000045776367,50.02000045776367,50.540000915527344,49.90999984741211,50.060001373291016,21403000
2026-09-01,50.29999923706055,50.29999923706055,50.93000030517578,50.2400016784668,50.5,20187700
2026-09-02,50.220001220703125,50.220001220703125,50.84000015258789,50.150001525878906,50.5,18674600
2026-09-03,50.59000015258789,50.59000015258789,50.81999969482422,50.150001525878906,50.61000061035156,17998500
2026-09-04,50.13999938964844,50.13999938964844,50.709999084472656,50.08000183105469,50.54999923706055,13418500
2026-09-08,50.40999984741211,50.40999984741211,50.650001525878906,49.77000045776367,49.97999954223633,16036300
2026-09-09,49.7400016784668,49.7400016784668,50.290000915527344,48.81999969482422,50.189998626708984,22574700
2026-09-10,49.95000076293945,49.95000076293945,50.60499954223633,49.779998779296875,50.0099983215332,6055721
